Barcode,orig.ident,section_id,domains,sample_id,section,cca_clusters,seurat_clusters,sample_domain,ms_ve,domain_section
AAACAAGTATCTCCCA-1,XGE202122,VR03_S3,coleoptile,VR03,Section3,6,11,VR03_coleoptile,ground,coleoptile_Section3
AAACAGAGCGACTCCT-1,XGE202122,VR03_S4,coleoptile,VR03,Section4,1,6,VR03_coleoptile,ground,coleoptile_Section4
AAACAGTGTTCCTGGG-1,XGE202122,VR03_S1,coleoptile,VR03,Section1,1,12,VR03_coleoptile,ground,coleoptile_Section1
AAACATTTCCCGGATT-1,XGE202122,VR03_S3,coleoptile,VR03,Section3,11,3,VR03_coleoptile,ground,coleoptile_Section3
AAACCGGAAATGTTAA-1,XGE202122,VR03_S3,coleoptile,VR03,Section3,8,1,VR03_coleoptile,ground,coleoptile_Section3
AAACGCTGGGCACGAC-1,XGE202122,VR03_S3,coleoptile,VR03,Section3,10,17,VR03_coleoptile,ground,coleoptile_Section3
AAACGGGCGTACGGGT-1,XGE202122,VR03_S3,coleoptile,VR03,Section3,8,1,VR03_coleoptile,ground,coleoptile_Section3
AAACGGTTGCGAACTG-1,XGE202122,VR03_S1,coleoptile,VR03,Section1,29,12,VR03_coleoptile,ground,coleoptile_Section1
AAACTAACGTGGCGAC-1,XGE202122,VR03_S4,coleoptile,VR03,Section4,8,1,VR03_coleoptile,ground,coleoptile_Section4
AAAGAATGTGGACTAA-1,XGE202122,VR03_S3,coleoptile,VR03,Section3,21,21,VR03_coleoptile,ground,coleoptile_Section3
AAAGGCCCTATAATAC-1,XGE202122,VR03_S1,coleoptile,VR03,Section1,8,1,VR03_coleoptile,ground,coleoptile_Section1
AAAGGCTCTCGCGCCG-1,XGE202122,VR03_S1,coleoptile,VR03,Section1,5,26,VR03_coleoptile,ground,coleoptile_Section1
AAAGGGATGTAGCAAG-1,XGE202122,VR03_S2,coleoptile,VR03,Section2,5,2,VR03_coleoptile,ground,coleoptile_Section2
AAAGGGCAGCTTGAAT-1,XGE202122,VR03_S2,coleoptile,VR03,Section2,5,16,VR03_coleoptile,ground,coleoptile_Section2
AAAGGTAAGCTGTACC-1,XGE202122,VR03_S4,coleoptile,VR03,Section4,4,7,VR03_coleoptile,ground,coleoptile_Section4
AAAGTGCCATCAATTA-1,XGE202122,VR03_S3,coleoptile,VR03,Section3,1,12,VR03_coleoptile,ground,coleoptile_Section3
AAATAACCATACGGGA-1,XGE202122,VR03_S4,coleoptile,VR03,Section4,5,9,VR03_coleoptile,ground,coleoptile_Section4
AAATAAGGTAGTGCCC-1,XGE202122,VR03_S4,coleoptile,VR03,Section4,10,2,VR03_coleoptile,ground,coleoptile_Section4
AAATCTAGCCCTGCTA-1,XGE202122,VR03_S3,coleoptile,VR03,Section3,4,3,VR03_coleoptile,ground,coleoptile_Section3
AAATGATTCGATCAGC-1,XGE202122,VR03_S4,P4,VR03,Section4,15,18,VR03_P4,ground,P4_Section4
AAATGCTCGTTACGTT-1,XGE202122,VR03_S2,coleoptile,VR03,Section2,16,2,VR03_coleoptile,ground,coleoptile_Section2
AAATGGTCAATGTGCC-1,XGE202122,VR03_S2,coleoptile,VR03,Section2,19,7,VR03_coleoptile,ground,coleoptile_Section2
AAATTAACGGGTAGCT-1,XGE202122,VR03_S2,coleoptile,VR03,Section2,22,4,VR03_coleoptile,ground,coleoptile_Section2
AAATTACACGACTCTG-1,XGE202122,VR03_S4,coleoptile,VR03,Section4,6,11,VR03_coleoptile,ground,coleoptile_Section4
AAATTACCTATCGATG-1,XGE202122,VR03_S4,P5,VR03,Section4,3,0,VR03_P5,ground,P5_Section4
AACAACTGGTAGTTGC-1,XGE202122,VR03_S2,P4,VR03,Section2,9,8,VR03_P4,ground,P4_Section2
AACAATACATTGTCGA-1,XGE202122,VR03_S1,P4,VR03,Section1,7,18,VR03_P4,ground,P4_Section1
AACAGCTGTGTGGCAA-1,XGE202122,VR03_S1,coleoptile,VR03,Section1,18,7,VR03_coleoptile,ground,coleoptile_Section1
AACAGGATGGGCCGCG-1,XGE202122,VR03_S2,coleoptile,VR03,Section2,19,7,VR03_coleoptile,ground,coleoptile_Section2
AACATATCAACTGGTG-1,XGE202122,VR03_S4,P5,VR03,Section4,7,0,VR03_P5,ground,P5_Section4
AACATCGATACGTCTA-1,XGE202122,VR03_S4,P5,VR03,Section4,2,22,VR03_P5,ground,P5_Section4
AACATTGAAGTTGATC-1,XGE202122,VR03_S1,coleoptile,VR03,Section1,20,26,VR03_coleoptile,ground,coleoptile_Section1
AACATTGTGACTCGAG-1,XGE202122,VR03_S1,P4,VR03,Section1,9,8,VR03_P4,ground,P4_Section1
AACCATGGGATCGCTA-1,XGE202122,VR03_S2,coleoptile,VR03,Section2,5,30,VR03_coleoptile,ground,coleoptile_Section2
AACCCAGAGACGGAGA-1,XGE202122,VR03_S2,coleoptile,VR03,Section2,25,15,VR03_coleoptile,ground,coleoptile_Section2
AACCCGAGCAGAATCG-1,XGE202122,VR03_S3,P4,VR03,Section3,9,8,VR03_P4,ground,P4_Section3
AACCTTTACGACGTCT-1,XGE202122,VR03_S4,coleoptile,VR03,Section4,1,6,VR03_coleoptile,ground,coleoptile_Section4
AACGACCTCCTAGCCG-1,XGE202122,VR03_S3,coleoptile,VR03,Section3,4,12,VR03_coleoptile,ground,coleoptile_Section3
AACGATAGAAGGGCCG-1,XGE202122,VR03_S2,coleoptile,VR03,Section2,20,16,VR03_coleoptile,ground,coleoptile_Section2
AACGCATGATCTGGGT-1,XGE202122,VR03_S4,P1_P2,VR03,Section4,0,5,VR03_P1_P2,ground,P1_P2_Section4
AACGCGGTCTCCAGCC-1,XGE202122,VR03_S2,coleoptile,VR03,Section2,26,1,VR03_coleoptile,ground,coleoptile_Section2
AACGCTGTTGCTGAAA-1,XGE202122,VR03_S3,coleoptile,VR03,Section3,5,2,VR03_coleoptile,ground,coleoptile_Section3
AACGTCGCTGCACTTC-1,XGE202122,VR03_S3,coleoptile,VR03,Section3,22,1,VR03_coleoptile,ground,coleoptile_Section3
AACTAGGCTTGGGTGT-1,XGE202122,VR03_S1,coleoptile,VR03,Section1,16,9,VR03_coleoptile,ground,coleoptile_Section1
AACTCCAGAGCGTGTT-1,XGE202122,VR03_S3,coleoptile,VR03,Section3,5,2,VR03_coleoptile,ground,coleoptile_Section3
AACTCCTAATCCCATG-1,XGE202122,VR03_S4,coleoptile,VR03,Section4,16,30,VR03_coleoptile,ground,coleoptile_Section4
AACTCTCAGTGTGCTC-1,XGE202122,VR03_S1,coleoptile,VR03,Section1,22,19,VR03_coleoptile,ground,coleoptile_Section1
AACTGAGGTCAGCGTC-1,XGE202122,VR03_S4,coleoptile,VR03,Section4,8,1,VR03_coleoptile,ground,coleoptile_Section4
AACTTGCCCGTATGCA-1,XGE202122,VR03_S2,coleoptile,VR03,Section2,26,1,VR03_coleoptile,ground,coleoptile_Section2
AAGAAGGATCAGTTAG-1,XGE202122,VR03_S2,coleoptile,VR03,Section2,26,1,VR03_coleoptile,ground,coleoptile_Section2
AAGACATACGTGGTTT-1,XGE202122,VR03_S3,P5,VR03,Section3,7,0,VR03_P5,ground,P5_Section3
AAGACCCAACTGAACA-1,XGE202122,VR03_S1,P5,VR03,Section1,2,22,VR03_P5,ve,P5_Section1
AAGAGATGAATCGGTA-1,XGE202122,VR03_S2,coleoptile,VR03,Section2,12,4,VR03_coleoptile,ground,coleoptile_Section2
AAGAGGCCCTTTGGAA-1,XGE202122,VR03_S3,P3,VR03,Section3,0,18,VR03_P3,ground,P3_Section3
AAGATGGCACCGGACC-1,XGE202122,VR03_S1,P5,VR03,Section1,3,0,VR03_P5,ground,P5_Section1
AAGATTGGCGGAACGT-1,XGE202122,VR03_S4,coleoptile,VR03,Section4,14,3,VR03_coleoptile,ground,coleoptile_Section4
AAGCCACTTGCAGGTA-1,XGE202122,VR03_S1,coleoptile,VR03,Section1,5,9,VR03_coleoptile,ground,coleoptile_Section1
AAGCCGAAGCGGTTTA-1,XGE202122,VR03_S3,coleoptile,VR03,Section3,8,1,VR03_coleoptile,ground,coleoptile_Section3
AAGCCGCCGTGAAATC-1,XGE202122,VR03_S1,coleoptile,VR03,Section1,20,19,VR03_coleoptile,ground,coleoptile_Section1
AAGCCGGAGAGCAGGA-1,XGE202122,VR03_S3,coleoptile,VR03,Section3,14,7,VR03_coleoptile,ground,coleoptile_Section3
AAGCGGCGTCATGGGT-1,XGE202122,VR03_S4,coleoptile,VR03,Section4,10,2,VR03_coleoptile,ground,coleoptile_Section4
AAGCGTCCCTCATCGA-1,XGE202122,VR03_S1,coleoptile,VR03,Section1,18,6,VR03_coleoptile,ground,coleoptile_Section1
AAGGATGAGGGACCTC-1,XGE202122,VR03_S4,coleoptile,VR03,Section4,6,9,VR03_coleoptile,ground,coleoptile_Section4
AAGGCTGTGCTCATCG-1,XGE202122,VR03_S2,P5,VR03,Section2,7,0,VR03_P5,ground,P5_Section2
AAGGGACAGATTCTGT-1,XGE202122,VR03_S4,P5,VR03,Section4,25,15,VR03_P5,ground,P5_Section4
AAGGGACTATGCATTC-1,XGE202122,VR03_S1,coleoptile,VR03,Section1,22,19,VR03_coleoptile,ground,coleoptile_Section1
AAGTGAGTCGGGTTTA-1,XGE202122,VR03_S1,P4,VR03,Section1,0,18,VR03_P4,ground,P4_Section1
AAGTTCAGTCTGCGTA-1,XGE202122,VR03_S4,P1_P2,VR03,Section4,0,18,VR03_P1_P2,ground,P1_P2_Section4
AAGTTGTGATGTTATA-1,XGE202122,VR03_S3,P4,VR03,Section3,3,0,VR03_P4,ground,P4_Section3
AATAGAACAGAGTGGC-1,XGE202122,VR03_S1,coleoptile,VR03,Section1,22,1,VR03_coleoptile,ground,coleoptile_Section1
AATAGCTACCGCGTGC-1,XGE202122,VR03_S4,P4,VR03,Section4,15,18,VR03_P4,ground,P4_Section4
AATAGGCACGACCCTT-1,XGE202122,VR03_S1,coleoptile,VR03,Section1,32,24,VR03_coleoptile,ground,coleoptile_Section1
AATAGTCCGTCCCGAC-1,XGE202122,VR03_S1,coleoptile,VR03,Section1,19,26,VR03_coleoptile,ground,coleoptile_Section1
AATATCGAATCAATGC-1,XGE202122,VR03_S3,coleoptile,VR03,Section3,22,1,VR03_coleoptile,ground,coleoptile_Section3
AATATCGAGGGTTCTC-1,XGE202122,VR03_S4,P5,VR03,Section4,15,18,VR03_P5,ground,P5_Section4
AATCATGTAAAGACTC-1,XGE202122,VR03_S3,coleoptile,VR03,Section3,16,30,VR03_coleoptile,ground,coleoptile_Section3
AATCCAAGGGCCTGAG-1,XGE202122,VR03_S2,coleoptile,VR03,Section2,20,16,VR03_coleoptile,ground,coleoptile_Section2
AATCGGTATAGCCCTC-1,XGE202122,VR03_S3,coleoptile,VR03,Section3,19,12,VR03_coleoptile,ground,coleoptile_Section3
AATCTATGCCGGAGCC-1,XGE202122,VR03_S4,P5,VR03,Section4,15,24,VR03_P5,ground,P5_Section4
AATCTGCGTTGGGACG-1,XGE202122,VR03_S4,coleoptile,VR03,Section4,12,4,VR03_coleoptile,ground,coleoptile_Section4
AATGATGATACGCTAT-1,XGE202122,VR03_S4,P5,VR03,Section4,7,0,VR03_P5,ms,P5_Section4
AATGATGCGACTCCTG-1,XGE202122,VR03_S4,P4,VR03,Section4,7,18,VR03_P4,ground,P4_Section4
AATGCAACCGGGTACC-1,XGE202122,VR03_S2,coleoptile,VR03,Section2,27,2,VR03_coleoptile,ground,coleoptile_Section2
AATGCACCAAGCAATG-1,XGE202122,VR03_S4,P4,VR03,Section4,9,18,VR03_P4,ground,P4_Section4
AATGGTTCTCACAAGC-1,XGE202122,VR03_S2,P5,VR03,Section2,7,0,VR03_P5,ground,P5_Section2
AATGTGCTAATCTGAG-1,XGE202122,VR03_S1,P5,VR03,Section1,7,0,VR03_P5,ground,P5_Section1
AATGTTGTCGTGAGAC-1,XGE202122,VR03_S3,P5,VR03,Section3,3,0,VR03_P5,ground,P5_Section3
AATTCATAAGGGATCT-1,XGE202122,VR03_S4,P5,VR03,Section4,15,18,VR03_P5,ground,P5_Section4
AATTGCAGCAATCGAC-1,XGE202122,VR03_S3,P5,VR03,Section3,2,0,VR03_P5,ground,P5_Section3
AATTGTGGTTGCCAAA-1,XGE202122,VR03_S3,P5,VR03,Section3,2,0,VR03_P5,ms,P5_Section3
AATTTGGGACATAGTA-1,XGE202122,VR03_S4,coleoptile,VR03,Section4,16,30,VR03_coleoptile,ground,coleoptile_Section4
ACAAACTCCATCAGAG-1,XGE202122,VR03_S1,coleoptile,VR03,Section1,23,21,VR03_coleoptile,ground,coleoptile_Section1
ACAAAGCATGACCTAG-1,XGE202122,VR03_S3,coleoptile,VR03,Section3,11,6,VR03_coleoptile,ground,coleoptile_Section3
ACAAATTCAGATCTGA-1,XGE202122,VR03_S4,coleoptile,VR03,Section4,12,4,VR03_coleoptile,ground,coleoptile_Section4
ACAACGGTCCCTGCGA-1,XGE202122,VR03_S2,coleoptile,VR03,Section2,11,6,VR03_coleoptile,ground,coleoptile_Section2
ACAAGGACAAGAGGTT-1,XGE202122,VR03_S2,P5,VR03,Section2,7,0,VR03_P5,ve,P5_Section2
ACAATGAATACGGAGA-1,XGE202122,VR03_S1,coleoptile,VR03,Section1,12,11,VR03_coleoptile,ground,coleoptile_Section1
ACAATTGTGTCTCTTT-1,XGE202122,VR03_S3,coleoptile,VR03,Section3,6,4,VR03_coleoptile,ground,coleoptile_Section3
ACACAAAGACGGGTGG-1,XGE202122,VR03_S2,coleoptile,VR03,Section2,1,13,VR03_coleoptile,ground,coleoptile_Section2
ACACCACATAATTAGC-1,XGE202122,VR03_S4,coleoptile,VR03,Section4,16,27,VR03_coleoptile,ground,coleoptile_Section4
ACACCCAGCATGCAGC-1,XGE202122,VR03_S2,P4,VR03,Section2,13,23,VR03_P4,ground,P4_Section2
ACACCCGAGAAATCCG-1,XGE202122,VR03_S2,P4,VR03,Section2,28,10,VR03_P4,ve,P4_Section2
ACACCTTAAGTAGGGC-1,XGE202122,VR03_S2,P1_P2,VR03,Section2,0,5,VR03_P1_P2,ground,P1_P2_Section2
ACACGTAGGCCACAAG-1,XGE202122,VR03_S3,P4,VR03,Section3,13,18,VR03_P4,ground,P4_Section3
ACACTGATCAAGGTGT-1,XGE202122,VR03_S1,coleoptile,VR03,Section1,22,19,VR03_coleoptile,ground,coleoptile_Section1
ACACTGGGACAGTCGT-1,XGE202122,VR03_S3,P4,VR03,Section3,9,18,VR03_P4,ground,P4_Section3
ACAGCGACATTCTCAT-1,XGE202122,VR03_S3,coleoptile,VR03,Section3,25,15,VR03_coleoptile,ground,coleoptile_Section3
ACAGTATACCGTGGGA-1,XGE202122,VR03_S4,coleoptile,VR03,Section4,6,4,VR03_coleoptile,ground,coleoptile_Section4
ACATAATAAGGCGGTG-1,XGE202122,VR03_S2,coleoptile,VR03,Section2,26,1,VR03_coleoptile,ground,coleoptile_Section2
ACATCCCGGCCATACG-1,XGE202122,VR03_S1,coleoptile,VR03,Section1,5,26,VR03_coleoptile,ground,coleoptile_Section1
ACATTCGCGCGGAATA-1,XGE202122,VR03_S1,coleoptile,VR03,Section1,19,9,VR03_coleoptile,ground,coleoptile_Section1
ACCAAACACCCAGCGA-1,XGE202122,VR03_S4,coleoptile,VR03,Section4,15,13,VR03_coleoptile,ground,coleoptile_Section4
ACCAACACCACACACT-1,XGE202122,VR03_S4,P4,VR03,Section4,15,18,VR03_P4,ground,P4_Section4
ACCAACCGCACTCCAC-1,XGE202122,VR03_S3,coleoptile,VR03,Section3,11,6,VR03_coleoptile,ground,coleoptile_Section3
ACCAACGCTTATTTAT-1,XGE202122,VR03_S1,coleoptile,VR03,Section1,5,9,VR03_coleoptile,ground,coleoptile_Section1
ACCAAGAACGCGTGTC-1,XGE202122,VR03_S2,P5,VR03,Section2,2,22,VR03_P5,ground,P5_Section2
ACCAAGTCATCGGCAG-1,XGE202122,VR03_S3,coleoptile,VR03,Section3,14,12,VR03_coleoptile,ground,coleoptile_Section3
ACCACAAGTTTCTATC-1,XGE202122,VR03_S2,coleoptile,VR03,Section2,16,30,VR03_coleoptile,ground,coleoptile_Section2
ACCACCCTCTCTTCTA-1,XGE202122,VR03_S4,coleoptile,VR03,Section4,8,1,VR03_coleoptile,ground,coleoptile_Section4
ACCAGTGCCCGGTCAA-1,XGE202122,VR03_S4,coleoptile,VR03,Section4,19,7,VR03_coleoptile,ground,coleoptile_Section4
ACCCACCTACATGCTC-1,XGE202122,VR03_S2,coleoptile,VR03,Section2,26,1,VR03_coleoptile,ground,coleoptile_Section2
ACCCATTTGTCCCTCT-1,XGE202122,VR03_S3,P5,VR03,Section3,7,0,VR03_P5,ve,P5_Section3
ACCCGAGCGAAATTAC-1,XGE202122,VR03_S1,coleoptile,VR03,Section1,18,6,VR03_coleoptile,ground,coleoptile_Section1
ACCCGATTGGTTCCGA-1,XGE202122,VR03_S1,P5,VR03,Section1,17,10,VR03_P5,ve,P5_Section1
ACCCGGAGCACCACAA-1,XGE202122,VR03_S3,coleoptile,VR03,Section3,14,6,VR03_coleoptile,ground,coleoptile_Section3
ACCCGTAGTCTAGTTG-1,XGE202122,VR03_S3,P5,VR03,Section3,2,0,VR03_P5,ground,P5_Section3
ACCCGTGTCATCAGTA-1,XGE202122,VR03_S1,coleoptile,VR03,Section1,27,17,VR03_coleoptile,ground,coleoptile_Section1
ACCCTATGCCATATCG-1,XGE202122,VR03_S1,coleoptile,VR03,Section1,4,3,VR03_coleoptile,ground,coleoptile_Section1
ACCCTCCCGTCAGGGC-1,XGE202122,VR03_S3,coleoptile,VR03,Section3,12,19,VR03_coleoptile,ground,coleoptile_Section3
ACCCTGGTAACGCCCT-1,XGE202122,VR03_S4,coleoptile,VR03,Section4,15,13,VR03_coleoptile,ground,coleoptile_Section4
ACCGACACATCTCCCA-1,XGE202122,VR03_S1,coleoptile,VR03,Section1,26,1,VR03_coleoptile,ground,coleoptile_Section1
ACCGACTGAGTCCCAC-1,XGE202122,VR03_S2,coleoptile,VR03,Section2,26,1,VR03_coleoptile,ground,coleoptile_Section2
ACCGATAGGCATAACC-1,XGE202122,VR03_S3,P4,VR03,Section3,13,10,VR03_P4,ground,P4_Section3
ACCGATATTTAATCAT-1,XGE202122,VR03_S3,coleoptile,VR03,Section3,21,16,VR03_coleoptile,ground,coleoptile_Section3
ACCGCTAGTCATTGGT-1,XGE202122,VR03_S1,coleoptile,VR03,Section1,10,9,VR03_coleoptile,ground,coleoptile_Section1
ACCGTGACCACGTGGG-1,XGE202122,VR03_S1,P4,VR03,Section1,17,14,VR03_P4,ground,P4_Section1
ACCTACTATAAATCTA-1,XGE202122,VR03_S1,coleoptile,VR03,Section1,2,0,VR03_coleoptile,ground,coleoptile_Section1
ACCTCCGCCCTCGCTG-1,XGE202122,VR03_S3,P5,VR03,Section3,7,0,VR03_P5,ground,P5_Section3
ACCTCCGTTATTCACC-1,XGE202122,VR03_S4,coleoptile,VR03,Section4,16,27,VR03_coleoptile,ground,coleoptile_Section4
ACGACCCATGAGTTGC-1,XGE202122,VR03_S3,coleoptile,VR03,Section3,19,3,VR03_coleoptile,ground,coleoptile_Section3
ACGACTGGTCATACTC-1,XGE202122,VR03_S1,P4,VR03,Section1,7,0,VR03_P4,ground,P4_Section1
ACGAGTACGGATGCCC-1,XGE202122,VR03_S4,P5,VR03,Section4,17,10,VR03_P5,ground,P5_Section4
ACGATCATACATAGAG-1,XGE202122,VR03_S2,coleoptile,VR03,Section2,5,2,VR03_coleoptile,ground,coleoptile_Section2
ACGCAAACTAATAGAT-1,XGE202122,VR03_S1,P3,VR03,Section1,0,5,VR03_P3,ground,P3_Section1
ACGCAATCACTACAGC-1,XGE202122,VR03_S4,P5,VR03,Section4,7,0,VR03_P5,ground,P5_Section4
ACGCATACGTTTACTA-1,XGE202122,VR03_S3,P5,VR03,Section3,3,14,VR03_P5,ground,P5_Section3
ACGCCAGTGCGTTTGC-1,XGE202122,VR03_S3,coleoptile,VR03,Section3,22,19,VR03_coleoptile,ground,coleoptile_Section3
ACGCTACTGAATGGGC-1,XGE202122,VR03_S3,coleoptile,VR03,Section3,21,9,VR03_coleoptile,ground,coleoptile_Section3
ACGCTAGTGATACACT-1,XGE202122,VR03_S4,P5,VR03,Section4,17,10,VR03_P5,ve,P5_Section4
ACGGAATTTAGCAAAT-1,XGE202122,VR03_S2,coleoptile,VR03,Section2,10,30,VR03_coleoptile,ground,coleoptile_Section2
ACGGAGCGCAAATTAC-1,XGE202122,VR03_S4,P3,VR03,Section4,15,18,VR03_P3,ground,P3_Section4
ACGGCCAACATGGACT-1,XGE202122,VR03_S1,coleoptile,VR03,Section1,16,9,VR03_coleoptile,ground,coleoptile_Section1
ACGGGCGTATGCGACA-1,XGE202122,VR03_S4,coleoptile,VR03,Section4,20,16,VR03_coleoptile,ground,coleoptile_Section4
ACGTACTTTGGCACGG-1,XGE202122,VR03_S1,coleoptile,VR03,Section1,27,17,VR03_coleoptile,ground,coleoptile_Section1
ACGTTCACTATGCCGC-1,XGE202122,VR03_S1,coleoptile,VR03,Section1,19,30,VR03_coleoptile,ground,coleoptile_Section1
ACGTTCGCAATCAATT-1,XGE202122,VR03_S4,coleoptile,VR03,Section4,16,27,VR03_coleoptile,ground,coleoptile_Section4
ACGTTCGTTCAGGAAA-1,XGE202122,VR03_S1,P4,VR03,Section1,3,14,VR03_P4,ground,P4_Section1
ACGTTCTGTACAAGTC-1,XGE202122,VR03_S3,coleoptile,VR03,Section3,19,7,VR03_coleoptile,ground,coleoptile_Section3
ACGTTGTCGTTGAAAG-1,XGE202122,VR03_S1,coleoptile,VR03,Section1,16,9,VR03_coleoptile,ground,coleoptile_Section1
ACGTTTCGGTGCACTT-1,XGE202122,VR03_S3,coleoptile,VR03,Section3,21,9,VR03_coleoptile,ground,coleoptile_Section3
ACTAATACGTCAGGCG-1,XGE202122,VR03_S4,coleoptile,VR03,Section4,20,30,VR03_coleoptile,ground,coleoptile_Section4
ACTACAAAGAGAGGTG-1,XGE202122,VR03_S1,coleoptile,VR03,Section1,2,0,VR03_coleoptile,ground,coleoptile_Section1
ACTACCAGCTCTCTGG-1,XGE202122,VR03_S2,P3,VR03,Section2,13,5,VR03_P3,ground,P3_Section2
ACTACCATCCGAGGGC-1,XGE202122,VR03_S1,coleoptile,VR03,Section1,5,9,VR03_coleoptile,ground,coleoptile_Section1
ACTACGCGTTAGAATT-1,XGE202122,VR03_S1,coleoptile,VR03,Section1,25,15,VR03_coleoptile,ground,coleoptile_Section1
ACTAGTTGCGATCGTC-1,XGE202122,VR03_S3,coleoptile,VR03,Section3,6,11,VR03_coleoptile,ground,coleoptile_Section3
ACTATATGCTGTGTTC-1,XGE202122,VR03_S4,P5,VR03,Section4,2,15,VR03_P5,ground,P5_Section4
ACTATCTGCCCGCGTA-1,XGE202122,VR03_S3,coleoptile,VR03,Section3,14,3,VR03_coleoptile,ground,coleoptile_Section3
ACTATTTCCGGGCCCA-1,XGE202122,VR03_S1,P5,VR03,Section1,7,0,VR03_P5,ground,P5_Section1
ACTCCAATATCATCAT-1,XGE202122,VR03_S1,coleoptile,VR03,Section1,1,13,VR03_coleoptile,ground,coleoptile_Section1
ACTCCCGAATTCGTTT-1,XGE202122,VR03_S4,coleoptile,VR03,Section4,4,3,VR03_coleoptile,ground,coleoptile_Section4
ACTCGCCGTTCGATAA-1,XGE202122,VR03_S3,P4,VR03,Section3,17,10,VR03_P4,ground,P4_Section3
ACTCTGACCTAATAGA-1,XGE202122,VR03_S3,coleoptile,VR03,Section3,22,19,VR03_coleoptile,ground,coleoptile_Section3
ACTGAAACGCCGTTAG-1,XGE202122,VR03_S3,coleoptile,VR03,Section3,10,2,VR03_coleoptile,ground,coleoptile_Section3
ACTGCCCGCCATTCTC-1,XGE202122,VR03_S1,coleoptile,VR03,Section1,11,6,VR03_coleoptile,ground,coleoptile_Section1
ACTGGGATGCCAGTGC-1,XGE202122,VR03_S1,coleoptile,VR03,Section1,21,21,VR03_coleoptile,ground,coleoptile_Section1
ACTGTAGCACTTTGGA-1,XGE202122,VR03_S2,P4,VR03,Section2,9,8,VR03_P4,ground,P4_Section2
ACTGTATACGCGAGCA-1,XGE202122,VR03_S2,coleoptile,VR03,Section2,8,1,VR03_coleoptile,ground,coleoptile_Section2
ACTGTCCAGGATTATA-1,XGE202122,VR03_S2,coleoptile,VR03,Section2,5,9,VR03_coleoptile,ve,coleoptile_Section2
ACTGTCTTCTTTAGAA-1,XGE202122,VR03_S2,coleoptile,VR03,Section2,16,2,VR03_coleoptile,ground,coleoptile_Section2
ACTGTGCTAGTAGATC-1,XGE202122,VR03_S2,coleoptile,VR03,Section2,20,16,VR03_coleoptile,ground,coleoptile_Section2
ACTTACCGGGCGCGCA-1,XGE202122,VR03_S4,coleoptile,VR03,Section4,31,17,VR03_coleoptile,ground,coleoptile_Section4
ACTTAGTACGACAAGA-1,XGE202122,VR03_S2,coleoptile,VR03,Section2,27,2,VR03_coleoptile,ground,coleoptile_Section2
ACTTGGGACCCGGTGG-1,XGE202122,VR03_S2,P5,VR03,Section2,7,0,VR03_P5,ms,P5_Section2
ACTTGTGGATGGAACG-1,XGE202122,VR03_S3,coleoptile,VR03,Section3,14,3,VR03_coleoptile,ground,coleoptile_Section3
ACTTTACCCTCATGAA-1,XGE202122,VR03_S4,coleoptile,VR03,Section4,5,2,VR03_coleoptile,ground,coleoptile_Section4
ACTTTCCTATAGCTTC-1,XGE202122,VR03_S2,coleoptile,VR03,Section2,10,2,VR03_coleoptile,ground,coleoptile_Section2
ACTTTGTCGACGCACT-1,XGE202122,VR03_S3,coleoptile,VR03,Section3,1,3,VR03_coleoptile,ground,coleoptile_Section3
AGAAATTATGACTCGC-1,XGE202122,VR03_S3,coleoptile,VR03,Section3,14,3,VR03_coleoptile,ground,coleoptile_Section3
AGAATGCGGGTTCGGA-1,XGE202122,VR03_S4,coleoptile,VR03,Section4,11,3,VR03_coleoptile,ground,coleoptile_Section4
AGAATTATGGATTCGA-1,XGE202122,VR03_S4,coleoptile,VR03,Section4,16,7,VR03_coleoptile,ground,coleoptile_Section4
AGAATTGTTTGACATA-1,XGE202122,VR03_S2,coleoptile,VR03,Section2,16,2,VR03_coleoptile,ground,coleoptile_Section2
AGACAGGCATCTCAGC-1,XGE202122,VR03_S3,coleoptile,VR03,Section3,22,4,VR03_coleoptile,ground,coleoptile_Section3
AGACCATGGGATACAA-1,XGE202122,VR03_S2,coleoptile,VR03,Section2,4,30,VR03_coleoptile,ground,coleoptile_Section2
AGACCCGCCCTCCTCG-1,XGE202122,VR03_S2,co_v,VR03,Section2,30,25,VR03_co_v,ground,co_v_Section2
AGACCGCTCCGCGGTT-1,XGE202122,VR03_S3,coleoptile,VR03,Section3,21,16,VR03_coleoptile,ground,coleoptile_Section3
AGACGCCCACTTCGCC-1,XGE202122,VR03_S3,P5,VR03,Section3,7,0,VR03_P5,ms,P5_Section3
AGACGGGCCGATTTAA-1,XGE202122,VR03_S4,coleoptile,VR03,Section4,5,2,VR03_coleoptile,ground,coleoptile_Section4
AGACTAGCCTTCCAGA-1,XGE202122,VR03_S2,P4,VR03,Section2,9,8,VR03_P4,ground,P4_Section2
AGACTGTTACCGGGTC-1,XGE202122,VR03_S1,P1_P2,VR03,Section1,0,5,VR03_P1_P2,ground,P1_P2_Section1
AGAGAAACACCAGAAA-1,XGE202122,VR03_S1,P5,VR03,Section1,7,0,VR03_P5,ms,P5_Section1
AGAGAACCGTCTAGGA-1,XGE202122,VR03_S4,coleoptile,VR03,Section4,19,7,VR03_coleoptile,ground,coleoptile_Section4
AGAGAAGGAGTACAAT-1,XGE202122,VR03_S1,coleoptile,VR03,Section1,11,3,VR03_coleoptile,ground,coleoptile_Section1
AGAGCCGCCGAGATTT-1,XGE202122,VR03_S3,P4,VR03,Section3,9,18,VR03_P4,ground,P4_Section3
AGAGCGTACAAGCTCG-1,XGE202122,VR03_S2,coleoptile,VR03,Section2,4,7,VR03_coleoptile,ground,coleoptile_Section2
AGAGGCTTCGGAAACC-1,XGE202122,VR03_S3,coleoptile,VR03,Section3,5,2,VR03_coleoptile,ground,coleoptile_Section3
AGATAACTTCAGGGCC-1,XGE202122,VR03_S2,coleoptile,VR03,Section2,1,6,VR03_coleoptile,ground,coleoptile_Section2
AGATACCAATAGAACC-1,XGE202122,VR03_S3,P1_P2,VR03,Section3,0,5,VR03_P1_P2,ve,P1_P2_Section3
AGATACCAGCACTTCA-1,XGE202122,VR03_S4,coleoptile,VR03,Section4,6,4,VR03_coleoptile,ground,coleoptile_Section4
AGATACGACTTCATAT-1,XGE202122,VR03_S2,coleoptile,VR03,Section2,11,3,VR03_coleoptile,ground,coleoptile_Section2
AGATCGTGCATAAGAT-1,XGE202122,VR03_S4,P3,VR03,Section4,13,18,VR03_P3,ground,P3_Section4
AGATGAGGGTTGCGAT-1,XGE202122,VR03_S4,P5,VR03,Section4,2,18,VR03_P5,ground,P5_Section4
AGATGATGGAGTCTGG-1,XGE202122,VR03_S4,coleoptile,VR03,Section4,5,4,VR03_coleoptile,ground,coleoptile_Section4
AGCACACGTTTAGACT-1,XGE202122,VR03_S1,coleoptile,VR03,Section1,18,26,VR03_coleoptile,ground,coleoptile_Section1
AGCACCAGTACTCACG-1,XGE202122,VR03_S2,coleoptile,VR03,Section2,16,2,VR03_coleoptile,ground,coleoptile_Section2
AGCACTTAAGGACGCC-1,XGE202122,VR03_S2,coleoptile,VR03,Section2,14,3,VR03_coleoptile,ground,coleoptile_Section2
AGCAGCCAGATGAATA-1,XGE202122,VR03_S1,coleoptile,VR03,Section1,5,26,VR03_coleoptile,ground,coleoptile_Section1
AGCATTACGAGGCAAG-1,XGE202122,VR03_S3,P5,VR03,Section3,2,0,VR03_P5,ground,P5_Section3
AGCCAAGCTTTGTGTC-1,XGE202122,VR03_S1,P5,VR03,Section1,2,22,VR03_P5,ground,P5_Section1
AGCCACAGGTTACCCG-1,XGE202122,VR03_S3,coleoptile,VR03,Section3,8,19,VR03_coleoptile,ground,coleoptile_Section3
AGCCCGCAACAAGCAG-1,XGE202122,VR03_S1,P5,VR03,Section1,7,0,VR03_P5,ground,P5_Section1
AGCCCGCACTACAATG-1,XGE202122,VR03_S3,coleoptile,VR03,Section3,21,21,VR03_coleoptile,ground,coleoptile_Section3
AGCCCGGCATTAGAGG-1,XGE202122,VR03_S1,coleoptile,VR03,Section1,20,26,VR03_coleoptile,ground,coleoptile_Section1
AGCCCGGTAGCCTGTA-1,XGE202122,VR03_S1,P4,VR03,Section1,13,18,VR03_P4,ground,P4_Section1
AGCCCTCCCTGGTGGC-1,XGE202122,VR03_S1,coleoptile,VR03,Section1,11,6,VR03_coleoptile,ground,coleoptile_Section1
AGCCCTTCTAATCCGA-1,XGE202122,VR03_S4,P3,VR03,Section4,13,18,VR03_P3,ground,P3_Section4
AGCCCTTGGACATCCC-1,XGE202122,VR03_S3,P5,VR03,Section3,7,0,VR03_P5,ms,P5_Section3
AGCGACATCCCATTCA-1,XGE202122,VR03_S2,coleoptile,VR03,Section2,8,1,VR03_coleoptile,ground,coleoptile_Section2
AGCGAGACGTGAAGGC-1,XGE202122,VR03_S1,coleoptile,VR03,Section1,12,19,VR03_coleoptile,ground,coleoptile_Section1
AGCGATGCGCCTAATA-1,XGE202122,VR03_S3,P3,VR03,Section3,0,5,VR03_P3,ground,P3_Section3
AGCGCATAATGAATCG-1,XGE202122,VR03_S1,coleoptile,VR03,Section1,10,26,VR03_coleoptile,ground,coleoptile_Section1
AGCGCGGGTGCCAATG-1,XGE202122,VR03_S4,P5,VR03,Section4,3,0,VR03_P5,ground,P5_Section4
AGCGCTTATGGGCAAG-1,XGE202122,VR03_S4,coleoptile,VR03,Section4,16,30,VR03_coleoptile,ground,coleoptile_Section4
AGCGGACACTTCGTAG-1,XGE202122,VR03_S1,coleoptile,VR03,Section1,4,7,VR03_coleoptile,ground,coleoptile_Section1
AGCGGGAAGGGTCCAT-1,XGE202122,VR03_S2,coleoptile,VR03,Section2,4,3,VR03_coleoptile,ground,coleoptile_Section2
AGCGGTTGCCGCTCTG-1,XGE202122,VR03_S4,coleoptile,VR03,Section4,15,13,VR03_coleoptile,ground,coleoptile_Section4
AGCTAACAAGCAATGT-1,XGE202122,VR03_S1,P5,VR03,Section1,3,18,VR03_P5,ground,P5_Section1
AGCTAAGCTCCGTCCG-1,XGE202122,VR03_S1,coleoptile,VR03,Section1,32,24,VR03_coleoptile,ground,coleoptile_Section1
AGCTAGAAGCAGAAGT-1,XGE202122,VR03_S4,P1_P2,VR03,Section4,0,18,VR03_P1_P2,ground,P1_P2_Section4
AGCTCCATATATGTTC-1,XGE202122,VR03_S3,P4,VR03,Section3,9,18,VR03_P4,ground,P4_Section3
AGCTCTTCCCAGTGCA-1,XGE202122,VR03_S4,coleoptile,VR03,Section4,18,26,VR03_coleoptile,ground,coleoptile_Section4
AGCTGAAGTAAACCAA-1,XGE202122,VR03_S4,coleoptile,VR03,Section4,22,19,VR03_coleoptile,ground,coleoptile_Section4
AGCTTCTTCTCGAGCA-1,XGE202122,VR03_S3,coleoptile,VR03,Section3,19,21,VR03_coleoptile,ground,coleoptile_Section3
AGGAACGAACGACTTC-1,XGE202122,VR03_S3,P5,VR03,Section3,7,0,VR03_P5,ground,P5_Section3
AGGAAGCTGTCCGCCG-1,XGE202122,VR03_S1,coleoptile,VR03,Section1,6,4,VR03_coleoptile,ground,coleoptile_Section1
AGGACATCGCACGTCG-1,XGE202122,VR03_S2,P5,VR03,Section2,17,0,VR03_P5,ve,P5_Section2
AGGACATCGGCACACT-1,XGE202122,VR03_S3,co_v,VR03,Section3,30,25,VR03_co_v,ground,co_v_Section3
AGGACGCTCGATGTTG-1,XGE202122,VR03_S4,P4,VR03,Section4,15,18,VR03_P4,ground,P4_Section4
AGGAGGCCTTCGCGCG-1,XGE202122,VR03_S3,coleoptile,VR03,Section3,5,2,VR03_coleoptile,ground,coleoptile_Section3
AGGATTGCTTACGACA-1,XGE202122,VR03_S4,coleoptile,VR03,Section4,26,1,VR03_coleoptile,ground,coleoptile_Section4
AGGCACGTGACTGTCC-1,XGE202122,VR03_S3,P4,VR03,Section3,3,18,VR03_P4,ground,P4_Section3
AGGCAGATGCGTAAAC-1,XGE202122,VR03_S4,coleoptile,VR03,Section4,21,9,VR03_coleoptile,ground,coleoptile_Section4
AGGCAGGGAGCGTACT-1,XGE202122,VR03_S1,P5,VR03,Section1,7,0,VR03_P5,ground,P5_Section1
AGGCCACCCGTTATGA-1,XGE202122,VR03_S2,P5,VR03,Section2,7,0,VR03_P5,ms,P5_Section2
AGGCCCATTGTACAGG-1,XGE202122,VR03_S2,coleoptile,VR03,Section2,12,4,VR03_coleoptile,ground,coleoptile_Section2
AGGCCTATCATACCAA-1,XGE202122,VR03_S1,coleoptile,VR03,Section1,29,12,VR03_coleoptile,ground,coleoptile_Section1
AGGCGATAACTGGCGT-1,XGE202122,VR03_S3,coleoptile,VR03,Section3,1,6,VR03_coleoptile,ground,coleoptile_Section3
AGGCGTCTATGGACGG-1,XGE202122,VR03_S4,P5,VR03,Section4,2,22,VR03_P5,ground,P5_Section4
AGGCTATGGTTAGCTT-1,XGE202122,VR03_S2,coleoptile,VR03,Section2,4,3,VR03_coleoptile,ground,coleoptile_Section2
AGGGAAACGAGGTACT-1,XGE202122,VR03_S4,coleoptile,VR03,Section4,16,30,VR03_coleoptile,ground,coleoptile_Section4
AGGGACTCTACGCGAC-1,XGE202122,VR03_S1,coleoptile,VR03,Section1,10,9,VR03_coleoptile,ground,coleoptile_Section1
AGGGAGACATACTTCG-1,XGE202122,VR03_S4,coleoptile,VR03,Section4,31,2,VR03_coleoptile,ground,coleoptile_Section4
AGGGCCCTAATGTTCT-1,XGE202122,VR03_S3,P5,VR03,Section3,2,0,VR03_P5,ground,P5_Section3
AGGGCGTGATCGGCTA-1,XGE202122,VR03_S2,P5,VR03,Section2,2,8,VR03_P5,ground,P5_Section2
AGGGTCAGTAACCCTA-1,XGE202122,VR03_S4,coleoptile,VR03,Section4,15,13,VR03_coleoptile,ground,coleoptile_Section4
AGGGTCTGGACGCAGT-1,XGE202122,VR03_S3,coleoptile,VR03,Section3,1,12,VR03_coleoptile,ground,coleoptile_Section3
AGGGTGCCGTTCTTTA-1,XGE202122,VR03_S1,P4,VR03,Section1,7,0,VR03_P4,ground,P4_Section1
AGGGTTCAGACGGTCC-1,XGE202122,VR03_S1,P4,VR03,Section1,9,8,VR03_P4,ground,P4_Section1
AGGTAACCTCCTATTC-1,XGE202122,VR03_S2,coleoptile,VR03,Section2,4,3,VR03_coleoptile,ground,coleoptile_Section2
AGGTAGATCGAGATAT-1,XGE202122,VR03_S1,P4,VR03,Section1,13,23,VR03_P4,ground,P4_Section1
AGGTATAATTGATAGT-1,XGE202122,VR03_S4,coleoptile,VR03,Section4,26,1,VR03_coleoptile,ground,coleoptile_Section4
AGGTCGCCTCCCAACA-1,XGE202122,VR03_S3,P5,VR03,Section3,17,10,VR03_P5,ground,P5_Section3
AGGTCGCGGAGTTACT-1,XGE202122,VR03_S4,P4,VR03,Section4,3,18,VR03_P4,ground,P4_Section4
AGGTGCACGTCCACAT-1,XGE202122,VR03_S3,coleoptile,VR03,Section3,19,21,VR03_coleoptile,ground,coleoptile_Section3
AGGTGGTGACCTTCGC-1,XGE202122,VR03_S1,P5,VR03,Section1,7,0,VR03_P5,ground,P5_Section1
AGGTGTTGCCGACCAC-1,XGE202122,VR03_S3,coleoptile,VR03,Section3,27,12,VR03_coleoptile,ground,coleoptile_Section3
AGTAACTATAGCAGCC-1,XGE202122,VR03_S3,coleoptile,VR03,Section3,19,7,VR03_coleoptile,ground,coleoptile_Section3
AGTACATCATTTATCA-1,XGE202122,VR03_S4,co_v,VR03,Section4,30,25,VR03_co_v,ground,co_v_Section4
AGTACCTTCGAGTGCT-1,XGE202122,VR03_S4,coleoptile,VR03,Section4,22,19,VR03_coleoptile,ground,coleoptile_Section4
AGTACTCTTATGCCCA-1,XGE202122,VR03_S3,coleoptile,VR03,Section3,26,1,VR03_coleoptile,ground,coleoptile_Section3
AGTAGGAAGGAAGTTG-1,XGE202122,VR03_S4,P4,VR03,Section4,2,18,VR03_P4,ground,P4_Section4
AGTAGGTAACATACAT-1,XGE202122,VR03_S2,coleoptile,VR03,Section2,12,4,VR03_coleoptile,ground,coleoptile_Section2
AGTATAATACTAGGCA-1,XGE202122,VR03_S2,P5,VR03,Section2,7,0,VR03_P5,ms,P5_Section2
AGTATACACAGCGACA-1,XGE202122,VR03_S1,P3,VR03,Section1,0,5,VR03_P3,ground,P3_Section1
AGTATTTGGCACGACC-1,XGE202122,VR03_S1,co_v,VR03,Section1,27,17,VR03_co_v,ground,co_v_Section1
AGTCAAATGATGTGAT-1,XGE202122,VR03_S1,P4,VR03,Section1,13,0,VR03_P4,ground,P4_Section1
AGTCACTAGCTCTCGA-1,XGE202122,VR03_S3,coleoptile,VR03,Section3,16,30,VR03_coleoptile,ground,coleoptile_Section3
AGTCAGCCACCGCCTG-1,XGE202122,VR03_S2,coleoptile,VR03,Section2,10,2,VR03_coleoptile,ground,coleoptile_Section2
AGTCCCGCCTTTAATT-1,XGE202122,VR03_S4,P5,VR03,Section4,7,18,VR03_P5,ground,P5_Section4
AGTCGTCGACCACCAA-1,XGE202122,VR03_S3,coleoptile,VR03,Section3,5,2,VR03_coleoptile,ground,coleoptile_Section3
AGTCTAAAGTATACTC-1,XGE202122,VR03_S4,co_v,VR03,Section4,24,20,VR03_co_v,ground,co_v_Section4
AGTGAAGATGGTGTCC-1,XGE202122,VR03_S4,coleoptile,VR03,Section4,8,1,VR03_coleoptile,ground,coleoptile_Section4
AGTGACTGTGACACAA-1,XGE202122,VR03_S1,coleoptile,VR03,Section1,1,13,VR03_coleoptile,ground,coleoptile_Section1
AGTGAGCCTCGCCGCC-1,XGE202122,VR03_S4,coleoptile,VR03,Section4,25,15,VR03_coleoptile,ground,coleoptile_Section4
AGTGATAACCTGCGCG-1,XGE202122,VR03_S3,coleoptile,VR03,Section3,16,27,VR03_coleoptile,ground,coleoptile_Section3
AGTGCACGCTTAAGAA-1,XGE202122,VR03_S3,coleoptile,VR03,Section3,5,2,VR03_coleoptile,ground,coleoptile_Section3
AGTGCTAAACACAGCA-1,XGE202122,VR03_S3,coleoptile,VR03,Section3,5,16,VR03_coleoptile,ground,coleoptile_Section3
AGTGTATTGCGCATTG-1,XGE202122,VR03_S4,P5,VR03,Section4,7,0,VR03_P5,ground,P5_Section4
AGTGTGGTCTATTGTG-1,XGE202122,VR03_S2,coleoptile,VR03,Section2,6,4,VR03_coleoptile,ground,coleoptile_Section2
AGTTACTCTATCGTGG-1,XGE202122,VR03_S4,coleoptile,VR03,Section4,19,17,VR03_coleoptile,ground,coleoptile_Section4
AGTTCCTACAGAATTA-1,XGE202122,VR03_S2,P5,VR03,Section2,2,22,VR03_P5,ground,P5_Section2
AGTTGACGGTCCTTGC-1,XGE202122,VR03_S1,coleoptile,VR03,Section1,21,16,VR03_coleoptile,ground,coleoptile_Section1
AGTTGGCAAGGCTAGA-1,XGE202122,VR03_S3,P5,VR03,Section3,3,0,VR03_P5,ground,P5_Section3
AGTTTATGTAAAGACA-1,XGE202122,VR03_S4,coleoptile,VR03,Section4,26,1,VR03_coleoptile,ground,coleoptile_Section4
ATAAACGTTGCACCAC-1,XGE202122,VR03_S3,P4,VR03,Section3,9,18,VR03_P4,ground,P4_Section3
ATAAAGGCTCGGTCGT-1,XGE202122,VR03_S2,coleoptile,VR03,Section2,5,11,VR03_coleoptile,ground,coleoptile_Section2
ATAAGTAGGATTCAGA-1,XGE202122,VR03_S4,P5,VR03,Section4,7,0,VR03_P5,ground,P5_Section4
ATAATAGTGTAGGGAC-1,XGE202122,VR03_S2,co_v,VR03,Section2,24,20,VR03_co_v,ground,co_v_Section2
ATAATTAGCTAAGTAG-1,XGE202122,VR03_S1,coleoptile,VR03,Section1,21,16,VR03_coleoptile,ground,coleoptile_Section1
ATACCGTCATCCATAA-1,XGE202122,VR03_S4,coleoptile,VR03,Section4,33,7,VR03_coleoptile,ground,coleoptile_Section4
ATACCTAACCAAGAAA-1,XGE202122,VR03_S1,coleoptile,VR03,Section1,12,4,VR03_coleoptile,ground,coleoptile_Section1
ATACGAGGTTTGTAAG-1,XGE202122,VR03_S1,coleoptile,VR03,Section1,22,19,VR03_coleoptile,ground,coleoptile_Section1
ATACGTTATGCACGGA-1,XGE202122,VR03_S1,coleoptile,VR03,Section1,19,3,VR03_coleoptile,ground,coleoptile_Section1
ATACTACCCGTACCAC-1,XGE202122,VR03_S3,P4,VR03,Section3,28,10,VR03_P4,ve,P4_Section3
ATACTAGCATGACCCT-1,XGE202122,VR03_S2,coleoptile,VR03,Section2,20,16,VR03_coleoptile,ground,coleoptile_Section2
ATAGACAACGGGACCT-1,XGE202122,VR03_S4,coleoptile,VR03,Section4,14,3,VR03_coleoptile,ground,coleoptile_Section4
ATAGACGAAGAGAAAG-1,XGE202122,VR03_S2,coleoptile,VR03,Section2,4,3,VR03_coleoptile,ground,coleoptile_Section2
ATAGAGTACTGGGACA-1,XGE202122,VR03_S2,P4,VR03,Section2,28,10,VR03_P4,ground,P4_Section2
ATAGCAACTAGGGAAG-1,XGE202122,VR03_S3,coleoptile,VR03,Section3,1,13,VR03_coleoptile,ground,coleoptile_Section3
ATAGCCATAACAGTCA-1,XGE202122,VR03_S3,coleoptile,VR03,Section3,19,21,VR03_coleoptile,ground,coleoptile_Section3
ATAGGCTAGCTTCGCA-1,XGE202122,VR03_S4,P4,VR03,Section4,17,10,VR03_P4,ground,P4_Section4
ATAGGTTGGGCAGATG-1,XGE202122,VR03_S2,coleoptile,VR03,Section2,5,2,VR03_coleoptile,ground,coleoptile_Section2
ATATAACACGGGCGCA-1,XGE202122,VR03_S3,coleoptile,VR03,Section3,21,4,VR03_coleoptile,ground,coleoptile_Section3
ATATACGCTCGTGACG-1,XGE202122,VR03_S3,P1_P2,VR03,Section3,0,5,VR03_P1_P2,ground,P1_P2_Section3
ATATCGTTCCTCGAAC-1,XGE202122,VR03_S3,coleoptile,VR03,Section3,10,2,VR03_coleoptile,ground,coleoptile_Section3
ATATGGGATAGCAACT-1,XGE202122,VR03_S1,coleoptile,VR03,Section1,14,12,VR03_coleoptile,ground,coleoptile_Section1
ATATTGCTGTCAAAGT-1,XGE202122,VR03_S2,co_v,VR03,Section2,30,25,VR03_co_v,ground,co_v_Section2
ATATTTAACCCTCAAG-1,XGE202122,VR03_S2,coleoptile,VR03,Section2,16,13,VR03_coleoptile,ground,coleoptile_Section2
ATCAAGATCCCAGGAC-1,XGE202122,VR03_S1,coleoptile,VR03,Section1,21,21,VR03_coleoptile,ground,coleoptile_Section1
ATCAGGTCGCCATTGC-1,XGE202122,VR03_S4,coleoptile,VR03,Section4,16,30,VR03_coleoptile,ground,coleoptile_Section4
ATCAGTAGGCAGGGAT-1,XGE202122,VR03_S4,coleoptile,VR03,Section4,19,7,VR03_coleoptile,ground,coleoptile_Section4
ATCATAGATCGACGAG-1,XGE202122,VR03_S1,coleoptile,VR03,Section1,19,7,VR03_coleoptile,ground,coleoptile_Section1
ATCATAGCCCTATGTA-1,XGE202122,VR03_S3,P3,VR03,Section3,0,5,VR03_P3,ground,P3_Section3
ATCCAACGCAGTCATA-1,XGE202122,VR03_S2,P4,VR03,Section2,9,8,VR03_P4,ground,P4_Section2
ATCCCATTTCCGTGGG-1,XGE202122,VR03_S1,coleoptile,VR03,Section1,21,21,VR03_coleoptile,ground,coleoptile_Section1
ATCCGGACCAGCCTGA-1,XGE202122,VR03_S3,co_v,VR03,Section3,24,20,VR03_co_v,ground,co_v_Section3
ATCGACTCTTTCCGTT-1,XGE202122,VR03_S2,coleoptile,VR03,Section2,5,2,VR03_coleoptile,ground,coleoptile_Section2
ATCGCACGCCGGGAGA-1,XGE202122,VR03_S2,coleoptile,VR03,Section2,27,17,VR03_coleoptile,ground,coleoptile_Section2
ATCGCCGTGGTTCATG-1,XGE202122,VR03_S3,coleoptile,VR03,Section3,23,9,VR03_coleoptile,ground,coleoptile_Section3
ATCGCTGCGTGCAGCA-1,XGE202122,VR03_S4,P5,VR03,Section4,28,0,VR03_P5,ground,P5_Section4
ATCGGCAAGCAGTCCA-1,XGE202122,VR03_S4,P4,VR03,Section4,9,18,VR03_P4,ground,P4_Section4
ATCGTGGAAAGTCTGG-1,XGE202122,VR03_S1,coleoptile,VR03,Section1,22,19,VR03_coleoptile,ground,coleoptile_Section1
ATCGTTAGCTAGCGGA-1,XGE202122,VR03_S3,co_v,VR03,Section3,30,25,VR03_co_v,ground,co_v_Section3
ATCGTTCACTTTCGCC-1,XGE202122,VR03_S4,coleoptile,VR03,Section4,10,2,VR03_coleoptile,ground,coleoptile_Section4
ATCTCCCACGGAATAT-1,XGE202122,VR03_S3,P1_P2,VR03,Section3,0,5,VR03_P1_P2,ground,P1_P2_Section3
ATCTGACATGGAAGGA-1,XGE202122,VR03_S1,P1_P2,VR03,Section1,0,5,VR03_P1_P2,ground,P1_P2_Section1
ATCTGCACCTCTGCGA-1,XGE202122,VR03_S4,P5,VR03,Section4,25,15,VR03_P5,ground,P5_Section4
ATCTGCTGTTATCGCC-1,XGE202122,VR03_S1,P5,VR03,Section1,17,0,VR03_P5,ground,P5_Section1
ATCTTATCGCACACCC-1,XGE202122,VR03_S3,P4,VR03,Section3,13,8,VR03_P4,ground,P4_Section3
ATCTTGACCTGCAACG-1,XGE202122,VR03_S2,P3,VR03,Section2,28,10,VR03_P3,ground,P3_Section2
ATCTTGACTTGTCCAA-1,XGE202122,VR03_S4,coleoptile,VR03,Section4,23,30,VR03_coleoptile,ground,coleoptile_Section4
ATCTTTCGTATAACCA-1,XGE202122,VR03_S4,coleoptile,VR03,Section4,12,4,VR03_coleoptile,ground,coleoptile_Section4
ATGAAGCCAAGGAGCC-1,XGE202122,VR03_S2,P1_P2,VR03,Section2,0,5,VR03_P1_P2,ground,P1_P2_Section2
ATGACGCCGGCTCTAA-1,XGE202122,VR03_S2,coleoptile,VR03,Section2,8,1,VR03_coleoptile,ground,coleoptile_Section2
ATGACTATCAGCTGTG-1,XGE202122,VR03_S1,P1_P2,VR03,Section1,0,5,VR03_P1_P2,ground,P1_P2_Section1
ATGATCGGGAATAGAC-1,XGE202122,VR03_S2,coleoptile,VR03,Section2,33,16,VR03_coleoptile,ground,coleoptile_Section2
ATGCACTACCGCATTG-1,XGE202122,VR03_S2,P4,VR03,Section2,13,8,VR03_P4,ground,P4_Section2
ATGCATGATCCAGGAT-1,XGE202122,VR03_S2,coleoptile,VR03,Section2,16,27,VR03_coleoptile,ground,coleoptile_Section2
ATGCCAATCGCTCTGC-1,XGE202122,VR03_S4,P4,VR03,Section4,2,22,VR03_P4,ground,P4_Section4
ATGCGACAATTGGTCC-1,XGE202122,VR03_S4,coleoptile,VR03,Section4,33,6,VR03_coleoptile,ground,coleoptile_Section4
ATGCTCAGTGTTGCAT-1,XGE202122,VR03_S2,coleoptile,VR03,Section2,11,6,VR03_coleoptile,ground,coleoptile_Section2
ATGGACTGCTTAGTTG-1,XGE202122,VR03_S1,coleoptile,VR03,Section1,23,9,VR03_coleoptile,ground,coleoptile_Section1
ATGGATTGACCAAACG-1,XGE202122,VR03_S2,coleoptile,VR03,Section2,10,2,VR03_coleoptile,ground,coleoptile_Section2
ATGGCTGGAAATGGCC-1,XGE202122,VR03_S4,coleoptile,VR03,Section4,5,2,VR03_coleoptile,ground,coleoptile_Section4
ATGGGTGTATACCTCC-1,XGE202122,VR03_S1,coleoptile,VR03,Section1,20,11,VR03_coleoptile,ground,coleoptile_Section1
ATGTAAGGCTGCTCTT-1,XGE202122,VR03_S4,coleoptile,VR03,Section4,10,2,VR03_coleoptile,ground,coleoptile_Section4
ATGTACATGCGGTGAG-1,XGE202122,VR03_S3,P1_P2,VR03,Section3,0,5,VR03_P1_P2,ground,P1_P2_Section3
ATGTACGATGACGTCG-1,XGE202122,VR03_S1,coleoptile,VR03,Section1,6,4,VR03_coleoptile,ground,coleoptile_Section1
ATGTCTTGTTTGACTC-1,XGE202122,VR03_S1,coleoptile,VR03,Section1,10,9,VR03_coleoptile,ground,coleoptile_Section1
ATGTGCATCCGACGCA-1,XGE202122,VR03_S2,coleoptile,VR03,Section2,1,6,VR03_coleoptile,ground,coleoptile_Section2
ATGTTACGAGCAATAC-1,XGE202122,VR03_S2,coleoptile,VR03,Section2,10,2,VR03_coleoptile,ground,coleoptile_Section2
ATGTTGTAGTCTGTTT-1,XGE202122,VR03_S1,P1_P2,VR03,Section1,0,5,VR03_P1_P2,ground,P1_P2_Section1
ATTACAACTACCGGCC-1,XGE202122,VR03_S4,coleoptile,VR03,Section4,16,27,VR03_coleoptile,ground,coleoptile_Section4
ATTACATGTCAGTCTT-1,XGE202122,VR03_S3,coleoptile,VR03,Section3,6,4,VR03_coleoptile,ground,coleoptile_Section3
ATTACGACTCCACAGT-1,XGE202122,VR03_S4,coleoptile,VR03,Section4,26,1,VR03_coleoptile,ground,coleoptile_Section4
ATTACTAGCCTCTTGC-1,XGE202122,VR03_S2,P4,VR03,Section2,13,8,VR03_P4,ms,P4_Section2
ATTACTTACTGGGCAT-1,XGE202122,VR03_S4,P1_P2,VR03,Section4,0,5,VR03_P1_P2,ground,P1_P2_Section4
ATTAGATTCCTCAGCA-1,XGE202122,VR03_S4,P4,VR03,Section4,17,10,VR03_P4,ground,P4_Section4
ATTAGATTGATAGCGG-1,XGE202122,VR03_S2,P4,VR03,Section2,9,8,VR03_P4,ground,P4_Section2
ATTATAGCTACTTTAC-1,XGE202122,VR03_S4,coleoptile,VR03,Section4,8,27,VR03_coleoptile,ground,coleoptile_Section4
ATTATCGGAATGTACG-1,XGE202122,VR03_S1,coleoptile,VR03,Section1,29,12,VR03_coleoptile,ground,coleoptile_Section1
ATTATGCCATAGGGAG-1,XGE202122,VR03_S2,P5,VR03,Section2,7,0,VR03_P5,ms,P5_Section2
ATTATTATGTCCGTCA-1,XGE202122,VR03_S1,P5,VR03,Section1,3,14,VR03_P5,ground,P5_Section1
ATTATTCAGAGTCACT-1,XGE202122,VR03_S3,coleoptile,VR03,Section3,23,7,VR03_coleoptile,ground,coleoptile_Section3
ATTCAACCATTTAAGG-1,XGE202122,VR03_S3,P5,VR03,Section3,17,18,VR03_P5,ve,P5_Section3
ATTCAGGACCTATTTC-1,XGE202122,VR03_S4,P3,VR03,Section4,13,18,VR03_P3,ground,P3_Section4
ATTCATCGTTGAGGCA-1,XGE202122,VR03_S3,coleoptile,VR03,Section3,26,1,VR03_coleoptile,ground,coleoptile_Section3
ATTCCTAAGACGTGGA-1,XGE202122,VR03_S4,P5,VR03,Section4,2,22,VR03_P5,ground,P5_Section4
ATTCCTCCGCCAGTGC-1,XGE202122,VR03_S2,P3,VR03,Section2,0,5,VR03_P3,ground,P3_Section2
ATTGAAGATCTTAGTG-1,XGE202122,VR03_S2,coleoptile,VR03,Section2,25,15,VR03_coleoptile,ground,coleoptile_Section2
ATTGACCGGCGATGAC-1,XGE202122,VR03_S4,P5,VR03,Section4,25,15,VR03_P5,ground,P5_Section4
ATTGATGAGTCCTAAC-1,XGE202122,VR03_S4,coleoptile,VR03,Section4,5,4,VR03_coleoptile,ground,coleoptile_Section4
ATTGCCTATTAGACCG-1,XGE202122,VR03_S1,coleoptile,VR03,Section1,20,26,VR03_coleoptile,ground,coleoptile_Section1
ATTGCGATCAGTAACT-1,XGE202122,VR03_S3,coleoptile,VR03,Section3,5,11,VR03_coleoptile,ground,coleoptile_Section3
ATTGCTGCTCCTCCAT-1,XGE202122,VR03_S2,coleoptile,VR03,Section2,21,9,VR03_coleoptile,ground,coleoptile_Section2
ATTGGATTACAGCGTA-1,XGE202122,VR03_S3,coleoptile,VR03,Section3,1,6,VR03_coleoptile,ground,coleoptile_Section3
ATTGGTTGTGCATTAC-1,XGE202122,VR03_S3,coleoptile,VR03,Section3,22,19,VR03_coleoptile,ground,coleoptile_Section3
ATTGTCTGTTTCATGT-1,XGE202122,VR03_S1,coleoptile,VR03,Section1,29,12,VR03_coleoptile,ground,coleoptile_Section1
ATTGTGACTTCGCTGC-1,XGE202122,VR03_S4,coleoptile,VR03,Section4,4,7,VR03_coleoptile,ground,coleoptile_Section4
ATTGTTCAACGATCCG-1,XGE202122,VR03_S3,coleoptile,VR03,Section3,8,1,VR03_coleoptile,ground,coleoptile_Section3
ATTTAACTCGTATTAC-1,XGE202122,VR03_S2,coleoptile,VR03,Section2,20,16,VR03_coleoptile,ground,coleoptile_Section2
ATTTACAGTTTACTGG-1,XGE202122,VR03_S2,P5,VR03,Section2,2,22,VR03_P5,ground,P5_Section2
ATTTACTAAGTCCATT-1,XGE202122,VR03_S4,coleoptile,VR03,Section4,10,2,VR03_coleoptile,ground,coleoptile_Section4
ATTTCCGGGTTCTGCG-1,XGE202122,VR03_S1,coleoptile,VR03,Section1,21,9,VR03_coleoptile,ground,coleoptile_Section1
CAAACGGTCGCACTTT-1,XGE202122,VR03_S2,P5,VR03,Section2,17,10,VR03_P5,ve,P5_Section2
CAAAGATTATTGGGCC-1,XGE202122,VR03_S1,coleoptile,VR03,Section1,8,1,VR03_coleoptile,ground,coleoptile_Section1
CAAATTGGATTATGCC-1,XGE202122,VR03_S4,coleoptile,VR03,Section4,11,3,VR03_coleoptile,ground,coleoptile_Section4
CAACCAGTGGCCTACC-1,XGE202122,VR03_S3,P3,VR03,Section3,13,8,VR03_P3,ground,P3_Section3
CAACCTACCGAGCAGT-1,XGE202122,VR03_S3,P4,VR03,Section3,15,18,VR03_P4,ve,P4_Section3
CAACGACCCGTTTACA-1,XGE202122,VR03_S2,P4,VR03,Section2,17,10,VR03_P4,ground,P4_Section2
CAACGATCGATCCAAT-1,XGE202122,VR03_S3,coleoptile,VR03,Section3,8,1,VR03_coleoptile,ground,coleoptile_Section3
CAACGCGATGAGCCAA-1,XGE202122,VR03_S1,coleoptile,VR03,Section1,19,17,VR03_coleoptile,ground,coleoptile_Section1
CAACGTGGTGGAGTCT-1,XGE202122,VR03_S3,P5,VR03,Section3,7,0,VR03_P5,ve,P5_Section3
CAACTCCTTGATCCCG-1,XGE202122,VR03_S2,P4,VR03,Section2,28,10,VR03_P4,ve,P4_Section2
CAACTGCTCATCCGAT-1,XGE202122,VR03_S1,coleoptile,VR03,Section1,1,6,VR03_coleoptile,ground,coleoptile_Section1
CAAGCAACGTCGGAGT-1,XGE202122,VR03_S2,coleoptile,VR03,Section2,14,3,VR03_coleoptile,ground,coleoptile_Section2
CAAGGCCAGTGGTGCA-1,XGE202122,VR03_S3,coleoptile,VR03,Section3,1,13,VR03_coleoptile,ground,coleoptile_Section3
CAAGGTCCTATAGGCT-1,XGE202122,VR03_S4,coleoptile,VR03,Section4,6,4,VR03_coleoptile,ground,coleoptile_Section4
CAAGTAAGTGATAGAC-1,XGE202122,VR03_S1,P5,VR03,Section1,17,10,VR03_P5,ground,P5_Section1
CAATATTCTTGACCTA-1,XGE202122,VR03_S1,coleoptile,VR03,Section1,5,9,VR03_coleoptile,ground,coleoptile_Section1
CAATCCCTATACCAGC-1,XGE202122,VR03_S4,coleoptile,VR03,Section4,6,30,VR03_coleoptile,ground,coleoptile_Section4
CAATCCTGCCGTGGAG-1,XGE202122,VR03_S2,coleoptile,VR03,Section2,8,27,VR03_coleoptile,ground,coleoptile_Section2
CAATGACCCTTAATTT-1,XGE202122,VR03_S1,coleoptile,VR03,Section1,22,19,VR03_coleoptile,ground,coleoptile_Section1
CAATGAGGTTCGACTA-1,XGE202122,VR03_S4,coleoptile,VR03,Section4,12,27,VR03_coleoptile,ground,coleoptile_Section4
CAATGGAATCTACATA-1,XGE202122,VR03_S4,coleoptile,VR03,Section4,10,2,VR03_coleoptile,ground,coleoptile_Section4
CAATTAAGGGTGATGA-1,XGE202122,VR03_S2,coleoptile,VR03,Section2,16,27,VR03_coleoptile,ground,coleoptile_Section2
CACAAACCGCAGAACT-1,XGE202122,VR03_S3,coleoptile,VR03,Section3,4,12,VR03_coleoptile,ground,coleoptile_Section3
CACAAGAAAGATATTA-1,XGE202122,VR03_S4,coleoptile,VR03,Section4,11,3,VR03_coleoptile,ground,coleoptile_Section4
CACACAGGGATAGATT-1,XGE202122,VR03_S2,coleoptile,VR03,Section2,5,16,VR03_coleoptile,ground,coleoptile_Section2
CACAGCACCCACGGCA-1,XGE202122,VR03_S2,coleoptile,VR03,Section2,5,9,VR03_coleoptile,ground,coleoptile_Section2
CACAGCTAGGGAGTGA-1,XGE202122,VR03_S2,coleoptile,VR03,Section2,20,16,VR03_coleoptile,ground,coleoptile_Section2
CACAGGGCCATATAGT-1,XGE202122,VR03_S3,co_v,VR03,Section3,24,20,VR03_co_v,ground,co_v_Section3
CACAGGGCCGTTGTCA-1,XGE202122,VR03_S1,coleoptile,VR03,Section1,11,3,VR03_coleoptile,ground,coleoptile_Section1
CACAGTCCCGCTTCGC-1,XGE202122,VR03_S3,P1_P2,VR03,Section3,15,18,VR03_P1_P2,ground,P1_P2_Section3
CACATTCTTTCGATGG-1,XGE202122,VR03_S4,coleoptile,VR03,Section4,14,3,VR03_coleoptile,ground,coleoptile_Section4
CACCATGATCGCAAAG-1,XGE202122,VR03_S4,coleoptile,VR03,Section4,6,4,VR03_coleoptile,ground,coleoptile_Section4
CACCCAAATCTTATGT-1,XGE202122,VR03_S4,coleoptile,VR03,Section4,26,1,VR03_coleoptile,ground,coleoptile_Section4
CACCCACGAGGCAATT-1,XGE202122,VR03_S4,coleoptile,VR03,Section4,5,11,VR03_coleoptile,ground,coleoptile_Section4
CACCCGCGTTTGACAC-1,XGE202122,VR03_S3,coleoptile,VR03,Section3,33,21,VR03_coleoptile,ground,coleoptile_Section3
CACCGATGATGGGTAC-1,XGE202122,VR03_S3,coleoptile,VR03,Section3,11,12,VR03_coleoptile,ground,coleoptile_Section3
CACCGCCAGAAGGTTT-1,XGE202122,VR03_S2,coleoptile,VR03,Section2,24,20,VR03_coleoptile,ground,coleoptile_Section2
CACCGCGTCCACTCTA-1,XGE202122,VR03_S4,P4,VR03,Section4,7,18,VR03_P4,ground,P4_Section4
CACCGGAGATATCTCC-1,XGE202122,VR03_S4,coleoptile,VR03,Section4,26,1,VR03_coleoptile,ground,coleoptile_Section4
CACCGTATCCCATCCG-1,XGE202122,VR03_S3,coleoptile,VR03,Section3,14,7,VR03_coleoptile,ground,coleoptile_Section3
CACCTAATAGAGTCGT-1,XGE202122,VR03_S2,coleoptile,VR03,Section2,10,2,VR03_coleoptile,ground,coleoptile_Section2
CACCTTGCGAAACTCG-1,XGE202122,VR03_S4,coleoptile,VR03,Section4,22,19,VR03_coleoptile,ground,coleoptile_Section4
CACGACGTAATAGTAA-1,XGE202122,VR03_S4,coleoptile,VR03,Section4,8,1,VR03_coleoptile,ground,coleoptile_Section4
CACGCAGCGAGGCTTT-1,XGE202122,VR03_S2,P5,VR03,Section2,2,18,VR03_P5,ground,P5_Section2
CACGGCGCGCCAAAGG-1,XGE202122,VR03_S4,P4,VR03,Section4,2,18,VR03_P4,ground,P4_Section4
CACGTCTATGATGTGG-1,XGE202122,VR03_S4,coleoptile,VR03,Section4,16,30,VR03_coleoptile,ground,coleoptile_Section4
CACGTTTCGTACACAC-1,XGE202122,VR03_S3,coleoptile,VR03,Section3,16,2,VR03_coleoptile,ground,coleoptile_Section3
CACTAAAGTTGCCTAT-1,XGE202122,VR03_S2,coleoptile,VR03,Section2,6,4,VR03_coleoptile,ground,coleoptile_Section2
CACTACGGGAGCTGCC-1,XGE202122,VR03_S3,P3,VR03,Section3,0,5,VR03_P3,ground,P3_Section3
CACTCCTATGTAAGAT-1,XGE202122,VR03_S1,coleoptile,VR03,Section1,4,7,VR03_coleoptile,ground,coleoptile_Section1
CACTCTCAAGCATCGA-1,XGE202122,VR03_S1,P4,VR03,Section1,17,10,VR03_P4,ve,P4_Section1
CACTCTTCTGCTAGCC-1,XGE202122,VR03_S3,P5,VR03,Section3,7,0,VR03_P5,ground,P5_Section3
CACTGACGATTGTGGA-1,XGE202122,VR03_S1,P4,VR03,Section1,17,10,VR03_P4,ground,P4_Section1
CACTGTCCAAGTGAGA-1,XGE202122,VR03_S2,P3,VR03,Section2,0,5,VR03_P3,ground,P3_Section2
CACTTAATCAGACGGA-1,XGE202122,VR03_S2,coleoptile,VR03,Section2,5,11,VR03_coleoptile,ground,coleoptile_Section2
CACTTCGCCACAGGCT-1,XGE202122,VR03_S2,coleoptile,VR03,Section2,25,15,VR03_coleoptile,ve,coleoptile_Section2
CAGAATAACACACGGA-1,XGE202122,VR03_S3,P5,VR03,Section3,7,0,VR03_P5,ms,P5_Section3
CAGACACCGATCGCTG-1,XGE202122,VR03_S1,coleoptile,VR03,Section1,5,9,VR03_coleoptile,ground,coleoptile_Section1
CAGACCTGTAAGTGTT-1,XGE202122,VR03_S4,coleoptile,VR03,Section4,4,3,VR03_coleoptile,ground,coleoptile_Section4
CAGAGCGATGGATGCT-1,XGE202122,VR03_S3,coleoptile,VR03,Section3,31,17,VR03_coleoptile,ground,coleoptile_Section3
CAGAGGCGATGCATGA-1,XGE202122,VR03_S1,coleoptile,VR03,Section1,5,9,VR03_coleoptile,ground,coleoptile_Section1
CAGATACTAACATAGT-1,XGE202122,VR03_S2,P3,VR03,Section2,0,5,VR03_P3,ground,P3_Section2
CAGATCATTTAAAGTC-1,XGE202122,VR03_S4,P3,VR03,Section4,0,18,VR03_P3,ground,P3_Section4
CAGCAGTCCAGACTAT-1,XGE202122,VR03_S3,coleoptile,VR03,Section3,12,4,VR03_coleoptile,ground,coleoptile_Section3
CAGCCTCGATAGCGGT-1,XGE202122,VR03_S3,coleoptile,VR03,Section3,29,12,VR03_coleoptile,ground,coleoptile_Section3
CAGCCTCTCCTCAAGA-1,XGE202122,VR03_S4,P5,VR03,Section4,15,18,VR03_P5,ground,P5_Section4
CAGCGATTCCCTTCAA-1,XGE202122,VR03_S1,coleoptile,VR03,Section1,16,9,VR03_coleoptile,ground,coleoptile_Section1
CAGCTCACTGAGACAT-1,XGE202122,VR03_S2,coleoptile,VR03,Section2,21,9,VR03_coleoptile,ground,coleoptile_Section2
CAGCTCGACAAGTTAA-1,XGE202122,VR03_S4,coleoptile,VR03,Section4,21,16,VR03_coleoptile,ground,coleoptile_Section4
CAGCTCGTGCTTGTGT-1,XGE202122,VR03_S2,coleoptile,VR03,Section2,15,13,VR03_coleoptile,ground,coleoptile_Section2
CAGCTCTGGGCTCACT-1,XGE202122,VR03_S1,coleoptile,VR03,Section1,24,17,VR03_coleoptile,ground,coleoptile_Section1
CAGGAAGACTTTATAT-1,XGE202122,VR03_S4,coleoptile,VR03,Section4,22,19,VR03_coleoptile,ground,coleoptile_Section4
CAGTAACTATTTATTG-1,XGE202122,VR03_S4,P1_P2,VR03,Section4,0,5,VR03_P1_P2,ground,P1_P2_Section4
CAGTAATCCCTCCCAG-1,XGE202122,VR03_S2,coleoptile,VR03,Section2,20,30,VR03_coleoptile,ground,coleoptile_Section2
CAGTACATTCTCTAAA-1,XGE202122,VR03_S4,SAM,VR03,Section4,0,5,VR03_SAM,ground,SAM_Section4
CAGTAGCCCACGCGGT-1,XGE202122,VR03_S4,P5,VR03,Section4,29,15,VR03_P5,ground,P5_Section4
CAGTCGAGGATGCAAT-1,XGE202122,VR03_S4,P4,VR03,Section4,17,10,VR03_P4,ground,P4_Section4
CAGTGGTTGCACATGA-1,XGE202122,VR03_S2,coleoptile,VR03,Section2,8,27,VR03_coleoptile,ground,coleoptile_Section2
CAGTGTCCGCAGAATG-1,XGE202122,VR03_S2,coleoptile,VR03,Section2,1,6,VR03_coleoptile,ground,coleoptile_Section2
CAGTGTCGGCTGGCCC-1,XGE202122,VR03_S3,coleoptile,VR03,Section3,26,1,VR03_coleoptile,ground,coleoptile_Section3
CAGTTCAAATTGACAC-1,XGE202122,VR03_S2,P5,VR03,Section2,7,0,VR03_P5,ve,P5_Section2
CAGTTCCGCGGGTCGA-1,XGE202122,VR03_S2,coleoptile,VR03,Section2,8,1,VR03_coleoptile,ground,coleoptile_Section2
CATACAAAGCCGAACC-1,XGE202122,VR03_S2,coleoptile,VR03,Section2,4,3,VR03_coleoptile,ground,coleoptile_Section2
CATACACGGTTCCCAC-1,XGE202122,VR03_S1,P5,VR03,Section1,7,0,VR03_P5,ms,P5_Section1
CATACGAACTAGCTGG-1,XGE202122,VR03_S1,P5,VR03,Section1,7,0,VR03_P5,ground,P5_Section1
CATAGCGTTGCCCACC-1,XGE202122,VR03_S1,coleoptile,VR03,Section1,5,9,VR03_coleoptile,ground,coleoptile_Section1
CATAGTAGCATAGTAG-1,XGE202122,VR03_S2,P3,VR03,Section2,0,5,VR03_P3,ground,P3_Section2
CATAGTCAAATACATA-1,XGE202122,VR03_S3,coleoptile,VR03,Section3,12,4,VR03_coleoptile,ground,coleoptile_Section3
CATAGTGGGCACGCCT-1,XGE202122,VR03_S3,coleoptile,VR03,Section3,23,9,VR03_coleoptile,ground,coleoptile_Section3
CATATACTACTGATAA-1,XGE202122,VR03_S4,P1_P2,VR03,Section4,0,18,VR03_P1_P2,ground,P1_P2_Section4
CATCAAACTGGCGCCC-1,XGE202122,VR03_S4,coleoptile,VR03,Section4,6,4,VR03_coleoptile,ground,coleoptile_Section4
CATCATTACCCTGAGG-1,XGE202122,VR03_S3,coleoptile,VR03,Section3,5,2,VR03_coleoptile,ground,coleoptile_Section3
CATCCCGAGATTCATA-1,XGE202122,VR03_S3,P5,VR03,Section3,2,0,VR03_P5,ground,P5_Section3
CATCCTCTCAAAGATC-1,XGE202122,VR03_S3,coleoptile,VR03,Section3,5,2,VR03_coleoptile,ground,coleoptile_Section3
CATCGCCCGCGGCCAA-1,XGE202122,VR03_S2,coleoptile,VR03,Section2,1,6,VR03_coleoptile,ground,coleoptile_Section2
CATCTATCCCGTGTCT-1,XGE202122,VR03_S4,P3,VR03,Section4,0,18,VR03_P3,ground,P3_Section4
CATGAACCGACATTTG-1,XGE202122,VR03_S2,coleoptile,VR03,Section2,12,4,VR03_coleoptile,ground,coleoptile_Section2
CATGAGTCCATCACGG-1,XGE202122,VR03_S1,coleoptile,VR03,Section1,5,9,VR03_coleoptile,ground,coleoptile_Section1
CATGATCGCTTTGAGA-1,XGE202122,VR03_S3,P4,VR03,Section3,3,0,VR03_P4,ground,P4_Section3
CATGCGACCAGTTTAA-1,XGE202122,VR03_S4,P4,VR03,Section4,3,18,VR03_P4,ground,P4_Section4
CATGCGTTGAGAGGAG-1,XGE202122,VR03_S1,coleoptile,VR03,Section1,29,12,VR03_coleoptile,ground,coleoptile_Section1
CATGGAAATGGGACCA-1,XGE202122,VR03_S4,coleoptile,VR03,Section4,8,1,VR03_coleoptile,ground,coleoptile_Section4
CATGGATTGTCTTCCG-1,XGE202122,VR03_S3,coleoptile,VR03,Section3,27,6,VR03_coleoptile,ground,coleoptile_Section3
CATGGCAGGAAGATCG-1,XGE202122,VR03_S2,coleoptile,VR03,Section2,6,16,VR03_coleoptile,ground,coleoptile_Section2
CATGGGTCGGGTGTGG-1,XGE202122,VR03_S4,coleoptile,VR03,Section4,5,9,VR03_coleoptile,ground,coleoptile_Section4
CATGGTCTAGATACCG-1,XGE202122,VR03_S2,coleoptile,VR03,Section2,16,27,VR03_coleoptile,ground,coleoptile_Section2
CATGGTTTATTAATCA-1,XGE202122,VR03_S3,coleoptile,VR03,Section3,19,12,VR03_coleoptile,ground,coleoptile_Section3
CATGTAAGAGACATTT-1,XGE202122,VR03_S3,coleoptile,VR03,Section3,16,27,VR03_coleoptile,ground,coleoptile_Section3
CATGTAGGAGCGCCAA-1,XGE202122,VR03_S4,P5,VR03,Section4,2,0,VR03_P5,ground,P5_Section4
CATTACATAGATTGTG-1,XGE202122,VR03_S4,coleoptile,VR03,Section4,5,2,VR03_coleoptile,ground,coleoptile_Section4
CATTACGCAGGAAGGG-1,XGE202122,VR03_S3,coleoptile,VR03,Section3,22,1,VR03_coleoptile,ground,coleoptile_Section3
CATTATGCTTGTTGTG-1,XGE202122,VR03_S2,P5,VR03,Section2,28,10,VR03_P5,ground,P5_Section2
CATTCGTCGTAGCGGT-1,XGE202122,VR03_S3,P5,VR03,Section3,2,15,VR03_P5,ground,P5_Section3
CATTGATGAACACGCC-1,XGE202122,VR03_S4,coleoptile,VR03,Section4,20,16,VR03_coleoptile,ground,coleoptile_Section4
CATTGCGGGTCAATTC-1,XGE202122,VR03_S4,coleoptile,VR03,Section4,11,3,VR03_coleoptile,ground,coleoptile_Section4
CATTTAGCGGACCATG-1,XGE202122,VR03_S4,coleoptile,VR03,Section4,12,9,VR03_coleoptile,ground,coleoptile_Section4
CATTTCTAGCAGACTA-1,XGE202122,VR03_S2,coleoptile,VR03,Section2,10,2,VR03_coleoptile,ground,coleoptile_Section2
CCAAACAGAACCCTCG-1,XGE202122,VR03_S2,P3,VR03,Section2,0,5,VR03_P3,ground,P3_Section2
CCAAATAACAAGATTC-1,XGE202122,VR03_S3,coleoptile,VR03,Section3,6,4,VR03_coleoptile,ground,coleoptile_Section3
CCAACGATGCACTGAT-1,XGE202122,VR03_S2,coleoptile,VR03,Section2,14,3,VR03_coleoptile,ground,coleoptile_Section2
CCAACGCTTGCCAGGG-1,XGE202122,VR03_S4,coleoptile,VR03,Section4,27,17,VR03_coleoptile,ground,coleoptile_Section4
CCAAGAAAGTGGGCGA-1,XGE202122,VR03_S1,coleoptile,VR03,Section1,16,19,VR03_coleoptile,ground,coleoptile_Section1
CCAAGACTTCTGCGAA-1,XGE202122,VR03_S2,coleoptile,VR03,Section2,12,4,VR03_coleoptile,ground,coleoptile_Section2
CCAAGGAACAGAGAGG-1,XGE202122,VR03_S2,coleoptile,VR03,Section2,4,3,VR03_coleoptile,ground,coleoptile_Section2
CCAAGGTTGCCCTTTC-1,XGE202122,VR03_S3,P5,VR03,Section3,2,0,VR03_P5,ground,P5_Section3
CCAATAGTGCCGTCGA-1,XGE202122,VR03_S2,coleoptile,VR03,Section2,21,9,VR03_coleoptile,ground,coleoptile_Section2
CCAATTACGGGTCGAG-1,XGE202122,VR03_S4,P5,VR03,Section4,7,0,VR03_P5,ground,P5_Section4
CCAATTGAATGTTAAT-1,XGE202122,VR03_S2,P3,VR03,Section2,0,5,VR03_P3,ground,P3_Section2
CCACATACTGCACCCA-1,XGE202122,VR03_S3,coleoptile,VR03,Section3,6,4,VR03_coleoptile,ground,coleoptile_Section3
CCACCTGTATGGAATA-1,XGE202122,VR03_S3,coleoptile,VR03,Section3,1,12,VR03_coleoptile,ground,coleoptile_Section3
CCACGGCAGGTGTAGG-1,XGE202122,VR03_S1,coleoptile,VR03,Section1,31,17,VR03_coleoptile,ground,coleoptile_Section1
CCACGGTGCCCGGTAG-1,XGE202122,VR03_S4,coleoptile,VR03,Section4,8,1,VR03_coleoptile,ground,coleoptile_Section4
CCACTATCCGGGTCAC-1,XGE202122,VR03_S4,coleoptile,VR03,Section4,10,2,VR03_coleoptile,ground,coleoptile_Section4
CCACTGTTTGGATTAA-1,XGE202122,VR03_S3,P4,VR03,Section3,13,18,VR03_P4,ground,P4_Section3
CCAGAAACTGATGCGA-1,XGE202122,VR03_S3,coleoptile,VR03,Section3,29,12,VR03_coleoptile,ground,coleoptile_Section3
CCAGCTCGAACGCATT-1,XGE202122,VR03_S1,coleoptile,VR03,Section1,6,4,VR03_coleoptile,ground,coleoptile_Section1
CCAGGCTGGCGTCTGA-1,XGE202122,VR03_S3,coleoptile,VR03,Section3,19,3,VR03_coleoptile,ground,coleoptile_Section3
CCAGGGACGTGGCCTC-1,XGE202122,VR03_S2,P5,VR03,Section2,17,10,VR03_P5,ve,P5_Section2
CCAGTAGTCTGATCCA-1,XGE202122,VR03_S4,coleoptile,VR03,Section4,14,3,VR03_coleoptile,ground,coleoptile_Section4
CCAGTCTAGACGGCGC-1,XGE202122,VR03_S4,coleoptile,VR03,Section4,6,9,VR03_coleoptile,ground,coleoptile_Section4
CCAGTCTTGTCATAGA-1,XGE202122,VR03_S1,coleoptile,VR03,Section1,18,3,VR03_coleoptile,ground,coleoptile_Section1
CCATACCTTTACTTGT-1,XGE202122,VR03_S4,coleoptile,VR03,Section4,1,3,VR03_coleoptile,ground,coleoptile_Section4
CCATATGGAAACTATA-1,XGE202122,VR03_S3,coleoptile,VR03,Section3,11,6,VR03_coleoptile,ground,coleoptile_Section3
CCATCCATACCAAGTC-1,XGE202122,VR03_S2,coleoptile,VR03,Section2,11,3,VR03_coleoptile,ground,coleoptile_Section2
CCATGCCCTAGATTTC-1,XGE202122,VR03_S3,coleoptile,VR03,Section3,27,17,VR03_coleoptile,ground,coleoptile_Section3
CCATGCCTGTTTAGTA-1,XGE202122,VR03_S2,coleoptile,VR03,Section2,12,4,VR03_coleoptile,ground,coleoptile_Section2
CCATGCTCTGCAGGAA-1,XGE202122,VR03_S2,P1_P2,VR03,Section2,0,5,VR03_P1_P2,ground,P1_P2_Section2
CCATGGCAAACGCTCA-1,XGE202122,VR03_S1,coleoptile,VR03,Section1,19,30,VR03_coleoptile,ground,coleoptile_Section1
CCATGTTCATCTATAT-1,XGE202122,VR03_S1,coleoptile,VR03,Section1,4,6,VR03_coleoptile,ground,coleoptile_Section1
CCATTAGCGATAATCC-1,XGE202122,VR03_S2,coleoptile,VR03,Section2,14,6,VR03_coleoptile,ground,coleoptile_Section2
CCATTCCCTGCCCACA-1,XGE202122,VR03_S2,coleoptile,VR03,Section2,19,7,VR03_coleoptile,ground,coleoptile_Section2
CCCAAGTCATTACACT-1,XGE202122,VR03_S3,coleoptile,VR03,Section3,22,19,VR03_coleoptile,ground,coleoptile_Section3
CCCAATGAGATTTGCA-1,XGE202122,VR03_S1,P4,VR03,Section1,13,23,VR03_P4,ground,P4_Section1
CCCAGAGGAGGGCGTA-1,XGE202122,VR03_S4,P1_P2,VR03,Section4,0,5,VR03_P1_P2,ground,P1_P2_Section4
CCCAGATTCCCGTGAC-1,XGE202122,VR03_S1,coleoptile,VR03,Section1,32,24,VR03_coleoptile,ground,coleoptile_Section1
CCCAGGTCTGAAGGCT-1,XGE202122,VR03_S3,coleoptile,VR03,Section3,14,3,VR03_coleoptile,ground,coleoptile_Section3
CCCATATAGGTCGATT-1,XGE202122,VR03_S3,P4,VR03,Section3,2,8,VR03_P4,ground,P4_Section3
CCCATTATTGTATCCT-1,XGE202122,VR03_S3,coleoptile,VR03,Section3,19,21,VR03_coleoptile,ground,coleoptile_Section3
CCCGCGCAATGCACCC-1,XGE202122,VR03_S2,coleoptile,VR03,Section2,5,30,VR03_coleoptile,ground,coleoptile_Section2
CCCGGGTCGTTCAGGG-1,XGE202122,VR03_S1,P5,VR03,Section1,17,10,VR03_P5,ground,P5_Section1
CCCGTAGCTGGGAAGA-1,XGE202122,VR03_S1,coleoptile,VR03,Section1,1,6,VR03_coleoptile,ground,coleoptile_Section1
CCCGTCAGCGTCTGAC-1,XGE202122,VR03_S2,P4,VR03,Section2,17,10,VR03_P4,ve,P4_Section2
CCCGTTTCGCAGATGT-1,XGE202122,VR03_S3,coleoptile,VR03,Section3,11,3,VR03_coleoptile,ground,coleoptile_Section3
CCCTCAGATCGAGAAC-1,XGE202122,VR03_S1,coleoptile,VR03,Section1,5,9,VR03_coleoptile,ground,coleoptile_Section1
CCCTCATTCTGGAATT-1,XGE202122,VR03_S2,P5,VR03,Section2,2,22,VR03_P5,ground,P5_Section2
CCCTCCTCGCTCGTAT-1,XGE202122,VR03_S3,coleoptile,VR03,Section3,6,11,VR03_coleoptile,ground,coleoptile_Section3
CCCTCGATAATACACA-1,XGE202122,VR03_S1,coleoptile,VR03,Section1,11,6,VR03_coleoptile,ground,coleoptile_Section1
CCCTGAAATGAGTTGA-1,XGE202122,VR03_S2,coleoptile,VR03,Section2,25,15,VR03_coleoptile,ground,coleoptile_Section2
CCCTTTAATGGAGTTC-1,XGE202122,VR03_S3,P1_P2,VR03,Section3,0,5,VR03_P1_P2,ground,P1_P2_Section3
CCGAAAGTGGTGAGCA-1,XGE202122,VR03_S2,coleoptile,VR03,Section2,10,2,VR03_coleoptile,ground,coleoptile_Section2
CCGAAGTATATTGTTC-1,XGE202122,VR03_S2,coleoptile,VR03,Section2,26,1,VR03_coleoptile,ground,coleoptile_Section2
CCGACAATAGGCCGCC-1,XGE202122,VR03_S3,P4,VR03,Section3,9,18,VR03_P4,ve,P4_Section3
CCGACGTAAACACAAC-1,XGE202122,VR03_S4,coleoptile,VR03,Section4,30,25,VR03_coleoptile,ground,coleoptile_Section4
CCGAGCTGTGCTTGTC-1,XGE202122,VR03_S4,P5,VR03,Section4,15,18,VR03_P5,ground,P5_Section4
CCGCACTTGCAATGAC-1,XGE202122,VR03_S3,coleoptile,VR03,Section3,29,12,VR03_coleoptile,ground,coleoptile_Section3
CCGCCTGCGAATTGGT-1,XGE202122,VR03_S4,P5,VR03,Section4,7,0,VR03_P5,ground,P5_Section4
CCGCTCTTCCGAACTA-1,XGE202122,VR03_S3,coleoptile,VR03,Section3,25,15,VR03_coleoptile,ground,coleoptile_Section3
CCGCTTGCTGACATGG-1,XGE202122,VR03_S4,coleoptile,VR03,Section4,31,17,VR03_coleoptile,ground,coleoptile_Section4
CCGGAATGGTTTCAGT-1,XGE202122,VR03_S2,P5,VR03,Section2,2,22,VR03_P5,ve,P5_Section2
CCGGAGCGTACTTTCT-1,XGE202122,VR03_S1,coleoptile,VR03,Section1,16,30,VR03_coleoptile,ground,coleoptile_Section1
CCGGAGGTCTTATGGT-1,XGE202122,VR03_S4,coleoptile,VR03,Section4,20,7,VR03_coleoptile,ground,coleoptile_Section4
CCGGCGCATATTGGAT-1,XGE202122,VR03_S2,coleoptile,VR03,Section2,8,1,VR03_coleoptile,ground,coleoptile_Section2
CCGGGACCCGCAGAGA-1,XGE202122,VR03_S2,coleoptile,VR03,Section2,33,3,VR03_coleoptile,ground,coleoptile_Section2
CCGGGCTAAGAATTTC-1,XGE202122,VR03_S1,coleoptile,VR03,Section1,22,19,VR03_coleoptile,ground,coleoptile_Section1
CCGGTTTGTAATTGTG-1,XGE202122,VR03_S1,coleoptile,VR03,Section1,1,6,VR03_coleoptile,ground,coleoptile_Section1
CCGTACCCAAGCGCCA-1,XGE202122,VR03_S2,coleoptile,VR03,Section2,20,16,VR03_coleoptile,ground,coleoptile_Section2
CCGTAGGAAATCCCTG-1,XGE202122,VR03_S3,coleoptile,VR03,Section3,27,2,VR03_coleoptile,ground,coleoptile_Section3
CCGTAGGGTTGTTTAC-1,XGE202122,VR03_S3,P4,VR03,Section3,13,18,VR03_P4,ground,P4_Section3
CCGTATTAGCGCAGTT-1,XGE202122,VR03_S4,P5,VR03,Section4,15,18,VR03_P5,ground,P5_Section4
CCGTGCCCATGACGGC-1,XGE202122,VR03_S2,coleoptile,VR03,Section2,12,4,VR03_coleoptile,ground,coleoptile_Section2
CCGTTACGTTAGAACA-1,XGE202122,VR03_S4,coleoptile,VR03,Section4,18,13,VR03_coleoptile,ground,coleoptile_Section4
CCTAAATTGTATCCTA-1,XGE202122,VR03_S3,coleoptile,VR03,Section3,21,16,VR03_coleoptile,ground,coleoptile_Section3
CCTAACTAAGGCTCTA-1,XGE202122,VR03_S4,P5,VR03,Section4,15,18,VR03_P5,ground,P5_Section4
CCTACAAGTCCGGAAT-1,XGE202122,VR03_S4,coleoptile,VR03,Section4,20,16,VR03_coleoptile,ground,coleoptile_Section4
CCTACGGCTCAGTCGA-1,XGE202122,VR03_S2,coleoptile,VR03,Section2,30,25,VR03_coleoptile,ground,coleoptile_Section2
CCTACTCAACACGATT-1,XGE202122,VR03_S3,P5,VR03,Section3,3,0,VR03_P5,ground,P5_Section3
CCTACTGCTTACACTT-1,XGE202122,VR03_S2,P4,VR03,Section2,9,8,VR03_P4,ground,P4_Section2
CCTATACCGTCCTGTC-1,XGE202122,VR03_S1,coleoptile,VR03,Section1,19,7,VR03_coleoptile,ground,coleoptile_Section1
CCTATATTTGTCCTGG-1,XGE202122,VR03_S1,P4,VR03,Section1,9,18,VR03_P4,ground,P4_Section1
CCTATGGCTCCTAGTG-1,XGE202122,VR03_S1,coleoptile,VR03,Section1,22,1,VR03_coleoptile,ground,coleoptile_Section1
CCTATGTCCACTCCAC-1,XGE202122,VR03_S3,coleoptile,VR03,Section3,20,16,VR03_coleoptile,ground,coleoptile_Section3
CCTCACCTGAGGGAGC-1,XGE202122,VR03_S4,P5,VR03,Section4,7,0,VR03_P5,ms,P5_Section4
CCTCACCTTAGCATCG-1,XGE202122,VR03_S4,P5,VR03,Section4,7,0,VR03_P5,ms,P5_Section4
CCTCACGTCAGCTAAT-1,XGE202122,VR03_S3,coleoptile,VR03,Section3,29,12,VR03_coleoptile,ground,coleoptile_Section3
CCTCCGACAATTCAAG-1,XGE202122,VR03_S2,coleoptile,VR03,Section2,22,1,VR03_coleoptile,ground,coleoptile_Section2
CCTCCTGTTGTGTCGT-1,XGE202122,VR03_S3,coleoptile,VR03,Section3,11,3,VR03_coleoptile,ground,coleoptile_Section3
CCTCGCGCGATATAGG-1,XGE202122,VR03_S4,P4,VR03,Section4,9,18,VR03_P4,ground,P4_Section4
CCTCGCGCTGTGCGAT-1,XGE202122,VR03_S1,coleoptile,VR03,Section1,5,9,VR03_coleoptile,ground,coleoptile_Section1
CCTCGGTTTCCTTGCC-1,XGE202122,VR03_S1,P5,VR03,Section1,7,0,VR03_P5,ground,P5_Section1
CCTCTACAAGGATTGG-1,XGE202122,VR03_S1,coleoptile,VR03,Section1,18,13,VR03_coleoptile,ground,coleoptile_Section1
CCTGAGAATAAATGCA-1,XGE202122,VR03_S1,co_v,VR03,Section1,30,25,VR03_co_v,ground,co_v_Section1
CCTGCTATTTGAGAAG-1,XGE202122,VR03_S2,P4,VR03,Section2,13,23,VR03_P4,ground,P4_Section2
CCTGTTCAACCTCGGG-1,XGE202122,VR03_S1,coleoptile,VR03,Section1,29,12,VR03_coleoptile,ground,coleoptile_Section1
CCTGTTTGAAGACACG-1,XGE202122,VR03_S3,coleoptile,VR03,Section3,31,2,VR03_coleoptile,ground,coleoptile_Section3
CCTTCAGTTAAAGTGA-1,XGE202122,VR03_S1,P4,VR03,Section1,13,18,VR03_P4,ground,P4_Section1
CCTTCGTATAGAATCC-1,XGE202122,VR03_S1,coleoptile,VR03,Section1,21,21,VR03_coleoptile,ground,coleoptile_Section1
CCTTGACCACTTTATT-1,XGE202122,VR03_S3,P5,VR03,Section3,7,0,VR03_P5,ms,P5_Section3
CCTTGTGAACGTGGTT-1,XGE202122,VR03_S1,coleoptile,VR03,Section1,29,12,VR03_coleoptile,ground,coleoptile_Section1
CCTTTAAGGGAGCACT-1,XGE202122,VR03_S1,coleoptile,VR03,Section1,3,24,VR03_coleoptile,ground,coleoptile_Section1
CGAAGCTATAAATTCA-1,XGE202122,VR03_S4,P1_P2,VR03,Section4,0,5,VR03_P1_P2,ground,P1_P2_Section4
CGAAGTTGCTCTGTGT-1,XGE202122,VR03_S2,coleoptile,VR03,Section2,6,11,VR03_coleoptile,ground,coleoptile_Section2
CGAATGACGCATAATG-1,XGE202122,VR03_S1,P5,VR03,Section1,7,0,VR03_P5,ground,P5_Section1
CGAATGGTAGGTCGTC-1,XGE202122,VR03_S1,coleoptile,VR03,Section1,5,9,VR03_coleoptile,ground,coleoptile_Section1
CGAATTCCCGGTTCAA-1,XGE202122,VR03_S3,coleoptile,VR03,Section3,23,17,VR03_coleoptile,ground,coleoptile_Section3
CGACCGTTGGTATTCG-1,XGE202122,VR03_S1,coleoptile,VR03,Section1,8,19,VR03_coleoptile,ground,coleoptile_Section1
CGACTCAGGATGTTAT-1,XGE202122,VR03_S4,coleoptile,VR03,Section4,14,3,VR03_coleoptile,ground,coleoptile_Section4
CGACTTTGTATAGCCT-1,XGE202122,VR03_S4,coleoptile,VR03,Section4,5,2,VR03_coleoptile,ground,coleoptile_Section4
CGAGAGGGTAGCCGCG-1,XGE202122,VR03_S3,P5,VR03,Section3,7,0,VR03_P5,ground,P5_Section3
CGAGCACTTCAAGTTT-1,XGE202122,VR03_S2,coleoptile,VR03,Section2,6,11,VR03_coleoptile,ground,coleoptile_Section2
CGAGCGTTGATCAGCC-1,XGE202122,VR03_S2,coleoptile,VR03,Section2,6,4,VR03_coleoptile,ground,coleoptile_Section2
CGAGGAGCTTCCATAT-1,XGE202122,VR03_S4,coleoptile,VR03,Section4,4,7,VR03_coleoptile,ground,coleoptile_Section4
CGAGGATCGGGAACGA-1,XGE202122,VR03_S4,coleoptile,VR03,Section4,5,2,VR03_coleoptile,ground,coleoptile_Section4
CGAGGGTATCCAGGTG-1,XGE202122,VR03_S1,coleoptile,VR03,Section1,11,3,VR03_coleoptile,ground,coleoptile_Section1
CGAGTGCTATAGTTCG-1,XGE202122,VR03_S2,coleoptile,VR03,Section2,26,1,VR03_coleoptile,ground,coleoptile_Section2
CGAGTTCTGTCCCACC-1,XGE202122,VR03_S4,coleoptile,VR03,Section4,22,19,VR03_coleoptile,ground,coleoptile_Section4
CGATCCACCATTGTTG-1,XGE202122,VR03_S1,coleoptile,VR03,Section1,14,12,VR03_coleoptile,ground,coleoptile_Section1
CGATCCTCGCAACATA-1,XGE202122,VR03_S1,P1_P2,VR03,Section1,0,5,VR03_P1_P2,ground,P1_P2_Section1
CGATGGACCCTACGCC-1,XGE202122,VR03_S4,P4,VR03,Section4,9,18,VR03_P4,ground,P4_Section4
CGATTAAATATCTCCT-1,XGE202122,VR03_S1,coleoptile,VR03,Section1,6,11,VR03_coleoptile,ground,coleoptile_Section1
CGCAATTACTTTCGGT-1,XGE202122,VR03_S2,P5,VR03,Section2,7,0,VR03_P5,ms,P5_Section2
CGCAATTAGGGTAATA-1,XGE202122,VR03_S2,P4,VR03,Section2,9,8,VR03_P4,ground,P4_Section2
CGCAATTCTACAATAA-1,XGE202122,VR03_S2,coleoptile,VR03,Section2,5,16,VR03_coleoptile,ground,coleoptile_Section2
CGCACGTCTGTTTATG-1,XGE202122,VR03_S1,P5,VR03,Section1,25,15,VR03_P5,ground,P5_Section1
CGCAGATCTTCACCCG-1,XGE202122,VR03_S4,coleoptile,VR03,Section4,1,6,VR03_coleoptile,ground,coleoptile_Section4
CGCAGGCGATCCAAAC-1,XGE202122,VR03_S3,coleoptile,VR03,Section3,19,7,VR03_coleoptile,ground,coleoptile_Section3
CGCATCCATCAGCCAG-1,XGE202122,VR03_S4,coleoptile,VR03,Section4,10,2,VR03_coleoptile,ground,coleoptile_Section4
CGCATTAGCTAATAGG-1,XGE202122,VR03_S2,co_v,VR03,Section2,24,20,VR03_co_v,ground,co_v_Section2
CGCCCAGCACGCCTAG-1,XGE202122,VR03_S1,P5,VR03,Section1,15,18,VR03_P5,ve,P5_Section1
CGCCGCGTTCTGAACG-1,XGE202122,VR03_S1,coleoptile,VR03,Section1,1,12,VR03_coleoptile,ground,coleoptile_Section1
CGCCGTTCAGCATAGT-1,XGE202122,VR03_S3,P4,VR03,Section3,15,18,VR03_P4,ground,P4_Section3
CGCGAAGTGGCATACT-1,XGE202122,VR03_S3,coleoptile,VR03,Section3,4,3,VR03_coleoptile,ground,coleoptile_Section3
CGCGAGAGGGACTTGT-1,XGE202122,VR03_S4,P4,VR03,Section4,15,18,VR03_P4,ground,P4_Section4
CGCGGTAAGTCTAGCT-1,XGE202122,VR03_S4,coleoptile,VR03,Section4,16,27,VR03_coleoptile,ground,coleoptile_Section4
CGCGGTACGGTATACA-1,XGE202122,VR03_S3,P4,VR03,Section3,13,23,VR03_P4,ground,P4_Section3
CGCGGTCACAAACCAA-1,XGE202122,VR03_S4,P3,VR03,Section4,15,18,VR03_P3,ground,P3_Section4
CGCGTTCATGAAATAC-1,XGE202122,VR03_S2,P5,VR03,Section2,7,0,VR03_P5,ms,P5_Section2
CGCTATACCGCCCACT-1,XGE202122,VR03_S2,coleoptile,VR03,Section2,11,3,VR03_coleoptile,ground,coleoptile_Section2
CGCTATTCAATGTATG-1,XGE202122,VR03_S2,coleoptile,VR03,Section2,30,25,VR03_coleoptile,ground,coleoptile_Section2
CGCTCGACATAATGAT-1,XGE202122,VR03_S2,P1_P2,VR03,Section2,0,5,VR03_P1_P2,ve,P1_P2_Section2
CGCTCTCCGTAGATTA-1,XGE202122,VR03_S2,coleoptile,VR03,Section2,21,9,VR03_coleoptile,ground,coleoptile_Section2
CGCTGTGACGCCGCAC-1,XGE202122,VR03_S2,P3,VR03,Section2,0,5,VR03_P3,ground,P3_Section2
CGCTGTGTGGATGTTG-1,XGE202122,VR03_S1,P5,VR03,Section1,17,10,VR03_P5,ve,P5_Section1
CGCTTAGTATTGATAC-1,XGE202122,VR03_S1,P4,VR03,Section1,9,8,VR03_P4,ground,P4_Section1
CGCTTCCACTGAAATC-1,XGE202122,VR03_S2,P4,VR03,Section2,28,10,VR03_P4,ve,P4_Section2
CGCTTCGGTCTAAGAC-1,XGE202122,VR03_S3,P5,VR03,Section3,2,0,VR03_P5,ground,P5_Section3
CGCTTGGACGGATAGA-1,XGE202122,VR03_S3,P4,VR03,Section3,13,23,VR03_P4,ground,P4_Section3
CGCTTTCATACCGGTG-1,XGE202122,VR03_S2,coleoptile,VR03,Section2,20,7,VR03_coleoptile,ground,coleoptile_Section2
CGGAGCAATTTAATCG-1,XGE202122,VR03_S1,coleoptile,VR03,Section1,16,9,VR03_coleoptile,ground,coleoptile_Section1
CGGAGTTTGAGAGACA-1,XGE202122,VR03_S2,coleoptile,VR03,Section2,14,3,VR03_coleoptile,ground,coleoptile_Section2
CGGATGAATGCTGTGA-1,XGE202122,VR03_S1,coleoptile,VR03,Section1,12,9,VR03_coleoptile,ground,coleoptile_Section1
CGGCAATAAGATCGCC-1,XGE202122,VR03_S3,P5,VR03,Section3,3,0,VR03_P5,ground,P5_Section3
CGGCACCGTTAGCGCC-1,XGE202122,VR03_S4,coleoptile,VR03,Section4,6,30,VR03_coleoptile,ground,coleoptile_Section4
CGGCACTCAAGAAAGT-1,XGE202122,VR03_S2,coleoptile,VR03,Section2,26,1,VR03_coleoptile,ground,coleoptile_Section2
CGGCAGGGTCGGGTTG-1,XGE202122,VR03_S4,coleoptile,VR03,Section4,6,4,VR03_coleoptile,ground,coleoptile_Section4
CGGCCAGAGCGACCAT-1,XGE202122,VR03_S1,P4,VR03,Section1,3,8,VR03_P4,ground,P4_Section1
CGGCCCAACCTGTAGT-1,XGE202122,VR03_S4,co_v,VR03,Section4,24,20,VR03_co_v,ground,co_v_Section4
CGGCGCCATCAATCCC-1,XGE202122,VR03_S3,coleoptile,VR03,Section3,10,2,VR03_coleoptile,ground,coleoptile_Section3
CGGGATCAATGTAAGA-1,XGE202122,VR03_S2,coleoptile,VR03,Section2,4,3,VR03_coleoptile,ground,coleoptile_Section2
CGGGCAGCTAAACCGC-1,XGE202122,VR03_S2,coleoptile,VR03,Section2,5,26,VR03_coleoptile,ground,coleoptile_Section2
CGGGTTCGGCACGTAT-1,XGE202122,VR03_S4,coleoptile,VR03,Section4,8,1,VR03_coleoptile,ground,coleoptile_Section4
CGGGTTTGTTAGGGCT-1,XGE202122,VR03_S3,P5,VR03,Section3,15,18,VR03_P5,ground,P5_Section3
CGGTAGAGGTGCAGGT-1,XGE202122,VR03_S4,P5,VR03,Section4,7,18,VR03_P5,ground,P5_Section4
CGGTATAGGTATTAGC-1,XGE202122,VR03_S4,coleoptile,VR03,Section4,30,25,VR03_coleoptile,ground,coleoptile_Section4
CGGTCAGTCCATATTT-1,XGE202122,VR03_S3,coleoptile,VR03,Section3,21,16,VR03_coleoptile,ground,coleoptile_Section3
CGGTCCATGAGACTCC-1,XGE202122,VR03_S4,coleoptile,VR03,Section4,4,16,VR03_coleoptile,ground,coleoptile_Section4
CGGTCCGTCGCAAGCC-1,XGE202122,VR03_S1,P4,VR03,Section1,13,18,VR03_P4,ground,P4_Section1
CGGTGTACTTGATCCC-1,XGE202122,VR03_S2,co_v,VR03,Section2,24,20,VR03_co_v,ground,co_v_Section2
CGGTTATCCAACAGTG-1,XGE202122,VR03_S4,coleoptile,VR03,Section4,11,3,VR03_coleoptile,ground,coleoptile_Section4
CGGTTCAAGTAGGTGT-1,XGE202122,VR03_S4,P4,VR03,Section4,3,18,VR03_P4,ground,P4_Section4
CGGTTGGGTTCAAGTT-1,XGE202122,VR03_S4,coleoptile,VR03,Section4,20,11,VR03_coleoptile,ground,coleoptile_Section4
CGGTTTATGAAGGAAC-1,XGE202122,VR03_S4,coleoptile,VR03,Section4,4,3,VR03_coleoptile,ground,coleoptile_Section4
CGTAAAGCAAGAAATC-1,XGE202122,VR03_S1,coleoptile,VR03,Section1,19,7,VR03_coleoptile,ground,coleoptile_Section1
CGTAACTTCGACACTT-1,XGE202122,VR03_S1,P4,VR03,Section1,9,8,VR03_P4,ground,P4_Section1
CGTATCTAGAACTAAG-1,XGE202122,VR03_S3,P5,VR03,Section3,2,0,VR03_P5,ground,P5_Section3
CGTATTAAGAGATCTA-1,XGE202122,VR03_S2,coleoptile,VR03,Section2,18,26,VR03_coleoptile,ground,coleoptile_Section2
CGTCCTCATCGCGTGC-1,XGE202122,VR03_S3,coleoptile,VR03,Section3,1,12,VR03_coleoptile,ground,coleoptile_Section3
CGTCGCTTGGTTATAC-1,XGE202122,VR03_S1,coleoptile,VR03,Section1,20,9,VR03_coleoptile,ground,coleoptile_Section1
CGTCGGATAGTGTTGA-1,XGE202122,VR03_S4,coleoptile,VR03,Section4,26,1,VR03_coleoptile,ground,coleoptile_Section4
CGTGACCAGTCCTCTG-1,XGE202122,VR03_S1,P5,VR03,Section1,28,10,VR03_P5,ground,P5_Section1
CGTGCTTCTACCTAAA-1,XGE202122,VR03_S1,coleoptile,VR03,Section1,4,7,VR03_coleoptile,ground,coleoptile_Section1
CGTGGTACCCAAAGGC-1,XGE202122,VR03_S1,P1_P2,VR03,Section1,0,5,VR03_P1_P2,ground,P1_P2_Section1
CGTGTATGGGAGCTGA-1,XGE202122,VR03_S3,P3,VR03,Section3,3,14,VR03_P3,ground,P3_Section3
CGTGTCCCATTCGCGA-1,XGE202122,VR03_S2,P4,VR03,Section2,9,8,VR03_P4,ground,P4_Section2
CGTGTCTCGTTACGAC-1,XGE202122,VR03_S1,P5,VR03,Section1,7,0,VR03_P5,ground,P5_Section1
CGTGTGTTAAACCCTG-1,XGE202122,VR03_S4,coleoptile,VR03,Section4,8,27,VR03_coleoptile,ground,coleoptile_Section4
CGTTAAATACGACCAG-1,XGE202122,VR03_S3,coleoptile,VR03,Section3,21,9,VR03_coleoptile,ground,coleoptile_Section3
CGTTAGCTCACAACTG-1,XGE202122,VR03_S4,coleoptile,VR03,Section4,16,30,VR03_coleoptile,ground,coleoptile_Section4
CGTTCAGACCCGCGAA-1,XGE202122,VR03_S1,coleoptile,VR03,Section1,14,3,VR03_coleoptile,ground,coleoptile_Section1
CGTTCTTCGCACACCT-1,XGE202122,VR03_S4,P3,VR03,Section4,15,18,VR03_P3,ground,P3_Section4
CGTTGAGTAATTGCGT-1,XGE202122,VR03_S4,coleoptile,VR03,Section4,11,6,VR03_coleoptile,ground,coleoptile_Section4
CGTTGCCCGCGTGGGA-1,XGE202122,VR03_S1,P1_P2,VR03,Section1,0,5,VR03_P1_P2,ground,P1_P2_Section1
CGTTGTAAGATTGATT-1,XGE202122,VR03_S4,P5,VR03,Section4,7,0,VR03_P5,ground,P5_Section4
CGTTGTCGGCAATTGA-1,XGE202122,VR03_S1,coleoptile,VR03,Section1,12,4,VR03_coleoptile,ground,coleoptile_Section1
CGTTGTTTCAATTCCC-1,XGE202122,VR03_S2,coleoptile,VR03,Section2,21,9,VR03_coleoptile,ground,coleoptile_Section2
CGTTTACAAGGCAGCT-1,XGE202122,VR03_S4,coleoptile,VR03,Section4,4,3,VR03_coleoptile,ground,coleoptile_Section4
CGTTTCACTTCGGGCG-1,XGE202122,VR03_S4,P5,VR03,Section4,17,18,VR03_P5,ground,P5_Section4
CGTTTCGCTCATTACA-1,XGE202122,VR03_S2,coleoptile,VR03,Section2,6,4,VR03_coleoptile,ground,coleoptile_Section2
CGTTTCGGTTATATGC-1,XGE202122,VR03_S3,coleoptile,VR03,Section3,12,9,VR03_coleoptile,ground,coleoptile_Section3
CGTTTGGTGTTGTGGG-1,XGE202122,VR03_S3,P5,VR03,Section3,3,0,VR03_P5,ms,P5_Section3
CGTTTGTGTAGAGGGT-1,XGE202122,VR03_S1,coleoptile,VR03,Section1,18,7,VR03_coleoptile,ground,coleoptile_Section1
CTAAATCCGGTGTACA-1,XGE202122,VR03_S1,P5,VR03,Section1,3,18,VR03_P5,ground,P5_Section1
CTAACGAAACTTGCTG-1,XGE202122,VR03_S4,coleoptile,VR03,Section4,14,3,VR03_coleoptile,ground,coleoptile_Section4
CTAACTGATAATCGCC-1,XGE202122,VR03_S3,P5,VR03,Section3,7,0,VR03_P5,ve,P5_Section3
CTAAGTACAGGGCTAC-1,XGE202122,VR03_S4,coleoptile,VR03,Section4,26,1,VR03_coleoptile,ground,coleoptile_Section4
CTAATTCTCAGATATT-1,XGE202122,VR03_S4,P5,VR03,Section4,7,0,VR03_P5,ms,P5_Section4
CTAATTTCAACAACAC-1,XGE202122,VR03_S2,coleoptile,VR03,Section2,19,30,VR03_coleoptile,ground,coleoptile_Section2
CTACACTCGCAGATGG-1,XGE202122,VR03_S3,P5,VR03,Section3,3,14,VR03_P5,ground,P5_Section3
CTACCCTAAGGTCATA-1,XGE202122,VR03_S4,coleoptile,VR03,Section4,12,4,VR03_coleoptile,ground,coleoptile_Section4
CTACTATCTTTCAGAG-1,XGE202122,VR03_S4,coleoptile,VR03,Section4,14,3,VR03_coleoptile,ground,coleoptile_Section4
CTACTCAAGGTATAGT-1,XGE202122,VR03_S1,P4,VR03,Section1,3,8,VR03_P4,ground,P4_Section1
CTACTGCCACCTGACC-1,XGE202122,VR03_S2,coleoptile,VR03,Section2,10,2,VR03_coleoptile,ground,coleoptile_Section2
CTAGACATATATGTAG-1,XGE202122,VR03_S4,coleoptile,VR03,Section4,8,1,VR03_coleoptile,ground,coleoptile_Section4
CTAGACTGCATTTCGT-1,XGE202122,VR03_S4,coleoptile,VR03,Section4,31,2,VR03_coleoptile,ground,coleoptile_Section4
CTAGATGTGAGTGTAA-1,XGE202122,VR03_S4,coleoptile,VR03,Section4,5,2,VR03_coleoptile,ground,coleoptile_Section4
CTAGCCACAGGCGAGC-1,XGE202122,VR03_S3,P4,VR03,Section3,17,10,VR03_P4,ground,P4_Section3
CTAGCCCGGGAGACGA-1,XGE202122,VR03_S1,coleoptile,VR03,Section1,32,24,VR03_coleoptile,ground,coleoptile_Section1
CTAGCCGATGTTATGA-1,XGE202122,VR03_S4,P1_P2,VR03,Section4,0,18,VR03_P1_P2,ground,P1_P2_Section4
CTAGGGATAGGGACAA-1,XGE202122,VR03_S1,P5,VR03,Section1,2,0,VR03_P5,ground,P5_Section1
CTAGTGAAGGACAGGA-1,XGE202122,VR03_S2,coleoptile,VR03,Section2,12,19,VR03_coleoptile,ground,coleoptile_Section2
CTATAAGAGCCAATCG-1,XGE202122,VR03_S4,P4,VR03,Section4,9,18,VR03_P4,ground,P4_Section4
CTATAGGCGTTGATGT-1,XGE202122,VR03_S1,P3,VR03,Section1,0,5,VR03_P3,ground,P3_Section1
CTATATCCAGCCTGGC-1,XGE202122,VR03_S1,coleoptile,VR03,Section1,1,12,VR03_coleoptile,ground,coleoptile_Section1
CTATCGACGAAATACA-1,XGE202122,VR03_S3,coleoptile,VR03,Section3,10,2,VR03_coleoptile,ground,coleoptile_Section3
CTATCGCGTAGAGAAC-1,XGE202122,VR03_S3,P5,VR03,Section3,17,0,VR03_P5,ground,P5_Section3
CTATGAACACCTTGCC-1,XGE202122,VR03_S1,coleoptile,VR03,Section1,5,9,VR03_coleoptile,ground,coleoptile_Section1
CTATGCCCGAATGCAA-1,XGE202122,VR03_S1,coleoptile,VR03,Section1,25,15,VR03_coleoptile,ground,coleoptile_Section1
CTATGGGAAGCGGAAT-1,XGE202122,VR03_S3,coleoptile,VR03,Section3,25,6,VR03_coleoptile,ground,coleoptile_Section3
CTATTGTGTTTGGTCA-1,XGE202122,VR03_S4,P5,VR03,Section4,2,15,VR03_P5,ground,P5_Section4
CTCAAACCACTGCCCG-1,XGE202122,VR03_S1,P1_P2,VR03,Section1,0,5,VR03_P1_P2,ground,P1_P2_Section1
CTCAAGACATTAGCGC-1,XGE202122,VR03_S4,P5,VR03,Section4,7,0,VR03_P5,ground,P5_Section4
CTCAGGACTCACCTGT-1,XGE202122,VR03_S2,co_v,VR03,Section2,24,20,VR03_co_v,ground,co_v_Section2
CTCAGTCACGACAAAT-1,XGE202122,VR03_S4,P4,VR03,Section4,3,18,VR03_P4,ground,P4_Section4
CTCATTTGATGGGCGG-1,XGE202122,VR03_S2,coleoptile,VR03,Section2,20,11,VR03_coleoptile,ground,coleoptile_Section2
CTCCCAATGAGTCGCG-1,XGE202122,VR03_S3,coleoptile,VR03,Section3,12,4,VR03_coleoptile,ground,coleoptile_Section3
CTCCGGCCTAATATGC-1,XGE202122,VR03_S2,coleoptile,VR03,Section2,20,16,VR03_coleoptile,ground,coleoptile_Section2
CTCCTAAGTTATGTCT-1,XGE202122,VR03_S2,coleoptile,VR03,Section2,12,4,VR03_coleoptile,ground,coleoptile_Section2
CTCCTCCAGCTCACAC-1,XGE202122,VR03_S1,P4,VR03,Section1,13,18,VR03_P4,ground,P4_Section1
CTCCTTTACGCAAGTC-1,XGE202122,VR03_S4,P4,VR03,Section4,17,10,VR03_P4,ground,P4_Section4
CTCGAATGGAACGTAT-1,XGE202122,VR03_S4,coleoptile,VR03,Section4,26,1,VR03_coleoptile,ground,coleoptile_Section4
CTCGAGGCAAGTTTCA-1,XGE202122,VR03_S1,co_v,VR03,Section1,24,20,VR03_co_v,ground,co_v_Section1
CTCGAGGTCGAACAGT-1,XGE202122,VR03_S2,coleoptile,VR03,Section2,10,2,VR03_coleoptile,ground,coleoptile_Section2
CTCGATATTTGCGAGC-1,XGE202122,VR03_S4,P3,VR03,Section4,13,23,VR03_P3,ground,P3_Section4
CTCGCCGAATGTAGGG-1,XGE202122,VR03_S1,coleoptile,VR03,Section1,6,4,VR03_coleoptile,ground,coleoptile_Section1
CTCGGGTTCTCTGGCC-1,XGE202122,VR03_S1,coleoptile,VR03,Section1,20,7,VR03_coleoptile,ground,coleoptile_Section1
CTCGGTCCGTAGCCTG-1,XGE202122,VR03_S2,P5,VR03,Section2,2,22,VR03_P5,ground,P5_Section2
CTCGTTACGGCTACCA-1,XGE202122,VR03_S1,P5,VR03,Section1,3,0,VR03_P5,ground,P5_Section1
CTCGTTTCTAATGTTT-1,XGE202122,VR03_S4,P1_P2,VR03,Section4,0,5,VR03_P1_P2,ground,P1_P2_Section4
CTCTAATGCATTGATC-1,XGE202122,VR03_S4,P5,VR03,Section4,7,0,VR03_P5,ms,P5_Section4
CTCTGCAGGCATTCTT-1,XGE202122,VR03_S1,coleoptile,VR03,Section1,5,9,VR03_coleoptile,ground,coleoptile_Section1
CTCTGGACGCCTGGTG-1,XGE202122,VR03_S2,coleoptile,VR03,Section2,16,9,VR03_coleoptile,ground,coleoptile_Section2
CTCTTGTCCCGCTTGG-1,XGE202122,VR03_S1,coleoptile,VR03,Section1,23,9,VR03_coleoptile,ground,coleoptile_Section1
CTGACTGCGCAGCTCG-1,XGE202122,VR03_S4,coleoptile,VR03,Section4,11,3,VR03_coleoptile,ground,coleoptile_Section4
CTGAGAGTAGAAATAC-1,XGE202122,VR03_S3,coleoptile,VR03,Section3,1,12,VR03_coleoptile,ground,coleoptile_Section3
CTGAGCAAGTAACAAG-1,XGE202122,VR03_S2,coleoptile,VR03,Section2,16,30,VR03_coleoptile,ground,coleoptile_Section2
CTGATCCCTTTATGCA-1,XGE202122,VR03_S1,coleoptile,VR03,Section1,19,7,VR03_coleoptile,ground,coleoptile_Section1
CTGCAAGCACGTTCCG-1,XGE202122,VR03_S3,P1_P2,VR03,Section3,0,5,VR03_P1_P2,ground,P1_P2_Section3
CTGCACCTAGTCCACA-1,XGE202122,VR03_S4,coleoptile,VR03,Section4,5,2,VR03_coleoptile,ground,coleoptile_Section4
CTGCACCTGGAACCGC-1,XGE202122,VR03_S2,coleoptile,VR03,Section2,11,3,VR03_coleoptile,ground,coleoptile_Section2
CTGCAGAGAATCAGAG-1,XGE202122,VR03_S3,P5,VR03,Section3,3,0,VR03_P5,ground,P5_Section3
CTGCCTTTAATACCTT-1,XGE202122,VR03_S1,coleoptile,VR03,Section1,1,6,VR03_coleoptile,ground,coleoptile_Section1
CTGCCTTTCTAGTAAA-1,XGE202122,VR03_S3,coleoptile,VR03,Section3,20,16,VR03_coleoptile,ground,coleoptile_Section3
CTGCGGTAGTCACGTG-1,XGE202122,VR03_S4,coleoptile,VR03,Section4,10,30,VR03_coleoptile,ground,coleoptile_Section4
CTGCGTTACGATATAA-1,XGE202122,VR03_S4,coleoptile,VR03,Section4,11,7,VR03_coleoptile,ground,coleoptile_Section4
CTGCTCTCAACACACC-1,XGE202122,VR03_S3,coleoptile,VR03,Section3,21,9,VR03_coleoptile,ground,coleoptile_Section3
CTGCTTTATGTCCGCG-1,XGE202122,VR03_S4,P5,VR03,Section4,15,18,VR03_P5,ground,P5_Section4
CTGGAAATGGATGCTT-1,XGE202122,VR03_S2,coleoptile,VR03,Section2,25,15,VR03_coleoptile,ground,coleoptile_Section2
CTGGCGGGAATAAGTA-1,XGE202122,VR03_S2,coleoptile,VR03,Section2,8,4,VR03_coleoptile,ground,coleoptile_Section2
CTGGCTGGTTGTCAGT-1,XGE202122,VR03_S1,coleoptile,VR03,Section1,23,9,VR03_coleoptile,ground,coleoptile_Section1
CTGGTAAAGTGTGGGC-1,XGE202122,VR03_S3,P3,VR03,Section3,13,18,VR03_P3,ve,P3_Section3
CTGGTAACGAGCTCTT-1,XGE202122,VR03_S4,coleoptile,VR03,Section4,25,6,VR03_coleoptile,ground,coleoptile_Section4
CTGTAGCCATCTCACT-1,XGE202122,VR03_S1,coleoptile,VR03,Section1,11,6,VR03_coleoptile,ground,coleoptile_Section1
CTGTAGTGAGGATCGA-1,XGE202122,VR03_S1,P4,VR03,Section1,13,8,VR03_P4,ground,P4_Section1
CTGTATGGTGTAGAAA-1,XGE202122,VR03_S2,P5,VR03,Section2,25,15,VR03_P5,ground,P5_Section2
CTGTCAAATGGCTCGG-1,XGE202122,VR03_S4,coleoptile,VR03,Section4,22,19,VR03_coleoptile,ground,coleoptile_Section4
CTGTCACGCCAGGCGC-1,XGE202122,VR03_S4,coleoptile,VR03,Section4,10,2,VR03_coleoptile,ground,coleoptile_Section4
CTGTGGTCGGGAGATA-1,XGE202122,VR03_S3,coleoptile,VR03,Section3,8,27,VR03_coleoptile,ground,coleoptile_Section3
CTGTTCACTGCCTGTG-1,XGE202122,VR03_S2,coleoptile,VR03,Section2,1,15,VR03_coleoptile,ground,coleoptile_Section2
CTGTTCATCTCACGGG-1,XGE202122,VR03_S2,P5,VR03,Section2,28,10,VR03_P5,ground,P5_Section2
CTTAACTTACAGTATA-1,XGE202122,VR03_S3,coleoptile,VR03,Section3,29,12,VR03_coleoptile,ground,coleoptile_Section3
CTTACACGGTATTCCA-1,XGE202122,VR03_S2,P5,VR03,Section2,7,22,VR03_P5,ground,P5_Section2
CTTACACTGGGAAATA-1,XGE202122,VR03_S2,P5,VR03,Section2,17,10,VR03_P5,ground,P5_Section2
CTTACTGACTCCTCTG-1,XGE202122,VR03_S3,coleoptile,VR03,Section3,31,17,VR03_coleoptile,ground,coleoptile_Section3
CTTAGTAGGCCTACAG-1,XGE202122,VR03_S4,coleoptile,VR03,Section4,4,3,VR03_coleoptile,ground,coleoptile_Section4
CTTAGTTGAGGAATCG-1,XGE202122,VR03_S1,P5,VR03,Section1,7,0,VR03_P5,ground,P5_Section1
CTTATAGATGGCTGTT-1,XGE202122,VR03_S3,P4,VR03,Section3,2,0,VR03_P4,ground,P4_Section3
CTTATGTTGACTACCA-1,XGE202122,VR03_S2,coleoptile,VR03,Section2,8,1,VR03_coleoptile,ground,coleoptile_Section2
CTTCATAGCTCAAGAA-1,XGE202122,VR03_S2,P4,VR03,Section2,2,22,VR03_P4,ground,P4_Section2
CTTCCGCTCCGTGAAG-1,XGE202122,VR03_S1,coleoptile,VR03,Section1,24,20,VR03_coleoptile,ground,coleoptile_Section1
CTTCGGCCAATTGTTT-1,XGE202122,VR03_S3,coleoptile,VR03,Section3,6,4,VR03_coleoptile,ground,coleoptile_Section3
CTTCTGGGCGTACCTA-1,XGE202122,VR03_S1,P4,VR03,Section1,7,0,VR03_P4,ground,P4_Section1
CTTGATGACCATCCAG-1,XGE202122,VR03_S3,coleoptile,VR03,Section3,22,19,VR03_coleoptile,ground,coleoptile_Section3
CTTGCCCACCCACGCA-1,XGE202122,VR03_S3,coleoptile,VR03,Section3,22,19,VR03_coleoptile,ground,coleoptile_Section3
CTTGGCCAAGCTGGGA-1,XGE202122,VR03_S1,coleoptile,VR03,Section1,25,15,VR03_coleoptile,ground,coleoptile_Section1
CTTGTACTTGTTGACT-1,XGE202122,VR03_S2,P4,VR03,Section2,13,8,VR03_P4,ground,P4_Section2
CTTGTGCTCACCGATT-1,XGE202122,VR03_S4,P4,VR03,Section4,3,18,VR03_P4,ground,P4_Section4
CTTGTTTATGTAGCCA-1,XGE202122,VR03_S2,coleoptile,VR03,Section2,31,17,VR03_coleoptile,ground,coleoptile_Section2
CTTTGCATCGCTCTTG-1,XGE202122,VR03_S3,coleoptile,VR03,Section3,5,2,VR03_coleoptile,ground,coleoptile_Section3
CTTTGGCTTTAGTAAA-1,XGE202122,VR03_S2,coleoptile,VR03,Section2,14,3,VR03_coleoptile,ground,coleoptile_Section2
GAAACCATGGTGCGCT-1,XGE202122,VR03_S4,P5,VR03,Section4,15,15,VR03_P5,ground,P5_Section4
GAAACCTATACAAATG-1,XGE202122,VR03_S1,P5,VR03,Section1,7,0,VR03_P5,ground,P5_Section1
GAAAGCAGTGCACTTT-1,XGE202122,VR03_S1,coleoptile,VR03,Section1,10,9,VR03_coleoptile,ground,coleoptile_Section1
GAAAGTGACTAACTGC-1,XGE202122,VR03_S2,coleoptile,VR03,Section2,1,6,VR03_coleoptile,ground,coleoptile_Section2
GAAATACTAAACGTTT-1,XGE202122,VR03_S2,coleoptile,VR03,Section2,12,27,VR03_coleoptile,ground,coleoptile_Section2
GAAATATGCTTGAATG-1,XGE202122,VR03_S4,P5,VR03,Section4,17,22,VR03_P5,ve,P5_Section4
GAAATGGCGGTGTTAG-1,XGE202122,VR03_S2,coleoptile,VR03,Section2,15,13,VR03_coleoptile,ground,coleoptile_Section2
GAAATTAGCACGGATA-1,XGE202122,VR03_S4,P4,VR03,Section4,13,18,VR03_P4,ground,P4_Section4
GAAATTCACATCGCTG-1,XGE202122,VR03_S2,coleoptile,VR03,Section2,6,4,VR03_coleoptile,ground,coleoptile_Section2
GAAGAAACGATATTGT-1,XGE202122,VR03_S1,coleoptile,VR03,Section1,20,7,VR03_coleoptile,ground,coleoptile_Section1
GAAGAACGGTGCAGGT-1,XGE202122,VR03_S2,coleoptile,VR03,Section2,1,6,VR03_coleoptile,ground,coleoptile_Section2
GAAGCCTGCACATTCC-1,XGE202122,VR03_S1,coleoptile,VR03,Section1,4,3,VR03_coleoptile,ground,coleoptile_Section1
GAAGGAGTCGAGTGCG-1,XGE202122,VR03_S1,coleoptile,VR03,Section1,14,3,VR03_coleoptile,ground,coleoptile_Section1
GAAGGCTACCATTGTT-1,XGE202122,VR03_S4,coleoptile,VR03,Section4,6,16,VR03_coleoptile,ground,coleoptile_Section4
GAAGTTTCCACTCAAT-1,XGE202122,VR03_S2,coleoptile,VR03,Section2,22,4,VR03_coleoptile,ground,coleoptile_Section2
GAATAGCCCTGCGGTC-1,XGE202122,VR03_S4,P4,VR03,Section4,15,18,VR03_P4,ground,P4_Section4
GAATAGTGCTCGATTA-1,XGE202122,VR03_S1,P5,VR03,Section1,3,14,VR03_P5,ground,P5_Section1
GAATCGACATGGTCAC-1,XGE202122,VR03_S2,P3,VR03,Section2,0,5,VR03_P3,ground,P3_Section2
GAATCGCCGGACACGG-1,XGE202122,VR03_S2,coleoptile,VR03,Section2,6,4,VR03_coleoptile,ground,coleoptile_Section2
GAATGAAGGTCTTCAG-1,XGE202122,VR03_S4,coleoptile,VR03,Section4,4,3,VR03_coleoptile,ground,coleoptile_Section4
GAATGTATGGCAGGTC-1,XGE202122,VR03_S4,coleoptile,VR03,Section4,1,6,VR03_coleoptile,ground,coleoptile_Section4
GAATTTCTCGCTGCAG-1,XGE202122,VR03_S2,coleoptile,VR03,Section2,19,16,VR03_coleoptile,ground,coleoptile_Section2
GACAACGCAGCTTACG-1,XGE202122,VR03_S2,P5,VR03,Section2,2,15,VR03_P5,ground,P5_Section2
GACAAGACGCCCGTGC-1,XGE202122,VR03_S3,co_v,VR03,Section3,24,20,VR03_co_v,ground,co_v_Section3
GACAAGAGATGAGATT-1,XGE202122,VR03_S3,P5,VR03,Section3,7,0,VR03_P5,ground,P5_Section3
GACACCCAAAGACGCG-1,XGE202122,VR03_S1,coleoptile,VR03,Section1,32,21,VR03_coleoptile,ground,coleoptile_Section1
GACACGAGTTAGAGGA-1,XGE202122,VR03_S2,coleoptile,VR03,Section2,16,30,VR03_coleoptile,ground,coleoptile_Section2
GACACTGGAACCCGAT-1,XGE202122,VR03_S3,coleoptile,VR03,Section3,4,3,VR03_coleoptile,ground,coleoptile_Section3
GACATCGATTTATAAC-1,XGE202122,VR03_S1,coleoptile,VR03,Section1,16,19,VR03_coleoptile,ground,coleoptile_Section1
GACCAAACGTTGACTG-1,XGE202122,VR03_S3,P4,VR03,Section3,13,18,VR03_P4,ground,P4_Section3
GACCGCGTCTGACGTG-1,XGE202122,VR03_S3,coleoptile,VR03,Section3,8,1,VR03_coleoptile,ground,coleoptile_Section3
GACGAGGCTAATAAAC-1,XGE202122,VR03_S3,coleoptile,VR03,Section3,27,6,VR03_coleoptile,ground,coleoptile_Section3
GACGATATCACTGGGT-1,XGE202122,VR03_S1,co_v,VR03,Section1,24,20,VR03_co_v,ground,co_v_Section1
GACGCCGTAAAGGCTA-1,XGE202122,VR03_S1,coleoptile,VR03,Section1,23,9,VR03_coleoptile,ground,coleoptile_Section1
GACGCCTGTTGCAGGG-1,XGE202122,VR03_S2,coleoptile,VR03,Section2,26,1,VR03_coleoptile,ground,coleoptile_Section2
GACGGTCAATAGAAGC-1,XGE202122,VR03_S4,coleoptile,VR03,Section4,11,3,VR03_coleoptile,ground,coleoptile_Section4
GACGTGTAGGGATTAT-1,XGE202122,VR03_S2,coleoptile,VR03,Section2,1,12,VR03_coleoptile,ground,coleoptile_Section2
GACGTTCGTAAATACA-1,XGE202122,VR03_S4,coleoptile,VR03,Section4,4,3,VR03_coleoptile,ground,coleoptile_Section4
GACGTTGCTCGGCGGC-1,XGE202122,VR03_S1,coleoptile,VR03,Section1,10,17,VR03_coleoptile,ground,coleoptile_Section1
GACTAACACAGCACCT-1,XGE202122,VR03_S4,coleoptile,VR03,Section4,8,1,VR03_coleoptile,ground,coleoptile_Section4
GACTAAGATCATGCAC-1,XGE202122,VR03_S2,P5,VR03,Section2,28,10,VR03_P5,ve,P5_Section2
GACTAAGTAGGCTCAC-1,XGE202122,VR03_S2,P4,VR03,Section2,28,10,VR03_P4,ve,P4_Section2
GACTCCCAGAATAAGG-1,XGE202122,VR03_S4,coleoptile,VR03,Section4,30,25,VR03_coleoptile,ground,coleoptile_Section4
GACTCGCGGGAATGAC-1,XGE202122,VR03_S4,P5,VR03,Section4,3,24,VR03_P5,ground,P5_Section4
GACTCGGTCGGCGGAT-1,XGE202122,VR03_S4,coleoptile,VR03,Section4,33,16,VR03_coleoptile,ground,coleoptile_Section4
GACTGATTGGTCACAA-1,XGE202122,VR03_S4,coleoptile,VR03,Section4,5,2,VR03_coleoptile,ground,coleoptile_Section4
GACTGCTGGTGAGAAA-1,XGE202122,VR03_S1,P3,VR03,Section1,9,5,VR03_P3,ground,P3_Section1
GAGAAACTGGATCCCA-1,XGE202122,VR03_S3,coleoptile,VR03,Section3,30,25,VR03_coleoptile,ground,coleoptile_Section3
GAGAACGGTTCTGACT-1,XGE202122,VR03_S3,P5,VR03,Section3,2,0,VR03_P5,ground,P5_Section3
GAGACCCTGCAACGCC-1,XGE202122,VR03_S4,coleoptile,VR03,Section4,20,16,VR03_coleoptile,ground,coleoptile_Section4
GAGACTGATGGGTAGA-1,XGE202122,VR03_S2,co_v,VR03,Section2,30,25,VR03_co_v,ground,co_v_Section2
GAGACTTCGCGACCGA-1,XGE202122,VR03_S1,coleoptile,VR03,Section1,16,9,VR03_coleoptile,ground,coleoptile_Section1
GAGAGGCCTATGTGTA-1,XGE202122,VR03_S3,P5,VR03,Section3,7,0,VR03_P5,ground,P5_Section3
GAGAGTCTCGGGAGAG-1,XGE202122,VR03_S1,coleoptile,VR03,Section1,29,12,VR03_coleoptile,ground,coleoptile_Section1
GAGATCTGCTTGGCAT-1,XGE202122,VR03_S2,coleoptile,VR03,Section2,21,9,VR03_coleoptile,ground,coleoptile_Section2
GAGCATCATCCCTGGG-1,XGE202122,VR03_S2,coleoptile,VR03,Section2,20,16,VR03_coleoptile,ground,coleoptile_Section2
GAGCCGAGCGTTTATT-1,XGE202122,VR03_S4,coleoptile,VR03,Section4,25,15,VR03_coleoptile,ground,coleoptile_Section4
GAGCGCAAATACTCCG-1,XGE202122,VR03_S3,coleoptile,VR03,Section3,4,3,VR03_coleoptile,ground,coleoptile_Section3
GAGCGGAATGCGGTGT-1,XGE202122,VR03_S1,P4,VR03,Section1,9,8,VR03_P4,ground,P4_Section1
GAGCTCTCGGACCTAA-1,XGE202122,VR03_S2,coleoptile,VR03,Section2,27,2,VR03_coleoptile,ground,coleoptile_Section2
GAGCTGTCGTCTCGGA-1,XGE202122,VR03_S4,P3,VR03,Section4,15,18,VR03_P3,ground,P3_Section4
GAGGAATATCTCTTTG-1,XGE202122,VR03_S1,P5,VR03,Section1,17,0,VR03_P5,ground,P5_Section1
GAGGAATGGAGAGGTT-1,XGE202122,VR03_S2,coleoptile,VR03,Section2,11,3,VR03_coleoptile,ground,coleoptile_Section2
GAGGGAGTCAGATCGC-1,XGE202122,VR03_S1,P1_P2,VR03,Section1,0,5,VR03_P1_P2,ground,P1_P2_Section1
GAGGGCATCGCGTATC-1,XGE202122,VR03_S2,coleoptile,VR03,Section2,8,4,VR03_coleoptile,ground,coleoptile_Section2
GAGGGCCATAATATTA-1,XGE202122,VR03_S4,coleoptile,VR03,Section4,8,1,VR03_coleoptile,ground,coleoptile_Section4
GAGGGCGCAGCTCTGC-1,XGE202122,VR03_S4,coleoptile,VR03,Section4,21,16,VR03_coleoptile,ground,coleoptile_Section4
GAGGGTAGTAACAAAG-1,XGE202122,VR03_S1,P5,VR03,Section1,3,18,VR03_P5,ground,P5_Section1
GAGGTCCCAAAGATCT-1,XGE202122,VR03_S2,coleoptile,VR03,Section2,23,30,VR03_coleoptile,ground,coleoptile_Section2
GAGGTCCGTTCGCTGT-1,XGE202122,VR03_S1,coleoptile,VR03,Section1,23,21,VR03_coleoptile,ground,coleoptile_Section1
GAGTAAATTAAGAACC-1,XGE202122,VR03_S3,co_v,VR03,Section3,24,20,VR03_co_v,ground,co_v_Section3
GAGTACGGGTATACAA-1,XGE202122,VR03_S2,P5,VR03,Section2,2,22,VR03_P5,ground,P5_Section2
GAGTAGATACTAGTTG-1,XGE202122,VR03_S1,coleoptile,VR03,Section1,5,16,VR03_coleoptile,ground,coleoptile_Section1
GAGTATACCCTAATCA-1,XGE202122,VR03_S1,coleoptile,VR03,Section1,11,12,VR03_coleoptile,ground,coleoptile_Section1
GAGTATCAAAGTTACA-1,XGE202122,VR03_S3,coleoptile,VR03,Section3,1,3,VR03_coleoptile,ground,coleoptile_Section3
GAGTCAGACCAGAATC-1,XGE202122,VR03_S1,coleoptile,VR03,Section1,31,17,VR03_coleoptile,ground,coleoptile_Section1
GATAAATCGGTGGATG-1,XGE202122,VR03_S2,P5,VR03,Section2,17,10,VR03_P5,ground,P5_Section2
GATAGAACCCGCTAGG-1,XGE202122,VR03_S1,coleoptile,VR03,Section1,29,12,VR03_coleoptile,ground,coleoptile_Section1
GATATGCGGTAGCCAA-1,XGE202122,VR03_S4,coleoptile,VR03,Section4,25,15,VR03_coleoptile,ground,coleoptile_Section4
GATATTGAGATTGGCG-1,XGE202122,VR03_S4,coleoptile,VR03,Section4,6,4,VR03_coleoptile,ground,coleoptile_Section4
GATATTTCCTACATGG-1,XGE202122,VR03_S4,coleoptile,VR03,Section4,4,7,VR03_coleoptile,ground,coleoptile_Section4
GATCAACATAAAGGGA-1,XGE202122,VR03_S1,P4,VR03,Section1,13,23,VR03_P4,ground,P4_Section1
GATCATTCCAAACATT-1,XGE202122,VR03_S2,coleoptile,VR03,Section2,16,30,VR03_coleoptile,ground,coleoptile_Section2
GATCCCTTTATACTGC-1,XGE202122,VR03_S2,coleoptile,VR03,Section2,31,2,VR03_coleoptile,ground,coleoptile_Section2
GATCCTAAATCGGGAC-1,XGE202122,VR03_S4,P5,VR03,Section4,3,18,VR03_P5,ground,P5_Section4
GATCGACACTATCTGA-1,XGE202122,VR03_S2,P4,VR03,Section2,9,8,VR03_P4,ground,P4_Section2
GATCGCTACCCGATTT-1,XGE202122,VR03_S3,coleoptile,VR03,Section3,8,1,VR03_coleoptile,ground,coleoptile_Section3
GATCGCTATATCTCAG-1,XGE202122,VR03_S1,coleoptile,VR03,Section1,22,19,VR03_coleoptile,ground,coleoptile_Section1
GATCTGCTATCTAAGG-1,XGE202122,VR03_S1,P5,VR03,Section1,17,10,VR03_P5,ve,P5_Section1
GATGACAAGTAGGGCA-1,XGE202122,VR03_S1,coleoptile,VR03,Section1,4,7,VR03_coleoptile,ground,coleoptile_Section1
GATGACGATGATCGCG-1,XGE202122,VR03_S4,P5,VR03,Section4,15,18,VR03_P5,ve,P5_Section4
GATGCTACCTTCGATG-1,XGE202122,VR03_S1,coleoptile,VR03,Section1,14,12,VR03_coleoptile,ground,coleoptile_Section1
GATGGCGCACACATTA-1,XGE202122,VR03_S2,coleoptile,VR03,Section2,31,25,VR03_coleoptile,ground,coleoptile_Section2
GATGTTTGTGCGAGAT-1,XGE202122,VR03_S2,coleoptile,VR03,Section2,1,6,VR03_coleoptile,ground,coleoptile_Section2
GATTAACCGAAAGCCC-1,XGE202122,VR03_S3,coleoptile,VR03,Section3,10,2,VR03_coleoptile,ground,coleoptile_Section3
GATTAGAAACAAGCGT-1,XGE202122,VR03_S1,coleoptile,VR03,Section1,21,11,VR03_coleoptile,ground,coleoptile_Section1
GATTGCTCCAGTTGCA-1,XGE202122,VR03_S1,coleoptile,VR03,Section1,18,7,VR03_coleoptile,ground,coleoptile_Section1
GCAAATATTACGCTTT-1,XGE202122,VR03_S2,coleoptile,VR03,Section2,22,1,VR03_coleoptile,ground,coleoptile_Section2
GCAACCACCAGACCGG-1,XGE202122,VR03_S4,coleoptile,VR03,Section4,4,30,VR03_coleoptile,ground,coleoptile_Section4
GCAAGATGTGTTCGCG-1,XGE202122,VR03_S4,coleoptile,VR03,Section4,11,3,VR03_coleoptile,ground,coleoptile_Section4
GCAAGTGCACAGAGAA-1,XGE202122,VR03_S2,P1_P2,VR03,Section2,0,5,VR03_P1_P2,ground,P1_P2_Section2
GCACACACTGGTAGCC-1,XGE202122,VR03_S3,coleoptile,VR03,Section3,10,2,VR03_coleoptile,ground,coleoptile_Section3
GCACAGCACGGGCCGA-1,XGE202122,VR03_S1,coleoptile,VR03,Section1,29,12,VR03_coleoptile,ground,coleoptile_Section1
GCACCTTCCCGAAGGT-1,XGE202122,VR03_S3,coleoptile,VR03,Section3,27,12,VR03_coleoptile,ground,coleoptile_Section3
GCACGCCTACTTAGAT-1,XGE202122,VR03_S1,coleoptile,VR03,Section1,5,9,VR03_coleoptile,ground,coleoptile_Section1
GCACGTGGTTTACTTA-1,XGE202122,VR03_S3,P3,VR03,Section3,9,8,VR03_P3,ve,P3_Section3
GCACTAGTCGCGCTAT-1,XGE202122,VR03_S2,coleoptile,VR03,Section2,4,3,VR03_coleoptile,ground,coleoptile_Section2
GCAGCTATGGACAGGT-1,XGE202122,VR03_S4,coleoptile,VR03,Section4,20,16,VR03_coleoptile,ground,coleoptile_Section4
GCAGGTAGAGTATGGT-1,XGE202122,VR03_S4,P5,VR03,Section4,7,0,VR03_P5,ground,P5_Section4
GCAGTGCGGGCGGATG-1,XGE202122,VR03_S3,coleoptile,VR03,Section3,12,4,VR03_coleoptile,ground,coleoptile_Section3
GCAGTTCGATCCGAGC-1,XGE202122,VR03_S3,P5,VR03,Section3,2,15,VR03_P5,ve,P5_Section3
GCATCCCTAACTTTGA-1,XGE202122,VR03_S2,P5,VR03,Section2,7,0,VR03_P5,ground,P5_Section2
GCATCGGCCGTGTAGG-1,XGE202122,VR03_S3,coleoptile,VR03,Section3,22,19,VR03_coleoptile,ground,coleoptile_Section3
GCATGACACAAAGGAA-1,XGE202122,VR03_S3,coleoptile,VR03,Section3,23,9,VR03_coleoptile,ground,coleoptile_Section3
GCATGAGGGACGCGGC-1,XGE202122,VR03_S4,coleoptile,VR03,Section4,6,4,VR03_coleoptile,ground,coleoptile_Section4
GCATGCTAATAACGAT-1,XGE202122,VR03_S3,coleoptile,VR03,Section3,12,4,VR03_coleoptile,ground,coleoptile_Section3
GCATTCAAGGCAACGC-1,XGE202122,VR03_S4,coleoptile,VR03,Section4,27,17,VR03_coleoptile,ground,coleoptile_Section4
GCATTTCCAAGGCTCC-1,XGE202122,VR03_S4,coleoptile,VR03,Section4,16,2,VR03_coleoptile,ground,coleoptile_Section4
GCCAACCATTTCCGGA-1,XGE202122,VR03_S4,P5,VR03,Section4,3,18,VR03_P5,ground,P5_Section4
GCCAATAGGGCATCTC-1,XGE202122,VR03_S4,P4,VR03,Section4,13,23,VR03_P4,ground,P4_Section4
GCCACTCAGAGCGCGA-1,XGE202122,VR03_S3,co_v,VR03,Section3,31,17,VR03_co_v,ground,co_v_Section3
GCCACTCCTTACGGTA-1,XGE202122,VR03_S3,coleoptile,VR03,Section3,14,3,VR03_coleoptile,ground,coleoptile_Section3
GCCAGGAAAGAACACT-1,XGE202122,VR03_S1,co_v,VR03,Section1,30,25,VR03_co_v,ground,co_v_Section1
GCCAGGAGTAACCGAT-1,XGE202122,VR03_S4,coleoptile,VR03,Section4,1,13,VR03_coleoptile,ground,coleoptile_Section4
GCCAGGCGTTCGCATG-1,XGE202122,VR03_S4,coleoptile,VR03,Section4,16,27,VR03_coleoptile,ground,coleoptile_Section4
GCCATATTGCACACAG-1,XGE202122,VR03_S4,coleoptile,VR03,Section4,15,13,VR03_coleoptile,ground,coleoptile_Section4
GCCATCGAGCTGCGTG-1,XGE202122,VR03_S1,coleoptile,VR03,Section1,20,9,VR03_coleoptile,ground,coleoptile_Section1
GCCATCGATGCTGCAT-1,XGE202122,VR03_S4,coleoptile,VR03,Section4,5,2,VR03_coleoptile,ground,coleoptile_Section4
GCCCACCAAGGCTGTC-1,XGE202122,VR03_S2,coleoptile,VR03,Section2,20,11,VR03_coleoptile,ground,coleoptile_Section2
GCCCAGTTGGTATGCC-1,XGE202122,VR03_S2,P4,VR03,Section2,9,8,VR03_P4,ground,P4_Section2
GCCCGCGCGTTTGACA-1,XGE202122,VR03_S2,P3,VR03,Section2,0,5,VR03_P3,ground,P3_Section2
GCCCGTTCACACAATT-1,XGE202122,VR03_S1,coleoptile,VR03,Section1,32,24,VR03_coleoptile,ground,coleoptile_Section1
GCCGAAATTCCTACGT-1,XGE202122,VR03_S2,coleoptile,VR03,Section2,6,9,VR03_coleoptile,ground,coleoptile_Section2
GCCGACCCACGACTGC-1,XGE202122,VR03_S1,coleoptile,VR03,Section1,1,13,VR03_coleoptile,ground,coleoptile_Section1
GCCGGTCGTATCTCTC-1,XGE202122,VR03_S1,coleoptile,VR03,Section1,2,0,VR03_coleoptile,ground,coleoptile_Section1
GCCGTCGGTTTCGGGC-1,XGE202122,VR03_S1,P5,VR03,Section1,3,0,VR03_P5,ground,P5_Section1
GCCTATAGTGTCAGGG-1,XGE202122,VR03_S4,coleoptile,VR03,Section4,21,16,VR03_coleoptile,ground,coleoptile_Section4
GCCTATCAGGTAAGAT-1,XGE202122,VR03_S3,coleoptile,VR03,Section3,19,21,VR03_coleoptile,ground,coleoptile_Section3
GCCTATGCTGGGCCTT-1,XGE202122,VR03_S4,P5,VR03,Section4,2,22,VR03_P5,ground,P5_Section4
GCCTATTCCGATATAG-1,XGE202122,VR03_S2,coleoptile,VR03,Section2,14,30,VR03_coleoptile,ground,coleoptile_Section2
GCCTCCGACAATTCAC-1,XGE202122,VR03_S3,coleoptile,VR03,Section3,1,6,VR03_coleoptile,ground,coleoptile_Section3
GCCTGCTACACTGAGA-1,XGE202122,VR03_S4,coleoptile,VR03,Section4,6,4,VR03_coleoptile,ground,coleoptile_Section4
GCCTTCAGCCCTACCG-1,XGE202122,VR03_S2,coleoptile,VR03,Section2,25,15,VR03_coleoptile,ground,coleoptile_Section2
GCGAAACGATCGGGAG-1,XGE202122,VR03_S3,coleoptile,VR03,Section3,16,30,VR03_coleoptile,ground,coleoptile_Section3
GCGAAGCCATACCCGT-1,XGE202122,VR03_S2,coleoptile,VR03,Section2,5,9,VR03_coleoptile,ground,coleoptile_Section2
GCGACCCAACCATCTG-1,XGE202122,VR03_S1,coleoptile,VR03,Section1,1,6,VR03_coleoptile,ground,coleoptile_Section1
GCGAGAGGCCATGTAA-1,XGE202122,VR03_S4,P5,VR03,Section4,15,18,VR03_P5,ground,P5_Section4
GCGAGAGTTGCGTCCA-1,XGE202122,VR03_S4,coleoptile,VR03,Section4,5,2,VR03_coleoptile,ground,coleoptile_Section4
GCGCAAATATATTCAA-1,XGE202122,VR03_S1,coleoptile,VR03,Section1,22,19,VR03_coleoptile,ground,coleoptile_Section1
GCGCATCCAGTCAGCA-1,XGE202122,VR03_S4,coleoptile,VR03,Section4,11,3,VR03_coleoptile,ground,coleoptile_Section4
GCGCGGTCTAGTAACT-1,XGE202122,VR03_S1,coleoptile,VR03,Section1,29,12,VR03_coleoptile,ground,coleoptile_Section1
GCGCTGCTTTGCATTT-1,XGE202122,VR03_S4,coleoptile,VR03,Section4,29,6,VR03_coleoptile,ground,coleoptile_Section4
GCGCTTAAATAATTGG-1,XGE202122,VR03_S3,coleoptile,VR03,Section3,16,27,VR03_coleoptile,ground,coleoptile_Section3
GCGGAGAAACTTCGCA-1,XGE202122,VR03_S1,coleoptile,VR03,Section1,22,19,VR03_coleoptile,ground,coleoptile_Section1
GCGGCAAAGTATTGCC-1,XGE202122,VR03_S1,coleoptile,VR03,Section1,22,19,VR03_coleoptile,ground,coleoptile_Section1
GCGGGCATTACGATGC-1,XGE202122,VR03_S4,coleoptile,VR03,Section4,8,1,VR03_coleoptile,ground,coleoptile_Section4
GCGGGCGAGCCTTACC-1,XGE202122,VR03_S1,coleoptile,VR03,Section1,10,9,VR03_coleoptile,ground,coleoptile_Section1
GCGGTCCCGGTGAAGG-1,XGE202122,VR03_S4,coleoptile,VR03,Section4,12,4,VR03_coleoptile,ground,coleoptile_Section4
GCGGTCCCTAGACGCA-1,XGE202122,VR03_S2,coleoptile,VR03,Section2,4,7,VR03_coleoptile,ground,coleoptile_Section2
GCGGTGAACTGCGCTC-1,XGE202122,VR03_S4,P4,VR03,Section4,17,10,VR03_P4,ground,P4_Section4
GCGTAAATGGCCATAA-1,XGE202122,VR03_S4,coleoptile,VR03,Section4,6,4,VR03_coleoptile,ground,coleoptile_Section4
GCGTCCCTAAGACATA-1,XGE202122,VR03_S1,SAM,VR03,Section1,0,5,VR03_SAM,ground,SAM_Section1
GCGTTCGGAGACCGGG-1,XGE202122,VR03_S4,P1_P2,VR03,Section4,0,5,VR03_P1_P2,ground,P1_P2_Section4
GCGTTCTGACTAAGCG-1,XGE202122,VR03_S3,coleoptile,VR03,Section3,22,19,VR03_coleoptile,ground,coleoptile_Section3
GCTAAACCTGAGGTGA-1,XGE202122,VR03_S2,coleoptile,VR03,Section2,26,1,VR03_coleoptile,ground,coleoptile_Section2
GCTAACTGAAGTCTGA-1,XGE202122,VR03_S3,coleoptile,VR03,Section3,26,1,VR03_coleoptile,ground,coleoptile_Section3
GCTAATACCGAATGCC-1,XGE202122,VR03_S2,P3,VR03,Section2,0,5,VR03_P3,ground,P3_Section2
GCTACAATCGAGGATA-1,XGE202122,VR03_S3,P4,VR03,Section3,0,18,VR03_P4,ground,P4_Section3
GCTAGAGTAGAGATGT-1,XGE202122,VR03_S3,coleoptile,VR03,Section3,31,17,VR03_coleoptile,ground,coleoptile_Section3
GCTAGCAGGGAGTGGG-1,XGE202122,VR03_S4,P4,VR03,Section4,15,18,VR03_P4,ground,P4_Section4
GCTAGCGATAGGTCTT-1,XGE202122,VR03_S1,coleoptile,VR03,Section1,5,9,VR03_coleoptile,ground,coleoptile_Section1
GCTAGTTTCATTGAGG-1,XGE202122,VR03_S2,P5,VR03,Section2,7,0,VR03_P5,ground,P5_Section2
GCTATCGCGGCGCAAC-1,XGE202122,VR03_S2,coleoptile,VR03,Section2,5,30,VR03_coleoptile,ground,coleoptile_Section2
GCTCAATGTAATACCG-1,XGE202122,VR03_S1,coleoptile,VR03,Section1,25,15,VR03_coleoptile,ground,coleoptile_Section1
GCTCATTACTGCATGT-1,XGE202122,VR03_S4,coleoptile,VR03,Section4,27,17,VR03_coleoptile,ground,coleoptile_Section4
GCTCATTGATCATATC-1,XGE202122,VR03_S1,coleoptile,VR03,Section1,21,21,VR03_coleoptile,ground,coleoptile_Section1
GCTCCATGAGTGCAGA-1,XGE202122,VR03_S3,coleoptile,VR03,Section3,6,4,VR03_coleoptile,ground,coleoptile_Section3
GCTCCTGACATACTGG-1,XGE202122,VR03_S1,coleoptile,VR03,Section1,5,9,VR03_coleoptile,ground,coleoptile_Section1
GCTCGGAATTTAAAGC-1,XGE202122,VR03_S4,coleoptile,VR03,Section4,12,19,VR03_coleoptile,ground,coleoptile_Section4
GCTCTAAACCCTGACG-1,XGE202122,VR03_S2,coleoptile,VR03,Section2,1,6,VR03_coleoptile,ground,coleoptile_Section2
GCTCTCGGGTACCGAA-1,XGE202122,VR03_S2,co_v,VR03,Section2,24,20,VR03_co_v,ground,co_v_Section2
GCTGCGAAGAATTATT-1,XGE202122,VR03_S1,coleoptile,VR03,Section1,19,21,VR03_coleoptile,ground,coleoptile_Section1
GCTGCTAAGTAGTCGA-1,XGE202122,VR03_S1,coleoptile,VR03,Section1,23,26,VR03_coleoptile,ground,coleoptile_Section1
GCTGCTCTCCGGACAC-1,XGE202122,VR03_S2,coleoptile,VR03,Section2,16,9,VR03_coleoptile,ground,coleoptile_Section2
GCTGGACCCAAAGTGG-1,XGE202122,VR03_S4,P5,VR03,Section4,28,10,VR03_P5,ve,P5_Section4
GCTGGCATATTCACCT-1,XGE202122,VR03_S2,coleoptile,VR03,Section2,12,4,VR03_coleoptile,ground,coleoptile_Section2
GCTGGGAGCGCGTCAA-1,XGE202122,VR03_S1,coleoptile,VR03,Section1,31,17,VR03_coleoptile,ground,coleoptile_Section1
GCTTGAGTGACCTCTG-1,XGE202122,VR03_S3,coleoptile,VR03,Section3,19,21,VR03_coleoptile,ground,coleoptile_Section3
GCTTGATGATAATCAG-1,XGE202122,VR03_S2,P4,VR03,Section2,13,23,VR03_P4,ground,P4_Section2
GCTTGCAGCACAATTG-1,XGE202122,VR03_S4,coleoptile,VR03,Section4,18,7,VR03_coleoptile,ground,coleoptile_Section4
GCTTGGATCGATTAGG-1,XGE202122,VR03_S4,coleoptile,VR03,Section4,4,3,VR03_coleoptile,ground,coleoptile_Section4
GCTTTACACAACTGGG-1,XGE202122,VR03_S3,coleoptile,VR03,Section3,1,12,VR03_coleoptile,ground,coleoptile_Section3
GCTTTCAGAGGAGGTG-1,XGE202122,VR03_S4,coleoptile,VR03,Section4,6,4,VR03_coleoptile,ground,coleoptile_Section4
GGAAACCTTGTTGAAT-1,XGE202122,VR03_S4,P1_P2,VR03,Section4,0,5,VR03_P1_P2,ground,P1_P2_Section4
GGAAAGTCTTGATTGT-1,XGE202122,VR03_S1,coleoptile,VR03,Section1,19,21,VR03_coleoptile,ground,coleoptile_Section1
GGAAAGTGCCCATGCC-1,XGE202122,VR03_S4,coleoptile,VR03,Section4,1,13,VR03_coleoptile,ground,coleoptile_Section4
GGAACTTTGGCGATTA-1,XGE202122,VR03_S3,P1_P2,VR03,Section3,0,5,VR03_P1_P2,ground,P1_P2_Section3
GGACAACCATGAAGCC-1,XGE202122,VR03_S3,coleoptile,VR03,Section3,21,21,VR03_coleoptile,ground,coleoptile_Section3
GGACCTACGGTAACGT-1,XGE202122,VR03_S4,P4,VR03,Section4,7,18,VR03_P4,ground,P4_Section4
GGACCTCTAGGCCGCC-1,XGE202122,VR03_S1,coleoptile,VR03,Section1,20,9,VR03_coleoptile,ground,coleoptile_Section1
GGACGGCTTGCGCAAC-1,XGE202122,VR03_S4,coleoptile,VR03,Section4,6,4,VR03_coleoptile,ground,coleoptile_Section4
GGACGGGCGACCAACC-1,XGE202122,VR03_S3,P5,VR03,Section3,3,0,VR03_P5,ground,P5_Section3
GGACGTCCATAGTTGG-1,XGE202122,VR03_S4,coleoptile,VR03,Section4,6,4,VR03_coleoptile,ground,coleoptile_Section4
GGACTCGAAGCTTTCA-1,XGE202122,VR03_S3,coleoptile,VR03,Section3,14,7,VR03_coleoptile,ground,coleoptile_Section3
GGACTCGACAGCGCAT-1,XGE202122,VR03_S1,P4,VR03,Section1,3,8,VR03_P4,ground,P4_Section1
GGACTCTTCCGGTTGA-1,XGE202122,VR03_S3,coleoptile,VR03,Section3,14,3,VR03_coleoptile,ground,coleoptile_Section3
GGAGAAGTCATTGGCA-1,XGE202122,VR03_S2,P1_P2,VR03,Section2,0,5,VR03_P1_P2,ground,P1_P2_Section2
GGAGACCAATGTGCTT-1,XGE202122,VR03_S4,coleoptile,VR03,Section4,4,16,VR03_coleoptile,ground,coleoptile_Section4
GGAGCAACATTTCAAG-1,XGE202122,VR03_S3,P5,VR03,Section3,7,0,VR03_P5,ms,P5_Section3
GGAGTGCCGCCCTGGA-1,XGE202122,VR03_S2,P5,VR03,Section2,2,22,VR03_P5,ground,P5_Section2
GGAGTTGATTCTGTGT-1,XGE202122,VR03_S3,P5,VR03,Section3,3,0,VR03_P5,ground,P5_Section3
GGATCATCCCGTACGC-1,XGE202122,VR03_S4,P3,VR03,Section4,0,18,VR03_P3,ground,P3_Section4
GGATCTTACTGCCCTT-1,XGE202122,VR03_S1,P4,VR03,Section1,13,23,VR03_P4,ve,P4_Section1
GGATGGCTTGAAGTAT-1,XGE202122,VR03_S3,coleoptile,VR03,Section3,21,21,VR03_coleoptile,ground,coleoptile_Section3
GGATTCAGTACGGTGG-1,XGE202122,VR03_S2,P5,VR03,Section2,2,22,VR03_P5,ground,P5_Section2
GGCAAGCCCATAGTGG-1,XGE202122,VR03_S1,coleoptile,VR03,Section1,14,3,VR03_coleoptile,ground,coleoptile_Section1
GGCACGCTGCTACAGT-1,XGE202122,VR03_S3,coleoptile,VR03,Section3,19,21,VR03_coleoptile,ground,coleoptile_Section3
GGCACTCAGCCGACCC-1,XGE202122,VR03_S3,coleoptile,VR03,Section3,21,16,VR03_coleoptile,ground,coleoptile_Section3
GGCACTCCACTGGGCA-1,XGE202122,VR03_S2,coleoptile,VR03,Section2,19,7,VR03_coleoptile,ve,coleoptile_Section2
GGCACTGCGGTGGTTT-1,XGE202122,VR03_S3,coleoptile,VR03,Section3,29,12,VR03_coleoptile,ground,coleoptile_Section3
GGCAGCAAACCTATGC-1,XGE202122,VR03_S3,coleoptile,VR03,Section3,33,7,VR03_coleoptile,ground,coleoptile_Section3
GGCAGCGGTAATCCTA-1,XGE202122,VR03_S4,P5,VR03,Section4,28,10,VR03_P5,ve,P5_Section4
GGCCCGTATACCATGC-1,XGE202122,VR03_S4,coleoptile,VR03,Section4,5,4,VR03_coleoptile,ground,coleoptile_Section4
GGCCGAGACTCTGGTG-1,XGE202122,VR03_S1,P5,VR03,Section1,3,18,VR03_P5,ground,P5_Section1
GGCCGCAGGAACCGCA-1,XGE202122,VR03_S3,P5,VR03,Section3,3,0,VR03_P5,ground,P5_Section3
GGCCGTTTGGGTTTCA-1,XGE202122,VR03_S1,P5,VR03,Section1,7,0,VR03_P5,ground,P5_Section1
GGCCTGCTTCTCCCGA-1,XGE202122,VR03_S3,P3,VR03,Section3,15,18,VR03_P3,ground,P3_Section3
GGCGGAGTAATATTAG-1,XGE202122,VR03_S2,coleoptile,VR03,Section2,1,6,VR03_coleoptile,ground,coleoptile_Section2
GGCGTCCTATCCGCTG-1,XGE202122,VR03_S2,coleoptile,VR03,Section2,21,9,VR03_coleoptile,ground,coleoptile_Section2
GGCTAAAGGGCGGGTC-1,XGE202122,VR03_S4,P3,VR03,Section4,0,18,VR03_P3,ve,P3_Section4
GGCTAATGATTGAAAT-1,XGE202122,VR03_S4,coleoptile,VR03,Section4,12,4,VR03_coleoptile,ground,coleoptile_Section4
GGCTACTATACACTCC-1,XGE202122,VR03_S1,P1_P2,VR03,Section1,0,5,VR03_P1_P2,ground,P1_P2_Section1
GGCTATTAAGTTGTAT-1,XGE202122,VR03_S2,coleoptile,VR03,Section2,14,7,VR03_coleoptile,ground,coleoptile_Section2
GGCTCGCGTTGAGGTA-1,XGE202122,VR03_S4,coleoptile,VR03,Section4,21,16,VR03_coleoptile,ground,coleoptile_Section4
GGCTCGTGCCACCAGC-1,XGE202122,VR03_S2,P4,VR03,Section2,2,22,VR03_P4,ground,P4_Section2
GGCTGAGCATCGTAAG-1,XGE202122,VR03_S4,coleoptile,VR03,Section4,19,2,VR03_coleoptile,ground,coleoptile_Section4
GGCTTTCAATAAGGGT-1,XGE202122,VR03_S1,coleoptile,VR03,Section1,5,11,VR03_coleoptile,ground,coleoptile_Section1
GGGAAAGAATGCCAAC-1,XGE202122,VR03_S3,coleoptile,VR03,Section3,29,12,VR03_coleoptile,ground,coleoptile_Section3
GGGAACGGTTTCAGAT-1,XGE202122,VR03_S1,P5,VR03,Section1,7,0,VR03_P5,ground,P5_Section1
GGGAATGAGCCCTCAC-1,XGE202122,VR03_S4,P3,VR03,Section4,9,18,VR03_P3,ground,P3_Section4
GGGACCCGTATATCTT-1,XGE202122,VR03_S1,co_v,VR03,Section1,24,20,VR03_co_v,ground,co_v_Section1
GGGACTGCATAGATAG-1,XGE202122,VR03_S2,coleoptile,VR03,Section2,21,9,VR03_coleoptile,ve,coleoptile_Section2
GGGATCCCAATACAAA-1,XGE202122,VR03_S4,coleoptile,VR03,Section4,8,1,VR03_coleoptile,ground,coleoptile_Section4
GGGCACGTAGTACTGT-1,XGE202122,VR03_S1,P5,VR03,Section1,28,10,VR03_P5,ve,P5_Section1
GGGCAGAGCAATCGTT-1,XGE202122,VR03_S1,coleoptile,VR03,Section1,5,7,VR03_coleoptile,ground,coleoptile_Section1
GGGCATGCATGTCGAG-1,XGE202122,VR03_S1,coleoptile,VR03,Section1,21,21,VR03_coleoptile,ground,coleoptile_Section1
GGGCGATATGTGTGAA-1,XGE202122,VR03_S2,co_v,VR03,Section2,24,20,VR03_co_v,ground,co_v_Section2
GGGCGGTCCTATTGTC-1,XGE202122,VR03_S2,coleoptile,VR03,Section2,16,30,VR03_coleoptile,ground,coleoptile_Section2
GGGCGTACATTTATAT-1,XGE202122,VR03_S2,P5,VR03,Section2,2,22,VR03_P5,ground,P5_Section2
GGGCGTTTACATTCAT-1,XGE202122,VR03_S1,coleoptile,VR03,Section1,18,7,VR03_coleoptile,ground,coleoptile_Section1
GGGCTATGATCGATGG-1,XGE202122,VR03_S1,co_v,VR03,Section1,24,20,VR03_co_v,ground,co_v_Section1
GGGCTCATCGAACCCA-1,XGE202122,VR03_S4,coleoptile,VR03,Section4,14,3,VR03_coleoptile,ground,coleoptile_Section4
GGGCTGGTTAGTCGCG-1,XGE202122,VR03_S2,coleoptile,VR03,Section2,15,13,VR03_coleoptile,ground,coleoptile_Section2
GGGTACCCACGGTCCT-1,XGE202122,VR03_S2,coleoptile,VR03,Section2,16,30,VR03_coleoptile,ground,coleoptile_Section2
GGGTATGTATGCACTT-1,XGE202122,VR03_S2,coleoptile,VR03,Section2,12,4,VR03_coleoptile,ground,coleoptile_Section2
GGGTCACCGTGACGGT-1,XGE202122,VR03_S2,coleoptile,VR03,Section2,6,4,VR03_coleoptile,ve,coleoptile_Section2
GGGTCGTGGCAAGTGT-1,XGE202122,VR03_S4,P4,VR03,Section4,3,14,VR03_P4,ground,P4_Section4
GGGTCTATCGCTTTCC-1,XGE202122,VR03_S3,P1_P2,VR03,Section3,0,5,VR03_P1_P2,ground,P1_P2_Section3
GGGTGCATATGAAAGC-1,XGE202122,VR03_S4,coleoptile,VR03,Section4,10,2,VR03_coleoptile,ground,coleoptile_Section4
GGGTTAACATTTGAGT-1,XGE202122,VR03_S1,coleoptile,VR03,Section1,5,9,VR03_coleoptile,ground,coleoptile_Section1
GGTAAACTCTGCGCTG-1,XGE202122,VR03_S3,P4,VR03,Section3,3,0,VR03_P4,ground,P4_Section3
GGTAACTATGTATCTG-1,XGE202122,VR03_S2,coleoptile,VR03,Section2,20,16,VR03_coleoptile,ground,coleoptile_Section2
GGTACACCAGATTTAT-1,XGE202122,VR03_S4,coleoptile,VR03,Section4,5,16,VR03_coleoptile,ground,coleoptile_Section4
GGTACCATTAAGACGG-1,XGE202122,VR03_S4,coleoptile,VR03,Section4,25,6,VR03_coleoptile,ground,coleoptile_Section4
GGTACGTTGCGGCCGG-1,XGE202122,VR03_S3,P4,VR03,Section3,13,0,VR03_P4,ground,P4_Section3
GGTAGACCGTTGGGCG-1,XGE202122,VR03_S1,coleoptile,VR03,Section1,16,9,VR03_coleoptile,ground,coleoptile_Section1
GGTAGGCCAATATCAC-1,XGE202122,VR03_S1,coleoptile,VR03,Section1,22,19,VR03_coleoptile,ground,coleoptile_Section1
GGTATTGCCGAGTTTA-1,XGE202122,VR03_S2,coleoptile,VR03,Section2,21,9,VR03_coleoptile,ve,coleoptile_Section2
GGTCAAGACTACTTCG-1,XGE202122,VR03_S3,coleoptile,VR03,Section3,11,6,VR03_coleoptile,ground,coleoptile_Section3
GGTCCACGTCTATTTG-1,XGE202122,VR03_S1,coleoptile,VR03,Section1,12,9,VR03_coleoptile,ground,coleoptile_Section1
GGTCGGTAATTAGACA-1,XGE202122,VR03_S2,coleoptile,VR03,Section2,20,16,VR03_coleoptile,ground,coleoptile_Section2
GGTCGGTCGTCCACAG-1,XGE202122,VR03_S1,coleoptile,VR03,Section1,31,17,VR03_coleoptile,ground,coleoptile_Section1
GGTCTCCGTCCAGGTT-1,XGE202122,VR03_S3,P5,VR03,Section3,7,0,VR03_P5,ground,P5_Section3
GGTCTTGAGCGCTCTT-1,XGE202122,VR03_S1,coleoptile,VR03,Section1,12,4,VR03_coleoptile,ground,coleoptile_Section1
GGTGACTGATAGAGAG-1,XGE202122,VR03_S3,coleoptile,VR03,Section3,19,30,VR03_coleoptile,ground,coleoptile_Section3
GGTGAGATGCAGATAA-1,XGE202122,VR03_S2,coleoptile,VR03,Section2,25,15,VR03_coleoptile,ground,coleoptile_Section2
GGTGCAGAGCCTATCG-1,XGE202122,VR03_S4,coleoptile,VR03,Section4,11,6,VR03_coleoptile,ground,coleoptile_Section4
GGTGCATAAATGATTA-1,XGE202122,VR03_S1,P3,VR03,Section1,9,8,VR03_P3,ground,P3_Section1
GGTGCGGATAAGTGGC-1,XGE202122,VR03_S2,P5,VR03,Section2,9,8,VR03_P5,ve,P5_Section2
GGTGGACCACGTGTTA-1,XGE202122,VR03_S4,coleoptile,VR03,Section4,8,1,VR03_coleoptile,ground,coleoptile_Section4
GGTGGGATTAGGTCCC-1,XGE202122,VR03_S1,coleoptile,VR03,Section1,23,9,VR03_coleoptile,ground,coleoptile_Section1
GGTGTAGGTAAGTAAA-1,XGE202122,VR03_S1,P5,VR03,Section1,17,0,VR03_P5,ground,P5_Section1
GGTTACCGCTCCCTAC-1,XGE202122,VR03_S1,coleoptile,VR03,Section1,22,19,VR03_coleoptile,ground,coleoptile_Section1
GGTTAGGCTTGGAGAA-1,XGE202122,VR03_S2,P5,VR03,Section2,7,0,VR03_P5,ground,P5_Section2
GGTTTAATTACCATCG-1,XGE202122,VR03_S1,P3,VR03,Section1,0,5,VR03_P3,ground,P3_Section1
GGTTTAATTGAGCAGG-1,XGE202122,VR03_S4,coleoptile,VR03,Section4,19,7,VR03_coleoptile,ground,coleoptile_Section4
GGTTTGACAAGAAGCT-1,XGE202122,VR03_S4,coleoptile,VR03,Section4,20,16,VR03_coleoptile,ground,coleoptile_Section4
GGTTTGAGTGCTGGAA-1,XGE202122,VR03_S2,coleoptile,VR03,Section2,20,16,VR03_coleoptile,ground,coleoptile_Section2
GGTTTGTGACCTGAGG-1,XGE202122,VR03_S3,P3,VR03,Section3,0,18,VR03_P3,ground,P3_Section3
GTAACTGCCCAAGGAG-1,XGE202122,VR03_S1,P1_P2,VR03,Section1,0,5,VR03_P1_P2,ground,P1_P2_Section1
GTAACTTGCGGCAGTC-1,XGE202122,VR03_S2,coleoptile,VR03,Section2,26,1,VR03_coleoptile,ground,coleoptile_Section2
GTAAGCGGGCAGTCAG-1,XGE202122,VR03_S2,coleoptile,VR03,Section2,5,16,VR03_coleoptile,ground,coleoptile_Section2
GTAATAAAGGGCTCCC-1,XGE202122,VR03_S4,coleoptile,VR03,Section4,4,3,VR03_coleoptile,ground,coleoptile_Section4
GTACGAGATTGCGACA-1,XGE202122,VR03_S2,coleoptile,VR03,Section2,11,3,VR03_coleoptile,ground,coleoptile_Section2
GTACGTCACGTATTAA-1,XGE202122,VR03_S4,coleoptile,VR03,Section4,18,7,VR03_coleoptile,ground,coleoptile_Section4
GTACTAAGATTTGGAG-1,XGE202122,VR03_S2,coleoptile,VR03,Section2,25,15,VR03_coleoptile,ground,coleoptile_Section2
GTACTCCTGGGTATGC-1,XGE202122,VR03_S4,P4,VR03,Section4,3,18,VR03_P4,ground,P4_Section4
GTACTGCATGAAGCGT-1,XGE202122,VR03_S2,coleoptile,VR03,Section2,6,4,VR03_coleoptile,ground,coleoptile_Section2
GTACTTGGGCACTTCT-1,XGE202122,VR03_S2,coleoptile,VR03,Section2,30,25,VR03_coleoptile,ground,coleoptile_Section2
GTAGACACGCCTGACT-1,XGE202122,VR03_S1,coleoptile,VR03,Section1,8,1,VR03_coleoptile,ground,coleoptile_Section1
GTAGACGTCGTTACAT-1,XGE202122,VR03_S2,coleoptile,VR03,Section2,4,3,VR03_coleoptile,ground,coleoptile_Section2
GTAGCTCCGGGAGGCT-1,XGE202122,VR03_S1,P3,VR03,Section1,0,5,VR03_P3,ground,P3_Section1
GTAGTGAGCAACCTCA-1,XGE202122,VR03_S3,P5,VR03,Section3,3,0,VR03_P5,ground,P5_Section3
GTAGTTCGAAGGCGAA-1,XGE202122,VR03_S1,P1_P2,VR03,Section1,0,5,VR03_P1_P2,ground,P1_P2_Section1
GTATAGGACTCAGTAG-1,XGE202122,VR03_S2,coleoptile,VR03,Section2,4,3,VR03_coleoptile,ground,coleoptile_Section2
GTATCAAACGTTAGCT-1,XGE202122,VR03_S3,coleoptile,VR03,Section3,23,30,VR03_coleoptile,ground,coleoptile_Section3
GTATCAGCTTGGGTTC-1,XGE202122,VR03_S2,P5,VR03,Section2,7,0,VR03_P5,ve,P5_Section2
GTATCCTTTGGTAACC-1,XGE202122,VR03_S3,coleoptile,VR03,Section3,12,4,VR03_coleoptile,ground,coleoptile_Section3
GTATTAAGGCGTCTAA-1,XGE202122,VR03_S2,coleoptile,VR03,Section2,16,30,VR03_coleoptile,ground,coleoptile_Section2
GTATTTAATGGCATAA-1,XGE202122,VR03_S3,coleoptile,VR03,Section3,8,1,VR03_coleoptile,ground,coleoptile_Section3
GTCAAAGTTTACATAG-1,XGE202122,VR03_S2,coleoptile,VR03,Section2,5,30,VR03_coleoptile,ground,coleoptile_Section2
GTCAACCAGGCCTATA-1,XGE202122,VR03_S3,P5,VR03,Section3,2,0,VR03_P5,ground,P5_Section3
GTCAATGCTATAATTT-1,XGE202122,VR03_S4,coleoptile,VR03,Section4,6,4,VR03_coleoptile,ground,coleoptile_Section4
GTCAGAATAGTCTATG-1,XGE202122,VR03_S2,coleoptile,VR03,Section2,19,16,VR03_coleoptile,ground,coleoptile_Section2
GTCATGCACCTCCGTT-1,XGE202122,VR03_S2,coleoptile,VR03,Section2,10,2,VR03_coleoptile,ground,coleoptile_Section2
GTCATGCGCGAGGGCT-1,XGE202122,VR03_S3,coleoptile,VR03,Section3,1,13,VR03_coleoptile,ground,coleoptile_Section3
GTCATGGACATGACTA-1,XGE202122,VR03_S2,coleoptile,VR03,Section2,10,2,VR03_coleoptile,ground,coleoptile_Section2
GTCCAATATTTAGCCT-1,XGE202122,VR03_S1,P4,VR03,Section1,17,8,VR03_P4,ground,P4_Section1
GTCCACGTCGCATTCG-1,XGE202122,VR03_S3,P4,VR03,Section3,3,0,VR03_P4,ground,P4_Section3
GTCCGGCTGAATTGCG-1,XGE202122,VR03_S2,P5,VR03,Section2,7,0,VR03_P5,ground,P5_Section2
GTCCTACGAATAGTCT-1,XGE202122,VR03_S3,coleoptile,VR03,Section3,16,1,VR03_coleoptile,ground,coleoptile_Section3
GTCCTTTAATGACTTC-1,XGE202122,VR03_S4,coleoptile,VR03,Section4,20,16,VR03_coleoptile,ground,coleoptile_Section4
GTCGATAGGTGACTTT-1,XGE202122,VR03_S3,coleoptile,VR03,Section3,6,4,VR03_coleoptile,ground,coleoptile_Section3
GTCGCCGTTGTGTGTT-1,XGE202122,VR03_S1,coleoptile,VR03,Section1,1,12,VR03_coleoptile,ground,coleoptile_Section1
GTCGGAAGGATACCAG-1,XGE202122,VR03_S4,coleoptile,VR03,Section4,6,4,VR03_coleoptile,ground,coleoptile_Section4
GTCGGATATCTCAGAC-1,XGE202122,VR03_S2,coleoptile,VR03,Section2,14,7,VR03_coleoptile,ground,coleoptile_Section2
GTCGGGAAGCAGAAAC-1,XGE202122,VR03_S1,coleoptile,VR03,Section1,8,1,VR03_coleoptile,ground,coleoptile_Section1
GTCGGGTGAAGTACCG-1,XGE202122,VR03_S3,coleoptile,VR03,Section3,19,21,VR03_coleoptile,ground,coleoptile_Section3
GTCGTATTGGCGTACA-1,XGE202122,VR03_S4,P4,VR03,Section4,13,18,VR03_P4,ground,P4_Section4
GTCGTCAATTATAAGG-1,XGE202122,VR03_S2,coleoptile,VR03,Section2,8,1,VR03_coleoptile,ground,coleoptile_Section2
GTCGTGTCTGGTCATC-1,XGE202122,VR03_S4,co_v,VR03,Section4,30,20,VR03_co_v,ground,co_v_Section4
GTCTAGTGAGCCGCTT-1,XGE202122,VR03_S3,coleoptile,VR03,Section3,22,19,VR03_coleoptile,ground,coleoptile_Section3
GTCTATACACGCATGG-1,XGE202122,VR03_S1,coleoptile,VR03,Section1,21,21,VR03_coleoptile,ground,coleoptile_Section1
GTCTATTGCATGCTCG-1,XGE202122,VR03_S3,P4,VR03,Section3,3,0,VR03_P4,ground,P4_Section3
GTCTCAAGGCCCGGCT-1,XGE202122,VR03_S1,coleoptile,VR03,Section1,8,1,VR03_coleoptile,ground,coleoptile_Section1
GTCTCCCGAGTCCCGT-1,XGE202122,VR03_S3,coleoptile,VR03,Section3,19,21,VR03_coleoptile,ground,coleoptile_Section3
GTCTCGACTAAGTTTG-1,XGE202122,VR03_S4,P5,VR03,Section4,15,24,VR03_P5,ground,P5_Section4
GTCTGTAGGTTGAACA-1,XGE202122,VR03_S1,coleoptile,VR03,Section1,1,12,VR03_coleoptile,ground,coleoptile_Section1
GTCTTACCACGCCAAG-1,XGE202122,VR03_S3,coleoptile,VR03,Section3,8,1,VR03_coleoptile,ground,coleoptile_Section3
GTGAAACGGCGCCACC-1,XGE202122,VR03_S4,coleoptile,VR03,Section4,14,3,VR03_coleoptile,ground,coleoptile_Section4
GTGAAACGTGCTCCAC-1,XGE202122,VR03_S2,coleoptile,VR03,Section2,6,4,VR03_coleoptile,ground,coleoptile_Section2
GTGAACTCCCATTCGA-1,XGE202122,VR03_S4,coleoptile,VR03,Section4,11,3,VR03_coleoptile,ground,coleoptile_Section4
GTGAAGATTTCAAGTG-1,XGE202122,VR03_S4,SAM,VR03,Section4,0,5,VR03_SAM,ground,SAM_Section4
GTGAAGCCGTATAGTC-1,XGE202122,VR03_S4,P3,VR03,Section4,0,18,VR03_P3,ground,P3_Section4
GTGACGAGGGTGACCC-1,XGE202122,VR03_S4,coleoptile,VR03,Section4,16,2,VR03_coleoptile,ground,coleoptile_Section4
GTGAGATAACCTTATA-1,XGE202122,VR03_S1,P4,VR03,Section1,13,23,VR03_P4,ground,P4_Section1
GTGAGGAGCGGTTGAG-1,XGE202122,VR03_S4,coleoptile,VR03,Section4,20,11,VR03_coleoptile,ground,coleoptile_Section4
GTGAGTCGACTAATAG-1,XGE202122,VR03_S3,coleoptile,VR03,Section3,19,12,VR03_coleoptile,ground,coleoptile_Section3
GTGATCAAGCGTGCAC-1,XGE202122,VR03_S1,coleoptile,VR03,Section1,4,12,VR03_coleoptile,ground,coleoptile_Section1
GTGATGCACAACATCT-1,XGE202122,VR03_S4,co_v,VR03,Section4,24,20,VR03_co_v,ground,co_v_Section4
GTGCCTCAGTGTACGG-1,XGE202122,VR03_S4,coleoptile,VR03,Section4,10,30,VR03_coleoptile,ground,coleoptile_Section4
GTGCGGGTCTCCAAAT-1,XGE202122,VR03_S2,coleoptile,VR03,Section2,11,6,VR03_coleoptile,ground,coleoptile_Section2
GTGCTCAAGTACTGTC-1,XGE202122,VR03_S2,coleoptile,VR03,Section2,5,11,VR03_coleoptile,ground,coleoptile_Section2
GTGGACGTGCTGAGAC-1,XGE202122,VR03_S2,P5,VR03,Section2,2,0,VR03_P5,ground,P5_Section2
GTGGAGTCGGCGGTTG-1,XGE202122,VR03_S1,coleoptile,VR03,Section1,20,9,VR03_coleoptile,ground,coleoptile_Section1
GTGGGAACAAACCGGG-1,XGE202122,VR03_S1,P5,VR03,Section1,2,0,VR03_P5,ground,P5_Section1
GTGGGCTTAGACACAC-1,XGE202122,VR03_S2,P5,VR03,Section2,7,0,VR03_P5,ground,P5_Section2
GTGGTATAGTCTGCCG-1,XGE202122,VR03_S1,coleoptile,VR03,Section1,1,6,VR03_coleoptile,ground,coleoptile_Section1
GTGGTCAGCGAAGTAT-1,XGE202122,VR03_S4,coleoptile,VR03,Section4,16,2,VR03_coleoptile,ground,coleoptile_Section4
GTGGTTACTTCTTTCG-1,XGE202122,VR03_S4,coleoptile,VR03,Section4,4,3,VR03_coleoptile,ground,coleoptile_Section4
GTTAATAGCGTCATTA-1,XGE202122,VR03_S3,coleoptile,VR03,Section3,19,21,VR03_coleoptile,ground,coleoptile_Section3
GTTACCAAGGCGTACG-1,XGE202122,VR03_S3,coleoptile,VR03,Section3,27,17,VR03_coleoptile,ground,coleoptile_Section3
GTTAGCCGTAAATCAA-1,XGE202122,VR03_S4,co_v,VR03,Section4,31,17,VR03_co_v,ground,co_v_Section4
GTTATAATACGGTGAA-1,XGE202122,VR03_S3,coleoptile,VR03,Section3,1,6,VR03_coleoptile,ground,coleoptile_Section3
GTTATATCAGGAGCCA-1,XGE202122,VR03_S4,coleoptile,VR03,Section4,1,6,VR03_coleoptile,ground,coleoptile_Section4
GTTATCAAGCTATCGA-1,XGE202122,VR03_S3,coleoptile,VR03,Section3,22,19,VR03_coleoptile,ground,coleoptile_Section3
GTTCACAGGAGTCTAG-1,XGE202122,VR03_S2,coleoptile,VR03,Section2,21,9,VR03_coleoptile,ground,coleoptile_Section2
GTTCAGTCGCCAAATG-1,XGE202122,VR03_S1,coleoptile,VR03,Section1,21,21,VR03_coleoptile,ground,coleoptile_Section1
GTTCATCGTTTGGCTG-1,XGE202122,VR03_S4,coleoptile,VR03,Section4,5,16,VR03_coleoptile,ground,coleoptile_Section4
GTTCCAGTCTGACCAT-1,XGE202122,VR03_S2,coleoptile,VR03,Section2,11,6,VR03_coleoptile,ground,coleoptile_Section2
GTTCCCGTAAACATAT-1,XGE202122,VR03_S3,P5,VR03,Section3,28,10,VR03_P5,ve,P5_Section3
GTTCGACAATTGTATA-1,XGE202122,VR03_S1,coleoptile,VR03,Section1,4,7,VR03_coleoptile,ground,coleoptile_Section1
GTTCGCTGAGACGTCT-1,XGE202122,VR03_S3,coleoptile,VR03,Section3,1,6,VR03_coleoptile,ground,coleoptile_Section3
GTTCGGAGCACTCAAC-1,XGE202122,VR03_S3,P3,VR03,Section3,0,5,VR03_P3,ground,P3_Section3
GTTCGGGCGTACCATT-1,XGE202122,VR03_S4,coleoptile,VR03,Section4,5,16,VR03_coleoptile,ground,coleoptile_Section4
GTTCGTCTGGGTCCCT-1,XGE202122,VR03_S4,coleoptile,VR03,Section4,20,16,VR03_coleoptile,ground,coleoptile_Section4
GTTCTTCCCTCGATGT-1,XGE202122,VR03_S2,coleoptile,VR03,Section2,4,3,VR03_coleoptile,ground,coleoptile_Section2
GTTGCACGGAGTTTCG-1,XGE202122,VR03_S2,P3,VR03,Section2,0,5,VR03_P3,ground,P3_Section2
GTTGCAGTCGACAACA-1,XGE202122,VR03_S3,coleoptile,VR03,Section3,4,7,VR03_coleoptile,ground,coleoptile_Section3
GTTGCGGACGGTCAGG-1,XGE202122,VR03_S3,coleoptile,VR03,Section3,6,16,VR03_coleoptile,ground,coleoptile_Section3
GTTGGACCGCATCAGG-1,XGE202122,VR03_S4,coleoptile,VR03,Section4,1,13,VR03_coleoptile,ground,coleoptile_Section4
GTTGGATTCAGTGGCT-1,XGE202122,VR03_S4,P5,VR03,Section4,7,0,VR03_P5,ground,P5_Section4
GTTGTCGTGTTAGTTG-1,XGE202122,VR03_S2,coleoptile,VR03,Section2,25,15,VR03_coleoptile,ground,coleoptile_Section2
GTTGTTACATTGCGCT-1,XGE202122,VR03_S4,coleoptile,VR03,Section4,22,19,VR03_coleoptile,ground,coleoptile_Section4
GTTGTTGCAAGATGGC-1,XGE202122,VR03_S3,P5,VR03,Section3,17,0,VR03_P5,ve,P5_Section3
GTTTCAAACGAGTTGT-1,XGE202122,VR03_S3,P1_P2,VR03,Section3,0,5,VR03_P1_P2,ground,P1_P2_Section3
GTTTCCTGGAGGGTGA-1,XGE202122,VR03_S2,P4,VR03,Section2,13,23,VR03_P4,ground,P4_Section2
GTTTGACCAAATCCTA-1,XGE202122,VR03_S2,coleoptile,VR03,Section2,10,9,VR03_coleoptile,ground,coleoptile_Section2
GTTTGGCCGCTCAGCG-1,XGE202122,VR03_S2,coleoptile,VR03,Section2,6,4,VR03_coleoptile,ground,coleoptile_Section2
GTTTGGGTTTCGCCCG-1,XGE202122,VR03_S3,coleoptile,VR03,Section3,22,4,VR03_coleoptile,ground,coleoptile_Section3
GTTTGGTAGGGTCAAC-1,XGE202122,VR03_S1,coleoptile,VR03,Section1,8,1,VR03_coleoptile,ground,coleoptile_Section1
TAAACCCAGGAGGGCA-1,XGE202122,VR03_S1,coleoptile,VR03,Section1,22,1,VR03_coleoptile,ground,coleoptile_Section1
TAAAGCGTTAGGAGAA-1,XGE202122,VR03_S4,coleoptile,VR03,Section4,6,16,VR03_coleoptile,ground,coleoptile_Section4
TAAAGCTGCAATAGGG-1,XGE202122,VR03_S4,P4,VR03,Section4,17,10,VR03_P4,ve,P4_Section4
TAAAGTGCACGTCTCG-1,XGE202122,VR03_S1,coleoptile,VR03,Section1,29,12,VR03_coleoptile,ground,coleoptile_Section1
TAAATCTTTACACCTC-1,XGE202122,VR03_S4,coleoptile,VR03,Section4,6,4,VR03_coleoptile,ground,coleoptile_Section4
TAAATGAATCCGTTTC-1,XGE202122,VR03_S2,coleoptile,VR03,Section2,11,3,VR03_coleoptile,ground,coleoptile_Section2
TAAATGCCGTCTCATG-1,XGE202122,VR03_S4,coleoptile,VR03,Section4,11,3,VR03_coleoptile,ground,coleoptile_Section4
TAAATGGGCTACTGAG-1,XGE202122,VR03_S3,coleoptile,VR03,Section3,19,7,VR03_coleoptile,ground,coleoptile_Section3
TAAATTTAGTAACACC-1,XGE202122,VR03_S1,P5,VR03,Section1,2,0,VR03_P5,ground,P5_Section1
TAACAGCGTTTGTGCT-1,XGE202122,VR03_S1,P3,VR03,Section1,0,5,VR03_P3,ground,P3_Section1
TAACCTACCGTCCGAG-1,XGE202122,VR03_S4,coleoptile,VR03,Section4,6,4,VR03_coleoptile,ground,coleoptile_Section4
TAACCTAGGGAGTCCA-1,XGE202122,VR03_S3,P3,VR03,Section3,0,18,VR03_P3,ground,P3_Section3
TAACGCTTTGAGAGCG-1,XGE202122,VR03_S2,coleoptile,VR03,Section2,5,16,VR03_coleoptile,ground,coleoptile_Section2
TAACTATCGAAGGTCC-1,XGE202122,VR03_S2,P5,VR03,Section2,7,0,VR03_P5,ms,P5_Section2
TAACTATTACGCCAAA-1,XGE202122,VR03_S4,coleoptile,VR03,Section4,27,3,VR03_coleoptile,ground,coleoptile_Section4
TAACTCCATGGAGGCT-1,XGE202122,VR03_S2,coleoptile,VR03,Section2,16,30,VR03_coleoptile,ground,coleoptile_Section2
TAAGCCCTTACGACCA-1,XGE202122,VR03_S4,coleoptile,VR03,Section4,4,3,VR03_coleoptile,ground,coleoptile_Section4
TAAGCGCGAATCAAAT-1,XGE202122,VR03_S1,coleoptile,VR03,Section1,19,7,VR03_coleoptile,ground,coleoptile_Section1
TAAGGAACTTGTGGGA-1,XGE202122,VR03_S2,P5,VR03,Section2,28,10,VR03_P5,ve,P5_Section2
TAAGGCATAACATCAA-1,XGE202122,VR03_S1,co_v,VR03,Section1,30,25,VR03_co_v,ground,co_v_Section1
TAAGGGCCTGTCCGAT-1,XGE202122,VR03_S3,coleoptile,VR03,Section3,31,17,VR03_coleoptile,ground,coleoptile_Section3
TAAGTCGGTGAGCTAG-1,XGE202122,VR03_S3,coleoptile,VR03,Section3,31,17,VR03_coleoptile,ground,coleoptile_Section3
TAAGTGAATAGTCTAC-1,XGE202122,VR03_S1,coleoptile,VR03,Section1,6,9,VR03_coleoptile,ground,coleoptile_Section1
TAAGTTGCGACGTAGG-1,XGE202122,VR03_S3,coleoptile,VR03,Section3,5,2,VR03_coleoptile,ground,coleoptile_Section3
TAATAAACAAGGAGAT-1,XGE202122,VR03_S4,coleoptile,VR03,Section4,1,6,VR03_coleoptile,ground,coleoptile_Section4
TAATATTGAAATTCGC-1,XGE202122,VR03_S2,P5,VR03,Section2,2,22,VR03_P5,ground,P5_Section2
TAATCGATCCGTACGT-1,XGE202122,VR03_S4,P5,VR03,Section4,7,0,VR03_P5,ground,P5_Section4
TAATTCCAATGCTTCA-1,XGE202122,VR03_S3,P5,VR03,Section3,3,0,VR03_P5,ve,P5_Section3
TAATTGGAATCGGGAA-1,XGE202122,VR03_S4,P3,VR03,Section4,0,18,VR03_P3,ground,P3_Section4
TACAAGGGCTTCTTTA-1,XGE202122,VR03_S3,coleoptile,VR03,Section3,22,19,VR03_coleoptile,ground,coleoptile_Section3
TACACCGTCGTTAGTC-1,XGE202122,VR03_S4,coleoptile,VR03,Section4,4,7,VR03_coleoptile,ground,coleoptile_Section4
TACATGCCGGAATTGT-1,XGE202122,VR03_S3,coleoptile,VR03,Section3,6,4,VR03_coleoptile,ground,coleoptile_Section3
TACCAAATAGCCCAGA-1,XGE202122,VR03_S1,coleoptile,VR03,Section1,5,2,VR03_coleoptile,ground,coleoptile_Section1
TACCAGGAATCCCGTC-1,XGE202122,VR03_S1,P4,VR03,Section1,3,0,VR03_P4,ground,P4_Section1
TACCCTCGGTAACCCT-1,XGE202122,VR03_S3,coleoptile,VR03,Section3,16,30,VR03_coleoptile,ground,coleoptile_Section3
TACCGAATAATTGTAA-1,XGE202122,VR03_S3,coleoptile,VR03,Section3,22,1,VR03_coleoptile,ground,coleoptile_Section3
TACCGCGGACTTGCAG-1,XGE202122,VR03_S4,coleoptile,VR03,Section4,6,4,VR03_coleoptile,ground,coleoptile_Section4
TACCGTAGGTTAACTA-1,XGE202122,VR03_S1,coleoptile,VR03,Section1,16,30,VR03_coleoptile,ground,coleoptile_Section1
TACCTACTCCCAGTAT-1,XGE202122,VR03_S1,coleoptile,VR03,Section1,5,11,VR03_coleoptile,ground,coleoptile_Section1
TACCTCACGCTTGTAC-1,XGE202122,VR03_S2,coleoptile,VR03,Section2,6,4,VR03_coleoptile,ground,coleoptile_Section2
TACCTCAGTTGTCTGT-1,XGE202122,VR03_S1,P5,VR03,Section1,15,18,VR03_P5,ve,P5_Section1
TACCTCCACACCAATG-1,XGE202122,VR03_S1,coleoptile,VR03,Section1,1,13,VR03_coleoptile,ground,coleoptile_Section1
TACCTCTTTACCATCC-1,XGE202122,VR03_S3,coleoptile,VR03,Section3,27,12,VR03_coleoptile,ground,coleoptile_Section3
TACGAACACGACTTCA-1,XGE202122,VR03_S2,coleoptile,VR03,Section2,1,13,VR03_coleoptile,ground,coleoptile_Section2
TACGAGAACTTCACGT-1,XGE202122,VR03_S2,coleoptile,VR03,Section2,8,1,VR03_coleoptile,ground,coleoptile_Section2
TACGCCGAGGGTACCC-1,XGE202122,VR03_S1,coleoptile,VR03,Section1,20,9,VR03_coleoptile,ground,coleoptile_Section1
TACGCCTCCATTCCGA-1,XGE202122,VR03_S1,coleoptile,VR03,Section1,5,9,VR03_coleoptile,ground,coleoptile_Section1
TACGCTATAGAAACCT-1,XGE202122,VR03_S4,coleoptile,VR03,Section4,6,4,VR03_coleoptile,ground,coleoptile_Section4
TACGCTCCTAGAACTG-1,XGE202122,VR03_S1,coleoptile,VR03,Section1,14,12,VR03_coleoptile,ground,coleoptile_Section1
TACGCTCGGTATTGGA-1,XGE202122,VR03_S3,P1_P2,VR03,Section3,0,5,VR03_P1_P2,ground,P1_P2_Section3
TACGCTGCACGGTCGT-1,XGE202122,VR03_S3,coleoptile,VR03,Section3,12,19,VR03_coleoptile,ground,coleoptile_Section3
TACGCTGCTGTGTTAA-1,XGE202122,VR03_S1,coleoptile,VR03,Section1,5,9,VR03_coleoptile,ground,coleoptile_Section1
TACGGCATGGACGCTA-1,XGE202122,VR03_S3,P3,VR03,Section3,13,23,VR03_P3,ground,P3_Section3
TACGGGATGCTAGCAG-1,XGE202122,VR03_S4,coleoptile,VR03,Section4,22,19,VR03_coleoptile,ground,coleoptile_Section4
TACGTAAAGCGGAGTG-1,XGE202122,VR03_S3,P4,VR03,Section3,2,0,VR03_P4,ground,P4_Section3
TACGTGCACTATGCTG-1,XGE202122,VR03_S2,P5,VR03,Section2,28,10,VR03_P5,ground,P5_Section2
TACTATGGTTCCTCAG-1,XGE202122,VR03_S1,coleoptile,VR03,Section1,27,17,VR03_coleoptile,ground,coleoptile_Section1
TACTCATTGACGCATC-1,XGE202122,VR03_S3,coleoptile,VR03,Section3,19,21,VR03_coleoptile,ground,coleoptile_Section3
TACTCTTACTTTACTG-1,XGE202122,VR03_S3,P3,VR03,Section3,13,18,VR03_P3,ground,P3_Section3
TACTGAACAGATTTAG-1,XGE202122,VR03_S1,coleoptile,VR03,Section1,11,6,VR03_coleoptile,ground,coleoptile_Section1
TACTGCAATCAATTAC-1,XGE202122,VR03_S4,P1_P2,VR03,Section4,0,5,VR03_P1_P2,ve,P1_P2_Section4
TACTTAAACATGTACA-1,XGE202122,VR03_S3,P4,VR03,Section3,2,0,VR03_P4,ground,P4_Section3
TACTTTACTGAGCCGG-1,XGE202122,VR03_S4,coleoptile,VR03,Section4,14,3,VR03_coleoptile,ground,coleoptile_Section4
TAGAAGAAGGGTTACA-1,XGE202122,VR03_S3,coleoptile,VR03,Section3,14,30,VR03_coleoptile,ground,coleoptile_Section3
TAGAATAGCCGATGAA-1,XGE202122,VR03_S3,P5,VR03,Section3,17,18,VR03_P5,ve,P5_Section3
TAGAGCTACGAAGAAC-1,XGE202122,VR03_S2,coleoptile,VR03,Section2,8,1,VR03_coleoptile,ground,coleoptile_Section2
TAGAGGTTCTACTTGT-1,XGE202122,VR03_S3,coleoptile,VR03,Section3,5,9,VR03_coleoptile,ground,coleoptile_Section3
TAGAGTCTAAGCGAAC-1,XGE202122,VR03_S2,coleoptile,VR03,Section2,16,30,VR03_coleoptile,ground,coleoptile_Section2
TAGATGGTTCCTTACT-1,XGE202122,VR03_S3,co_v,VR03,Section3,30,25,VR03_co_v,ground,co_v_Section3
TAGATTCTCTAGCAAA-1,XGE202122,VR03_S3,coleoptile,VR03,Section3,19,21,VR03_coleoptile,ground,coleoptile_Section3
TAGCAACCTGTCACAA-1,XGE202122,VR03_S2,coleoptile,VR03,Section2,5,30,VR03_coleoptile,ground,coleoptile_Section2
TAGCAGTATGACTAAA-1,XGE202122,VR03_S3,coleoptile,VR03,Section3,4,6,VR03_coleoptile,ground,coleoptile_Section3
TAGCTAAGTCCGGGAG-1,XGE202122,VR03_S2,coleoptile,VR03,Section2,30,17,VR03_coleoptile,ground,coleoptile_Section2
TAGCTCACTGTGTTTG-1,XGE202122,VR03_S3,coleoptile,VR03,Section3,19,21,VR03_coleoptile,ground,coleoptile_Section3
TAGGAGGCTCGAGAAC-1,XGE202122,VR03_S3,coleoptile,VR03,Section3,19,21,VR03_coleoptile,ground,coleoptile_Section3
TAGGCATGTTACGCCA-1,XGE202122,VR03_S4,coleoptile,VR03,Section4,6,11,VR03_coleoptile,ground,coleoptile_Section4
TAGGCCTATATAGTCT-1,XGE202122,VR03_S3,P4,VR03,Section3,13,0,VR03_P4,ground,P4_Section3
TAGGCTAAAGTGGCAC-1,XGE202122,VR03_S3,coleoptile,VR03,Section3,1,12,VR03_coleoptile,ground,coleoptile_Section3
TAGGGTGTTTCAAGAG-1,XGE202122,VR03_S2,P5,VR03,Section2,7,0,VR03_P5,ground,P5_Section2
TAGGTCGCCGGAACTG-1,XGE202122,VR03_S4,coleoptile,VR03,Section4,19,7,VR03_coleoptile,ground,coleoptile_Section4
TAGGTGAGCCCTACTC-1,XGE202122,VR03_S2,coleoptile,VR03,Section2,14,3,VR03_coleoptile,ground,coleoptile_Section2
TAGGTGTTCCACAGAT-1,XGE202122,VR03_S1,coleoptile,VR03,Section1,4,3,VR03_coleoptile,ground,coleoptile_Section1
TAGTCCCGGAGACCAC-1,XGE202122,VR03_S1,P3,VR03,Section1,13,10,VR03_P3,ground,P3_Section1
TAGTCCTGCACTAAGC-1,XGE202122,VR03_S1,coleoptile,VR03,Section1,5,9,VR03_coleoptile,ground,coleoptile_Section1
TAGTCTGCGGCACATT-1,XGE202122,VR03_S1,co_v,VR03,Section1,30,25,VR03_co_v,ground,co_v_Section1
TAGTCTGTGACGTTGC-1,XGE202122,VR03_S4,P1_P2,VR03,Section4,15,18,VR03_P1_P2,ground,P1_P2_Section4
TAGTGACAAGCTCTAC-1,XGE202122,VR03_S3,coleoptile,VR03,Section3,5,9,VR03_coleoptile,ground,coleoptile_Section3
TAGTGCCCTCCAGAGT-1,XGE202122,VR03_S2,coleoptile,VR03,Section2,4,7,VR03_coleoptile,ground,coleoptile_Section2
TATAAGTGAGGATAGC-1,XGE202122,VR03_S2,P3,VR03,Section2,0,5,VR03_P3,ground,P3_Section2
TATACACGCAAAGTAT-1,XGE202122,VR03_S2,P5,VR03,Section2,28,10,VR03_P5,ve,P5_Section2
TATAGAGTCGCTTGAA-1,XGE202122,VR03_S1,P1_P2,VR03,Section1,3,14,VR03_P1_P2,ground,P1_P2_Section1
TATATATCGAGAAATG-1,XGE202122,VR03_S1,coleoptile,VR03,Section1,20,7,VR03_coleoptile,ground,coleoptile_Section1
TATATCAAAGTGATCT-1,XGE202122,VR03_S1,coleoptile,VR03,Section1,29,12,VR03_coleoptile,ground,coleoptile_Section1
TATATTACAAATGTCG-1,XGE202122,VR03_S4,P4,VR03,Section4,15,18,VR03_P4,ground,P4_Section4
TATCACCATGTAAAGT-1,XGE202122,VR03_S4,coleoptile,VR03,Section4,10,2,VR03_coleoptile,ground,coleoptile_Section4
TATCACCCAACCGACC-1,XGE202122,VR03_S4,P3,VR03,Section4,13,14,VR03_P3,ground,P3_Section4
TATCACTTCGAGTAAC-1,XGE202122,VR03_S4,P4,VR03,Section4,15,18,VR03_P4,ground,P4_Section4
TATCCATATCATGCGA-1,XGE202122,VR03_S2,P5,VR03,Section2,17,10,VR03_P5,ground,P5_Section2
TATCCTATCAACTGGT-1,XGE202122,VR03_S1,coleoptile,VR03,Section1,29,12,VR03_coleoptile,ground,coleoptile_Section1
TATCCTGCATGGGAAT-1,XGE202122,VR03_S2,coleoptile,VR03,Section2,22,4,VR03_coleoptile,ground,coleoptile_Section2
TATCGATCTATGCATA-1,XGE202122,VR03_S4,coleoptile,VR03,Section4,14,3,VR03_coleoptile,ground,coleoptile_Section4
TATCGATGATTAAACG-1,XGE202122,VR03_S2,P3,VR03,Section2,0,5,VR03_P3,ground,P3_Section2
TATGAAGAATTAAGGT-1,XGE202122,VR03_S3,coleoptile,VR03,Section3,19,12,VR03_coleoptile,ground,coleoptile_Section3
TATGATCCGGCACGCC-1,XGE202122,VR03_S4,coleoptile,VR03,Section4,27,6,VR03_coleoptile,ground,coleoptile_Section4
TATGATCTTCTCTTTA-1,XGE202122,VR03_S3,coleoptile,VR03,Section3,16,2,VR03_coleoptile,ground,coleoptile_Section3
TATGCTCCCTACTTAC-1,XGE202122,VR03_S2,coleoptile,VR03,Section2,10,2,VR03_coleoptile,ground,coleoptile_Section2
TATGGATGTGCTACGC-1,XGE202122,VR03_S2,P5,VR03,Section2,2,22,VR03_P5,ground,P5_Section2
TATGGCCCGGCCTCGC-1,XGE202122,VR03_S2,coleoptile,VR03,Section2,12,4,VR03_coleoptile,ground,coleoptile_Section2
TATGGGTACGTATCGT-1,XGE202122,VR03_S2,coleoptile,VR03,Section2,21,9,VR03_coleoptile,ground,coleoptile_Section2
TATGTAAAGTGCTTAA-1,XGE202122,VR03_S1,P1_P2,VR03,Section1,0,5,VR03_P1_P2,ground,P1_P2_Section1
TATGTCAAGACCGACT-1,XGE202122,VR03_S4,P5,VR03,Section4,7,0,VR03_P5,ground,P5_Section4
TATTAACCTGACCGCG-1,XGE202122,VR03_S1,coleoptile,VR03,Section1,1,6,VR03_coleoptile,ground,coleoptile_Section1
TATTGCCGGGCTTGTA-1,XGE202122,VR03_S3,P4,VR03,Section3,2,0,VR03_P4,ground,P4_Section3
TATTTAGTCTAGATCG-1,XGE202122,VR03_S2,coleoptile,VR03,Section2,20,16,VR03_coleoptile,ground,coleoptile_Section2
TATTTGATTTGCACAG-1,XGE202122,VR03_S3,coleoptile,VR03,Section3,14,3,VR03_coleoptile,ground,coleoptile_Section3
TATTTGTTACCCTTTA-1,XGE202122,VR03_S2,P1_P2,VR03,Section2,0,5,VR03_P1_P2,ground,P1_P2_Section2
TCAAACAACCGCGTCG-1,XGE202122,VR03_S2,coleoptile,VR03,Section2,19,7,VR03_coleoptile,ground,coleoptile_Section2
TCAAAGTCACGGCGTC-1,XGE202122,VR03_S1,coleoptile,VR03,Section1,5,9,VR03_coleoptile,ground,coleoptile_Section1
TCAACACATTGGGTAA-1,XGE202122,VR03_S2,coleoptile,VR03,Section2,6,4,VR03_coleoptile,ground,coleoptile_Section2
TCAACTGCAGAGTCAG-1,XGE202122,VR03_S3,P5,VR03,Section3,3,18,VR03_P5,ground,P5_Section3
TCAAGAAATACTAGCT-1,XGE202122,VR03_S4,coleoptile,VR03,Section4,16,2,VR03_coleoptile,ground,coleoptile_Section4
TCAAGCGCGGACGGTA-1,XGE202122,VR03_S3,P4,VR03,Section3,9,18,VR03_P4,ground,P4_Section3
TCAATACGCCGTCATG-1,XGE202122,VR03_S1,coleoptile,VR03,Section1,11,3,VR03_coleoptile,ground,coleoptile_Section1
TCAATATACAGGAGGC-1,XGE202122,VR03_S3,coleoptile,VR03,Section3,1,12,VR03_coleoptile,ground,coleoptile_Section3
TCAATCCCGCGCCAAA-1,XGE202122,VR03_S3,coleoptile,VR03,Section3,30,25,VR03_coleoptile,ground,coleoptile_Section3
TCACAAACCGAGGTAC-1,XGE202122,VR03_S3,coleoptile,VR03,Section3,4,3,VR03_coleoptile,ground,coleoptile_Section3
TCACAGGAGAATAAGA-1,XGE202122,VR03_S1,coleoptile,VR03,Section1,10,9,VR03_coleoptile,ground,coleoptile_Section1
TCACAGGTTATTGGGC-1,XGE202122,VR03_S2,coleoptile,VR03,Section2,1,13,VR03_coleoptile,ground,coleoptile_Section2
TCACCGCTCGGCACTC-1,XGE202122,VR03_S4,coleoptile,VR03,Section4,21,16,VR03_coleoptile,ground,coleoptile_Section4
TCACGCATTGTAGATC-1,XGE202122,VR03_S2,coleoptile,VR03,Section2,14,3,VR03_coleoptile,ground,coleoptile_Section2
TCACGGTCATCGCACA-1,XGE202122,VR03_S2,P1_P2,VR03,Section2,0,5,VR03_P1_P2,ground,P1_P2_Section2
TCACTACGACCAATGC-1,XGE202122,VR03_S4,co_v,VR03,Section4,30,25,VR03_co_v,ground,co_v_Section4
TCACTCGTGCAACGGC-1,XGE202122,VR03_S4,coleoptile,VR03,Section4,1,6,VR03_coleoptile,ground,coleoptile_Section4
TCAGAACCTCCACAGG-1,XGE202122,VR03_S4,coleoptile,VR03,Section4,16,30,VR03_coleoptile,ground,coleoptile_Section4
TCAGAGTGTGAGCATG-1,XGE202122,VR03_S3,coleoptile,VR03,Section3,21,21,VR03_coleoptile,ground,coleoptile_Section3
TCAGCCAATCCGTAAA-1,XGE202122,VR03_S3,P3,VR03,Section3,0,5,VR03_P3,ground,P3_Section3
TCAGGTTCTTTGAGAA-1,XGE202122,VR03_S2,P5,VR03,Section2,7,0,VR03_P5,ground,P5_Section2
TCAGTACTGACCCGCG-1,XGE202122,VR03_S2,P5,VR03,Section2,17,10,VR03_P5,ve,P5_Section2
TCAGTGTATACGTCAT-1,XGE202122,VR03_S1,coleoptile,VR03,Section1,1,13,VR03_coleoptile,ground,coleoptile_Section1
TCATAAGTCCAAGAAG-1,XGE202122,VR03_S3,coleoptile,VR03,Section3,1,12,VR03_coleoptile,ground,coleoptile_Section3
TCATACTTACAGATCC-1,XGE202122,VR03_S2,coleoptile,VR03,Section2,6,4,VR03_coleoptile,ground,coleoptile_Section2
TCATATGAGCTTTGTT-1,XGE202122,VR03_S1,coleoptile,VR03,Section1,14,3,VR03_coleoptile,ground,coleoptile_Section1
TCATCACTCGAGCTCG-1,XGE202122,VR03_S2,coleoptile,VR03,Section2,24,20,VR03_coleoptile,ground,coleoptile_Section2
TCATCGATGGTCCCAA-1,XGE202122,VR03_S1,coleoptile,VR03,Section1,22,19,VR03_coleoptile,ground,coleoptile_Section1
TCATTTAGAAGTGTGA-1,XGE202122,VR03_S3,P5,VR03,Section3,17,24,VR03_P5,ve,P5_Section3
TCCAATAAAGGCTACC-1,XGE202122,VR03_S1,P4,VR03,Section1,9,8,VR03_P4,ground,P4_Section1
TCCACAATGGTTTACG-1,XGE202122,VR03_S2,coleoptile,VR03,Section2,14,3,VR03_coleoptile,ground,coleoptile_Section2
TCCACCAAGACATAGG-1,XGE202122,VR03_S3,coleoptile,VR03,Section3,19,7,VR03_coleoptile,ground,coleoptile_Section3
TCCACCTCTAGCCTTT-1,XGE202122,VR03_S1,P5,VR03,Section1,7,0,VR03_P5,ground,P5_Section1
TCCAGATGTACGCCAA-1,XGE202122,VR03_S4,coleoptile,VR03,Section4,1,6,VR03_coleoptile,ground,coleoptile_Section4
TCCAGCGCTATAAGCG-1,XGE202122,VR03_S3,coleoptile,VR03,Section3,21,16,VR03_coleoptile,ground,coleoptile_Section3
TCCAGGCAGGACGATC-1,XGE202122,VR03_S1,coleoptile,VR03,Section1,21,21,VR03_coleoptile,ground,coleoptile_Section1
TCCAGGCGAGTACGGT-1,XGE202122,VR03_S2,coleoptile,VR03,Section2,18,26,VR03_coleoptile,ground,coleoptile_Section2
TCCAGGGTATATACGA-1,XGE202122,VR03_S1,coleoptile,VR03,Section1,5,11,VR03_coleoptile,ground,coleoptile_Section1
TCCCAAACAGACAACG-1,XGE202122,VR03_S4,P4,VR03,Section4,17,18,VR03_P4,ground,P4_Section4
TCCCAAACATCCTCTA-1,XGE202122,VR03_S1,coleoptile,VR03,Section1,23,9,VR03_coleoptile,ground,coleoptile_Section1
TCCCAAAGACGAAGGA-1,XGE202122,VR03_S2,coleoptile,VR03,Section2,31,2,VR03_coleoptile,ground,coleoptile_Section2
TCCCACTCTCTTCCGG-1,XGE202122,VR03_S4,coleoptile,VR03,Section4,16,30,VR03_coleoptile,ground,coleoptile_Section4
TCCCAGCACACGACAT-1,XGE202122,VR03_S3,coleoptile,VR03,Section3,6,4,VR03_coleoptile,ground,coleoptile_Section3
TCCCAGCTTTAGTCTG-1,XGE202122,VR03_S2,coleoptile,VR03,Section2,16,4,VR03_coleoptile,ground,coleoptile_Section2
TCCCAGGCTTAGCTAA-1,XGE202122,VR03_S2,P5,VR03,Section2,17,10,VR03_P5,ve,P5_Section2
TCCCGTCGCGTCATAG-1,XGE202122,VR03_S4,coleoptile,VR03,Section4,10,2,VR03_coleoptile,ground,coleoptile_Section4
TCCCTAGATCAATAGG-1,XGE202122,VR03_S4,coleoptile,VR03,Section4,10,2,VR03_coleoptile,ground,coleoptile_Section4
TCCCTCTTCTCAAGGG-1,XGE202122,VR03_S3,P4,VR03,Section3,28,10,VR03_P4,ground,P4_Section3
TCCCTTGTCTGAAACT-1,XGE202122,VR03_S3,P5,VR03,Section3,2,0,VR03_P5,ground,P5_Section3
TCCGAAGTAGTCACCA-1,XGE202122,VR03_S4,coleoptile,VR03,Section4,25,15,VR03_coleoptile,ground,coleoptile_Section4
TCCGAATGGTCCTGAG-1,XGE202122,VR03_S4,coleoptile,VR03,Section4,10,2,VR03_coleoptile,ground,coleoptile_Section4
TCCGACCGCTAATCAA-1,XGE202122,VR03_S1,P5,VR03,Section1,2,15,VR03_P5,ground,P5_Section1
TCCGATGGTGCGACAT-1,XGE202122,VR03_S2,P5,VR03,Section2,7,0,VR03_P5,ms,P5_Section2
TCCGATTACATTGCCG-1,XGE202122,VR03_S2,coleoptile,VR03,Section2,12,4,VR03_coleoptile,ground,coleoptile_Section2
TCCGCGGCCCAATGAA-1,XGE202122,VR03_S3,coleoptile,VR03,Section3,4,3,VR03_coleoptile,ground,coleoptile_Section3
TCCGGAGGAAGGGCTG-1,XGE202122,VR03_S4,P5,VR03,Section4,2,22,VR03_P5,ground,P5_Section4
TCCGGCCTAGCGTACA-1,XGE202122,VR03_S4,P5,VR03,Section4,7,0,VR03_P5,ground,P5_Section4
TCCGGCTGTCGGGTCG-1,XGE202122,VR03_S3,coleoptile,VR03,Section3,6,11,VR03_coleoptile,ground,coleoptile_Section3
TCCGGGCTTGACGGGA-1,XGE202122,VR03_S3,coleoptile,VR03,Section3,19,7,VR03_coleoptile,ground,coleoptile_Section3
TCCGTTAAGCTAATAT-1,XGE202122,VR03_S3,coleoptile,VR03,Section3,5,9,VR03_coleoptile,ground,coleoptile_Section3
TCCGTTTAGCCTTGAA-1,XGE202122,VR03_S4,coleoptile,VR03,Section4,12,4,VR03_coleoptile,ground,coleoptile_Section4
TCCTAACCGTCGGGCA-1,XGE202122,VR03_S1,P3,VR03,Section1,0,5,VR03_P3,ground,P3_Section1
TCCTCTACGAGATGGC-1,XGE202122,VR03_S2,coleoptile,VR03,Section2,25,15,VR03_coleoptile,ground,coleoptile_Section2
TCCTCTGGCCCATTAG-1,XGE202122,VR03_S4,coleoptile,VR03,Section4,12,4,VR03_coleoptile,ground,coleoptile_Section4
TCCTGCCAACTGGAGA-1,XGE202122,VR03_S4,coleoptile,VR03,Section4,16,30,VR03_coleoptile,ground,coleoptile_Section4
TCCTGGCGCTGCCTGG-1,XGE202122,VR03_S4,coleoptile,VR03,Section4,11,3,VR03_coleoptile,ground,coleoptile_Section4
TCCTTTAAATCCGCTT-1,XGE202122,VR03_S3,coleoptile,VR03,Section3,10,2,VR03_coleoptile,ground,coleoptile_Section3
TCCTTTCTTACGCTTA-1,XGE202122,VR03_S2,coleoptile,VR03,Section2,5,9,VR03_coleoptile,ground,coleoptile_Section2
TCGAATATCCCGCAGG-1,XGE202122,VR03_S1,coleoptile,VR03,Section1,18,7,VR03_coleoptile,ground,coleoptile_Section1
TCGACATAGCGTAGCG-1,XGE202122,VR03_S1,coleoptile,VR03,Section1,10,17,VR03_coleoptile,ground,coleoptile_Section1
TCGACTGACGATGGCT-1,XGE202122,VR03_S3,coleoptile,VR03,Section3,22,19,VR03_coleoptile,ground,coleoptile_Section3
TCGAGCCAGGCAGGCC-1,XGE202122,VR03_S1,coleoptile,VR03,Section1,1,6,VR03_coleoptile,ground,coleoptile_Section1
TCGAGGGCAACAGACG-1,XGE202122,VR03_S3,P5,VR03,Section3,2,15,VR03_P5,ground,P5_Section3
TCGCATAAAGGGCGCA-1,XGE202122,VR03_S3,P1_P2,VR03,Section3,0,5,VR03_P1_P2,ground,P1_P2_Section3
TCGCATCCCTAAGTGT-1,XGE202122,VR03_S2,coleoptile,VR03,Section2,31,2,VR03_coleoptile,ground,coleoptile_Section2
TCGCCCAACTGACTCC-1,XGE202122,VR03_S4,coleoptile,VR03,Section4,6,4,VR03_coleoptile,ground,coleoptile_Section4
TCGCCGGTCGATCCGT-1,XGE202122,VR03_S2,coleoptile,VR03,Section2,8,1,VR03_coleoptile,ground,coleoptile_Section2
TCGCGTAGCAGTGTCC-1,XGE202122,VR03_S3,coleoptile,VR03,Section3,32,24,VR03_coleoptile,ground,coleoptile_Section3
TCGCGTCCAGAAGGTC-1,XGE202122,VR03_S2,coleoptile,VR03,Section2,8,1,VR03_coleoptile,ground,coleoptile_Section2
TCGCTAAACCGCTATC-1,XGE202122,VR03_S4,coleoptile,VR03,Section4,1,6,VR03_coleoptile,ground,coleoptile_Section4
TCGCTCGATATATTCC-1,XGE202122,VR03_S2,coleoptile,VR03,Section2,10,2,VR03_coleoptile,ground,coleoptile_Section2
TCGCTCGGCACCAGCG-1,XGE202122,VR03_S4,P4,VR03,Section4,13,14,VR03_P4,ground,P4_Section4
TCGCTGTGCGTAAATC-1,XGE202122,VR03_S2,P5,VR03,Section2,2,22,VR03_P5,ground,P5_Section2
TCGCTTTAAACGTTTG-1,XGE202122,VR03_S4,coleoptile,VR03,Section4,21,9,VR03_coleoptile,ground,coleoptile_Section4
TCGGAATGCGCTCTGA-1,XGE202122,VR03_S2,coleoptile,VR03,Section2,26,1,VR03_coleoptile,ground,coleoptile_Section2
TCGGCAGGGTTAAGGG-1,XGE202122,VR03_S3,coleoptile,VR03,Section3,23,17,VR03_coleoptile,ground,coleoptile_Section3
TCGGCGAACCCAAACC-1,XGE202122,VR03_S3,coleoptile,VR03,Section3,8,1,VR03_coleoptile,ground,coleoptile_Section3
TCGGCTTGTATCGACG-1,XGE202122,VR03_S3,co_v,VR03,Section3,24,20,VR03_co_v,ground,co_v_Section3
TCGGGAACGTGCCTAG-1,XGE202122,VR03_S4,coleoptile,VR03,Section4,10,2,VR03_coleoptile,ground,coleoptile_Section4
TCGGTCCCTGACTCCA-1,XGE202122,VR03_S4,coleoptile,VR03,Section4,16,30,VR03_coleoptile,ground,coleoptile_Section4
TCGGTGACCGCTCCGG-1,XGE202122,VR03_S4,P5,VR03,Section4,2,22,VR03_P5,ground,P5_Section4
TCGTAACTCCCAAGAC-1,XGE202122,VR03_S3,P5,VR03,Section3,3,0,VR03_P5,ve,P5_Section3
TCGTAAGCTCCGAGGA-1,XGE202122,VR03_S4,P4,VR03,Section4,28,10,VR03_P4,ve,P4_Section4
TCGTACCGACGTCAAG-1,XGE202122,VR03_S1,P5,VR03,Section1,17,0,VR03_P5,ground,P5_Section1
TCGTCAAGTACGCGCA-1,XGE202122,VR03_S1,coleoptile,VR03,Section1,4,6,VR03_coleoptile,ground,coleoptile_Section1
TCGTGTATTGGTCACG-1,XGE202122,VR03_S3,coleoptile,VR03,Section3,32,21,VR03_coleoptile,ground,coleoptile_Section3
TCGTTAGGAGTCCCTA-1,XGE202122,VR03_S1,coleoptile,VR03,Section1,8,1,VR03_coleoptile,ground,coleoptile_Section1
TCGTTGCTATCCGGTC-1,XGE202122,VR03_S1,coleoptile,VR03,Section1,5,9,VR03_coleoptile,ground,coleoptile_Section1
TCTAACCTAGCCTGCG-1,XGE202122,VR03_S3,coleoptile,VR03,Section3,8,1,VR03_coleoptile,ground,coleoptile_Section3
TCTACCCAATAGAGAG-1,XGE202122,VR03_S3,P5,VR03,Section3,7,0,VR03_P5,ground,P5_Section3
TCTACGCACGATCTCC-1,XGE202122,VR03_S1,coleoptile,VR03,Section1,16,9,VR03_coleoptile,ground,coleoptile_Section1
TCTAGCATCTTCGATG-1,XGE202122,VR03_S2,SAM,VR03,Section2,0,5,VR03_SAM,ground,SAM_Section2
TCTAGGTGGCGACGCT-1,XGE202122,VR03_S4,P5,VR03,Section4,25,15,VR03_P5,ground,P5_Section4
TCTAGTTATCAGAAGA-1,XGE202122,VR03_S2,coleoptile,VR03,Section2,6,4,VR03_coleoptile,ground,coleoptile_Section2
TCTATAGGTGGGTAAT-1,XGE202122,VR03_S3,P3,VR03,Section3,0,5,VR03_P3,ground,P3_Section3
TCTATCATGCAGTTAC-1,XGE202122,VR03_S2,P4,VR03,Section2,7,0,VR03_P4,ground,P4_Section2
TCTATCGGTCGCAACA-1,XGE202122,VR03_S2,coleoptile,VR03,Section2,26,1,VR03_coleoptile,ground,coleoptile_Section2
TCTATGCTATAACGAC-1,XGE202122,VR03_S3,coleoptile,VR03,Section3,20,7,VR03_coleoptile,ground,coleoptile_Section3
TCTATTACGCTGGCGA-1,XGE202122,VR03_S2,coleoptile,VR03,Section2,4,3,VR03_coleoptile,ground,coleoptile_Section2
TCTCAGGCTACTCGCT-1,XGE202122,VR03_S3,coleoptile,VR03,Section3,19,21,VR03_coleoptile,ground,coleoptile_Section3
TCTCCACAAGTTGAAT-1,XGE202122,VR03_S3,coleoptile,VR03,Section3,4,7,VR03_coleoptile,ground,coleoptile_Section3
TCTCGAACGAGGTCAC-1,XGE202122,VR03_S4,co_v,VR03,Section4,24,20,VR03_co_v,ground,co_v_Section4
TCTCGAGGAGGTTCGC-1,XGE202122,VR03_S3,coleoptile,VR03,Section3,4,3,VR03_coleoptile,ground,coleoptile_Section3
TCTCTAATAGCTGGTA-1,XGE202122,VR03_S2,P5,VR03,Section2,2,22,VR03_P5,ground,P5_Section2
TCTCTCGCCGCACATA-1,XGE202122,VR03_S3,P5,VR03,Section3,7,0,VR03_P5,ground,P5_Section3
TCTCTTACCGCGAACC-1,XGE202122,VR03_S1,SAM,VR03,Section1,0,5,VR03_SAM,ground,SAM_Section1
TCTGAACCGGTCGGCT-1,XGE202122,VR03_S2,P4,VR03,Section2,13,8,VR03_P4,ground,P4_Section2
TCTGACGGGCTAACCC-1,XGE202122,VR03_S4,coleoptile,VR03,Section4,26,1,VR03_coleoptile,ground,coleoptile_Section4
TCTGAGCAATTGACTG-1,XGE202122,VR03_S3,P5,VR03,Section3,2,18,VR03_P5,ground,P5_Section3
TCTGCGTCCGGTTTCT-1,XGE202122,VR03_S2,coleoptile,VR03,Section2,16,27,VR03_coleoptile,ground,coleoptile_Section2
TCTTACAGAGGTACCG-1,XGE202122,VR03_S2,P5,VR03,Section2,9,8,VR03_P5,ground,P5_Section2
TCTTACCGGAACTCGT-1,XGE202122,VR03_S4,P5,VR03,Section4,15,18,VR03_P5,ground,P5_Section4
TCTTACGGCATCCGAC-1,XGE202122,VR03_S2,coleoptile,VR03,Section2,4,3,VR03_coleoptile,ground,coleoptile_Section2
TCTTCCCATGGGCACA-1,XGE202122,VR03_S4,coleoptile,VR03,Section4,21,16,VR03_coleoptile,ground,coleoptile_Section4
TCTTCGCGGTGAGAGG-1,XGE202122,VR03_S3,P4,VR03,Section3,9,8,VR03_P4,ve,P4_Section3
TCTTTCCTTCGAGATA-1,XGE202122,VR03_S3,P5,VR03,Section3,17,0,VR03_P5,ground,P5_Section3
TGAATATGCTATAAAC-1,XGE202122,VR03_S4,coleoptile,VR03,Section4,15,13,VR03_coleoptile,ground,coleoptile_Section4
TGACAACTTAAAGGTG-1,XGE202122,VR03_S1,coleoptile,VR03,Section1,32,24,VR03_coleoptile,ground,coleoptile_Section1
TGACACTTCTCTTTGC-1,XGE202122,VR03_S4,P4,VR03,Section4,28,10,VR03_P4,ve,P4_Section4
TGACCAAATCTTAAAC-1,XGE202122,VR03_S1,coleoptile,VR03,Section1,21,16,VR03_coleoptile,ground,coleoptile_Section1
TGACCAGCTTCAAAGT-1,XGE202122,VR03_S4,coleoptile,VR03,Section4,16,30,VR03_coleoptile,ground,coleoptile_Section4
TGACCCACGTTAGACA-1,XGE202122,VR03_S2,coleoptile,VR03,Section2,1,3,VR03_coleoptile,ground,coleoptile_Section2
TGACTCTAACTGGTAA-1,XGE202122,VR03_S3,co_v,VR03,Section3,30,25,VR03_co_v,ground,co_v_Section3
TGAGAATGCTTTACCG-1,XGE202122,VR03_S2,coleoptile,VR03,Section2,11,6,VR03_coleoptile,ground,coleoptile_Section2
TGAGATTAGGCCCTAA-1,XGE202122,VR03_S4,P5,VR03,Section4,17,10,VR03_P5,ve,P5_Section4
TGAGCTCAACTGTATA-1,XGE202122,VR03_S3,coleoptile,VR03,Section3,14,3,VR03_coleoptile,ground,coleoptile_Section3
TGAGCTTTAATGACGC-1,XGE202122,VR03_S4,coleoptile,VR03,Section4,6,9,VR03_coleoptile,ground,coleoptile_Section4
TGAGGAGTGCCAGCTT-1,XGE202122,VR03_S1,coleoptile,VR03,Section1,19,30,VR03_coleoptile,ground,coleoptile_Section1
TGATACATTTAGCCGT-1,XGE202122,VR03_S1,coleoptile,VR03,Section1,19,7,VR03_coleoptile,ground,coleoptile_Section1
TGATCCCAGCATTAGT-1,XGE202122,VR03_S4,P5,VR03,Section4,3,24,VR03_P5,ve,P5_Section4
TGATCGGTTTGACCCT-1,XGE202122,VR03_S2,coleoptile,VR03,Section2,25,15,VR03_coleoptile,ground,coleoptile_Section2
TGATCTACGCTGATCT-1,XGE202122,VR03_S4,P4,VR03,Section4,17,18,VR03_P4,ground,P4_Section4
TGATCTCCGGCGCCAG-1,XGE202122,VR03_S2,P5,VR03,Section2,7,0,VR03_P5,ms,P5_Section2
TGATGGCTGTTTCTGA-1,XGE202122,VR03_S4,coleoptile,VR03,Section4,10,2,VR03_coleoptile,ground,coleoptile_Section4
TGATTATGGCACGCAG-1,XGE202122,VR03_S4,coleoptile,VR03,Section4,4,3,VR03_coleoptile,ground,coleoptile_Section4
TGATTCGTCTATCACT-1,XGE202122,VR03_S2,P5,VR03,Section2,25,15,VR03_P5,ground,P5_Section2
TGATTTCCTCCTGACG-1,XGE202122,VR03_S2,coleoptile,VR03,Section2,11,6,VR03_coleoptile,ground,coleoptile_Section2
TGCAAAGTTCGTCTGT-1,XGE202122,VR03_S1,coleoptile,VR03,Section1,21,21,VR03_coleoptile,ground,coleoptile_Section1
TGCAACCCATCTGCGG-1,XGE202122,VR03_S3,coleoptile,VR03,Section3,6,4,VR03_coleoptile,ground,coleoptile_Section3
TGCAAGAATGACGTAA-1,XGE202122,VR03_S2,coleoptile,VR03,Section2,10,9,VR03_coleoptile,ground,coleoptile_Section2
TGCAATCTAACACGGT-1,XGE202122,VR03_S3,coleoptile,VR03,Section3,8,1,VR03_coleoptile,ground,coleoptile_Section3
TGCAATTTGGGCACGG-1,XGE202122,VR03_S4,P5,VR03,Section4,7,0,VR03_P5,ground,P5_Section4
TGCACAGTGAAGTTAT-1,XGE202122,VR03_S4,coleoptile,VR03,Section4,27,6,VR03_coleoptile,ground,coleoptile_Section4
TGCATGTGACCCATAG-1,XGE202122,VR03_S1,P4,VR03,Section1,13,8,VR03_P4,ground,P4_Section1
TGCCAATGGGTACTCT-1,XGE202122,VR03_S1,coleoptile,VR03,Section1,5,9,VR03_coleoptile,ground,coleoptile_Section1
TGCCATTACTAAAGAA-1,XGE202122,VR03_S4,coleoptile,VR03,Section4,20,26,VR03_coleoptile,ground,coleoptile_Section4
TGCCGTGGATCGTCCT-1,XGE202122,VR03_S1,coleoptile,VR03,Section1,12,4,VR03_coleoptile,ground,coleoptile_Section1
TGCCTAATTGAAGATT-1,XGE202122,VR03_S3,P5,VR03,Section3,3,0,VR03_P5,ground,P5_Section3
TGCGAGCCCTTCCGCG-1,XGE202122,VR03_S4,coleoptile,VR03,Section4,1,6,VR03_coleoptile,ground,coleoptile_Section4
TGCGCGATTAACGGAG-1,XGE202122,VR03_S2,P4,VR03,Section2,9,8,VR03_P4,ground,P4_Section2
TGCGTACGGCTAATTG-1,XGE202122,VR03_S3,coleoptile,VR03,Section3,1,12,VR03_coleoptile,ground,coleoptile_Section3
TGCTATGGCAAAGGGA-1,XGE202122,VR03_S1,coleoptile,VR03,Section1,5,26,VR03_coleoptile,ground,coleoptile_Section1
TGCTCGGCGAAACCCA-1,XGE202122,VR03_S1,coleoptile,VR03,Section1,5,11,VR03_coleoptile,ground,coleoptile_Section1
TGCTGGTTGGACAATT-1,XGE202122,VR03_S2,P1_P2,VR03,Section2,0,5,VR03_P1_P2,ground,P1_P2_Section2
TGCTTAGAGAGAATGC-1,XGE202122,VR03_S1,coleoptile,VR03,Section1,20,7,VR03_coleoptile,ground,coleoptile_Section1
TGCTTCCCAAGCAGTA-1,XGE202122,VR03_S1,coleoptile,VR03,Section1,12,4,VR03_coleoptile,ground,coleoptile_Section1
TGGAACCACTGACACA-1,XGE202122,VR03_S4,P3,VR03,Section4,0,18,VR03_P3,ve,P3_Section4
TGGAAGACGAACACCA-1,XGE202122,VR03_S2,coleoptile,VR03,Section2,11,3,VR03_coleoptile,ground,coleoptile_Section2
TGGAATATCCTTGACC-1,XGE202122,VR03_S4,P3,VR03,Section4,13,18,VR03_P3,ground,P3_Section4
TGGAGAATAATCGTCC-1,XGE202122,VR03_S1,coleoptile,VR03,Section1,29,12,VR03_coleoptile,ground,coleoptile_Section1
TGGCAACTCGCGCGCC-1,XGE202122,VR03_S4,coleoptile,VR03,Section4,21,9,VR03_coleoptile,ground,coleoptile_Section4
TGGCAAGCACAAGTCG-1,XGE202122,VR03_S1,P5,VR03,Section1,7,0,VR03_P5,ground,P5_Section1
TGGCCGTATATTGACC-1,XGE202122,VR03_S2,P4,VR03,Section2,9,8,VR03_P4,ground,P4_Section2
TGGCGACTGCTCCAAA-1,XGE202122,VR03_S1,coleoptile,VR03,Section1,19,7,VR03_coleoptile,ground,coleoptile_Section1
TGGCTACACTCTACCT-1,XGE202122,VR03_S3,P5,VR03,Section3,2,0,VR03_P5,ground,P5_Section3
TGGCTTGTACAAGCTT-1,XGE202122,VR03_S4,coleoptile,VR03,Section4,4,3,VR03_coleoptile,ground,coleoptile_Section4
TGGCTTTGGGTAGACA-1,XGE202122,VR03_S2,P5,VR03,Section2,2,22,VR03_P5,ground,P5_Section2
TGGGAAATGCCTTTCC-1,XGE202122,VR03_S2,coleoptile,VR03,Section2,4,7,VR03_coleoptile,ground,coleoptile_Section2
TGGGATGCACTCATTC-1,XGE202122,VR03_S4,co_v,VR03,Section4,30,25,VR03_co_v,ground,co_v_Section4
TGGGCAGGCCACCGCA-1,XGE202122,VR03_S3,coleoptile,VR03,Section3,14,3,VR03_coleoptile,ground,coleoptile_Section3
TGGGCGATACAATAAG-1,XGE202122,VR03_S1,coleoptile,VR03,Section1,21,21,VR03_coleoptile,ground,coleoptile_Section1
TGGGTGGGATGTCATT-1,XGE202122,VR03_S4,coleoptile,VR03,Section4,8,1,VR03_coleoptile,ground,coleoptile_Section4
TGGGTGTAATAGATTT-1,XGE202122,VR03_S3,coleoptile,VR03,Section3,33,12,VR03_coleoptile,ground,coleoptile_Section3
TGGGTTTCGGGCGTAC-1,XGE202122,VR03_S1,coleoptile,VR03,Section1,5,9,VR03_coleoptile,ground,coleoptile_Section1
TGGTCGATATACCTCT-1,XGE202122,VR03_S1,coleoptile,VR03,Section1,27,17,VR03_coleoptile,ground,coleoptile_Section1
TGGTGCCCTGCCTTAC-1,XGE202122,VR03_S1,coleoptile,VR03,Section1,21,21,VR03_coleoptile,ground,coleoptile_Section1
TGGTTAAGGGCGCTGG-1,XGE202122,VR03_S4,coleoptile,VR03,Section4,11,3,VR03_coleoptile,ground,coleoptile_Section4
TGGTTCGTAGCAAAGG-1,XGE202122,VR03_S2,P5,VR03,Section2,25,22,VR03_P5,ground,P5_Section2
TGGTTGGAGGATCCTG-1,XGE202122,VR03_S4,coleoptile,VR03,Section4,16,30,VR03_coleoptile,ground,coleoptile_Section4
TGGTTTAAACGTGGGT-1,XGE202122,VR03_S4,P5,VR03,Section4,15,18,VR03_P5,ground,P5_Section4
TGTACCTACACGAGGG-1,XGE202122,VR03_S3,coleoptile,VR03,Section3,5,2,VR03_coleoptile,ground,coleoptile_Section3
TGTACTACTCTCACGG-1,XGE202122,VR03_S4,coleoptile,VR03,Section4,6,4,VR03_coleoptile,ground,coleoptile_Section4
TGTACTTCCGGGCATG-1,XGE202122,VR03_S3,coleoptile,VR03,Section3,1,12,VR03_coleoptile,ground,coleoptile_Section3
TGTAGCCATCCCATTC-1,XGE202122,VR03_S3,P1_P2,VR03,Section3,0,5,VR03_P1_P2,ground,P1_P2_Section3
TGTATCAGACTGAAGC-1,XGE202122,VR03_S4,coleoptile,VR03,Section4,33,16,VR03_coleoptile,ground,coleoptile_Section4
TGTATTTACCTAATGC-1,XGE202122,VR03_S4,coleoptile,VR03,Section4,4,3,VR03_coleoptile,ground,coleoptile_Section4
TGTCCACGGCTCAACT-1,XGE202122,VR03_S3,P5,VR03,Section3,2,0,VR03_P5,ground,P5_Section3
TGTCCGCAAACAATTC-1,XGE202122,VR03_S1,coleoptile,VR03,Section1,14,12,VR03_coleoptile,ground,coleoptile_Section1
TGTGACTAGAGTTTGC-1,XGE202122,VR03_S3,P5,VR03,Section3,3,0,VR03_P5,ground,P5_Section3
TGTGAGACTAGCCCAA-1,XGE202122,VR03_S1,coleoptile,VR03,Section1,6,11,VR03_coleoptile,ground,coleoptile_Section1
TGTGCCGGTGCCGGAA-1,XGE202122,VR03_S3,coleoptile,VR03,Section3,5,2,VR03_coleoptile,ground,coleoptile_Section3
TGTGGCAAAGCGTATG-1,XGE202122,VR03_S4,coleoptile,VR03,Section4,8,1,VR03_coleoptile,ground,coleoptile_Section4
TGTGGCGGGCTTCTGG-1,XGE202122,VR03_S1,coleoptile,VR03,Section1,25,15,VR03_coleoptile,ground,coleoptile_Section1
TGTGGTTGCTAAAGCT-1,XGE202122,VR03_S1,P3,VR03,Section1,28,10,VR03_P3,ground,P3_Section1
TGTGTAGTAGCACGTG-1,XGE202122,VR03_S3,P4,VR03,Section3,3,10,VR03_P4,ground,P4_Section3
TGTGTCGCGAGTTGCA-1,XGE202122,VR03_S2,P4,VR03,Section2,9,8,VR03_P4,ground,P4_Section2
TGTTAACAAAGTGACT-1,XGE202122,VR03_S3,coleoptile,VR03,Section3,23,17,VR03_coleoptile,ground,coleoptile_Section3
TGTTCCGCTTCCATGA-1,XGE202122,VR03_S2,coleoptile,VR03,Section2,8,1,VR03_coleoptile,ground,coleoptile_Section2
TGTTCTCATACTATAG-1,XGE202122,VR03_S3,coleoptile,VR03,Section3,23,9,VR03_coleoptile,ground,coleoptile_Section3
TGTTCTTCCATTGACT-1,XGE202122,VR03_S2,coleoptile,VR03,Section2,14,3,VR03_coleoptile,ground,coleoptile_Section2
TGTTTCGGTACTTCTC-1,XGE202122,VR03_S2,coleoptile,VR03,Section2,4,3,VR03_coleoptile,ground,coleoptile_Section2
TTAAACTCGAATTCAT-1,XGE202122,VR03_S4,coleoptile,VR03,Section4,14,3,VR03_coleoptile,ground,coleoptile_Section4
TTAAAGGCGATGCTCG-1,XGE202122,VR03_S1,coleoptile,VR03,Section1,14,12,VR03_coleoptile,ground,coleoptile_Section1
TTAAAGTAAGTCGCCA-1,XGE202122,VR03_S3,coleoptile,VR03,Section3,1,12,VR03_coleoptile,ground,coleoptile_Section3
TTAACCAACCCTCCCT-1,XGE202122,VR03_S2,coleoptile,VR03,Section2,1,6,VR03_coleoptile,ground,coleoptile_Section2
TTAACGAACAAGCAGT-1,XGE202122,VR03_S4,coleoptile,VR03,Section4,15,13,VR03_coleoptile,ground,coleoptile_Section4
TTAACTGATCGTTTGG-1,XGE202122,VR03_S3,coleoptile,VR03,Section3,10,2,VR03_coleoptile,ground,coleoptile_Section3
TTAAGATACCCAGAGA-1,XGE202122,VR03_S1,coleoptile,VR03,Section1,8,19,VR03_coleoptile,ground,coleoptile_Section1
TTAAGCGCCTGACCCA-1,XGE202122,VR03_S2,P5,VR03,Section2,17,0,VR03_P5,ground,P5_Section2
TTAAGTATTGTTATCC-1,XGE202122,VR03_S3,coleoptile,VR03,Section3,8,1,VR03_coleoptile,ground,coleoptile_Section3
TTACAACTACGCATCC-1,XGE202122,VR03_S2,P5,VR03,Section2,2,22,VR03_P5,ground,P5_Section2
TTACACGATCTGCGAC-1,XGE202122,VR03_S3,SAM,VR03,Section3,0,5,VR03_SAM,ground,SAM_Section3
TTACAGACCTAAATGA-1,XGE202122,VR03_S4,P5,VR03,Section4,7,0,VR03_P5,ground,P5_Section4
TTACATCGTGGCCTGG-1,XGE202122,VR03_S2,P4,VR03,Section2,2,22,VR03_P4,ground,P4_Section2
TTACCCTAACAGTCCT-1,XGE202122,VR03_S2,coleoptile,VR03,Section2,26,1,VR03_coleoptile,ground,coleoptile_Section2
TTACCCTAGGGATTGG-1,XGE202122,VR03_S1,coleoptile,VR03,Section1,11,3,VR03_coleoptile,ground,coleoptile_Section1
TTACGGATGGTTCGAG-1,XGE202122,VR03_S4,coleoptile,VR03,Section4,8,1,VR03_coleoptile,ground,coleoptile_Section4
TTACGTATCTATGACA-1,XGE202122,VR03_S3,P4,VR03,Section3,13,0,VR03_P4,ground,P4_Section3
TTACTGTCTAGAGCTC-1,XGE202122,VR03_S4,coleoptile,VR03,Section4,15,13,VR03_coleoptile,ground,coleoptile_Section4
TTAGCAACATGGATGT-1,XGE202122,VR03_S2,coleoptile,VR03,Section2,16,30,VR03_coleoptile,ground,coleoptile_Section2
TTAGCCATAGGGCTCG-1,XGE202122,VR03_S1,coleoptile,VR03,Section1,8,1,VR03_coleoptile,ground,coleoptile_Section1
TTAGCTAATACGATCT-1,XGE202122,VR03_S4,P3,VR03,Section4,13,18,VR03_P3,ground,P3_Section4
TTAGTAAACCTGCTCT-1,XGE202122,VR03_S3,coleoptile,VR03,Section3,4,7,VR03_coleoptile,ground,coleoptile_Section3
TTAGTTCAAGTGTTCG-1,XGE202122,VR03_S4,P5,VR03,Section4,7,0,VR03_P5,ground,P5_Section4
TTATATTTGGCAATCC-1,XGE202122,VR03_S2,coleoptile,VR03,Section2,10,2,VR03_coleoptile,ground,coleoptile_Section2
TTATCCAATCGAACTC-1,XGE202122,VR03_S2,coleoptile,VR03,Section2,20,16,VR03_coleoptile,ground,coleoptile_Section2
TTATCTGTATCATAAC-1,XGE202122,VR03_S2,coleoptile,VR03,Section2,4,7,VR03_coleoptile,ground,coleoptile_Section2
TTATGACAAACTGGAT-1,XGE202122,VR03_S2,P5,VR03,Section2,7,0,VR03_P5,ground,P5_Section2
TTATTATCTGGAAGGC-1,XGE202122,VR03_S3,coleoptile,VR03,Section3,19,3,VR03_coleoptile,ground,coleoptile_Section3
TTATTTAGGTTCCTTA-1,XGE202122,VR03_S3,coleoptile,VR03,Section3,27,17,VR03_coleoptile,ground,coleoptile_Section3
TTCACGGTCGTCACGT-1,XGE202122,VR03_S1,coleoptile,VR03,Section1,5,9,VR03_coleoptile,ground,coleoptile_Section1
TTCACTTCCTAGAACG-1,XGE202122,VR03_S1,P4,VR03,Section1,9,8,VR03_P4,ground,P4_Section1
TTCAGCTGGCGTGCCC-1,XGE202122,VR03_S3,coleoptile,VR03,Section3,10,2,VR03_coleoptile,ground,coleoptile_Section3
TTCAGTTCAAGAGGAG-1,XGE202122,VR03_S1,coleoptile,VR03,Section1,27,12,VR03_coleoptile,ground,coleoptile_Section1
TTCCAATCAGAGCTAG-1,XGE202122,VR03_S4,P4,VR03,Section4,9,18,VR03_P4,ground,P4_Section4
TTCCAGTGGGTTTCGT-1,XGE202122,VR03_S1,coleoptile,VR03,Section1,12,4,VR03_coleoptile,ground,coleoptile_Section1
TTCCATCATGCGGTGA-1,XGE202122,VR03_S4,coleoptile,VR03,Section4,25,15,VR03_coleoptile,ground,coleoptile_Section4
TTCCATCGACAGCGTG-1,XGE202122,VR03_S3,P1_P2,VR03,Section3,0,5,VR03_P1_P2,ground,P1_P2_Section3
TTCCGCAGAGAAATAT-1,XGE202122,VR03_S4,P1_P2,VR03,Section4,0,5,VR03_P1_P2,ground,P1_P2_Section4
TTCCGGCCTTGAGGCT-1,XGE202122,VR03_S1,coleoptile,VR03,Section1,20,9,VR03_coleoptile,ground,coleoptile_Section1
TTCCGGCTCGACTTCT-1,XGE202122,VR03_S4,coleoptile,VR03,Section4,4,3,VR03_coleoptile,ground,coleoptile_Section4
TTCGAACGAAACATGC-1,XGE202122,VR03_S1,coleoptile,VR03,Section1,19,7,VR03_coleoptile,ground,coleoptile_Section1
TTCGACGGGAAGGGCG-1,XGE202122,VR03_S2,P1_P2,VR03,Section2,0,5,VR03_P1_P2,ground,P1_P2_Section2
TTCGCACTCGCGTGCT-1,XGE202122,VR03_S2,P1_P2,VR03,Section2,0,5,VR03_P1_P2,ground,P1_P2_Section2
TTCGCACTGTACGACA-1,XGE202122,VR03_S1,coleoptile,VR03,Section1,11,6,VR03_coleoptile,ground,coleoptile_Section1
TTCGCGCGCCATACGA-1,XGE202122,VR03_S1,P5,VR03,Section1,7,0,VR03_P5,ground,P5_Section1
TTCGCTATCTGACGTG-1,XGE202122,VR03_S4,P1_P2,VR03,Section4,0,5,VR03_P1_P2,ground,P1_P2_Section4
TTCGGACTGATGCCTT-1,XGE202122,VR03_S4,coleoptile,VR03,Section4,12,30,VR03_coleoptile,ground,coleoptile_Section4
TTCGGCAACCCGCTGA-1,XGE202122,VR03_S4,coleoptile,VR03,Section4,19,7,VR03_coleoptile,ground,coleoptile_Section4
TTCGGCTAGAGATGGT-1,XGE202122,VR03_S2,coleoptile,VR03,Section2,5,30,VR03_coleoptile,ground,coleoptile_Section2
TTCGGGCGCTAGTCTT-1,XGE202122,VR03_S1,coleoptile,VR03,Section1,5,9,VR03_coleoptile,ground,coleoptile_Section1
TTCGGGTTGCCACGGG-1,XGE202122,VR03_S3,P4,VR03,Section3,9,8,VR03_P4,ground,P4_Section3
TTCGGTACTGTAGAGG-1,XGE202122,VR03_S1,coleoptile,VR03,Section1,6,4,VR03_coleoptile,ground,coleoptile_Section1
TTCGTAATCCCAGCGG-1,XGE202122,VR03_S4,coleoptile,VR03,Section4,22,4,VR03_coleoptile,ground,coleoptile_Section4
TTCGTACTCCAGAACG-1,XGE202122,VR03_S2,coleoptile,VR03,Section2,12,4,VR03_coleoptile,ground,coleoptile_Section2
TTCTACCTCAATCGGT-1,XGE202122,VR03_S1,coleoptile,VR03,Section1,5,9,VR03_coleoptile,ground,coleoptile_Section1
TTCTACTTGCGAGGGC-1,XGE202122,VR03_S2,P5,VR03,Section2,2,22,VR03_P5,ve,P5_Section2
TTCTAGGCCAATTGTG-1,XGE202122,VR03_S2,SAM,VR03,Section2,0,5,VR03_SAM,ground,SAM_Section2
TTCTATGCCTTTCGCA-1,XGE202122,VR03_S4,coleoptile,VR03,Section4,8,1,VR03_coleoptile,ground,coleoptile_Section4
TTCTATTAAACGCAGC-1,XGE202122,VR03_S1,P5,VR03,Section1,28,10,VR03_P5,ve,P5_Section1
TTCTGCTAGACTCCAA-1,XGE202122,VR03_S4,P5,VR03,Section4,2,15,VR03_P5,ground,P5_Section4
TTCTTAGTGAACGGTG-1,XGE202122,VR03_S2,P5,VR03,Section2,2,22,VR03_P5,ve,P5_Section2
TTCTTAGTGGCTCAGA-1,XGE202122,VR03_S2,coleoptile,VR03,Section2,8,1,VR03_coleoptile,ground,coleoptile_Section2
TTCTTTGGTCGCGACG-1,XGE202122,VR03_S4,P3,VR03,Section4,13,18,VR03_P3,ground,P3_Section4
TTGAAACCCTCATTCC-1,XGE202122,VR03_S3,coleoptile,VR03,Section3,27,17,VR03_coleoptile,ground,coleoptile_Section3
TTGAAAGGTGTAAAGG-1,XGE202122,VR03_S4,P5,VR03,Section4,17,18,VR03_P5,ground,P5_Section4
TTGAACGAATCCTTTG-1,XGE202122,VR03_S2,coleoptile,VR03,Section2,26,1,VR03_coleoptile,ground,coleoptile_Section2
TTGAAGAATTCCCAGG-1,XGE202122,VR03_S2,coleoptile,VR03,Section2,1,13,VR03_coleoptile,ground,coleoptile_Section2
TTGAGGCATTTAACTC-1,XGE202122,VR03_S4,coleoptile,VR03,Section4,8,1,VR03_coleoptile,ground,coleoptile_Section4
TTGATAGTCAATACAT-1,XGE202122,VR03_S4,coleoptile,VR03,Section4,10,2,VR03_coleoptile,ground,coleoptile_Section4
TTGATCTAACTTTGTC-1,XGE202122,VR03_S2,P5,VR03,Section2,28,10,VR03_P5,ground,P5_Section2
TTGATGCCGCTCGTCG-1,XGE202122,VR03_S1,coleoptile,VR03,Section1,29,12,VR03_coleoptile,ground,coleoptile_Section1
TTGATGTGTAGTCCCG-1,XGE202122,VR03_S4,coleoptile,VR03,Section4,14,12,VR03_coleoptile,ground,coleoptile_Section4
TTGATTATGCAGATGA-1,XGE202122,VR03_S2,coleoptile,VR03,Section2,25,15,VR03_coleoptile,ground,coleoptile_Section2
TTGCACGGAGCAGCAC-1,XGE202122,VR03_S2,coleoptile,VR03,Section2,4,3,VR03_coleoptile,ground,coleoptile_Section2
TTGCCGGTGATCCCTC-1,XGE202122,VR03_S4,co_v,VR03,Section4,24,20,VR03_co_v,ground,co_v_Section4
TTGCCTTCTCGCCGGG-1,XGE202122,VR03_S3,coleoptile,VR03,Section3,29,12,VR03_coleoptile,ground,coleoptile_Section3
TTGCGCTTGATCAATA-1,XGE202122,VR03_S3,coleoptile,VR03,Section3,19,21,VR03_coleoptile,ground,coleoptile_Section3
TTGCGGAAAGCTGCCC-1,XGE202122,VR03_S1,coleoptile,VR03,Section1,21,9,VR03_coleoptile,ground,coleoptile_Section1
TTGCGGCATCAGAAAG-1,XGE202122,VR03_S1,coleoptile,VR03,Section1,16,9,VR03_coleoptile,ground,coleoptile_Section1
TTGCGTGAACGCTTAG-1,XGE202122,VR03_S4,coleoptile,VR03,Section4,25,15,VR03_coleoptile,ground,coleoptile_Section4
TTGCTCATAGTACGTG-1,XGE202122,VR03_S3,P5,VR03,Section3,3,0,VR03_P5,ground,P5_Section3
TTGCTGAAGGAACCAC-1,XGE202122,VR03_S2,coleoptile,VR03,Section2,4,3,VR03_coleoptile,ground,coleoptile_Section2
TTGCTGATCATGTTCG-1,XGE202122,VR03_S2,coleoptile,VR03,Section2,21,9,VR03_coleoptile,ground,coleoptile_Section2
TTGGACCATCTGGCAA-1,XGE202122,VR03_S3,coleoptile,VR03,Section3,19,7,VR03_coleoptile,ground,coleoptile_Section3
TTGGATTGGGTACCAC-1,XGE202122,VR03_S2,coleoptile,VR03,Section2,4,3,VR03_coleoptile,ground,coleoptile_Section2
TTGGCCATCTTGCGCT-1,XGE202122,VR03_S2,coleoptile,VR03,Section2,26,1,VR03_coleoptile,ground,coleoptile_Section2
TTGGCTCAATATGTGT-1,XGE202122,VR03_S3,P3,VR03,Section3,13,23,VR03_P3,ground,P3_Section3
TTGGCTCGCATGAGAC-1,XGE202122,VR03_S2,P4,VR03,Section2,9,8,VR03_P4,ground,P4_Section2
TTGGGACGTAAGAGTT-1,XGE202122,VR03_S3,coleoptile,VR03,Section3,14,7,VR03_coleoptile,ground,coleoptile_Section3
TTGTCGTTCAGTTACC-1,XGE202122,VR03_S2,coleoptile,VR03,Section2,1,6,VR03_coleoptile,ground,coleoptile_Section2
TTGTCTCGGCAAGATG-1,XGE202122,VR03_S1,coleoptile,VR03,Section1,23,9,VR03_coleoptile,ground,coleoptile_Section1
TTGTGAACCTAATCCG-1,XGE202122,VR03_S3,coleoptile,VR03,Section3,16,2,VR03_coleoptile,ground,coleoptile_Section3
TTGTGATCTGTTCAGT-1,XGE202122,VR03_S3,P5,VR03,Section3,2,0,VR03_P5,ground,P5_Section3
TTGTGGCCCTGACAGT-1,XGE202122,VR03_S2,coleoptile,VR03,Section2,8,1,VR03_coleoptile,ground,coleoptile_Section2
TTGTGGTGGTACTAAG-1,XGE202122,VR03_S3,coleoptile,VR03,Section3,4,3,VR03_coleoptile,ground,coleoptile_Section3
TTGTGTATGCCACCAA-1,XGE202122,VR03_S1,coleoptile,VR03,Section1,5,9,VR03_coleoptile,ground,coleoptile_Section1
TTGTTAGCAAATTCGA-1,XGE202122,VR03_S2,P1_P2,VR03,Section2,0,5,VR03_P1_P2,ground,P1_P2_Section2
TTGTTCAGTGTGCTAC-1,XGE202122,VR03_S2,coleoptile,VR03,Section2,6,4,VR03_coleoptile,ground,coleoptile_Section2
TTGTTGGCAATGACTG-1,XGE202122,VR03_S1,coleoptile,VR03,Section1,22,1,VR03_coleoptile,ground,coleoptile_Section1
TTGTTTCATTAGTCTA-1,XGE202122,VR03_S1,coleoptile,VR03,Section1,4,3,VR03_coleoptile,ground,coleoptile_Section1
TTGTTTGTATTACACG-1,XGE202122,VR03_S1,coleoptile,VR03,Section1,1,12,VR03_coleoptile,ground,coleoptile_Section1
