,SAM,P1_P2,P3,P4,P5
Zm00001eb228170,1.9267229990362778,-0.4639943477532393,-0.21328328326132764,-0.975722048314777,-0.273723319706929
Zm00001eb267130,1.9184244821513918,-0.5074704323114659,-0.0522808361697523,-0.9404797955350374,-0.41819341813513033
Zm00001eb015320,1.911596894467736,-0.21936558767449962,-0.11016176031894216,-0.9215499325640908,-0.660519613910201
Zm00001eb167310,1.9534889064492822,-0.2673080658321808,-0.2308317954648198,-0.7355406178687612,-0.7198084272835205
Zm00001eb076640,1.9422327578640866,-0.26381253982759445,-0.1788590416876449,-0.7798009188653571,-0.719760257483491
Zm00001eb176440,1.9356372564635316,-0.30963651374230833,-0.1233020334300506,-0.6701750241981518,-0.8325236850930204
Zm00001eb204190,1.9124288497406683,-0.17521692397749342,-0.1325144573310919,-0.7439198876010042,-0.8607775808310788
Zm00001eb062760,1.9659869675255273,-0.3958702378715415,-0.23083291966175648,-0.5511986704191884,-0.7880851395730403
Zm00001eb403140,1.912850625811982,-0.41741790557813063,-0.11201784082431886,-0.3776227262239188,-1.0057921531856113
Zm00001eb227390,1.9061129931230048,-0.1525786248745645,-0.2739266868303169,-0.44501769325174156,-1.0345899881663805
Zm00001eb375660,1.9153738896574284,-0.05915453818465415,-0.4155207076560132,-0.47808928208334894,-0.9626093617334119
Zm00001eb279010,1.9330718049829902,-0.09206866908172788,-0.39626347297636233,-0.557907571165664,-0.886832091759238
Zm00001eb243260,1.9568174586935756,-0.3910418933091146,-0.5964442154907764,-0.7948304181829781,-0.17450093171070535
Zm00001eb311020,1.9701485043030424,-0.43209193693960907,-0.6115340603233362,-0.7168510246690268,-0.209671482371071
Zm00001eb430300,1.9575929948159714,-0.30331344230475316,-0.7230719691400486,-0.7099639440679046,-0.22124363930326463
Zm00001eb198620,1.9694177510069537,-0.40399324920323715,-0.7061719952050889,-0.6421666668175162,-0.2170858397811105
Zm00001eb373300,1.9644169295175966,-0.39770714658446277,-0.7850215093086166,-0.5656556123252844,-0.21603266129923787
Zm00001eb149810,1.9055212490608462,-0.1255232568286254,-0.780631088443011,-0.8493123129275509,-0.150054590861658
Zm00001eb309600,1.9681105619547674,-0.27678377572624724,-0.5112047285611006,-0.804836780976481,-0.3752852766909451
Zm00001eb413100,1.9507903444672128,-0.18851351780051107,-0.5596559515805086,-0.8488143938790961,-0.353806481207097
Zm00001eb358260,1.9581246131757795,-0.21045582622374304,-0.6209569251960751,-0.7882214816232345,-0.33849038013272265
Zm00001eb093650,1.949742202248157,-0.1464608496942458,-0.7212797499738641,-0.7300065585622441,-0.3519950440178031
Zm00001eb057820,1.9228373234489866,-0.0777402897205073,-0.6086921235663609,-0.9026303217515785,-0.3337745884105401
Zm00001eb023870,1.9090373457655658,-0.01774115251420689,-0.595430423757442,-0.9317375959224694,-0.3641281735714507
Zm00001eb015020,1.985543918447316,-0.2914643596581318,-0.4616372347819657,-0.6232174977108086,-0.6092248262964102
Zm00001eb104790,1.994593697672974,-0.36238855968662104,-0.5207459950159424,-0.5824073566266665,-0.5290517863437421
Zm00001eb102260,1.9873717927775627,-0.32286221225338113,-0.49459855703315747,-0.6775290368721871,-0.49238198661883914
Zm00001eb075640,1.9872239060122616,-0.27843760446918603,-0.5760160261992541,-0.562205604133761,-0.5705646712100609
Zm00001eb154380,1.9850103008781714,-0.2626973087731471,-0.5389726239738508,-0.5982095476901242,-0.5851308204410497
Zm00001eb055920,1.9831226296399591,-0.2458947975500784,-0.5568147920701197,-0.5863207025114877,-0.5940923375082736
Zm00001eb082590,1.9792077773874412,-0.21956217605208903,-0.5464682354868791,-0.6056316362500928,-0.6075457295983806
Zm00001eb354880,1.9798455479421548,-0.22715652607001774,-0.529597823380821,-0.620535163035535,-0.602556035455781
Zm00001eb117820,1.9740499959855295,-0.1852779086913033,-0.5577756131189855,-0.6133868874824877,-0.6176095866927533
Zm00001eb299420,1.9703853950441763,-0.161777884914733,-0.5763683109527968,-0.6171586098837781,-0.6150805892928685
Zm00001eb264380,1.9702716887740486,-0.1625310394666092,-0.5653202107015468,-0.6106764672436913,-0.6317439713622015
Zm00001eb035180,1.9682118812933405,-0.15214958912346596,-0.5561513056651066,-0.6303862568645989,-0.6295247296401686
Zm00001eb172450,1.972762717291538,-0.19989060894533156,-0.4994959620460988,-0.6999786120818561,-0.5733975342182521
Zm00001eb399030,1.9644589223342261,-0.13516777383288878,-0.6772105385860184,-0.5624051310475442,-0.5896754788677758
Zm00001eb197040,1.9536491539398577,-0.07939840381366559,-0.6564052970305398,-0.5614401560651121,-0.6564052970305398
Zm00001eb400120,1.9526020406204754,-0.07075029797672265,-0.6450055544878479,-0.6450055544878479,-0.5918406336680568
Zm00001eb291720,1.9470440439246506,-0.06344474848592632,-0.5058533399259201,-0.6861624033754755,-0.6915835521373283
Zm00001eb071920,1.9617863924591918,-0.12745802279185223,-0.5166663469240941,-0.6522020727634604,-0.6654599499797853
Zm00001eb344540,1.9606539097774554,-0.13794582278086495,-0.4851392466791583,-0.6100396072421422,-0.7275292330752899
Zm00001eb421120,1.9512517446073712,-0.13048197970002295,-0.4164847454642957,-0.6123557316868359,-0.7919292877562202
Zm00001eb103060,1.9444621596284617,-0.10898074563055737,-0.37707380826821746,-0.7015535067739171,-0.7568540989557696
Zm00001eb220660,1.9014683788307698,0.09451530280852427,-0.49359255967263266,-0.7108117449465,-0.7915793770201611
Zm00001eb130180,1.937993398823864,-0.011665936766659613,-0.5732139195336684,-0.6739911322539034,-0.679122410269632
Zm00001eb202660,1.9337479502622867,0.003397894811360526,-0.5656173409320326,-0.6941046347887482,-0.6774238693528671
Zm00001eb251820,1.9135477837283745,0.08064106360880492,-0.6087707588279893,-0.6649743957077454,-0.7204436928014438
Zm00001eb402580,1.9220596236933478,0.054555254063027706,-0.6647543983117513,-0.6686416201104846,-0.64321885933414
Zm00001eb264910,1.907447248767612,0.09163856738279612,-0.6148534406993439,-0.7847255230368992,-0.5995068524141652
Zm00001eb289490,1.967854660583142,-0.21483653342244272,-0.7784322371151717,-0.47104913989299757,-0.5035367501525292
Zm00001eb040220,1.9829934836222423,-0.4252174637324203,-0.7244903176253026,-0.33045062028560757,-0.5028350819789114
Zm00001eb160080,1.9714831696659236,-0.3263398276908464,-0.6395019156011048,-0.2881856865609831,-0.7174557398129898
Zm00001eb203350,1.935088165822363,-0.3004577462817651,-0.8604137274619132,-0.13696697836698488,-0.6372497137116974
Zm00001eb269420,1.927064814076384,-0.8706335320781856,-0.4556793359854859,-0.565256462667836,-0.035495483344876046
Zm00001eb325760,1.9426941262554627,-0.6582961775005661,-0.5744838522800684,-0.6794296709525544,-0.03048442552228347
Zm00001eb424870,1.9898101544221454,-0.5921843647714848,-0.4825011664077441,-0.5961972889199957,-0.31892733432292103
Zm00001eb051340,1.9819486079522266,-0.6201977548930069,-0.6127829982274946,-0.4994939941297251,-0.24947386070200084
Zm00001eb380990,1.9509894139390915,-0.8729136060403356,-0.526634629149976,-0.3094431608763083,-0.24199801787247113
Zm00001eb361590,1.9611230128833883,-0.7810258216233813,-0.6239958773778495,-0.27809344373123907,-0.27800787015092304
Zm00001eb386370,1.9816220893455267,-0.702158304338536,-0.5676136048633943,-0.3079820678733249,-0.40386811227027175
Zm00001eb264780,1.9896011893785903,-0.6109763024826046,-0.6111580892273164,-0.3931730025892061,-0.37429379507946264
Zm00001eb314810,1.9658887582125928,-0.6875365746983827,-0.6875365746983827,-0.3829771067551732,-0.20783850206065405
Zm00001eb307400,1.959307807166014,-0.6978886083178655,-0.7237548719316567,-0.32222611580477956,-0.21543821111171244
Zm00001eb150830,1.940665578708093,-0.6826714774989606,-0.7899553012160585,-0.364819301292635,-0.10321949870043884
Zm00001eb055700,1.922641873790706,-0.8037487200185093,-0.7481000622555812,-0.30589293306959076,-0.06490015844702567
Zm00001eb202570,1.9373033459755435,-0.7736572619655843,-0.7338387495275959,-0.1215663649868407,-0.30824096949552354
Zm00001eb227240,1.916853669642937,-0.621457422464904,-0.8564165979140019,0.014670084215665827,-0.4536497334796922
Zm00001eb079950,1.976382675221615,-0.6293550337257199,-0.20021547799682957,-0.582021643360559,-0.5647905201385077
Zm00001eb244670,1.9842876989190692,-0.632400329040778,-0.30307483766918536,-0.42239173120893564,-0.6264208010001706
Zm00001eb295700,1.988270426070008,-0.581909906909425,-0.3649499322464952,-0.39282817521268953,-0.648582411701396
Zm00001eb144270,1.9927675567615173,-0.5931792028621806,-0.4014057058632318,-0.40500344517392456,-0.5931792028621806
Zm00001eb284130,1.996068262408619,-0.5835052632728507,-0.39220440452747185,-0.4896491510350587,-0.5307094435732376
Zm00001eb041860,1.996068262408619,-0.5835052632728507,-0.39220440452747185,-0.4896491510350587,-0.5307094435732376
Zm00001eb360510,1.9996033558498312,-0.5127558771855837,-0.5127558771855837,-0.5127558771855837,-0.46133572429307984
Zm00001eb222520,2.0,-0.5,-0.5,-0.5,-0.5
Zm00001eb334160,1.9987372248528634,-0.5226187825976591,-0.5226187825976591,-0.4308808770598858,-0.5226187825976591
Zm00001eb264150,1.9937313733059903,-0.4117782465175915,-0.4273975605456925,-0.5211264952514759,-0.6334290709912297
Zm00001eb358680,1.9951829742381826,-0.4526845253371334,-0.44825690361182424,-0.4613737946330316,-0.6328677506561936
Zm00001eb216500,1.9829663712472114,-0.3498326739706368,-0.5056150499764314,-0.3991905812386063,-0.7283280660615349
Zm00001eb073910,1.989239596460397,-0.5258458209001876,-0.5424066637106149,-0.3054155407490903,-0.6155715711005062
Zm00001eb162130,1.9758641739722418,-0.6167351887797924,-0.54229336944523,-0.1987679058787444,-0.6180677098684749
Zm00001eb353320,1.982859584352616,-0.6416096172895361,-0.4670614705551322,-0.26923152643639786,-0.6049569700715499
Zm00001eb235640,1.9715723451550862,-0.7165833989304158,-0.5339459201475143,-0.19565648972013594,-0.5253865363570194
Zm00001eb388280,1.969249644046757,-0.6438503674248018,-0.6391238786000578,-0.16488752281632507,-0.5213878752055731
Zm00001eb050860,1.9525848150955507,-0.8959427630520301,-0.3307171488264662,-0.2860150991208834,-0.4399098040961714
Zm00001eb331080,1.9720520062874631,-0.7941443688501358,-0.3306853654633779,-0.3458293710120994,-0.501392900961849
Zm00001eb019780,1.9488254006738086,-0.8567774262856369,-0.15917949334961426,-0.4049847208494815,-0.527883760189075
Zm00001eb164530,1.9434680980356562,-0.8848934197015091,-0.1704879054355532,-0.5348183931640202,-0.35326837973457487
Zm00001eb062170,1.974919760968283,-0.7842791232201539,-0.37503516151069866,-0.4831043842308994,-0.3325010920065305
Zm00001eb070520,1.777745006736935,-0.0879458057271572,-0.9957341420342043,-0.894544443339403,0.20047938436383084
Zm00001eb116410,1.8193899581902016,-0.2625055913813052,-1.0038581709172676,-0.7562321722703936,0.20320597637876636
Zm00001eb031560,1.865443697991749,-0.3362524812026535,-0.8258934595126538,-0.8403411153000647,0.13704335802362197
Zm00001eb168120,1.7221077459760656,-0.6566433078808515,-1.099432016642801,-0.42677110931836754,0.46073868786595396
Zm00001eb150840,1.7828780912619833,-0.6039259709767876,-0.8874974043461974,-0.7054123429543551,0.4139576270153524
Zm00001eb005020,1.8393830548543468,-0.5445194640172613,-0.9922044890465597,-0.5320509167184703,0.22939181492794392
Zm00001eb120590,1.8905597114281472,-0.5676104324354787,-0.8730916493081972,-0.5714309093025403,0.12157327961806869
Zm00001eb004670,1.8300889604540158,-0.8227632122032521,-0.7100699787667536,-0.6098519205845347,0.3125961511005249
Zm00001eb360260,1.874300174604365,-0.8179417613123751,-0.7035752496465957,-0.5374483767927959,0.1846652131474021
Zm00001eb388300,1.8778684248807354,-0.9173788766620303,-0.6456374578614383,-0.4451868217755389,0.1303347314182707
Zm00001eb294030,1.7890336280904993,-0.5101121530436022,-1.2351317020605987,0.05758836751157066,-0.10137814049788232
Zm00001eb357490,1.8944406002611196,-0.5835959490273692,-1.012679093236709,-0.16551878360071376,-0.13264677439632763
Zm00001eb419680,1.8792928314340906,-0.3714439633380205,-1.1203640407978863,-0.19379815439597034,-0.1936866729022121
Zm00001eb148320,1.876571129386312,-0.33499479961042006,-1.0979666277489988,-0.04526338128033838,-0.39834632074655707
Zm00001eb199530,1.8976576784109098,-0.4637037888452513,-1.021982299118053,-0.04081010633453597,-0.3711614841130692
Zm00001eb339390,1.801638412188418,-0.7844355829981012,-0.9271431991874065,0.3258542420676237,-0.4159138720705302
Zm00001eb142180,1.8647569662794088,-1.0137165399981791,-0.5262639771324271,0.12515880519502168,-0.44993525434383397
Zm00001eb121110,1.8403996007458119,-1.024035989872752,-0.6198525777182415,0.18525293994572214,-0.3817639731005378
Zm00001eb362090,1.8596634785028623,-0.956594559965551,-0.7107759550567482,0.13066604478553234,-0.3229590082660981
Zm00001eb074570,1.8921699719644882,-0.9600775805085288,-0.6833632476943368,-0.12792931754150128,-0.12079982622012148
Zm00001eb067340,1.6862978155604211,-1.1696932487278344,-0.8393522338271769,0.03563167586753599,0.287115991127062
Zm00001eb320340,1.6858417144475737,-0.9019024979237095,-1.1265955838311283,0.08026420742941338,0.26239215987785364
Zm00001eb144290,1.7310837718605994,-1.3665384533912053,-0.23761367329619795,-0.2524176037287104,0.12548595855551467
Zm00001eb273580,1.754719841225155,-1.2463814374835291,-0.47572139455926754,-0.2814959960211495,0.24887898683879303
Zm00001eb415640,1.868189985219497,-1.0964621069346072,-0.3220223176397157,-0.45159173648853634,0.0018861758433625607
Zm00001eb139160,1.8781951515677546,-1.0762667813982616,-0.3366324898146001,-0.4476609939086224,-0.01763488644627052
Zm00001eb148850,1.7953285757533741,-1.1614743812700836,0.08301638364758485,-0.6447298348464096,-0.07214074328447224
Zm00001eb184050,1.730444209151911,-1.0559237064914588,-0.14312002473940427,-0.8694018993993475,0.3380014214783066
Zm00001eb092090,1.7168916427680392,-0.3135229572062837,0.02371650859568668,-1.3973327307550665,-0.029752463402377718
Zm00001eb178550,1.7887688901913814,-0.07429737886770679,-0.1914224009488238,-1.3084724160869163,-0.2145766942879352
Zm00001eb340550,1.6806907484704119,0.35814051793730706,-0.986534875796581,-1.0360987171250757,-0.016197673486061027
Zm00001eb075520,1.8913217892646164,0.14008177720416656,-0.8004217653761704,-0.665219591207241,-0.5657622098853704
Zm00001eb428800,1.893511532482395,0.11848072068700867,-0.7503684937692505,-0.4864576909859382,-0.7751660684142163
Zm00001eb106790,1.8276434637877752,0.322514705759677,-0.7003089538399225,-0.6405456149990981,-0.8093036007084317
Zm00001eb041290,1.821271437956704,0.3415412656985583,-0.6684512942424577,-0.7854871621425596,-0.7088742472702453
Zm00001eb362740,1.7909967175094679,0.4016084811599677,-0.5942075141099733,-0.7830551608003535,-0.815342523759109
Zm00001eb152940,1.764333251142891,0.4632599171607623,-0.640088648811715,-0.7568764545175527,-0.8306280649743849
Zm00001eb138730,1.7721571098603788,0.42435714198906055,-0.7035510892505018,-0.9334662817296269,-0.5594968808693079
Zm00001eb274800,1.7729426674335953,0.42704071637360624,-0.8918199654195808,-0.7620676092636594,-0.5460958091239618
Zm00001eb157860,1.7796327681413704,0.38187402820580607,-1.0144404979402726,-0.5661383264338018,-0.580927971973102
Zm00001eb303810,1.6546073791901852,0.5569778682427429,-0.29613093773591986,-1.0799440449749913,-0.8355102647220171
Zm00001eb361790,1.7376390638712267,0.4474150250215952,-0.38223889311729625,-0.9694237453181508,-0.8333914504573744
Zm00001eb158680,1.7080791659051562,0.5019711168328523,-0.3741169107455271,-0.8669695058648516,-0.9689638661276296
Zm00001eb051330,1.67088371714083,0.504663611798215,-0.2418400910337776,-0.8542397385346583,-1.0794674993706095
Zm00001eb227100,1.682566209084443,0.5136275784525047,-0.30827674356211104,-0.8256205956628031,-1.0622964483120338
Zm00001eb042240,1.6467213823803204,0.5777756887245775,-0.2946913659250321,-0.9121491261474186,-1.0176565790324485
Zm00001eb376740,1.6854569987800496,0.3609907275179591,-0.061090894876111204,-0.8278035716081721,-1.15755325981373
Zm00001eb349730,1.6678778438399793,0.4392872893416181,-0.10527493083414083,-0.9290244043573896,-1.0728657979900653
Zm00001eb425230,1.7381310163952837,0.29335003507641133,-0.09025249037252864,-0.9545417646707456,-0.9866867964284219
Zm00001eb074730,1.8822742407982966,-0.14447157273578642,-0.0491469329396417,-0.7811727798827851,-0.9074829552400818
Zm00001eb239380,1.879453969251899,-0.07335045027810858,-0.12113421589027612,-0.7240823405823478,-0.9608869625011668
Zm00001eb308280,1.832402686652614,0.011805003624928744,-0.060739490409183805,-0.7366658243719124,-1.0468023754964357
Zm00001eb413890,1.7907235182825454,0.1271780374730947,-0.04406249751334916,-0.8380329373354629,-1.035806120906831
Zm00001eb006890,1.8107817492181504,0.08709708707835111,-0.05108119684954592,-0.9760462551591946,-0.8707513842877618
Zm00001eb425660,1.7728186808546516,0.19456921886500395,-0.07411552730439065,-1.050375027583384,-0.8428973448318795
Zm00001eb169410,1.886357499231881,-0.01475392061187192,-0.2258934558489883,-0.9574450859551638,-0.6882650368158563
Zm00001eb361390,1.858387445381259,0.1591853492836587,-0.3783088200386625,-0.9506765882129355,-0.6885873864133194
Zm00001eb060670,1.8666722404402094,0.13255465432332925,-0.3422961223105774,-0.8920561980136734,-0.7648745744392892
Zm00001eb100610,1.8277252714881709,0.24881909856495843,-0.36541572046957677,-0.8558006229992072,-0.8553280265843525
Zm00001eb187880,1.872032133325848,0.13572805420415954,-0.3777886170234032,-0.7604619940466696,-0.8695095764599344
Zm00001eb051910,1.777231672706215,0.37867091855046525,-0.43458560245203376,-0.7429189871380422,-0.9783980016666042
Zm00001eb067270,1.831827955411893,0.24022200081229275,-0.4525208244862282,-0.6220316022882931,-0.9974975294496651
Zm00001eb250620,1.8516009781401548,0.19980962782684653,-0.4629857618694199,-0.6272582786274602,-0.9611665654701206
Zm00001eb303220,1.8939451365307276,0.05426855858547088,-0.3949291116917163,-0.6221896427434362,-0.9310949406810495
Zm00001eb029300,1.891778664677981,0.020194856864391993,-0.2982131777725789,-0.6849717458713405,-0.9287885978984504
Zm00001eb004190,1.8595625504887205,0.07832742847477912,-0.2861011432034702,-0.6139570548982288,-1.0378317808617994
Zm00001eb271970,1.8315084581397507,0.1446405978469442,-0.26114393206123554,-0.6503330366708209,-1.0646720872546331
Zm00001eb324300,1.8030940288152664,0.18435646520492516,-0.20676069288628923,-0.6821544241590243,-1.0985353769748736
Zm00001eb073790,1.8804452110532455,-0.07888811251716764,-0.2550152010307185,-0.45960408661713276,-1.086937810888225
Zm00001eb306220,1.8032036147703716,-0.7260809234771904,0.10839075187973382,-0.08937138251873132,-1.096142060654189
Zm00001eb343660,1.798212272862626,-0.5951575905791011,0.10386851881339736,-0.13029467302000675,-1.1766285280769069
Zm00001eb427580,1.8746887191250214,-0.502038346176866,-0.05425802437293662,-0.23406291297200169,-1.0843294356032172
Zm00001eb379550,1.8827750993368355,-0.6690470466564394,0.06942277650246388,-0.3420120426950723,-0.9411387864877842
Zm00001eb355110,1.894771470121567,-0.7048266866499695,0.06399660761594485,-0.3792002918715967,-0.87474109921595
Zm00001eb278870,1.879188216555446,-0.4856271851287148,0.08351872073094681,-0.47877054571678407,-0.9983092064408912
Zm00001eb317100,1.8980862540847738,-0.3395172026511977,-0.04262075110768602,-0.5019170392453992,-1.0140312610804887
Zm00001eb388060,1.8979487262853119,-0.3221832852571127,-0.06780981318826315,-0.47791142284601107,-1.0300442049939267
Zm00001eb101700,1.660120857206934,0.221164841209184,-0.06247029244843156,-0.39117147569548816,-1.4276439302721995
Zm00001eb030510,1.697254326577745,0.2745033352834291,-0.17286317461401912,-0.4544285335845193,-1.3444659536626373
Zm00001eb145420,1.6883640400079019,0.20902349901549347,0.08278047223413777,-0.7270718744632997,-1.2530961367942335
Zm00001eb220000,1.7329589257976892,0.04697276615198686,0.0826881615434719,-0.5755479070161896,-1.2870719464769615
Zm00001eb031670,1.7381838045309483,0.05567223426152391,0.0816176132511775,-0.6135027134959657,-1.2619709385476812
Zm00001eb143060,1.7544527681408477,0.04820617837352413,0.03886173191576577,-0.5872470636328699,-1.2542736147972722
Zm00001eb312850,1.782522297005677,0.05762471243476574,-0.0717752373096333,-0.5302278332759316,-1.2381439388548783
Zm00001eb097990,1.7458883540357741,0.12415176841873099,-0.05553636044200912,-0.5283297550153842,-1.2861740069971084
Zm00001eb280500,1.730502762498426,0.2168601010467466,-0.08711151298897,-0.5981046471481055,-1.2621467034080962
Zm00001eb427790,1.749694694885434,-0.05440938259917285,0.18658389195095978,-0.6859064721886272,-1.1959627320485906
Zm00001eb244380,1.6574165158509906,-0.0485415233064458,0.2459835638336025,-0.44273547394841845,-1.4121230824297302
Zm00001eb112080,1.8391958315033514,-0.19084910041607026,-0.04095504372662302,-0.42461539024969835,-1.1827762971109619
Zm00001eb337450,1.800201340196511,-0.24031613375567756,0.10036759546795414,-0.43438029973013575,-1.2258725021786514
Zm00001eb100750,1.7694246576871437,-0.18714857560178158,0.03969600379797452,-0.3024886019407087,-1.3194834839426322
Zm00001eb313820,1.7586869223673771,-0.32654561198851817,0.06272198028153034,-0.16470267887470416,-1.330160611785685
Zm00001eb429450,1.7285429984864134,-0.33577063498902143,0.36571611195241016,-0.547952787958841,-1.210535687490961
Zm00001eb053870,1.752223630702177,-0.352202657538291,0.36618495114860444,-0.6466367552197498,-1.1195691690927423
Zm00001eb074810,1.7190229596117563,-0.29467371280955085,0.4333894779686268,-0.7793627689920466,-1.0783759557787824
Zm00001eb406000,1.8277823041235288,-1.1187117646879479,-0.026153284771868,-0.04665033910152951,-0.6362669155621836
Zm00001eb106620,1.834002620351743,-0.48119531128721543,-0.3832888003608863,0.142931787123437,-1.112450295827078
Zm00001eb094740,1.8967679559635997,-0.7026296841807019,-0.3736624342947019,0.05471849501087835,-0.8751943324990723
Zm00001eb296770,1.8596739765840093,-0.5075233738263876,-0.7331721940625183,0.21725747313332716,-0.8362358818284301
Zm00001eb234690,1.6279428739852488,-0.10539591712082629,-0.8221457033564428,-1.1920703269421113,0.49166907343412997
Zm00001eb369560,1.7141282011288732,-0.40408202967319756,-0.7746926016658192,-1.027621478267662,0.49226790847780383
Zm00001eb118760,1.7245597414542502,-0.334264486133915,-1.127265114957275,-0.6832586178082952,0.42022847744523356
Zm00001eb333750,1.4447193061085573,-0.7522014297232761,-1.1627449300606563,-0.4298852033466607,0.9001122570220383
Zm00001eb292830,1.5423840365865702,-0.9647522474040352,-0.993279599889293,-0.3477472736970129,0.7633950844037716
Zm00001eb100770,1.6374742684185377,-0.9453490120826831,-0.8356306079157462,-0.5267529047060913,0.6702582562859828
Zm00001eb356490,1.377218274601525,-0.8271674958934268,-1.4058957804216423,0.2326208380955927,0.6232241636179733
Zm00001eb416530,1.3986227541213434,-1.0290383316129545,-1.2581429244428288,0.3841012661234699,0.5044572358109733
Zm00001eb355240,1.5777846648714997,-0.8165326471984617,-1.2884162981634557,0.4134192862899897,0.1137449942004207
Zm00001eb042020,1.6260080522013083,-1.374041026588958,-0.4962038473654,0.4320095213787696,-0.18777269962572044
Zm00001eb259870,1.5693072661096754,-1.477351018674537,-0.45522148822814684,0.3835004623474119,-0.02023522155440331
Zm00001eb146420,1.5726823277973732,-1.4288016358174074,-0.607779308715143,0.16791990140220997,0.2959787153329628
Zm00001eb340790,1.607876973597538,-1.4957102673613025,-0.30204393332203794,-0.08989268189331642,0.2797699089791161
Zm00001eb314500,1.4428640536297168,-1.6751192522818477,-0.17300935080377183,0.20841588906221106,0.19684866039369237
Zm00001eb172100,1.5129836171805973,-1.6281626397421738,-0.1089663240191934,0.004898131715084249,0.2192472148656797
Zm00001eb067160,1.451645711138255,-1.6768621393710454,0.018953611833930024,-0.06895386246880529,0.2752166788676725
Zm00001eb060810,1.5271566113946038,-1.629708402092632,0.0964988633871923,0.038472611703522695,-0.03241968439268612
Zm00001eb215910,1.6145204564745042,-1.5408629038850699,-0.1092132482053821,0.0748110387028031,-0.03925534308685057
Zm00001eb126430,1.510744412524325,-1.2650673577347784,-0.7016752622219804,-0.28236377905221066,0.7383619864846422
Zm00001eb275820,1.5081926815597921,-1.4114731779881817,-0.5143734547751196,-0.22780836461601758,0.6454623158195283
Zm00001eb278470,1.4170145629314121,-1.5397640308349814,-0.44541714549367933,-0.07743666093644404,0.6456032743336937
Zm00001eb403880,1.3556822596282303,-1.6736851609702625,-0.17573206162255273,-0.07572725543099555,0.5694622183955816
Zm00001eb428890,1.6557281728948012,-1.35307163991713,-0.1830052306701184,-0.4997757751507125,0.380124472843162
Zm00001eb203940,1.6882929735955152,-1.0216464180986045,0.14217281976771523,-1.0202822110135192,0.21146283574889793
Zm00001eb197620,1.7299743609175255,-0.9786640902701436,-0.4708126627228429,0.4876051964143502,-0.7681028043388854
Zm00001eb049650,1.6104592148322072,-0.6148061188242849,-0.27623024983548633,0.5604371483131653,-1.2798599944856006
Zm00001eb037670,1.6806748447000723,-0.9925524558583441,0.12387933228781046,0.2440576761206653,-1.0560593972502041
Zm00001eb420370,1.7226243838481947,-0.7215680138560626,0.517630406268831,-0.5463189366437354,-0.9723678396172243
Zm00001eb389540,1.6823979513265435,-0.6371234476073874,0.526893823605426,-0.432433828015406,-1.1397344993091691
Zm00001eb301520,1.6443530653446903,-0.7573826163081909,0.541208307957367,-0.261474279632934,-1.1667044773609303
Zm00001eb075080,1.5559732572401688,-0.903248350546932,0.6990031352395705,-0.2510700078028702,-1.1006580341299401
Zm00001eb135750,1.6015884522186419,-1.14386054263623,0.543368993345582,-0.09425414848619097,-0.9068427544418028
Zm00001eb089380,1.6442604436062995,-1.3831736784895061,0.3905722836969782,-0.2300127670449547,-0.42164628176882246
Zm00001eb361210,1.4227385996753903,-0.020293709835394875,0.7747880235591316,-1.0389426140359197,-1.1382902993632034
Zm00001eb292900,1.4862630701876105,-0.0612498156370602,-0.009933979807594858,0.23743316261341205,-1.6525124373563727
Zm00001eb407810,1.534977698349237,-0.02401862608256316,-0.009082408642218027,0.11951193231979579,-1.621388595944239
Zm00001eb136060,1.5136629590582784,-0.17604442825462066,0.35763383509009855,-0.10164007261371434,-1.5936122932800398
Zm00001eb229950,1.3846796559219094,-0.08075251599326029,0.6128746603371193,-0.30133874112417885,-1.6154630591415875
Zm00001eb035370,1.2821299227963652,-0.03612597825519437,0.6220478240980412,-0.15201387221808757,-1.7160378964211274
Zm00001eb243910,1.6194640860041762,0.2485644410838179,0.24141589437335312,-0.9274581641620139,-1.1819862572993347
Zm00001eb176740,1.5228788757856773,0.4537926725250668,0.22458142251700897,-1.0713177502010671,-1.1299352206266828
Zm00001eb159750,1.488699168848215,0.42887932662843525,0.3174334644074837,-1.1442835183191997,-1.0907284415649343
Zm00001eb092810,1.4321381755403246,0.6187340733161074,0.17144038146464044,-0.9275536533624903,-1.2947589769585863
Zm00001eb316800,1.3638111883686235,0.5299568563050083,0.34885275587489983,-0.7875496325619064,-1.4550711679866282
Zm00001eb047760,1.5121140413549432,0.20437620889608807,0.26716431941838803,-0.4292786239532611,-1.554375945716154
Zm00001eb058850,1.5942606547393228,0.3572293673742225,0.054998146935183206,-0.6065716999278361,-1.3999164691208934
Zm00001eb106720,1.613962986637629,0.22833856784683101,0.14088502523293445,-0.5693244886923429,-1.4138620910250481
Zm00001eb389900,1.6064776402583711,0.2161934581815413,0.1941387375429577,-0.6204363797592668,-1.3963734562236005
Zm00001eb183700,1.520812302720779,0.3593877948559256,0.2338833011957111,-0.6905757079620752,-1.4235076908103421
Zm00001eb206760,1.4682899908299158,0.43955007181548034,0.1981320249335445,-0.6090802423740108,-1.4968918452049371
Zm00001eb091300,1.467624234147776,0.5280908298686061,0.1195759119844125,-0.6603591759729546,-1.4549318000278422
Zm00001eb053460,1.513697612879872,0.555889314280832,0.006845863546837175,-0.6890221986524898,-1.387410592055052
Zm00001eb104350,1.4659256130479799,0.6570721371333279,-0.05385652789460395,-0.6632586943314726,-1.405882527955232
Zm00001eb258240,1.4893682425878048,0.6550587375622645,-0.10057886769025455,-0.665618971867071,-1.3782291405927447
Zm00001eb408800,1.4192225490607133,0.6358747227415226,0.03895384299863568,-0.6068958858079306,-1.4871552289929415
Zm00001eb207760,1.4879737762650336,0.5533784273691806,-0.06859753802343012,-0.47202324771295456,-1.5007314178978284
Zm00001eb238060,1.531120072922895,0.43546587028146344,-0.057602763632819985,-0.3885347319816928,-1.5204484475898459
Zm00001eb331630,1.5734225290381472,0.44805643620212254,-0.17041756500241284,-0.38639682300377604,-1.4646645772340816
Zm00001eb032000,1.550760023943553,0.40336152750407234,-0.1416645553617448,-0.2857956657830758,-1.5266613303028085
Zm00001eb073900,1.368178133975838,0.6668035535554347,-0.06631867878927664,-0.3755431887286227,-1.5931198200133667
Zm00001eb108930,1.2758070346096981,0.7183458139266722,0.021419593882911404,-0.36569169244759603,-1.6498807499716879
Zm00001eb187040,1.2618384979300838,0.6142471271001637,0.19477847474437882,-0.3841692926612791,-1.6866948071133472
Zm00001eb045630,1.3054961753198548,0.5987143590167144,0.2577330234002776,-0.5643507534728905,-1.5975928042639547
Zm00001eb408640,1.2784303742041845,0.43856460305092676,0.45244716500178267,-0.5300460194789772,-1.639396122777919
Zm00001eb290900,1.301256889683377,0.40589259331134125,0.42779150529371096,-0.48437975248898707,-1.6505612357994435
Zm00001eb232120,1.2666371845333249,0.3689335335324606,0.3587506478410606,-0.24146318791652183,-1.7528581779903227
Zm00001eb179440,1.2926166839349593,0.8705909196943733,-0.030947221832819734,-0.6807805700796933,-1.451479811716819
Zm00001eb161000,1.4182141296275137,0.7694553835606208,-0.09891328120704036,-0.7239315840110474,-1.3648246479700474
Zm00001eb199880,1.4595347449878153,0.7484788169721892,-0.1082363812378975,-0.8339133948487606,-1.2658637858733477
Zm00001eb331880,1.4660087158671686,0.697891381341959,-0.017459774393723555,-0.9002198847832389,-1.2462204380321649
Zm00001eb005740,1.353242782754059,0.7649459275007372,0.08311786781523495,-0.8233377704945439,-1.3779688075754875
Zm00001eb136750,1.38462680747407,0.7677730751920278,0.03738489263978161,-0.8776864971297448,-1.3120982781761328
Zm00001eb008680,1.3237678445491392,0.8815069408110497,-0.04462395957422551,-0.8211084055547211,-1.3395424202312418
Zm00001eb147970,1.2551469319764592,0.9322079498234056,0.041516260321846125,-0.9274360610701308,-1.3014350810515805
Zm00001eb031310,1.272729013454078,0.9583179148602441,-0.02954277633401576,-0.9636306131491634,-1.2378735388311553
Zm00001eb227180,1.3294567851547023,0.9172391184077907,-0.08173487911746082,-0.9392877279747845,-1.2256732964702481
Zm00001eb330690,1.2536569260771158,1.0101677435315979,-0.1569639683575991,-0.767216490875168,-1.3396442103759436
Zm00001eb145150,1.2846905149983427,1.057433213227656,-0.2893311521636766,-0.8837181809935492,-1.1690743950687739
Zm00001eb408860,1.3957923797958374,0.9518177584943136,-0.3338857339263647,-0.9486216860696475,-1.065102718294139
Zm00001eb352570,1.4702030924882719,0.8765538373288239,-0.4547639053525421,-0.7542581160002327,-1.137734908464322
Zm00001eb288890,1.5020419964374854,0.8744440493585453,-0.6396603199373198,-0.6926711211960769,-1.0441546046626329
Zm00001eb246280,1.6428676752142073,0.5783687010624244,-0.5043899993725056,-0.5132526255732016,-1.2035937513309245
Zm00001eb143690,1.3930891872850102,0.87915728848875,-0.3866612404892217,-0.5190225008876141,-1.3665627343969255
Zm00001eb325750,1.4610822641726404,0.8759817651584548,-1.0185334565400428,-0.9684761583310639,-0.3500544144599874
Zm00001eb076420,1.544565768739858,0.8401578312427292,-0.7029811302944994,-0.8325026055614666,-0.8492398641266209
Zm00001eb128000,1.584061885477397,0.7770636953060015,-0.8756481702292583,-0.6509817715990103,-0.8344956389551362
Zm00001eb284410,1.4931449224482007,0.6552349416914025,0.0071244477085394865,-1.172713292187009,-0.9827910196611362
Zm00001eb316740,1.6811450388567628,0.4054992902829317,-0.1734192868032981,-1.2295890801988356,-0.6836359621375603
Zm00001eb138370,1.5189494760330202,0.5749283872366309,-0.28039494286777045,-1.4721034519938145,-0.34137946840806827
Zm00001eb402950,1.706502178420781,0.259307221391875,-1.3249235099276766,-0.4933886168936111,-0.14749727299136672
Zm00001eb233350,1.729442424166072,0.22265583816390708,-0.7977833360931954,-0.0041070493624948395,-1.1502078768742867
Zm00001eb118970,1.5463203959508804,0.5498286491884246,-1.2442933332217174,0.018755578370966114,-0.870611290288555
Zm00001eb429330,1.329499700802887,1.0705858328729876,-0.9631689358019123,-0.9696728153368673,-0.4672437825370926
Zm00001eb352240,1.0878527714256732,1.3490180518374713,-0.7691630258087186,-0.7487356445106675,-0.9189721529437592
Zm00001eb092480,0.9747435532513199,1.430076099267507,-0.5998682428736648,-0.8130591199502604,-0.9918922896949003
Zm00001eb274340,0.9134963956147346,1.196003653453568,0.20251489935308697,-1.2594017458185527,-1.052613202602835
Zm00001eb110960,1.0846874329801681,1.124353294253824,0.05099722187752817,-1.167411220303605,-1.0926267288079174
Zm00001eb019930,0.9604341074989223,1.2959512559228201,-0.07888001289398963,-1.1914411244735372,-0.9860642260542115
Zm00001eb373390,1.1734299825305605,1.1897448773594388,-0.31722010421948227,-1.1065691754258813,-0.939385580244646
Zm00001eb430240,0.9354086455061962,1.3911385610669142,-0.2832086411195124,-0.9169773802577175,-1.1263611851958812
Zm00001eb062460,1.0383414052423892,1.2529133391141518,-0.13667465846819138,-0.9989712862240767,-1.1556087996642737
Zm00001eb043940,1.146943885465534,1.1670183743379696,-0.22540380942590482,-0.8312736384953553,-1.257284811882244
Zm00001eb186770,1.1124247999400334,1.198633527099905,-0.2633432973639787,-0.7411291836227747,-1.306585846053188
Zm00001eb232050,1.2283252465332264,0.7320591856364521,0.349895713609511,-0.8686245837259902,-1.4416555620531988
Zm00001eb416980,1.1128612942317144,0.8325061803166136,0.35060054112644734,-0.7543992675357534,-1.5415687481390237
Zm00001eb101920,1.099689637815016,0.8657847190536092,0.371124822244503,-0.8737507607238411,-1.462848418389286
Zm00001eb143110,1.0831729811364748,0.956944983525023,0.27426789397512863,-0.8764984669147428,-1.4378873917218864
Zm00001eb042980,1.1530124077192054,1.0016727677958566,0.11462982355017605,-0.9356866788535915,-1.3336283202116472
Zm00001eb145660,1.1097495692412165,1.0859417473026305,0.017045082045194972,-0.8410432142366516,-1.3716931843523894
Zm00001eb041450,0.8920741232153737,1.2006542959471473,0.18507082587944473,-0.8798657353897741,-1.3979335096521914
Zm00001eb312160,0.814002545214691,1.238058579578404,0.25390782189625216,-0.9512479665487733,-1.3547209801405729
Zm00001eb179960,0.8770827238999321,1.097129336813811,0.37470313827248836,-0.9215451977674928,-1.4273700012187391
Zm00001eb229050,0.968650329735124,1.012303945957256,0.4003285989742007,-1.0466966424350526,-1.334586232231528
Zm00001eb291470,0.9462595339889327,1.1269978920262615,0.2720593168980734,-1.1012543747277708,-1.2440623681854985
Zm00001eb400130,0.9221226321906284,1.270086072440564,0.005664939582285676,-0.8527510687722494,-1.345122575441229
Zm00001eb008010,0.8603160026445025,1.3363592020199964,-0.06517642023730257,-0.7510201760546887,-1.380478608372508
Zm00001eb399440,0.8285935764275899,1.2246141328053066,0.12170281768912213,-0.6217174429305823,-1.5531930839914359
Zm00001eb284250,1.0273646231765408,0.6414757979233515,0.7304174770735311,-0.9533549046406011,-1.4459029935328207
Zm00001eb209480,1.0065400286497228,0.6372436420796966,0.733378776125746,-0.8588065786215449,-1.5183558682336227
Zm00001eb309370,1.1691620267297098,0.5885841350464477,0.49223761785826714,-0.6184756045503508,-1.631508175084084
Zm00001eb360340,1.0471297071894259,0.7132876235023335,0.5563994624253285,-0.7104464817388153,-1.6063703113782715
Zm00001eb252640,0.898088640413648,0.6529966009456326,0.7095741850390637,-0.5352472869934763,-1.725412139404869
Zm00001eb275690,1.2582472967968463,0.6810406756422345,0.21130610885000806,-0.52948589411626,-1.6211081871728275
Zm00001eb312620,1.0629039582098234,0.9389625568812785,0.1663899680416306,-0.5317557302081405,-1.6365007529245974
Zm00001eb006360,1.074689333347824,0.8664453335034203,0.24507353210599386,-0.5254329182012346,-1.6607752807560037
Zm00001eb024680,0.9334428412836253,0.909770687338237,0.42046379702084713,-0.6016997958266778,-1.6619775298160353
Zm00001eb320870,0.812135502821878,0.9001566480931972,0.3384319317964617,-0.2151512262638405,-1.8355728564476963
Zm00001eb250190,0.9302034089500102,0.7645561850958013,0.393943549699367,-0.2653639191738156,-1.8233392245713655
Zm00001eb082150,0.8804562355778148,0.8150314989868875,0.4789502617332767,-0.3918641176006546,-1.7825738786973224
Zm00001eb404260,0.7654963808032619,0.6817153919783155,0.5925582501003616,-0.1487296686831337,-1.8910403541988101
Zm00001eb237460,1.1572028014583495,0.3669722488599886,0.4287316076341077,-0.12925794237948543,-1.8236487155729544
Zm00001eb316260,1.2189966991200298,0.35801474766992913,0.3125350073776611,-0.07788181060766293,-1.811664643559957
Zm00001eb033590,1.0763375584328423,0.5864442437644439,0.06115748392415298,0.13999269163705017,-1.8639319777584853
Zm00001eb032060,1.134940269858515,0.711335691965621,-0.01461305021229867,-0.04170215614093863,-1.7899607554709018
Zm00001eb399930,0.9522186357531173,1.0993430122255716,-0.3352183609673673,-0.052120738713908384,-1.6642225482974167
Zm00001eb433020,0.942867242857646,1.1995731479115352,-0.2704435305534056,-0.2853449894774025,-1.586651870738374
Zm00001eb361750,1.0010762596246139,1.1367916065638672,-0.12388088473242971,-0.43160974429325455,-1.5823772371627938
Zm00001eb405850,1.1656194032676483,0.8903488146992122,-0.0854119163708456,-0.3145438030299549,-1.656012498566056
Zm00001eb199140,1.0704702640587538,0.9113290478715231,-0.09076158000893267,-0.16215328588622432,-1.7288844460351154
Zm00001eb102090,0.7989921762072274,1.090783446281212,-0.018406570438328895,-0.0929351239612605,-1.7784339280888466
Zm00001eb380460,0.9159733875818467,-0.01102724014759734,1.0287547089443534,-0.18169585708189986,-1.7520049992967075
Zm00001eb134600,0.9182592665448117,0.10368747375846503,0.9787277164532437,-0.23001530110453708,-1.7706591556519793
Zm00001eb289860,1.0515486017997273,0.15452504782622606,0.9387967000691979,-0.48558174549496047,-1.6592886042001835
Zm00001eb181960,1.2326251683919023,0.16564047560787867,0.7742940018017035,-0.5894601782717216,-1.583099467529758
Zm00001eb123510,1.2485625336582846,-0.022834283917252257,0.7810217356664948,-0.3642144137125577,-1.6425355716949648
Zm00001eb369280,1.2581558088108917,-0.19287934026071932,0.7853128710203142,-0.20045511388343257,-1.6501342256870537
Zm00001eb051370,1.1232729925984895,-0.22817120438068883,1.190946202979413,-0.8284957732009002,-1.2575522179963192
Zm00001eb057410,1.551257129619774,-1.2364457555952635,0.6353643279514448,-0.15128355073213093,-0.7988921512438116
Zm00001eb036170,1.412437665390865,-1.0764217229197157,0.9793147137494457,-0.5522342139912961,-0.7630964422292965
Zm00001eb332590,1.5380005509573598,-1.2189363156545592,0.7290153723285248,-0.708498089853091,-0.33958151777823803
Zm00001eb085420,1.2995831158789215,-1.7435359683903429,0.3237548241911556,-0.22196931325230573,0.34216734157256634
Zm00001eb215870,1.154130312977316,-1.7379392471114559,-0.2250155762632595,0.03711139749096603,0.7717131129064284
Zm00001eb320200,1.4223815715482708,-1.599461925064231,0.17320588048209345,0.44270045661671925,-0.43882598358286107
Zm00001eb244400,1.3526791625669061,-1.6047885431951738,-0.3004634790077211,0.6957897849691989,-0.14321692533321181
Zm00001eb330680,0.9848552206470299,-1.8904516134397995,0.036318321745706456,0.6309954572558927,0.23828261379116986
Zm00001eb349860,1.1112183451849103,-1.6915803761822927,-0.5306461497187562,0.6054775594143763,0.5055306213017697
Zm00001eb128930,1.3773502684395253,-1.2799198771850224,-0.9359426347282325,0.7636188224512032,0.07489342102252819
Zm00001eb403770,1.4589738085138646,-0.8167990108098032,-0.5960120890049929,0.9381519404164566,-0.9843146491155247
Zm00001eb301280,1.415976971002489,-0.33244776593928627,-0.8308251247716816,-1.1661326988576637,0.9134286185661447
Zm00001eb107920,0.9969367669567791,-0.7393230104930674,-1.0917727538166062,-0.5626245909436124,1.396783588296508
Zm00001eb388050,1.2176722458814495,-0.571712561477824,-1.1228637815390685,-0.7144060777643125,1.1913101748997554
Zm00001eb248560,1.1187666872669384,-0.3637640551333976,-1.4581134537470999,-0.4367210489208104,1.1398318705343689
Zm00001eb363140,1.2860944198341544,-0.7905585045276458,-1.304277153225183,-0.18419046827382327,0.9929317061924977
Zm00001eb079510,1.4464464171618707,-1.2233512621213656,-0.7571870776185236,-0.3225492771380067,0.8566411997160296
Zm00001eb071190,1.4176161657066557,-1.087501024116633,-0.8670517879249783,-0.4067267024509795,0.9436633487859345
Zm00001eb385620,1.3345165747047063,-1.1875121079429065,-0.7294932144607604,-0.4527561586722259,1.0352449063711875
Zm00001eb376730,1.1577524030857913,-1.4971675094081922,-0.4576558436134448,-0.26891823170850465,1.065989181644347
Zm00001eb021750,1.1155404682536831,-1.4295451043795688,-0.6227694751221045,-0.19695329763013866,1.133727408878128
Zm00001eb033910,1.1493084410083567,-1.2294779156713607,-0.9195732407995607,-0.1412668756273722,1.1410095910899356
Zm00001eb432090,1.3115150353655385,-1.3075151863091126,-0.8547432502913819,-0.06343509060482706,0.9141784918397817
Zm00001eb429870,1.2540320829892202,-1.4309600523349373,-0.8036986392668127,0.13463712578391152,0.8459894828286172
Zm00001eb416370,1.1317534679541683,-0.8941623238144458,-1.4669764636415514,0.5375766767678547,0.6918086427339714
Zm00001eb370850,0.9284268860446996,-0.7964342850565165,-1.526331042321184,0.379411725386593,1.0149267159464048
Zm00001eb420440,0.7831456132205347,1.5710548887484812,-0.9980730668811479,-0.6407888728065616,-0.7153385622813052
Zm00001eb250280,0.7260350757883586,1.5808437983177077,-0.4508927875249374,-0.7728165769497204,-1.0831695096314078
Zm00001eb335690,0.5577944545122664,1.5690116637751792,-0.019359125513629498,-0.9988301632923912,-1.108616829481426
Zm00001eb427380,0.5114534386406264,1.5693102744291632,0.025120573695371642,-0.8831256470862123,-1.2227586396789505
Zm00001eb001670,0.7282412730191415,1.4009852602306028,0.08498137839889583,-0.9516614001811541,-1.2625465114674868
Zm00001eb253150,0.6229174517490692,1.3980857196977998,0.25547497046898293,-1.1592907079142167,-1.1171874340016341
Zm00001eb373670,0.6076786488991864,1.3382337131070248,0.3549030872924862,-0.9673433622787259,-1.3334720870199706
Zm00001eb036990,0.5873413784660739,1.3804205647010381,0.25573611126991164,-0.7860985919033102,-1.437399462533716
Zm00001eb058480,0.45457281258518634,1.376209834346878,0.32325431965375234,-0.5896895040492126,-1.5643474625366052
Zm00001eb122470,0.2489290812447686,1.4120998713575816,0.4764604766022045,-0.6036838852057719,-1.5338055439987828
Zm00001eb066770,0.2911295037699252,1.4957595656161675,0.3305673256356807,-0.6544625764675016,-1.4629938185542701
Zm00001eb171720,0.27482826894800005,1.5439524247735577,0.22113153136657934,-0.5665466753758801,-1.4733655497122589
Zm00001eb370810,0.38831799673817324,1.5298962318662668,0.14429480921362722,-0.6064993567131759,-1.4560096811048875
Zm00001eb152350,0.25986808319144133,1.3040034289492815,0.3705081133784156,-0.1849318288642622,-1.7494477966548783
Zm00001eb214850,0.41042718454840876,0.9118391897412061,0.8200157724608281,-0.3524664067114947,-1.7898157400389365
Zm00001eb372960,0.4154241200385781,1.0098236896906756,0.64362733426655,-0.24282510680650696,-1.826050037189295
Zm00001eb311180,0.4562779689522989,0.9744799510043559,0.637177217078213,-0.22835396117081008,-1.8395811758640541
Zm00001eb001460,0.6645870157895962,1.0456897326952619,0.49508304185618407,-0.4750080220475101,-1.7303517682935257
Zm00001eb363810,0.5568862876643547,1.0838805860504572,0.48931445194577067,-0.3554532200343566,-1.7746281056262319
Zm00001eb041850,0.49020976648027376,1.1745525531332737,0.440168569774361,-0.3556852460629271,-1.749245643324977
Zm00001eb198700,0.5462903890172972,1.1781610206673783,0.37332343141289387,-0.3511040036369004,-1.7466708374606743
Zm00001eb371020,0.38348569728047954,1.2722413343612842,0.4556536612753806,-0.42412236402176356,-1.6872583288953873
Zm00001eb133000,0.3672233821333996,1.180440575124483,0.6224073333163268,-0.48100276349955506,-1.6890685270746528
Zm00001eb153100,0.5058077749740774,1.2151024214522577,0.5319043205434477,-0.6535564521997956,-1.5992580647699928
Zm00001eb151240,0.6405518210416488,1.1670391930941657,0.44361520343697375,-0.6271285755338281,-1.6240776420389609
Zm00001eb193790,0.6414909618300088,1.2437369477618945,0.39211470957178246,-0.7548034269255068,-1.5225391922381786
Zm00001eb255670,0.7032732742165607,0.8748058090004031,0.6405536203567427,-0.4502840987535305,-1.7683486048201746
Zm00001eb249730,0.7516311663099833,0.7148351681101014,0.8380046236120308,-0.6200154470449647,-1.6844555109871524
Zm00001eb321680,0.49187863561740086,1.028339791527145,0.7825405322378742,-0.6840179580177131,-1.618741001364707
Zm00001eb189840,0.44234107815784024,1.0473133351104047,0.8812295093295216,-0.9401274556692253,-1.4307564669285409
Zm00001eb185110,0.6414968996498431,1.1347332661887344,0.6104023240218763,-0.9929867359403828,-1.3936457539200708
Zm00001eb378820,0.5056036956718692,0.8249027041006519,0.49809454067862435,0.12105250352954235,-1.949653443980689
Zm00001eb059460,0.6666818438937726,0.7691657196399769,0.3138832856985667,0.20555525163326774,-1.9552861008655924
Zm00001eb000690,0.4995074823971381,0.3676841936844322,0.8344686116676095,0.260731567735279,-1.9623918554844588
Zm00001eb216060,0.42847937778858747,0.03832704772159063,1.1251840948004403,0.272105929960012,-1.8640964502706296
Zm00001eb331250,0.695932728394217,-0.08742363563558113,1.274161744412834,-0.1955734411462442,-1.6870973960252262
Zm00001eb095290,0.5130512929897072,-0.05406901954662209,1.4061180444517265,-0.21932250978885848,-1.6457778081059498
Zm00001eb199940,0.7442371102690365,0.38478983711702325,1.1524801451229867,-0.7122677743421971,-1.5692393181668505
Zm00001eb256730,0.41722618148249785,0.605570888157964,1.1808377952703635,-0.5375369147885098,-1.6660979501223165
Zm00001eb188950,0.7630279857606903,-0.35715750532381507,1.5413120397247144,-0.8765754826910404,-1.070607037470548
Zm00001eb051900,1.0069577563127152,-1.8900053004189166,0.36653901712775316,0.528600949332015,-0.012092422353567625
Zm00001eb369190,0.8444968412867714,-1.8565658526916078,0.6727733744095814,-0.23643317202007944,0.5757288090153371
Zm00001eb127850,1.2691279227031176,-1.4771325034213014,0.9331073116504528,-0.554668052525502,-0.17043467840677254
Zm00001eb124790,0.7945661685737139,-1.6440820012748856,-0.13650548191993192,-0.2688640744545534,1.2548853890756557
Zm00001eb135400,0.6657762556062339,-1.5870496984045033,-0.26715693573584604,-0.19965476911466634,1.3880851476487746
Zm00001eb300940,0.9819278579464303,-1.5779141267555277,-0.6938949265781316,0.30389971148168904,0.9859814839055299
Zm00001eb145040,0.9710072360646097,-1.320996141992813,-1.004727495440784,0.23860511739817927,1.1161112839708065
Zm00001eb246440,0.945645870993118,-1.405950632927353,-0.5263890277976145,-0.3328458727468856,1.3195396624787332
Zm00001eb288060,1.0186053686596004,-1.2565804493937807,-0.7418794298631349,-0.33257081695324664,1.312425327550548
Zm00001eb055990,0.9983551802382998,-1.4261967038858745,-0.7196612682905672,-0.055913684087745344,1.203416476025888
Zm00001eb353470,0.7728438886033152,-1.3305838952214644,-0.8221483620366987,-0.018675931620354237,1.3985643002752024
Zm00001eb286490,0.6324534998259399,-1.1852135496522336,-0.9064887003940212,-0.07933983634386357,1.5385885865641793
Zm00001eb113220,0.6144438173856401,-1.150607932195699,-1.0600248705638617,0.12690233804104253,1.469286647332877
Zm00001eb227830,0.9886504811609456,-0.93331846202623,-0.9778813101232159,-0.4793864041674318,1.4019356951559314
Zm00001eb255490,0.9557995150148195,-1.0007215052529226,-0.7489243703277292,-0.6540335318273286,1.447879892393166
Zm00001eb249290,0.7658052510433103,-0.46717154878047823,-1.1916457238068525,-0.6435715770872932,1.5365835986313139
Zm00001eb245040,0.6796899353612588,-0.5057094648938726,-1.4991487875479474,-0.09794095852746369,1.4231092756080264
Zm00001eb095690,0.5161477729616346,-0.5418456017876906,-1.6934068700773937,0.6419431702234522,1.0771615286799976
Zm00001eb352580,0.48432420485426975,-0.7652841014489741,-1.5434953563089144,0.6542800457394413,1.170175207164178
Zm00001eb208830,0.9264616126310706,-1.4413274464542607,-0.9680060220315653,0.8592364866829049,0.6236353691718572
Zm00001eb284910,1.1886941393105894,-1.4700178504299637,-0.8332991675752259,0.7923371603329369,0.3222857183616714
Zm00001eb382780,1.3569336296821204,-1.1404202725505026,-0.8318943084459345,1.006538716890027,-0.3911577655757102
Zm00001eb368850,0.7111061034409527,-0.028209185086234153,-1.3371290339921427,-0.7890399499632035,1.4432720656006268
Zm00001eb221620,0.6037191067346013,-0.9653730904956394,-0.593326533456635,-0.7257444996312469,1.6807250168489183
Zm00001eb170530,0.608175476345718,-1.2509044773013407,-1.071456535897234,0.3837401287673376,1.3304454080855201
Zm00001eb169130,0.4137721178095643,-1.3633560941559364,-0.8683191431353412,0.37806137109290994,1.439841748388799
Zm00001eb419910,0.42352761072493084,-1.2526121939956443,-0.8911716044654434,0.1609287124040907,1.5593274753320734
Zm00001eb074930,0.2249813111874155,-1.2848597917463338,-0.6572617321701182,0.024231899907108632,1.692908312821928
Zm00001eb148820,0.11290933818686527,-1.1696004236417978,-0.708715486000614,-9.864817384554174e-05,1.7655052196293788
Zm00001eb219490,0.20369186696397315,-0.8807049989792679,-0.9711055032126075,-0.14590844263460975,1.7940270778624805
Zm00001eb291730,0.32240233143413694,-1.5121999391232268,-0.46537829225895305,0.11242101281484303,1.5427548871331982
Zm00001eb303620,0.42369314951448767,-1.5399689314563783,-0.4250991090792248,0.0357206859464033,1.5056542050747121
Zm00001eb130510,0.3918717129972971,-1.6277940977852219,-0.2625681257883615,0.04035739040944444,1.4581331201668406
Zm00001eb237820,0.07564441217399025,-0.9381076495549289,-1.3172508304532822,1.1317229010782666,1.0479911667559558
Zm00001eb095110,0.8595460781886677,-1.6534753885538944,0.490385350501415,-0.6358359235155279,0.939379883379344
Zm00001eb035030,0.5991580006826043,-1.9263634551804834,0.361536921223293,0.07468801510657852,0.890980518168022
Zm00001eb194220,0.5205706747954439,-1.9916418707384194,0.5587201745886069,0.32577534831324756,0.5865756730411211
Zm00001eb381600,0.4555162009098292,-1.978366901277521,0.7629618768649906,0.3177228035804181,0.4421660199222755
Zm00001eb073130,0.8966999034898641,-1.8859632251208973,0.6600903005324998,0.4376939553454483,-0.10852093424691168
Zm00001eb242030,0.3137908290176818,-0.2383847236117263,1.7715345730213263,-0.943197996808864,-0.9037426816184185
Zm00001eb329910,0.2089928867415225,1.1377085282465937,0.9777985367621885,-1.1164171998922614,-1.2080827518580255
Zm00001eb255160,-0.0293853673883784,1.1844056555144564,1.0084062498387494,-0.735859697315352,-1.4275668406494768
Zm00001eb251390,0.2176783058887508,1.0994009022498707,0.9394090667832399,-0.7310195479066743,-1.5254687270151877
Zm00001eb264080,0.23963148854085226,1.0043673937272413,0.9760288263375505,-0.6016197626834499,-1.618407945922195
Zm00001eb214840,-0.01251419427191129,1.669467364199031,0.10556169889229483,-0.31189396915297446,-1.4506208996664296
Zm00001eb327230,0.1953407428240649,1.4991096837708873,0.1948332615241129,-0.27686354128053875,-1.6124201468385246
Zm00001eb405630,0.17475913847160657,1.3077923563014222,0.6732064616398651,-0.5868162159204907,-1.568941740492401
Zm00001eb315330,0.18268999351292592,1.3490194069567578,0.5380532771216763,-0.43683831938661294,-1.6329243582047481
Zm00001eb032780,0.17869357515206657,1.4464196989885565,0.48396621038781396,-0.5975893993653921,-1.5114900851630468
Zm00001eb248590,-0.060366138211267795,1.4785053737456326,0.5935788078843645,-0.5397381978422684,-1.4719798455764612
Zm00001eb005690,-0.1034717247152506,1.3544996960062434,0.7598121386777846,-0.4783665872547274,-1.532473522714047
Zm00001eb315610,-0.19161303933139248,1.4235107630847228,0.78993754181552,-0.6441811401758639,-1.3776541253929862
Zm00001eb429720,-0.27114795330878555,1.618934899116085,0.4599545376897159,-0.4242845828984549,-1.3834569005985595
Zm00001eb113710,-0.15265353884673716,1.6898503003418226,0.38615699173882373,-0.7143503644877908,-1.2090033887461202
Zm00001eb315910,0.08102425646537062,1.635072614524881,0.30983365298366006,-0.7198966022933636,-1.306033921680549
Zm00001eb071990,0.16908425230606297,1.5623982044545237,0.4033513214151235,-0.85661787624379,-1.2782159019319204
Zm00001eb324660,0.2434961335187367,1.733587505321551,-0.025928667682170444,-0.8506598370878495,-1.1004951340702631
Zm00001eb299300,0.21757505592390736,1.1089369749281095,0.455177776040278,0.09112347407017393,-1.8728132809624698
Zm00001eb359990,0.11231610404854062,1.1000716288229058,0.733855493430777,-0.1531361647960494,-1.793107061506174
Zm00001eb228620,0.05347409416572326,1.0680636211581822,0.7972260649826811,-0.1287243188835857,-1.7900394614230755
Zm00001eb142540,-0.18954021231125084,1.2661378510641328,0.7186644607405149,-0.112453413810249,-1.6828086856831561
Zm00001eb332860,0.13485517472359312,0.7829990573949639,1.0885283028001356,-0.23799611138524399,-1.7683864235334499
Zm00001eb171080,0.04006288954519901,0.7368564080374963,1.226532825438804,-0.3146508755533447,-1.6888012474681513
Zm00001eb126140,-0.03972713706535457,0.6396936506139327,1.2732677426261292,-0.15767561735649005,-1.7155586388182194
Zm00001eb088080,-0.07763471095323422,0.7730334883966852,1.1735296167604408,-0.13672562942210262,-1.7322027647817917
Zm00001eb120750,0.04877660487075476,0.728960958810428,0.8985425168999914,0.2234391264214045,-1.8997192070025857
Zm00001eb243450,-0.10544476013782207,0.315963775841563,1.0838321089712073,0.5521333714874987,-1.846484496162449
Zm00001eb287060,0.7255262411098028,0.14388867782975248,0.4536051041276391,0.6369427486091208,-1.9599627716763135
Zm00001eb199970,0.14314961964845577,0.06064625284290017,1.7304108051875609,-0.7315922693417548,-1.2026144083371597
Zm00001eb183200,-0.08967933198120095,1.6797288986167664,-0.1281294293369004,0.005737308156516634,-1.4676574454551812
Zm00001eb367660,-0.2848918546246654,1.805342100993679,0.008991427282399022,-0.26979671777670583,-1.2596449558747052
Zm00001eb317060,-0.37789569680127516,1.768248661548027,0.1951228395593012,-0.32607323253733245,-1.2594025717687174
Zm00001eb337810,-0.5638328769470892,1.6851469936032417,0.15831730289423418,0.0667886503435169,-1.346420069893906
Zm00001eb278670,-0.4496384962541122,1.8657428489155043,0.12774322562878546,-0.538709466882572,-1.005138111407605
Zm00001eb138920,-0.45586809656849697,1.9148614927718934,0.0401654892646991,-0.7412790342029273,-0.7578798512651689
Zm00001eb366690,-0.17675156264829453,1.9320002938777265,-0.24086608376319238,-0.6318121432905637,-0.8825705041756899
Zm00001eb370960,-0.7901923598785673,1.6979155368379282,0.5494321875887527,-0.474459346473909,-0.9826960180742063
Zm00001eb340140,-0.2224352665771672,1.375145542348902,0.9165966327945457,-0.8367489806471041,-1.2325579279191792
Zm00001eb052150,-0.20743497463946975,1.4474922019345458,0.8271237936426086,-0.8904391919929423,-1.1767418289447424
Zm00001eb403750,-0.11240060993433507,1.5729911606209916,0.6089530441879707,-1.015591652423274,-1.053951942451354
Zm00001eb289320,-0.46972621982079477,1.1345930039444638,1.232428110925206,-0.6542726984160868,-1.2430221966327892
Zm00001eb002310,-0.40825587205577385,1.2201122012571892,1.0653913850349903,-0.46556727188466096,-1.4116804423517444
Zm00001eb428400,-0.21883734391882614,0.9503037085482251,1.191980601551039,-0.3378680478739746,-1.5855789183064637
Zm00001eb215190,-0.37434883075083947,1.2549803563892916,0.856194111853515,-0.14607728269117648,-1.59074835480079
Zm00001eb117830,-0.5207133748571702,1.2997866475850173,0.8230302973122862,-0.06665902322875977,-1.5354445468113773
Zm00001eb050220,-0.4152358740292431,1.4564666765491057,0.6054867955785648,-0.12199216687398,-1.5247254312244438
Zm00001eb194770,-0.5780455910123397,1.4802519860466266,0.7449201516806738,-0.2928569564129331,-1.354269590302023
Zm00001eb056760,-0.7067688119618023,1.474259333464723,0.7946047707341313,-0.2934157811618643,-1.2686795110751905
Zm00001eb175840,-0.6018075941892105,1.4889259258489298,0.8235140301342081,-0.48140421901630814,-1.2292281427776195
Zm00001eb424290,-0.6635500137924389,1.1271689024789557,1.124035606858097,-0.1751948042389735,-1.4124596913056517
Zm00001eb246010,-0.6489969297927182,1.1001787514862773,1.0088751295850447,0.07143815570413589,-1.5314951069827396
Zm00001eb228320,-0.6459374489572599,1.0446658389039005,1.0478554189700287,0.09741960389494231,-1.544003412811609
Zm00001eb019090,-0.11376149630462848,0.8085357548982453,0.9132617783634865,0.24631317479185522,-1.8543492117489564
Zm00001eb252180,-0.2764878166943899,1.0483833677770125,1.0199117137871014,-0.12813405103429407,-1.6636732138354262
Zm00001eb316310,-0.18665440998789437,0.9000175494648152,1.0725740435387092,-0.05334735184807011,-1.732589831167562
Zm00001eb170540,-0.3932708809016317,0.9203563340006335,1.0793596956459326,0.07510876178485827,-1.6815539105297916
Zm00001eb101040,-0.4511581290723861,0.9034758226554935,1.0548059077454977,0.17699220168946336,-1.6841158030180694
Zm00001eb264930,-0.40243965297482315,0.6032759129979167,1.3215609454942572,0.12444538332456985,-1.6468425888419205
Zm00001eb119340,-0.5042073561329469,0.5311582610608151,1.5713219880548681,-0.20023957166154255,-1.3980333213211957
Zm00001eb038320,-0.5778626939105893,0.6886477390585711,1.498024416103814,-0.23272828982826713,-1.3760811714235288
Zm00001eb202260,-0.5954146725417973,0.14798950374504585,1.172249853238663,0.8596198473094594,-1.5844445317513751
Zm00001eb250240,-0.19206772654783413,0.2598799521144271,1.0853976435684023,0.6588176354685074,-1.812027504603502
Zm00001eb118950,-0.2308188332183147,0.4786315083135809,0.698998709582163,0.9015142054019251,-1.8483255900793583
Zm00001eb101130,0.057296754142198876,0.5365305270334506,0.5178744965531542,0.8266681272874705,-1.938369905016279
Zm00001eb292380,0.6077689446780344,-0.2415229264102737,0.6236510174549825,0.8639839535411085,-1.8538809892638757
Zm00001eb403060,0.3688524997213348,-1.8753493547880833,1.0597204011932628,0.47258764745387505,-0.025811193580399332
Zm00001eb042400,0.3213938926094016,-1.928261881414947,0.8824491583319051,0.6243203120556856,0.10009851841795864
Zm00001eb408520,0.2616899624677944,-1.9153657641170045,0.8700475789650739,0.7071496214226431,0.07647860126148984
Zm00001eb432450,0.4187586033627615,-1.988601462897812,0.6501475856355855,0.5705135132306999,0.34918176066876006
Zm00001eb092230,0.15999728286204712,-1.9183949409381802,0.9949277932948682,0.30161848908963823,0.4618513756916241
Zm00001eb078590,0.30921615532895397,-1.9451042042254367,0.6518678310697217,0.16652935659563764,0.8174908612311279
Zm00001eb121380,-0.03286484426845326,-1.90496115864104,0.5249604483300313,0.4869277931654928,0.9259377614139691
Zm00001eb187720,0.18576752603679766,-1.9354028986326515,0.430552164738872,0.3728879583489899,0.9461952495079925
Zm00001eb143430,0.0728663186540183,-1.858948027309435,0.32127599162378667,0.3064001741052322,1.158405542926399
Zm00001eb201290,0.22202096460948914,-0.6637197236801737,-0.7272272335441725,-0.6996961414862796,1.868622134101137
Zm00001eb402220,-0.04550991043967614,-0.7063365710467966,-0.5836325431351401,-0.6102742666534687,1.94575329127508
Zm00001eb225570,-0.16045555755937677,-0.7200204792195759,-0.6365589448420693,-0.44562528842360594,1.9626602700446278
Zm00001eb188380,-0.09236849026530577,-0.7605477742467787,-0.7458747734396651,-0.33608666404667015,1.9348777019984202
Zm00001eb391190,0.057728313213778026,-1.353679481494536,-0.2217991154603833,-0.23189261439650966,1.7496428981376508
Zm00001eb055830,-0.1127486495195824,-1.1605542475966115,-0.3605873776210193,-0.22602648462715633,1.8599167593643693
Zm00001eb058610,-0.004539002362813593,-1.0343771644090116,-0.6525137054614708,-0.17256833415987236,1.8639982063931686
Zm00001eb118010,-0.3696345971988092,-1.0269134405524882,-0.5178212267144422,0.03298893137597785,1.8813803330897627
Zm00001eb101980,-0.40430705686068724,-1.1846079961383316,-0.28503120490267864,0.04362000091647106,1.8303262569852263
Zm00001eb089580,0.08849074233476943,-1.5391384131763715,-0.3678495086189441,0.2633217065763764,1.5551754728841598
Zm00001eb353990,0.10520925813573673,-1.642391392005277,-0.3500795294475817,0.5031495280723597,1.3841121352447636
Zm00001eb184870,0.11157758139171098,-1.4853759581427473,-0.6905193955612763,0.7374660476668741,1.3268517246454412
Zm00001eb365080,-0.26368337330929936,-1.1077595840021568,-0.9553363343305523,1.367988442240295,0.9587908494016991
Zm00001eb411700,0.08709553911182014,-0.20091802120510535,-0.982515045198094,-0.7529331760399695,1.8492707033313427
Zm00001eb198030,-0.13423923041545804,-0.6304282914538776,-0.36029978340956437,-0.8198962418638298,1.9448635471427291
Zm00001eb398670,-0.5,-0.5,-0.5,-0.5,2.0
Zm00001eb172020,-0.5,-0.5,-0.5,-0.5,2.0
Zm00001eb349060,-0.5,-0.5,-0.5,-0.5,2.0
Zm00001eb025220,-0.5,-0.5,-0.5,-0.5,2.0
Zm00001eb015120,-0.5,-0.5,-0.5,-0.5,2.0
Zm00001eb025650,-0.5,-0.5,-0.5,-0.5,2.0
Zm00001eb370010,-0.5,-0.5,-0.5,-0.5,2.0
Zm00001eb006160,-0.5773286303189186,-0.5773286303189186,-0.5773286303189186,-0.25208294519398844,1.9840688361507441
Zm00001eb315850,-0.6654447274086149,-0.47385869857073415,-0.6654447274086149,-0.16093834558330086,1.9656864989712648
Zm00001eb123060,-0.6833844051065717,-0.4001912973363498,-0.5883851381510471,-0.3105162180226651,1.982477058616634
Zm00001eb332400,-0.6904986378579098,-0.692343929259683,-0.5976457487787752,0.06139430759580427,1.9190940083005636
Zm00001eb326210,-0.6325083918071557,-0.6325083918071557,-0.6325083918071557,-0.051112031229421595,1.9486372066508888
Zm00001eb048440,-0.6949050736733638,-0.5731256869591732,-0.6212153611782829,-0.05989172399775756,1.9491378458085777
Zm00001eb103330,-0.7781999285323711,-0.525609980933588,-0.5315272864715604,-0.11948771896603252,1.9548249149035521
Zm00001eb220250,-0.829672872258646,-0.516341371669474,-0.5493809634282082,-0.038951668841863435,1.9343468761981915
Zm00001eb075250,-0.8540219316902878,-0.5814336097754322,-0.5034352294113965,0.02089761207477977,1.917993158802337
Zm00001eb000880,-0.8772454731471536,-0.5699161487844718,-0.46486127174422565,-0.00877458857603011,1.920797482251881
Zm00001eb195850,-0.7481582967827591,-0.7481582967827591,-0.7481582967827591,0.48901405561741673,1.7554608347308602
Zm00001eb031210,-0.7352895917732193,-0.7501624466986296,-0.6141709941011758,0.23888887190472655,1.8607341606682988
Zm00001eb307550,-0.7049883449585114,-0.7049883449585114,-0.7049883449585114,0.2598498478946554,1.855115186980879
Zm00001eb280600,-0.8299513745765079,-0.5966970582840367,-0.6734574648807435,0.24495482174380942,1.8551510759974785
Zm00001eb431760,-0.5246550538978714,-0.952308754195988,-0.6093512980701856,0.24623197765570373,1.8400831285083419
Zm00001eb185560,-0.9038116380643944,-0.8814495668091316,-0.24764288924099762,0.21692260558999216,1.8159814885245305
Zm00001eb147710,-0.9294318067683344,-0.9298447223073604,-0.277593098776977,0.3933861204025722,1.7434835074501007
Zm00001eb250540,-0.9386627310377963,-0.9386627310377963,-0.24342180729867977,0.37854305156052126,1.742204217813751
Zm00001eb321620,-0.8268669648766254,-1.0123359304639485,-0.2597137213909032,0.3348639173952585,1.7640526993362184
Zm00001eb045640,-0.7252777279065292,-0.97851833501059,-0.38485300316302207,0.273891281295138,1.814757784784999
Zm00001eb248800,-0.8655970132630574,-0.8655970132630574,-0.47141178460166794,0.448034824684425,1.7545709864433572
Zm00001eb204110,-0.9237312997484818,-0.7767429780035926,-0.43064768827217503,0.3283049272426948,1.802817038781554
Zm00001eb423100,-0.8325836498939414,-0.8325836498939414,-0.41140989197673433,0.23571012122585866,1.840867070538758
Zm00001eb006180,-0.7964147204875457,-0.7964147204875457,-0.5042170088037337,0.24902010177183603,1.8480263480069892
Zm00001eb078490,-0.8235166500908195,-0.7444818172224213,-0.42760545647462417,0.10519252487156838,1.8904113989162967
Zm00001eb270270,-0.7577984104494738,-0.7577984104494738,-0.26684249090348494,-0.1556168339957396,1.9380561457981724
Zm00001eb032670,-0.7335244303971333,-0.8298593041724907,-0.2859233499315923,-0.07072451076734243,1.9200315952685592
Zm00001eb298580,-0.8529494283106421,-0.8529494283106421,-0.07919394043881904,-0.09371034244283999,1.8788031395029436
Zm00001eb358700,-0.880481363798748,-0.880481363798748,-0.039648112254645936,-0.05542295804130899,1.8560337978934511
Zm00001eb292980,-0.8032970538130825,-1.0862672592040856,0.0006293803492092749,0.11059118688054982,1.7783437457874092
Zm00001eb107280,-0.6449233816598199,-1.2220970816943113,0.009688622950412522,0.10234337343234418,1.754988466971371
Zm00001eb315870,-0.47168083011522366,-1.3428161677872041,-0.06624577151625712,0.16533049887589818,1.7154122705427879
Zm00001eb102440,0.030276995218343875,-1.5480474519100225,-0.5717006753761076,0.82927568334384,1.2601954487239448
Zm00001eb395380,-0.4889643128997553,-1.257464084435287,-0.607722109104046,1.0367907000994316,1.3173598063396568
Zm00001eb136360,-0.3823923970734291,-1.2285950732219064,-0.7229372702658744,1.388422927348866,0.9455018132123425
Zm00001eb295810,-0.8116553749964375,-0.8116553749964375,-0.8116553749964375,1.389408397735634,1.0455577272536782
Zm00001eb412510,-0.7965797191411376,-0.7965797191411376,-0.7965797191411376,1.5419687236960304,0.8477704337273823
Zm00001eb157450,-0.5688707613192371,-1.6596358028002554,0.6388770830000365,0.4409996842273738,1.148629796892082
Zm00001eb179290,-0.1634410566387134,-1.8055814735284152,0.2428015191440908,0.5765005821763326,1.149720428846705
Zm00001eb207450,-0.32576326064519723,-1.5636197409926855,0.05181787873606357,0.3031675354068452,1.534397587494979
Zm00001eb143990,-0.15153068803223324,-1.6184990126181609,0.5298141206030841,-0.18851111027859924,1.4287266903259093
Zm00001eb316660,-0.07280566528598312,-1.8055658980972054,0.8678012535983157,0.020039891404717753,0.9905304183801604
Zm00001eb051120,-0.08684470871322739,-1.823176224446546,1.0549455517968833,0.73575788795839,0.11931749340449595
Zm00001eb103730,-0.21835482953324778,-1.7647839368151021,0.7238243904690553,1.1400495506826982,0.11926482519659423
Zm00001eb239680,0.7426739907682117,-0.7042632666167221,0.8136069486816704,0.7838517486050296,-1.635869421438185
Zm00001eb050660,0.08136058201829857,-0.18769475404002595,0.7627610050937,1.1141628676768813,-1.7705897007488705
Zm00001eb180800,-1.0043687504981818,0.04787096616509587,1.4458902156458098,0.6983310352775012,-1.1877234665902283
Zm00001eb113950,-0.9790543385016641,0.2815081262903856,1.2762837478326576,0.751264934445588,-1.3300024700669681
Zm00001eb288420,-0.940914921813666,0.5080620521682099,1.3848122314411706,0.3859175958847942,-1.337876957680502
Zm00001eb218610,-0.710112623502573,0.5422588085890356,1.4444705688224386,0.16801818656532458,-1.4446349404742271
Zm00001eb218880,-0.7712880369229687,0.7387401574894679,1.3532308084276055,0.09993559798283565,-1.4206185269769405
Zm00001eb369730,-0.7057130118102091,0.8600676632770061,1.2146337098299187,0.13704496747815384,-1.5060333287748695
Zm00001eb101410,-0.8592118235088758,0.851627144853647,1.2425751358318322,0.16668987891019008,-1.4016803360867942
Zm00001eb111570,-0.9726990261589653,0.9074075117467912,1.1677214277928665,0.24226441363064682,-1.3446943270113416
Zm00001eb104750,-0.7760451654389482,0.8160898936452631,1.0396073645015014,0.47706711266500906,-1.5567192053728294
Zm00001eb190840,-0.9629020465357816,0.9219249173921971,0.9141561023492232,0.5649023896453244,-1.4380813628509592
Zm00001eb207650,-0.27009911872904085,0.23611301767378,1.7102192311663784,-0.3177472072651565,-1.358485922845965
Zm00001eb378270,-0.37580166774665863,0.23706779992937105,1.702553314469955,-0.1983351585626252,-1.3654842880900484
Zm00001eb333470,-0.6623361813235553,0.24260082046556752,1.826152091188022,-0.4043604481631858,-1.0020562821668484
Zm00001eb108090,-0.8002952925299827,0.25201017958119776,1.7483455945228317,-0.0905042765140831,-1.1095562050599643
Zm00001eb417000,-0.9423315724512593,0.5111785077448225,1.6311785483029715,-0.1152789469701293,-1.0847465366264055
Zm00001eb349010,-0.9107435247219533,0.4770526587100305,1.5909976357705302,0.030450069511960564,-1.1877568392705735
Zm00001eb099960,-0.6766718667947957,0.7540548028790497,1.5676209873346425,-0.5369656023962468,-1.1080383210226437
Zm00001eb295800,-0.722020275908369,1.187537035665427,1.2401777335454465,-0.6582902536170723,-1.0474042396854348
Zm00001eb248780,-1.1857114735344234,1.0251092004489621,1.2159083842522738,-0.02368344555928437,-1.0316226656075282
Zm00001eb392530,-1.1198797313824838,1.1120491732674147,1.1338729327893444,-0.020083584577573227,-1.105958790096702
Zm00001eb374830,-0.9629226195998037,1.0861858964129314,1.089905777662345,0.08954622396726439,-1.302715278442735
Zm00001eb102580,-1.078069115308757,1.1556746974338996,0.8994627165055401,0.2911512256438171,-1.2682195242744985
Zm00001eb035640,-1.0874309865747218,1.2541796130949514,0.8897918997311208,0.14055661316640924,-1.197097139417765
Zm00001eb139480,-1.1285195131548529,1.31378929596763,0.8904179618337418,0.022961435017044205,-1.0986491796635613
Zm00001eb407120,-0.8596358131239925,1.3599042939832613,0.8786652199448431,-0.10256611959097685,-1.2763675812131352
Zm00001eb330830,-0.833286253749311,1.3742331576470737,0.9621513500922421,-0.32626695791335425,-1.1768312960766438
Zm00001eb101190,-0.7938166440896283,1.2244077975718053,1.1055258996044461,-0.28397931519270253,-1.2521377378939205
Zm00001eb312600,-0.957321300480717,1.448025688812388,0.9326855905676228,-0.483840205302617,-0.9395497735966764
Zm00001eb415730,-1.1184511743494752,1.3309516931408572,1.0294408784480378,-0.3501600435363175,-0.8917813537031052
Zm00001eb178500,-1.1636776063764467,1.3340630512188465,1.013517415019005,-0.32917808420302175,-0.8547247756583799
Zm00001eb032370,-1.1783744278474817,1.3511292256721414,0.9755029796595381,-0.2782999700841938,-0.8699578074000022
Zm00001eb403500,-1.0530810044219159,1.1647447586344217,1.2038201715547792,-0.32611109848684205,-0.989372827280443
Zm00001eb216910,-1.0317236512965111,1.4204033168886123,0.5620721427618882,0.2829482779885539,-1.2337000863425416
Zm00001eb364730,-0.9370656575986273,1.4896586557252647,0.6364960133421456,0.03423666811455626,-1.2233256795833314
Zm00001eb023160,-1.123880216405727,1.5263589388612537,0.6250200632763736,-0.019484943359468515,-1.0080138423724345
Zm00001eb053830,-1.0302637464855182,1.5373384664059482,0.74101631579616,-0.27249448643322766,-0.9755965492833646
Zm00001eb428940,-1.0046731803132285,1.699868897386128,0.491905912057674,-0.31561110239819884,-0.8714905267323764
Zm00001eb356650,-1.14170827664261,1.6879969049671693,0.4473279162511837,-0.21983401682170178,-0.7737825277540374
Zm00001eb100410,-0.6377096759905713,1.5921175478828922,0.13444291835547512,0.3063434227296369,-1.395194212977434
Zm00001eb219100,-0.9710147737309531,1.8861165786546727,0.05865745092864736,-0.38164104139136357,-0.592118214461004
Zm00001eb128760,-0.827284013417613,1.8805672054058025,0.17082591403442487,-0.5938185657002345,-0.6302905403223795
Zm00001eb182260,-0.7066690552677556,1.8713154306313347,0.18273943038951446,-0.503870273029263,-0.8435155327238335
Zm00001eb038070,-0.5818732817183072,1.9316985836882925,-0.09867394883325938,-0.3633375563486537,-0.8878137967880723
Zm00001eb099550,-0.7337070480680972,1.9324850378870158,-0.10968550642564849,-0.297480039084559,-0.7916124443087132
Zm00001eb098960,-0.5,2.0,-0.5,-0.5,-0.5
Zm00001eb042490,-0.5716826691987108,1.9837016733038477,-0.34451408083385976,-0.37621950544496474,-0.6912854178263126
Zm00001eb139970,-0.8114117037036035,1.9617767255180998,-0.20298490887564077,-0.512905575597869,-0.43447453734098573
Zm00001eb123570,-0.09605593837138898,1.9519895557234292,-0.5157314685004398,-0.5793812211537743,-0.7608209276978259
Zm00001eb234120,-0.06233858012399658,1.9225342536922758,-0.9288912132958872,-0.4239805382574196,-0.5073239220149708
Zm00001eb317460,-0.8937868028354027,1.9285439398431943,-0.4021418488665469,-0.0713134551940911,-0.5613018329471534
Zm00001eb255860,-0.996494729743798,1.9194198777663103,-0.46094369475131824,-0.2736701427171187,-0.18831131055407502
Zm00001eb368640,-1.1301054584714898,1.867575268923946,-0.0675520588883424,-0.27988578777084283,-0.3900319637932707
Zm00001eb074320,-1.13566022714784,1.8266095401285611,0.056799288252854394,-0.16058659361468916,-0.5871620076188865
Zm00001eb392440,-1.1545705173059884,1.7428720042742742,0.15480301273064123,0.03421737432038546,-0.7773218740193094
Zm00001eb141310,-1.3386240684003647,1.540655013097712,0.4344928305737512,0.15243039828672345,-0.7889541735578212
Zm00001eb022070,-0.45774520194382007,1.2681519985698164,0.2671036218957125,0.586056139983892,-1.6635665585055994
Zm00001eb011370,-0.8611716597407961,-0.06230940738357261,1.9038532056312216,-0.2169836565277485,-0.7633884819791038
Zm00001eb086280,-0.9800827855996523,-0.3617352964011063,1.4962789005469261,0.8332106070080194,-0.987671425554187
Zm00001eb056620,-1.153981217423134,0.18534019355106549,1.3572465067597035,0.732074927682677,-1.1206804105703196
Zm00001eb056780,-1.1175893590208845,0.32076093695553076,1.5521138662438791,0.3129443256629387,-1.0682297698414627
Zm00001eb093560,-1.1612609530169586,0.21361377156932765,1.5971460387400855,0.3248821222034928,-0.9743809794959463
Zm00001eb218120,-0.7389251786255733,0.012173099782292845,1.6406214923468423,0.3630115910067377,-1.2768810045102996
Zm00001eb200840,-1.186260415803113,0.2402237189615749,1.0261521814945604,1.0732439341566107,-1.1533594188096319
Zm00001eb064730,-1.3014662953864609,0.6126967434099735,0.8764073112452777,0.9418196777378159,-1.1294574370065986
Zm00001eb188410,-1.2933224805539012,0.9344603502188308,1.228302284098141,0.09792015045504159,-0.9673603042181111
Zm00001eb323880,-1.2362573429546664,0.7665022184480311,1.385657966302376,0.06389871262846979,-0.9798015544242119
Zm00001eb234170,-1.1594881614202566,0.809478513174165,1.3944168620583077,-0.016961021155668343,-1.027446192656548
Zm00001eb319460,-1.290173790297339,0.6730841943531262,1.3618873120347335,0.24010028012302534,-0.9848979962135451
Zm00001eb256420,-1.3234972506962916,0.4735882461830042,1.4925536039923792,0.22175085328231592,-0.8643954527614012
Zm00001eb320600,-1.4867392446044518,0.7007691349760581,1.191522299670961,0.4283211074683798,-0.8338732975109449
Zm00001eb393690,-1.5495425422607392,0.8053230660309875,1.1345705733727711,0.34655099386423666,-0.7369020910072566
Zm00001eb195650,-1.5016244147600077,1.0545637753008519,0.887586433696503,0.3913653379406576,-0.8318911321780011
Zm00001eb185290,-1.2921181741817038,1.3388838121149096,0.7915166120072421,0.10999196284414615,-0.948274212784602
Zm00001eb105640,-1.487974907973009,1.186156882136133,0.8709442863437147,0.1942198185291118,-0.7633460790359514
Zm00001eb289080,-1.4146443982421855,1.172464666409515,1.0034621084759499,0.023955030705682872,-0.7852374073489627
Zm00001eb265630,-1.5197226049997277,1.1885833648972621,0.9643175332333421,-0.04516041909260715,-0.5880178740382693
Zm00001eb198470,-1.4750384461540307,0.8711097358868163,1.2872437392273741,-0.04587613251933205,-0.6374388964408285
Zm00001eb415520,-1.5695767867174728,0.880660782520397,1.238877010974846,-0.08156321626305163,-0.46839779051472175
Zm00001eb015750,-1.596255585439779,1.0094739414474383,1.1003780077041154,-0.04442104650107825,-0.46917531721069106
Zm00001eb208910,-1.4495165682206075,1.0571943914988486,1.2040216163693114,-0.37309537514491675,-0.4386040645026402
Zm00001eb309360,-1.1698645410450923,1.1393142288266214,1.255911915875509,-0.5611552096339503,-0.6642063940230799
Zm00001eb316580,-1.2296704379219927,0.9573917451109989,1.3935982059440695,-0.5767373126156785,-0.5445822005173934
Zm00001eb280090,-1.0917807835837914,0.8853765408871668,1.4611431979176972,-0.40153908356663615,-0.853199871654438
Zm00001eb041610,-1.2911632151750119,0.7226819409488296,1.5075848624788057,-0.24948535904858035,-0.6896182292040431
Zm00001eb427600,-0.3090868879425582,-1.6279016220615403,1.4620340935407112,0.28257191444508023,0.1923825020183073
Zm00001eb035050,-0.5070583275517215,-1.5652954724047892,1.3975137714358765,0.5740554544734496,0.10078457404719024
Zm00001eb189510,-0.479249225907966,-1.7434070099950392,0.9043305358380362,0.8075662414893013,0.5107594585756641
Zm00001eb031300,-0.6558279564580655,-1.6609492652151738,0.6539978474284015,0.8089573247725173,0.8538220494723247
Zm00001eb335900,-0.8178425321626822,-1.5427653875820266,0.9917498674216731,0.5608277150259274,0.808030337297123
Zm00001eb379300,-0.7937327871132311,-1.5216025907330466,1.0954105208077065,0.3747165135394031,0.845208343499168
Zm00001eb127840,-0.5413405617300356,-1.6090003168132938,1.090067576009675,0.10134105985986255,0.9589322426737983
Zm00001eb179000,-0.1210813828216389,-1.731575339964393,-0.1313240003685491,1.02071659317779,0.9632641299767801
Zm00001eb217440,-0.23847178536587474,-1.5822517040171105,-0.33423354717706,1.1321538049778617,1.0228032315821816
Zm00001eb353030,-1.1183722345537108,-0.8984284851038177,-0.3475376893552412,1.0676281628564608,1.2967102461563091
Zm00001eb128310,-1.0225604683470564,-1.0225604683470564,-0.32270995096562904,1.2092818430392407,1.1585490446205013
Zm00001eb368970,-1.170059992052621,-0.7871601934119049,-0.4029068725150111,1.3588156367845439,1.001311421194995
Zm00001eb432140,-1.0827684217664288,-0.7834410720031413,-0.48029819834142234,1.5124419189781448,0.8340657731328479
Zm00001eb251200,-1.0479897148336017,-0.9228744119664709,-0.34588178640887784,1.5096067491031007,0.8071391641058547
Zm00001eb142500,-0.9809114214783614,-1.053317607558363,-0.2903921255264723,1.4288396170987225,0.8957815374644753
Zm00001eb240100,-0.7694851791332764,-1.1636185868890363,-0.40832395557414497,1.4409119389878116,0.9005157826086456
Zm00001eb055540,-0.7678741049452296,-0.7678741049452296,-0.7678741049452296,1.6892914789921416,0.6143308358435471
Zm00001eb067800,-0.5254178333250482,-0.9798177986011276,-0.7151027254418794,1.7376921119040456,0.4826462454640095
Zm00001eb394180,-0.5120390455874031,-1.1237547680627038,-0.5165430474385422,1.7439623865639615,0.40837447452468756
Zm00001eb252160,-1.0646746434573064,-0.39808663886826573,-0.841062662587045,1.568328917692239,0.7354950272203782
Zm00001eb035740,-1.0637479481428402,-0.299933898313324,-0.9934517678223148,1.0964263582288003,1.2607072560496817
Zm00001eb258400,-0.9782640387770988,-0.42741017735585163,-0.9782640387770988,1.0162724007469062,1.3676658541631421
Zm00001eb012440,-0.8928643506993247,-0.751167869174058,-0.7991863969791749,1.1344812945996092,1.3087373222529486
Zm00001eb286420,-0.8032791477891026,-0.8032791477891026,-0.8032791477891026,0.9215730137100744,1.4882644296572334
Zm00001eb385610,-0.788312289175981,-0.788312289175981,-0.788312289175981,0.7706262245952571,1.5943106429326863
Zm00001eb349120,-0.7753049860823366,-0.7753049860823366,-0.7753049860823366,0.6670913988311494,1.6588235594158605
Zm00001eb186480,-0.7753049860823366,-0.7753049860823366,-0.7753049860823366,0.6670913988311494,1.6588235594158605
Zm00001eb152810,-0.8295034095368725,-0.8295034095368725,-0.6716361627699438,0.6874069077668347,1.6432360740768535
Zm00001eb191020,-0.8467801984423592,-0.9060395608201187,-0.5255656491761103,0.5959080994917323,1.682477308946855
Zm00001eb256070,-0.9780483691097255,-0.7579276037314433,-0.5350009603019037,0.585909995274761,1.6850669378683119
Zm00001eb157950,-0.9048447176304295,-0.7052332377941903,-0.6051970288073695,0.45040197659384207,1.764873007638148
Zm00001eb319390,-1.14868222558332,-0.7241432366130715,-0.009362912006975053,0.10900599604796754,1.7731823781553993
Zm00001eb248900,-1.1257149558434636,-0.6279643482890301,-0.17006970175321404,0.10773815750650262,1.816010848379205
Zm00001eb145340,-1.1413909561854745,-0.6403075784272965,-0.13283689391464024,0.10966394592074603,1.8048714826066654
Zm00001eb202140,-1.0516239412547141,-0.7513946128947909,-0.14519580263290108,0.13427332255904115,1.8139410342233653
Zm00001eb129490,-0.9795569433273893,-0.6518050122443062,-0.319875229298393,0.07850238405852462,1.8727348008115643
Zm00001eb252100,-1.0718822958335188,-0.5616338227787157,-0.33625126072191264,0.12390194819165268,1.8458654311424947
Zm00001eb258290,-1.0652212155198224,-0.5272922963883586,-0.36673385030924927,0.1039959731085222,1.8552513891089069
Zm00001eb216410,-1.021940416996822,-0.5680458990092087,-0.3626967088133351,0.08333332643536046,1.8693496983840057
Zm00001eb391280,-0.9953172479498122,-0.5637107582775374,-0.4274610810976665,0.1169508331829957,1.8695382541420202
Zm00001eb058460,-1.1232363892679746,-0.47088410956597754,-0.4004223954522283,0.17047963664027418,1.824063257645907
Zm00001eb028160,-1.081464900600997,-0.6004801628343501,-0.3731422210138828,0.24686116760549073,1.8082261168437392
Zm00001eb061300,-1.110907951813274,-0.9463302218645996,0.008897439654127141,0.4027149832469385,1.6456257507768144
Zm00001eb337410,-1.1771906721910605,-0.7963209081949182,-0.027299443635002026,0.30121759165815215,1.6995934323628286
Zm00001eb254600,-1.0729802030653102,-0.6963267792953128,-0.37625283505918067,0.3943394767953461,1.7512203406244584
Zm00001eb069140,-1.1121081995180053,-0.701390784843499,-0.2854383030610109,0.34696511120028173,1.7519721762222333
Zm00001eb101280,-1.203604162819754,-0.7804388052419274,-0.20192608522399583,0.5868976785326151,1.5990713747530632
Zm00001eb002660,-1.1749785263496628,-0.7977612550967992,-0.15878457683051497,0.4800609516853315,1.6514634065916454
Zm00001eb124630,-1.133230627148097,-0.7971843566064921,-0.19756822153068712,0.4406554236314528,1.6873277816538224
Zm00001eb379950,-1.1268236056712995,-0.7917226855669975,-0.22752617847912907,0.46112853498573814,1.6849439347316881
Zm00001eb223300,-1.070183722211278,-0.9221108278495324,-0.17608390320185774,0.5263002042339754,1.6420782490286931
Zm00001eb186200,-1.0421853282669693,-0.9280236226674201,-0.23145264606390223,0.5644565466479821,1.6372050503503097
Zm00001eb372490,-1.08332133565667,-0.8141309568013244,-0.36226337012362847,0.6403614157282813,1.6193542468533408
Zm00001eb023330,-1.359771731704226,-0.5944257586106753,-0.18310786427293793,0.5786969263200725,1.5586084282677664
Zm00001eb372660,-1.299284844571828,-0.6994984074716157,-0.1338204900553898,0.5512030520617409,1.5814006900370923
Zm00001eb248270,-1.2988763671323629,-0.7868765333809487,-0.06536812282670908,0.6420794370486262,1.5090415862913944
Zm00001eb015440,-1.378770836693613,-0.6660470728685164,-0.13497304680095976,0.7283638429664575,1.4514271133966308
Zm00001eb357780,-1.39038991730428,-0.7510214812506932,0.09783459041651403,0.5717284524539142,1.4718483556845443
Zm00001eb234620,-1.3547878616868108,-0.7028532881585616,0.04132529237936656,0.44421001144537864,1.5721058460206276
Zm00001eb104260,-1.3154439293222482,-0.6527029302992533,-0.0713983105602833,0.4038926518931846,1.6356525182886004
Zm00001eb270470,-1.266969607967712,-0.7077947415936551,-0.06485796316833957,0.3835806668487796,1.656041645880928
Zm00001eb294180,-1.260284107849854,-0.5902999635537651,-0.12697963916055097,0.2499561054946219,1.727607605069548
Zm00001eb160120,-1.3141426464717125,-0.4884526613787629,-0.14886367474737192,0.23135504645408544,1.7201039361437622
Zm00001eb009550,-1.33223554321609,-0.5060196592711235,-0.2107979456372336,0.38212973953599527,1.6669234085884512
Zm00001eb315750,-1.3459985638463379,-0.45251042337884634,-0.27523753756800273,0.421424582072766,1.6523219427204217
Zm00001eb413930,-1.3221873987357111,-0.4214180575146781,-0.33372620773723766,0.40415787278779397,1.6731737911998315
Zm00001eb157080,-1.328762224789661,-0.3318719005197033,-0.45096285116205714,0.4678088612151168,1.6437881152563047
Zm00001eb101360,-1.2523295193070343,-0.3964801688469353,-0.5008362469100769,0.47768459098280996,1.6719613440812358
Zm00001eb048370,-1.31065009435074,-0.43441206880366523,-0.42882773672714547,0.5641205968038547,1.6097693030776965
Zm00001eb235510,-1.0904108284641147,-0.5782113200800554,-0.5785000635413929,0.5680278248804665,1.679094387205095
Zm00001eb359500,-1.2230642664735563,-0.5746551119560193,-0.4432104989985327,0.6374709438337814,1.6034589335943268
Zm00001eb313350,-1.236700765380952,-0.525594047071175,-0.4819034792874621,0.6509950358703668,1.5932032558692222
Zm00001eb122500,-1.2087027308818523,-0.5407118164879028,-0.5288392039546977,0.7079787233307477,1.5702750279937052
Zm00001eb080690,-1.106017835955897,-0.6460649916054712,-0.5659863490578874,0.7393551439397343,1.5787140326795204
Zm00001eb279580,-1.1239604942685086,-0.6000798502417349,-0.6065065721708256,0.7824926508636441,1.5480542658174257
Zm00001eb178450,-1.1118361220544761,-0.5267494375624726,-0.6845728436655987,0.7620901491836775,1.5610682540988654
Zm00001eb215740,-1.170014110309453,-0.4684157216160629,-0.6993008599776283,0.8605314305925481,1.4771992613105969
Zm00001eb061430,-0.9589805006613685,-1.275308924492379,0.25857076184205724,0.5213014095804025,1.4544172537312896
Zm00001eb209880,-0.8270184187683243,-1.3542675617554676,0.15509861453033777,0.562967753444866,1.463219612548592
Zm00001eb062640,-0.9281098521661795,-1.289887917484961,0.10863608795624241,0.7095025456646679,1.3998591360302297
Zm00001eb373970,-1.012321531389037,-1.1891172334457707,0.01454633958344307,0.8021178013762302,1.3847746238751335
Zm00001eb106630,-1.0135250246929153,-1.1260790395607594,-0.05732292873708004,0.7188696368516325,1.4780573561391144
Zm00001eb211700,-0.9708354210170391,-1.1488122524544329,-0.1141327644998287,0.7779247462268171,1.4558556917444836
Zm00001eb349900,-1.0687872748854028,-1.0798045641875875,-0.0051977479765639,0.6454529927120183,1.508336594337537
Zm00001eb431080,-1.0937822687354164,-1.0937822687354164,0.07485644406429408,0.626290408383711,1.4864176850228283
Zm00001eb287710,-1.073205876630236,-0.9654675738180015,-0.17092592341477478,0.632718580293454,1.5768807935695557
Zm00001eb360750,-1.0957148252774858,-0.9620683211714735,-0.15984069226723055,0.6675881806836007,1.5500356580325896
Zm00001eb385190,-1.1143726638694373,-0.9243451601297512,-0.214704577020022,0.7275212226392307,1.5259011783799796
Zm00001eb365420,-1.0933548187013822,-0.994957109205169,-0.17128266815087598,0.7889058419978241,1.4706887540596016
Zm00001eb010050,-1.248908304156398,-0.936036294330495,0.010555652540594202,0.7709911858476546,1.4033977600986451
Zm00001eb279120,-0.7522217796783978,-1.1623658630408686,-0.4132737514550313,0.8454943096174861,1.4823670845568095
Zm00001eb212930,-0.6298141685680883,-1.2631961993439285,-0.4208157741745409,0.8797057016081928,1.4341204404783652
Zm00001eb142960,-0.8167377192175596,-1.394410887251625,0.4849979344115124,0.28708197329997176,1.4390686987577053
Zm00001eb432460,-0.8913748862084435,-1.2651550260243458,0.47057593661601815,0.14937355057238844,1.5365804250443833
Zm00001eb101880,-1.0273108502984893,-1.190872313345385,0.5254136184885333,0.2069859482236974,1.4857835969316424
Zm00001eb108460,-1.1130441298271185,-1.1130441298271185,0.30781737534587045,0.41708728896234487,1.501183595346021
Zm00001eb135200,-1.078584918385011,-1.078584918385011,0.2995784191480242,0.27372358261643964,1.583867835005557
Zm00001eb224800,-1.0269723774112929,-1.0269723774112929,0.19879330476968884,0.1757967539417098,1.679354696111187
Zm00001eb417620,-0.9808129488945304,-0.9808129488945304,0.11750002303482385,0.0968946084346516,1.7472312663195855
Zm00001eb354510,-1.0076420979687197,-1.0076420979687197,0.42803172275579626,-0.0799922277019378,1.667244700883581
Zm00001eb370720,-1.2531431882565292,-0.7185875981014533,0.18142313966273824,0.0958575944474011,1.694450052247843
Zm00001eb271500,-0.8645936502238895,-0.8788399837946338,0.2600781725315507,-0.33356776087398865,1.8169232223609617
Zm00001eb131420,-0.8135660140365746,-0.8135660140365746,0.10844825446006692,-0.3612069643365068,1.8798907379495893
Zm00001eb197370,-0.7810472137812839,-0.7810472137812839,0.03596984083962432,-0.3802024491935547,1.906327035916498
Zm00001eb249450,-0.9836295121011419,-0.5490014131790358,-0.10883347790332679,-0.26830935222501245,1.9097737554085175
Zm00001eb249440,-1.0840366359364322,-0.2997084682721954,-0.12467817888296016,-0.38197152089272374,1.8903948039843121
Zm00001eb159390,-0.855542868685392,-0.226891114599913,-0.4337707343143365,-0.4416833302242387,1.9578880478238807
Zm00001eb163680,-0.7884977340271716,-0.39214274537475796,-0.522577073747246,-0.2666339466299942,1.9698514997791692
Zm00001eb080700,-0.8941440514095135,-0.3470726274106181,-0.5271054157039768,-0.1738383318435637,1.9421604263676717
Zm00001eb354920,-1.3044066933425995,-0.03043195390918769,-0.429874655869094,0.00039907500706096616,1.764314228113819
Zm00001eb098330,-1.1267814159895735,0.04819214672523164,-0.6012426740998409,-0.14892949790415208,1.8287614412683344
Zm00001eb336500,-1.0690876947312593,-0.14868759499097056,-0.4515769798601311,-0.22306987237465,1.8924221419570115
Zm00001eb254990,-1.0159846329975897,-0.3682694890825904,-0.7538904329127813,0.3697973118845427,1.7683472431084188
Zm00001eb375580,-1.1281898984192336,-0.08556312645136281,-0.7784326550837927,0.2445919370209171,1.7475937429334716
Zm00001eb015570,-0.992213505684418,-0.2351527094717648,-0.7608118170571081,0.15594970862130017,1.832228323591991
Zm00001eb413920,-1.0762578131249507,-0.24827879604336833,-0.5835798980685291,0.05433414059871438,1.8537823666381332
Zm00001eb391130,-1.260077675928823,-0.15121731199950966,-0.7063352999849567,0.4894958130760073,1.6281344748372841
Zm00001eb427470,-0.09040925550757072,-0.12965882095797687,-1.2615149896170919,-0.3283320558824162,1.809915121965052
Zm00001eb281570,0.3591597087596944,1.6820688966257384,-1.3370288035256355,-0.2970825005867444,-0.40711730127305656
Zm00001eb275130,-0.044354709804776654,1.864932275115203,-1.1283363269524183,-0.28562914792237215,-0.4066120904356277
Zm00001eb010770,-0.8188553359708246,1.8848400549257902,-0.8188553359708246,0.07110602906510521,-0.31823541204924605
Zm00001eb430640,-1.1257879985977255,1.8387537193735404,-0.5088783090934023,-0.29152084487639934,0.087433433193988
Zm00001eb041070,-1.3465461954033884,1.6860705996957113,-0.32923198617064275,-0.3483171641496574,0.33802474602797744
Zm00001eb218710,-1.328302312807455,1.638441043522858,0.4351601651094297,-0.5776181300728497,-0.16768076575198715
Zm00001eb250560,-1.7014758933619745,1.34541865496029,0.3427329579868343,0.3043816209927981,-0.2910573405779471
Zm00001eb216950,-1.634039575414171,1.3279297875695202,0.3232918629446305,0.47195651720773857,-0.48913859230771833
Zm00001eb317770,-1.6088087506736561,1.3709447032743993,0.3903536886318258,0.35284868711230305,-0.5053383283448725
Zm00001eb319350,-1.530280275835316,1.4659775248938731,0.29135816394811004,0.332838462638319,-0.5598938756449913
Zm00001eb202410,-1.5290203178247481,1.2627035515176936,0.5776356065132414,0.4298121866457399,-0.7411310268519309
Zm00001eb010190,-1.7207080805758026,0.8291250020183958,0.9981930813429393,0.36481170389491746,-0.47142170668045014
Zm00001eb093670,-1.7764181205133405,0.9294969814606969,0.8719654299604527,0.31894180678498507,-0.3439860976927933
Zm00001eb101630,-1.7901120496625225,0.9108035034003916,0.7665196099475646,0.48768488268962845,-0.37489594637506124
Zm00001eb175150,-1.697254365748602,0.9982848904584302,0.7006180025901368,0.5612646755114236,-0.562913202811388
Zm00001eb430800,-1.7354801551900652,1.1231734582279516,0.701377874809876,0.29509086251896277,-0.3841620403667283
Zm00001eb328900,-1.7037293569373475,1.1775676194505296,0.758275918013614,0.11709513006836592,-0.3492093105951627
Zm00001eb389960,-1.6132450956715216,1.420340831953097,0.5558408133553928,-0.13022521160115386,-0.23271133803581015
Zm00001eb231040,-1.6833182500736588,1.2406215150452706,0.7588422247829077,-0.18529789791814302,-0.13084759183637343
Zm00001eb257650,-1.76173067420629,1.0238489518752665,0.8888437807893271,-0.22812492381671698,0.07716286535841335
Zm00001eb248680,-1.6326142722711456,1.0343524226147356,1.0730669573010314,-0.2531038886952067,-0.22170121894941622
Zm00001eb117560,-1.6310216367091788,0.859842296090956,1.1733275664168235,0.0662089491991376,-0.468357174997741
Zm00001eb361200,-1.7161048822566176,0.5568847126703661,1.2576449341856681,0.23216721207677235,-0.3305919766761889
Zm00001eb099470,-1.744667794799623,0.5525454308042309,1.1435401802650675,0.4377905323228962,-0.38920834859257475
Zm00001eb395640,-1.8370520940064001,0.6024935357829405,1.1201667499706982,0.07870000383882718,0.03569180441393811
Zm00001eb255520,-1.669819130255246,0.5174641069037571,1.3752884665994096,0.006149059373678353,-0.2290825026215988
Zm00001eb421100,-1.4761419841104462,0.5463746509481885,1.5296335773554268,-0.2626440679831394,-0.3372221762100302
Zm00001eb056630,-1.368438728314109,0.32060729391929826,1.6534468441474395,-0.07116689321982196,-0.5344485165328076
Zm00001eb174990,-1.5011617781738116,0.5195419363875199,1.466153824080342,0.08145809764010604,-0.5659920799341563
Zm00001eb427970,-1.547532921738987,0.3786347082195604,1.3451151991375347,0.47621256027354514,-0.6524295458916525
Zm00001eb399390,-1.6462014811160584,0.5358274542722201,1.0486695491996196,0.7021562229158437,-0.6404517452716252
Zm00001eb395300,-1.7031049929928808,0.6650791348107409,1.036768905937854,0.5401711403286289,-0.5389141880843463
Zm00001eb193330,-1.805556903140702,0.6611165761056569,0.856355429587089,0.657875138647072,-0.36979024119911375
Zm00001eb206080,-1.4852229066942682,0.7271999123579989,0.8639064813246746,0.816929838986209,-0.9228133259746162
Zm00001eb150360,-1.5098005610125982,0.800737285610035,0.9459211469300304,0.64200002986627,-0.8788579013937354
Zm00001eb040700,-1.54838019317872,0.9569057337876357,0.7007746789782662,0.716644831949896,-0.8259450515370798
Zm00001eb136080,-1.0810078494923216,0.17108047127747505,0.6975175766941503,1.3893774865794126,-1.176967685058709
Zm00001eb084300,-1.3138976451322595,0.08233067573552906,0.8721372240621239,1.284630351208175,-0.9252006058735628
Zm00001eb434360,-1.4461043257858912,-0.12653604185608702,1.0942999178927535,1.1282354097237033,-0.6498949599744772
Zm00001eb406610,-0.38322427529702136,-0.18417784360348383,1.6262876009162395,0.3688297910899628,-1.427715273105699
Zm00001eb099390,-0.9707979551740382,-0.5930560351305044,1.649383245863728,0.657846944673708,-0.7433762002328924
Zm00001eb008690,-0.8092160066282522,-0.45084796931465176,1.852203945917301,0.22158396983649425,-0.8137239398108912
Zm00001eb418630,-0.9978163315504917,-0.37931863134111693,1.8578945051778382,0.14246685825891003,-0.6232264005451412
Zm00001eb215440,-0.8855116492987257,-0.6026593946432764,1.9219564162593112,-0.03707412150822362,-0.3967112508090849
Zm00001eb413540,0.027001951747127797,-1.5492927884728185,1.591973025406505,0.14144962132033234,-0.2111318100011448
Zm00001eb034940,-0.5775311357722381,-1.3453910200368344,1.5914201482633614,0.5323679098313987,-0.20086590228568743
Zm00001eb176680,-0.9069582057501665,-1.3015557850341024,1.4310869994575581,0.6467570850321033,0.13066990629460065
Zm00001eb152420,-0.7208956941347586,-1.4621091397156858,1.3565948415274571,0.1297266372226898,0.696683355100297
Zm00001eb084940,-0.9265862733315977,-1.3444299388213752,1.3765250389428638,0.30748220556022526,0.5870089676498843
Zm00001eb055620,-0.8540798597121226,-1.4615076014580932,1.252796669493055,0.5432591133117,0.5195316783654558
Zm00001eb383050,-1.0308754344369948,-1.3833672925075728,1.0123779859509967,0.7905683293412157,0.6112964116523557
Zm00001eb217350,-1.0428789611794396,-1.3838442684601873,0.9377489764928097,0.675627825099994,0.8133464280468206
Zm00001eb001720,-1.2244372558420193,-1.2244372558420193,0.8528653153288315,0.8138931081138079,0.7821160882413991
Zm00001eb062130,-1.1726546237370177,-1.2739225847959237,0.8822694643492303,0.7760869785117389,0.7882207656719714
Zm00001eb037290,-1.2226370023365996,-1.2226370023365996,0.8729486151114915,0.7081413160456373,0.8641840735160711
Zm00001eb069700,-1.2359704644103122,-1.1919052889893376,0.9852381723078819,0.5791165721685462,0.8635210089232217
Zm00001eb312870,-1.27987627383451,-1.1197616930666983,1.1358746381497267,0.5336716718199754,0.7300916569315062
Zm00001eb136350,-0.7585575466890176,-1.562233535681657,0.6513450268325032,1.123029651173151,0.5464164043650269
Zm00001eb210530,-0.8218963257622293,-1.2056563389257033,0.9473735162063393,-0.29356777338184425,1.3737469218634417
Zm00001eb002490,-1.3456706413940602,-0.7981147972700663,0.4196805415002361,0.195050690659799,1.5290542065040937
Zm00001eb002010,-1.3538176629041159,-0.8270808214128705,0.4838408545058443,0.2125214334543809,1.484536196356761
Zm00001eb066260,-1.4279949662496003,-0.7588530196512913,0.6250552875527665,0.1585298405445041,1.4032628578036201
Zm00001eb216610,-1.2897000509529888,-0.9067680841545043,0.6359454867392254,0.1122780571813317,1.4482445911869388
Zm00001eb044660,-1.252524533509592,-0.962176575556855,0.8094153918530466,0.045820477617877955,1.359465239595523
Zm00001eb107800,-1.1681205068789748,-1.0050323055343997,0.6546514575849017,0.03678516508336324,1.4817161897451105
Zm00001eb233790,-1.1685437235959673,-0.9199902923575843,0.6657984336581776,-0.10494942819351906,1.5276850104888928
Zm00001eb195920,-1.2041602272262628,-0.6937081332475625,0.7795915998296468,-0.39891502471575413,1.5171917853599324
Zm00001eb346880,-1.2305093934042115,-0.6287006034769267,0.7883049928310579,-0.4381333078447478,1.5090383118948283
Zm00001eb327140,-1.0629826172525199,-0.4775974056468088,0.5079936529884712,-0.6776066886518616,1.7101930585627194
Zm00001eb149360,-1.0187075200492355,-0.1800980427799075,0.10656436283213513,-0.7426672608751768,1.834908460872184
Zm00001eb153470,-1.3172908007830655,-0.5142140352383684,-0.5090959654776559,1.1391225714355395,1.20147823006355
Zm00001eb193550,-1.2637779689750124,-0.3876283704669715,-0.6759556424501767,0.9546516107099748,1.3727103711821853
Zm00001eb041540,-1.3554722983536218,-0.17240330826798042,-0.7204809621759423,0.9164218156562782,1.3319347531412657
Zm00001eb366540,-1.4338524419024512,-0.1651093363548249,-0.5826329968854405,0.7764194371882756,1.4051753379544416
Zm00001eb324600,-1.4779895561955176,-0.07209249290314287,-0.5780166237009461,0.7385924679950802,1.3895062048045284
Zm00001eb015490,-1.555557944565041,-0.009811524831388347,-0.5184928884181796,0.7772925795094527,1.3065697783051549
Zm00001eb165340,-1.5259473343937393,-0.15746832242639663,-0.4924021555219308,0.9516426207705116,1.224175191571552
Zm00001eb266360,-1.0404726439976977,-0.2554903096781192,-1.0404726439976977,1.026633186665337,1.3098024110081774
Zm00001eb256290,-1.2162258729407283,0.05591858936122885,-0.9716636190371457,0.6781146068310179,1.4538562957856132
Zm00001eb395560,-1.2293344716170869,0.0436750208344687,-0.9748886525134723,0.7621252568040641,1.3984228464920232
Zm00001eb359740,-1.069286725274528,-0.10894982054623013,-1.069286725274528,0.8273655257141388,1.4201577453811471
Zm00001eb417490,-1.0126579558811168,-0.1856922992558127,-1.0126579558811168,0.6205879044062792,1.590420306611767
Zm00001eb250580,-1.3697415685901393,0.317042669409218,-0.9264168029734833,0.6681590279917237,1.3109566741626693
Zm00001eb253350,-1.4246610814539273,0.3770514603895178,-0.6993830233001102,0.23590525566846854,1.511087388696051
Zm00001eb171050,-1.3617911005348369,-0.25039229065160074,-0.46263498179284246,0.43892696767202855,1.6358914053072522
Zm00001eb433430,-1.3758847331858393,-0.12683096870618865,-0.446875438117926,0.27098286673532634,1.6786082732746188
Zm00001eb395580,-1.4470326741569493,-0.03740099401711379,-0.5012890910907765,0.40896951704529705,1.5767532422195425
Zm00001eb185920,-1.5937292688003324,-0.04227518988191069,0.0717017531376271,-0.0019332113531107316,1.5662359168977262
Zm00001eb370600,-1.6319075311881368,0.026708030213764285,-0.1262518829242532,0.224920337169334,1.5065310467292918
Zm00001eb320820,-1.5649544479029858,-0.07391165686992184,-0.13201583541948173,0.1926152203163103,1.57826671987608
Zm00001eb360120,-1.451387985688821,-0.012270836850699688,-0.2999670381686056,0.09182747817970799,1.6717983825284195
Zm00001eb182650,-1.5036224562233995,0.26596920177050587,-0.40460452268111463,0.06080995226537213,1.581447824868636
Zm00001eb000470,-1.6339178542270887,0.31494072439846976,-0.3263984697448888,0.20181809007884544,1.443557509494663
Zm00001eb122550,-1.6517055786157966,0.23854497617309356,-0.1721409198093825,0.11120302967049485,1.4740984925815908
Zm00001eb433840,-1.4751045088775385,0.3707616955607144,-0.23668421776636495,-0.2599181813084555,1.6009452123916446
Zm00001eb282210,-1.2493955304568702,-0.003022714116084206,-0.33716566970380546,-0.2205731182367884,1.8101570325135474
Zm00001eb060980,-1.050555950338582,0.2293907852346392,-0.7643107105743465,-0.20793041990483133,1.7934062955831207
Zm00001eb011550,-0.9786691830239407,0.3456082673919844,-0.9786691830239407,-0.10685923282196272,1.7185893314778597
Zm00001eb169140,-1.5950544818210397,-0.06054840559625901,-0.36605293818767043,0.6402916808053333,1.381364144799633
Zm00001eb157260,-1.5983296273557384,-0.05396386315380658,-0.30315640440356506,0.5094118297128605,1.4460380652002498
Zm00001eb214190,-1.5982724318615829,-0.11479508404041425,-0.21752457280179147,0.45468979880843025,1.4759022898953589
Zm00001eb129520,-1.5336685073839162,-0.2415479317744056,-0.20324533655496962,0.44560816008321064,1.5328536156300803
Zm00001eb144450,-1.6349342770604838,-0.18427797408444763,-0.07334521148613522,0.4478987842711988,1.4446586783598683
Zm00001eb146230,-1.719906831208331,-0.1288411655892357,0.02588767017173153,0.48526095434048694,1.3375993722853505
Zm00001eb299540,-1.6985788401126538,-0.20953907529491922,0.05424481774824745,0.5088707235813703,1.3450023740779544
Zm00001eb433050,-1.6941448444339937,-0.2723932027011914,0.11555766999611758,0.5197455423768669,1.3312348347622032
Zm00001eb130740,-1.6283688608188207,-0.2973662652270724,-0.06563624683176558,0.6262942489608938,1.365077123916766
Zm00001eb168720,-1.5746450114067851,-0.29826991433818195,-0.15904180992166794,0.6025719327486889,1.429384802917944
Zm00001eb367300,-1.500124806402583,-0.46610651055897684,-0.12618738738917576,0.6416484716297866,1.4507702327209502
Zm00001eb293740,-1.5322327906923328,-0.44656038413540244,-0.051422534061045355,0.5739081779206081,1.4563075309681728
Zm00001eb104640,-1.5403736614201375,-0.4577566427504685,-0.1253673361465576,0.7902992336492498,1.3331984066679134
Zm00001eb039810,-1.5119275609702167,-0.3787028131894315,-0.27448580657327687,0.8073738487980967,1.3577423319348292
Zm00001eb233310,-1.449314474939353,-0.3733953797407642,-0.3171594599340172,0.639845725642756,1.5000235889713789
Zm00001eb398110,-1.3494663914409355,-0.43642606802060097,-0.43060719207984416,0.6919477485412844,1.524551903000097
Zm00001eb384320,-1.3551098707986349,-0.5212227717946892,-0.3760414825682151,0.799076787775726,1.4532973373858133
Zm00001eb288730,-1.5225002782731831,-0.40402320787286233,0.031150393316949212,0.3470334757305893,1.5483396170985062
Zm00001eb377500,-1.441443484393572,-0.5001974911094801,-0.055316583134014906,0.4175039600197015,1.5794535986173652
Zm00001eb209070,-1.4325576799171444,-0.5798010701287768,0.09529340985655854,0.3400835535344888,1.5769817866548739
Zm00001eb384820,-1.408564609087894,-0.5262775515172756,0.12334213157588914,0.16988378285774827,1.6416162461715305
Zm00001eb417610,-1.4981456806729447,-0.5218797000518652,0.293482787198679,0.18999784260684208,1.5365447509192873
Zm00001eb399180,-1.4715872156060668,-0.6703516998263953,0.4164017576860594,0.26154898495645207,1.4639881727899497
Zm00001eb252220,-1.5794181314359692,-0.548334320803353,0.380801878744968,0.35683246295659593,1.3901181105377591
Zm00001eb062820,-1.4889318431360652,-0.741610965078401,0.5870072713580077,0.30315756997050514,1.3403779668859555
Zm00001eb190160,-1.5458952145268472,-0.707539768120442,0.5752979206647627,0.40862935682713486,1.269507705155391
Zm00001eb204490,-1.4715944736351185,-0.8058569070995775,0.4202118132707447,0.5519521736582226,1.305287393805731
Zm00001eb332030,-1.4642343369637096,-0.7455015199669138,0.3440489037201356,0.46301279521963956,1.4026741579908484
Zm00001eb377480,-1.3824818272118529,-0.8506913915460655,0.37194152725040175,0.43330510318475446,1.427926588322762
Zm00001eb071110,-1.690794920085561,-0.5203682715363014,0.347165073526918,0.8524336149668703,1.011564503128074
Zm00001eb384760,-1.6588938277512006,-0.6032751996067351,0.4491318087432643,0.7671289717398162,1.0459082468748586
Zm00001eb322390,-1.5927799060218542,-0.715733311604101,0.44245182562719043,0.8495986269904489,1.0164627650083153
Zm00001eb224680,-1.5686011471929324,-0.7481506392236195,0.6709916652089564,0.5268496069374653,1.118910514270134
Zm00001eb187450,-1.6779707325528899,-0.5737816845545662,0.5759521623016313,0.5936516280195112,1.0821486267863127
Zm00001eb218500,-1.6030135879424299,-0.6634198190381283,0.5037045472265158,0.5789600704691296,1.1837687892849116
Zm00001eb328650,-1.5625742440701584,-0.6768891005840731,0.40797045490193445,0.5575845522915517,1.2739083374607438
Zm00001eb155410,-1.6531436441249592,-0.5248427054568711,0.3550898239180387,0.5920022018691248,1.2308943237946652
Zm00001eb045780,-1.6770638827516693,-0.4437560831534261,0.24087390855997473,0.6523809193010291,1.2275651380440922
Zm00001eb012280,-1.614333871054551,-0.5226419828879797,0.2150733024621516,0.62356405283187,1.2983384986485094
Zm00001eb189900,-1.6071098308915053,-0.5393359962454682,0.22883514380814807,0.6157792601810482,1.3018314231477783
Zm00001eb289480,-1.5924564781918655,-0.5774358118588342,0.20915784892760353,0.6934321510976373,1.2673022900254585
Zm00001eb332640,-1.58475728159253,-0.523253410547819,0.075088947875667,0.7493218937480743,1.2835998505166069
Zm00001eb296830,-1.6547911209831958,-0.254128752104346,-0.15895637520402042,0.904011789388595,1.1638644589029665
Zm00001eb316730,-1.7284251422681614,-0.2811681016218182,0.08999611215844631,0.7561258480976881,1.1634712836338448
Zm00001eb158520,-1.605788875581065,-0.5946093651918156,0.20499413133143368,0.8653381321095169,1.1300659773319295
Zm00001eb213430,-1.6085636281294837,-0.5222925133292766,0.07323547189738357,0.9353524818951199,1.1222681876662577
Zm00001eb292790,-1.6239066098889952,-0.5326344963260748,0.13050392821311882,0.9430785536843228,1.0829586243176283
Zm00001eb387370,-1.6528542697729904,-0.46205701163543433,0.09765072589605323,0.9366221455395423,1.0806384099728295
Zm00001eb386830,-1.6497660576203508,-0.457636426786869,0.07663586455718502,0.9934599420661127,1.0373066777839237
Zm00001eb187250,-1.5310649283130393,-0.6250158831102643,0.027980147959149333,1.06581463776752,1.0622860256966378
Zm00001eb190120,-1.4401946054283115,-0.6585184029064037,-0.04169164942028772,0.754141600197277,1.386263057557726
Zm00001eb074830,-1.3931741898227128,-0.7860424932323443,0.09783159775786957,0.6763095590473688,1.4050755262498182
Zm00001eb427020,-1.3299416285195802,-0.8824398437907991,0.04854788989644979,0.8483462418898369,1.3154873405240928
Zm00001eb027860,-1.1348143545369618,-1.1348143545369618,0.11466172118566856,0.8661731869021292,1.2887938009861264
Zm00001eb186490,-1.104897677171974,-1.104897677171974,-0.036403021187402726,0.9920009519107642,1.2541974236205875
Zm00001eb397240,-1.2503323180078392,-0.7863803036682538,-0.26011036421156886,0.9107985758638384,1.3860244100238266
Zm00001eb188100,-1.324100244770519,-0.7609570285659368,-0.19063590262852306,0.9929825490753571,1.2827106268896216
Zm00001eb105770,-1.311487517808257,-0.7838440375065131,-0.19030967650072667,1.0498331913781827,1.2358080404373144
Zm00001eb238140,-1.310688046883579,-0.7683858108029217,-0.21917130673847976,1.1857190978552967,1.1125260665696846
Zm00001eb409460,-1.309593277426388,-0.8854906601566517,-0.02917691018995773,1.2269178076418306,0.9973430401311671
Zm00001eb366900,-1.2126639405777189,-0.99735519047983,-0.03722239379766847,1.188025921881763,1.0592156029734547
Zm00001eb178160,-1.2853945714671269,-0.9804442625965998,0.08576582961353829,1.1272850840015791,1.0527879204486081
Zm00001eb384240,-1.3311198693477524,-0.9233866526339082,0.07769343052589618,1.0979746294359036,1.07883846201986
Zm00001eb023620,-1.3684674618875674,-0.8493845407633202,0.02457537225664993,1.0985838265670558,1.0946928038271813
Zm00001eb379460,-1.4365201377829262,-0.836820168956222,0.17287143571296368,1.0385591151377058,1.0619097558884782
Zm00001eb266370,-1.3280809599984709,-1.0410645698655845,0.35678254118138575,1.0182094671205306,0.9941535215621391
Zm00001eb107900,-1.4413665853517288,-0.9368383431489272,0.4694631852218655,0.9172691069149465,0.9914726363638425
Zm00001eb143520,-1.472570887770163,-0.841315690219455,0.3486933071553415,0.79399179512762,1.1712014757066544
Zm00001eb229400,-1.0637829139765749,-1.2466770201485613,0.18439841753176792,1.1632573934969839,0.9628041230963822
Zm00001eb342580,-1.1308555493257841,-1.1308555493257841,0.128953221671596,1.3414920414391311,0.791265835540842
Zm00001eb292690,-1.1994521299147034,-0.8444627863168579,-0.034802435798468284,1.6252140618467805,0.453503290183249
Zm00001eb371980,-1.2172350774957048,-0.9712984006211431,0.18528780493578845,1.518386805365247,0.4848588678158129
Zm00001eb059920,-1.476187160684642,-0.7427103093154364,0.16115233699496498,1.279995316511722,0.7777498164933907
Zm00001eb212120,-0.161956109578586,-0.19482968806833711,-1.4389970887737717,0.10647470654841322,1.6893081798722824
Zm00001eb253280,0.45823337429570804,-1.785551752680045,-0.36445445448722397,0.9836405538801317,0.7081322789914296
Zm00001eb103490,0.4151567866065957,-1.8687007714306427,-0.15442264934820177,0.9013937027020751,0.7065729314701578
Zm00001eb181760,-0.13342096233367695,-0.35573322721045514,1.6602431364725234,0.2551459525712547,-1.4262348994996494
Zm00001eb415010,-0.8202290660729941,-0.5398479269186989,1.9552572436865716,-0.43107765392819164,-0.16410259676666927
Zm00001eb359300,-0.8290227768935341,-0.8290227768935341,1.8957078754225445,-0.160618911904793,-0.07704340973068337
Zm00001eb370470,-1.016281923635137,-0.7751922705481801,1.8339367393040642,0.010568866877477536,-0.05303141199822218
Zm00001eb075170,-1.1871214457765684,-0.779960572136116,1.717645381214125,0.1024786531034876,0.14695798359507176
Zm00001eb374110,-1.0754884131225135,-1.0104563123047952,1.649086203503903,0.1576233258601616,0.2792351960632442
Zm00001eb245030,-1.0907580188279176,-1.0907580188279176,1.5470210647714713,0.203388410012653,0.4311065628717107
Zm00001eb302890,-1.248062803770855,-0.9173927919618509,1.4141572089657237,0.7748136071599523,-0.02351522039297093
Zm00001eb291140,-1.1135727328657554,-1.1135727328657554,1.3856879134566058,0.7712677451521882,0.07018980712271558
Zm00001eb243730,-1.264277991181122,-1.0734787016440872,1.1864594900902903,0.8746602165211323,0.27663698621378724
Zm00001eb192920,-1.400478762039361,-0.7496775108784843,1.1941994526558957,-0.06681687845613582,1.022773698718087
Zm00001eb148190,-1.319429852883956,-0.8657809337032527,1.0522898300647359,-0.050167207150705884,1.1830881636731787
Zm00001eb073560,-1.4019260336831911,-0.8492902883134837,1.03959246012537,0.1065421001926832,1.1050817616786224
Zm00001eb148290,-1.5056391843332826,-0.8634879796126677,0.818350863818822,0.5352970706440668,1.0154792294830606
Zm00001eb051350,-1.4109170827109785,-0.9991057169493549,0.9405262203365454,0.5817759349523735,0.8877206443714153
Zm00001eb071590,-1.5337874783715288,-0.8017325161111377,1.0529774223343862,0.4495660863943994,0.83297648575387
Zm00001eb050790,-1.4855122849484095,-0.8418728139649297,1.1464003814304915,0.399564191141499,0.7814205263413485
Zm00001eb174000,-1.5336811864471867,-0.7028000700809945,1.3145792178676048,0.4406547716545278,0.48124726700604914
Zm00001eb170920,-1.2893033123740634,-1.0434680411193717,1.3154241499596486,0.531400846405171,0.48594635712861595
Zm00001eb064860,-1.3172830657382812,-1.0721355152214194,1.1706723690452887,0.6421282700240499,0.5766179418903551
Zm00001eb064180,-1.5302443651121198,-0.7688692156728478,0.6833018436961881,1.191876647235742,0.4239350898530371
Zm00001eb231360,-1.3856522039535777,-0.9896939915246911,0.564802451985805,1.1721404156957638,0.6384033277967006
Zm00001eb250390,-1.5224646241259485,-0.8111650636036197,0.5202861720170684,1.1404533376412187,0.6728901780712807
Zm00001eb428830,-1.494713079311434,-0.8931936439756504,0.5923430619561071,0.9484927313828679,0.8470709299481117
Zm00001eb372610,-1.416328965843537,-0.9913084587363553,0.5797413278636465,0.9619986608515195,0.8658974358647263
Zm00001eb066640,-1.5980419616892836,-0.7456791056529445,0.6216260957417212,0.9635170216631532,0.7585779499373567
Zm00001eb233420,-1.6449203494277436,-0.6832767395668794,0.661239746162059,0.8140037145588447,0.8529536282737201
Zm00001eb266750,-1.6843525442451355,-0.6101174526449311,0.6179494455868076,0.8800400787918231,0.7964804725114345
Zm00001eb037480,-1.7102059218413397,-0.563828378496977,0.6147235526459175,0.8667507887846537,0.7925599589077448
Zm00001eb432100,-1.5785081250728201,-0.7737234011002301,0.5845975519936852,0.8306899387272572,0.9369440354521072
Zm00001eb319090,-1.5531713259350362,-0.7791022485257508,0.44327667109980035,0.9466962961137606,0.9423006072472243
Zm00001eb152630,-1.6080635927934253,-0.6922293264691419,0.4400942701878913,1.004589483103898,0.8556091659707782
Zm00001eb273540,-1.6187375393581407,-0.7256084417043478,0.8541960196581629,0.8264901950777149,0.6636597663266113
Zm00001eb134520,-1.5905713513596327,-0.7746269361372389,0.7998092366171852,0.8332891435304278,0.732099907349256
Zm00001eb246520,-1.5422274769400826,-0.8457017459487762,0.8404550373212308,0.8099318369636711,0.7375423486039563
Zm00001eb184110,-1.4994171016976254,-0.8879754922735218,0.9967573993119022,0.7326635801308979,0.657971614528346
Zm00001eb251530,-1.4468476544478186,-0.9444731206678761,0.8658786058841518,0.9878540710836909,0.5375880981478524
Zm00001eb424710,-1.6991107884998544,-0.44822477300701563,0.2749317444334103,1.1406298788262474,0.731773938247212
Zm00001eb118900,-1.725362407362128,-0.46920939545553597,0.373012623117794,0.9597171362645541,0.861842043435314
Zm00001eb168870,-1.7258082591937929,-0.49204683309618025,0.44082216957177023,0.944322272617195,0.8327106501010075
Zm00001eb250760,-1.7721910671493013,-0.38107943102212744,0.5245031102937279,1.0516305844909768,0.5771368033867235
Zm00001eb028430,-1.753456302905275,-0.32512607924361503,0.6906287108197505,0.258369034247478,1.1295846370816633
Zm00001eb086370,-1.6629260129796322,-0.47467343013650337,0.7287248022217452,0.21155878783122736,1.1973158530631638
Zm00001eb158610,-1.6515007933775532,-0.45977904952500853,0.7471335641145626,0.1470533932634992,1.2170928855244996
Zm00001eb349450,-1.661957173051096,-0.4276296606769389,0.6847018537152139,0.15501044114579085,1.2498745388670303
Zm00001eb068530,-1.615843498864556,-0.7005631314764216,0.6088984734353216,0.6670568876711197,1.0404512692345347
Zm00001eb255970,-1.6985684302150494,-0.5405983399045292,0.5633789137441645,0.6130712730458786,1.0627165833295358
Zm00001eb172290,-1.6368124669060542,-0.615912183609093,0.6480069029864493,0.4602882236583205,1.1444295238703754
Zm00001eb193670,-1.7535652355711633,-0.4606324176811765,0.8979144449685694,0.5162338036351418,0.8000494046486292
Zm00001eb364850,-1.7395758778310355,-0.4752911544271164,0.8007027330322273,0.47586916932869383,0.9382951298972315
Zm00001eb002830,-1.7056876901433835,-0.47214428153452537,0.9292455438572457,0.2890858404382942,0.9595005873823694
Zm00001eb024330,-1.640166643045728,-0.6456625547738045,0.9218340215254057,0.4443488298034329,0.9196463464906979
Zm00001eb001990,-1.61876428617937,-0.6994967573189429,0.9144220336652338,0.5165053281750367,0.8873336816580422
Zm00001eb226740,-1.8204587251008228,-0.28333308717986627,0.9790610093589764,0.47697733922170255,0.6477534637000248
Zm00001eb429830,-1.8273031060195775,-0.3206108876634154,0.8009408006898866,0.742397625773817,0.6045755672192887
Zm00001eb273840,-1.812234885592273,-0.3610585856964035,0.7683011581559239,0.7663438171831937,0.638648495949557
Zm00001eb208150,-1.7970118264888273,-0.39972442790557894,0.6985182002661727,0.7679840400953334,0.7302340140329004
Zm00001eb074460,-1.8613373692383834,-0.23282909700381008,0.7620798227887357,0.5847391387781687,0.7473475046752871
Zm00001eb320470,-1.8354026362235933,-0.3058731332913747,0.7234249697328452,0.6409376906355204,0.776913109146602
Zm00001eb027720,-1.8546888809353121,-0.2421498193413807,0.6522476526793305,0.5945379954433253,0.850053052154036
Zm00001eb200970,-1.7345153690784714,-0.3827501430339371,0.49147316447543327,0.43752135299195327,1.1882709946450216
Zm00001eb146690,-1.781210701430854,-0.33250016786810416,0.5195541466173672,0.5003227919127495,1.0938339307688434
Zm00001eb073830,-1.8038604880986053,-0.2533906693403082,0.45869678045646634,0.4879977933476242,1.110556583634825
Zm00001eb310260,-1.8183789933223842,-0.1925946850033271,0.3631485028065858,0.5350662754026643,1.1127589001164615
Zm00001eb136980,-1.7992925844711825,-0.1992390374345322,0.43487603325496205,0.38735128224244003,1.176304306408312
Zm00001eb301170,-1.7641876595387849,-0.28936960333336104,0.23901991247042714,0.6830994109841224,1.1314379394175946
Zm00001eb120740,-1.8052119677487177,-0.16698620554102617,0.19985074543002815,0.6594830263328577,1.1128644015268576
Zm00001eb033570,-1.7568589665644727,-0.18616339487871153,0.17209583806277856,0.5105750057227652,1.2603515176576394
Zm00001eb390330,-1.8376983781095937,-0.20863723928357905,0.34079447956730563,0.786592741184269,0.9189483966415966
Zm00001eb330910,-1.8372621349913252,-0.22489331081563124,0.3895431244008246,0.7282991899795501,0.9443131314265819
Zm00001eb337530,-1.8803136124332889,-0.14845094057623043,0.5053429836880102,0.6463746085484826,0.8770469607730267
Zm00001eb183160,-1.8850157644435965,-0.07608445974119854,0.5448319156909078,0.4424492416083819,0.9738190668855057
Zm00001eb136460,-1.8632216709597975,-0.16503565421928004,0.6860675530920292,0.4163961835056337,0.9257935885814143
Zm00001eb259650,-1.857305411808132,-0.03658308126832128,0.6759307848775735,0.1903588772664053,1.0275988309324804
Zm00001eb240740,-1.536887081947799,-0.4635535014513133,0.2358587395407999,1.5189196841521764,0.2456621597061353
Zm00001eb188460,-1.5924946983992911,-0.47916981760403426,0.2889212801813984,1.4213691145519345,0.36137412126999197
Zm00001eb075300,-1.4956202399873404,-0.7429393512819296,0.27182781248135374,1.3021557210789239,0.6645760577089929
Zm00001eb328570,-1.3835913782176734,-0.8498375632367619,0.2875591031788064,1.4131371809772517,0.5327326572983759
Zm00001eb387280,-1.2622502126500215,-0.922694232178144,0.44057219073178183,1.5201979397851626,0.2241743143112221
Zm00001eb284010,-1.2808583524990294,-0.7839940628754765,0.41548718178767857,1.6031178276803386,0.04624740590648914
Zm00001eb001630,-1.3408091822664652,-0.6539477459238928,0.38418167816804855,1.6207663808714048,-0.010191130849095465
Zm00001eb067740,-1.178897989342564,-1.1459221628294205,0.5372227138347792,1.346955084248875,0.44064235408832975
Zm00001eb031700,-1.1412365086486072,-1.2665722309787768,0.5702485881905961,1.1186261510281432,0.7189340004086437
Zm00001eb371070,-1.5129241342115025,0.4027825309413129,-0.7958859184044794,0.7306155312089218,1.1754119904657472
Zm00001eb018020,-1.5320231327788871,0.06714303832474765,-0.6468345315178207,1.0687548146636838,1.0429598113082796
Zm00001eb058370,-1.7337660805896986,0.1634056542852431,-0.3126601356271445,0.7216078125789458,1.1614127493526534
Zm00001eb050760,-1.7894630742734308,0.16032993990134303,-0.19475688529645155,0.7236652049035595,1.1002248147649771
Zm00001eb237340,-1.8405104215915828,0.3184111713181337,-0.18113838620234013,0.733687957385482,0.9695496790903082
Zm00001eb108240,-1.764817115406467,0.31723626920709364,-0.36793527402168247,0.8817201895438426,0.9337959306772124
Zm00001eb384950,-1.7448401721344464,0.20489684883830372,-0.3506836080456763,0.9861544091746876,0.9044725221671244
Zm00001eb238570,-1.6294141627811332,-0.22467203410698894,-0.25694496216879636,1.0674523374627582,1.04357882159416
Zm00001eb283990,-1.7059236855556972,-0.2146079296663497,-0.08900241292497589,1.0962352624920786,0.9132987656549446
Zm00001eb249840,-1.8655882320659607,0.14187637706863457,-0.005941159455330616,0.8225975513510969,0.9070554631015609
Zm00001eb259370,-1.8918731713494588,0.1925552354001794,0.04933964212568269,0.9252133942736993,0.7247648995498966
Zm00001eb324750,-1.9406333946713392,0.1818053357354775,0.25007390602928914,0.7448287270843229,0.7639254258222503
Zm00001eb161460,-1.9084164402601527,0.11356198261082084,0.17307418813500552,0.8086461696614345,0.8131340998528885
Zm00001eb399830,-1.9137193846844514,0.05008864134405746,0.2804584857723971,0.7509962046460462,0.8321760529219515
Zm00001eb155280,-1.9282920667976704,0.009941063813706307,0.471669468366414,0.802949377661755,0.643732156955799
Zm00001eb011070,-1.8755229863710237,-0.05319412427505501,0.2640769310098351,0.9426238146311574,0.7220163650050865
Zm00001eb273020,-1.8862779062108737,-0.0508490514938468,0.367117829454017,0.9749127029775972,0.5950964252730683
Zm00001eb355710,-1.8521973513525285,-0.18200059366320392,0.43357626271086747,0.9836922674615992,0.6169294148432656
Zm00001eb153520,-1.8217450560848774,-0.13141821326686562,0.27566887181427074,1.139568699064088,0.5379256984733858
Zm00001eb397720,-1.4234016756600096,0.3596669158626048,0.21810838855640233,-0.6815993573937412,1.5272257286347448
Zm00001eb309590,-1.6666506780615522,0.21503905726838524,0.4434090510348985,-0.35356587777571313,1.3617684475339826
Zm00001eb279090,-1.709600273019904,0.3547531854752633,0.3679094682425531,-0.3217111627679523,1.3086487820700392
Zm00001eb020740,-1.7312149622756223,0.4948886958626475,0.15058660307761915,-0.21406091146677061,1.2998005748021282
Zm00001eb017630,-1.8735987355483217,0.04968278382254001,0.3535925485421335,0.3601908668699222,1.1101325363137258
Zm00001eb319590,-1.9363154733769017,0.13965726658877847,0.37696656593118366,0.5082121599689002,0.9114794808880405
Zm00001eb362240,-1.93760674912593,0.2852731506766602,0.29018054581751684,0.40506556939867533,0.95708748323308
Zm00001eb117090,-1.8994992930245687,0.31048792713196705,0.23537100714402742,0.27437200787640176,1.0792683508721708
Zm00001eb145580,-1.7908454493526273,0.27946801025103124,0.14788719046359705,0.06394792555121494,1.2995423230867849
Zm00001eb407990,-1.8098671229632912,0.17983464947172947,0.22842457628609872,0.12738858420266924,1.2742193130027952
Zm00001eb275490,-1.8368034554943606,0.2398341345636185,0.20560232585417396,0.1672853143983093,1.2240816806782586
Zm00001eb107170,-1.7410635700948984,-0.08888852543501369,0.34476575576017354,0.13471003281401966,1.3504763069557195
Zm00001eb353230,-1.7146985866430082,0.29259424512128984,-0.11811779268403427,0.14797625840416537,1.392245875801587
Zm00001eb150140,-1.7255256111698873,0.5211472650259292,-0.21819821378525167,0.1232855595526596,1.2992910003765494
Zm00001eb310270,-1.8172889022217413,0.493108127496743,-0.22881063112657338,0.463398304168313,1.0895931016832594
Zm00001eb410950,-1.4225304035349817,-0.3717682655146556,0.6923870477413054,-0.3849104119726914,1.4868220332810242
Zm00001eb087050,-1.781202109686312,0.7732926849110399,0.3600262105585597,0.9909656943762227,-0.3430824801595103
Zm00001eb406660,-1.8466378159460688,0.7935847940024211,0.5151835704653405,0.7933801789332215,-0.25551072745491554
Zm00001eb143080,-1.862059101120762,0.661145725567455,0.7789206199790089,0.6581350354707287,-0.23614227989642783
Zm00001eb157620,-1.8026065033963685,0.5386347486746138,0.7674171521420966,0.8599430921266001,-0.36338848954694253
Zm00001eb054670,-1.9235197280240948,0.7746453460740682,0.7837529424849894,0.2802104408675792,0.08491099859745843
Zm00001eb388180,-1.9175546445653378,0.6631373382169602,0.7173121873744709,0.6035565349846268,-0.06645141601071862
Zm00001eb146650,-1.9499455673396666,0.6820472117921661,0.610948966192332,0.596312328254695,0.060637061100474426
Zm00001eb407530,-1.9427568317648714,0.76475785474177,0.5916455331176664,0.5369919171249173,0.04936152678051925
Zm00001eb179590,-1.9142980644882983,0.8160190111071712,0.68517704695333,0.4461148509445257,-0.03301284451672692
Zm00001eb222650,-1.9485228878084249,0.8312213060208963,0.5597365228645742,0.4264059077069793,0.13115915121597505
Zm00001eb423330,-1.9624960397191216,0.7947221253931297,0.49040411468496903,0.492169294897965,0.18520050474305727
Zm00001eb390910,-1.932770854831236,0.6868234855446069,0.49588092376298093,0.7393631525761503,0.010703292947498317
Zm00001eb084180,-1.9366132151102828,0.6313936581010798,0.4052132390263251,0.8252816211253552,0.07472469685752384
Zm00001eb408080,-1.9224994418789745,0.28816425780077654,0.6451736034911167,0.8917507549212048,0.09741082566587755
Zm00001eb415660,-1.9742798043103742,0.462852333990772,0.6732161334941822,0.6233945401401012,0.2148167966853173
Zm00001eb122740,-1.960321647195934,0.39548838940617315,0.8407768838537095,0.4879118408681006,0.2361445330679468
Zm00001eb036040,-1.8829611405453792,0.07494925510634637,1.0911524138747304,0.3837537467665046,0.33310572479779743
Zm00001eb254860,-1.82299682089504,0.1297432024244222,1.2328187186412545,0.3606152085390766,0.09981969129028556
Zm00001eb189080,-1.839266982551506,0.35126516873314617,1.1992636750618793,0.22740981064886445,0.06132832810761776
Zm00001eb365340,-1.8171727182135975,0.45238120517425834,1.180225671779931,0.29632905043495705,-0.11176320917554962
Zm00001eb338940,-1.9126412851549794,0.5165007981365952,0.9532659362253034,0.40616052895084803,0.03671402184223212
Zm00001eb041890,-1.8910455234736883,0.3493771871783466,0.9951048757297244,0.5581351024900448,-0.011571641924426819
Zm00001eb281290,-1.8788860574029418,0.5183462687470468,1.063210442291693,0.03358749414545719,0.26374185221874485
Zm00001eb080570,-1.920032087084728,0.46576064139073464,0.987088723512799,0.3144301310524984,0.15275259112871642
Zm00001eb268180,-1.932074798590347,0.401687899017048,0.9692759148766271,0.3469453888002183,0.2141655958964537
Zm00001eb101420,-1.940409673451271,0.37339237413331516,0.9507274565290358,0.27986814333142235,0.3364216994574974
Zm00001eb325550,-1.9374277003640699,0.44421907783370107,0.9453607592488725,0.22260282987981547,0.3252450334016811
Zm00001eb364360,-1.9120084695899877,0.3862663438403502,1.0362250578247774,0.21786919152417963,0.27164787640068083
Zm00001eb386770,-1.9519867022986626,0.43357672975526246,0.8684656303894679,0.19022656197003532,0.45971778018389664
Zm00001eb242480,-1.9856942344387847,0.5676294845064822,0.6790722916837733,0.3518742027265829,0.38711825552194623
Zm00001eb241300,-1.9475348098946244,0.610243850261738,0.843607727447826,0.22260277550135218,0.2710804566837086
Zm00001eb193920,-1.9487724618440734,0.8160615728787667,0.6199851550664919,0.15511078147715027,0.35761495242166347
Zm00001eb249470,-1.6143386155211314,1.0302914598190103,0.8621756474058438,-0.6636525445838047,0.3855240528800806
Zm00001eb102780,-1.7890116354260843,0.8506808143808707,0.9960510149030938,-0.23133983131661776,0.1736196374587348
Zm00001eb311960,-1.870265192148506,0.7229185086899732,0.9393048620360784,-0.0903532352755445,0.29839505669800165
Zm00001eb110370,-1.595277169790184,0.48759888455505124,1.4313705134139725,-0.40281105278820545,0.07911882460936742
Zm00001eb300360,-1.4793828731862577,0.5645445147373452,1.4522613534990487,-0.6145734849795508,0.07715048992941503
Zm00001eb181510,-1.4550225121922342,-0.00482903806334665,1.676342744283811,-0.26529169621164167,0.048800502183402136
Zm00001eb395100,-1.5110121578929947,0.06712727544205077,1.6409627434441258,-0.08966141471831521,-0.1074164462748698
Zm00001eb247330,-1.544072712088295,0.04219411059426968,1.6018159411769655,0.09708756340853078,-0.1970249030914668
Zm00001eb398190,-1.6335250830441495,-0.012447184940827891,1.5164440348001165,0.17304518228676213,-0.04351694910190043
Zm00001eb061930,-1.5833625102113553,0.1092072949084847,1.5177702840521032,0.27522710647840276,-0.31884217522763597
Zm00001eb075510,-1.6839658124937624,0.1910510158446868,1.3494996298170845,0.45662669555630264,-0.3132115287243108
Zm00001eb265410,-1.5872637609350215,0.03666698966691516,1.3697358929906096,0.6320564816712012,-0.4511956033937132
Zm00001eb326020,-1.6061402534599059,-0.018085180661852406,1.057970470886825,1.0382309690592841,-0.4719760058243501
Zm00001eb265240,-1.5608759301601758,-0.13264407448838392,1.2658184863681776,0.8666566818111756,-0.43895516353079345
Zm00001eb147220,-1.6220397252104626,-0.20921755622727806,1.2772556717742751,0.7967960535456097,-0.24279444388214488
Zm00001eb232000,-1.6678507343858662,-0.2691367569521104,1.1474066190053323,0.9035037186505667,-0.11392284631792256
Zm00001eb053560,-1.5769916603594172,-0.4084872410000685,1.060952620112783,1.0920411144422566,-0.1675148331955564
Zm00001eb073010,-1.4579690330810637,-0.35974977917082657,0.9060911657054765,1.3242528572358172,-0.4126252106894054
Zm00001eb181970,-1.5545044643234243,-0.3155951740914901,0.7548870426433343,1.361413346391249,-0.2462007506196689
Zm00001eb064880,-1.7518002656412142,0.02482285272675791,0.7864664060690796,1.1297135272604502,-0.18920252041507213
Zm00001eb273390,-1.602316344884114,0.2298130507942943,0.549613239674609,1.3439469195779339,-0.5210568651627151
Zm00001eb040160,-1.6555640441192159,1.0647347027077272,0.009831829574818873,0.9820809959362982,-0.4010834840996273
Zm00001eb187260,-1.6183328748319104,1.2023994624704726,0.29743723151963414,0.7072236531383153,-0.5887274722965079
Zm00001eb271520,-1.7801680929044537,1.155398119859215,0.2892385489504065,0.5897296555036209,-0.25419823140878905
Zm00001eb163520,-1.810752496309304,1.239628072888751,0.32455751913032227,0.27942831380582045,-0.03286140951559483
Zm00001eb073550,-1.8766687716585844,1.1340159118963897,0.1751680900070647,0.269270146997409,0.29821462275772126
Zm00001eb195490,-1.6337009324529146,1.504144670137183,-0.1600406746373593,0.12217255285202902,0.16742438410106222
Zm00001eb219990,-1.304265579815671,1.4873344179244832,0.756575277467616,-0.6606831907113766,-0.27896092486505136
Zm00001eb199430,-1.5902993575761606,1.3477292957821299,0.6871750221966593,-0.42666417187219013,-0.01794078853043434
Zm00001eb071780,-1.5176842958193928,1.531184480214334,0.47647946755118425,-0.29516827311659255,-0.19481137882953273
Zm00001eb065440,-1.4258754318580869,1.6070838845005817,0.2918548476928883,-0.5423804247427215,0.06931712440733886
Zm00001eb234870,-1.6238863705694369,1.4363671931522608,0.32423928314856054,-0.37279808886187493,0.2360779831304927
Zm00001eb006700,-1.1547278018642357,1.6253259781025102,0.36115826296474973,-0.9396026177926526,0.1078461785896325
Zm00001eb006680,-1.1015081315402042,1.7460689895025197,-0.12245614623337091,-0.802638335785181,0.2805336240562343
Zm00001eb154070,-1.3622979734499294,1.5967248972319164,-0.4245271362556695,-0.3501023953203403,0.5402026077940227
Zm00001eb024300,-1.00272007698828,1.6575091992549384,-1.00272007698828,-0.1270662270888525,0.4749971818104747
Zm00001eb101350,-1.0027197343127177,1.6575097665476746,-1.0027197343127177,-0.12706679500915438,0.4749964970869151
Zm00001eb273570,-0.8340337958698938,1.6891057721438345,-1.1822697531481938,0.16662841417728547,0.1605693626969658
Zm00001eb318060,-0.9514706130098382,1.7340404203300244,-0.9514706130098382,0.37449128335801557,-0.20559047766836339
Zm00001eb187310,-1.4538261543926243,0.8351363492256941,-0.8214895058223093,0.23170785867525226,1.2084714523139883
Zm00001eb135910,-1.354257540043874,0.6404458100867786,-0.6851188187189964,-0.1092140637818599,1.508144612457951
Zm00001eb227200,-1.238386032359396,0.6664053184062603,-0.7760299897803203,-0.19533779463198375,1.5433484983654444
Zm00001eb037530,-0.9575669473628992,0.746011541726583,-0.9575669473628992,-0.3968088668850764,1.565931219884292
Zm00001eb164360,-0.8419114345937334,0.597934584174345,-0.8419114345937334,-0.6049382168588335,1.6908265018719548
Zm00001eb389660,-0.9317009282752533,0.3299214810517288,-0.2725426612402476,-0.8982389082740077,1.7725610167377788
Zm00001eb011560,-1.3573527637801581,0.9439230947832228,-0.32804482202847923,-0.5998545971567107,1.341329088182126
Zm00001eb174220,-1.0168323188339128,1.066726195818699,-1.0168323188339128,-0.33099818749060933,1.2979366293397354
Zm00001eb348560,-1.1250670531913176,1.2645731413202723,-1.1250670531913176,0.05480912846172799,0.9307518366006344
Zm00001eb037440,-1.5340336065807012,1.1578929795451578,-0.735639555732868,0.2849365912740328,0.8268435914943816
Zm00001eb356430,-1.5429298725571408,1.3235198265975114,-0.6667765912514287,0.3197882571775704,0.5663983800334863
Zm00001eb160100,-1.6091604222718163,0.12809246361449533,-0.37125130911475296,1.4461712620059792,0.40614800576609317
Zm00001eb051480,-1.4026561390007983,-0.24485131896140525,0.15092199341503637,1.704833926598986,-0.20824846205181904
Zm00001eb314630,-1.0345026220439044,-0.6039440659581801,0.8916821905657546,1.489431117247311,-0.7426666198109843
Zm00001eb185160,-1.0967738814422845,-1.0967738814422845,0.8477224921069939,1.369302559431415,-0.02347728865383937
Zm00001eb051310,-1.2551556628931022,-0.8703243312453661,0.8619963454253106,1.3820373179923648,-0.11855366927920719
Zm00001eb288970,-1.3000894974718558,-0.8880255812920769,0.8191354103130654,1.3601903517587453,0.008789316692122287
Zm00001eb278680,-1.3978097415083732,-0.7836193176118197,0.702713560283375,1.389343357164317,0.08937214167250171
Zm00001eb136720,-1.5077173835509554,-0.7980768763846268,0.8678719594432966,1.1080945345785318,0.32982776591375434
Zm00001eb063930,-1.6114587621035907,-0.6379918258417491,1.0009978329933402,0.9519864161229445,0.2964663388290547
Zm00001eb136130,-1.6549124486527351,-0.5644159544705342,0.9253207899860569,1.000028594525749,0.2939790186114639
Zm00001eb028820,-1.617012003055185,-0.4836559914699858,0.9367631701607122,1.128068977959017,0.03583584640544273
Zm00001eb020850,-1.6438433019177716,-0.4685559973908406,0.8444684697824701,1.1637215781821395,0.10420925134400301
Zm00001eb285760,-1.68869455519895,-0.3099746667389876,0.7196148410929742,1.2380214807548378,0.041032900090127625
Zm00001eb313510,-1.648597952713652,-0.1448234535743518,1.378119649916857,-0.16363029134347223,0.5789320477146187
Zm00001eb171140,-1.6921785321255627,-0.33602748177748804,0.9937586461455991,0.016713733036411688,1.0177336347210446
Zm00001eb011300,-1.698023483044324,-0.35371431842546397,1.0022224556645032,0.057632769481589616,0.9918825763236935
Zm00001eb010280,-1.6813741090313916,-0.5188086845736644,1.1674268902190275,0.4545688411427715,0.5781870622432552
Zm00001eb349820,-1.727494943467138,-0.3659980372421436,1.2177448657170442,0.35001986410186375,0.5257282508903802
Zm00001eb364110,-1.8325393991890453,-0.19316599598841136,1.0665264671300343,0.4204479586333224,0.538730969414102
Zm00001eb295830,-1.8374775875747622,-0.12420565153974178,0.7319690026608429,1.0125830909525921,0.21713114550106744
Zm00001eb016100,-1.842696402714576,-0.18275976016074374,0.6943315182314717,0.9841735042427886,0.34695114040106306
Zm00001eb187120,-1.9048034674888437,-0.04138134971206605,0.7444230602149604,0.8173641125801665,0.3843976444057839
Zm00001eb068520,-1.8898842410395627,-0.07949489684720636,0.8350943090014893,0.7688037337371912,0.36548109514809024
Zm00001eb054480,-1.8710708304908679,-0.14612097048706196,0.9058312037349033,0.696483798326117,0.4148767989169015
Zm00001eb320950,-1.8681840388758495,-0.13666295544460932,0.9576947122326618,0.6370849969085853,0.4100672851792125
Zm00001eb374760,-1.8031528750548658,-0.2860089333471876,1.0559369386634556,0.6116360242296623,0.42158884550893544
Zm00001eb433460,-1.7801420451310885,-0.3668148265215433,0.9531340846631726,0.7911666064056483,0.40265618058381053
Zm00001eb109820,-1.8898981512792516,0.04836048911323994,1.0231488499769898,0.2604789937851501,0.5579098184038647
Zm00001eb256690,-1.9432047617033539,0.1400624544422168,0.8657770189220885,0.38081605619679054,0.5565492321422582
Zm00001eb038010,-1.9510018758963907,0.22513278009127646,0.8535714215632599,0.3060121327986298,0.5662855414432258
Zm00001eb206360,-1.9663020597090781,0.17431328303926152,0.5788977339394207,0.7337335003635221,0.4793575423668723
Zm00001eb234270,-1.950847241304966,0.07736191694380966,0.7092833225794238,0.5210920149380488,0.6431099868436825
Zm00001eb348760,-1.9103290862037843,-0.0944989102878299,0.689190240661237,0.6830992878439929,0.6325384679863848
Zm00001eb393300,-1.9534325801176087,0.12799671221133765,0.49900601475634904,0.5235673054504428,0.8028625476994796
Zm00001eb029220,-1.7794317914806834,-0.10927664933511055,1.234091243910364,0.5327813190746333,0.12183587783079723
Zm00001eb023780,-1.7036820478177248,-0.2116631726041138,1.3634079470004876,0.41996095328830274,0.13197632013304783
Zm00001eb344160,-1.690329335111775,-0.17426300306624548,1.3771058868616484,0.4641712194400529,0.023315231876318617
Zm00001eb193180,-1.6938004230236965,-0.11375031884364502,1.3290309695271993,0.5837066075255491,-0.1051868351854092
Zm00001eb156040,-1.5244905166589593,-0.30094967629086095,1.5239672107762494,0.48046283060629696,-0.17898984843272356
Zm00001eb151260,-1.5413638650575672,-0.39636506139144817,1.4901211966164145,0.49440934628582944,-0.04680161645322986
Zm00001eb063390,-1.5155007127134146,-0.3450030281573931,1.574518883340199,0.3221949914759036,-0.036210133945305784
Zm00001eb009140,-1.5107337347848897,-0.6103082788613963,1.385272815796284,0.6467649109762068,0.08900428687379118
Zm00001eb317890,-1.5466215711242883,-0.5985514832250315,1.3481405873615804,0.6378741429665304,0.15915832402120925
Zm00001eb023210,-1.5761975768999599,0.1501549475704898,0.7402751179393563,-0.5817537138614108,1.2675212252515242
Zm00001eb102540,-1.697122153849396,0.4877195338834274,0.40005168358467896,-0.4302916666513611,1.2396426030326553
Zm00001eb063940,-1.844183659980307,0.3415295900108059,0.8333380228164019,-0.19633158161776165,0.865647628770858
Zm00001eb149820,-1.8877960201927002,0.1871344999421752,0.46973991867762876,0.15558729683816772,1.0753343047347275
Zm00001eb319530,-1.9647571457550586,0.37567969691668374,0.3905954802455804,0.3464072644134296,0.8520747041793648
Zm00001eb246270,-1.9371934263392692,0.569641242601729,0.3289117818387207,0.14836159057994688,0.8902788113188742
Zm00001eb372360,-1.968728883028872,0.6314778325909107,0.5511314808198199,0.15577890267228542,0.6303406669458566
Zm00001eb296640,-1.7470107909451946,1.204555015112624,0.23324052736978035,-0.28968525965230285,0.5989005081150933
Zm00001eb379340,-1.8654660364903894,0.8418019641068518,0.5040095383375199,-0.19971592344671812,0.719370457492736
Zm00001eb274210,-1.888098871840309,0.7506998034909317,0.13513545909662425,0.08220180350888656,0.9200618057438641
Zm00001eb293840,-1.8445827220896696,0.8175929360061908,0.15005109466089067,-0.07242707583378262,0.9493657672563715
Zm00001eb330490,-1.8003552350789713,0.9270098191298011,-0.11164306555422533,0.044270806331347036,0.9407176751720479
Zm00001eb350280,-1.6799408422506381,1.0059572275099304,-0.30749324982334003,-0.052238688062193527,1.0337155526262398
Zm00001eb344600,-1.7882945729723807,1.0347037535042085,-0.3323894781840958,0.6679527314456566,0.4180275662066125
Zm00001eb107910,-1.8409135896414897,0.8352702504862394,-0.24544289893656626,0.4377797574492069,0.8133064806426101
Zm00001eb099980,-1.9071322016550962,0.8262610888919575,-0.07843959836815775,0.6111668243447015,0.5481438867865951
Zm00001eb122050,-1.9317637851221248,0.8643307297590089,0.08556057504862494,0.6171576176706736,0.3647148626438292
Zm00001eb009170,-1.94958562394068,0.8338816507156609,0.13102012158236212,0.46242644971623703,0.5222574019264199
Zm00001eb215560,-1.905500389405681,0.9680533650918538,0.07896351889802598,0.2601134782283316,0.5983700271874727
Zm00001eb175540,-1.9175295936142147,1.0090818279580271,0.18202161383618262,0.3005441953908411,0.425881956429166
Zm00001eb129860,-1.8910597256600152,1.07832153593807,0.1222329325938651,0.2828982612447584,0.40760699588332006
Zm00001eb371000,-1.9532240647503507,0.8792640818182261,0.43639670113863066,0.41397848274075466,0.2235847990527356
Zm00001eb256160,-1.9894084932408225,0.572946356141817,0.35274771013008605,0.42274446919635467,0.6409699577725686
Zm00001eb333350,-1.9863353504951673,0.6583500264450065,0.29498492232746715,0.500910161205649,0.5320902405170463
Zm00001eb336820,-1.9837441203830497,0.5168061493936457,0.6338780259929258,0.5728547641647145,0.26020518083176647
Zm00001eb363940,-1.9970084375062307,0.5655215785886958,0.5228137127969339,0.5089489487209506,0.3997241973996523
Zm00001eb176840,-1.9925495040257608,0.3957595891755981,0.5712157455180564,0.6150910563726443,0.41048311295946344
Zm00001eb257810,-1.9361174330002233,0.2836528152155387,0.47910048606348604,0.9423936045416899,0.23097052717950486
Zm00001eb030990,-1.8498705244067974,0.08678294902380752,0.36028609871762257,1.1792687631539827,0.2235327135113845
Zm00001eb081720,-1.8930524497084285,0.031118699756750638,0.36767024787630415,1.0333055891043985,0.46095791297097516
Zm00001eb261760,-1.9364888120575567,0.24719322504228927,0.2611099979843025,0.9386714231334791,0.4895141658974867
Zm00001eb335200,-1.95282891279617,0.4492337051805553,0.1536025896859755,0.8328166588671452,0.5171759590624895
Zm00001eb393510,-1.917237663383242,0.7158143301634003,0.07013702086834021,0.8545947307382314,0.27669158161327145
Zm00001eb270930,-1.9355274013004788,0.5888962127101975,0.17296881594008756,0.8936495655785609,0.28001280707163045
Zm00001eb406520,-1.964434038864087,0.5437861201726254,0.38431107661169533,0.801544084892093,0.23479275718767575
Zm00001eb428070,-1.8566662444374715,0.6128497148467501,0.07326225296827245,1.0786024208627942,0.09195185575965448
Zm00001eb409800,-1.8480331795309872,0.4989888296861577,0.056232044680281,1.1448736260244572,0.14793867914009215
Zm00001eb192430,-1.8040380881644378,0.5282443164251066,0.058776412118114275,1.209501285915457,0.007516073705758114
Zm00001eb056050,-1.7596295369187707,0.6617019605881371,0.10802302044327172,1.1892972643617719,-0.1993927084744204
Zm00001eb070890,-1.5849348238006342,1.2894099473465,-0.31978109906465174,0.8242974104111764,-0.20899143489239058
Zm00001eb293010,-1.6748552229811433,1.1387458320617159,-0.181620377805047,0.9100290794639162,-0.19229931073944315
Zm00001eb150010,-1.4301473759776266,0.9584968961432954,-0.49219120931502225,1.2971553493859773,-0.333313660236626
Zm00001eb288080,-1.2293703852887337,-0.7994610202454405,1.654958768793494,0.04422746751490308,0.32964516922577686
Zm00001eb296340,-1.2072284509494688,-0.8493403012995188,1.6360265338555513,0.042625916003558695,0.3779163023898765
Zm00001eb333460,-1.0448914265822145,-0.8519379304909911,1.6391343050839267,-0.35200537730993364,0.6097004292992054
Zm00001eb335680,-0.6586777563308982,-0.6586777563308982,1.9223819538071891,-0.6586777563308982,0.053651315185504964
Zm00001eb100800,-0.7826604426456426,-0.7826604426456426,1.8837410823666354,-0.45561276948285945,0.13719257240750918
Zm00001eb153330,-1.173952732784559,-0.2914998955518334,1.8279553591827018,-0.43594518354665895,0.07344245270035428
Zm00001eb294560,-1.0850360358230053,0.3317816981313574,1.5693985058714035,-1.0850360358230053,0.26889186764324974
Zm00001eb268690,-0.9373354057855119,-0.9373354057855119,1.5842704308732414,-0.4424756069355575,0.7328759876333397
Zm00001eb103370,-0.9442136924241215,-0.8797164160894735,1.4654047286387482,-0.5700297388170372,0.9285551186918722
Zm00001eb168040,-1.185886927228642,-0.2622885347726279,1.2927393329072543,-0.8818708428491958,1.0373069719432113
Zm00001eb294830,-1.4633553744449677,0.03154518641932314,1.1292370064440715,-0.7252533305670008,1.0278265121485741
Zm00001eb121610,-1.2019659993903673,0.5386007624339026,1.133581496937452,-1.2019659993903673,0.7317497394093794
Zm00001eb175500,-1.148217226717583,1.2182489993773502,-0.26246224585712175,-0.9309326110301891,1.1233630842275437
Zm00001eb082700,-1.1769460894372061,1.2760725107250268,-1.1769460894372061,0.4379466378989632,0.6398730302504221
Zm00001eb288360,-1.75958410237306,0.8479574222388211,-0.3600323511837887,0.9870063634727667,0.284652667845261
Zm00001eb003470,-1.5618295943684641,0.39580405689472975,-0.2484227881453681,1.526364429219173,-0.11191610360007004
Zm00001eb312120,-0.7927773837676871,-0.7927773837676871,0.8108275047930605,1.5675046465100013,-0.7927773837676871
Zm00001eb416800,-0.29544953834073034,-1.1535047242564522,0.9345000251799783,1.3922413351730176,-0.8777870977558104
