"","x"
"1","Zm00001eb026490"
"2","Zm00001eb055450"
"3","Zm00001eb053570"
"4","Zm00001eb004770"
"5","Zm00001eb036750"
"6","Zm00001eb013610"
"7","Zm00001eb027880"
"8","Zm00001eb022970"
"9","Zm00001eb048840"
"10","Zm00001eb004570"
"11","Zm00001eb058260"
"12","Zm00001eb035520"
"13","Zm00001eb037360"
"14","Zm00001eb054430"
"15","Zm00001eb033910"
"16","Zm00001eb050460"
"17","Zm00001eb030870"
"18","Zm00001eb033480"
"19","Zm00001eb017780"
"20","Zm00001eb040490"
"21","Zm00001eb009290"
"22","Zm00001eb016540"
"23","Zm00001eb058570"
"24","Zm00001eb043900"
"25","Zm00001eb065340"
"26","Zm00001eb052950"
"27","Zm00001eb059800"
"28","Zm00001eb059560"
"29","Zm00001eb038130"
"30","Zm00001eb063280"
"31","Zm00001eb057150"
"32","Zm00001eb013450"
"33","Zm00001eb014970"
"34","Zm00001eb023690"
"35","Zm00001eb005010"
"36","Zm00001eb021900"
"37","Zm00001eb059210"
"38","Zm00001eb048230"
"39","Zm00001eb042590"
"40","Zm00001eb036320"
"41","Zm00001eb064390"
"42","Zm00001eb000190"
"43","Zm00001eb019130"
"44","Zm00001eb020150"
"45","Zm00001eb024550"
"46","Zm00001eb045900"
"47","Zm00001eb013060"
"48","Zm00001eb055120"
"49","Zm00001eb062910"
"50","Zm00001eb000600"
"51","Zm00001eb020370"
"52","Zm00001eb019210"
"53","Zm00001eb044090"
"54","Zm00001eb019470"
"55","Zm00001eb051310"
"56","Zm00001eb063610"
"57","Zm00001eb003890"
"58","Zm00001eb064850"
"59","Zm00001eb061570"
"60","Zm00001eb060260"
"61","Zm00001eb057920"
"62","Zm00001eb042030"
"63","Zm00001eb008620"
"64","Zm00001eb001630"
"65","Zm00001eb016850"
"66","Zm00001eb018830"
"67","Zm00001eb035990"
"68","Zm00001eb042260"
"69","Zm00001eb032280"
"70","Zm00001eb020330"
"71","Zm00001eb062310"
"72","Zm00001eb017430"
"73","Zm00001eb008850"
"74","Zm00001eb021880"
"75","Zm00001eb003480"
"76","Zm00001eb056620"
"77","Zm00001eb063090"
"78","Zm00001eb065550"
"79","Zm00001eb052270"
"80","Zm00001eb054120"
"81","Zm00001eb049300"
"82","Zm00001eb043730"
"83","Zm00001eb001460"
"84","Zm00001eb064340"
"85","Zm00001eb059910"
"86","Zm00001eb028980"
"87","Zm00001eb012750"
"88","Zm00001eb023080"
"89","Zm00001eb035760"
"90","Zm00001eb050140"
"91","Zm00001eb018090"
"92","Zm00001eb014840"
"93","Zm00001eb035370"
"94","Zm00001eb057840"
"95","Zm00001eb061180"
"96","Zm00001eb037280"
"97","Zm00001eb023010"
"98","Zm00001eb010530"
"99","Zm00001eb042100"
"100","Zm00001eb058120"
"101","Zm00001eb062210"
"102","Zm00001eb006930"
"103","Zm00001eb053940"
"104","Zm00001eb034980"
"105","Zm00001eb036760"
"106","Zm00001eb040890"
"107","Zm00001eb029210"
"108","Zm00001eb043060"
"109","Zm00001eb045320"
"110","Zm00001eb019390"
"111","Zm00001eb010070"
"112","Zm00001eb039410"
"113","Zm00001eb006550"
"114","Zm00001eb064270"
"115","Zm00001eb009540"
"116","Zm00001eb031910"
"117","Zm00001eb051840"
"118","Zm00001eb004180"
"119","Zm00001eb034000"
"120","Zm00001eb061640"
"121","Zm00001eb007470"
"122","Zm00001eb014810"
"123","Zm00001eb055180"
"124","Zm00001eb039340"
"125","Zm00001eb019050"
"126","Zm00001eb003350"
"127","Zm00001eb008550"
"128","Zm00001eb023510"
"129","Zm00001eb033030"
"130","Zm00001eb024200"
"131","Zm00001eb053680"
"132","Zm00001eb058280"
"133","Zm00001eb010860"
"134","Zm00001eb009880"
"135","Zm00001eb043770"
"136","Zm00001eb023810"
"137","Zm00001eb011840"
"138","Zm00001eb030470"
"139","Zm00001eb058720"
"140","Zm00001eb004310"
"141","Zm00001eb035180"
"142","Zm00001eb058810"
"143","Zm00001eb062250"
"144","Zm00001eb052110"
"145","Zm00001eb041560"
"146","Zm00001eb025690"
"147","Zm00001eb022180"
"148","Zm00001eb046210"
"149","Zm00001eb055590"
"150","Zm00001eb022680"
"151","Zm00001eb035320"
"152","Zm00001eb045580"
"153","Zm00001eb046040"
"154","Zm00001eb063040"
"155","Zm00001eb062420"
"156","Zm00001eb020720"
"157","Zm00001eb040250"
"158","Zm00001eb052930"
"159","Zm00001eb001130"
"160","Zm00001eb051460"
"161","Zm00001eb049150"
"162","Zm00001eb041270"
"163","Zm00001eb060880"
"164","Zm00001eb012040"
"165","Zm00001eb036140"
"166","Zm00001eb039980"
"167","Zm00001eb041630"
"168","Zm00001eb013700"
"169","Zm00001eb006510"
"170","Zm00001eb003540"
"171","Zm00001eb060040"
"172","Zm00001eb056350"
"173","Zm00001eb065310"
"174","Zm00001eb060340"
"175","Zm00001eb055860"
"176","Zm00001eb057370"
"177","Zm00001eb001430"
"178","Zm00001eb034690"
"179","Zm00001eb049980"
"180","Zm00001eb038930"
"181","Zm00001eb014130"
"182","Zm00001eb054390"
"183","Zm00001eb038320"
"184","Zm00001eb015010"
"185","Zm00001eb048580"
"186","Zm00001eb052700"
"187","Zm00001eb048550"
"188","Zm00001eb058610"
"189","Zm00001eb023860"
"190","Zm00001eb053210"
"191","Zm00001eb006450"
"192","Zm00001eb031430"
"193","Zm00001eb004730"
"194","Zm00001eb004420"
"195","Zm00001eb054210"
"196","Zm00001eb046580"
"197","Zm00001eb057690"
"198","Zm00001eb050880"
"199","Zm00001eb014000"
"200","Zm00001eb061910"
"201","Zm00001eb019090"
"202","Zm00001eb025210"
"203","Zm00001eb041220"
"204","Zm00001eb023120"
"205","Zm00001eb062180"
"206","Zm00001eb001280"
"207","Zm00001eb059780"
"208","Zm00001eb015960"
"209","Zm00001eb041430"
"210","Zm00001eb035640"
"211","Zm00001eb062050"
"212","Zm00001eb059070"
"213","Zm00001eb009990"
"214","Zm00001eb002010"
"215","Zm00001eb058520"
"216","Zm00001eb052850"
"217","Zm00001eb015290"
"218","Zm00001eb001260"
"219","Zm00001eb032750"
"220","Zm00001eb055430"
"221","Zm00001eb034830"
"222","Zm00001eb039630"
"223","Zm00001eb049850"
"224","Zm00001eb063980"
"225","Zm00001eb023970"
"226","Zm00001eb053230"
"227","Zm00001eb013460"
"228","Zm00001eb031130"
"229","Zm00001eb024270"
"230","Zm00001eb054890"
"231","Zm00001eb011640"
"232","Zm00001eb008810"
"233","Zm00001eb063360"
"234","Zm00001eb062490"
"235","Zm00001eb054680"
"236","Zm00001eb007870"
"237","Zm00001eb051110"
"238","Zm00001eb045250"
"239","Zm00001eb020590"
"240","Zm00001eb003690"
"241","Zm00001eb010200"
"242","Zm00001eb051170"
"243","Zm00001eb061530"
"244","Zm00001eb036530"
"245","Zm00001eb009890"
"246","Zm00001eb056530"
"247","Zm00001eb052630"
"248","Zm00001eb002740"
"249","Zm00001eb005530"
"250","Zm00001eb065450"
"251","Zm00001eb036050"
"252","Zm00001eb064820"
"253","Zm00001eb013240"
"254","Zm00001eb011720"
"255","Zm00001eb007270"
"256","Zm00001eb055830"
"257","Zm00001eb009170"
"258","Zm00001eb041470"
"259","Zm00001eb047030"
"260","Zm00001eb046510"
"261","Zm00001eb060670"
"262","Zm00001eb063660"
"263","Zm00001eb038620"
"264","Zm00001eb046430"
"265","Zm00001eb002560"
"266","Zm00001eb002440"
"267","Zm00001eb013140"
"268","Zm00001eb023570"
"269","Zm00001eb042940"
"270","Zm00001eb058920"
"271","Zm00001eb057330"
"272","Zm00001eb053110"
"273","Zm00001eb039790"
"274","Zm00001eb056910"
"275","Zm00001eb053280"
"276","Zm00001eb042970"
"277","Zm00001eb007780"
"278","Zm00001eb059100"
"279","Zm00001eb031690"
"280","Zm00001eb061750"
"281","Zm00001eb063700"
"282","Zm00001eb013490"
"283","Zm00001eb000710"
"284","Zm00001eb044210"
"285","Zm00001eb063470"
"286","Zm00001eb048710"
"287","Zm00001eb020420"
"288","Zm00001eb053650"
"289","Zm00001eb023240"
"290","Zm00001eb064930"
"291","Zm00001eb025290"
"292","Zm00001eb060630"
"293","Zm00001eb017910"
"294","Zm00001eb052720"
"295","Zm00001eb065460"
"296","Zm00001eb061890"
"297","Zm00001eb037910"
"298","Zm00001eb011780"
"299","Zm00001eb012210"
"300","Zm00001eb029040"
"301","Zm00001eb037050"
"302","Zm00001eb062080"
"303","Zm00001eb037460"
"304","Zm00001eb023950"
"305","Zm00001eb028510"
"306","Zm00001eb025310"
"307","Zm00001eb056780"
"308","Zm00001eb043690"
"309","Zm00001eb062010"
"310","Zm00001eb045800"
"311","Zm00001eb018810"
"312","Zm00001eb043480"
"313","Zm00001eb054090"
"314","Zm00001eb041460"
"315","Zm00001eb049910"
"316","Zm00001eb027970"
"317","Zm00001eb059170"
"318","Zm00001eb009260"
"319","Zm00001eb046110"
"320","Zm00001eb020110"
"321","Zm00001eb050670"
"322","Zm00001eb028670"
"323","Zm00001eb064450"
"324","Zm00001eb054170"
"325","Zm00001eb033950"
"326","Zm00001eb035440"
"327","Zm00001eb011060"
"328","Zm00001eb019520"
"329","Zm00001eb001340"
"330","Zm00001eb039370"
"331","Zm00001eb033190"
"332","Zm00001eb045960"
"333","Zm00001eb049820"
"334","Zm00001eb006660"
"335","Zm00001eb017330"
"336","Zm00001eb001180"
"337","Zm00001eb053720"
"338","Zm00001eb010540"
"339","Zm00001eb055990"
"340","Zm00001eb028000"
"341","Zm00001eb045190"
"342","Zm00001eb021020"
"343","Zm00001eb044800"
"344","Zm00001eb001020"
"345","Zm00001eb016910"
"346","Zm00001eb056120"
"347","Zm00001eb015330"
"348","Zm00001eb040870"
"349","Zm00001eb050130"
"350","Zm00001eb013270"
"351","Zm00001eb031410"
"352","Zm00001eb033140"
"353","Zm00001eb044410"
"354","Zm00001eb014120"
"355","Zm00001eb030720"
"356","Zm00001eb005860"
"357","Zm00001eb044390"
"358","Zm00001eb057260"
"359","Zm00001eb038140"
"360","Zm00001eb039930"
"361","Zm00001eb043810"
"362","Zm00001eb015240"
"363","Zm00001eb008580"
"364","Zm00001eb063430"
"365","Zm00001eb033590"
"366","Zm00001eb015680"
"367","Zm00001eb006310"
"368","Zm00001eb051810"
"369","Zm00001eb010340"
"370","Zm00001eb016620"
"371","Zm00001eb032970"
"372","Zm00001eb002610"
"373","Zm00001eb005640"
"374","Zm00001eb017610"
"375","Zm00001eb003830"
"376","Zm00001eb046350"
"377","Zm00001eb009160"
"378","Zm00001eb051480"
"379","Zm00001eb031800"
"380","Zm00001eb040880"
"381","Zm00001eb057570"
"382","Zm00001eb000550"
"383","Zm00001eb023820"
"384","Zm00001eb053320"
"385","Zm00001eb044100"
"386","Zm00001eb029390"
"387","Zm00001eb045510"
"388","Zm00001eb038160"
"389","Zm00001eb013900"
"390","Zm00001eb010420"
"391","Zm00001eb042700"
"392","Zm00001eb019900"
"393","Zm00001eb057420"
"394","Zm00001eb014630"
"395","Zm00001eb049650"
"396","Zm00001eb018850"
"397","Zm00001eb024070"
"398","Zm00001eb002320"
"399","Zm00001eb013190"
"400","Zm00001eb043230"
"401","Zm00001eb007640"
"402","Zm00001eb000240"
"403","Zm00001eb001760"
"404","Zm00001eb015170"
"405","Zm00001eb017760"
"406","Zm00001eb041930"
"407","Zm00001eb055650"
"408","Zm00001eb008130"
"409","Zm00001eb035870"
"410","Zm00001eb038470"
"411","Zm00001eb025430"
"412","Zm00001eb001560"
"413","Zm00001eb034900"
"414","Zm00001eb007220"
"415","Zm00001eb008720"
"416","Zm00001eb014090"
"417","Zm00001eb018130"
"418","Zm00001eb015420"
"419","Zm00001eb006020"
"420","Zm00001eb061500"
"421","Zm00001eb047520"
"422","Zm00001eb058890"
"423","Zm00001eb018030"
"424","Zm00001eb060390"
"425","Zm00001eb011150"
"426","Zm00001eb022820"
"427","Zm00001eb015990"
"428","Zm00001eb011700"
"429","Zm00001eb040140"
"430","Zm00001eb031250"
"431","Zm00001eb040560"
"432","Zm00001eb054950"
"433","Zm00001eb004430"
"434","Zm00001eb011230"
"435","Zm00001eb056550"
"436","Zm00001eb037680"
"437","Zm00001eb031900"
"438","Zm00001eb023090"
"439","Zm00001eb000340"
"440","Zm00001eb031980"
"441","Zm00001eb044300"
"442","Zm00001eb053010"
"443","Zm00001eb012130"
"444","Zm00001eb038410"
"445","Zm00001eb040920"
"446","Zm00001eb006860"
"447","Zm00001eb010150"
"448","Zm00001eb030430"
"449","Zm00001eb003070"
"450","Zm00001eb053770"
"451","Zm00001eb011980"
"452","Zm00001eb049780"
"453","Zm00001eb019250"
"454","Zm00001eb016420"
"455","Zm00001eb061310"
"456","Zm00001eb008450"
"457","Zm00001eb029520"
"458","Zm00001eb000720"
"459","Zm00001eb023780"
"460","Zm00001eb062150"
"461","Zm00001eb032500"
"462","Zm00001eb048700"
"463","Zm00001eb015340"
"464","Zm00001eb010310"
"465","Zm00001eb017730"
"466","Zm00001eb016930"
"467","Zm00001eb044870"
"468","Zm00001eb064400"
"469","Zm00001eb047760"
"470","Zm00001eb039850"
"471","Zm00001eb039460"
"472","Zm00001eb056900"
"473","Zm00001eb030680"
"474","Zm00001eb016590"
"475","Zm00001eb002470"
"476","Zm00001eb019840"
"477","Zm00001eb057350"
"478","Zm00001eb048090"
"479","Zm00001eb000020"
"480","Zm00001eb019480"
"481","Zm00001eb048000"
"482","Zm00001eb011880"
"483","Zm00001eb023730"
"484","Zm00001eb042890"
"485","Zm00001eb057210"
"486","Zm00001eb019330"
"487","Zm00001eb000820"
"488","Zm00001eb041840"
"489","Zm00001eb001710"
"490","Zm00001eb015910"
"491","Zm00001eb057780"
"492","Zm00001eb051150"
"493","Zm00001eb044560"
"494","Zm00001eb036330"
"495","Zm00001eb044540"
"496","Zm00001eb004540"
"497","Zm00001eb049240"
"498","Zm00001eb045780"
"499","Zm00001eb011950"
"500","Zm00001eb034030"
"501","Zm00001eb028420"
"502","Zm00001eb002680"
"503","Zm00001eb013220"
"504","Zm00001eb057460"
"505","Zm00001eb005390"
"506","Zm00001eb008980"
"507","Zm00001eb001060"
"508","Zm00001eb043950"
"509","Zm00001eb036560"
"510","Zm00001eb033110"
"511","Zm00001eb055470"
"512","Zm00001eb012100"
"513","Zm00001eb014900"
"514","Zm00001eb003580"
"515","Zm00001eb016680"
"516","Zm00001eb001470"
"517","Zm00001eb033470"
"518","Zm00001eb012150"
"519","Zm00001eb035260"
"520","Zm00001eb007860"
"521","Zm00001eb057970"
"522","Zm00001eb002030"
"523","Zm00001eb011200"
"524","Zm00001eb013500"
"525","Zm00001eb030010"
"526","Zm00001eb038710"
"527","Zm00001eb054690"
"528","Zm00001eb053020"
"529","Zm00001eb032690"
"530","Zm00001eb050320"
"531","Zm00001eb052070"
"532","Zm00001eb022910"
"533","Zm00001eb008100"
"534","Zm00001eb052650"
"535","Zm00001eb059970"
"536","Zm00001eb013300"
"537","Zm00001eb064040"
"538","Zm00001eb004780"
"539","Zm00001eb012890"
"540","Zm00001eb036300"
"541","Zm00001eb034090"
"542","Zm00001eb061440"
"543","Zm00001eb031660"
"544","Zm00001eb048340"
"545","Zm00001eb017850"
"546","Zm00001eb000210"
"547","Zm00001eb002930"
"548","Zm00001eb017400"
"549","Zm00001eb005660"
"550","Zm00001eb028060"
"551","Zm00001eb035630"
"552","Zm00001eb064950"
"553","Zm00001eb023130"
"554","Zm00001eb003020"
"555","Zm00001eb047310"
"556","Zm00001eb045300"
"557","Zm00001eb020040"
"558","Zm00001eb061920"
"559","Zm00001eb063750"
"560","Zm00001eb057630"
"561","Zm00001eb061240"
"562","Zm00001eb048660"
"563","Zm00001eb026560"
"564","Zm00001eb015210"
"565","Zm00001eb015710"
"566","Zm00001eb005340"
"567","Zm00001eb023520"
"568","Zm00001eb014050"
"569","Zm00001eb001670"
"570","Zm00001eb014110"
"571","Zm00001eb021310"
"572","Zm00001eb062270"
"573","Zm00001eb064910"
"574","Zm00001eb056820"
"575","Zm00001eb030660"
"576","Zm00001eb030840"
"577","Zm00001eb034740"
"578","Zm00001eb022160"
"579","Zm00001eb059630"
"580","Zm00001eb001600"
"581","Zm00001eb059610"
"582","Zm00001eb055050"
"583","Zm00001eb046790"
"584","Zm00001eb018470"
"585","Zm00001eb006320"
"586","Zm00001eb002660"
"587","Zm00001eb007670"
"588","Zm00001eb058450"
"589","Zm00001eb009500"
"590","Zm00001eb051980"
"591","Zm00001eb039740"
"592","Zm00001eb061070"
"593","Zm00001eb059860"
"594","Zm00001eb052980"
"595","Zm00001eb007250"
"596","Zm00001eb015820"
"597","Zm00001eb057270"
"598","Zm00001eb045470"
"599","Zm00001eb047860"
"600","Zm00001eb008660"
"601","Zm00001eb043340"
"602","Zm00001eb064640"
"603","Zm00001eb042600"
"604","Zm00001eb054110"
"605","Zm00001eb016800"
"606","Zm00001eb003970"
"607","Zm00001eb049720"
"608","Zm00001eb021780"
"609","Zm00001eb029380"
"610","Zm00001eb010170"
"611","Zm00001eb038490"
"612","Zm00001eb044140"
"613","Zm00001eb028190"
"614","Zm00001eb003180"
"615","Zm00001eb038030"
"616","Zm00001eb002260"
"617","Zm00001eb064480"
"618","Zm00001eb008480"
"619","Zm00001eb019720"
"620","Zm00001eb025930"
"621","Zm00001eb026770"
"622","Zm00001eb045490"
"623","Zm00001eb031280"
"624","Zm00001eb056220"
"625","Zm00001eb049750"
"626","Zm00001eb048220"
"627","Zm00001eb008900"
"628","Zm00001eb013000"
"629","Zm00001eb035050"
"630","Zm00001eb038900"
"631","Zm00001eb009130"
"632","Zm00001eb023330"
"633","Zm00001eb021800"
"634","Zm00001eb059190"
"635","Zm00001eb063900"
"636","Zm00001eb059240"
"637","Zm00001eb042730"
"638","Zm00001eb038830"
"639","Zm00001eb032800"
"640","Zm00001eb026200"
"641","Zm00001eb010660"
"642","Zm00001eb033690"
"643","Zm00001eb060640"
"644","Zm00001eb011600"
"645","Zm00001eb008140"
"646","Zm00001eb024750"
"647","Zm00001eb037890"
"648","Zm00001eb058800"
"649","Zm00001eb056180"
"650","Zm00001eb058080"
"651","Zm00001eb035580"
"652","Zm00001eb044840"
"653","Zm00001eb010030"
"654","Zm00001eb036790"
"655","Zm00001eb031510"
"656","Zm00001eb063380"
"657","Zm00001eb037110"
"658","Zm00001eb061390"
"659","Zm00001eb012980"
"660","Zm00001eb064740"
"661","Zm00001eb058130"
"662","Zm00001eb022870"
"663","Zm00001eb012140"
"664","Zm00001eb002200"
"665","Zm00001eb046260"
"666","Zm00001eb063200"
"667","Zm00001eb017970"
"668","Zm00001eb039360"
"669","Zm00001eb054940"
"670","Zm00001eb042830"
"671","Zm00001eb026650"
"672","Zm00001eb034820"
"673","Zm00001eb013750"
"674","Zm00001eb043390"
"675","Zm00001eb042480"
"676","Zm00001eb037230"
"677","Zm00001eb036010"
"678","Zm00001eb036840"
"679","Zm00001eb013730"
"680","Zm00001eb026330"
"681","Zm00001eb053440"
"682","Zm00001eb000980"
"683","Zm00001eb024120"
"684","Zm00001eb031820"
"685","Zm00001eb034180"
"686","Zm00001eb014460"
"687","Zm00001eb015750"
"688","Zm00001eb049430"
"689","Zm00001eb026440"
"690","Zm00001eb056870"
"691","Zm00001eb006520"
"692","Zm00001eb043910"
"693","Zm00001eb048870"
"694","Zm00001eb051930"
"695","Zm00001eb022940"
"696","Zm00001eb042570"
"697","Zm00001eb054230"
"698","Zm00001eb021820"
"699","Zm00001eb052460"
"700","Zm00001eb022120"
"701","Zm00001eb047980"
"702","Zm00001eb019650"
"703","Zm00001eb005950"
"704","Zm00001eb051770"
"705","Zm00001eb064190"
"706","Zm00001eb019460"
"707","Zm00001eb030400"
"708","Zm00001eb062550"
"709","Zm00001eb043990"
"710","Zm00001eb046620"
"711","Zm00001eb038360"
"712","Zm00001eb026880"
"713","Zm00001eb060940"
"714","Zm00001eb052750"
"715","Zm00001eb023600"
"716","Zm00001eb008500"
"717","Zm00001eb051600"
"718","Zm00001eb045690"
"719","Zm00001eb008370"
"720","Zm00001eb061760"
"721","Zm00001eb012020"
"722","Zm00001eb062460"
"723","Zm00001eb061630"
"724","Zm00001eb038400"
"725","Zm00001eb036910"
"726","Zm00001eb062440"
"727","Zm00001eb038540"
"728","Zm00001eb061210"
"729","Zm00001eb001830"
"730","Zm00001eb026420"
"731","Zm00001eb037610"
"732","Zm00001eb006770"
"733","Zm00001eb028750"
"734","Zm00001eb064010"
"735","Zm00001eb033780"
"736","Zm00001eb020090"
"737","Zm00001eb010700"
"738","Zm00001eb062220"
"739","Zm00001eb037010"
"740","Zm00001eb032000"
"741","Zm00001eb024230"
"742","Zm00001eb057140"
"743","Zm00001eb015080"
"744","Zm00001eb006150"
"745","Zm00001eb051070"
"746","Zm00001eb001510"
"747","Zm00001eb020500"
"748","Zm00001eb050350"
"749","Zm00001eb025020"
"750","Zm00001eb057910"
"751","Zm00001eb008800"
"752","Zm00001eb035790"
"753","Zm00001eb044500"
"754","Zm00001eb056930"
"755","Zm00001eb062510"
"756","Zm00001eb000380"
"757","Zm00001eb002960"
"758","Zm00001eb027950"
"759","Zm00001eb064530"
"760","Zm00001eb048510"
"761","Zm00001eb001070"
"762","Zm00001eb027340"
"763","Zm00001eb063290"
"764","Zm00001eb031890"
"765","Zm00001eb055030"
"766","Zm00001eb029510"
"767","Zm00001eb041380"
"768","Zm00001eb040480"
"769","Zm00001eb033390"
"770","Zm00001eb031330"
"771","Zm00001eb044240"
"772","Zm00001eb052800"
"773","Zm00001eb009240"
"774","Zm00001eb017700"
"775","Zm00001eb025640"
"776","Zm00001eb013840"
"777","Zm00001eb062920"
"778","Zm00001eb028520"
"779","Zm00001eb006570"
"780","Zm00001eb011420"
"781","Zm00001eb010050"
"782","Zm00001eb061850"
"783","Zm00001eb019600"
"784","Zm00001eb027800"
"785","Zm00001eb038680"
"786","Zm00001eb038230"
"787","Zm00001eb037710"
"788","Zm00001eb031190"
"789","Zm00001eb064520"
"790","Zm00001eb062600"
"791","Zm00001eb016050"
"792","Zm00001eb065380"
"793","Zm00001eb058100"
"794","Zm00001eb002060"
"795","Zm00001eb011580"
"796","Zm00001eb014640"
"797","Zm00001eb029540"
"798","Zm00001eb022380"
"799","Zm00001eb053400"
"800","Zm00001eb011970"
"801","Zm00001eb037300"
"802","Zm00001eb018610"
"803","Zm00001eb037020"
"804","Zm00001eb017880"
"805","Zm00001eb057590"
"806","Zm00001eb056250"
"807","Zm00001eb031670"
"808","Zm00001eb043790"
"809","Zm00001eb030440"
"810","Zm00001eb012280"
"811","Zm00001eb004160"
"812","Zm00001eb040550"
"813","Zm00001eb047740"
"814","Zm00001eb055210"
"815","Zm00001eb052960"
"816","Zm00001eb063720"
"817","Zm00001eb037440"
"818","Zm00001eb059710"
"819","Zm00001eb056320"
"820","Zm00001eb060560"
"821","Zm00001eb019030"
"822","Zm00001eb024740"
"823","Zm00001eb061880"
"824","Zm00001eb053630"
"825","Zm00001eb050650"
"826","Zm00001eb024330"
"827","Zm00001eb008610"
"828","Zm00001eb040150"
"829","Zm00001eb020690"
"830","Zm00001eb009340"
"831","Zm00001eb005220"
"832","Zm00001eb005980"
"833","Zm00001eb025110"
"834","Zm00001eb049250"
"835","Zm00001eb047970"
"836","Zm00001eb028430"
"837","Zm00001eb016560"
"838","Zm00001eb049610"
"839","Zm00001eb040100"
"840","Zm00001eb043240"
"841","Zm00001eb044380"
"842","Zm00001eb041290"
"843","Zm00001eb053910"
"844","Zm00001eb024030"
"845","Zm00001eb057700"
"846","Zm00001eb018020"
"847","Zm00001eb013910"
"848","Zm00001eb049950"
"849","Zm00001eb016330"
"850","Zm00001eb020200"
"851","Zm00001eb005380"
"852","Zm00001eb048140"
"853","Zm00001eb038300"
"854","Zm00001eb011070"
"855","Zm00001eb052130"
"856","Zm00001eb041790"
"857","Zm00001eb010690"
"858","Zm00001eb044550"
"859","Zm00001eb030220"
"860","Zm00001eb061510"
"861","Zm00001eb024490"
"862","Zm00001eb002790"
"863","Zm00001eb028370"
"864","Zm00001eb063490"
"865","Zm00001eb042390"
"866","Zm00001eb053880"
"867","Zm00001eb008090"
"868","Zm00001eb063690"
"869","Zm00001eb033620"
"870","Zm00001eb061400"
"871","Zm00001eb007930"
"872","Zm00001eb050760"
"873","Zm00001eb063140"
"874","Zm00001eb007070"
"875","Zm00001eb007830"
"876","Zm00001eb055330"
"877","Zm00001eb037080"
"878","Zm00001eb008830"
"879","Zm00001eb032640"
"880","Zm00001eb044180"
"881","Zm00001eb026500"
"882","Zm00001eb047170"
"883","Zm00001eb052080"
"884","Zm00001eb048810"
"885","Zm00001eb020660"
"886","Zm00001eb054700"
"887","Zm00001eb004440"
"888","Zm00001eb012830"
"889","Zm00001eb042420"
"890","Zm00001eb003140"
"891","Zm00001eb052810"
"892","Zm00001eb060050"
"893","Zm00001eb056150"
"894","Zm00001eb025260"
"895","Zm00001eb035740"
"896","Zm00001eb020740"
"897","Zm00001eb060660"
"898","Zm00001eb005100"
"899","Zm00001eb013430"
"900","Zm00001eb021300"
"901","Zm00001eb017860"
"902","Zm00001eb002850"
"903","Zm00001eb062880"
"904","Zm00001eb009480"
"905","Zm00001eb051130"
"906","Zm00001eb005670"
"907","Zm00001eb061930"
"908","Zm00001eb013640"
"909","Zm00001eb035660"
"910","Zm00001eb058590"
"911","Zm00001eb039000"
"912","Zm00001eb053540"
"913","Zm00001eb015380"
"914","Zm00001eb001440"
"915","Zm00001eb009110"
"916","Zm00001eb054730"
"917","Zm00001eb057200"
"918","Zm00001eb008640"
"919","Zm00001eb003870"
"920","Zm00001eb000330"
"921","Zm00001eb054040"
"922","Zm00001eb017100"
"923","Zm00001eb025030"
"924","Zm00001eb057820"
"925","Zm00001eb041600"
"926","Zm00001eb028560"
"927","Zm00001eb056200"
"928","Zm00001eb010730"
"929","Zm00001eb030960"
"930","Zm00001eb006360"
"931","Zm00001eb005310"
"932","Zm00001eb046340"
"933","Zm00001eb037480"
"934","Zm00001eb011630"
"935","Zm00001eb043410"
"936","Zm00001eb007190"
"937","Zm00001eb056890"
"938","Zm00001eb007310"
"939","Zm00001eb013040"
"940","Zm00001eb016770"
"941","Zm00001eb001640"
"942","Zm00001eb055230"
"943","Zm00001eb028380"
"944","Zm00001eb064580"
"945","Zm00001eb044130"
"946","Zm00001eb053330"
"947","Zm00001eb041900"
"948","Zm00001eb055550"
"949","Zm00001eb006850"
"950","Zm00001eb038720"
"951","Zm00001eb061960"
"952","Zm00001eb035970"
"953","Zm00001eb007750"
"954","Zm00001eb023870"
"955","Zm00001eb022830"
"956","Zm00001eb051140"
"957","Zm00001eb011370"
"958","Zm00001eb023020"
"959","Zm00001eb002020"
"960","Zm00001eb013520"
"961","Zm00001eb064690"
"962","Zm00001eb054980"
"963","Zm00001eb063770"
"964","Zm00001eb051060"
"965","Zm00001eb058470"
"966","Zm00001eb003010"
"967","Zm00001eb035680"
"968","Zm00001eb043930"
"969","Zm00001eb060010"
"970","Zm00001eb034060"
"971","Zm00001eb037930"
"972","Zm00001eb041540"
"973","Zm00001eb004340"
"974","Zm00001eb063230"
"975","Zm00001eb024800"
"976","Zm00001eb026430"
"977","Zm00001eb001360"
"978","Zm00001eb002920"
"979","Zm00001eb061200"
"980","Zm00001eb036920"
"981","Zm00001eb013970"
"982","Zm00001eb058850"
"983","Zm00001eb010100"
"984","Zm00001eb060420"
"985","Zm00001eb019370"
"986","Zm00001eb062640"
"987","Zm00001eb058020"
"988","Zm00001eb002620"
"989","Zm00001eb006590"
"990","Zm00001eb042130"
"991","Zm00001eb018040"
"992","Zm00001eb041240"
"993","Zm00001eb035230"
"994","Zm00001eb050500"
"995","Zm00001eb058670"
"996","Zm00001eb020470"
"997","Zm00001eb052610"
"998","Zm00001eb008310"
"999","Zm00001eb062300"
"1000","Zm00001eb005990"
"1001","Zm00001eb038950"
"1002","Zm00001eb045770"
"1003","Zm00001eb050850"
"1004","Zm00001eb029860"
"1005","Zm00001eb041750"
"1006","Zm00001eb011940"
"1007","Zm00001eb005360"
"1008","Zm00001eb040400"
"1009","Zm00001eb061990"
"1010","Zm00001eb057170"
"1011","Zm00001eb044480"
"1012","Zm00001eb015070"
"1013","Zm00001eb065330"
"1014","Zm00001eb022440"
"1015","Zm00001eb001200"
"1016","Zm00001eb000450"
"1017","Zm00001eb001050"
"1018","Zm00001eb040730"
"1019","Zm00001eb044060"
"1020","Zm00001eb023930"
"1021","Zm00001eb062500"
"1022","Zm00001eb063450"
"1023","Zm00001eb015800"
"1024","Zm00001eb033330"
"1025","Zm00001eb013720"
"1026","Zm00001eb045210"
"1027","Zm00001eb022930"
"1028","Zm00001eb056410"
"1029","Zm00001eb055910"
"1030","Zm00001eb051220"
"1031","Zm00001eb004030"
"1032","Zm00001eb015660"
"1033","Zm00001eb049570"
"1034","Zm00001eb005230"
"1035","Zm00001eb046650"
"1036","Zm00001eb041200"
"1037","Zm00001eb065280"
"1038","Zm00001eb009070"
"1039","Zm00001eb015450"
"1040","Zm00001eb014600"
"1041","Zm00001eb022630"
"1042","Zm00001eb002530"
"1043","Zm00001eb012710"
"1044","Zm00001eb024620"
"1045","Zm00001eb024380"
"1046","Zm00001eb022740"
"1047","Zm00001eb042990"
"1048","Zm00001eb015260"
"1049","Zm00001eb064470"
"1050","Zm00001eb000510"
"1051","Zm00001eb001880"
"1052","Zm00001eb052220"
"1053","Zm00001eb059270"
"1054","Zm00001eb059040"
"1055","Zm00001eb044900"
"1056","Zm00001eb004990"
"1057","Zm00001eb051300"
"1058","Zm00001eb039670"
"1059","Zm00001eb035670"
"1060","Zm00001eb042240"
"1061","Zm00001eb013980"
"1062","Zm00001eb010020"
"1063","Zm00001eb010160"
"1064","Zm00001eb064670"
"1065","Zm00001eb028110"
"1066","Zm00001eb008730"
"1067","Zm00001eb060800"
"1068","Zm00001eb002240"
"1069","Zm00001eb056860"
"1070","Zm00001eb030850"
"1071","Zm00001eb037380"
"1072","Zm00001eb006680"
"1073","Zm00001eb007960"
"1074","Zm00001eb022640"
"1075","Zm00001eb060230"
"1076","Zm00001eb061130"
"1077","Zm00001eb047560"
"1078","Zm00001eb001840"
"1079","Zm00001eb007050"
"1080","Zm00001eb021070"
"1081","Zm00001eb011170"
"1082","Zm00001eb063810"
"1083","Zm00001eb004630"
"1084","Zm00001eb001240"
"1085","Zm00001eb036020"
"1086","Zm00001eb056260"
"1087","Zm00001eb000500"
"1088","Zm00001eb004210"
"1089","Zm00001eb047500"
"1090","Zm00001eb046840"
"1091","Zm00001eb063620"
"1092","Zm00001eb051510"
"1093","Zm00001eb006530"
"1094","Zm00001eb041780"
"1095","Zm00001eb056650"
"1096","Zm00001eb000960"
"1097","Zm00001eb061550"
"1098","Zm00001eb015190"
"1099","Zm00001eb003670"
"1100","Zm00001eb037970"
"1101","Zm00001eb002310"
"1102","Zm00001eb064710"
"1103","Zm00001eb016740"
"1104","Zm00001eb044650"
"1105","Zm00001eb025490"
"1106","Zm00001eb049330"
"1107","Zm00001eb023270"
"1108","Zm00001eb009810"
"1109","Zm00001eb025470"
"1110","Zm00001eb051780"
"1111","Zm00001eb013440"
"1112","Zm00001eb014240"
"1113","Zm00001eb028820"
"1114","Zm00001eb026580"
"1115","Zm00001eb009090"
"1116","Zm00001eb027820"
"1117","Zm00001eb002820"
"1118","Zm00001eb033900"
"1119","Zm00001eb028460"
"1120","Zm00001eb064610"
"1121","Zm00001eb026960"
"1122","Zm00001eb064440"
"1123","Zm00001eb046050"
"1124","Zm00001eb010900"
"1125","Zm00001eb052290"
"1126","Zm00001eb054220"
"1127","Zm00001eb003840"
"1128","Zm00001eb008170"
"1129","Zm00001eb026120"
"1130","Zm00001eb040190"
"1131","Zm00001eb000170"
"1132","Zm00001eb013120"
"1133","Zm00001eb047930"
"1134","Zm00001eb056800"
"1135","Zm00001eb019220"
"1136","Zm00001eb035190"
"1137","Zm00001eb064100"
"1138","Zm00001eb064380"
"1139","Zm00001eb008530"
"1140","Zm00001eb015230"
"1141","Zm00001eb024560"
"1142","Zm00001eb056390"
"1143","Zm00001eb057190"
"1144","Zm00001eb036350"
"1145","Zm00001eb055930"
"1146","Zm00001eb064920"
"1147","Zm00001eb015690"
"1148","Zm00001eb041010"
"1149","Zm00001eb022050"
"1150","Zm00001eb043540"
"1151","Zm00001eb016640"
"1152","Zm00001eb036170"
"1153","Zm00001eb010330"
"1154","Zm00001eb054250"
"1155","Zm00001eb012060"
"1156","Zm00001eb001910"
"1157","Zm00001eb011010"
"1158","Zm00001eb030110"
"1159","Zm00001eb050930"
"1160","Zm00001eb000970"
"1161","Zm00001eb039020"
"1162","Zm00001eb014160"
"1163","Zm00001eb063160"
"1164","Zm00001eb055320"
"1165","Zm00001eb017180"
"1166","Zm00001eb012760"
"1167","Zm00001eb056880"
"1168","Zm00001eb004660"
"1169","Zm00001eb027280"
"1170","Zm00001eb031360"
"1171","Zm00001eb013940"
"1172","Zm00001eb025670"
"1173","Zm00001eb002990"
"1174","Zm00001eb010620"
"1175","Zm00001eb036850"
"1176","Zm00001eb054470"
"1177","Zm00001eb043420"
"1178","Zm00001eb049140"
"1179","Zm00001eb005000"
"1180","Zm00001eb033460"
"1181","Zm00001eb031110"
"1182","Zm00001eb064210"
"1183","Zm00001eb010950"
"1184","Zm00001eb007920"
"1185","Zm00001eb061360"
"1186","Zm00001eb029490"
"1187","Zm00001eb047280"
"1188","Zm00001eb003730"
"1189","Zm00001eb042670"
"1190","Zm00001eb058950"
"1191","Zm00001eb016020"
"1192","Zm00001eb004140"
"1193","Zm00001eb030250"
"1194","Zm00001eb005830"
"1195","Zm00001eb054710"
"1196","Zm00001eb042110"
"1197","Zm00001eb014720"
"1198","Zm00001eb015560"
"1199","Zm00001eb025350"
"1200","Zm00001eb002520"
"1201","Zm00001eb044780"
"1202","Zm00001eb035770"
"1203","Zm00001eb035730"
"1204","Zm00001eb033920"
"1205","Zm00001eb061000"
"1206","Zm00001eb007820"
"1207","Zm00001eb062680"
"1208","Zm00001eb003340"
"1209","Zm00001eb059140"
"1210","Zm00001eb057160"
"1211","Zm00001eb042800"
"1212","Zm00001eb014820"
"1213","Zm00001eb024210"
"1214","Zm00001eb023660"
"1215","Zm00001eb029010"
"1216","Zm00001eb022570"
"1217","Zm00001eb001140"
"1218","Zm00001eb024150"
"1219","Zm00001eb064460"
"1220","Zm00001eb051490"
"1221","Zm00001eb011750"
"1222","Zm00001eb000220"
"1223","Zm00001eb020510"
"1224","Zm00001eb042220"
"1225","Zm00001eb036990"
"1226","Zm00001eb057440"
"1227","Zm00001eb039920"
"1228","Zm00001eb017830"
"1229","Zm00001eb017630"
"1230","Zm00001eb051920"
"1231","Zm00001eb035650"
"1232","Zm00001eb021850"
"1233","Zm00001eb064700"
"1234","Zm00001eb058530"
"1235","Zm00001eb030300"
"1236","Zm00001eb018360"
"1237","Zm00001eb051050"
"1238","Zm00001eb029710"
"1239","Zm00001eb061810"
"1240","Zm00001eb008430"
"1241","Zm00001eb028810"
"1242","Zm00001eb008150"
"1243","Zm00001eb020170"
"1244","Zm00001eb049100"
"1245","Zm00001eb047880"
"1246","Zm00001eb046440"
"1247","Zm00001eb040160"
"1248","Zm00001eb041520"
"1249","Zm00001eb023140"
"1250","Zm00001eb002780"
"1251","Zm00001eb059810"
"1252","Zm00001eb017450"
"1253","Zm00001eb048440"
"1254","Zm00001eb007010"
"1255","Zm00001eb044830"
"1256","Zm00001eb063210"
"1257","Zm00001eb018120"
"1258","Zm00001eb024820"
"1259","Zm00001eb041980"
"1260","Zm00001eb060760"
"1261","Zm00001eb021040"
"1262","Zm00001eb021010"
"1263","Zm00001eb043070"
"1264","Zm00001eb055730"
"1265","Zm00001eb022330"
"1266","Zm00001eb006000"
"1267","Zm00001eb061480"
"1268","Zm00001eb028690"
"1269","Zm00001eb022950"
"1270","Zm00001eb005320"
"1271","Zm00001eb043720"
"1272","Zm00001eb010450"
"1273","Zm00001eb035840"
"1274","Zm00001eb050410"
"1275","Zm00001eb020320"
"1276","Zm00001eb007650"
"1277","Zm00001eb064730"
"1278","Zm00001eb033670"
"1279","Zm00001eb004370"
"1280","Zm00001eb030710"
"1281","Zm00001eb058110"
"1282","Zm00001eb038040"
"1283","Zm00001eb051800"
"1284","Zm00001eb029960"
"1285","Zm00001eb037700"
"1286","Zm00001eb014470"
"1287","Zm00001eb017920"
"1288","Zm00001eb036610"
"1289","Zm00001eb063340"
"1290","Zm00001eb012960"
"1291","Zm00001eb054920"
"1292","Zm00001eb033830"
"1293","Zm00001eb018660"
"1294","Zm00001eb001400"
"1295","Zm00001eb005740"
"1296","Zm00001eb006910"
"1297","Zm00001eb059050"
"1298","Zm00001eb008010"
"1299","Zm00001eb036770"
"1300","Zm00001eb002640"
"1301","Zm00001eb021350"
"1302","Zm00001eb031930"
"1303","Zm00001eb031340"
"1304","Zm00001eb045730"
"1305","Zm00001eb042080"
"1306","Zm00001eb025620"
"1307","Zm00001eb007630"
"1308","Zm00001eb012480"
"1309","Zm00001eb006140"
"1310","Zm00001eb016200"
"1311","Zm00001eb049320"
"1312","Zm00001eb014830"
"1313","Zm00001eb018970"
"1314","Zm00001eb048110"
"1315","Zm00001eb060580"
"1316","Zm00001eb042920"
"1317","Zm00001eb034890"
"1318","Zm00001eb059220"
"1319","Zm00001eb039660"
"1320","Zm00001eb005760"
"1321","Zm00001eb011450"
"1322","Zm00001eb046900"
"1323","Zm00001eb030390"
"1324","Zm00001eb037310"
"1325","Zm00001eb035710"
"1326","Zm00001eb017460"
"1327","Zm00001eb057090"
"1328","Zm00001eb035500"
"1329","Zm00001eb008920"
"1330","Zm00001eb016450"
"1331","Zm00001eb025890"
"1332","Zm00001eb017050"
"1333","Zm00001eb043590"
"1334","Zm00001eb050220"
"1335","Zm00001eb041730"
"1336","Zm00001eb050490"
"1337","Zm00001eb003510"
"1338","Zm00001eb038350"
"1339","Zm00001eb038870"
"1340","Zm00001eb032430"
"1341","Zm00001eb065520"
"1342","Zm00001eb006380"
"1343","Zm00001eb022110"
"1344","Zm00001eb052870"
"1345","Zm00001eb008950"
"1346","Zm00001eb001000"
"1347","Zm00001eb043300"
"1348","Zm00001eb055840"
"1349","Zm00001eb056340"
"1350","Zm00001eb025190"
"1351","Zm00001eb058970"
"1352","Zm00001eb005840"
"1353","Zm00001eb053530"
"1354","Zm00001eb052540"
"1355","Zm00001eb011650"
"1356","Zm00001eb047820"
"1357","Zm00001eb056280"
"1358","Zm00001eb002830"
"1359","Zm00001eb025830"
"1360","Zm00001eb013370"
"1361","Zm00001eb019510"
"1362","Zm00001eb017810"
"1363","Zm00001eb060530"
"1364","Zm00001eb046680"
"1365","Zm00001eb023650"
"1366","Zm00001eb004090"
"1367","Zm00001eb013870"
"1368","Zm00001eb054020"
"1369","Zm00001eb041340"
"1370","Zm00001eb056700"
"1371","Zm00001eb016760"
"1372","Zm00001eb023160"
"1373","Zm00001eb042540"
"1374","Zm00001eb019630"
"1375","Zm00001eb028310"
"1376","Zm00001eb006540"
"1377","Zm00001eb052730"
"1378","Zm00001eb007540"
"1379","Zm00001eb003200"
"1380","Zm00001eb038220"
"1381","Zm00001eb001520"
"1382","Zm00001eb012600"
"1383","Zm00001eb044810"
"1384","Zm00001eb011760"
"1385","Zm00001eb051090"
"1386","Zm00001eb047990"
"1387","Zm00001eb001290"
"1388","Zm00001eb018670"
"1389","Zm00001eb042250"
"1390","Zm00001eb037260"
"1391","Zm00001eb039560"
"1392","Zm00001eb008570"
"1393","Zm00001eb031640"
"1394","Zm00001eb061670"
"1395","Zm00001eb062480"
"1396","Zm00001eb007990"
"1397","Zm00001eb045970"
"1398","Zm00001eb030570"
"1399","Zm00001eb035360"
"1400","Zm00001eb014030"
"1401","Zm00001eb032160"
"1402","Zm00001eb010710"
"1403","Zm00001eb006920"
"1404","Zm00001eb063970"
"1405","Zm00001eb011020"
"1406","Zm00001eb001820"
"1407","Zm00001eb042410"
"1408","Zm00001eb005030"
"1409","Zm00001eb021090"
"1410","Zm00001eb034800"
"1411","Zm00001eb033600"
"1412","Zm00001eb050330"
"1413","Zm00001eb057810"
"1414","Zm00001eb015900"
"1415","Zm00001eb038640"
"1416","Zm00001eb029660"
"1417","Zm00001eb036370"
"1418","Zm00001eb058750"
"1419","Zm00001eb013480"
"1420","Zm00001eb058380"
"1421","Zm00001eb050610"
"1422","Zm00001eb041760"
"1423","Zm00001eb028400"
"1424","Zm00001eb053800"
"1425","Zm00001eb001170"
"1426","Zm00001eb031730"
"1427","Zm00001eb042770"
"1428","Zm00001eb034250"
"1429","Zm00001eb006010"
"1430","Zm00001eb059900"
"1431","Zm00001eb033500"
"1432","Zm00001eb044710"
"1433","Zm00001eb062000"
"1434","Zm00001eb035020"
"1435","Zm00001eb056490"
"1436","Zm00001eb063250"
"1437","Zm00001eb030930"
"1438","Zm00001eb022000"
"1439","Zm00001eb052100"
"1440","Zm00001eb038510"
"1441","Zm00001eb046860"
"1442","Zm00001eb037690"
"1443","Zm00001eb045260"
"1444","Zm00001eb042050"
"1445","Zm00001eb011530"
"1446","Zm00001eb064550"
"1447","Zm00001eb023710"
"1448","Zm00001eb058240"
"1449","Zm00001eb002910"
"1450","Zm00001eb053520"
"1451","Zm00001eb008780"
"1452","Zm00001eb049270"
"1453","Zm00001eb028210"
"1454","Zm00001eb027840"
"1455","Zm00001eb012950"
"1456","Zm00001eb062630"
"1457","Zm00001eb065130"
"1458","Zm00001eb030980"
"1459","Zm00001eb048120"
"1460","Zm00001eb026300"
"1461","Zm00001eb017000"
"1462","Zm00001eb053610"
"1463","Zm00001eb049630"
"1464","Zm00001eb008690"
"1465","Zm00001eb040860"
"1466","Zm00001eb029080"
"1467","Zm00001eb016830"
"1468","Zm00001eb035960"
"1469","Zm00001eb018010"
"1470","Zm00001eb014760"
"1471","Zm00001eb012790"
"1472","Zm00001eb041120"
"1473","Zm00001eb000740"
"1474","Zm00001eb011810"
"1475","Zm00001eb059460"
"1476","Zm00001eb059770"
"1477","Zm00001eb035240"
"1478","Zm00001eb043090"
"1479","Zm00001eb016460"
"1480","Zm00001eb055280"
"1481","Zm00001eb032760"
"1482","Zm00001eb016170"
"1483","Zm00001eb001350"
"1484","Zm00001eb005820"
"1485","Zm00001eb006880"
"1486","Zm00001eb049810"
"1487","Zm00001eb021530"
"1488","Zm00001eb020250"
"1489","Zm00001eb044620"
"1490","Zm00001eb031790"
"1491","Zm00001eb025170"
"1492","Zm00001eb038880"
"1493","Zm00001eb059310"
"1494","Zm00001eb044820"
"1495","Zm00001eb040040"
"1496","Zm00001eb058190"
"1497","Zm00001eb008880"
"1498","Zm00001eb029300"
"1499","Zm00001eb063220"
"1500","Zm00001eb015930"
"1501","Zm00001eb045950"
"1502","Zm00001eb040540"
"1503","Zm00001eb014980"
"1504","Zm00001eb045810"
"1505","Zm00001eb035860"
"1506","Zm00001eb021240"
"1507","Zm00001eb050870"
"1508","Zm00001eb003090"
"1509","Zm00001eb034840"
"1510","Zm00001eb042000"
"1511","Zm00001eb052970"
"1512","Zm00001eb054330"
"1513","Zm00001eb002180"
"1514","Zm00001eb058550"
"1515","Zm00001eb046100"
"1516","Zm00001eb054190"
"1517","Zm00001eb006270"
"1518","Zm00001eb021380"
"1519","Zm00001eb054200"
"1520","Zm00001eb012470"
"1521","Zm00001eb040130"
"1522","Zm00001eb056730"
"1523","Zm00001eb037540"
"1524","Zm00001eb016350"
"1525","Zm00001eb034920"
"1526","Zm00001eb054160"
"1527","Zm00001eb039430"
"1528","Zm00001eb062140"
"1529","Zm00001eb027640"
"1530","Zm00001eb058760"
"1531","Zm00001eb007140"
"1532","Zm00001eb056960"
"1533","Zm00001eb047490"
"1534","Zm00001eb042320"
"1535","Zm00001eb062520"
"1536","Zm00001eb033050"
"1537","Zm00001eb030260"
"1538","Zm00001eb037980"
"1539","Zm00001eb052880"
"1540","Zm00001eb001500"
"1541","Zm00001eb060780"
"1542","Zm00001eb033640"
"1543","Zm00001eb043120"
"1544","Zm00001eb025360"
"1545","Zm00001eb062350"
"1546","Zm00001eb015570"
"1547","Zm00001eb061300"
"1548","Zm00001eb019260"
"1549","Zm00001eb010790"
"1550","Zm00001eb029200"
"1551","Zm00001eb012180"
"1552","Zm00001eb057640"
"1553","Zm00001eb006870"
"1554","Zm00001eb010300"
"1555","Zm00001eb005770"
"1556","Zm00001eb025240"
"1557","Zm00001eb062450"
"1558","Zm00001eb037420"
"1559","Zm00001eb055080"
"1560","Zm00001eb011670"
"1561","Zm00001eb009840"
"1562","Zm00001eb016160"
"1563","Zm00001eb042230"
"1564","Zm00001eb003080"
"1565","Zm00001eb045860"
"1566","Zm00001eb019700"
"1567","Zm00001eb035820"
"1568","Zm00001eb052530"
"1569","Zm00001eb057180"
"1570","Zm00001eb035200"
"1571","Zm00001eb063940"
"1572","Zm00001eb003820"
"1573","Zm00001eb017600"
"1574","Zm00001eb005280"
"1575","Zm00001eb024920"
"1576","Zm00001eb008460"
"1577","Zm00001eb044630"
"1578","Zm00001eb045570"
"1579","Zm00001eb019300"
"1580","Zm00001eb028390"
"1581","Zm00001eb025510"
"1582","Zm00001eb064600"
"1583","Zm00001eb032820"
"1584","Zm00001eb011300"
"1585","Zm00001eb062620"
"1586","Zm00001eb005700"
"1587","Zm00001eb007810"
"1588","Zm00001eb024130"
"1589","Zm00001eb037730"
"1590","Zm00001eb017170"
"1591","Zm00001eb044760"
"1592","Zm00001eb008240"
"1593","Zm00001eb007730"
"1594","Zm00001eb054240"
"1595","Zm00001eb022860"
"1596","Zm00001eb039550"
"1597","Zm00001eb017260"
"1598","Zm00001eb038780"
"1599","Zm00001eb006040"
"1600","Zm00001eb064650"
"1601","Zm00001eb010370"
"1602","Zm00001eb000590"
"1603","Zm00001eb047510"
"1604","Zm00001eb000790"
"1605","Zm00001eb007590"
"1606","Zm00001eb065250"
"1607","Zm00001eb045630"
"1608","Zm00001eb037640"
"1609","Zm00001eb038210"
"1610","Zm00001eb054460"
"1611","Zm00001eb050310"
"1612","Zm00001eb032220"
"1613","Zm00001eb004500"
"1614","Zm00001eb030730"
"1615","Zm00001eb038700"
"1616","Zm00001eb002940"
"1617","Zm00001eb024600"
"1618","Zm00001eb011610"
"1619","Zm00001eb036640"
"1620","Zm00001eb017070"
"1621","Zm00001eb054060"
"1622","Zm00001eb061470"
"1623","Zm00001eb054830"
"1624","Zm00001eb002040"
"1625","Zm00001eb064030"
"1626","Zm00001eb052860"
"1627","Zm00001eb015840"
"1628","Zm00001eb001550"
"1629","Zm00001eb033550"
"1630","Zm00001eb049310"
"1631","Zm00001eb055900"
"1632","Zm00001eb063300"
"1633","Zm00001eb034100"
"1634","Zm00001eb042650"
"1635","Zm00001eb050910"
"1636","Zm00001eb050580"
"1637","Zm00001eb062720"
"1638","Zm00001eb003030"
"1639","Zm00001eb003230"
"1640","Zm00001eb034540"
"1641","Zm00001eb054420"
"1642","Zm00001eb018420"
"1643","Zm00001eb023920"
"1644","Zm00001eb001900"
"1645","Zm00001eb031270"
"1646","Zm00001eb006400"
"1647","Zm00001eb011460"
"1648","Zm00001eb037670"
"1649","Zm00001eb063510"
"1650","Zm00001eb007510"
"1651","Zm00001eb042160"
"1652","Zm00001eb062810"
"1653","Zm00001eb042520"
"1654","Zm00001eb059990"
"1655","Zm00001eb025140"
"1656","Zm00001eb048020"
"1657","Zm00001eb026990"
"1658","Zm00001eb016110"
"1659","Zm00001eb055920"
"1660","Zm00001eb031650"
"1661","Zm00001eb029550"
"1662","Zm00001eb037500"
"1663","Zm00001eb035700"
"1664","Zm00001eb061250"
"1665","Zm00001eb015200"
"1666","Zm00001eb043580"
"1667","Zm00001eb000650"
"1668","Zm00001eb000920"
"1669","Zm00001eb042980"
"1670","Zm00001eb004480"
"1671","Zm00001eb044450"
"1672","Zm00001eb015720"
"1673","Zm00001eb034750"
"1674","Zm00001eb054510"
"1675","Zm00001eb040310"
"1676","Zm00001eb000540"
"1677","Zm00001eb002460"
"1678","Zm00001eb000010"
"1679","Zm00001eb049590"
"1680","Zm00001eb044010"
"1681","Zm00001eb008340"
"1682","Zm00001eb040700"
"1683","Zm00001eb018350"
"1684","Zm00001eb041150"
"1685","Zm00001eb001110"
"1686","Zm00001eb061350"
"1687","Zm00001eb003780"
"1688","Zm00001eb021750"
"1689","Zm00001eb037840"
"1690","Zm00001eb012690"
"1691","Zm00001eb055960"
"1692","Zm00001eb002090"
"1693","Zm00001eb049200"
"1694","Zm00001eb035310"
"1695","Zm00001eb058410"
"1696","Zm00001eb044960"
"1697","Zm00001eb014750"
"1698","Zm00001eb055720"
"1699","Zm00001eb020970"
"1700","Zm00001eb010810"
"1701","Zm00001eb061490"
"1702","Zm00001eb028710"
"1703","Zm00001eb001700"
"1704","Zm00001eb053490"
"1705","Zm00001eb005140"
"1706","Zm00001eb019780"
"1707","Zm00001eb033100"
"1708","Zm00001eb057040"
"1709","Zm00001eb026690"
"1710","Zm00001eb043940"
"1711","Zm00001eb022230"
"1712","Zm00001eb012080"
"1713","Zm00001eb045790"
"1714","Zm00001eb038670"
"1715","Zm00001eb032340"
"1716","Zm00001eb011960"
"1717","Zm00001eb015430"
"1718","Zm00001eb058740"
"1719","Zm00001eb016470"
"1720","Zm00001eb060170"
"1721","Zm00001eb034710"
"1722","Zm00001eb009640"
"1723","Zm00001eb035160"
"1724","Zm00001eb044170"
"1725","Zm00001eb057850"
"1726","Zm00001eb049800"
"1727","Zm00001eb057110"
"1728","Zm00001eb007760"
"1729","Zm00001eb034730"
"1730","Zm00001eb049830"
"1731","Zm00001eb041040"
"1732","Zm00001eb051370"
"1733","Zm00001eb037120"
"1734","Zm00001eb009460"
"1735","Zm00001eb045450"
"1736","Zm00001eb036880"
"1737","Zm00001eb003040"
"1738","Zm00001eb034870"
"1739","Zm00001eb025160"
"1740","Zm00001eb046960"
"1741","Zm00001eb011050"
"1742","Zm00001eb048420"
"1743","Zm00001eb016970"
"1744","Zm00001eb001860"
"1745","Zm00001eb061820"
"1746","Zm00001eb010040"
"1747","Zm00001eb030970"
"1748","Zm00001eb047200"
"1749","Zm00001eb031520"
"1750","Zm00001eb021210"
"1751","Zm00001eb055310"
"1752","Zm00001eb031170"
"1753","Zm00001eb033680"
"1754","Zm00001eb043400"
"1755","Zm00001eb060830"
"1756","Zm00001eb053830"
"1757","Zm00001eb006830"
"1758","Zm00001eb036970"
"1759","Zm00001eb061380"
"1760","Zm00001eb064890"
"1761","Zm00001eb011490"
"1762","Zm00001eb008750"
"1763","Zm00001eb006700"
"1764","Zm00001eb027720"
"1765","Zm00001eb008910"
"1766","Zm00001eb045370"
"1767","Zm00001eb016400"
"1768","Zm00001eb001950"
"1769","Zm00001eb030480"
"1770","Zm00001eb045280"
"1771","Zm00001eb011730"
"1772","Zm00001eb021340"
"1773","Zm00001eb059620"
"1774","Zm00001eb038530"
"1775","Zm00001eb022080"
"1776","Zm00001eb017200"
"1777","Zm00001eb051900"
"1778","Zm00001eb015140"
"1779","Zm00001eb065160"
"1780","Zm00001eb007680"
"1781","Zm00001eb049730"
"1782","Zm00001eb017130"
"1783","Zm00001eb015470"
"1784","Zm00001eb004390"
"1785","Zm00001eb064140"
"1786","Zm00001eb043310"
"1787","Zm00001eb025180"
"1788","Zm00001eb004240"
"1789","Zm00001eb039770"
"1790","Zm00001eb047470"
"1791","Zm00001eb059850"
"1792","Zm00001eb045660"
"1793","Zm00001eb046160"
"1794","Zm00001eb030530"
"1795","Zm00001eb046080"
"1796","Zm00001eb015390"
"1797","Zm00001eb062530"
"1798","Zm00001eb028490"
"1799","Zm00001eb042060"
"1800","Zm00001eb008680"
"1801","Zm00001eb020730"
"1802","Zm00001eb013380"
"1803","Zm00001eb041990"
"1804","Zm00001eb023840"
"1805","Zm00001eb019770"
"1806","Zm00001eb064630"
"1807","Zm00001eb055770"
"1808","Zm00001eb028170"
"1809","Zm00001eb003190"
"1810","Zm00001eb016250"
"1811","Zm00001eb013020"
"1812","Zm00001eb015540"
"1813","Zm00001eb026410"
"1814","Zm00001eb036940"
"1815","Zm00001eb064990"
"1816","Zm00001eb012220"
"1817","Zm00001eb051380"
"1818","Zm00001eb056920"
"1819","Zm00001eb010230"
"1820","Zm00001eb009430"
"1821","Zm00001eb024240"
"1822","Zm00001eb022410"
"1823","Zm00001eb028280"
"1824","Zm00001eb032780"
"1825","Zm00001eb058690"
"1826","Zm00001eb036480"
"1827","Zm00001eb053390"
"1828","Zm00001eb018000"
"1829","Zm00001eb042370"
"1830","Zm00001eb020260"
"1831","Zm00001eb037000"
"1832","Zm00001eb015050"
"1833","Zm00001eb040680"
"1834","Zm00001eb035800"
"1835","Zm00001eb055020"
"1836","Zm00001eb050340"
"1837","Zm00001eb064540"
"1838","Zm00001eb001590"
"1839","Zm00001eb062930"
"1840","Zm00001eb012660"
"1841","Zm00001eb037210"
"1842","Zm00001eb029980"
"1843","Zm00001eb012920"
"1844","Zm00001eb043430"
"1845","Zm00001eb042610"
"1846","Zm00001eb050370"
"1847","Zm00001eb014870"
"1848","Zm00001eb020360"
"1849","Zm00001eb021650"
"1850","Zm00001eb005070"
"1851","Zm00001eb000990"
"1852","Zm00001eb003440"
"1853","Zm00001eb036720"
"1854","Zm00001eb064170"
"1855","Zm00001eb000480"
"1856","Zm00001eb041360"
"1857","Zm00001eb019350"
"1858","Zm00001eb030210"
"1859","Zm00001eb063130"
"1860","Zm00001eb023590"
"1861","Zm00001eb019830"
"1862","Zm00001eb049190"
"1863","Zm00001eb043820"
"1864","Zm00001eb038370"
"1865","Zm00001eb018460"
"1866","Zm00001eb041180"
"1867","Zm00001eb044950"
"1868","Zm00001eb060350"
"1869","Zm00001eb056430"
"1870","Zm00001eb056380"
"1871","Zm00001eb051610"
"1872","Zm00001eb032370"
"1873","Zm00001eb000780"
"1874","Zm00001eb042470"
"1875","Zm00001eb055380"
"1876","Zm00001eb013780"
"1877","Zm00001eb047810"
"1878","Zm00001eb001270"
"1879","Zm00001eb023700"
"1880","Zm00001eb040460"
"1881","Zm00001eb057720"
"1882","Zm00001eb030420"
"1883","Zm00001eb013660"
"1884","Zm00001eb021510"
"1885","Zm00001eb010980"
"1886","Zm00001eb052470"
"1887","Zm00001eb027890"
"1888","Zm00001eb064130"
"1889","Zm00001eb012380"
"1890","Zm00001eb024020"
"1891","Zm00001eb004290"
"1892","Zm00001eb000700"
"1893","Zm00001eb024890"
"1894","Zm00001eb064800"
"1895","Zm00001eb022710"
"1896","Zm00001eb062020"
"1897","Zm00001eb021840"
"1898","Zm00001eb058230"
"1899","Zm00001eb012610"
"1900","Zm00001eb036270"
"1901","Zm00001eb029250"
"1902","Zm00001eb046670"
"1903","Zm00001eb019290"
"1904","Zm00001eb042150"
"1905","Zm00001eb008490"
"1906","Zm00001eb042860"
"1907","Zm00001eb025130"
"1908","Zm00001eb044070"
"1909","Zm00001eb001810"
"1910","Zm00001eb025400"
"1911","Zm00001eb006720"
"1912","Zm00001eb059930"
"1913","Zm00001eb019230"
"1914","Zm00001eb034120"
"1915","Zm00001eb013080"
"1916","Zm00001eb025840"
"1917","Zm00001eb036250"
"1918","Zm00001eb012850"
"1919","Zm00001eb020380"
"1920","Zm00001eb003760"
"1921","Zm00001eb049290"
"1922","Zm00001eb010140"
"1923","Zm00001eb049080"
"1924","Zm00001eb002810"
"1925","Zm00001eb008630"
"1926","Zm00001eb057000"
"1927","Zm00001eb013030"
"1928","Zm00001eb059920"
"1929","Zm00001eb060250"
"1930","Zm00001eb055870"
"1931","Zm00001eb013420"
"1932","Zm00001eb000640"
"1933","Zm00001eb062340"
"1934","Zm00001eb030640"
"1935","Zm00001eb032330"
"1936","Zm00001eb044700"
"1937","Zm00001eb050040"
"1938","Zm00001eb064860"
"1939","Zm00001eb003650"
"1940","Zm00001eb053170"
"1941","Zm00001eb023070"
"1942","Zm00001eb034220"
"1943","Zm00001eb053500"
"1944","Zm00001eb020860"
"1945","Zm00001eb028990"
"1946","Zm00001eb023250"
"1947","Zm00001eb028160"
"1948","Zm00001eb001650"
"1949","Zm00001eb016750"
"1950","Zm00001eb036220"
"1951","Zm00001eb020010"
"1952","Zm00001eb048280"
"1953","Zm00001eb016120"
"1954","Zm00001eb013800"
"1955","Zm00001eb042760"
"1956","Zm00001eb063870"
"1957","Zm00001eb058390"
"1958","Zm00001eb055110"
"1959","Zm00001eb052790"
"1960","Zm00001eb032670"
"1961","Zm00001eb014850"
"1962","Zm00001eb036710"
"1963","Zm00001eb031310"
"1964","Zm00001eb059030"
"1965","Zm00001eb058860"
"1966","Zm00001eb035030"
"1967","Zm00001eb003060"
"1968","Zm00001eb057870"
"1969","Zm00001eb060330"
"1970","Zm00001eb053370"
"1971","Zm00001eb061430"
"1972","Zm00001eb011590"
"1973","Zm00001eb001890"
"1974","Zm00001eb061120"
"1975","Zm00001eb021890"
"1976","Zm00001eb063310"
"1977","Zm00001eb037350"
"1978","Zm00001eb037170"
"1979","Zm00001eb008060"
"1980","Zm00001eb012740"
"1981","Zm00001eb044600"
"1982","Zm00001eb061860"
"1983","Zm00001eb055560"
"1984","Zm00001eb005600"
"1985","Zm00001eb041610"
"1986","Zm00001eb013620"
"1987","Zm00001eb040740"
"1988","Zm00001eb031210"
"1989","Zm00001eb025800"
"1990","Zm00001eb029560"
"1991","Zm00001eb030880"
"1992","Zm00001eb018520"
"1993","Zm00001eb026810"
"1994","Zm00001eb000490"
"1995","Zm00001eb028720"
"1996","Zm00001eb048190"
"1997","Zm00001eb016990"
"1998","Zm00001eb007030"
"1999","Zm00001eb011470"
"2000","Zm00001eb023890"
"2001","Zm00001eb048160"
"2002","Zm00001eb056360"
"2003","Zm00001eb065300"
"2004","Zm00001eb016660"
"2005","Zm00001eb029610"
"2006","Zm00001eb039300"
"2007","Zm00001eb002000"
"2008","Zm00001eb035340"
"2009","Zm00001eb012330"
"2010","Zm00001eb025700"
"2011","Zm00001eb032030"
"2012","Zm00001eb054280"
"2013","Zm00001eb060550"
"2014","Zm00001eb011900"
"2015","Zm00001eb056300"
"2016","Zm00001eb046590"
"2017","Zm00001eb040770"
"2018","Zm00001eb046700"
"2019","Zm00001eb005920"
"2020","Zm00001eb056020"
"2021","Zm00001eb054960"
"2022","Zm00001eb007130"
"2023","Zm00001eb020710"
"2024","Zm00001eb016940"
"2025","Zm00001eb050860"
"2026","Zm00001eb013690"
"2027","Zm00001eb056610"
"2028","Zm00001eb036800"
"2029","Zm00001eb020850"
"2030","Zm00001eb010650"
"2031","Zm00001eb056470"
"2032","Zm00001eb062760"
"2033","Zm00001eb040260"
"2034","Zm00001eb048390"
"2035","Zm00001eb059370"
"2036","Zm00001eb034700"
"2037","Zm00001eb038920"
"2038","Zm00001eb053200"
"2039","Zm00001eb023290"
"2040","Zm00001eb063150"
"2041","Zm00001eb054400"
"2042","Zm00001eb017150"
"2043","Zm00001eb014670"
"2044","Zm00001eb052690"
"2045","Zm00001eb000440"
"2046","Zm00001eb042090"
"2047","Zm00001eb016040"
"2048","Zm00001eb062040"
"2049","Zm00001eb007170"
"2050","Zm00001eb035750"
"2051","Zm00001eb033240"
"2052","Zm00001eb054000"
"2053","Zm00001eb063190"
"2054","Zm00001eb044740"
"2055","Zm00001eb063680"
"2056","Zm00001eb051330"
"2057","Zm00001eb024280"
"2058","Zm00001eb058790"
"2059","Zm00001eb001220"
"2060","Zm00001eb019590"
"2061","Zm00001eb037570"
"2062","Zm00001eb012540"
"2063","Zm00001eb053510"
"2064","Zm00001eb039610"
"2065","Zm00001eb062840"
"2066","Zm00001eb052910"
"2067","Zm00001eb030050"
"2068","Zm00001eb028680"
"2069","Zm00001eb053870"
"2070","Zm00001eb045330"
"2071","Zm00001eb029470"
"2072","Zm00001eb064230"
"2073","Zm00001eb021220"
"2074","Zm00001eb052150"
"2075","Zm00001eb010500"
"2076","Zm00001eb059730"
"2077","Zm00001eb004190"
"2078","Zm00001eb056210"
"2079","Zm00001eb035720"
"2080","Zm00001eb045420"
"2081","Zm00001eb048680"
"2082","Zm00001eb060950"
"2083","Zm00001eb051120"
"2084","Zm00001eb024190"
"2085","Zm00001eb044190"
"2086","Zm00001eb045880"
"2087","Zm00001eb048270"
"2088","Zm00001eb043760"
"2089","Zm00001eb034970"
"2090","Zm00001eb006560"
"2091","Zm00001eb020350"
"2092","Zm00001eb028930"
"2093","Zm00001eb053360"
"2094","Zm00001eb064830"
"2095","Zm00001eb038450"
"2096","Zm00001eb050740"
"2097","Zm00001eb015880"
"2098","Zm00001eb017520"
"2099","Zm00001eb040180"
"2100","Zm00001eb006900"
"2101","Zm00001eb009900"
"2102","Zm00001eb056520"
"2103","Zm00001eb010190"
"2104","Zm00001eb061170"
"2105","Zm00001eb037520"
"2106","Zm00001eb041970"
"2107","Zm00001eb019280"
"2108","Zm00001eb017290"
"2109","Zm00001eb000690"
"2110","Zm00001eb047610"
"2111","Zm00001eb059830"
"2112","Zm00001eb060990"
"2113","Zm00001eb064790"
"2114","Zm00001eb000770"
"2115","Zm00001eb063990"
"2116","Zm00001eb064570"
"2117","Zm00001eb038380"
"2118","Zm00001eb015460"
"2119","Zm00001eb001190"
"2120","Zm00001eb005060"
"2121","Zm00001eb063110"
"2122","Zm00001eb002550"
"2123","Zm00001eb002540"
"2124","Zm00001eb013130"
"2125","Zm00001eb009360"
"2126","Zm00001eb056790"
"2127","Zm00001eb005190"
"2128","Zm00001eb008400"
"2129","Zm00001eb041140"
"2130","Zm00001eb047060"
"2131","Zm00001eb041740"
"2132","Zm00001eb055880"
"2133","Zm00001eb016320"
"2134","Zm00001eb059160"
"2135","Zm00001eb041210"
"2136","Zm00001eb025460"
"2137","Zm00001eb024900"
"2138","Zm00001eb002800"
"2139","Zm00001eb043000"
"2140","Zm00001eb057030"
"2141","Zm00001eb032360"
"2142","Zm00001eb025880"
"2143","Zm00001eb012680"
"2144","Zm00001eb034080"
"2145","Zm00001eb049070"
"2146","Zm00001eb046420"
"2147","Zm00001eb053730"
"2148","Zm00001eb060090"
"2149","Zm00001eb043920"
"2150","Zm00001eb014180"
"2151","Zm00001eb058630"
"2152","Zm00001eb015310"
"2153","Zm00001eb044910"
"2154","Zm00001eb024570"
"2155","Zm00001eb062110"
"2156","Zm00001eb065000"
"2157","Zm00001eb059790"
"2158","Zm00001eb001370"
"2159","Zm00001eb015060"
"2160","Zm00001eb036930"
"2161","Zm00001eb040960"
"2162","Zm00001eb003110"
"2163","Zm00001eb062190"
"2164","Zm00001eb024450"
"2165","Zm00001eb063800"
"2166","Zm00001eb016780"
"2167","Zm00001eb013650"
"2168","Zm00001eb042310"
"2169","Zm00001eb022650"
"2170","Zm00001eb007090"
"2171","Zm00001eb064120"
"2172","Zm00001eb054910"
"2173","Zm00001eb060430"
"2174","Zm00001eb041370"
"2175","Zm00001eb004550"
"2176","Zm00001eb017080"
"2177","Zm00001eb015950"
"2178","Zm00001eb035620"
"2179","Zm00001eb046120"
"2180","Zm00001eb063650"
"2181","Zm00001eb049010"
"2182","Zm00001eb011830"
"2183","Zm00001eb027790"
"2184","Zm00001eb031950"
"2185","Zm00001eb005440"
"2186","Zm00001eb016190"
"2187","Zm00001eb037660"
"2188","Zm00001eb009920"
"2189","Zm00001eb009980"
"2190","Zm00001eb055850"
"2191","Zm00001eb008590"
"2192","Zm00001eb025300"
"2193","Zm00001eb001010"
"2194","Zm00001eb033150"
"2195","Zm00001eb045200"
"2196","Zm00001eb045620"
"2197","Zm00001eb055360"
"2198","Zm00001eb017340"
"2199","Zm00001eb051910"
"2200","Zm00001eb044420"
"2201","Zm00001eb039040"
"2202","Zm00001eb022040"
"2203","Zm00001eb039830"
"2204","Zm00001eb015250"
"2205","Zm00001eb065090"
"2206","Zm00001eb008930"
"2207","Zm00001eb010740"
"2208","Zm00001eb057300"
"2209","Zm00001eb026110"
"2210","Zm00001eb057250"
"2211","Zm00001eb014730"
"2212","Zm00001eb000890"
"2213","Zm00001eb017120"
"2214","Zm00001eb010360"
"2215","Zm00001eb043800"
"2216","Zm00001eb044400"
"2217","Zm00001eb009320"
"2218","Zm00001eb006300"
"2219","Zm00001eb028940"
"2220","Zm00001eb050100"
"2221","Zm00001eb039380"
"2222","Zm00001eb010280"
"2223","Zm00001eb013250"
"2224","Zm00001eb042280"
"2225","Zm00001eb031870"
"2226","Zm00001eb017350"
"2227","Zm00001eb005710"
"2228","Zm00001eb041390"
"2229","Zm00001eb059090"
"2230","Zm00001eb062820"
"2231","Zm00001eb031700"
"2232","Zm00001eb043030"
"2233","Zm00001eb061740"
"2234","Zm00001eb038650"
"2235","Zm00001eb058460"
"2236","Zm00001eb057490"
"2237","Zm00001eb007150"
"2238","Zm00001eb062730"
"2239","Zm00001eb011990"
"2240","Zm00001eb004120"
"2241","Zm00001eb054990"
"2242","Zm00001eb011910"
"2243","Zm00001eb035510"
"2244","Zm00001eb029640"
"2245","Zm00001eb019530"
"2246","Zm00001eb054650"
"2247","Zm00001eb012410"
"2248","Zm00001eb012200"
"2249","Zm00001eb050280"
"2250","Zm00001eb054050"
"2251","Zm00001eb063370"
"2252","Zm00001eb013550"
"2253","Zm00001eb043270"
"2254","Zm00001eb053260"
"2255","Zm00001eb048920"
"2256","Zm00001eb016080"
"2257","Zm00001eb052020"
"2258","Zm00001eb019420"
"2259","Zm00001eb027590"
"2260","Zm00001eb028500"
"2261","Zm00001eb014500"
"2262","Zm00001eb008740"
"2263","Zm00001eb038200"
"2264","Zm00001eb010590"
"2265","Zm00001eb050660"
"2266","Zm00001eb004750"
"2267","Zm00001eb043470"
"2268","Zm00001eb035390"
"2269","Zm00001eb047570"
"2270","Zm00001eb031500"
"2271","Zm00001eb001150"
"2272","Zm00001eb047240"
"2273","Zm00001eb030950"
"2274","Zm00001eb009370"
"2275","Zm00001eb031400"
"2276","Zm00001eb060380"
"2277","Zm00001eb022900"
"2278","Zm00001eb061610"
"2279","Zm00001eb001570"
"2280","Zm00001eb055980"
"2281","Zm00001eb003330"
"2282","Zm00001eb007800"
"2283","Zm00001eb050290"
"2284","Zm00001eb032320"
"2285","Zm00001eb044790"
"2286","Zm00001eb031970"
"2287","Zm00001eb055640"
"2288","Zm00001eb065510"
"2289","Zm00001eb054880"
"2290","Zm00001eb004490"
"2291","Zm00001eb010550"
"2292","Zm00001eb054480"
"2293","Zm00001eb045910"
"2294","Zm00001eb042120"
"2295","Zm00001eb020130"
"2296","Zm00001eb039310"
"2297","Zm00001eb055010"
"2298","Zm00001eb031220"
"2299","Zm00001eb018690"
"2300","Zm00001eb057860"
"2301","Zm00001eb011800"
"2302","Zm00001eb028360"
"2303","Zm00001eb007700"
"2304","Zm00001eb015920"
"2305","Zm00001eb058490"
"2306","Zm00001eb022580"
"2307","Zm00001eb047550"
"2308","Zm00001eb023830"
"2309","Zm00001eb019320"
"2310","Zm00001eb014490"
"2311","Zm00001eb041700"
"2312","Zm00001eb017310"
"2313","Zm00001eb032380"
"2314","Zm00001eb064090"
"2315","Zm00001eb015030"
"2316","Zm00001eb033790"
"2317","Zm00001eb051500"
"2318","Zm00001eb049170"
"2319","Zm00001eb004050"
"2320","Zm00001eb033000"
"2321","Zm00001eb008520"
"2322","Zm00001eb028290"
"2323","Zm00001eb008360"
"2324","Zm00001eb028860"
"2325","Zm00001eb027810"
"2326","Zm00001eb021400"
"2327","Zm00001eb062790"
"2328","Zm00001eb015700"
"2329","Zm00001eb031810"
"2330","Zm00001eb015220"
"2331","Zm00001eb063100"
"2332","Zm00001eb044470"
"2333","Zm00001eb057430"
"2334","Zm00001eb057060"
"2335","Zm00001eb050230"
"2336","Zm00001eb000570"
"2337","Zm00001eb064780"
"2338","Zm00001eb035350"
"2339","Zm00001eb055620"
"2340","Zm00001eb018320"
"2341","Zm00001eb033570"
"2342","Zm00001eb000420"
"2343","Zm00001eb042490"
"2344","Zm00001eb050110"
"2345","Zm00001eb010320"
"2346","Zm00001eb053160"
"2347","Zm00001eb012670"
"2348","Zm00001eb002100"
"2349","Zm00001eb048600"
"2350","Zm00001eb025340"
"2351","Zm00001eb041850"
"2352","Zm00001eb018860"
"2353","Zm00001eb032920"
"2354","Zm00001eb042300"
"2355","Zm00001eb000230"
"2356","Zm00001eb039010"
"2357","Zm00001eb060900"
"2358","Zm00001eb041170"
"2359","Zm00001eb007900"
"2360","Zm00001eb057530"
"2361","Zm00001eb037200"
"2362","Zm00001eb061370"
"2363","Zm00001eb010610"
"2364","Zm00001eb022400"
"2365","Zm00001eb044980"
"2366","Zm00001eb046750"
"2367","Zm00001eb056450"
"2368","Zm00001eb063880"
"2369","Zm00001eb026180"
"2370","Zm00001eb006080"
"2371","Zm00001eb020870"
"2372","Zm00001eb016670"
"2373","Zm00001eb015550"
"2374","Zm00001eb037330"
"2375","Zm00001eb024290"
"2376","Zm00001eb052680"
"2377","Zm00001eb018980"
"2378","Zm00001eb030890"
"2379","Zm00001eb017140"
"2380","Zm00001eb016440"
"2381","Zm00001eb010910"
"2382","Zm00001eb035040"
"2383","Zm00001eb017210"
"2384","Zm00001eb012770"
"2385","Zm00001eb058330"
"2386","Zm00001eb038600"
"2387","Zm00001eb042340"
"2388","Zm00001eb050060"
"2389","Zm00001eb052640"
"2390","Zm00001eb021030"
"2391","Zm00001eb044350"
"2392","Zm00001eb028570"
"2393","Zm00001eb034940"
"2394","Zm00001eb046910"
"2395","Zm00001eb059230"
"2396","Zm00001eb061940"
"2397","Zm00001eb027830"
"2398","Zm00001eb033230"
"2399","Zm00001eb050480"
"2400","Zm00001eb005330"
"2401","Zm00001eb039840"
"2402","Zm00001eb043960"
"2403","Zm00001eb012440"
"2404","Zm00001eb026710"
"2405","Zm00001eb020460"
"2406","Zm00001eb057100"
"2407","Zm00001eb017280"
"2408","Zm00001eb042710"
"2409","Zm00001eb041480"
"2410","Zm00001eb000620"
"2411","Zm00001eb051040"
"2412","Zm00001eb024850"
"2413","Zm00001eb059360"
"2414","Zm00001eb010560"
"2415","Zm00001eb007600"
"2416","Zm00001eb040360"
"2417","Zm00001eb012580"
"2418","Zm00001eb048540"
"2419","Zm00001eb042270"
"2420","Zm00001eb009730"
"2421","Zm00001eb022660"
"2422","Zm00001eb057280"
"2423","Zm00001eb061800"
"2424","Zm00001eb029690"
"2425","Zm00001eb046310"
"2426","Zm00001eb008440"
"2427","Zm00001eb064410"
"2428","Zm00001eb054260"
"2429","Zm00001eb039810"
"2430","Zm00001eb049120"
"2431","Zm00001eb017640"
"2432","Zm00001eb014960"
"2433","Zm00001eb036950"
"2434","Zm00001eb049960"
"2435","Zm00001eb012340"
"2436","Zm00001eb055820"
"2437","Zm00001eb003170"
"2438","Zm00001eb042750"
"2439","Zm00001eb027150"
"2440","Zm00001eb007440"
"2441","Zm00001eb059840"
"2442","Zm00001eb050990"
"2443","Zm00001eb020180"
"2444","Zm00001eb053420"
"2445","Zm00001eb010130"
"2446","Zm00001eb015150"
"2447","Zm00001eb015770"
"2448","Zm00001eb012860"
"2449","Zm00001eb009310"
"2450","Zm00001eb038010"
"2451","Zm00001eb053190"
"2452","Zm00001eb010460"
"2453","Zm00001eb003420"
"2454","Zm00001eb048310"
"2455","Zm00001eb029580"
"2456","Zm00001eb011000"
"2457","Zm00001eb043750"
"2458","Zm00001eb011820"
"2459","Zm00001eb053740"
"2460","Zm00001eb032990"
"2461","Zm00001eb023450"
"2462","Zm00001eb003930"
"2463","Zm00001eb027670"
"2464","Zm00001eb013510"
"2465","Zm00001eb061730"
"2466","Zm00001eb045520"
"2467","Zm00001eb003360"
"2468","Zm00001eb053470"
"2469","Zm00001eb054500"
"2470","Zm00001eb059980"
"2471","Zm00001eb062800"
"2472","Zm00001eb053670"
"2473","Zm00001eb035130"
"2474","Zm00001eb005430"
"2475","Zm00001eb041890"
"2476","Zm00001eb012900"
"2477","Zm00001eb016240"
"2478","Zm00001eb042640"
"2479","Zm00001eb014890"
"2480","Zm00001eb003750"
"2481","Zm00001eb036780"
"2482","Zm00001eb052550"
"2483","Zm00001eb056190"
"2484","Zm00001eb023100"
"2485","Zm00001eb061060"
"2486","Zm00001eb038190"
"2487","Zm00001eb054840"
"2488","Zm00001eb015620"
"2489","Zm00001eb030090"
"2490","Zm00001eb019140"
"2491","Zm00001eb032110"
"2492","Zm00001eb065420"
"2493","Zm00001eb040970"
"2494","Zm00001eb049930"
"2495","Zm00001eb058140"
"2496","Zm00001eb047830"
"2497","Zm00001eb012560"
"2498","Zm00001eb058980"
"2499","Zm00001eb042450"
"2500","Zm00001eb051830"
"2501","Zm00001eb013230"
"2502","Zm00001eb007240"
"2503","Zm00001eb022720"
"2504","Zm00001eb011040"
"2505","Zm00001eb012010"
"2506","Zm00001eb009490"
"2507","Zm00001eb054410"
"2508","Zm00001eb015890"
"2509","Zm00001eb053410"
"2510","Zm00001eb006620"
"2511","Zm00001eb022280"
"2512","Zm00001eb014790"
"2513","Zm00001eb004940"
"2514","Zm00001eb044590"
"2515","Zm00001eb033410"
"2516","Zm00001eb046450"
"2517","Zm00001eb019850"
"2518","Zm00001eb012310"
"2519","Zm00001eb051990"
"2520","Zm00001eb044970"
"2521","Zm00001eb012420"
"2522","Zm00001eb056580"
"2523","Zm00001eb016600"
"2524","Zm00001eb045350"
"2525","Zm00001eb057400"
"2526","Zm00001eb046690"
"2527","Zm00001eb025070"
"2528","Zm00001eb000680"
"2529","Zm00001eb015730"
"2530","Zm00001eb060520"
"2531","Zm00001eb034990"
"2532","Zm00001eb019730"
"2533","Zm00001eb012590"
"2534","Zm00001eb038110"
"2535","Zm00001eb023620"
"2536","Zm00001eb033820"
"2537","Zm00001eb054370"
"2538","Zm00001eb005960"
"2539","Zm00001eb030410"
"2540","Zm00001eb034010"
"2541","Zm00001eb032200"
"2542","Zm00001eb024460"
"2543","Zm00001eb021710"
"2544","Zm00001eb053960"
"2545","Zm00001eb052740"
"2546","Zm00001eb043100"
"2547","Zm00001eb021830"
"2548","Zm00001eb046560"
"2549","Zm00001eb007320"
"2550","Zm00001eb028030"
"2551","Zm00001eb005810"
"2552","Zm00001eb049890"
"2553","Zm00001eb065360"
"2554","Zm00001eb036900"
"2555","Zm00001eb062160"
"2556","Zm00001eb041400"
"2557","Zm00001eb029330"
"2558","Zm00001eb028330"
"2559","Zm00001eb046980"
"2560","Zm00001eb041130"
"2561","Zm00001eb051080"
"2562","Zm00001eb006470"
"2563","Zm00001eb038890"
"2564","Zm00001eb001530"
"2565","Zm00001eb015320"
"2566","Zm00001eb060200"
"2567","Zm00001eb054010"
"2568","Zm00001eb043630"
"2569","Zm00001eb048820"
"2570","Zm00001eb012530"
"2571","Zm00001eb007180"
"2572","Zm00001eb009140"
"2573","Zm00001eb057320"
"2574","Zm00001eb055170"
"2575","Zm00001eb064300"
"2576","Zm00001eb031990"
"2577","Zm00001eb055490"
"2578","Zm00001eb051870"
"2579","Zm00001eb053840"
"2580","Zm00001eb054660"
"2581","Zm00001eb004710"
"2582","Zm00001eb033700"
"2583","Zm00001eb008890"
"2584","Zm00001eb013590"
"2585","Zm00001eb016180"
"2586","Zm00001eb031290"
"2587","Zm00001eb021260"
"2588","Zm00001eb004400"
"2589","Zm00001eb030510"
"2590","Zm00001eb009960"
"2591","Zm00001eb030770"
"2592","Zm00001eb055460"
"2593","Zm00001eb056940"
"2594","Zm00001eb053350"
"2595","Zm00001eb034850"
"2596","Zm00001eb036570"
"2597","Zm00001eb013850"
"2598","Zm00001eb058220"
"2599","Zm00001eb022980"
"2600","Zm00001eb042780"
"2601","Zm00001eb026350"
"2602","Zm00001eb017770"
"2603","Zm00001eb054150"
"2604","Zm00001eb024700"
"2605","Zm00001eb012780"
"2606","Zm00001eb050400"
"2607","Zm00001eb043380"
"2608","Zm00001eb028780"
"2609","Zm00001eb023910"
"2610","Zm00001eb056510"
"2611","Zm00001eb053460"
"2612","Zm00001eb015940"
"2613","Zm00001eb053790"
"2614","Zm00001eb039820"
"2615","Zm00001eb064310"
"2616","Zm00001eb041940"
"2617","Zm00001eb045240"
"2618","Zm00001eb037820"
"2619","Zm00001eb017230"
"2620","Zm00001eb011310"
"2621","Zm00001eb009580"
"2622","Zm00001eb022130"
"2623","Zm00001eb008470"
"2624","Zm00001eb009770"
"2625","Zm00001eb011160"
"2626","Zm00001eb018410"
"2627","Zm00001eb017560"
"2628","Zm00001eb047110"
"2629","Zm00001eb011430"
"2630","Zm00001eb010410"
"2631","Zm00001eb033060"
"2632","Zm00001eb047140"
"2633","Zm00001eb020280"
"2634","Zm00001eb039420"
"2635","Zm00001eb045680"
"2636","Zm00001eb052510"
"2637","Zm00001eb023170"
"2638","Zm00001eb000850"
"2639","Zm00001eb051950"
"2640","Zm00001eb032600"
"2641","Zm00001eb002690"
"2642","Zm00001eb057360"
"2643","Zm00001eb030990"
"2644","Zm00001eb008700"
"2645","Zm00001eb012000"
"2646","Zm00001eb015760"
"2647","Zm00001eb011920"
"2648","Zm00001eb028740"
"2649","Zm00001eb025040"
"2650","Zm00001eb063390"
"2651","Zm00001eb005630"
"2652","Zm00001eb056330"
"2653","Zm00001eb057290"
"2654","Zm00001eb046740"
"2655","Zm00001eb002390"
"2656","Zm00001eb018430"
"2657","Zm00001eb026030"
"2658","Zm00001eb047010"
"2659","Zm00001eb064020"
"2660","Zm00001eb057930"
"2661","Zm00001eb004760"
"2662","Zm00001eb026840"
"2663","Zm00001eb002870"
"2664","Zm00001eb000080"
"2665","Zm00001eb002490"
"2666","Zm00001eb045640"
"2667","Zm00001eb040240"
"2668","Zm00001eb063730"
"2669","Zm00001eb027760"
"2670","Zm00001eb016570"
"2671","Zm00001eb049940"
"2672","Zm00001eb054380"
"2673","Zm00001eb005370"
"2674","Zm00001eb062230"
"2675","Zm00001eb047780"
"2676","Zm00001eb025560"
"2677","Zm00001eb009060"
"2678","Zm00001eb038310"
"2679","Zm00001eb042400"
"2680","Zm00001eb051580"
"2681","Zm00001eb048480"
"2682","Zm00001eb020780"
"2683","Zm00001eb021170"
"2684","Zm00001eb053750"
"2685","Zm00001eb052260"
"2686","Zm00001eb056080"
"2687","Zm00001eb000800"
"2688","Zm00001eb032290"
"2689","Zm00001eb055750"
"2690","Zm00001eb029220"
"2691","Zm00001eb048850"
"2692","Zm00001eb028550"
"2693","Zm00001eb062770"
"2694","Zm00001eb010060"
"2695","Zm00001eb033960"
"2696","Zm00001eb037190"
"2697","Zm00001eb010680"
"2698","Zm00001eb064970"
"2699","Zm00001eb026540"
"2700","Zm00001eb039590"
"2701","Zm00001eb033220"
"2702","Zm00001eb032230"
"2703","Zm00001eb009550"
"2704","Zm00001eb013830"
"2705","Zm00001eb032060"
"2706","Zm00001eb003810"
"2707","Zm00001eb016630"
"2708","Zm00001eb055800"
"2709","Zm00001eb039400"
"2710","Zm00001eb052940"
"2711","Zm00001eb065390"
"2712","Zm00001eb065080"
"2713","Zm00001eb006940"
"2714","Zm00001eb011480"
"2715","Zm00001eb020680"
"2716","Zm00001eb015860"
"2717","Zm00001eb039440"
"2718","Zm00001eb054290"
"2719","Zm00001eb035450"
"2720","Zm00001eb012430"
"2721","Zm00001eb032930"
"2722","Zm00001eb056950"
"2723","Zm00001eb043970"
"2724","Zm00001eb036580"
"2725","Zm00001eb051360"
"2726","Zm00001eb051410"
"2727","Zm00001eb004320"
"2728","Zm00001eb025150"
"2729","Zm00001eb020830"
"2730","Zm00001eb031680"
"2731","Zm00001eb001490"
"2732","Zm00001eb061260"
"2733","Zm00001eb033160"
"2734","Zm00001eb037450"
"2735","Zm00001eb045870"
"2736","Zm00001eb029990"
"2737","Zm00001eb061460"
"2738","Zm00001eb060590"
"2739","Zm00001eb021920"
"2740","Zm00001eb059720"
"2741","Zm00001eb043780"
"2742","Zm00001eb004170"
"2743","Zm00001eb012270"
"2744","Zm00001eb056480"
"2745","Zm00001eb037030"
"2746","Zm00001eb063500"
"2747","Zm00001eb031300"
"2748","Zm00001eb063710"
"2749","Zm00001eb000520"
"2750","Zm00001eb064590"
"2751","Zm00001eb057050"
"2752","Zm00001eb016290"
"2753","Zm00001eb058300"
"2754","Zm00001eb039760"
"2755","Zm00001eb057500"
"2756","Zm00001eb008650"
"2757","Zm00001eb042900"
"2758","Zm00001eb053340"
"2759","Zm00001eb060730"
"2760","Zm00001eb023880"
"2761","Zm00001eb019890"
"2762","Zm00001eb003490"
"2763","Zm00001eb001680"
"2764","Zm00001eb064840"
"2765","Zm00001eb051470"
"2766","Zm00001eb043650"
"2767","Zm00001eb014780"
"2768","Zm00001eb039620"
"2769","Zm00001eb002420"
"2770","Zm00001eb054140"
"2771","Zm00001eb056240"
"2772","Zm00001eb000860"
"2773","Zm00001eb042040"
"2774","Zm00001eb006480"
"2775","Zm00001eb000670"
"2776","Zm00001eb003550"
"2777","Zm00001eb010400"
"2778","Zm00001eb014740"
"2779","Zm00001eb053850"
"2780","Zm00001eb015440"
"2781","Zm00001eb054520"
"2782","Zm00001eb055700"
"2783","Zm00001eb063600"
"2784","Zm00001eb036130"
"2785","Zm00001eb002570"
"2786","Zm00001eb064350"
"2787","Zm00001eb038430"
"2788","Zm00001eb018490"
"2789","Zm00001eb005690"
"2790","Zm00001eb026680"
"2791","Zm00001eb014150"
"2792","Zm00001eb001780"
"2793","Zm00001eb021760"
"2794","Zm00001eb041160"
"2795","Zm00001eb059650"
"2796","Zm00001eb058320"
"2797","Zm00001eb027100"
"2798","Zm00001eb040380"
"2799","Zm00001eb022240"
"2800","Zm00001eb010820"
"2801","Zm00001eb011620"
"2802","Zm00001eb048800"
"2803","Zm00001eb041230"
"2804","Zm00001eb011220"
"2805","Zm00001eb064000"
"2806","Zm00001eb012720"
"2807","Zm00001eb016720"
"2808","Zm00001eb024680"
"2809","Zm00001eb002220"
"2810","Zm00001eb017690"
"2811","Zm00001eb045890"
"2812","Zm00001eb017060"
"2813","Zm00001eb001980"
"2814","Zm00001eb015970"
"2815","Zm00001eb062360"
"2816","Zm00001eb027750"
"2817","Zm00001eb009120"
"2818","Zm00001eb011680"
"2819","Zm00001eb031600"
"2820","Zm00001eb021320"
"2821","Zm00001eb056540"
"2822","Zm00001eb011860"
"2823","Zm00001eb045390"
"2824","Zm00001eb039720"
"2825","Zm00001eb024930"
"2826","Zm00001eb032550"
"2827","Zm00001eb047020"
"2828","Zm00001eb063890"
"2829","Zm00001eb023110"
"2830","Zm00001eb062130"
"2831","Zm00001eb033040"
"2832","Zm00001eb051340"
"2833","Zm00001eb048210"
"2834","Zm00001eb012300"
"2835","Zm00001eb036440"
"2836","Zm00001eb045560"
"2837","Zm00001eb057580"
"2838","Zm00001eb062940"
"2839","Zm00001eb003880"
"2840","Zm00001eb049770"
"2841","Zm00001eb002450"
"2842","Zm00001eb049840"
"2843","Zm00001eb053580"
"2844","Zm00001eb000910"
"2845","Zm00001eb030450"
"2846","Zm00001eb000320"
"2847","Zm00001eb005400"
"2848","Zm00001eb004410"
"2849","Zm00001eb023500"
"2850","Zm00001eb002170"
"2851","Zm00001eb017320"
"2852","Zm00001eb058600"
"2853","Zm00001eb009660"
"2854","Zm00001eb018380"
"2855","Zm00001eb015090"
"2856","Zm00001eb065320"
"2857","Zm00001eb020800"
"2858","Zm00001eb014250"
"2859","Zm00001eb001040"
"2860","Zm00001eb024870"
"2861","Zm00001eb009870"
"2862","Zm00001eb025410"
"2863","Zm00001eb036040"
"2864","Zm00001eb013710"
"2865","Zm00001eb024360"
"2866","Zm00001eb060130"
"2867","Zm00001eb020060"
"2868","Zm00001eb000870"
"2869","Zm00001eb022670"
"2870","Zm00001eb041880"
"2871","Zm00001eb028250"
"2872","Zm00001eb010240"
"2873","Zm00001eb044040"
"2874","Zm00001eb056050"
"2875","Zm00001eb044260"
"2876","Zm00001eb009080"
"2877","Zm00001eb057230"
"2878","Zm00001eb050840"
"2879","Zm00001eb061320"
"2880","Zm00001eb051450"
"2881","Zm00001eb064940"
"2882","Zm00001eb042850"
"2883","Zm00001eb025760"
"2884","Zm00001eb015270"
"2885","Zm00001eb049580"
"2886","Zm00001eb043850"
"2887","Zm00001eb025390"
"2888","Zm00001eb056720"
"2889","Zm00001eb040510"
"2890","Zm00001eb050120"
"2891","Zm00001eb001870"
"2892","Zm00001eb061450"
"2893","Zm00001eb053220"
"2894","Zm00001eb045760"
"2895","Zm00001eb040280"
"2896","Zm00001eb013340"
"2897","Zm00001eb062390"
"2898","Zm00001eb044440"
"2899","Zm00001eb030760"
"2900","Zm00001eb003570"
"2901","Zm00001eb025900"
"2902","Zm00001eb043610"
"2903","Zm00001eb048670"
"2904","Zm00001eb012390"
"2905","Zm00001eb013760"
"2906","Zm00001eb054670"
"2907","Zm00001eb002070"
"2908","Zm00001eb036890"
"2909","Zm00001eb046010"
"2910","Zm00001eb044200"
"2911","Zm00001eb041410"
"2912","Zm00001eb021940"
"2913","Zm00001eb059960"
"2914","Zm00001eb045670"
"2915","Zm00001eb018720"
"2916","Zm00001eb013990"
"2917","Zm00001eb026090"
"2918","Zm00001eb026400"
"2919","Zm00001eb050680"
"2920","Zm00001eb003000"
"2921","Zm00001eb030780"
"2922","Zm00001eb034040"
"2923","Zm00001eb053050"
"2924","Zm00001eb015790"
"2925","Zm00001eb048860"
"2926","Zm00001eb057470"
"2927","Zm00001eb035420"
"2928","Zm00001eb033870"
"2929","Zm00001eb005550"
"2930","Zm00001eb053810"
"2931","Zm00001eb061190"
"2932","Zm00001eb058010"
"2933","Zm00001eb064880"
"2934","Zm00001eb059180"
"2935","Zm00001eb006610"
"2936","Zm00001eb010110"
"2937","Zm00001eb058480"
"2938","Zm00001eb024260"
"2939","Zm00001eb031150"
"2940","Zm00001eb016100"
"2941","Zm00001eb033760"
"2942","Zm00001eb064770"
"2943","Zm00001eb041190"
"2944","Zm00001eb028220"
"2945","Zm00001eb018630"
"2946","Zm00001eb064810"
"2947","Zm00001eb063270"
"2948","Zm00001eb005130"
"2949","Zm00001eb004250"
"2950","Zm00001eb043440"
"2951","Zm00001eb022250"
"2952","Zm00001eb027200"
"2953","Zm00001eb044640"
"2954","Zm00001eb050010"
"2955","Zm00001eb062330"
"2956","Zm00001eb042460"
"2957","Zm00001eb058870"
"2958","Zm00001eb007690"
"2959","Zm00001eb059700"
"2960","Zm00001eb019860"
"2961","Zm00001eb057710"
"2962","Zm00001eb061560"
"2963","Zm00001eb047460"
"2964","Zm00001eb018300"
"2965","Zm00001eb047920"
"2966","Zm00001eb033580"
"2967","Zm00001eb023230"
"2968","Zm00001eb044160"
"2969","Zm00001eb002270"
"2970","Zm00001eb057410"
"2971","Zm00001eb025500"
"2972","Zm00001eb052300"
"2973","Zm00001eb025080"
"2974","Zm00001eb014210"
"2975","Zm00001eb012870"
"2976","Zm00001eb003850"
"2977","Zm00001eb065140"
"2978","Zm00001eb008380"
"2979","Zm00001eb019240"
"2980","Zm00001eb061520"
"2981","Zm00001eb019800"
"2982","Zm00001eb013110"
"2983","Zm00001eb046370"
"2984","Zm00001eb034130"
"2985","Zm00001eb029680"
"2986","Zm00001eb007570"
"2987","Zm00001eb060680"
"2988","Zm00001eb026940"
"2989","Zm00001eb062070"
"2990","Zm00001eb034760"
"2991","Zm00001eb029410"
"2992","Zm00001eb047840"
"2993","Zm00001eb007060"
"2994","Zm00001eb041050"
"2995","Zm00001eb051280"
"2996","Zm00001eb009250"
"2997","Zm00001eb048720"
"2998","Zm00001eb043220"
"2999","Zm00001eb039710"
"3000","Zm00001eb024180"
"3001","Zm00001eb048150"
"3002","Zm00001eb048290"
"3003","Zm00001eb028440"
"3004","Zm00001eb064620"
"3005","Zm00001eb045530"
"3006","Zm00001eb045930"
"3007","Zm00001eb004790"
"3008","Zm00001eb060810"
"3009","Zm00001eb009100"
"3010","Zm00001eb018990"
"3011","Zm00001eb064680"
"3012","Zm00001eb002430"
"3013","Zm00001eb053620"
"3014","Zm00001eb012360"
"3015","Zm00001eb040900"
"3016","Zm00001eb061290"
"3017","Zm00001eb063820"
"3018","Zm00001eb057310"
"3019","Zm00001eb015040"
"3020","Zm00001eb012650"
"3021","Zm00001eb041450"
"3022","Zm00001eb006390"
"3023","Zm00001eb058150"
"3024","Zm00001eb009510"
"3025","Zm00001eb016960"
"3026","Zm00001eb043680"
"3027","Zm00001eb064870"
"3028","Zm00001eb001940"
"3029","Zm00001eb038580"
"3030","Zm00001eb054790"
"3031","Zm00001eb006690"
"3032","Zm00001eb060410"
"3033","Zm00001eb051020"
"3034","Zm00001eb019340"
"3035","Zm00001eb004590"
"3036","Zm00001eb005420"
"3037","Zm00001eb020120"
"3038","Zm00001eb010990"
"3039","Zm00001eb056130"
"3040","Zm00001eb021390"
"3041","Zm00001eb016000"
"3042","Zm00001eb021470"
"3043","Zm00001eb055970"
"3044","Zm00001eb189060"
"3045","Zm00001eb205610"
"3046","Zm00001eb169380"
"3047","Zm00001eb177270"
"3048","Zm00001eb177190"
"3049","Zm00001eb192640"
"3050","Zm00001eb203320"
"3051","Zm00001eb181260"
"3052","Zm00001eb187660"
"3053","Zm00001eb192910"
"3054","Zm00001eb184050"
"3055","Zm00001eb190880"
"3056","Zm00001eb169670"
"3057","Zm00001eb202940"
"3058","Zm00001eb185580"
"3059","Zm00001eb194620"
"3060","Zm00001eb209850"
"3061","Zm00001eb194410"
"3062","Zm00001eb175200"
"3063","Zm00001eb197860"
"3064","Zm00001eb173240"
"3065","Zm00001eb203470"
"3066","Zm00001eb172590"
"3067","Zm00001eb168740"
"3068","Zm00001eb176110"
"3069","Zm00001eb195070"
"3070","Zm00001eb205790"
"3071","Zm00001eb174060"
"3072","Zm00001eb206850"
"3073","Zm00001eb209210"
"3074","Zm00001eb176950"
"3075","Zm00001eb168120"
"3076","Zm00001eb172780"
"3077","Zm00001eb195290"
"3078","Zm00001eb171010"
"3079","Zm00001eb176750"
"3080","Zm00001eb170920"
"3081","Zm00001eb198640"
"3082","Zm00001eb184870"
"3083","Zm00001eb206480"
"3084","Zm00001eb200400"
"3085","Zm00001eb202090"
"3086","Zm00001eb174480"
"3087","Zm00001eb172920"
"3088","Zm00001eb208110"
"3089","Zm00001eb203090"
"3090","Zm00001eb178190"
"3091","Zm00001eb170140"
"3092","Zm00001eb193120"
"3093","Zm00001eb209620"
"3094","Zm00001eb181810"
"3095","Zm00001eb209260"
"3096","Zm00001eb178250"
"3097","Zm00001eb177530"
"3098","Zm00001eb207370"
"3099","Zm00001eb177980"
"3100","Zm00001eb169290"
"3101","Zm00001eb175850"
"3102","Zm00001eb173510"
"3103","Zm00001eb175100"
"3104","Zm00001eb165320"
"3105","Zm00001eb195230"
"3106","Zm00001eb168670"
"3107","Zm00001eb200810"
"3108","Zm00001eb167780"
"3109","Zm00001eb195180"
"3110","Zm00001eb174940"
"3111","Zm00001eb186770"
"3112","Zm00001eb195390"
"3113","Zm00001eb196350"
"3114","Zm00001eb192630"
"3115","Zm00001eb183430"
"3116","Zm00001eb170240"
"3117","Zm00001eb184930"
"3118","Zm00001eb188120"
"3119","Zm00001eb180680"
"3120","Zm00001eb185640"
"3121","Zm00001eb205260"
"3122","Zm00001eb196310"
"3123","Zm00001eb167790"
"3124","Zm00001eb208230"
"3125","Zm00001eb203920"
"3126","Zm00001eb189910"
"3127","Zm00001eb167670"
"3128","Zm00001eb196670"
"3129","Zm00001eb183460"
"3130","Zm00001eb198990"
"3131","Zm00001eb186280"
"3132","Zm00001eb167940"
"3133","Zm00001eb184500"
"3134","Zm00001eb192850"
"3135","Zm00001eb195530"
"3136","Zm00001eb173420"
"3137","Zm00001eb202460"
"3138","Zm00001eb172800"
"3139","Zm00001eb199940"
"3140","Zm00001eb182900"
"3141","Zm00001eb208140"
"3142","Zm00001eb168220"
"3143","Zm00001eb202950"
"3144","Zm00001eb179730"
"3145","Zm00001eb194870"
"3146","Zm00001eb198560"
"3147","Zm00001eb195630"
"3148","Zm00001eb193840"
"3149","Zm00001eb204260"
"3150","Zm00001eb198830"
"3151","Zm00001eb178980"
"3152","Zm00001eb197900"
"3153","Zm00001eb187310"
"3154","Zm00001eb181970"
"3155","Zm00001eb181360"
"3156","Zm00001eb201130"
"3157","Zm00001eb200180"
"3158","Zm00001eb165210"
"3159","Zm00001eb207640"
"3160","Zm00001eb166450"
"3161","Zm00001eb174980"
"3162","Zm00001eb179330"
"3163","Zm00001eb195470"
"3164","Zm00001eb187870"
"3165","Zm00001eb189120"
"3166","Zm00001eb165200"
"3167","Zm00001eb203340"
"3168","Zm00001eb175860"
"3169","Zm00001eb190670"
"3170","Zm00001eb189170"
"3171","Zm00001eb209340"
"3172","Zm00001eb207420"
"3173","Zm00001eb187070"
"3174","Zm00001eb206680"
"3175","Zm00001eb205550"
"3176","Zm00001eb206010"
"3177","Zm00001eb207050"
"3178","Zm00001eb191380"
"3179","Zm00001eb189240"
"3180","Zm00001eb204000"
"3181","Zm00001eb176980"
"3182","Zm00001eb166700"
"3183","Zm00001eb209030"
"3184","Zm00001eb169040"
"3185","Zm00001eb191580"
"3186","Zm00001eb174930"
"3187","Zm00001eb178890"
"3188","Zm00001eb204570"
"3189","Zm00001eb191020"
"3190","Zm00001eb179830"
"3191","Zm00001eb189920"
"3192","Zm00001eb185910"
"3193","Zm00001eb188060"
"3194","Zm00001eb172310"
"3195","Zm00001eb189970"
"3196","Zm00001eb165370"
"3197","Zm00001eb202220"
"3198","Zm00001eb174520"
"3199","Zm00001eb202080"
"3200","Zm00001eb185080"
"3201","Zm00001eb209760"
"3202","Zm00001eb193500"
"3203","Zm00001eb184410"
"3204","Zm00001eb209470"
"3205","Zm00001eb168160"
"3206","Zm00001eb192250"
"3207","Zm00001eb206080"
"3208","Zm00001eb206470"
"3209","Zm00001eb179660"
"3210","Zm00001eb180890"
"3211","Zm00001eb204900"
"3212","Zm00001eb202390"
"3213","Zm00001eb187880"
"3214","Zm00001eb179310"
"3215","Zm00001eb193950"
"3216","Zm00001eb177640"
"3217","Zm00001eb187800"
"3218","Zm00001eb194570"
"3219","Zm00001eb200260"
"3220","Zm00001eb192900"
"3221","Zm00001eb206650"
"3222","Zm00001eb173940"
"3223","Zm00001eb191090"
"3224","Zm00001eb170690"
"3225","Zm00001eb168950"
"3226","Zm00001eb180260"
"3227","Zm00001eb198720"
"3228","Zm00001eb191830"
"3229","Zm00001eb199560"
"3230","Zm00001eb208520"
"3231","Zm00001eb190860"
"3232","Zm00001eb169360"
"3233","Zm00001eb196180"
"3234","Zm00001eb195140"
"3235","Zm00001eb167260"
"3236","Zm00001eb189880"
"3237","Zm00001eb187130"
"3238","Zm00001eb183970"
"3239","Zm00001eb195940"
"3240","Zm00001eb209940"
"3241","Zm00001eb192000"
"3242","Zm00001eb205670"
"3243","Zm00001eb192360"
"3244","Zm00001eb208960"
"3245","Zm00001eb175730"
"3246","Zm00001eb174190"
"3247","Zm00001eb178490"
"3248","Zm00001eb166760"
"3249","Zm00001eb171720"
"3250","Zm00001eb182830"
"3251","Zm00001eb184780"
"3252","Zm00001eb173100"
"3253","Zm00001eb188670"
"3254","Zm00001eb179190"
"3255","Zm00001eb195000"
"3256","Zm00001eb165280"
"3257","Zm00001eb201730"
"3258","Zm00001eb206230"
"3259","Zm00001eb198370"
"3260","Zm00001eb166440"
"3261","Zm00001eb184570"
"3262","Zm00001eb189380"
"3263","Zm00001eb164950"
"3264","Zm00001eb195050"
"3265","Zm00001eb205950"
"3266","Zm00001eb198750"
"3267","Zm00001eb209120"
"3268","Zm00001eb177850"
"3269","Zm00001eb174880"
"3270","Zm00001eb198440"
"3271","Zm00001eb206120"
"3272","Zm00001eb168480"
"3273","Zm00001eb202260"
"3274","Zm00001eb198430"
"3275","Zm00001eb189530"
"3276","Zm00001eb168440"
"3277","Zm00001eb190450"
"3278","Zm00001eb192110"
"3279","Zm00001eb198950"
"3280","Zm00001eb175030"
"3281","Zm00001eb193300"
"3282","Zm00001eb174710"
"3283","Zm00001eb202650"
"3284","Zm00001eb179710"
"3285","Zm00001eb166790"
"3286","Zm00001eb174450"
"3287","Zm00001eb194690"
"3288","Zm00001eb200740"
"3289","Zm00001eb178320"
"3290","Zm00001eb168820"
"3291","Zm00001eb174090"
"3292","Zm00001eb201850"
"3293","Zm00001eb174320"
"3294","Zm00001eb192940"
"3295","Zm00001eb194800"
"3296","Zm00001eb175980"
"3297","Zm00001eb200620"
"3298","Zm00001eb195640"
"3299","Zm00001eb191060"
"3300","Zm00001eb193530"
"3301","Zm00001eb202310"
"3302","Zm00001eb173660"
"3303","Zm00001eb187290"
"3304","Zm00001eb168550"
"3305","Zm00001eb173270"
"3306","Zm00001eb167340"
"3307","Zm00001eb169910"
"3308","Zm00001eb175220"
"3309","Zm00001eb169580"
"3310","Zm00001eb199320"
"3311","Zm00001eb192800"
"3312","Zm00001eb190500"
"3313","Zm00001eb188380"
"3314","Zm00001eb190140"
"3315","Zm00001eb183590"
"3316","Zm00001eb185730"
"3317","Zm00001eb167770"
"3318","Zm00001eb181160"
"3319","Zm00001eb199770"
"3320","Zm00001eb189150"
"3321","Zm00001eb184620"
"3322","Zm00001eb185100"
"3323","Zm00001eb168840"
"3324","Zm00001eb196520"
"3325","Zm00001eb195810"
"3326","Zm00001eb170000"
"3327","Zm00001eb170750"
"3328","Zm00001eb186920"
"3329","Zm00001eb175180"
"3330","Zm00001eb197620"
"3331","Zm00001eb203570"
"3332","Zm00001eb200050"
"3333","Zm00001eb204180"
"3334","Zm00001eb176520"
"3335","Zm00001eb187400"
"3336","Zm00001eb200940"
"3337","Zm00001eb187170"
"3338","Zm00001eb183350"
"3339","Zm00001eb171810"
"3340","Zm00001eb171110"
"3341","Zm00001eb187950"
"3342","Zm00001eb168880"
"3343","Zm00001eb186140"
"3344","Zm00001eb168190"
"3345","Zm00001eb165550"
"3346","Zm00001eb192350"
"3347","Zm00001eb194970"
"3348","Zm00001eb177440"
"3349","Zm00001eb168510"
"3350","Zm00001eb207940"
"3351","Zm00001eb185070"
"3352","Zm00001eb199140"
"3353","Zm00001eb175880"
"3354","Zm00001eb170740"
"3355","Zm00001eb170360"
"3356","Zm00001eb207120"
"3357","Zm00001eb182000"
"3358","Zm00001eb183380"
"3359","Zm00001eb205600"
"3360","Zm00001eb197810"
"3361","Zm00001eb179810"
"3362","Zm00001eb208970"
"3363","Zm00001eb189190"
"3364","Zm00001eb176360"
"3365","Zm00001eb205030"
"3366","Zm00001eb196100"
"3367","Zm00001eb182940"
"3368","Zm00001eb187280"
"3369","Zm00001eb182310"
"3370","Zm00001eb185970"
"3371","Zm00001eb174630"
"3372","Zm00001eb171700"
"3373","Zm00001eb198690"
"3374","Zm00001eb190580"
"3375","Zm00001eb174590"
"3376","Zm00001eb185570"
"3377","Zm00001eb174210"
"3378","Zm00001eb207820"
"3379","Zm00001eb177180"
"3380","Zm00001eb209450"
"3381","Zm00001eb208070"
"3382","Zm00001eb209190"
"3383","Zm00001eb177290"
"3384","Zm00001eb172640"
"3385","Zm00001eb180150"
"3386","Zm00001eb186120"
"3387","Zm00001eb204920"
"3388","Zm00001eb169410"
"3389","Zm00001eb193640"
"3390","Zm00001eb182070"
"3391","Zm00001eb176810"
"3392","Zm00001eb196590"
"3393","Zm00001eb191590"
"3394","Zm00001eb195450"
"3395","Zm00001eb187760"
"3396","Zm00001eb188240"
"3397","Zm00001eb190700"
"3398","Zm00001eb200060"
"3399","Zm00001eb199020"
"3400","Zm00001eb178770"
"3401","Zm00001eb203200"
"3402","Zm00001eb175810"
"3403","Zm00001eb207310"
"3404","Zm00001eb170190"
"3405","Zm00001eb185530"
"3406","Zm00001eb177450"
"3407","Zm00001eb176090"
"3408","Zm00001eb174770"
"3409","Zm00001eb166120"
"3410","Zm00001eb173070"
"3411","Zm00001eb190970"
"3412","Zm00001eb193690"
"3413","Zm00001eb170800"
"3414","Zm00001eb167250"
"3415","Zm00001eb206420"
"3416","Zm00001eb167010"
"3417","Zm00001eb175610"
"3418","Zm00001eb173540"
"3419","Zm00001eb170650"
"3420","Zm00001eb172980"
"3421","Zm00001eb207010"
"3422","Zm00001eb167840"
"3423","Zm00001eb204150"
"3424","Zm00001eb171230"
"3425","Zm00001eb165310"
"3426","Zm00001eb191320"
"3427","Zm00001eb167290"
"3428","Zm00001eb168410"
"3429","Zm00001eb203240"
"3430","Zm00001eb203870"
"3431","Zm00001eb174330"
"3432","Zm00001eb182260"
"3433","Zm00001eb184480"
"3434","Zm00001eb174750"
"3435","Zm00001eb177300"
"3436","Zm00001eb188180"
"3437","Zm00001eb199620"
"3438","Zm00001eb201060"
"3439","Zm00001eb190260"
"3440","Zm00001eb198140"
"3441","Zm00001eb188840"
"3442","Zm00001eb178580"
"3443","Zm00001eb189390"
"3444","Zm00001eb180440"
"3445","Zm00001eb165420"
"3446","Zm00001eb170980"
"3447","Zm00001eb208040"
"3448","Zm00001eb200130"
"3449","Zm00001eb176930"
"3450","Zm00001eb200430"
"3451","Zm00001eb192690"
"3452","Zm00001eb203260"
"3453","Zm00001eb195160"
"3454","Zm00001eb181740"
"3455","Zm00001eb184010"
"3456","Zm00001eb200610"
"3457","Zm00001eb197120"
"3458","Zm00001eb190110"
"3459","Zm00001eb194020"
"3460","Zm00001eb206750"
"3461","Zm00001eb198250"
"3462","Zm00001eb183610"
"3463","Zm00001eb181040"
"3464","Zm00001eb190750"
"3465","Zm00001eb193190"
"3466","Zm00001eb185690"
"3467","Zm00001eb178400"
"3468","Zm00001eb169940"
"3469","Zm00001eb181640"
"3470","Zm00001eb186200"
"3471","Zm00001eb178330"
"3472","Zm00001eb201100"
"3473","Zm00001eb172160"
"3474","Zm00001eb210100"
"3475","Zm00001eb193030"
"3476","Zm00001eb185220"
"3477","Zm00001eb193360"
"3478","Zm00001eb168070"
"3479","Zm00001eb178010"
"3480","Zm00001eb172120"
"3481","Zm00001eb172770"
"3482","Zm00001eb177410"
"3483","Zm00001eb177930"
"3484","Zm00001eb186820"
"3485","Zm00001eb188050"
"3486","Zm00001eb205840"
"3487","Zm00001eb177070"
"3488","Zm00001eb208390"
"3489","Zm00001eb181510"
"3490","Zm00001eb184850"
"3491","Zm00001eb199700"
"3492","Zm00001eb188140"
"3493","Zm00001eb187110"
"3494","Zm00001eb194590"
"3495","Zm00001eb191720"
"3496","Zm00001eb174080"
"3497","Zm00001eb165580"
"3498","Zm00001eb173130"
"3499","Zm00001eb179840"
"3500","Zm00001eb198280"
"3501","Zm00001eb197750"
"3502","Zm00001eb196450"
"3503","Zm00001eb197940"
"3504","Zm00001eb208820"
"3505","Zm00001eb167530"
"3506","Zm00001eb209780"
"3507","Zm00001eb203450"
"3508","Zm00001eb208440"
"3509","Zm00001eb207690"
"3510","Zm00001eb209610"
"3511","Zm00001eb209630"
"3512","Zm00001eb202360"
"3513","Zm00001eb166550"
"3514","Zm00001eb187690"
"3515","Zm00001eb189300"
"3516","Zm00001eb183710"
"3517","Zm00001eb192550"
"3518","Zm00001eb206330"
"3519","Zm00001eb198600"
"3520","Zm00001eb205590"
"3521","Zm00001eb195500"
"3522","Zm00001eb190790"
"3523","Zm00001eb188460"
"3524","Zm00001eb166180"
"3525","Zm00001eb195200"
"3526","Zm00001eb170020"
"3527","Zm00001eb196380"
"3528","Zm00001eb188320"
"3529","Zm00001eb194140"
"3530","Zm00001eb195690"
"3531","Zm00001eb171030"
"3532","Zm00001eb167150"
"3533","Zm00001eb202810"
"3534","Zm00001eb173190"
"3535","Zm00001eb189210"
"3536","Zm00001eb199530"
"3537","Zm00001eb201140"
"3538","Zm00001eb190510"
"3539","Zm00001eb190150"
"3540","Zm00001eb179600"
"3541","Zm00001eb184420"
"3542","Zm00001eb170990"
"3543","Zm00001eb183750"
"3544","Zm00001eb185030"
"3545","Zm00001eb187410"
"3546","Zm00001eb191420"
"3547","Zm00001eb185470"
"3548","Zm00001eb188610"
"3549","Zm00001eb194150"
"3550","Zm00001eb180350"
"3551","Zm00001eb199960"
"3552","Zm00001eb166260"
"3553","Zm00001eb178040"
"3554","Zm00001eb183410"
"3555","Zm00001eb189510"
"3556","Zm00001eb174170"
"3557","Zm00001eb201080"
"3558","Zm00001eb201570"
"3559","Zm00001eb178750"
"3560","Zm00001eb204230"
"3561","Zm00001eb208840"
"3562","Zm00001eb188900"
"3563","Zm00001eb173380"
"3564","Zm00001eb189890"
"3565","Zm00001eb182490"
"3566","Zm00001eb168850"
"3567","Zm00001eb198810"
"3568","Zm00001eb176680"
"3569","Zm00001eb200880"
"3570","Zm00001eb192960"
"3571","Zm00001eb187710"
"3572","Zm00001eb194980"
"3573","Zm00001eb190280"
"3574","Zm00001eb186170"
"3575","Zm00001eb173520"
"3576","Zm00001eb193590"
"3577","Zm00001eb202450"
"3578","Zm00001eb169930"
"3579","Zm00001eb179750"
"3580","Zm00001eb172290"
"3581","Zm00001eb184040"
"3582","Zm00001eb164410"
"3583","Zm00001eb166410"
"3584","Zm00001eb178820"
"3585","Zm00001eb204770"
"3586","Zm00001eb164740"
"3587","Zm00001eb177100"
"3588","Zm00001eb193830"
"3589","Zm00001eb200250"
"3590","Zm00001eb184630"
"3591","Zm00001eb198700"
"3592","Zm00001eb170350"
"3593","Zm00001eb204370"
"3594","Zm00001eb179120"
"3595","Zm00001eb173260"
"3596","Zm00001eb189280"
"3597","Zm00001eb190820"
"3598","Zm00001eb205020"
"3599","Zm00001eb209920"
"3600","Zm00001eb188220"
"3601","Zm00001eb175230"
"3602","Zm00001eb208310"
"3603","Zm00001eb176770"
"3604","Zm00001eb205820"
"3605","Zm00001eb201290"
"3606","Zm00001eb207840"
"3607","Zm00001eb181120"
"3608","Zm00001eb169400"
"3609","Zm00001eb192490"
"3610","Zm00001eb193510"
"3611","Zm00001eb200470"
"3612","Zm00001eb209480"
"3613","Zm00001eb172450"
"3614","Zm00001eb180420"
"3615","Zm00001eb209200"
"3616","Zm00001eb167240"
"3617","Zm00001eb167310"
"3618","Zm00001eb188520"
"3619","Zm00001eb174440"
"3620","Zm00001eb194650"
"3621","Zm00001eb174360"
"3622","Zm00001eb170900"
"3623","Zm00001eb174030"
"3624","Zm00001eb180060"
"3625","Zm00001eb205190"
"3626","Zm00001eb205140"
"3627","Zm00001eb168100"
"3628","Zm00001eb200760"
"3629","Zm00001eb173050"
"3630","Zm00001eb201770"
"3631","Zm00001eb177390"
"3632","Zm00001eb171210"
"3633","Zm00001eb176760"
"3634","Zm00001eb198030"
"3635","Zm00001eb170730"
"3636","Zm00001eb191230"
"3637","Zm00001eb174200"
"3638","Zm00001eb191500"
"3639","Zm00001eb171780"
"3640","Zm00001eb194220"
"3641","Zm00001eb181710"
"3642","Zm00001eb200300"
"3643","Zm00001eb168310"
"3644","Zm00001eb185980"
"3645","Zm00001eb174100"
"3646","Zm00001eb188830"
"3647","Zm00001eb188660"
"3648","Zm00001eb188580"
"3649","Zm00001eb185660"
"3650","Zm00001eb177820"
"3651","Zm00001eb202870"
"3652","Zm00001eb195700"
"3653","Zm00001eb173790"
"3654","Zm00001eb177310"
"3655","Zm00001eb205830"
"3656","Zm00001eb196650"
"3657","Zm00001eb184540"
"3658","Zm00001eb200680"
"3659","Zm00001eb185620"
"3660","Zm00001eb180920"
"3661","Zm00001eb164530"
"3662","Zm00001eb195380"
"3663","Zm00001eb167510"
"3664","Zm00001eb170340"
"3665","Zm00001eb182740"
"3666","Zm00001eb169610"
"3667","Zm00001eb191980"
"3668","Zm00001eb196410"
"3669","Zm00001eb193320"
"3670","Zm00001eb190910"
"3671","Zm00001eb199580"
"3672","Zm00001eb191260"
"3673","Zm00001eb204420"
"3674","Zm00001eb204710"
"3675","Zm00001eb188400"
"3676","Zm00001eb169450"
"3677","Zm00001eb183200"
"3678","Zm00001eb198180"
"3679","Zm00001eb178140"
"3680","Zm00001eb196640"
"3681","Zm00001eb177920"
"3682","Zm00001eb197990"
"3683","Zm00001eb192660"
"3684","Zm00001eb165490"
"3685","Zm00001eb173410"
"3686","Zm00001eb191190"
"3687","Zm00001eb175540"
"3688","Zm00001eb197800"
"3689","Zm00001eb208790"
"3690","Zm00001eb173700"
"3691","Zm00001eb193040"
"3692","Zm00001eb184600"
"3693","Zm00001eb193730"
"3694","Zm00001eb201210"
"3695","Zm00001eb205050"
"3696","Zm00001eb205990"
"3697","Zm00001eb189840"
"3698","Zm00001eb204980"
"3699","Zm00001eb194190"
"3700","Zm00001eb209420"
"3701","Zm00001eb191730"
"3702","Zm00001eb198300"
"3703","Zm00001eb177480"
"3704","Zm00001eb186850"
"3705","Zm00001eb206210"
"3706","Zm00001eb165530"
"3707","Zm00001eb187020"
"3708","Zm00001eb165950"
"3709","Zm00001eb175430"
"3710","Zm00001eb201710"
"3711","Zm00001eb200870"
"3712","Zm00001eb189350"
"3713","Zm00001eb193240"
"3714","Zm00001eb200510"
"3715","Zm00001eb208830"
"3716","Zm00001eb202730"
"3717","Zm00001eb199840"
"3718","Zm00001eb209360"
"3719","Zm00001eb207520"
"3720","Zm00001eb197640"
"3721","Zm00001eb171340"
"3722","Zm00001eb188330"
"3723","Zm00001eb169240"
"3724","Zm00001eb186420"
"3725","Zm00001eb170400"
"3726","Zm00001eb176250"
"3727","Zm00001eb169350"
"3728","Zm00001eb187060"
"3729","Zm00001eb201220"
"3730","Zm00001eb200910"
"3731","Zm00001eb175460"
"3732","Zm00001eb166810"
"3733","Zm00001eb178180"
"3734","Zm00001eb205760"
"3735","Zm00001eb179510"
"3736","Zm00001eb171100"
"3737","Zm00001eb177560"
"3738","Zm00001eb199430"
"3739","Zm00001eb206350"
"3740","Zm00001eb181760"
"3741","Zm00001eb186950"
"3742","Zm00001eb186000"
"3743","Zm00001eb171190"
"3744","Zm00001eb206900"
"3745","Zm00001eb194040"
"3746","Zm00001eb207020"
"3747","Zm00001eb191400"
"3748","Zm00001eb185040"
"3749","Zm00001eb195600"
"3750","Zm00001eb169540"
"3751","Zm00001eb167360"
"3752","Zm00001eb193290"
"3753","Zm00001eb169100"
"3754","Zm00001eb175550"
"3755","Zm00001eb175670"
"3756","Zm00001eb171770"
"3757","Zm00001eb178210"
"3758","Zm00001eb165630"
"3759","Zm00001eb202200"
"3760","Zm00001eb207430"
"3761","Zm00001eb207390"
"3762","Zm00001eb197410"
"3763","Zm00001eb186900"
"3764","Zm00001eb203950"
"3765","Zm00001eb201520"
"3766","Zm00001eb192920"
"3767","Zm00001eb179690"
"3768","Zm00001eb203250"
"3769","Zm00001eb206440"
"3770","Zm00001eb200730"
"3771","Zm00001eb193960"
"3772","Zm00001eb192080"
"3773","Zm00001eb206030"
"3774","Zm00001eb192820"
"3775","Zm00001eb187890"
"3776","Zm00001eb209230"
"3777","Zm00001eb186290"
"3778","Zm00001eb172620"
"3779","Zm00001eb179090"
"3780","Zm00001eb203940"
"3781","Zm00001eb179340"
"3782","Zm00001eb209800"
"3783","Zm00001eb170540"
"3784","Zm00001eb188680"
"3785","Zm00001eb205810"
"3786","Zm00001eb205430"
"3787","Zm00001eb208710"
"3788","Zm00001eb202110"
"3789","Zm00001eb203110"
"3790","Zm00001eb183100"
"3791","Zm00001eb204950"
"3792","Zm00001eb200460"
"3793","Zm00001eb202580"
"3794","Zm00001eb170930"
"3795","Zm00001eb190360"
"3796","Zm00001eb165570"
"3797","Zm00001eb194240"
"3798","Zm00001eb178450"
"3799","Zm00001eb182330"
"3800","Zm00001eb205070"
"3801","Zm00001eb193130"
"3802","Zm00001eb193720"
"3803","Zm00001eb186570"
"3804","Zm00001eb209350"
"3805","Zm00001eb173060"
"3806","Zm00001eb174900"
"3807","Zm00001eb191620"
"3808","Zm00001eb167230"
"3809","Zm00001eb184560"
"3810","Zm00001eb179530"
"3811","Zm00001eb209110"
"3812","Zm00001eb207850"
"3813","Zm00001eb196360"
"3814","Zm00001eb196990"
"3815","Zm00001eb195980"
"3816","Zm00001eb192420"
"3817","Zm00001eb167140"
"3818","Zm00001eb180520"
"3819","Zm00001eb165600"
"3820","Zm00001eb204620"
"3821","Zm00001eb181370"
"3822","Zm00001eb201030"
"3823","Zm00001eb186220"
"3824","Zm00001eb186700"
"3825","Zm00001eb206760"
"3826","Zm00001eb185950"
"3827","Zm00001eb188510"
"3828","Zm00001eb184150"
"3829","Zm00001eb174610"
"3830","Zm00001eb190990"
"3831","Zm00001eb178620"
"3832","Zm00001eb177060"
"3833","Zm00001eb178470"
"3834","Zm00001eb178290"
"3835","Zm00001eb208540"
"3836","Zm00001eb179390"
"3837","Zm00001eb197400"
"3838","Zm00001eb197740"
"3839","Zm00001eb167650"
"3840","Zm00001eb206360"
"3841","Zm00001eb178780"
"3842","Zm00001eb201230"
"3843","Zm00001eb208760"
"3844","Zm00001eb179040"
"3845","Zm00001eb178590"
"3846","Zm00001eb177670"
"3847","Zm00001eb205500"
"3848","Zm00001eb196240"
"3849","Zm00001eb210150"
"3850","Zm00001eb204850"
"3851","Zm00001eb196220"
"3852","Zm00001eb200890"
"3853","Zm00001eb209280"
"3854","Zm00001eb180800"
"3855","Zm00001eb194730"
"3856","Zm00001eb173150"
"3857","Zm00001eb201880"
"3858","Zm00001eb190410"
"3859","Zm00001eb205210"
"3860","Zm00001eb209910"
"3861","Zm00001eb164780"
"3862","Zm00001eb174990"
"3863","Zm00001eb173440"
"3864","Zm00001eb176120"
"3865","Zm00001eb206700"
"3866","Zm00001eb208150"
"3867","Zm00001eb205230"
"3868","Zm00001eb176670"
"3869","Zm00001eb195620"
"3870","Zm00001eb197320"
"3871","Zm00001eb183530"
"3872","Zm00001eb184520"
"3873","Zm00001eb196630"
"3874","Zm00001eb210000"
"3875","Zm00001eb195550"
"3876","Zm00001eb202610"
"3877","Zm00001eb165400"
"3878","Zm00001eb203840"
"3879","Zm00001eb207760"
"3880","Zm00001eb180080"
"3881","Zm00001eb171000"
"3882","Zm00001eb178930"
"3883","Zm00001eb206340"
"3884","Zm00001eb194210"
"3885","Zm00001eb201410"
"3886","Zm00001eb209380"
"3887","Zm00001eb183250"
"3888","Zm00001eb167000"
"3889","Zm00001eb187670"
"3890","Zm00001eb179010"
"3891","Zm00001eb189410"
"3892","Zm00001eb192710"
"3893","Zm00001eb199300"
"3894","Zm00001eb187570"
"3895","Zm00001eb208860"
"3896","Zm00001eb169230"
"3897","Zm00001eb189100"
"3898","Zm00001eb189080"
"3899","Zm00001eb205480"
"3900","Zm00001eb186450"
"3901","Zm00001eb194990"
"3902","Zm00001eb188890"
"3903","Zm00001eb205250"
"3904","Zm00001eb196320"
"3905","Zm00001eb199900"
"3906","Zm00001eb187430"
"3907","Zm00001eb201580"
"3908","Zm00001eb188600"
"3909","Zm00001eb202910"
"3910","Zm00001eb187040"
"3911","Zm00001eb165610"
"3912","Zm00001eb178690"
"3913","Zm00001eb169770"
"3914","Zm00001eb208190"
"3915","Zm00001eb195030"
"3916","Zm00001eb197920"
"3917","Zm00001eb182750"
"3918","Zm00001eb209880"
"3919","Zm00001eb165770"
"3920","Zm00001eb192260"
"3921","Zm00001eb203600"
"3922","Zm00001eb182290"
"3923","Zm00001eb204200"
"3924","Zm00001eb177370"
"3925","Zm00001eb178500"
"3926","Zm00001eb181790"
"3927","Zm00001eb202860"
"3928","Zm00001eb165440"
"3929","Zm00001eb190350"
"3930","Zm00001eb177880"
"3931","Zm00001eb164460"
"3932","Zm00001eb187140"
"3933","Zm00001eb172900"
"3934","Zm00001eb193920"
"3935","Zm00001eb183950"
"3936","Zm00001eb172300"
"3937","Zm00001eb206240"
"3938","Zm00001eb172630"
"3939","Zm00001eb175060"
"3940","Zm00001eb192050"
"3941","Zm00001eb209440"
"3942","Zm00001eb179680"
"3943","Zm00001eb197530"
"3944","Zm00001eb174180"
"3945","Zm00001eb164650"
"3946","Zm00001eb187120"
"3947","Zm00001eb180670"
"3948","Zm00001eb182130"
"3949","Zm00001eb170720"
"3950","Zm00001eb177430"
"3951","Zm00001eb164810"
"3952","Zm00001eb174270"
"3953","Zm00001eb207530"
"3954","Zm00001eb192570"
"3955","Zm00001eb178120"
"3956","Zm00001eb188340"
"3957","Zm00001eb200010"
"3958","Zm00001eb203360"
"3959","Zm00001eb168810"
"3960","Zm00001eb170230"
"3961","Zm00001eb182460"
"3962","Zm00001eb169800"
"3963","Zm00001eb167370"
"3964","Zm00001eb209160"
"3965","Zm00001eb191920"
"3966","Zm00001eb174000"
"3967","Zm00001eb173350"
"3968","Zm00001eb197020"
"3969","Zm00001eb205350"
"3970","Zm00001eb189180"
"3971","Zm00001eb207930"
"3972","Zm00001eb186540"
"3973","Zm00001eb181940"
"3974","Zm00001eb181400"
"3975","Zm00001eb171260"
"3976","Zm00001eb180740"
"3977","Zm00001eb203850"
"3978","Zm00001eb185310"
"3979","Zm00001eb183910"
"3980","Zm00001eb205450"
"3981","Zm00001eb199780"
"3982","Zm00001eb175630"
"3983","Zm00001eb176050"
"3984","Zm00001eb168760"
"3985","Zm00001eb188560"
"3986","Zm00001eb187980"
"3987","Zm00001eb206660"
"3988","Zm00001eb164720"
"3989","Zm00001eb173640"
"3990","Zm00001eb191560"
"3991","Zm00001eb200710"
"3992","Zm00001eb165700"
"3993","Zm00001eb177010"
"3994","Zm00001eb201720"
"3995","Zm00001eb176160"
"3996","Zm00001eb172700"
"3997","Zm00001eb206070"
"3998","Zm00001eb180290"
"3999","Zm00001eb209740"
"4000","Zm00001eb199150"
"4001","Zm00001eb196510"
"4002","Zm00001eb179020"
"4003","Zm00001eb204890"
"4004","Zm00001eb168830"
"4005","Zm00001eb181690"
"4006","Zm00001eb191540"
"4007","Zm00001eb183270"
"4008","Zm00001eb197180"
"4009","Zm00001eb184100"
"4010","Zm00001eb176270"
"4011","Zm00001eb173290"
"4012","Zm00001eb207090"
"4013","Zm00001eb194130"
"4014","Zm00001eb196280"
"4015","Zm00001eb185710"
"4016","Zm00001eb178130"
"4017","Zm00001eb200230"
"4018","Zm00001eb191080"
"4019","Zm00001eb210160"
"4020","Zm00001eb173360"
"4021","Zm00001eb188390"
"4022","Zm00001eb169920"
"4023","Zm00001eb181150"
"4024","Zm00001eb194110"
"4025","Zm00001eb187010"
"4026","Zm00001eb174460"
"4027","Zm00001eb196030"
"4028","Zm00001eb188190"
"4029","Zm00001eb203990"
"4030","Zm00001eb189950"
"4031","Zm00001eb199100"
"4032","Zm00001eb196060"
"4033","Zm00001eb182620"
"4034","Zm00001eb208570"
"4035","Zm00001eb190330"
"4036","Zm00001eb191930"
"4037","Zm00001eb204480"
"4038","Zm00001eb205960"
"4039","Zm00001eb196900"
"4040","Zm00001eb185960"
"4041","Zm00001eb207080"
"4042","Zm00001eb189420"
"4043","Zm00001eb208880"
"4044","Zm00001eb194230"
"4045","Zm00001eb205470"
"4046","Zm00001eb169490"
"4047","Zm00001eb197070"
"4048","Zm00001eb195760"
"4049","Zm00001eb167560"
"4050","Zm00001eb210140"
"4051","Zm00001eb170760"
"4052","Zm00001eb190770"
"4053","Zm00001eb179540"
"4054","Zm00001eb199880"
"4055","Zm00001eb165030"
"4056","Zm00001eb197610"
"4057","Zm00001eb190610"
"4058","Zm00001eb175840"
"4059","Zm00001eb182090"
"4060","Zm00001eb192340"
"4061","Zm00001eb206370"
"4062","Zm00001eb200150"
"4063","Zm00001eb175140"
"4064","Zm00001eb175470"
"4065","Zm00001eb180220"
"4066","Zm00001eb198210"
"4067","Zm00001eb207870"
"4068","Zm00001eb168340"
"4069","Zm00001eb179280"
"4070","Zm00001eb164630"
"4071","Zm00001eb168520"
"4072","Zm00001eb187910"
"4073","Zm00001eb200750"
"4074","Zm00001eb191360"
"4075","Zm00001eb174420"
"4076","Zm00001eb194680"
"4077","Zm00001eb208700"
"4078","Zm00001eb199160"
"4079","Zm00001eb164390"
"4080","Zm00001eb194820"
"4081","Zm00001eb187590"
"4082","Zm00001eb187240"
"4083","Zm00001eb175970"
"4084","Zm00001eb200320"
"4085","Zm00001eb209310"
"4086","Zm00001eb165870"
"4087","Zm00001eb168720"
"4088","Zm00001eb178710"
"4089","Zm00001eb206040"
"4090","Zm00001eb201330"
"4091","Zm00001eb207770"
"4092","Zm00001eb189030"
"4093","Zm00001eb185020"
"4094","Zm00001eb189130"
"4095","Zm00001eb205580"
"4096","Zm00001eb191440"
"4097","Zm00001eb169630"
"4098","Zm00001eb174640"
"4099","Zm00001eb180180"
"4100","Zm00001eb207570"
"4101","Zm00001eb182540"
"4102","Zm00001eb209370"
"4103","Zm00001eb198670"
"4104","Zm00001eb173220"
"4105","Zm00001eb184290"
"4106","Zm00001eb168430"
"4107","Zm00001eb206880"
"4108","Zm00001eb179960"
"4109","Zm00001eb196610"
"4110","Zm00001eb186100"
"4111","Zm00001eb183160"
"4112","Zm00001eb208740"
"4113","Zm00001eb198840"
"4114","Zm00001eb175490"
"4115","Zm00001eb190490"
"4116","Zm00001eb186150"
"4117","Zm00001eb203770"
"4118","Zm00001eb189250"
"4119","Zm00001eb192130"
"4120","Zm00001eb188360"
"4121","Zm00001eb183370"
"4122","Zm00001eb190830"
"4123","Zm00001eb191680"
"4124","Zm00001eb207950"
"4125","Zm00001eb207240"
"4126","Zm00001eb187160"
"4127","Zm00001eb204910"
"4128","Zm00001eb172420"
"4129","Zm00001eb168870"
"4130","Zm00001eb172230"
"4131","Zm00001eb196960"
"4132","Zm00001eb171250"
"4133","Zm00001eb193930"
"4134","Zm00001eb208330"
"4135","Zm00001eb182010"
"4136","Zm00001eb166750"
"4137","Zm00001eb207130"
"4138","Zm00001eb185760"
"4139","Zm00001eb183390"
"4140","Zm00001eb181000"
"4141","Zm00001eb208920"
"4142","Zm00001eb198420"
"4143","Zm00001eb183740"
"4144","Zm00001eb184080"
"4145","Zm00001eb188910"
"4146","Zm00001eb209430"
"4147","Zm00001eb200930"
"4148","Zm00001eb194060"
"4149","Zm00001eb184470"
"4150","Zm00001eb195790"
"4151","Zm00001eb179570"
"4152","Zm00001eb166850"
"4153","Zm00001eb170870"
"4154","Zm00001eb167160"
"4155","Zm00001eb186440"
"4156","Zm00001eb164820"
"4157","Zm00001eb188630"
"4158","Zm00001eb175450"
"4159","Zm00001eb191890"
"4160","Zm00001eb194330"
"4161","Zm00001eb181080"
"4162","Zm00001eb204300"
"4163","Zm00001eb169420"
"4164","Zm00001eb192680"
"4165","Zm00001eb203280"
"4166","Zm00001eb173170"
"4167","Zm00001eb198240"
"4168","Zm00001eb182660"
"4169","Zm00001eb188410"
"4170","Zm00001eb196190"
"4171","Zm00001eb198320"
"4172","Zm00001eb173330"
"4173","Zm00001eb195780"
"4174","Zm00001eb208060"
"4175","Zm00001eb167080"
"4176","Zm00001eb186980"
"4177","Zm00001eb166630"
"4178","Zm00001eb180620"
"4179","Zm00001eb180540"
"4180","Zm00001eb199460"
"4181","Zm00001eb178070"
"4182","Zm00001eb185330"
"4183","Zm00001eb207660"
"4184","Zm00001eb185540"
"4185","Zm00001eb177380"
"4186","Zm00001eb177940"
"4187","Zm00001eb206410"
"4188","Zm00001eb197910"
"4189","Zm00001eb172130"
"4190","Zm00001eb208370"
"4191","Zm00001eb205270"
"4192","Zm00001eb204190"
"4193","Zm00001eb206520"
"4194","Zm00001eb175250"
"4195","Zm00001eb205160"
"4196","Zm00001eb178110"
"4197","Zm00001eb206740"
"4198","Zm00001eb209870"
"4199","Zm00001eb170970"
"4200","Zm00001eb184320"
"4201","Zm00001eb172650"
"4202","Zm00001eb186310"
"4203","Zm00001eb190340"
"4204","Zm00001eb206050"
"4205","Zm00001eb199810"
"4206","Zm00001eb203230"
"4207","Zm00001eb164640"
"4208","Zm00001eb206430"
"4209","Zm00001eb200440"
"4210","Zm00001eb172880"
"4211","Zm00001eb202130"
"4212","Zm00001eb190930"
"4213","Zm00001eb172520"
"4214","Zm00001eb171240"
"4215","Zm00001eb184090"
"4216","Zm00001eb205410"
"4217","Zm00001eb192560"
"4218","Zm00001eb202520"
"4219","Zm00001eb178370"
"4220","Zm00001eb166990"
"4221","Zm00001eb191550"
"4222","Zm00001eb192430"
"4223","Zm00001eb175400"
"4224","Zm00001eb203150"
"4225","Zm00001eb198120"
"4226","Zm00001eb190540"
"4227","Zm00001eb174120"
"4228","Zm00001eb175560"
"4229","Zm00001eb167740"
"4230","Zm00001eb208430"
"4231","Zm00001eb177330"
"4232","Zm00001eb179000"
"4233","Zm00001eb199550"
"4234","Zm00001eb202830"
"4235","Zm00001eb195510"
"4236","Zm00001eb195060"
"4237","Zm00001eb164590"
"4238","Zm00001eb203690"
"4239","Zm00001eb165230"
"4240","Zm00001eb171690"
"4241","Zm00001eb169950"
"4242","Zm00001eb196390"
"4243","Zm00001eb173990"
"4244","Zm00001eb185920"
"4245","Zm00001eb198590"
"4246","Zm00001eb203780"
"4247","Zm00001eb188550"
"4248","Zm00001eb179140"
"4249","Zm00001eb164310"
"4250","Zm00001eb204640"
"4251","Zm00001eb210110"
"4252","Zm00001eb175960"
"4253","Zm00001eb172090"
"4254","Zm00001eb193170"
"4255","Zm00001eb188960"
"4256","Zm00001eb194950"
"4257","Zm00001eb201090"
"4258","Zm00001eb188310"
"4259","Zm00001eb175620"
"4260","Zm00001eb198010"
"4261","Zm00001eb187150"
"4262","Zm00001eb181530"
"4263","Zm00001eb164750"
"4264","Zm00001eb178000"
"4265","Zm00001eb200070"
"4266","Zm00001eb205850"
"4267","Zm00001eb178650"
"4268","Zm00001eb200530"
"4269","Zm00001eb187970"
"4270","Zm00001eb185390"
"4271","Zm00001eb205080"
"4272","Zm00001eb202180"
"4273","Zm00001eb176310"
"4274","Zm00001eb206560"
"4275","Zm00001eb172540"
"4276","Zm00001eb170530"
"4277","Zm00001eb208120"
"4278","Zm00001eb180850"
"4279","Zm00001eb193810"
"4280","Zm00001eb193490"
"4281","Zm00001eb171020"
"4282","Zm00001eb187720"
"4283","Zm00001eb186370"
"4284","Zm00001eb206130"
"4285","Zm00001eb185450"
"4286","Zm00001eb167810"
"4287","Zm00001eb195080"
"4288","Zm00001eb176030"
"4289","Zm00001eb183770"
"4290","Zm00001eb177740"
"4291","Zm00001eb199800"
"4292","Zm00001eb194640"
"4293","Zm00001eb201440"
"4294","Zm00001eb198960"
"4295","Zm00001eb190060"
"4296","Zm00001eb190100"
"4297","Zm00001eb167320"
"4298","Zm00001eb191270"
"4299","Zm00001eb169680"
"4300","Zm00001eb178240"
"4301","Zm00001eb207360"
"4302","Zm00001eb177520"
"4303","Zm00001eb202790"
"4304","Zm00001eb209250"
"4305","Zm00001eb168470"
"4306","Zm00001eb184110"
"4307","Zm00001eb183830"
"4308","Zm00001eb188750"
"4309","Zm00001eb206510"
"4310","Zm00001eb178160"
"4311","Zm00001eb166070"
"4312","Zm00001eb165620"
"4313","Zm00001eb181420"
"4314","Zm00001eb205130"
"4315","Zm00001eb178670"
"4316","Zm00001eb173180"
"4317","Zm00001eb209220"
"4318","Zm00001eb169280"
"4319","Zm00001eb191530"
"4320","Zm00001eb208030"
"4321","Zm00001eb193380"
"4322","Zm00001eb196870"
"4323","Zm00001eb200650"
"4324","Zm00001eb207560"
"4325","Zm00001eb192500"
"4326","Zm00001eb196080"
"4327","Zm00001eb191430"
"4328","Zm00001eb194070"
"4329","Zm00001eb200170"
"4330","Zm00001eb204020"
"4331","Zm00001eb185770"
"4332","Zm00001eb203310"
"4333","Zm00001eb168090"
"4334","Zm00001eb175070"
"4335","Zm00001eb175590"
"4336","Zm00001eb171080"
"4337","Zm00001eb200990"
"4338","Zm00001eb177340"
"4339","Zm00001eb202470"
"4340","Zm00001eb207490"
"4341","Zm00001eb170440"
"4342","Zm00001eb179440"
"4343","Zm00001eb178030"
"4344","Zm00001eb202370"
"4345","Zm00001eb168750"
"4346","Zm00001eb208220"
"4347","Zm00001eb188370"
"4348","Zm00001eb202700"
"4349","Zm00001eb205780"
"4350","Zm00001eb197630"
"4351","Zm00001eb194420"
"4352","Zm00001eb190630"
"4353","Zm00001eb169200"
"4354","Zm00001eb181270"
"4355","Zm00001eb199190"
"4356","Zm00001eb164620"
"4357","Zm00001eb181960"
"4358","Zm00001eb202590"
"4359","Zm00001eb174370"
"4360","Zm00001eb192060"
"4361","Zm00001eb205890"
"4362","Zm00001eb193850"
"4363","Zm00001eb198350"
"4364","Zm00001eb209820"
"4365","Zm00001eb201150"
"4366","Zm00001eb194930"
"4367","Zm00001eb181820"
"4368","Zm00001eb178960"
"4369","Zm00001eb191220"
"4370","Zm00001eb207300"
"4371","Zm00001eb192980"
"4372","Zm00001eb207280"
"4373","Zm00001eb208480"
"4374","Zm00001eb172200"
"4375","Zm00001eb193820"
"4376","Zm00001eb165900"
"4377","Zm00001eb195480"
"4378","Zm00001eb166480"
"4379","Zm00001eb192730"
"4380","Zm00001eb203810"
"4381","Zm00001eb177120"
"4382","Zm00001eb206380"
"4383","Zm00001eb181230"
"4384","Zm00001eb184070"
"4385","Zm00001eb201340"
"4386","Zm00001eb168000"
"4387","Zm00001eb188530"
"4388","Zm00001eb201120"
"4389","Zm00001eb203380"
"4390","Zm00001eb168910"
"4391","Zm00001eb204590"
"4392","Zm00001eb164300"
"4393","Zm00001eb186600"
"4394","Zm00001eb175750"
"4395","Zm00001eb186320"
"4396","Zm00001eb208580"
"4397","Zm00001eb164860"
"4398","Zm00001eb196340"
"4399","Zm00001eb201260"
"4400","Zm00001eb193470"
"4401","Zm00001eb194500"
"4402","Zm00001eb209080"
"4403","Zm00001eb184160"
"4404","Zm00001eb208780"
"4405","Zm00001eb169140"
"4406","Zm00001eb173560"
"4407","Zm00001eb192310"
"4408","Zm00001eb185610"
"4409","Zm00001eb192590"
"4410","Zm00001eb183420"
"4411","Zm00001eb173880"
"4412","Zm00001eb184510"
"4413","Zm00001eb199950"
"4414","Zm00001eb197300"
"4415","Zm00001eb205090"
"4416","Zm00001eb177870"
"4417","Zm00001eb192400"
"4418","Zm00001eb180340"
"4419","Zm00001eb199520"
"4420","Zm00001eb185650"
"4421","Zm00001eb173230"
"4422","Zm00001eb183560"
"4423","Zm00001eb206810"
"4424","Zm00001eb191180"
"4425","Zm00001eb209570"
"4426","Zm00001eb184840"
"4427","Zm00001eb207400"
"4428","Zm00001eb169050"
"4429","Zm00001eb196980"
"4430","Zm00001eb165360"
"4431","Zm00001eb176350"
"4432","Zm00001eb176710"
"4433","Zm00001eb181990"
"4434","Zm00001eb204010"
"4435","Zm00001eb189980"
"4436","Zm00001eb170950"
"4437","Zm00001eb193160"
"4438","Zm00001eb206090"
"4439","Zm00001eb201810"
"4440","Zm00001eb171050"
"4441","Zm00001eb185090"
"4442","Zm00001eb174530"
"4443","Zm00001eb172550"
"4444","Zm00001eb195120"
"4445","Zm00001eb191370"
"4446","Zm00001eb209020"
"4447","Zm00001eb205700"
"4448","Zm00001eb195860"
"4449","Zm00001eb174970"
"4450","Zm00001eb165270"
"4451","Zm00001eb179200"
"4452","Zm00001eb172410"
"4453","Zm00001eb171480"
"4454","Zm00001eb197500"
"4455","Zm00001eb174130"
"4456","Zm00001eb188350"
"4457","Zm00001eb189830"
"4458","Zm00001eb189020"
"4459","Zm00001eb183780"
"4460","Zm00001eb176200"
"4461","Zm00001eb192470"
"4462","Zm00001eb187610"
"4463","Zm00001eb169620"
"4464","Zm00001eb190550"
"4465","Zm00001eb197030"
"4466","Zm00001eb191350"
"4467","Zm00001eb176300"
"4468","Zm00001eb208490"
"4469","Zm00001eb169740"
"4470","Zm00001eb182780"
"4471","Zm00001eb169480"
"4472","Zm00001eb179470"
"4473","Zm00001eb166980"
"4474","Zm00001eb196600"
"4475","Zm00001eb191990"
"4476","Zm00001eb183880"
"4477","Zm00001eb204560"
"4478","Zm00001eb173470"
"4479","Zm00001eb204970"
"4480","Zm00001eb173710"
"4481","Zm00001eb209650"
"4482","Zm00001eb209860"
"4483","Zm00001eb165940"
"4484","Zm00001eb207270"
"4485","Zm00001eb181800"
"4486","Zm00001eb191640"
"4487","Zm00001eb186910"
"4488","Zm00001eb182820"
"4489","Zm00001eb179700"
"4490","Zm00001eb208530"
"4491","Zm00001eb176400"
"4492","Zm00001eb171840"
"4493","Zm00001eb192070"
"4494","Zm00001eb187900"
"4495","Zm00001eb193370"
"4496","Zm00001eb202760"
"4497","Zm00001eb170630"
"4498","Zm00001eb189290"
"4499","Zm00001eb165480"
"4500","Zm00001eb166820"
"4501","Zm00001eb194940"
"4502","Zm00001eb206100"
"4503","Zm00001eb195010"
"4504","Zm00001eb191710"
"4505","Zm00001eb193790"
"4506","Zm00001eb165710"
"4507","Zm00001eb184000"
"4508","Zm00001eb181550"
"4509","Zm00001eb180330"
"4510","Zm00001eb196560"
"4511","Zm00001eb209490"
"4512","Zm00001eb201740"
"4513","Zm00001eb194300"
"4514","Zm00001eb206220"
"4515","Zm00001eb171710"
"4516","Zm00001eb200900"
"4517","Zm00001eb195220"
"4518","Zm00001eb199570"
"4519","Zm00001eb207540"
"4520","Zm00001eb185930"
"4521","Zm00001eb208910"
"4522","Zm00001eb204360"
"4523","Zm00001eb198730"
"4524","Zm00001eb175120"
"4525","Zm00001eb189860"
"4526","Zm00001eb194340"
"4527","Zm00001eb198910"
"4528","Zm00001eb204160"
"4529","Zm00001eb177230"
"4530","Zm00001eb196170"
"4531","Zm00001eb188540"
"4532","Zm00001eb200080"
"4533","Zm00001eb190120"
"4534","Zm00001eb191790"
"4535","Zm00001eb193140"
"4536","Zm00001eb169130"
"4537","Zm00001eb203800"
"4538","Zm00001eb195970"
"4539","Zm00001eb204030"
"4540","Zm00001eb165340"
"4541","Zm00001eb166190"
"4542","Zm00001eb205660"
"4543","Zm00001eb186240"
"4544","Zm00001eb189140"
"4545","Zm00001eb179160"
"4546","Zm00001eb192020"
"4547","Zm00001eb183760"
"4548","Zm00001eb174620"
"4549","Zm00001eb165560"
"4550","Zm00001eb167660"
"4551","Zm00001eb183700"
"4552","Zm00001eb169990"
"4553","Zm00001eb190960"
"4554","Zm00001eb167430"
"4555","Zm00001eb172860"
"4556","Zm00001eb167830"
"4557","Zm00001eb201380"
"4558","Zm00001eb168450"
"4559","Zm00001eb191700"
"4560","Zm00001eb195650"
"4561","Zm00001eb170550"
"4562","Zm00001eb208940"
"4563","Zm00001eb204940"
"4564","Zm00001eb197580"
"4565","Zm00001eb182560"
"4566","Zm00001eb185130"
"4567","Zm00001eb201450"
"4568","Zm00001eb182920"
"4569","Zm00001eb172680"
"4570","Zm00001eb185370"
"4571","Zm00001eb169160"
"4572","Zm00001eb203140"
"4573","Zm00001eb175040"
"4574","Zm00001eb186660"
"4575","Zm00001eb201540"
"4576","Zm00001eb197890"
"4577","Zm00001eb187730"
"4578","Zm00001eb194440"
"4579","Zm00001eb192090"
"4580","Zm00001eb182550"
"4581","Zm00001eb185290"
"4582","Zm00001eb190590"
"4583","Zm00001eb208420"
"4584","Zm00001eb188040"
"4585","Zm00001eb207290"
"4586","Zm00001eb169570"
"4587","Zm00001eb183320"
"4588","Zm00001eb209000"
"4589","Zm00001eb166870"
"4590","Zm00001eb168920"
"4591","Zm00001eb185560"
"4592","Zm00001eb171140"
"4593","Zm00001eb196880"
"4594","Zm00001eb192780"
"4595","Zm00001eb183600"
"4596","Zm00001eb206400"
"4597","Zm00001eb207650"
"4598","Zm00001eb201010"
"4599","Zm00001eb196470"
"4600","Zm00001eb171400"
"4601","Zm00001eb195130"
"4602","Zm00001eb192700"
"4603","Zm00001eb207980"
"4604","Zm00001eb190740"
"4605","Zm00001eb194200"
"4606","Zm00001eb209040"
"4607","Zm00001eb200450"
"4608","Zm00001eb192460"
"4609","Zm00001eb208250"
"4610","Zm00001eb176900"
"4611","Zm00001eb209090"
"4612","Zm00001eb202690"
"4613","Zm00001eb189090"
"4614","Zm00001eb189070"
"4615","Zm00001eb190230"
"4616","Zm00001eb207780"
"4617","Zm00001eb205710"
"4618","Zm00001eb200970"
"4619","Zm00001eb189400"
"4620","Zm00001eb172350"
"4621","Zm00001eb193700"
"4622","Zm00001eb194550"
"4623","Zm00001eb166380"
"4624","Zm00001eb196270"
"4625","Zm00001eb193940"
"4626","Zm00001eb194830"
"4627","Zm00001eb183860"
"4628","Zm00001eb182380"
"4629","Zm00001eb202120"
"4630","Zm00001eb174500"
"4631","Zm00001eb173480"
"4632","Zm00001eb186330"
"4633","Zm00001eb200370"
"4634","Zm00001eb204110"
"4635","Zm00001eb180900"
"4636","Zm00001eb183490"
"4637","Zm00001eb190390"
"4638","Zm00001eb203350"
"4639","Zm00001eb172070"
"4640","Zm00001eb172570"
"4641","Zm00001eb175760"
"4642","Zm00001eb207060"
"4643","Zm00001eb204490"
"4644","Zm00001eb200840"
"4645","Zm00001eb188700"
"4646","Zm00001eb175270"
"4647","Zm00001eb194770"
"4648","Zm00001eb187260"
"4649","Zm00001eb171320"
"4650","Zm00001eb179820"
"4651","Zm00001eb166710"
"4652","Zm00001eb176690"
"4653","Zm00001eb199660"
"4654","Zm00001eb178520"
"4655","Zm00001eb195910"
"4656","Zm00001eb198150"
"4657","Zm00001eb188570"
"4658","Zm00001eb172970"
"4659","Zm00001eb200000"
"4660","Zm00001eb184240"
"4661","Zm00001eb182680"
"4662","Zm00001eb194480"
"4663","Zm00001eb204600"
"4664","Zm00001eb177490"
"4665","Zm00001eb209150"
"4666","Zm00001eb197600"
"4667","Zm00001eb166460"
"4668","Zm00001eb199090"
"4669","Zm00001eb169790"
"4670","Zm00001eb186610"
"4671","Zm00001eb170220"
"4672","Zm00001eb168790"
"4673","Zm00001eb198740"
"4674","Zm00001eb176610"
"4675","Zm00001eb187630"
"4676","Zm00001eb191070"
"4677","Zm00001eb184830"
"4678","Zm00001eb174010"
"4679","Zm00001eb169970"
"4680","Zm00001eb209960"
"4681","Zm00001eb191340"
"4682","Zm00001eb179490"
"4683","Zm00001eb202040"
"4684","Zm00001eb164790"
"4685","Zm00001eb198260"
"4686","Zm00001eb205490"
"4687","Zm00001eb208500"
"4688","Zm00001eb206250"
"4689","Zm00001eb204320"
"4690","Zm00001eb172000"
"4691","Zm00001eb178340"
"4692","Zm00001eb208350"
"4693","Zm00001eb209640"
"4694","Zm00001eb205920"
"4695","Zm00001eb167580"
"4696","Zm00001eb205630"
"4697","Zm00001eb206800"
"4698","Zm00001eb204050"
"4699","Zm00001eb183580"
"4700","Zm00001eb198460"
"4701","Zm00001eb198850"
"4702","Zm00001eb202420"
"4703","Zm00001eb165450"
"4704","Zm00001eb192580"
"4705","Zm00001eb206110"
"4706","Zm00001eb165590"
"4707","Zm00001eb200590"
"4708","Zm00001eb179210"
"4709","Zm00001eb195020"
"4710","Zm00001eb165260"
"4711","Zm00001eb203860"
"4712","Zm00001eb173820"
"4713","Zm00001eb183340"
"4714","Zm00001eb186130"
"4715","Zm00001eb166540"
"4716","Zm00001eb185190"
"4717","Zm00001eb192380"
"4718","Zm00001eb208100"
"4719","Zm00001eb190180"
"4720","Zm00001eb205290"
"4721","Zm00001eb183280"
"4722","Zm00001eb176340"
"4723","Zm00001eb169190"
"4724","Zm00001eb170890"
"4725","Zm00001eb194350"
"4726","Zm00001eb187370"
"4727","Zm00001eb188160"
"4728","Zm00001eb194120"
"4729","Zm00001eb185700"
"4730","Zm00001eb196530"
"4731","Zm00001eb196930"
"4732","Zm00001eb194100"
"4733","Zm00001eb202620"
"4734","Zm00001eb187000"
"4735","Zm00001eb199330"
"4736","Zm00001eb181880"
"4737","Zm00001eb183310"
"4738","Zm00001eb203040"
"4739","Zm00001eb182590"
"4740","Zm00001eb171040"
"4741","Zm00001eb203980"
"4742","Zm00001eb184340"
"4743","Zm00001eb206930"
"4744","Zm00001eb205560"
"4745","Zm00001eb192530"
"4746","Zm00001eb188980"
"4747","Zm00001eb207900"
"4748","Zm00001eb198220"
"4749","Zm00001eb209330"
"4750","Zm00001eb199110"
"4751","Zm00001eb172110"
"4752","Zm00001eb188200"
"4753","Zm00001eb207600"
"4754","Zm00001eb189940"
"4755","Zm00001eb206500"
"4756","Zm00001eb165300"
"4757","Zm00001eb200700"
"4758","Zm00001eb185240"
"4759","Zm00001eb206910"
"4760","Zm00001eb204550"
"4761","Zm00001eb188450"
"4762","Zm00001eb209010"
"4763","Zm00001eb168270"
"4764","Zm00001eb199410"
"4765","Zm00001eb166150"
"4766","Zm00001eb201110"
"4767","Zm00001eb164660"
"4768","Zm00001eb202980"
"4769","Zm00001eb205200"
"4770","Zm00001eb202410"
"4771","Zm00001eb176170"
"4772","Zm00001eb202280"
"4773","Zm00001eb199230"
"4774","Zm00001eb201920"
"4775","Zm00001eb176040"
"4776","Zm00001eb174550"
"4777","Zm00001eb203960"
"4778","Zm00001eb188070"
"4779","Zm00001eb171180"
"4780","Zm00001eb201940"
"4781","Zm00001eb195280"
"4782","Zm00001eb179870"
"4783","Zm00001eb176850"
"4784","Zm00001eb189870"
"4785","Zm00001eb168260"
"4786","Zm00001eb202400"
"4787","Zm00001eb172280"
"4788","Zm00001eb206300"
"4789","Zm00001eb198820"
"4790","Zm00001eb205010"
"4791","Zm00001eb190810"
"4792","Zm00001eb179290"
"4793","Zm00001eb180930"
"4794","Zm00001eb197480"
"4795","Zm00001eb172580"
"4796","Zm00001eb168730"
"4797","Zm00001eb192370"
"4798","Zm00001eb181860"
"4799","Zm00001eb201750"
"4800","Zm00001eb171440"
"4801","Zm00001eb194880"
"4802","Zm00001eb173630"
"4803","Zm00001eb187580"
"4804","Zm00001eb189200"
"4805","Zm00001eb170390"
"4806","Zm00001eb199670"
"4807","Zm00001eb175280"
"4808","Zm00001eb171790"
"4809","Zm00001eb173730"
"4810","Zm00001eb176390"
"4811","Zm00001eb172180"
"4812","Zm00001eb188690"
"4813","Zm00001eb189260"
"4814","Zm00001eb191940"
"4815","Zm00001eb196200"
"4816","Zm00001eb187380"
"4817","Zm00001eb199540"
"4818","Zm00001eb187250"
"4819","Zm00001eb169520"
"4820","Zm00001eb184920"
"4821","Zm00001eb197150"
"4822","Zm00001eb179130"
"4823","Zm00001eb198710"
"4824","Zm00001eb203400"
"4825","Zm00001eb191510"
"4826","Zm00001eb165460"
"4827","Zm00001eb180360"
"4828","Zm00001eb177000"
"4829","Zm00001eb189500"
"4830","Zm00001eb189900"
"4831","Zm00001eb209100"
"4832","Zm00001eb185870"
"4833","Zm00001eb192330"
"4834","Zm00001eb199970"
"4835","Zm00001eb206490"
"4836","Zm00001eb192120"
"4837","Zm00001eb187440"
"4838","Zm00001eb208010"
"4839","Zm00001eb202960"
"4840","Zm00001eb176800"
"4841","Zm00001eb192860"
"4842","Zm00001eb173320"
"4843","Zm00001eb167300"
"4844","Zm00001eb204210"
"4845","Zm00001eb170170"
"4846","Zm00001eb198470"
"4847","Zm00001eb169310"
"4848","Zm00001eb181980"
"4849","Zm00001eb187750"
"4850","Zm00001eb184310"
"4851","Zm00001eb192150"
"4852","Zm00001eb200770"
"4853","Zm00001eb208320"
"4854","Zm00001eb176620"
"4855","Zm00001eb173680"
"4856","Zm00001eb170810"
"4857","Zm00001eb206790"
"4858","Zm00001eb188030"
"4859","Zm00001eb185340"
"4860","Zm00001eb194670"
"4861","Zm00001eb194450"
"4862","Zm00001eb210120"
"4863","Zm00001eb209270"
"4864","Zm00001eb174670"
"4865","Zm00001eb176000"
"4866","Zm00001eb165880"
"4867","Zm00001eb197870"
"4868","Zm00001eb187850"
"4869","Zm00001eb171750"
"4870","Zm00001eb191480"
"4871","Zm00001eb194260"
"4872","Zm00001eb188990"
"4873","Zm00001eb186970"
"4874","Zm00001eb201910"
"4875","Zm00001eb165060"
"4876","Zm00001eb185800"
"4877","Zm00001eb168170"
"4878","Zm00001eb198100"
"4879","Zm00001eb181100"
"4880","Zm00001eb190160"
"4881","Zm00001eb183010"
"4882","Zm00001eb171060"
"4883","Zm00001eb179590"
"4884","Zm00001eb208240"
"4885","Zm00001eb176210"
"4886","Zm00001eb197590"
"4887","Zm00001eb190620"
"4888","Zm00001eb190840"
"4889","Zm00001eb200140"
"4890","Zm00001eb177150"
"4891","Zm00001eb191030"
"4892","Zm00001eb181170"
"4893","Zm00001eb180790"
"4894","Zm00001eb191660"
"4895","Zm00001eb174310"
"4896","Zm00001eb197710"
"4897","Zm00001eb184610"
"4898","Zm00001eb193760"
"4899","Zm00001eb165960"
"4900","Zm00001eb209070"
"4901","Zm00001eb169640"
"4902","Zm00001eb185250"
"4903","Zm00001eb193330"
"4904","Zm00001eb183500"
"4905","Zm00001eb172890"
"4906","Zm00001eb196230"
"4907","Zm00001eb205930"
"4908","Zm00001eb209390"
"4909","Zm00001eb193090"
"4910","Zm00001eb194920"
"4911","Zm00001eb173490"
"4912","Zm00001eb187770"
"4913","Zm00001eb202140"
"4914","Zm00001eb203130"
"4915","Zm00001eb200920"
"4916","Zm00001eb187200"
"4917","Zm00001eb205970"
"4918","Zm00001eb171990"
"4919","Zm00001eb209770"
"4920","Zm00001eb179170"
"4921","Zm00001eb179940"
"4922","Zm00001eb207410"
"4923","Zm00001eb202380"
"4924","Zm00001eb190920"
"4925","Zm00001eb198650"
"4926","Zm00001eb205240"
"4927","Zm00001eb204410"
"4928","Zm00001eb207790"
"4929","Zm00001eb194510"
"4930","Zm00001eb188950"
"4931","Zm00001eb191130"
"4932","Zm00001eb184450"
"4933","Zm00001eb185670"
"4934","Zm00001eb167520"
"4935","Zm00001eb208800"
"4936","Zm00001eb167980"
"4937","Zm00001eb185630"
"4938","Zm00001eb190190"
"4939","Zm00001eb174730"
"4940","Zm00001eb189850"
"4941","Zm00001eb176070"
"4942","Zm00001eb172140"
"4943","Zm00001eb207920"
"4944","Zm00001eb208050"
"4945","Zm00001eb169120"
"4946","Zm00001eb195420"
"4947","Zm00001eb205540"
"4948","Zm00001eb170040"
"4949","Zm00001eb186530"
"4950","Zm00001eb196400"
"4951","Zm00001eb188800"
"4952","Zm00001eb198580"
"4953","Zm00001eb199590"
"4954","Zm00001eb185550"
"4955","Zm00001eb176370"
"4956","Zm00001eb199470"
"4957","Zm00001eb198310"
"4958","Zm00001eb204700"
"4959","Zm00001eb195190"
"4960","Zm00001eb174650"
"4961","Zm00001eb164330"
"4962","Zm00001eb177690"
"4963","Zm00001eb178540"
"4964","Zm00001eb165890"
"4965","Zm00001eb176740"
"4966","Zm00001eb193180"
"4967","Zm00001eb172100"
"4968","Zm00001eb176590"
"4969","Zm00001eb179550"
"4970","Zm00001eb209950"
"4971","Zm00001eb207380"
"4972","Zm00001eb192140"
"4973","Zm00001eb199820"
"4974","Zm00001eb185510"
"4975","Zm00001eb209550"
"4976","Zm00001eb186940"
"4977","Zm00001eb191290"
"4978","Zm00001eb177630"
"4979","Zm00001eb194270"
"4980","Zm00001eb193970"
"4981","Zm00001eb200720"
"4982","Zm00001eb202440"
"4983","Zm00001eb181430"
"4984","Zm00001eb193480"
"4985","Zm00001eb205770"
"4986","Zm00001eb204830"
"4987","Zm00001eb170610"
"4988","Zm00001eb172040"
"4989","Zm00001eb198450"
"4990","Zm00001eb192840"
"4991","Zm00001eb179080"
"4992","Zm00001eb209170"
"4993","Zm00001eb176260"
"4994","Zm00001eb193560"
"4995","Zm00001eb196710"
"4996","Zm00001eb173930"
"4997","Zm00001eb182020"
"4998","Zm00001eb189050"
"4999","Zm00001eb173650"
"5000","Zm00001eb166800"
"5001","Zm00001eb193260"
"5002","Zm00001eb171410"
"5003","Zm00001eb178560"
"5004","Zm00001eb198110"
"5005","Zm00001eb206870"
"5006","Zm00001eb167850"
"5007","Zm00001eb195840"
"5008","Zm00001eb169960"
"5009","Zm00001eb208510"
"5010","Zm00001eb169590"
"5011","Zm00001eb205620"
"5012","Zm00001eb193650"
"5013","Zm00001eb176440"
"5014","Zm00001eb207720"
"5015","Zm00001eb207450"
"5016","Zm00001eb167750"
"5017","Zm00001eb171090"
"5018","Zm00001eb181030"
"5019","Zm00001eb194780"
"5020","Zm00001eb200630"
"5021","Zm00001eb190130"
"5022","Zm00001eb096110"
"5023","Zm00001eb080260"
"5024","Zm00001eb088910"
"5025","Zm00001eb115290"
"5026","Zm00001eb070520"
"5027","Zm00001eb081690"
"5028","Zm00001eb105850"
"5029","Zm00001eb114740"
"5030","Zm00001eb101440"
"5031","Zm00001eb082860"
"5032","Zm00001eb110390"
"5033","Zm00001eb077390"
"5034","Zm00001eb101680"
"5035","Zm00001eb085240"
"5036","Zm00001eb104840"
"5037","Zm00001eb108490"
"5038","Zm00001eb065940"
"5039","Zm00001eb114320"
"5040","Zm00001eb090990"
"5041","Zm00001eb114260"
"5042","Zm00001eb078190"
"5043","Zm00001eb097240"
"5044","Zm00001eb065580"
"5045","Zm00001eb099390"
"5046","Zm00001eb066630"
"5047","Zm00001eb080480"
"5048","Zm00001eb080790"
"5049","Zm00001eb071720"
"5050","Zm00001eb112040"
"5051","Zm00001eb067550"
"5052","Zm00001eb118330"
"5053","Zm00001eb105690"
"5054","Zm00001eb091870"
"5055","Zm00001eb107970"
"5056","Zm00001eb097550"
"5057","Zm00001eb113950"
"5058","Zm00001eb097300"
"5059","Zm00001eb100830"
"5060","Zm00001eb106150"
"5061","Zm00001eb103400"
"5062","Zm00001eb079940"
"5063","Zm00001eb109820"
"5064","Zm00001eb079300"
"5065","Zm00001eb077030"
"5066","Zm00001eb076040"
"5067","Zm00001eb109440"
"5068","Zm00001eb079080"
"5069","Zm00001eb112630"
"5070","Zm00001eb073490"
"5071","Zm00001eb110610"
"5072","Zm00001eb098370"
"5073","Zm00001eb072880"
"5074","Zm00001eb112750"
"5075","Zm00001eb092900"
"5076","Zm00001eb111070"
"5077","Zm00001eb066820"
"5078","Zm00001eb080680"
"5079","Zm00001eb108070"
"5080","Zm00001eb075670"
"5081","Zm00001eb115000"
"5082","Zm00001eb102220"
"5083","Zm00001eb111970"
"5084","Zm00001eb078580"
"5085","Zm00001eb074990"
"5086","Zm00001eb097830"
"5087","Zm00001eb084550"
"5088","Zm00001eb102380"
"5089","Zm00001eb111740"
"5090","Zm00001eb093870"
"5091","Zm00001eb102610"
"5092","Zm00001eb107420"
"5093","Zm00001eb107230"
"5094","Zm00001eb095110"
"5095","Zm00001eb095790"
"5096","Zm00001eb086840"
"5097","Zm00001eb097080"
"5098","Zm00001eb116920"
"5099","Zm00001eb074460"
"5100","Zm00001eb110520"
"5101","Zm00001eb077540"
"5102","Zm00001eb106840"
"5103","Zm00001eb103220"
"5104","Zm00001eb116770"
"5105","Zm00001eb085730"
"5106","Zm00001eb110340"
"5107","Zm00001eb081260"
"5108","Zm00001eb069350"
"5109","Zm00001eb082220"
"5110","Zm00001eb092810"
"5111","Zm00001eb094370"
"5112","Zm00001eb104780"
"5113","Zm00001eb109570"
"5114","Zm00001eb099550"
"5115","Zm00001eb098410"
"5116","Zm00001eb100960"
"5117","Zm00001eb105410"
"5118","Zm00001eb102920"
"5119","Zm00001eb078130"
"5120","Zm00001eb066470"
"5121","Zm00001eb099090"
"5122","Zm00001eb091400"
"5123","Zm00001eb092720"
"5124","Zm00001eb114430"
"5125","Zm00001eb082080"
"5126","Zm00001eb068100"
"5127","Zm00001eb065740"
"5128","Zm00001eb089740"
"5129","Zm00001eb086700"
"5130","Zm00001eb101200"
"5131","Zm00001eb105580"
"5132","Zm00001eb090170"
"5133","Zm00001eb102200"
"5134","Zm00001eb070410"
"5135","Zm00001eb085610"
"5136","Zm00001eb073630"
"5137","Zm00001eb065720"
"5138","Zm00001eb096750"
"5139","Zm00001eb095980"
"5140","Zm00001eb098860"
"5141","Zm00001eb091530"
"5142","Zm00001eb096970"
"5143","Zm00001eb114380"
"5144","Zm00001eb067150"
"5145","Zm00001eb082620"
"5146","Zm00001eb070790"
"5147","Zm00001eb094970"
"5148","Zm00001eb075190"
"5149","Zm00001eb071830"
"5150","Zm00001eb103800"
"5151","Zm00001eb069700"
"5152","Zm00001eb073240"
"5153","Zm00001eb108230"
"5154","Zm00001eb109190"
"5155","Zm00001eb092570"
"5156","Zm00001eb106470"
"5157","Zm00001eb093300"
"5158","Zm00001eb082750"
"5159","Zm00001eb092550"
"5160","Zm00001eb094730"
"5161","Zm00001eb069090"
"5162","Zm00001eb098990"
"5163","Zm00001eb110930"
"5164","Zm00001eb103050"
"5165","Zm00001eb078830"
"5166","Zm00001eb099570"
"5167","Zm00001eb086030"
"5168","Zm00001eb085290"
"5169","Zm00001eb082910"
"5170","Zm00001eb078330"
"5171","Zm00001eb111670"
"5172","Zm00001eb066960"
"5173","Zm00001eb089660"
"5174","Zm00001eb076590"
"5175","Zm00001eb095800"
"5176","Zm00001eb072480"
"5177","Zm00001eb085320"
"5178","Zm00001eb100710"
"5179","Zm00001eb075740"
"5180","Zm00001eb108570"
"5181","Zm00001eb096170"
"5182","Zm00001eb103540"
"5183","Zm00001eb067700"
"5184","Zm00001eb111640"
"5185","Zm00001eb066050"
"5186","Zm00001eb085100"
"5187","Zm00001eb110010"
"5188","Zm00001eb068040"
"5189","Zm00001eb098460"
"5190","Zm00001eb067520"
"5191","Zm00001eb110880"
"5192","Zm00001eb100680"
"5193","Zm00001eb089960"
"5194","Zm00001eb104060"
"5195","Zm00001eb065630"
"5196","Zm00001eb082560"
"5197","Zm00001eb089600"
"5198","Zm00001eb093900"
"5199","Zm00001eb089800"
"5200","Zm00001eb092240"
"5201","Zm00001eb102970"
"5202","Zm00001eb116420"
"5203","Zm00001eb104640"
"5204","Zm00001eb115240"
"5205","Zm00001eb074880"
"5206","Zm00001eb083180"
"5207","Zm00001eb098700"
"5208","Zm00001eb066690"
"5209","Zm00001eb113170"
"5210","Zm00001eb110100"
"5211","Zm00001eb066320"
"5212","Zm00001eb101900"
"5213","Zm00001eb116930"
"5214","Zm00001eb091420"
"5215","Zm00001eb081720"
"5216","Zm00001eb104560"
"5217","Zm00001eb117610"
"5218","Zm00001eb077220"
"5219","Zm00001eb113290"
"5220","Zm00001eb110450"
"5221","Zm00001eb107170"
"5222","Zm00001eb103510"
"5223","Zm00001eb083840"
"5224","Zm00001eb106740"
"5225","Zm00001eb070970"
"5226","Zm00001eb075050"
"5227","Zm00001eb117130"
"5228","Zm00001eb076160"
"5229","Zm00001eb074520"
"5230","Zm00001eb098570"
"5231","Zm00001eb089420"
"5232","Zm00001eb113090"
"5233","Zm00001eb079110"
"5234","Zm00001eb092090"
"5235","Zm00001eb101500"
"5236","Zm00001eb109520"
"5237","Zm00001eb068600"
"5238","Zm00001eb106660"
"5239","Zm00001eb071140"
"5240","Zm00001eb067340"
"5241","Zm00001eb075960"
"5242","Zm00001eb078390"
"5243","Zm00001eb070250"
"5244","Zm00001eb106940"
"5245","Zm00001eb117400"
"5246","Zm00001eb104400"
"5247","Zm00001eb111380"
"5248","Zm00001eb066770"
"5249","Zm00001eb105750"
"5250","Zm00001eb073910"
"5251","Zm00001eb089370"
"5252","Zm00001eb088460"
"5253","Zm00001eb084570"
"5254","Zm00001eb088970"
"5255","Zm00001eb079510"
"5256","Zm00001eb077450"
"5257","Zm00001eb108030"
"5258","Zm00001eb103320"
"5259","Zm00001eb077640"
"5260","Zm00001eb068370"
"5261","Zm00001eb107560"
"5262","Zm00001eb073300"
"5263","Zm00001eb084040"
"5264","Zm00001eb073400"
"5265","Zm00001eb073200"
"5266","Zm00001eb077720"
"5267","Zm00001eb066990"
"5268","Zm00001eb086560"
"5269","Zm00001eb078960"
"5270","Zm00001eb106530"
"5271","Zm00001eb074600"
"5272","Zm00001eb076240"
"5273","Zm00001eb082930"
"5274","Zm00001eb078890"
"5275","Zm00001eb107800"
"5276","Zm00001eb065850"
"5277","Zm00001eb084760"
"5278","Zm00001eb117060"
"5279","Zm00001eb095290"
"5280","Zm00001eb103080"
"5281","Zm00001eb113050"
"5282","Zm00001eb108120"
"5283","Zm00001eb074240"
"5284","Zm00001eb069040"
"5285","Zm00001eb100250"
"5286","Zm00001eb107080"
"5287","Zm00001eb103560"
"5288","Zm00001eb093980"
"5289","Zm00001eb091750"
"5290","Zm00001eb096060"
"5291","Zm00001eb080120"
"5292","Zm00001eb100340"
"5293","Zm00001eb099480"
"5294","Zm00001eb104980"
"5295","Zm00001eb105310"
"5296","Zm00001eb115340"
"5297","Zm00001eb083940"
"5298","Zm00001eb080310"
"5299","Zm00001eb083650"
"5300","Zm00001eb100620"
"5301","Zm00001eb106510"
"5302","Zm00001eb100020"
"5303","Zm00001eb071750"
"5304","Zm00001eb102580"
"5305","Zm00001eb066190"
"5306","Zm00001eb117510"
"5307","Zm00001eb112430"
"5308","Zm00001eb076490"
"5309","Zm00001eb084870"
"5310","Zm00001eb073510"
"5311","Zm00001eb107020"
"5312","Zm00001eb108280"
"5313","Zm00001eb067580"
"5314","Zm00001eb086910"
"5315","Zm00001eb099960"
"5316","Zm00001eb107370"
"5317","Zm00001eb071550"
"5318","Zm00001eb100000"
"5319","Zm00001eb109370"
"5320","Zm00001eb075840"
"5321","Zm00001eb082710"
"5322","Zm00001eb107920"
"5323","Zm00001eb073430"
"5324","Zm00001eb105560"
"5325","Zm00001eb092480"
"5326","Zm00001eb077140"
"5327","Zm00001eb088080"
"5328","Zm00001eb072840"
"5329","Zm00001eb114790"
"5330","Zm00001eb083770"
"5331","Zm00001eb117330"
"5332","Zm00001eb104460"
"5333","Zm00001eb104260"
"5334","Zm00001eb112720"
"5335","Zm00001eb072290"
"5336","Zm00001eb102260"
"5337","Zm00001eb104040"
"5338","Zm00001eb104130"
"5339","Zm00001eb084020"
"5340","Zm00001eb067530"
"5341","Zm00001eb070890"
"5342","Zm00001eb069120"
"5343","Zm00001eb093130"
"5344","Zm00001eb102900"
"5345","Zm00001eb099200"
"5346","Zm00001eb106810"
"5347","Zm00001eb108920"
"5348","Zm00001eb109110"
"5349","Zm00001eb094580"
"5350","Zm00001eb110380"
"5351","Zm00001eb102520"
"5352","Zm00001eb066230"
"5353","Zm00001eb080870"
"5354","Zm00001eb096920"
"5355","Zm00001eb103170"
"5356","Zm00001eb100410"
"5357","Zm00001eb076140"
"5358","Zm00001eb070750"
"5359","Zm00001eb083170"
"5360","Zm00001eb108220"
"5361","Zm00001eb082960"
"5362","Zm00001eb098610"
"5363","Zm00001eb107590"
"5364","Zm00001eb106950"
"5365","Zm00001eb116580"
"5366","Zm00001eb100540"
"5367","Zm00001eb067200"
"5368","Zm00001eb083670"
"5369","Zm00001eb118010"
"5370","Zm00001eb091640"
"5371","Zm00001eb066260"
"5372","Zm00001eb103010"
"5373","Zm00001eb082070"
"5374","Zm00001eb116890"
"5375","Zm00001eb078000"
"5376","Zm00001eb085850"
"5377","Zm00001eb101530"
"5378","Zm00001eb068660"
"5379","Zm00001eb117350"
"5380","Zm00001eb066060"
"5381","Zm00001eb113490"
"5382","Zm00001eb085330"
"5383","Zm00001eb105790"
"5384","Zm00001eb109800"
"5385","Zm00001eb114770"
"5386","Zm00001eb092870"
"5387","Zm00001eb105300"
"5388","Zm00001eb069140"
"5389","Zm00001eb073280"
"5390","Zm00001eb065640"
"5391","Zm00001eb113010"
"5392","Zm00001eb117520"
"5393","Zm00001eb089840"
"5394","Zm00001eb075540"
"5395","Zm00001eb103260"
"5396","Zm00001eb100920"
"5397","Zm00001eb091130"
"5398","Zm00001eb104740"
"5399","Zm00001eb101820"
"5400","Zm00001eb106060"
"5401","Zm00001eb105610"
"5402","Zm00001eb099240"
"5403","Zm00001eb102210"
"5404","Zm00001eb106580"
"5405","Zm00001eb067290"
"5406","Zm00001eb082690"
"5407","Zm00001eb113280"
"5408","Zm00001eb112220"
"5409","Zm00001eb095710"
"5410","Zm00001eb098500"
"5411","Zm00001eb093510"
"5412","Zm00001eb079410"
"5413","Zm00001eb090980"
"5414","Zm00001eb107720"
"5415","Zm00001eb087460"
"5416","Zm00001eb078850"
"5417","Zm00001eb087670"
"5418","Zm00001eb089260"
"5419","Zm00001eb072360"
"5420","Zm00001eb069390"
"5421","Zm00001eb068300"
"5422","Zm00001eb102230"
"5423","Zm00001eb113880"
"5424","Zm00001eb116280"
"5425","Zm00001eb089340"
"5426","Zm00001eb110530"
"5427","Zm00001eb081270"
"5428","Zm00001eb069020"
"5429","Zm00001eb117090"
"5430","Zm00001eb105220"
"5431","Zm00001eb080970"
"5432","Zm00001eb070110"
"5433","Zm00001eb111590"
"5434","Zm00001eb103720"
"5435","Zm00001eb105030"
"5436","Zm00001eb108650"
"5437","Zm00001eb066640"
"5438","Zm00001eb106010"
"5439","Zm00001eb104850"
"5440","Zm00001eb086360"
"5441","Zm00001eb114830"
"5442","Zm00001eb115110"
"5443","Zm00001eb104810"
"5444","Zm00001eb104370"
"5445","Zm00001eb078460"
"5446","Zm00001eb114600"
"5447","Zm00001eb107350"
"5448","Zm00001eb115250"
"5449","Zm00001eb105680"
"5450","Zm00001eb073010"
"5451","Zm00001eb081090"
"5452","Zm00001eb073120"
"5453","Zm00001eb114140"
"5454","Zm00001eb081800"
"5455","Zm00001eb101340"
"5456","Zm00001eb073830"
"5457","Zm00001eb076780"
"5458","Zm00001eb075030"
"5459","Zm00001eb093400"
"5460","Zm00001eb083820"
"5461","Zm00001eb078640"
"5462","Zm00001eb071480"
"5463","Zm00001eb080320"
"5464","Zm00001eb093670"
"5465","Zm00001eb105910"
"5466","Zm00001eb071470"
"5467","Zm00001eb090830"
"5468","Zm00001eb116830"
"5469","Zm00001eb104530"
"5470","Zm00001eb095410"
"5471","Zm00001eb096950"
"5472","Zm00001eb107220"
"5473","Zm00001eb091670"
"5474","Zm00001eb074730"
"5475","Zm00001eb085360"
"5476","Zm00001eb099100"
"5477","Zm00001eb117460"
"5478","Zm00001eb070180"
"5479","Zm00001eb095840"
"5480","Zm00001eb109020"
"5481","Zm00001eb068670"
"5482","Zm00001eb085560"
"5483","Zm00001eb111180"
"5484","Zm00001eb100110"
"5485","Zm00001eb095500"
"5486","Zm00001eb094860"
"5487","Zm00001eb110760"
"5488","Zm00001eb107980"
"5489","Zm00001eb100650"
"5490","Zm00001eb088830"
"5491","Zm00001eb110560"
"5492","Zm00001eb081630"
"5493","Zm00001eb095330"
"5494","Zm00001eb076560"
"5495","Zm00001eb096890"
"5496","Zm00001eb093890"
"5497","Zm00001eb076530"
"5498","Zm00001eb069420"
"5499","Zm00001eb076700"
"5500","Zm00001eb070630"
"5501","Zm00001eb092850"
"5502","Zm00001eb077250"
"5503","Zm00001eb077860"
"5504","Zm00001eb068910"
"5505","Zm00001eb082320"
"5506","Zm00001eb081460"
"5507","Zm00001eb089580"
"5508","Zm00001eb107660"
"5509","Zm00001eb066580"
"5510","Zm00001eb109770"
"5511","Zm00001eb111980"
"5512","Zm00001eb108690"
"5513","Zm00001eb104970"
"5514","Zm00001eb078780"
"5515","Zm00001eb078900"
"5516","Zm00001eb075140"
"5517","Zm00001eb115800"
"5518","Zm00001eb068270"
"5519","Zm00001eb112590"
"5520","Zm00001eb068540"
"5521","Zm00001eb079640"
"5522","Zm00001eb070940"
"5523","Zm00001eb069080"
"5524","Zm00001eb106640"
"5525","Zm00001eb079540"
"5526","Zm00001eb103190"
"5527","Zm00001eb094340"
"5528","Zm00001eb082670"
"5529","Zm00001eb117140"
"5530","Zm00001eb108890"
"5531","Zm00001eb070480"
"5532","Zm00001eb071360"
"5533","Zm00001eb072750"
"5534","Zm00001eb116650"
"5535","Zm00001eb110720"
"5536","Zm00001eb091000"
"5537","Zm00001eb083400"
"5538","Zm00001eb116730"
"5539","Zm00001eb075170"
"5540","Zm00001eb073990"
"5541","Zm00001eb074140"
"5542","Zm00001eb112380"
"5543","Zm00001eb093110"
"5544","Zm00001eb094940"
"5545","Zm00001eb097330"
"5546","Zm00001eb110000"
"5547","Zm00001eb116530"
"5548","Zm00001eb087050"
"5549","Zm00001eb084970"
"5550","Zm00001eb106440"
"5551","Zm00001eb114080"
"5552","Zm00001eb110020"
"5553","Zm00001eb068400"
"5554","Zm00001eb068290"
"5555","Zm00001eb066310"
"5556","Zm00001eb080770"
"5557","Zm00001eb111720"
"5558","Zm00001eb102140"
"5559","Zm00001eb104610"
"5560","Zm00001eb094050"
"5561","Zm00001eb072900"
"5562","Zm00001eb084260"
"5563","Zm00001eb101330"
"5564","Zm00001eb065770"
"5565","Zm00001eb076930"
"5566","Zm00001eb116240"
"5567","Zm00001eb073330"
"5568","Zm00001eb080560"
"5569","Zm00001eb092220"
"5570","Zm00001eb114240"
"5571","Zm00001eb101170"
"5572","Zm00001eb076420"
"5573","Zm00001eb104900"
"5574","Zm00001eb085640"
"5575","Zm00001eb084370"
"5576","Zm00001eb081640"
"5577","Zm00001eb080110"
"5578","Zm00001eb112180"
"5579","Zm00001eb077980"
"5580","Zm00001eb074080"
"5581","Zm00001eb065950"
"5582","Zm00001eb107180"
"5583","Zm00001eb089390"
"5584","Zm00001eb098430"
"5585","Zm00001eb074710"
"5586","Zm00001eb088740"
"5587","Zm00001eb083370"
"5588","Zm00001eb071060"
"5589","Zm00001eb077400"
"5590","Zm00001eb108850"
"5591","Zm00001eb109620"
"5592","Zm00001eb104420"
"5593","Zm00001eb098770"
"5594","Zm00001eb066180"
"5595","Zm00001eb116460"
"5596","Zm00001eb089410"
"5597","Zm00001eb078110"
"5598","Zm00001eb085860"
"5599","Zm00001eb117190"
"5600","Zm00001eb070760"
"5601","Zm00001eb094390"
"5602","Zm00001eb115230"
"5603","Zm00001eb106040"
"5604","Zm00001eb067130"
"5605","Zm00001eb117530"
"5606","Zm00001eb117870"
"5607","Zm00001eb068440"
"5608","Zm00001eb078060"
"5609","Zm00001eb113240"
"5610","Zm00001eb084300"
"5611","Zm00001eb073150"
"5612","Zm00001eb107110"
"5613","Zm00001eb071210"
"5614","Zm00001eb096580"
"5615","Zm00001eb077610"
"5616","Zm00001eb093160"
"5617","Zm00001eb098510"
"5618","Zm00001eb070390"
"5619","Zm00001eb073660"
"5620","Zm00001eb094960"
"5621","Zm00001eb072390"
"5622","Zm00001eb083380"
"5623","Zm00001eb106500"
"5624","Zm00001eb068750"
"5625","Zm00001eb099980"
"5626","Zm00001eb072790"
"5627","Zm00001eb069580"
"5628","Zm00001eb071580"
"5629","Zm00001eb111440"
"5630","Zm00001eb069110"
"5631","Zm00001eb070900"
"5632","Zm00001eb106160"
"5633","Zm00001eb092690"
"5634","Zm00001eb107930"
"5635","Zm00001eb067720"
"5636","Zm00001eb069280"
"5637","Zm00001eb078650"
"5638","Zm00001eb101190"
"5639","Zm00001eb068020"
"5640","Zm00001eb092180"
"5641","Zm00001eb090480"
"5642","Zm00001eb103020"
"5643","Zm00001eb101470"
"5644","Zm00001eb076610"
"5645","Zm00001eb096040"
"5646","Zm00001eb096090"
"5647","Zm00001eb084750"
"5648","Zm00001eb102720"
"5649","Zm00001eb107550"
"5650","Zm00001eb091540"
"5651","Zm00001eb079730"
"5652","Zm00001eb085230"
"5653","Zm00001eb101280"
"5654","Zm00001eb073370"
"5655","Zm00001eb093500"
"5656","Zm00001eb075780"
"5657","Zm00001eb072000"
"5658","Zm00001eb103240"
"5659","Zm00001eb105290"
"5660","Zm00001eb078210"
"5661","Zm00001eb115220"
"5662","Zm00001eb106720"
"5663","Zm00001eb070100"
"5664","Zm00001eb116950"
"5665","Zm00001eb105090"
"5666","Zm00001eb077790"
"5667","Zm00001eb105830"
"5668","Zm00001eb076820"
"5669","Zm00001eb113700"
"5670","Zm00001eb080890"
"5671","Zm00001eb109790"
"5672","Zm00001eb074040"
"5673","Zm00001eb099250"
"5674","Zm00001eb106290"
"5675","Zm00001eb105670"
"5676","Zm00001eb104290"
"5677","Zm00001eb118200"
"5678","Zm00001eb114280"
"5679","Zm00001eb097590"
"5680","Zm00001eb083830"
"5681","Zm00001eb103030"
"5682","Zm00001eb082890"
"5683","Zm00001eb086820"
"5684","Zm00001eb104870"
"5685","Zm00001eb101080"
"5686","Zm00001eb079420"
"5687","Zm00001eb117900"
"5688","Zm00001eb083210"
"5689","Zm00001eb112020"
"5690","Zm00001eb082720"
"5691","Zm00001eb065690"
"5692","Zm00001eb072100"
"5693","Zm00001eb093540"
"5694","Zm00001eb077670"
"5695","Zm00001eb071300"
"5696","Zm00001eb084180"
"5697","Zm00001eb114150"
"5698","Zm00001eb075980"
"5699","Zm00001eb076010"
"5700","Zm00001eb070810"
"5701","Zm00001eb117150"
"5702","Zm00001eb111050"
"5703","Zm00001eb104210"
"5704","Zm00001eb102790"
"5705","Zm00001eb095530"
"5706","Zm00001eb091620"
"5707","Zm00001eb092280"
"5708","Zm00001eb074610"
"5709","Zm00001eb093750"
"5710","Zm00001eb110070"
"5711","Zm00001eb067370"
"5712","Zm00001eb106960"
"5713","Zm00001eb112820"
"5714","Zm00001eb075380"
"5715","Zm00001eb101750"
"5716","Zm00001eb094540"
"5717","Zm00001eb070240"
"5718","Zm00001eb102640"
"5719","Zm00001eb103830"
"5720","Zm00001eb085410"
"5721","Zm00001eb105390"
"5722","Zm00001eb076570"
"5723","Zm00001eb068120"
"5724","Zm00001eb102030"
"5725","Zm00001eb106120"
"5726","Zm00001eb103300"
"5727","Zm00001eb103340"
"5728","Zm00001eb075510"
"5729","Zm00001eb077230"
"5730","Zm00001eb099170"
"5731","Zm00001eb067270"
"5732","Zm00001eb103730"
"5733","Zm00001eb098910"
"5734","Zm00001eb070070"
"5735","Zm00001eb089060"
"5736","Zm00001eb085510"
"5737","Zm00001eb116380"
"5738","Zm00001eb093390"
"5739","Zm00001eb100980"
"5740","Zm00001eb072780"
"5741","Zm00001eb076710"
"5742","Zm00001eb095700"
"5743","Zm00001eb076390"
"5744","Zm00001eb068410"
"5745","Zm00001eb105100"
"5746","Zm00001eb116010"
"5747","Zm00001eb104960"
"5748","Zm00001eb081450"
"5749","Zm00001eb084110"
"5750","Zm00001eb096080"
"5751","Zm00001eb066590"
"5752","Zm00001eb069270"
"5753","Zm00001eb101770"
"5754","Zm00001eb111690"
"5755","Zm00001eb105120"
"5756","Zm00001eb103610"
"5757","Zm00001eb076340"
"5758","Zm00001eb082380"
"5759","Zm00001eb083470"
"5760","Zm00001eb078360"
"5761","Zm00001eb107670"
"5762","Zm00001eb070720"
"5763","Zm00001eb092590"
"5764","Zm00001eb073550"
"5765","Zm00001eb091010"
"5766","Zm00001eb085170"
"5767","Zm00001eb096680"
"5768","Zm00001eb067800"
"5769","Zm00001eb089680"
"5770","Zm00001eb118070"
"5771","Zm00001eb107030"
"5772","Zm00001eb075390"
"5773","Zm00001eb097040"
"5774","Zm00001eb071280"
"5775","Zm00001eb094350"
"5776","Zm00001eb081790"
"5777","Zm00001eb072850"
"5778","Zm00001eb072190"
"5779","Zm00001eb102560"
"5780","Zm00001eb075920"
"5781","Zm00001eb099640"
"5782","Zm00001eb106230"
"5783","Zm00001eb110640"
"5784","Zm00001eb074410"
"5785","Zm00001eb071390"
"5786","Zm00001eb066540"
"5787","Zm00001eb116250"
"5788","Zm00001eb110750"
"5789","Zm00001eb103900"
"5790","Zm00001eb080440"
"5791","Zm00001eb098680"
"5792","Zm00001eb096280"
"5793","Zm00001eb107940"
"5794","Zm00001eb112360"
"5795","Zm00001eb106460"
"5796","Zm00001eb110920"
"5797","Zm00001eb080820"
"5798","Zm00001eb106320"
"5799","Zm00001eb104660"
"5800","Zm00001eb090920"
"5801","Zm00001eb082100"
"5802","Zm00001eb077210"
"5803","Zm00001eb068880"
"5804","Zm00001eb108430"
"5805","Zm00001eb080710"
"5806","Zm00001eb116440"
"5807","Zm00001eb083600"
"5808","Zm00001eb100890"
"5809","Zm00001eb066290"
"5810","Zm00001eb093630"
"5811","Zm00001eb075460"
"5812","Zm00001eb105890"
"5813","Zm00001eb101320"
"5814","Zm00001eb101040"
"5815","Zm00001eb079220"
"5816","Zm00001eb100880"
"5817","Zm00001eb107090"
"5818","Zm00001eb104590"
"5819","Zm00001eb090850"
"5820","Zm00001eb082980"
"5821","Zm00001eb070680"
"5822","Zm00001eb102590"
"5823","Zm00001eb109870"
"5824","Zm00001eb081380"
"5825","Zm00001eb110430"
"5826","Zm00001eb091230"
"5827","Zm00001eb110250"
"5828","Zm00001eb074820"
"5829","Zm00001eb079180"
"5830","Zm00001eb066510"
"5831","Zm00001eb081580"
"5832","Zm00001eb086380"
"5833","Zm00001eb111230"
"5834","Zm00001eb110710"
"5835","Zm00001eb096940"
"5836","Zm00001eb075330"
"5837","Zm00001eb114880"
"5838","Zm00001eb076640"
"5839","Zm00001eb070950"
"5840","Zm00001eb113350"
"5841","Zm00001eb071120"
"5842","Zm00001eb069070"
"5843","Zm00001eb110540"
"5844","Zm00001eb105740"
"5845","Zm00001eb070320"
"5846","Zm00001eb117310"
"5847","Zm00001eb066920"
"5848","Zm00001eb117600"
"5849","Zm00001eb072110"
"5850","Zm00001eb107280"
"5851","Zm00001eb100100"
"5852","Zm00001eb097140"
"5853","Zm00001eb071990"
"5854","Zm00001eb114250"
"5855","Zm00001eb082790"
"5856","Zm00001eb093200"
"5857","Zm00001eb099910"
"5858","Zm00001eb095260"
"5859","Zm00001eb075580"
"5860","Zm00001eb116590"
"5861","Zm00001eb081320"
"5862","Zm00001eb074830"
"5863","Zm00001eb102500"
"5864","Zm00001eb088150"
"5865","Zm00001eb085440"
"5866","Zm00001eb075060"
"5867","Zm00001eb094040"
"5868","Zm00001eb075940"
"5869","Zm00001eb081910"
"5870","Zm00001eb108060"
"5871","Zm00001eb078600"
"5872","Zm00001eb088880"
"5873","Zm00001eb101940"
"5874","Zm00001eb095920"
"5875","Zm00001eb102800"
"5876","Zm00001eb075560"
"5877","Zm00001eb072810"
"5878","Zm00001eb078570"
"5879","Zm00001eb097070"
"5880","Zm00001eb110820"
"5881","Zm00001eb109980"
"5882","Zm00001eb079750"
"5883","Zm00001eb098230"
"5884","Zm00001eb079770"
"5885","Zm00001eb070130"
"5886","Zm00001eb066970"
"5887","Zm00001eb103950"
"5888","Zm00001eb113610"
"5889","Zm00001eb101670"
"5890","Zm00001eb069000"
"5891","Zm00001eb071290"
"5892","Zm00001eb075710"
"5893","Zm00001eb096990"
"5894","Zm00001eb106630"
"5895","Zm00001eb081330"
"5896","Zm00001eb080780"
"5897","Zm00001eb103210"
"5898","Zm00001eb079610"
"5899","Zm00001eb068110"
"5900","Zm00001eb115370"
"5901","Zm00001eb091360"
"5902","Zm00001eb114490"
"5903","Zm00001eb082680"
"5904","Zm00001eb083300"
"5905","Zm00001eb099080"
"5906","Zm00001eb102090"
"5907","Zm00001eb077380"
"5908","Zm00001eb108940"
"5909","Zm00001eb112580"
"5910","Zm00001eb088450"
"5911","Zm00001eb080830"
"5912","Zm00001eb095240"
"5913","Zm00001eb111490"
"5914","Zm00001eb067750"
"5915","Zm00001eb112400"
"5916","Zm00001eb104790"
"5917","Zm00001eb109300"
"5918","Zm00001eb085050"
"5919","Zm00001eb108440"
"5920","Zm00001eb072740"
"5921","Zm00001eb076810"
"5922","Zm00001eb094520"
"5923","Zm00001eb075270"
"5924","Zm00001eb078520"
"5925","Zm00001eb074100"
"5926","Zm00001eb094990"
"5927","Zm00001eb096340"
"5928","Zm00001eb067410"
"5929","Zm00001eb076650"
"5930","Zm00001eb081110"
"5931","Zm00001eb076870"
"5932","Zm00001eb086990"
"5933","Zm00001eb072220"
"5934","Zm00001eb091510"
"5935","Zm00001eb065750"
"5936","Zm00001eb110870"
"5937","Zm00001eb098560"
"5938","Zm00001eb094560"
"5939","Zm00001eb111130"
"5940","Zm00001eb085940"
"5941","Zm00001eb075600"
"5942","Zm00001eb096980"
"5943","Zm00001eb110160"
"5944","Zm00001eb074350"
"5945","Zm00001eb079330"
"5946","Zm00001eb100180"
"5947","Zm00001eb109030"
"5948","Zm00001eb088930"
"5949","Zm00001eb089010"
"5950","Zm00001eb073750"
"5951","Zm00001eb092750"
"5952","Zm00001eb073880"
"5953","Zm00001eb066790"
"5954","Zm00001eb091100"
"5955","Zm00001eb068780"
"5956","Zm00001eb074440"
"5957","Zm00001eb112080"
"5958","Zm00001eb072330"
"5959","Zm00001eb099880"
"5960","Zm00001eb073360"
"5961","Zm00001eb107040"
"5962","Zm00001eb097310"
"5963","Zm00001eb076730"
"5964","Zm00001eb105540"
"5965","Zm00001eb083720"
"5966","Zm00001eb097400"
"5967","Zm00001eb100630"
"5968","Zm00001eb082640"
"5969","Zm00001eb072520"
"5970","Zm00001eb080860"
"5971","Zm00001eb109500"
"5972","Zm00001eb070770"
"5973","Zm00001eb081200"
"5974","Zm00001eb076230"
"5975","Zm00001eb107640"
"5976","Zm00001eb111330"
"5977","Zm00001eb110230"
"5978","Zm00001eb089570"
"5979","Zm00001eb069290"
"5980","Zm00001eb081610"
"5981","Zm00001eb112850"
"5982","Zm00001eb066680"
"5983","Zm00001eb092880"
"5984","Zm00001eb117180"
"5985","Zm00001eb071490"
"5986","Zm00001eb111760"
"5987","Zm00001eb068580"
"5988","Zm00001eb104750"
"5989","Zm00001eb103140"
"5990","Zm00001eb104050"
"5991","Zm00001eb108720"
"5992","Zm00001eb085830"
"5993","Zm00001eb086710"
"5994","Zm00001eb111830"
"5995","Zm00001eb071860"
"5996","Zm00001eb066570"
"5997","Zm00001eb066480"
"5998","Zm00001eb080510"
"5999","Zm00001eb101930"
"6000","Zm00001eb081700"
"6001","Zm00001eb087500"
"6002","Zm00001eb089230"
"6003","Zm00001eb077440"
"6004","Zm00001eb095960"
"6005","Zm00001eb098280"
"6006","Zm00001eb072660"
"6007","Zm00001eb095390"
"6008","Zm00001eb102180"
"6009","Zm00001eb094840"
"6010","Zm00001eb066560"
"6011","Zm00001eb068860"
"6012","Zm00001eb113550"
"6013","Zm00001eb074280"
"6014","Zm00001eb108330"
"6015","Zm00001eb075520"
"6016","Zm00001eb089860"
"6017","Zm00001eb082590"
"6018","Zm00001eb074170"
"6019","Zm00001eb111650"
"6020","Zm00001eb072730"
"6021","Zm00001eb070460"
"6022","Zm00001eb067980"
"6023","Zm00001eb071760"
"6024","Zm00001eb084420"
"6025","Zm00001eb066910"
"6026","Zm00001eb118180"
"6027","Zm00001eb070840"
"6028","Zm00001eb067610"
"6029","Zm00001eb117170"
"6030","Zm00001eb075850"
"6031","Zm00001eb088090"
"6032","Zm00001eb111020"
"6033","Zm00001eb099520"
"6034","Zm00001eb094160"
"6035","Zm00001eb068610"
"6036","Zm00001eb107540"
"6037","Zm00001eb089620"
"6038","Zm00001eb071630"
"6039","Zm00001eb102850"
"6040","Zm00001eb083610"
"6041","Zm00001eb113790"
"6042","Zm00001eb095000"
"6043","Zm00001eb110300"
"6044","Zm00001eb107010"
"6045","Zm00001eb081900"
"6046","Zm00001eb067080"
"6047","Zm00001eb102830"
"6048","Zm00001eb066360"
"6049","Zm00001eb117830"
"6050","Zm00001eb080580"
"6051","Zm00001eb091740"
"6052","Zm00001eb104880"
"6053","Zm00001eb114520"
"6054","Zm00001eb116410"
"6055","Zm00001eb077630"
"6056","Zm00001eb104630"
"6057","Zm00001eb090350"
"6058","Zm00001eb108820"
"6059","Zm00001eb079150"
"6060","Zm00001eb077960"
"6061","Zm00001eb081370"
"6062","Zm00001eb086540"
"6063","Zm00001eb068620"
"6064","Zm00001eb091300"
"6065","Zm00001eb108590"
"6066","Zm00001eb109690"
"6067","Zm00001eb084900"
"6068","Zm00001eb083880"
"6069","Zm00001eb080940"
"6070","Zm00001eb069200"
"6071","Zm00001eb067180"
"6072","Zm00001eb068650"
"6073","Zm00001eb114780"
"6074","Zm00001eb088370"
"6075","Zm00001eb082290"
"6076","Zm00001eb091700"
"6077","Zm00001eb074340"
"6078","Zm00001eb075990"
"6079","Zm00001eb104550"
"6080","Zm00001eb107290"
"6081","Zm00001eb117980"
"6082","Zm00001eb099070"
"6083","Zm00001eb085190"
"6084","Zm00001eb082060"
"6085","Zm00001eb109510"
"6086","Zm00001eb084450"
"6087","Zm00001eb104090"
"6088","Zm00001eb109040"
"6089","Zm00001eb079280"
"6090","Zm00001eb071400"
"6091","Zm00001eb107160"
"6092","Zm00001eb104170"
"6093","Zm00001eb101090"
"6094","Zm00001eb079380"
"6095","Zm00001eb071440"
"6096","Zm00001eb110330"
"6097","Zm00001eb106680"
"6098","Zm00001eb116150"
"6099","Zm00001eb110780"
"6100","Zm00001eb089190"
"6101","Zm00001eb086730"
"6102","Zm00001eb110910"
"6103","Zm00001eb098760"
"6104","Zm00001eb100430"
"6105","Zm00001eb104430"
"6106","Zm00001eb066780"
"6107","Zm00001eb068460"
"6108","Zm00001eb081680"
"6109","Zm00001eb076990"
"6110","Zm00001eb111290"
"6111","Zm00001eb109270"
"6112","Zm00001eb096590"
"6113","Zm00001eb116800"
"6114","Zm00001eb100820"
"6115","Zm00001eb114310"
"6116","Zm00001eb076410"
"6117","Zm00001eb102150"
"6118","Zm00001eb095690"
"6119","Zm00001eb106130"
"6120","Zm00001eb108370"
"6121","Zm00001eb067600"
"6122","Zm00001eb073760"
"6123","Zm00001eb118250"
"6124","Zm00001eb067470"
"6125","Zm00001eb067480"
"6126","Zm00001eb089590"
"6127","Zm00001eb103330"
"6128","Zm00001eb079970"
"6129","Zm00001eb076540"
"6130","Zm00001eb075160"
"6131","Zm00001eb096070"
"6132","Zm00001eb105800"
"6133","Zm00001eb081250"
"6134","Zm00001eb085310"
"6135","Zm00001eb114970"
"6136","Zm00001eb070920"
"6137","Zm00001eb105340"
"6138","Zm00001eb101780"
"6139","Zm00001eb117670"
"6140","Zm00001eb068050"
"6141","Zm00001eb106990"
"6142","Zm00001eb079130"
"6143","Zm00001eb099470"
"6144","Zm00001eb107690"
"6145","Zm00001eb070430"
"6146","Zm00001eb090670"
"6147","Zm00001eb077870"
"6148","Zm00001eb091470"
"6149","Zm00001eb097200"
"6150","Zm00001eb066600"
"6151","Zm00001eb088860"
"6152","Zm00001eb102240"
"6153","Zm00001eb071100"
"6154","Zm00001eb102420"
"6155","Zm00001eb070360"
"6156","Zm00001eb083540"
"6157","Zm00001eb100530"
"6158","Zm00001eb089980"
"6159","Zm00001eb104690"
"6160","Zm00001eb100200"
"6161","Zm00001eb086100"
"6162","Zm00001eb106620"
"6163","Zm00001eb084850"
"6164","Zm00001eb066350"
"6165","Zm00001eb076380"
"6166","Zm00001eb105070"
"6167","Zm00001eb102530"
"6168","Zm00001eb099850"
"6169","Zm00001eb104120"
"6170","Zm00001eb113030"
"6171","Zm00001eb090840"
"6172","Zm00001eb102250"
"6173","Zm00001eb116850"
"6174","Zm00001eb096850"
"6175","Zm00001eb112930"
"6176","Zm00001eb115830"
"6177","Zm00001eb087230"
"6178","Zm00001eb101010"
"6179","Zm00001eb095350"
"6180","Zm00001eb093730"
"6181","Zm00001eb091240"
"6182","Zm00001eb069330"
"6183","Zm00001eb105870"
"6184","Zm00001eb076670"
"6185","Zm00001eb106770"
"6186","Zm00001eb078950"
"6187","Zm00001eb067660"
"6188","Zm00001eb104380"
"6189","Zm00001eb086980"
"6190","Zm00001eb094870"
"6191","Zm00001eb100450"
"6192","Zm00001eb094460"
"6193","Zm00001eb070220"
"6194","Zm00001eb085630"
"6195","Zm00001eb087950"
"6196","Zm00001eb110810"
"6197","Zm00001eb078480"
"6198","Zm00001eb097130"
"6199","Zm00001eb071850"
"6200","Zm00001eb075210"
"6201","Zm00001eb103840"
"6202","Zm00001eb088050"
"6203","Zm00001eb086320"
"6204","Zm00001eb093640"
"6205","Zm00001eb074560"
"6206","Zm00001eb088270"
"6207","Zm00001eb101520"
"6208","Zm00001eb108930"
"6209","Zm00001eb110730"
"6210","Zm00001eb081510"
"6211","Zm00001eb104250"
"6212","Zm00001eb106140"
"6213","Zm00001eb098580"
"6214","Zm00001eb118020"
"6215","Zm00001eb086880"
"6216","Zm00001eb067210"
"6217","Zm00001eb075360"
"6218","Zm00001eb070120"
"6219","Zm00001eb114500"
"6220","Zm00001eb106020"
"6221","Zm00001eb081780"
"6222","Zm00001eb093210"
"6223","Zm00001eb092300"
"6224","Zm00001eb073900"
"6225","Zm00001eb118370"
"6226","Zm00001eb112510"
"6227","Zm00001eb083310"
"6228","Zm00001eb099530"
"6229","Zm00001eb082470"
"6230","Zm00001eb088500"
"6231","Zm00001eb071040"
"6232","Zm00001eb109880"
"6233","Zm00001eb066460"
"6234","Zm00001eb065920"
"6235","Zm00001eb085840"
"6236","Zm00001eb109560"
"6237","Zm00001eb074890"
"6238","Zm00001eb101980"
"6239","Zm00001eb082170"
"6240","Zm00001eb096520"
"6241","Zm00001eb073130"
"6242","Zm00001eb114130"
"6243","Zm00001eb106100"
"6244","Zm00001eb068330"
"6245","Zm00001eb113530"
"6246","Zm00001eb093380"
"6247","Zm00001eb113870"
"6248","Zm00001eb091900"
"6249","Zm00001eb094210"
"6250","Zm00001eb113780"
"6251","Zm00001eb073680"
"6252","Zm00001eb108320"
"6253","Zm00001eb078760"
"6254","Zm00001eb077760"
"6255","Zm00001eb071590"
"6256","Zm00001eb081060"
"6257","Zm00001eb107710"
"6258","Zm00001eb089020"
"6259","Zm00001eb110680"
"6260","Zm00001eb068770"
"6261","Zm00001eb072370"
"6262","Zm00001eb084990"
"6263","Zm00001eb097650"
"6264","Zm00001eb108830"
"6265","Zm00001eb102440"
"6266","Zm00001eb097050"
"6267","Zm00001eb067280"
"6268","Zm00001eb078440"
"6269","Zm00001eb102710"
"6270","Zm00001eb114060"
"6271","Zm00001eb116480"
"6272","Zm00001eb068590"
"6273","Zm00001eb068640"
"6274","Zm00001eb083980"
"6275","Zm00001eb114820"
"6276","Zm00001eb066890"
"6277","Zm00001eb084910"
"6278","Zm00001eb095560"
"6279","Zm00001eb075810"
"6280","Zm00001eb118140"
"6281","Zm00001eb073350"
"6282","Zm00001eb097730"
"6283","Zm00001eb089520"
"6284","Zm00001eb086640"
"6285","Zm00001eb088330"
"6286","Zm00001eb068130"
"6287","Zm00001eb070780"
"6288","Zm00001eb070050"
"6289","Zm00001eb091260"
"6290","Zm00001eb067690"
"6291","Zm00001eb069570"
"6292","Zm00001eb093610"
"6293","Zm00001eb072570"
"6294","Zm00001eb077560"
"6295","Zm00001eb079820"
"6296","Zm00001eb100490"
"6297","Zm00001eb098070"
"6298","Zm00001eb070740"
"6299","Zm00001eb086160"
"6300","Zm00001eb092840"
"6301","Zm00001eb112830"
"6302","Zm00001eb118220"
"6303","Zm00001eb108410"
"6304","Zm00001eb066520"
"6305","Zm00001eb080690"
"6306","Zm00001eb105420"
"6307","Zm00001eb078040"
"6308","Zm00001eb109780"
"6309","Zm00001eb102930"
"6310","Zm00001eb105710"
"6311","Zm00001eb097180"
"6312","Zm00001eb103160"
"6313","Zm00001eb093560"
"6314","Zm00001eb082820"
"6315","Zm00001eb108680"
"6316","Zm00001eb074620"
"6317","Zm00001eb112560"
"6318","Zm00001eb111810"
"6319","Zm00001eb070450"
"6320","Zm00001eb087160"
"6321","Zm00001eb078770"
"6322","Zm00001eb077080"
"6323","Zm00001eb101120"
"6324","Zm00001eb067620"
"6325","Zm00001eb095620"
"6326","Zm00001eb082300"
"6327","Zm00001eb111250"
"6328","Zm00001eb107210"
"6329","Zm00001eb083680"
"6330","Zm00001eb118290"
"6331","Zm00001eb068530"
"6332","Zm00001eb070260"
"6333","Zm00001eb066900"
"6334","Zm00001eb104520"
"6335","Zm00001eb111010"
"6336","Zm00001eb079800"
"6337","Zm00001eb089090"
"6338","Zm00001eb078620"
"6339","Zm00001eb094930"
"6340","Zm00001eb091850"
"6341","Zm00001eb066370"
"6342","Zm00001eb097160"
"6343","Zm00001eb094170"
"6344","Zm00001eb084510"
"6345","Zm00001eb088350"
"6346","Zm00001eb111280"
"6347","Zm00001eb095080"
"6348","Zm00001eb111160"
"6349","Zm00001eb067440"
"6350","Zm00001eb078170"
"6351","Zm00001eb085270"
"6352","Zm00001eb068390"
"6353","Zm00001eb065780"
"6354","Zm00001eb116310"
"6355","Zm00001eb104190"
"6356","Zm00001eb071500"
"6357","Zm00001eb088390"
"6358","Zm00001eb107750"
"6359","Zm00001eb080570"
"6360","Zm00001eb088820"
"6361","Zm00001eb096510"
"6362","Zm00001eb103760"
"6363","Zm00001eb111360"
"6364","Zm00001eb068280"
"6365","Zm00001eb096560"
"6366","Zm00001eb109290"
"6367","Zm00001eb067740"
"6368","Zm00001eb102050"
"6369","Zm00001eb071780"
"6370","Zm00001eb075150"
"6371","Zm00001eb094420"
"6372","Zm00001eb085030"
"6373","Zm00001eb075100"
"6374","Zm00001eb081750"
"6375","Zm00001eb103630"
"6376","Zm00001eb089380"
"6377","Zm00001eb095660"
"6378","Zm00001eb066860"
"6379","Zm00001eb091350"
"6380","Zm00001eb116810"
"6381","Zm00001eb113580"
"6382","Zm00001eb099420"
"6383","Zm00001eb088960"
"6384","Zm00001eb102470"
"6385","Zm00001eb105960"
"6386","Zm00001eb103380"
"6387","Zm00001eb106650"
"6388","Zm00001eb079210"
"6389","Zm00001eb107320"
"6390","Zm00001eb079550"
"6391","Zm00001eb109340"
"6392","Zm00001eb080920"
"6393","Zm00001eb093260"
"6394","Zm00001eb077550"
"6395","Zm00001eb091710"
"6396","Zm00001eb097780"
"6397","Zm00001eb112150"
"6398","Zm00001eb075800"
"6399","Zm00001eb109970"
"6400","Zm00001eb111560"
"6401","Zm00001eb083450"
"6402","Zm00001eb082870"
"6403","Zm00001eb090510"
"6404","Zm00001eb094770"
"6405","Zm00001eb107700"
"6406","Zm00001eb101660"
"6407","Zm00001eb085500"
"6408","Zm00001eb094000"
"6409","Zm00001eb108260"
"6410","Zm00001eb088190"
"6411","Zm00001eb106430"
"6412","Zm00001eb069500"
"6413","Zm00001eb110400"
"6414","Zm00001eb101100"
"6415","Zm00001eb103960"
"6416","Zm00001eb116510"
"6417","Zm00001eb074150"
"6418","Zm00001eb093490"
"6419","Zm00001eb079270"
"6420","Zm00001eb070860"
"6421","Zm00001eb097690"
"6422","Zm00001eb068980"
"6423","Zm00001eb072710"
"6424","Zm00001eb069300"
"6425","Zm00001eb110030"
"6426","Zm00001eb074430"
"6427","Zm00001eb072910"
"6428","Zm00001eb102770"
"6429","Zm00001eb110770"
"6430","Zm00001eb085570"
"6431","Zm00001eb112740"
"6432","Zm00001eb066810"
"6433","Zm00001eb098380"
"6434","Zm00001eb099600"
"6435","Zm00001eb083790"
"6436","Zm00001eb099930"
"6437","Zm00001eb108360"
"6438","Zm00001eb108840"
"6439","Zm00001eb085200"
"6440","Zm00001eb080090"
"6441","Zm00001eb074930"
"6442","Zm00001eb072700"
"6443","Zm00001eb080810"
"6444","Zm00001eb096100"
"6445","Zm00001eb070150"
"6446","Zm00001eb094610"
"6447","Zm00001eb112600"
"6448","Zm00001eb104270"
"6449","Zm00001eb072030"
"6450","Zm00001eb113690"
"6451","Zm00001eb068630"
"6452","Zm00001eb093580"
"6453","Zm00001eb114050"
"6454","Zm00001eb080280"
"6455","Zm00001eb105230"
"6456","Zm00001eb069310"
"6457","Zm00001eb117970"
"6458","Zm00001eb074010"
"6459","Zm00001eb109480"
"6460","Zm00001eb106850"
"6461","Zm00001eb105840"
"6462","Zm00001eb065930"
"6463","Zm00001eb079930"
"6464","Zm00001eb080490"
"6465","Zm00001eb097230"
"6466","Zm00001eb070270"
"6467","Zm00001eb117220"
"6468","Zm00001eb066500"
"6469","Zm00001eb082850"
"6470","Zm00001eb082570"
"6471","Zm00001eb108100"
"6472","Zm00001eb078090"
"6473","Zm00001eb065890"
"6474","Zm00001eb096310"
"6475","Zm00001eb108310"
"6476","Zm00001eb109810"
"6477","Zm00001eb095300"
"6478","Zm00001eb079230"
"6479","Zm00001eb105360"
"6480","Zm00001eb114270"
"6481","Zm00001eb077900"
"6482","Zm00001eb068830"
"6483","Zm00001eb097580"
"6484","Zm00001eb092540"
"6485","Zm00001eb075080"
"6486","Zm00001eb093440"
"6487","Zm00001eb116910"
"6488","Zm00001eb072800"
"6489","Zm00001eb102350"
"6490","Zm00001eb076030"
"6491","Zm00001eb067640"
"6492","Zm00001eb096130"
"6493","Zm00001eb089650"
"6494","Zm00001eb103880"
"6495","Zm00001eb094740"
"6496","Zm00001eb106490"
"6497","Zm00001eb098850"
"6498","Zm00001eb098250"
"6499","Zm00001eb081650"
"6500","Zm00001eb117500"
"6501","Zm00001eb096720"
"6502","Zm00001eb100210"
"6503","Zm00001eb093290"
"6504","Zm00001eb100060"
"6505","Zm00001eb108600"
"6506","Zm00001eb075730"
"6507","Zm00001eb100720"
"6508","Zm00001eb108960"
"6509","Zm00001eb078370"
"6510","Zm00001eb106590"
"6511","Zm00001eb112090"
"6512","Zm00001eb116720"
"6513","Zm00001eb106240"
"6514","Zm00001eb070730"
"6515","Zm00001eb095030"
"6516","Zm00001eb073540"
"6517","Zm00001eb091060"
"6518","Zm00001eb110320"
"6519","Zm00001eb068560"
"6520","Zm00001eb084670"
"6521","Zm00001eb113220"
"6522","Zm00001eb084540"
"6523","Zm00001eb065800"
"6524","Zm00001eb086040"
"6525","Zm00001eb081430"
"6526","Zm00001eb111510"
"6527","Zm00001eb109610"
"6528","Zm00001eb102080"
"6529","Zm00001eb110080"
"6530","Zm00001eb067730"
"6531","Zm00001eb082360"
"6532","Zm00001eb077770"
"6533","Zm00001eb070040"
"6534","Zm00001eb094300"
"6535","Zm00001eb070570"
"6536","Zm00001eb097530"
"6537","Zm00001eb113410"
"6538","Zm00001eb080350"
"6539","Zm00001eb094380"
"6540","Zm00001eb113740"
"6541","Zm00001eb117740"
"6542","Zm00001eb098980"
"6543","Zm00001eb086830"
"6544","Zm00001eb101220"
"6545","Zm00001eb071190"
"6546","Zm00001eb065710"
"6547","Zm00001eb109710"
"6548","Zm00001eb066140"
"6549","Zm00001eb114990"
"6550","Zm00001eb082730"
"6551","Zm00001eb084730"
"6552","Zm00001eb084350"
"6553","Zm00001eb089070"
"6554","Zm00001eb079870"
"6555","Zm00001eb110580"
"6556","Zm00001eb071350"
"6557","Zm00001eb098220"
"6558","Zm00001eb111860"
"6559","Zm00001eb096860"
"6560","Zm00001eb101130"
"6561","Zm00001eb103250"
"6562","Zm00001eb103580"
"6563","Zm00001eb070820"
"6564","Zm00001eb100930"
"6565","Zm00001eb076950"
"6566","Zm00001eb106890"
"6567","Zm00001eb102550"
"6568","Zm00001eb076680"
"6569","Zm00001eb074530"
"6570","Zm00001eb117910"
"6571","Zm00001eb117590"
"6572","Zm00001eb094220"
"6573","Zm00001eb111350"
"6574","Zm00001eb070200"
"6575","Zm00001eb112000"
"6576","Zm00001eb110840"
"6577","Zm00001eb069220"
"6578","Zm00001eb069260"
"6579","Zm00001eb076120"
"6580","Zm00001eb086500"
"6581","Zm00001eb097740"
"6582","Zm00001eb093250"
"6583","Zm00001eb071130"
"6584","Zm00001eb092080"
"6585","Zm00001eb065900"
"6586","Zm00001eb081930"
"6587","Zm00001eb109890"
"6588","Zm00001eb073720"
"6589","Zm00001eb103740"
"6590","Zm00001eb068720"
"6591","Zm00001eb100190"
"6592","Zm00001eb102780"
"6593","Zm00001eb110650"
"6594","Zm00001eb106050"
"6595","Zm00001eb104410"
"6596","Zm00001eb099720"
"6597","Zm00001eb099900"
"6598","Zm00001eb074940"
"6599","Zm00001eb091500"
"6600","Zm00001eb098520"
"6601","Zm00001eb084560"
"6602","Zm00001eb079360"
"6603","Zm00001eb069620"
"6604","Zm00001eb067490"
"6605","Zm00001eb111400"
"6606","Zm00001eb071460"
"6607","Zm00001eb073920"
"6608","Zm00001eb097100"
"6609","Zm00001eb078800"
"6610","Zm00001eb070670"
"6611","Zm00001eb065610"
"6612","Zm00001eb108530"
"6613","Zm00001eb089790"
"6614","Zm00001eb080540"
"6615","Zm00001eb100170"
"6616","Zm00001eb080840"
"6617","Zm00001eb103750"
"6618","Zm00001eb116960"
"6619","Zm00001eb101060"
"6620","Zm00001eb071820"
"6621","Zm00001eb067960"
"6622","Zm00001eb080070"
"6623","Zm00001eb079950"
"6624","Zm00001eb096500"
"6625","Zm00001eb103310"
"6626","Zm00001eb083200"
"6627","Zm00001eb066660"
"6628","Zm00001eb106300"
"6629","Zm00001eb072120"
"6630","Zm00001eb102980"
"6631","Zm00001eb067350"
"6632","Zm00001eb071240"
"6633","Zm00001eb104070"
"6634","Zm00001eb102460"
"6635","Zm00001eb096690"
"6636","Zm00001eb066420"
"6637","Zm00001eb105900"
"6638","Zm00001eb079340"
"6639","Zm00001eb117070"
"6640","Zm00001eb103370"
"6641","Zm00001eb081140"
"6642","Zm00001eb070310"
"6643","Zm00001eb092070"
"6644","Zm00001eb084860"
"6645","Zm00001eb071740"
"6646","Zm00001eb074310"
"6647","Zm00001eb107530"
"6648","Zm00001eb101380"
"6649","Zm00001eb072270"
"6650","Zm00001eb072860"
"6651","Zm00001eb083760"
"6652","Zm00001eb111480"
"6653","Zm00001eb100350"
"6654","Zm00001eb086680"
"6655","Zm00001eb073790"
"6656","Zm00001eb073580"
"6657","Zm00001eb106180"
"6658","Zm00001eb104710"
"6659","Zm00001eb083870"
"6660","Zm00001eb114030"
"6661","Zm00001eb080380"
"6662","Zm00001eb107900"
"6663","Zm00001eb086800"
"6664","Zm00001eb071650"
"6665","Zm00001eb078590"
"6666","Zm00001eb113310"
"6667","Zm00001eb089630"
"6668","Zm00001eb079470"
"6669","Zm00001eb095270"
"6670","Zm00001eb069130"
"6671","Zm00001eb086050"
"6672","Zm00001eb115900"
"6673","Zm00001eb110500"
"6674","Zm00001eb094690"
"6675","Zm00001eb076830"
"6676","Zm00001eb099970"
"6677","Zm00001eb094880"
"6678","Zm00001eb111000"
"6679","Zm00001eb112260"
"6680","Zm00001eb099490"
"6681","Zm00001eb082370"
"6682","Zm00001eb102400"
"6683","Zm00001eb109360"
"6684","Zm00001eb074210"
"6685","Zm00001eb111920"
"6686","Zm00001eb117770"
"6687","Zm00001eb115980"
"6688","Zm00001eb095930"
"6689","Zm00001eb116230"
"6690","Zm00001eb091780"
"6691","Zm00001eb073180"
"6692","Zm00001eb105640"
"6693","Zm00001eb112550"
"6694","Zm00001eb105550"
"6695","Zm00001eb108420"
"6696","Zm00001eb116430"
"6697","Zm00001eb101950"
"6698","Zm00001eb075570"
"6699","Zm00001eb077710"
"6700","Zm00001eb107490"
"6701","Zm00001eb098080"
"6702","Zm00001eb112900"
"6703","Zm00001eb105510"
"6704","Zm00001eb110350"
"6705","Zm00001eb080640"
"6706","Zm00001eb082660"
"6707","Zm00001eb096930"
"6708","Zm00001eb103820"
"6709","Zm00001eb084770"
"6710","Zm00001eb071010"
"6711","Zm00001eb086520"
"6712","Zm00001eb075250"
"6713","Zm00001eb109130"
"6714","Zm00001eb096260"
"6715","Zm00001eb108610"
"6716","Zm00001eb098730"
"6717","Zm00001eb078100"
"6718","Zm00001eb068340"
"6719","Zm00001eb082310"
"6720","Zm00001eb079170"
"6721","Zm00001eb068760"
"6722","Zm00001eb082230"
"6723","Zm00001eb096490"
"6724","Zm00001eb085130"
"6725","Zm00001eb097710"
"6726","Zm00001eb065760"
"6727","Zm00001eb068570"
"6728","Zm00001eb099820"
"6729","Zm00001eb109900"
"6730","Zm00001eb102740"
"6731","Zm00001eb108300"
"6732","Zm00001eb110460"
"6733","Zm00001eb074120"
"6734","Zm00001eb112480"
"6735","Zm00001eb071540"
"6736","Zm00001eb079310"
"6737","Zm00001eb111890"
"6738","Zm00001eb071070"
"6739","Zm00001eb104730"
"6740","Zm00001eb093800"
"6741","Zm00001eb095730"
"6742","Zm00001eb117030"
"6743","Zm00001eb110890"
"6744","Zm00001eb113730"
"6745","Zm00001eb081120"
"6746","Zm00001eb090390"
"6747","Zm00001eb078510"
"6748","Zm00001eb106080"
"6749","Zm00001eb084360"
"6750","Zm00001eb069190"
"6751","Zm00001eb095640"
"6752","Zm00001eb066940"
"6753","Zm00001eb097290"
"6754","Zm00001eb073980"
"6755","Zm00001eb078970"
"6756","Zm00001eb077180"
"6757","Zm00001eb072310"
"6758","Zm00001eb066870"
"6759","Zm00001eb077920"
"6760","Zm00001eb098970"
"6761","Zm00001eb079760"
"6762","Zm00001eb079780"
"6763","Zm00001eb097360"
"6764","Zm00001eb108390"
"6765","Zm00001eb111630"
"6766","Zm00001eb102300"
"6767","Zm00001eb097000"
"6768","Zm00001eb082970"
"6769","Zm00001eb081350"
"6770","Zm00001eb101920"
"6771","Zm00001eb066390"
"6772","Zm00001eb113970"
"6773","Zm00001eb076460"
"6774","Zm00001eb103180"
"6775","Zm00001eb070980"
"6776","Zm00001eb073810"
"6777","Zm00001eb109140"
"6778","Zm00001eb070500"
"6779","Zm00001eb111900"
"6780","Zm00001eb099120"
"6781","Zm00001eb095440"
"6782","Zm00001eb096140"
"6783","Zm00001eb116340"
"6784","Zm00001eb065810"
"6785","Zm00001eb069010"
"6786","Zm00001eb103570"
"6787","Zm00001eb118150"
"6788","Zm00001eb100750"
"6789","Zm00001eb104860"
"6790","Zm00001eb086530"
"6791","Zm00001eb116570"
"6792","Zm00001eb105780"
"6793","Zm00001eb093420"
"6794","Zm00001eb116970"
"6795","Zm00001eb084530"
"6796","Zm00001eb100550"
"6797","Zm00001eb107630"
"6798","Zm00001eb111820"
"6799","Zm00001eb067460"
"6800","Zm00001eb093140"
"6801","Zm00001eb115510"
"6802","Zm00001eb066000"
"6803","Zm00001eb091580"
"6804","Zm00001eb097850"
"6805","Zm00001eb080410"
"6806","Zm00001eb078010"
"6807","Zm00001eb080500"
"6808","Zm00001eb114370"
"6809","Zm00001eb101700"
"6810","Zm00001eb101420"
"6811","Zm00001eb113140"
"6812","Zm00001eb096610"
"6813","Zm00001eb112540"
"6814","Zm00001eb075120"
"6815","Zm00001eb079260"
"6816","Zm00001eb077430"
"6817","Zm00001eb078940"
"6818","Zm00001eb092100"
"6819","Zm00001eb100140"
"6820","Zm00001eb096870"
"6821","Zm00001eb066340"
"6822","Zm00001eb065650"
"6823","Zm00001eb066150"
"6824","Zm00001eb110790"
"6825","Zm00001eb094310"
"6826","Zm00001eb088290"
"6827","Zm00001eb102360"
"6828","Zm00001eb095230"
"6829","Zm00001eb082840"
"6830","Zm00001eb079320"
"6831","Zm00001eb099870"
"6832","Zm00001eb085950"
"6833","Zm00001eb117430"
"6834","Zm00001eb095190"
"6835","Zm00001eb074870"
"6836","Zm00001eb116350"
"6837","Zm00001eb078560"
"6838","Zm00001eb070400"
"6839","Zm00001eb086280"
"6840","Zm00001eb099670"
"6841","Zm00001eb088940"
"6842","Zm00001eb073740"
"6843","Zm00001eb110630"
"6844","Zm00001eb109660"
"6845","Zm00001eb103700"
"6846","Zm00001eb111340"
"6847","Zm00001eb106360"
"6848","Zm00001eb067220"
"6849","Zm00001eb066800"
"6850","Zm00001eb075420"
"6851","Zm00001eb117100"
"6852","Zm00001eb082630"
"6853","Zm00001eb080850"
"6854","Zm00001eb097940"
"6855","Zm00001eb109490"
"6856","Zm00001eb101880"
"6857","Zm00001eb098540"
"6858","Zm00001eb081280"
"6859","Zm00001eb112310"
"6860","Zm00001eb077470"
"6861","Zm00001eb104760"
"6862","Zm00001eb067650"
"6863","Zm00001eb107990"
"6864","Zm00001eb113600"
"6865","Zm00001eb097390"
"6866","Zm00001eb107050"
"6867","Zm00001eb092190"
"6868","Zm00001eb080520"
"6869","Zm00001eb074540"
"6870","Zm00001eb108950"
"6871","Zm00001eb100660"
"6872","Zm00001eb082760"
"6873","Zm00001eb094480"
"6874","Zm00001eb091720"
"6875","Zm00001eb067090"
"6876","Zm00001eb085010"
"6877","Zm00001eb085870"
"6878","Zm00001eb065860"
"6879","Zm00001eb115120"
"6880","Zm00001eb108620"
"6881","Zm00001eb077840"
"6882","Zm00001eb076130"
"6883","Zm00001eb072680"
"6884","Zm00001eb072940"
"6885","Zm00001eb085340"
"6886","Zm00001eb068960"
"6887","Zm00001eb111910"
"6888","Zm00001eb108550"
"6889","Zm00001eb117230"
"6890","Zm00001eb104950"
"6891","Zm00001eb103060"
"6892","Zm00001eb086000"
"6893","Zm00001eb098840"
"6894","Zm00001eb078140"
"6895","Zm00001eb067160"
"6896","Zm00001eb101630"
"6897","Zm00001eb104680"
"6898","Zm00001eb071020"
"6899","Zm00001eb104720"
"6900","Zm00001eb078990"
"6901","Zm00001eb103490"
"6902","Zm00001eb068350"
"6903","Zm00001eb112950"
"6904","Zm00001eb091920"
"6905","Zm00001eb081030"
"6906","Zm00001eb117080"
"6907","Zm00001eb082150"
"6908","Zm00001eb115990"
"6909","Zm00001eb092040"
"6910","Zm00001eb109680"
"6911","Zm00001eb116740"
"6912","Zm00001eb090540"
"6913","Zm00001eb103480"
"6914","Zm00001eb069320"
"6915","Zm00001eb103990"
"6916","Zm00001eb100950"
"6917","Zm00001eb118100"
"6918","Zm00001eb111850"
"6919","Zm00001eb066010"
"6920","Zm00001eb100600"
"6921","Zm00001eb086340"
"6922","Zm00001eb094750"
"6923","Zm00001eb071770"
"6924","Zm00001eb110830"
"6925","Zm00001eb107520"
"6926","Zm00001eb094240"
"6927","Zm00001eb094630"
"6928","Zm00001eb085520"
"6929","Zm00001eb068710"
"6930","Zm00001eb115680"
"6931","Zm00001eb099500"
"6932","Zm00001eb073410"
"6933","Zm00001eb106370"
"6934","Zm00001eb068000"
"6935","Zm00001eb110510"
"6936","Zm00001eb107480"
"6937","Zm00001eb093320"
"6938","Zm00001eb066670"
"6939","Zm00001eb081230"
"6940","Zm00001eb069520"
"6941","Zm00001eb106450"
"6942","Zm00001eb091980"
"6943","Zm00001eb069630"
"6944","Zm00001eb096760"
"6945","Zm00001eb098490"
"6946","Zm00001eb095200"
"6947","Zm00001eb099030"
"6948","Zm00001eb067500"
"6949","Zm00001eb075630"
"6950","Zm00001eb077120"
"6951","Zm00001eb076770"
"6952","Zm00001eb099280"
"6953","Zm00001eb118240"
"6954","Zm00001eb100440"
"6955","Zm00001eb097220"
"6956","Zm00001eb102840"
"6957","Zm00001eb078220"
"6958","Zm00001eb080550"
"6959","Zm00001eb085760"
"6960","Zm00001eb095370"
"6961","Zm00001eb066950"
"6962","Zm00001eb086780"
"6963","Zm00001eb097480"
"6964","Zm00001eb079980"
"6965","Zm00001eb090590"
"6966","Zm00001eb098150"
"6967","Zm00001eb107400"
"6968","Zm00001eb090730"
"6969","Zm00001eb108170"
"6970","Zm00001eb079290"
"6971","Zm00001eb092230"
"6972","Zm00001eb105530"
"6973","Zm00001eb085680"
"6974","Zm00001eb095070"
"6975","Zm00001eb105810"
"6976","Zm00001eb111990"
"6977","Zm00001eb088470"
"6978","Zm00001eb078070"
"6979","Zm00001eb068240"
"6980","Zm00001eb066610"
"6981","Zm00001eb114360"
"6982","Zm00001eb098030"
"6983","Zm00001eb070910"
"6984","Zm00001eb098450"
"6985","Zm00001eb077530"
"6986","Zm00001eb104540"
"6987","Zm00001eb081190"
"6988","Zm00001eb103200"
"6989","Zm00001eb107190"
"6990","Zm00001eb097950"
"6991","Zm00001eb107250"
"6992","Zm00001eb068550"
"6993","Zm00001eb072460"
"6994","Zm00001eb112700"
"6995","Zm00001eb110260"
"6996","Zm00001eb082280"
"6997","Zm00001eb095540"
"6998","Zm00001eb109550"
"6999","Zm00001eb066850"
"7000","Zm00001eb117640"
"7001","Zm00001eb117850"
"7002","Zm00001eb106900"
"7003","Zm00001eb104160"
"7004","Zm00001eb093120"
"7005","Zm00001eb071430"
"7006","Zm00001eb110370"
"7007","Zm00001eb111790"
"7008","Zm00001eb077010"
"7009","Zm00001eb090760"
"7010","Zm00001eb074650"
"7011","Zm00001eb087130"
"7012","Zm00001eb070060"
"7013","Zm00001eb095880"
"7014","Zm00001eb072540"
"7015","Zm00001eb111300"
"7016","Zm00001eb110980"
"7017","Zm00001eb087930"
"7018","Zm00001eb090910"
"7019","Zm00001eb073670"
"7020","Zm00001eb066840"
"7021","Zm00001eb088250"
"7022","Zm00001eb079910"
"7023","Zm00001eb066730"
"7024","Zm00001eb078410"
"7025","Zm00001eb101480"
"7026","Zm00001eb103470"
"7027","Zm00001eb093280"
"7028","Zm00001eb091070"
"7029","Zm00001eb084940"
"7030","Zm00001eb093150"
"7031","Zm00001eb072890"
"7032","Zm00001eb067920"
"7033","Zm00001eb098340"
"7034","Zm00001eb082830"
"7035","Zm00001eb074070"
"7036","Zm00001eb111730"
"7037","Zm00001eb082050"
"7038","Zm00001eb095100"
"7039","Zm00001eb111960"
"7040","Zm00001eb094910"
"7041","Zm00001eb107910"
"7042","Zm00001eb090500"
"7043","Zm00001eb101270"
"7044","Zm00001eb083570"
"7045","Zm00001eb065560"
"7046","Zm00001eb115650"
"7047","Zm00001eb095770"
"7048","Zm00001eb073520"
"7049","Zm00001eb097790"
"7050","Zm00001eb082920"
"7051","Zm00001eb075450"
"7052","Zm00001eb075760"
"7053","Zm00001eb112170"
"7054","Zm00001eb098040"
"7055","Zm00001eb066830"
"7056","Zm00001eb082210"
"7057","Zm00001eb078120"
"7058","Zm00001eb085770"
"7059","Zm00001eb084080"
"7060","Zm00001eb073870"
"7061","Zm00001eb102430"
"7062","Zm00001eb117930"
"7063","Zm00001eb066620"
"7064","Zm00001eb115870"
"7065","Zm00001eb104990"
"7066","Zm00001eb107810"
"7067","Zm00001eb103090"
"7068","Zm00001eb116400"
"7069","Zm00001eb109640"
"7070","Zm00001eb098590"
"7071","Zm00001eb114860"
"7072","Zm00001eb080370"
"7073","Zm00001eb101360"
"7074","Zm00001eb084290"
"7075","Zm00001eb115490"
"7076","Zm00001eb092730"
"7077","Zm00001eb067560"
"7078","Zm00001eb115010"
"7079","Zm00001eb102540"
"7080","Zm00001eb082540"
"7081","Zm00001eb076020"
"7082","Zm00001eb084630"
"7083","Zm00001eb080610"
"7084","Zm00001eb104670"
"7085","Zm00001eb084590"
"7086","Zm00001eb094700"
"7087","Zm00001eb094400"
"7088","Zm00001eb076840"
"7089","Zm00001eb094320"
"7090","Zm00001eb102120"
"7091","Zm00001eb081810"
"7092","Zm00001eb085350"
"7093","Zm00001eb110960"
"7094","Zm00001eb069600"
"7095","Zm00001eb069450"
"7096","Zm00001eb081070"
"7097","Zm00001eb070230"
"7098","Zm00001eb103410"
"7099","Zm00001eb106910"
"7100","Zm00001eb114070"
"7101","Zm00001eb104220"
"7102","Zm00001eb086400"
"7103","Zm00001eb111660"
"7104","Zm00001eb104510"
"7105","Zm00001eb072050"
"7106","Zm00001eb104280"
"7107","Zm00001eb111120"
"7108","Zm00001eb083810"
"7109","Zm00001eb099580"
"7110","Zm00001eb075370"
"7111","Zm00001eb067380"
"7112","Zm00001eb086860"
"7113","Zm00001eb097750"
"7114","Zm00001eb095510"
"7115","Zm00001eb071150"
"7116","Zm00001eb094250"
"7117","Zm00001eb094550"
"7118","Zm00001eb076600"
"7119","Zm00001eb113710"
"7120","Zm00001eb084410"
"7121","Zm00001eb067710"
"7122","Zm00001eb084430"
"7123","Zm00001eb089170"
"7124","Zm00001eb077160"
"7125","Zm00001eb071730"
"7126","Zm00001eb084920"
"7127","Zm00001eb093090"
"7128","Zm00001eb100460"
"7129","Zm00001eb078200"
"7130","Zm00001eb107620"
"7131","Zm00001eb086060"
"7132","Zm00001eb111200"
"7133","Zm00001eb074030"
"7134","Zm00001eb101860"
"7135","Zm00001eb090700"
"7136","Zm00001eb066100"
"7137","Zm00001eb074680"
"7138","Zm00001eb116750"
"7139","Zm00001eb098110"
"7140","Zm00001eb086790"
"7141","Zm00001eb100310"
"7142","Zm00001eb083750"
"7143","Zm00001eb110600"
"7144","Zm00001eb106750"
"7145","Zm00001eb096290"
"7146","Zm00001eb096530"
"7147","Zm00001eb077880"
"7148","Zm00001eb065870"
"7149","Zm00001eb100230"
"7150","Zm00001eb096900"
"7151","Zm00001eb117040"
"7152","Zm00001eb118210"
"7153","Zm00001eb112030"
"7154","Zm00001eb099000"
"7155","Zm00001eb065570"
"7156","Zm00001eb095630"
"7157","Zm00001eb084190"
"7158","Zm00001eb078490"
"7159","Zm00001eb077780"
"7160","Zm00001eb101990"
"7161","Zm00001eb075200"
"7162","Zm00001eb076050"
"7163","Zm00001eb073310"
"7164","Zm00001eb075310"
"7165","Zm00001eb086650"
"7166","Zm00001eb101150"
"7167","Zm00001eb078350"
"7168","Zm00001eb077100"
"7169","Zm00001eb071940"
"7170","Zm00001eb111600"
"7171","Zm00001eb082000"
"7172","Zm00001eb097990"
"7173","Zm00001eb097030"
"7174","Zm00001eb070960"
"7175","Zm00001eb068520"
"7176","Zm00001eb079200"
"7177","Zm00001eb101890"
"7178","Zm00001eb067810"
"7179","Zm00001eb085420"
"7180","Zm00001eb116020"
"7181","Zm00001eb089670"
"7182","Zm00001eb079590"
"7183","Zm00001eb094670"
"7184","Zm00001eb093460"
"7185","Zm00001eb108470"
"7186","Zm00001eb087060"
"7187","Zm00001eb109330"
"7188","Zm00001eb087280"
"7189","Zm00001eb069640"
"7190","Zm00001eb088630"
"7191","Zm00001eb084890"
"7192","Zm00001eb117470"
"7193","Zm00001eb088180"
"7194","Zm00001eb110590"
"7195","Zm00001eb105060"
"7196","Zm00001eb114200"
"7197","Zm00001eb075910"
"7198","Zm00001eb103890"
"7199","Zm00001eb084660"
"7200","Zm00001eb105770"
"7201","Zm00001eb092800"
"7202","Zm00001eb116370"
"7203","Zm00001eb116270"
"7204","Zm00001eb094410"
"7205","Zm00001eb101410"
"7206","Zm00001eb072560"
"7207","Zm00001eb107760"
"7208","Zm00001eb113470"
"7209","Zm00001eb085820"
"7210","Zm00001eb107890"
"7211","Zm00001eb100840"
"7212","Zm00001eb087020"
"7213","Zm00001eb066530"
"7214","Zm00001eb065790"
"7215","Zm00001eb089720"
"7216","Zm00001eb067450"
"7217","Zm00001eb066330"
"7218","Zm00001eb110270"
"7219","Zm00001eb080950"
"7220","Zm00001eb071170"
"7221","Zm00001eb108400"
"7222","Zm00001eb065970"
"7223","Zm00001eb074060"
"7224","Zm00001eb083240"
"7225","Zm00001eb073620"
"7226","Zm00001eb097890"
"7227","Zm00001eb105970"
"7228","Zm00001eb066650"
"7229","Zm00001eb101710"
"7230","Zm00001eb086720"
"7231","Zm00001eb066020"
"7232","Zm00001eb105020"
"7233","Zm00001eb097670"
"7234","Zm00001eb115270"
"7235","Zm00001eb105130"
"7236","Zm00001eb117560"
"7237","Zm00001eb082130"
"7238","Zm00001eb107730"
"7239","Zm00001eb083950"
"7240","Zm00001eb093550"
"7241","Zm00001eb084120"
"7242","Zm00001eb095480"
"7243","Zm00001eb087380"
"7244","Zm00001eb118030"
"7245","Zm00001eb071110"
"7246","Zm00001eb111570"
"7247","Zm00001eb105490"
"7248","Zm00001eb100610"
"7249","Zm00001eb083640"
"7250","Zm00001eb075320"
"7251","Zm00001eb103500"
"7252","Zm00001eb085110"
"7253","Zm00001eb093270"
"7254","Zm00001eb067320"
"7255","Zm00001eb070550"
"7256","Zm00001eb070280"
"7257","Zm00001eb076190"
"7258","Zm00001eb118340"
"7259","Zm00001eb102310"
"7260","Zm00001eb071030"
"7261","Zm00001eb077910"
"7262","Zm00001eb116880"
"7263","Zm00001eb079790"
"7264","Zm00001eb117050"
"7265","Zm00001eb105730"
"7266","Zm00001eb111390"
"7267","Zm00001eb078810"
"7268","Zm00001eb075610"
"7269","Zm00001eb071930"
"7270","Zm00001eb100130"
"7271","Zm00001eb108090"
"7272","Zm00001eb106830"
"7273","Zm00001eb097150"
"7274","Zm00001eb069490"
"7275","Zm00001eb084520"
"7276","Zm00001eb085380"
"7277","Zm00001eb118450"
"7278","Zm00001eb104480"
"7279","Zm00001eb073440"
"7280","Zm00001eb102760"
"7281","Zm00001eb074580"
"7282","Zm00001eb084160"
"7283","Zm00001eb102480"
"7284","Zm00001eb078400"
"7285","Zm00001eb111100"
"7286","Zm00001eb093020"
"7287","Zm00001eb118400"
"7288","Zm00001eb086200"
"7289","Zm00001eb079000"
"7290","Zm00001eb081870"
"7291","Zm00001eb096030"
"7292","Zm00001eb109830"
"7293","Zm00001eb104350"
"7294","Zm00001eb115200"
"7295","Zm00001eb112760"
"7296","Zm00001eb067010"
"7297","Zm00001eb066110"
"7298","Zm00001eb091270"
"7299","Zm00001eb070190"
"7300","Zm00001eb071800"
"7301","Zm00001eb088520"
"7302","Zm00001eb075500"
"7303","Zm00001eb082500"
"7304","Zm00001eb101050"
"7305","Zm00001eb111370"
"7306","Zm00001eb101640"
"7307","Zm00001eb117300"
"7308","Zm00001eb068160"
"7309","Zm00001eb082160"
"7310","Zm00001eb108290"
"7311","Zm00001eb073930"
"7312","Zm00001eb093590"
"7313","Zm00001eb083520"
"7314","Zm00001eb092890"
"7315","Zm00001eb102600"
"7316","Zm00001eb105880"
"7317","Zm00001eb083160"
"7318","Zm00001eb100260"
"7319","Zm00001eb093970"
"7320","Zm00001eb117210"
"7321","Zm00001eb115300"
"7322","Zm00001eb081660"
"7323","Zm00001eb096480"
"7324","Zm00001eb110280"
"7325","Zm00001eb078080"
"7326","Zm00001eb086170"
"7327","Zm00001eb103070"
"7328","Zm00001eb080470"
"7329","Zm00001eb155150"
"7330","Zm00001eb144800"
"7331","Zm00001eb128910"
"7332","Zm00001eb139430"
"7333","Zm00001eb124560"
"7334","Zm00001eb152560"
"7335","Zm00001eb144930"
"7336","Zm00001eb137550"
"7337","Zm00001eb120370"
"7338","Zm00001eb143700"
"7339","Zm00001eb123660"
"7340","Zm00001eb122690"
"7341","Zm00001eb155060"
"7342","Zm00001eb126700"
"7343","Zm00001eb153590"
"7344","Zm00001eb158220"
"7345","Zm00001eb139640"
"7346","Zm00001eb151550"
"7347","Zm00001eb141270"
"7348","Zm00001eb150180"
"7349","Zm00001eb122210"
"7350","Zm00001eb131310"
"7351","Zm00001eb152190"
"7352","Zm00001eb130270"
"7353","Zm00001eb138190"
"7354","Zm00001eb141060"
"7355","Zm00001eb148670"
"7356","Zm00001eb142430"
"7357","Zm00001eb132310"
"7358","Zm00001eb138900"
"7359","Zm00001eb140590"
"7360","Zm00001eb149430"
"7361","Zm00001eb155640"
"7362","Zm00001eb135190"
"7363","Zm00001eb149230"
"7364","Zm00001eb128330"
"7365","Zm00001eb144080"
"7366","Zm00001eb120910"
"7367","Zm00001eb127090"
"7368","Zm00001eb154110"
"7369","Zm00001eb137020"
"7370","Zm00001eb152490"
"7371","Zm00001eb136890"
"7372","Zm00001eb149670"
"7373","Zm00001eb128260"
"7374","Zm00001eb146090"
"7375","Zm00001eb163290"
"7376","Zm00001eb140970"
"7377","Zm00001eb133430"
"7378","Zm00001eb129090"
"7379","Zm00001eb154520"
"7380","Zm00001eb138850"
"7381","Zm00001eb158320"
"7382","Zm00001eb125210"
"7383","Zm00001eb162010"
"7384","Zm00001eb157580"
"7385","Zm00001eb137600"
"7386","Zm00001eb121110"
"7387","Zm00001eb134810"
"7388","Zm00001eb122160"
"7389","Zm00001eb126310"
"7390","Zm00001eb151450"
"7391","Zm00001eb159570"
"7392","Zm00001eb139700"
"7393","Zm00001eb145790"
"7394","Zm00001eb156370"
"7395","Zm00001eb148730"
"7396","Zm00001eb153840"
"7397","Zm00001eb144410"
"7398","Zm00001eb120570"
"7399","Zm00001eb162480"
"7400","Zm00001eb156550"
"7401","Zm00001eb162220"
"7402","Zm00001eb130390"
"7403","Zm00001eb119480"
"7404","Zm00001eb161000"
"7405","Zm00001eb140490"
"7406","Zm00001eb131070"
"7407","Zm00001eb128680"
"7408","Zm00001eb163330"
"7409","Zm00001eb137760"
"7410","Zm00001eb136840"
"7411","Zm00001eb144560"
"7412","Zm00001eb155390"
"7413","Zm00001eb162700"
"7414","Zm00001eb140390"
"7415","Zm00001eb153200"
"7416","Zm00001eb157120"
"7417","Zm00001eb148330"
"7418","Zm00001eb160700"
"7419","Zm00001eb144290"
"7420","Zm00001eb148910"
"7421","Zm00001eb133890"
"7422","Zm00001eb140280"
"7423","Zm00001eb162920"
"7424","Zm00001eb139010"
"7425","Zm00001eb145680"
"7426","Zm00001eb133640"
"7427","Zm00001eb144220"
"7428","Zm00001eb124810"
"7429","Zm00001eb139520"
"7430","Zm00001eb129580"
"7431","Zm00001eb133110"
"7432","Zm00001eb127900"
"7433","Zm00001eb138650"
"7434","Zm00001eb142830"
"7435","Zm00001eb120030"
"7436","Zm00001eb141920"
"7437","Zm00001eb143910"
"7438","Zm00001eb132380"
"7439","Zm00001eb161110"
"7440","Zm00001eb127740"
"7441","Zm00001eb151650"
"7442","Zm00001eb150720"
"7443","Zm00001eb145380"
"7444","Zm00001eb140160"
"7445","Zm00001eb125780"
"7446","Zm00001eb143990"
"7447","Zm00001eb135380"
"7448","Zm00001eb162880"
"7449","Zm00001eb118820"
"7450","Zm00001eb147340"
"7451","Zm00001eb122280"
"7452","Zm00001eb122660"
"7453","Zm00001eb143180"
"7454","Zm00001eb154860"
"7455","Zm00001eb144980"
"7456","Zm00001eb121200"
"7457","Zm00001eb119160"
"7458","Zm00001eb134200"
"7459","Zm00001eb155980"
"7460","Zm00001eb145270"
"7461","Zm00001eb137040"
"7462","Zm00001eb138710"
"7463","Zm00001eb152000"
"7464","Zm00001eb133700"
"7465","Zm00001eb140540"
"7466","Zm00001eb126510"
"7467","Zm00001eb130500"
"7468","Zm00001eb146230"
"7469","Zm00001eb157590"
"7470","Zm00001eb125070"
"7471","Zm00001eb130040"
"7472","Zm00001eb147720"
"7473","Zm00001eb136530"
"7474","Zm00001eb150010"
"7475","Zm00001eb120900"
"7476","Zm00001eb143950"
"7477","Zm00001eb138180"
"7478","Zm00001eb139760"
"7479","Zm00001eb121890"
"7480","Zm00001eb128940"
"7481","Zm00001eb141210"
"7482","Zm00001eb162160"
"7483","Zm00001eb123570"
"7484","Zm00001eb156000"
"7485","Zm00001eb147430"
"7486","Zm00001eb163630"
"7487","Zm00001eb146770"
"7488","Zm00001eb149970"
"7489","Zm00001eb137990"
"7490","Zm00001eb139890"
"7491","Zm00001eb156260"
"7492","Zm00001eb164150"
"7493","Zm00001eb128160"
"7494","Zm00001eb119570"
"7495","Zm00001eb161730"
"7496","Zm00001eb148830"
"7497","Zm00001eb143350"
"7498","Zm00001eb142610"
"7499","Zm00001eb149090"
"7500","Zm00001eb143110"
"7501","Zm00001eb159810"
"7502","Zm00001eb140440"
"7503","Zm00001eb157640"
"7504","Zm00001eb126770"
"7505","Zm00001eb160760"
"7506","Zm00001eb154130"
"7507","Zm00001eb124170"
"7508","Zm00001eb151610"
"7509","Zm00001eb135450"
"7510","Zm00001eb147110"
"7511","Zm00001eb127670"
"7512","Zm00001eb161050"
"7513","Zm00001eb136860"
"7514","Zm00001eb153640"
"7515","Zm00001eb127780"
"7516","Zm00001eb157740"
"7517","Zm00001eb159040"
"7518","Zm00001eb118470"
"7519","Zm00001eb146660"
"7520","Zm00001eb135790"
"7521","Zm00001eb161360"
"7522","Zm00001eb155240"
"7523","Zm00001eb127130"
"7524","Zm00001eb152680"
"7525","Zm00001eb156920"
"7526","Zm00001eb135050"
"7527","Zm00001eb125400"
"7528","Zm00001eb138420"
"7529","Zm00001eb134130"
"7530","Zm00001eb130850"
"7531","Zm00001eb129740"
"7532","Zm00001eb149830"
"7533","Zm00001eb154480"
"7534","Zm00001eb162380"
"7535","Zm00001eb156450"
"7536","Zm00001eb120630"
"7537","Zm00001eb134530"
"7538","Zm00001eb161290"
"7539","Zm00001eb159720"
"7540","Zm00001eb162140"
"7541","Zm00001eb133000"
"7542","Zm00001eb139960"
"7543","Zm00001eb164250"
"7544","Zm00001eb152420"
"7545","Zm00001eb136060"
"7546","Zm00001eb139140"
"7547","Zm00001eb131590"
"7548","Zm00001eb139090"
"7549","Zm00001eb123240"
"7550","Zm00001eb144650"
"7551","Zm00001eb160050"
"7552","Zm00001eb139650"
"7553","Zm00001eb149540"
"7554","Zm00001eb155140"
"7555","Zm00001eb158290"
"7556","Zm00001eb122440"
"7557","Zm00001eb122900"
"7558","Zm00001eb126560"
"7559","Zm00001eb147220"
"7560","Zm00001eb123350"
"7561","Zm00001eb161590"
"7562","Zm00001eb160820"
"7563","Zm00001eb133590"
"7564","Zm00001eb139570"
"7565","Zm00001eb119320"
"7566","Zm00001eb147390"
"7567","Zm00001eb138080"
"7568","Zm00001eb153360"
"7569","Zm00001eb141130"
"7570","Zm00001eb121580"
"7571","Zm00001eb157380"
"7572","Zm00001eb138070"
"7573","Zm00001eb151620"
"7574","Zm00001eb156010"
"7575","Zm00001eb137170"
"7576","Zm00001eb161610"
"7577","Zm00001eb151340"
"7578","Zm00001eb158170"
"7579","Zm00001eb157150"
"7580","Zm00001eb121040"
"7581","Zm00001eb163500"
"7582","Zm00001eb132420"
"7583","Zm00001eb127970"
"7584","Zm00001eb152820"
"7585","Zm00001eb160220"
"7586","Zm00001eb124740"
"7587","Zm00001eb162810"
"7588","Zm00001eb145950"
"7589","Zm00001eb150500"
"7590","Zm00001eb155560"
"7591","Zm00001eb128860"
"7592","Zm00001eb158760"
"7593","Zm00001eb137680"
"7594","Zm00001eb155000"
"7595","Zm00001eb138270"
"7596","Zm00001eb136960"
"7597","Zm00001eb141610"
"7598","Zm00001eb159520"
"7599","Zm00001eb149840"
"7600","Zm00001eb160330"
"7601","Zm00001eb141560"
"7602","Zm00001eb145510"
"7603","Zm00001eb149110"
"7604","Zm00001eb120100"
"7605","Zm00001eb163930"
"7606","Zm00001eb133420"
"7607","Zm00001eb140660"
"7608","Zm00001eb129730"
"7609","Zm00001eb161830"
"7610","Zm00001eb162400"
"7611","Zm00001eb121400"
"7612","Zm00001eb126740"
"7613","Zm00001eb128780"
"7614","Zm00001eb142560"
"7615","Zm00001eb147170"
"7616","Zm00001eb143270"
"7617","Zm00001eb134090"
"7618","Zm00001eb159630"
"7619","Zm00001eb118790"
"7620","Zm00001eb151120"
"7621","Zm00001eb158680"
"7622","Zm00001eb152430"
"7623","Zm00001eb156210"
"7624","Zm00001eb129510"
"7625","Zm00001eb143320"
"7626","Zm00001eb147780"
"7627","Zm00001eb127640"
"7628","Zm00001eb161570"
"7629","Zm00001eb134520"
"7630","Zm00001eb123620"
"7631","Zm00001eb131990"
"7632","Zm00001eb122120"
"7633","Zm00001eb152600"
"7634","Zm00001eb162110"
"7635","Zm00001eb154470"
"7636","Zm00001eb128470"
"7637","Zm00001eb134000"
"7638","Zm00001eb137870"
"7639","Zm00001eb131550"
"7640","Zm00001eb143650"
"7641","Zm00001eb130180"
"7642","Zm00001eb136040"
"7643","Zm00001eb120850"
"7644","Zm00001eb127300"
"7645","Zm00001eb134870"
"7646","Zm00001eb142570"
"7647","Zm00001eb147610"
"7648","Zm00001eb163210"
"7649","Zm00001eb157310"
"7650","Zm00001eb147510"
"7651","Zm00001eb159710"
"7652","Zm00001eb153750"
"7653","Zm00001eb159450"
"7654","Zm00001eb133500"
"7655","Zm00001eb149720"
"7656","Zm00001eb144760"
"7657","Zm00001eb138460"
"7658","Zm00001eb151920"
"7659","Zm00001eb152840"
"7660","Zm00001eb125980"
"7661","Zm00001eb135290"
"7662","Zm00001eb142440"
"7663","Zm00001eb120700"
"7664","Zm00001eb137030"
"7665","Zm00001eb163150"
"7666","Zm00001eb148130"
"7667","Zm00001eb157860"
"7668","Zm00001eb119990"
"7669","Zm00001eb140430"
"7670","Zm00001eb163640"
"7671","Zm00001eb130260"
"7672","Zm00001eb161270"
"7673","Zm00001eb158740"
"7674","Zm00001eb127210"
"7675","Zm00001eb145640"
"7676","Zm00001eb151150"
"7677","Zm00001eb128010"
"7678","Zm00001eb125670"
"7679","Zm00001eb129440"
"7680","Zm00001eb123060"
"7681","Zm00001eb135020"
"7682","Zm00001eb125560"
"7683","Zm00001eb141720"
"7684","Zm00001eb137010"
"7685","Zm00001eb127690"
"7686","Zm00001eb150630"
"7687","Zm00001eb126710"
"7688","Zm00001eb154140"
"7689","Zm00001eb130470"
"7690","Zm00001eb157450"
"7691","Zm00001eb142820"
"7692","Zm00001eb131160"
"7693","Zm00001eb130600"
"7694","Zm00001eb151060"
"7695","Zm00001eb152020"
"7696","Zm00001eb119470"
"7697","Zm00001eb120360"
"7698","Zm00001eb141230"
"7699","Zm00001eb159350"
"7700","Zm00001eb160470"
"7701","Zm00001eb143150"
"7702","Zm00001eb135990"
"7703","Zm00001eb159120"
"7704","Zm00001eb147740"
"7705","Zm00001eb163980"
"7706","Zm00001eb133900"
"7707","Zm00001eb150400"
"7708","Zm00001eb153900"
"7709","Zm00001eb156740"
"7710","Zm00001eb150320"
"7711","Zm00001eb136750"
"7712","Zm00001eb140560"
"7713","Zm00001eb126370"
"7714","Zm00001eb161030"
"7715","Zm00001eb127840"
"7716","Zm00001eb122460"
"7717","Zm00001eb129770"
"7718","Zm00001eb119210"
"7719","Zm00001eb122260"
"7720","Zm00001eb150860"
"7721","Zm00001eb145690"
"7722","Zm00001eb143660"
"7723","Zm00001eb153580"
"7724","Zm00001eb122860"
"7725","Zm00001eb147230"
"7726","Zm00001eb160650"
"7727","Zm00001eb153350"
"7728","Zm00001eb123510"
"7729","Zm00001eb125730"
"7730","Zm00001eb153060"
"7731","Zm00001eb136920"
"7732","Zm00001eb145960"
"7733","Zm00001eb160730"
"7734","Zm00001eb151870"
"7735","Zm00001eb125140"
"7736","Zm00001eb156300"
"7737","Zm00001eb154260"
"7738","Zm00001eb148920"
"7739","Zm00001eb152500"
"7740","Zm00001eb127450"
"7741","Zm00001eb152750"
"7742","Zm00001eb150560"
"7743","Zm00001eb148850"
"7744","Zm00001eb135530"
"7745","Zm00001eb149510"
"7746","Zm00001eb125540"
"7747","Zm00001eb125390"
"7748","Zm00001eb126690"
"7749","Zm00001eb141600"
"7750","Zm00001eb164090"
"7751","Zm00001eb155340"
"7752","Zm00001eb147810"
"7753","Zm00001eb138230"
"7754","Zm00001eb143080"
"7755","Zm00001eb144900"
"7756","Zm00001eb135110"
"7757","Zm00001eb130750"
"7758","Zm00001eb150740"
"7759","Zm00001eb131770"
"7760","Zm00001eb140400"
"7761","Zm00001eb146170"
"7762","Zm00001eb152880"
"7763","Zm00001eb154870"
"7764","Zm00001eb144350"
"7765","Zm00001eb150170"
"7766","Zm00001eb142190"
"7767","Zm00001eb159620"
"7768","Zm00001eb138590"
"7769","Zm00001eb157010"
"7770","Zm00001eb162120"
"7771","Zm00001eb123520"
"7772","Zm00001eb156910"
"7773","Zm00001eb139110"
"7774","Zm00001eb121070"
"7775","Zm00001eb123270"
"7776","Zm00001eb135710"
"7777","Zm00001eb131140"
"7778","Zm00001eb160120"
"7779","Zm00001eb148880"
"7780","Zm00001eb141890"
"7781","Zm00001eb140480"
"7782","Zm00001eb153560"
"7783","Zm00001eb148820"
"7784","Zm00001eb124270"
"7785","Zm00001eb160260"
"7786","Zm00001eb155670"
"7787","Zm00001eb150130"
"7788","Zm00001eb142790"
"7789","Zm00001eb155410"
"7790","Zm00001eb162910"
"7791","Zm00001eb136540"
"7792","Zm00001eb135500"
"7793","Zm00001eb147420"
"7794","Zm00001eb124450"
"7795","Zm00001eb163310"
"7796","Zm00001eb136360"
"7797","Zm00001eb143720"
"7798","Zm00001eb145090"
"7799","Zm00001eb155250"
"7800","Zm00001eb138970"
"7801","Zm00001eb135240"
"7802","Zm00001eb118640"
"7803","Zm00001eb133030"
"7804","Zm00001eb118830"
"7805","Zm00001eb118920"
"7806","Zm00001eb127580"
"7807","Zm00001eb122370"
"7808","Zm00001eb128300"
"7809","Zm00001eb158470"
"7810","Zm00001eb124530"
"7811","Zm00001eb156780"
"7812","Zm00001eb123200"
"7813","Zm00001eb133830"
"7814","Zm00001eb131320"
"7815","Zm00001eb142150"
"7816","Zm00001eb137540"
"7817","Zm00001eb137720"
"7818","Zm00001eb161690"
"7819","Zm00001eb127930"
"7820","Zm00001eb148110"
"7821","Zm00001eb140810"
"7822","Zm00001eb163570"
"7823","Zm00001eb157900"
"7824","Zm00001eb128590"
"7825","Zm00001eb144430"
"7826","Zm00001eb159060"
"7827","Zm00001eb144960"
"7828","Zm00001eb141360"
"7829","Zm00001eb120780"
"7830","Zm00001eb152040"
"7831","Zm00001eb155320"
"7832","Zm00001eb140360"
"7833","Zm00001eb135570"
"7834","Zm00001eb119170"
"7835","Zm00001eb145730"
"7836","Zm00001eb122250"
"7837","Zm00001eb129080"
"7838","Zm00001eb119790"
"7839","Zm00001eb121880"
"7840","Zm00001eb146720"
"7841","Zm00001eb131760"
"7842","Zm00001eb122170"
"7843","Zm00001eb136230"
"7844","Zm00001eb132080"
"7845","Zm00001eb137800"
"7846","Zm00001eb140080"
"7847","Zm00001eb152120"
"7848","Zm00001eb126980"
"7849","Zm00001eb148280"
"7850","Zm00001eb162630"
"7851","Zm00001eb152900"
"7852","Zm00001eb139710"
"7853","Zm00001eb150410"
"7854","Zm00001eb144260"
"7855","Zm00001eb132890"
"7856","Zm00001eb156600"
"7857","Zm00001eb152450"
"7858","Zm00001eb119450"
"7859","Zm00001eb143410"
"7860","Zm00001eb156220"
"7861","Zm00001eb151670"
"7862","Zm00001eb143580"
"7863","Zm00001eb131080"
"7864","Zm00001eb163160"
"7865","Zm00001eb156130"
"7866","Zm00001eb149330"
"7867","Zm00001eb142350"
"7868","Zm00001eb142210"
"7869","Zm00001eb124320"
"7870","Zm00001eb156750"
"7871","Zm00001eb149650"
"7872","Zm00001eb146740"
"7873","Zm00001eb163120"
"7874","Zm00001eb135320"
"7875","Zm00001eb122960"
"7876","Zm00001eb127850"
"7877","Zm00001eb123220"
"7878","Zm00001eb129040"
"7879","Zm00001eb136170"
"7880","Zm00001eb153760"
"7881","Zm00001eb145770"
"7882","Zm00001eb154790"
"7883","Zm00001eb140990"
"7884","Zm00001eb147840"
"7885","Zm00001eb130330"
"7886","Zm00001eb152700"
"7887","Zm00001eb163400"
"7888","Zm00001eb151970"
"7889","Zm00001eb123170"
"7890","Zm00001eb151400"
"7891","Zm00001eb162550"
"7892","Zm00001eb164010"
"7893","Zm00001eb162820"
"7894","Zm00001eb139070"
"7895","Zm00001eb161470"
"7896","Zm00001eb135810"
"7897","Zm00001eb161820"
"7898","Zm00001eb159740"
"7899","Zm00001eb157870"
"7900","Zm00001eb147090"
"7901","Zm00001eb127920"
"7902","Zm00001eb158750"
"7903","Zm00001eb118970"
"7904","Zm00001eb140630"
"7905","Zm00001eb145400"
"7906","Zm00001eb138370"
"7907","Zm00001eb142500"
"7908","Zm00001eb142960"
"7909","Zm00001eb150360"
"7910","Zm00001eb144910"
"7911","Zm00001eb155080"
"7912","Zm00001eb143790"
"7913","Zm00001eb120350"
"7914","Zm00001eb133140"
"7915","Zm00001eb122420"
"7916","Zm00001eb120860"
"7917","Zm00001eb122780"
"7918","Zm00001eb118870"
"7919","Zm00001eb127650"
"7920","Zm00001eb146520"
"7921","Zm00001eb146400"
"7922","Zm00001eb163240"
"7923","Zm00001eb137200"
"7924","Zm00001eb157660"
"7925","Zm00001eb125430"
"7926","Zm00001eb125300"
"7927","Zm00001eb128180"
"7928","Zm00001eb145330"
"7929","Zm00001eb142400"
"7930","Zm00001eb140570"
"7931","Zm00001eb128970"
"7932","Zm00001eb131510"
"7933","Zm00001eb154730"
"7934","Zm00001eb124350"
"7935","Zm00001eb119980"
"7936","Zm00001eb132150"
"7937","Zm00001eb145820"
"7938","Zm00001eb140260"
"7939","Zm00001eb144460"
"7940","Zm00001eb127020"
"7941","Zm00001eb123260"
"7942","Zm00001eb122470"
"7943","Zm00001eb119400"
"7944","Zm00001eb132320"
"7945","Zm00001eb135880"
"7946","Zm00001eb126340"
"7947","Zm00001eb138300"
"7948","Zm00001eb125050"
"7949","Zm00001eb158730"
"7950","Zm00001eb161080"
"7951","Zm00001eb142580"
"7952","Zm00001eb126630"
"7953","Zm00001eb122680"
"7954","Zm00001eb162830"
"7955","Zm00001eb128190"
"7956","Zm00001eb145600"
"7957","Zm00001eb159640"
"7958","Zm00001eb159590"
"7959","Zm00001eb157840"
"7960","Zm00001eb124040"
"7961","Zm00001eb143290"
"7962","Zm00001eb150950"
"7963","Zm00001eb162060"
"7964","Zm00001eb151710"
"7965","Zm00001eb157960"
"7966","Zm00001eb160160"
"7967","Zm00001eb134340"
"7968","Zm00001eb136830"
"7969","Zm00001eb141160"
"7970","Zm00001eb162950"
"7971","Zm00001eb155010"
"7972","Zm00001eb145440"
"7973","Zm00001eb145980"
"7974","Zm00001eb139480"
"7975","Zm00001eb152470"
"7976","Zm00001eb161890"
"7977","Zm00001eb144680"
"7978","Zm00001eb129820"
"7979","Zm00001eb163970"
"7980","Zm00001eb121380"
"7981","Zm00001eb146880"
"7982","Zm00001eb120180"
"7983","Zm00001eb130830"
"7984","Zm00001eb143930"
"7985","Zm00001eb140370"
"7986","Zm00001eb127190"
"7987","Zm00001eb135120"
"7988","Zm00001eb154580"
"7989","Zm00001eb150350"
"7990","Zm00001eb122560"
"7991","Zm00001eb161970"
"7992","Zm00001eb127860"
"7993","Zm00001eb119830"
"7994","Zm00001eb120730"
"7995","Zm00001eb162230"
"7996","Zm00001eb144630"
"7997","Zm00001eb158630"
"7998","Zm00001eb139460"
"7999","Zm00001eb150380"
"8000","Zm00001eb146180"
"8001","Zm00001eb164080"
"8002","Zm00001eb136710"
"8003","Zm00001eb150730"
"8004","Zm00001eb150440"
"8005","Zm00001eb134560"
"8006","Zm00001eb128420"
"8007","Zm00001eb149490"
"8008","Zm00001eb149690"
"8009","Zm00001eb147650"
"8010","Zm00001eb151440"
"8011","Zm00001eb147330"
"8012","Zm00001eb127710"
"8013","Zm00001eb152410"
"8014","Zm00001eb130200"
"8015","Zm00001eb139680"
"8016","Zm00001eb133210"
"8017","Zm00001eb119920"
"8018","Zm00001eb156530"
"8019","Zm00001eb159420"
"8020","Zm00001eb122880"
"8021","Zm00001eb151790"
"8022","Zm00001eb119000"
"8023","Zm00001eb120380"
"8024","Zm00001eb127000"
"8025","Zm00001eb155260"
"8026","Zm00001eb152290"
"8027","Zm00001eb134290"
"8028","Zm00001eb149340"
"8029","Zm00001eb125530"
"8030","Zm00001eb151050"
"8031","Zm00001eb148930"
"8032","Zm00001eb152660"
"8033","Zm00001eb149620"
"8034","Zm00001eb163130"
"8035","Zm00001eb141010"
"8036","Zm00001eb164130"
"8037","Zm00001eb148250"
"8038","Zm00001eb119890"
"8039","Zm00001eb155990"
"8040","Zm00001eb153090"
"8041","Zm00001eb141350"
"8042","Zm00001eb151530"
"8043","Zm00001eb134790"
"8044","Zm00001eb151100"
"8045","Zm00001eb160590"
"8046","Zm00001eb126670"
"8047","Zm00001eb138260"
"8048","Zm00001eb119340"
"8049","Zm00001eb159960"
"8050","Zm00001eb131220"
"8051","Zm00001eb151490"
"8052","Zm00001eb126140"
"8053","Zm00001eb133150"
"8054","Zm00001eb151280"
"8055","Zm00001eb153880"
"8056","Zm00001eb151770"
"8057","Zm00001eb162210"
"8058","Zm00001eb155860"
"8059","Zm00001eb121310"
"8060","Zm00001eb131130"
"8061","Zm00001eb148940"
"8062","Zm00001eb148540"
"8063","Zm00001eb139420"
"8064","Zm00001eb125220"
"8065","Zm00001eb149520"
"8066","Zm00001eb138040"
"8067","Zm00001eb122180"
"8068","Zm00001eb162620"
"8069","Zm00001eb150650"
"8070","Zm00001eb163350"
"8071","Zm00001eb148890"
"8072","Zm00001eb156280"
"8073","Zm00001eb162030"
"8074","Zm00001eb126680"
"8075","Zm00001eb125590"
"8076","Zm00001eb124570"
"8077","Zm00001eb147410"
"8078","Zm00001eb136280"
"8079","Zm00001eb135900"
"8080","Zm00001eb147990"
"8081","Zm00001eb144310"
"8082","Zm00001eb119280"
"8083","Zm00001eb154060"
"8084","Zm00001eb140420"
"8085","Zm00001eb158520"
"8086","Zm00001eb159020"
"8087","Zm00001eb138630"
"8088","Zm00001eb129520"
"8089","Zm00001eb159550"
"8090","Zm00001eb141710"
"8091","Zm00001eb125440"
"8092","Zm00001eb157710"
"8093","Zm00001eb161870"
"8094","Zm00001eb143850"
"8095","Zm00001eb137390"
"8096","Zm00001eb159510"
"8097","Zm00001eb140040"
"8098","Zm00001eb124470"
"8099","Zm00001eb160620"
"8100","Zm00001eb154490"
"8101","Zm00001eb163710"
"8102","Zm00001eb157810"
"8103","Zm00001eb152140"
"8104","Zm00001eb155580"
"8105","Zm00001eb147060"
"8106","Zm00001eb160740"
"8107","Zm00001eb125880"
"8108","Zm00001eb143050"
"8109","Zm00001eb128530"
"8110","Zm00001eb154640"
"8111","Zm00001eb153130"
"8112","Zm00001eb126950"
"8113","Zm00001eb156360"
"8114","Zm00001eb161860"
"8115","Zm00001eb120310"
"8116","Zm00001eb163100"
"8117","Zm00001eb153890"
"8118","Zm00001eb144000"
"8119","Zm00001eb130620"
"8120","Zm00001eb149740"
"8121","Zm00001eb151510"
"8122","Zm00001eb161920"
"8123","Zm00001eb125410"
"8124","Zm00001eb139780"
"8125","Zm00001eb138890"
"8126","Zm00001eb122410"
"8127","Zm00001eb150940"
"8128","Zm00001eb143460"
"8129","Zm00001eb162020"
"8130","Zm00001eb136620"
"8131","Zm00001eb153030"
"8132","Zm00001eb144840"
"8133","Zm00001eb142010"
"8134","Zm00001eb133060"
"8135","Zm00001eb144500"
"8136","Zm00001eb138360"
"8137","Zm00001eb163960"
"8138","Zm00001eb158300"
"8139","Zm00001eb161340"
"8140","Zm00001eb148610"
"8141","Zm00001eb134390"
"8142","Zm00001eb141670"
"8143","Zm00001eb155120"
"8144","Zm00001eb122600"
"8145","Zm00001eb146220"
"8146","Zm00001eb158930"
"8147","Zm00001eb149420"
"8148","Zm00001eb123450"
"8149","Zm00001eb140340"
"8150","Zm00001eb152080"
"8151","Zm00001eb131540"
"8152","Zm00001eb163700"
"8153","Zm00001eb140070"
"8154","Zm00001eb147480"
"8155","Zm00001eb144670"
"8156","Zm00001eb146700"
"8157","Zm00001eb163750"
"8158","Zm00001eb119770"
"8159","Zm00001eb140530"
"8160","Zm00001eb159160"
"8161","Zm00001eb137780"
"8162","Zm00001eb145320"
"8163","Zm00001eb134780"
"8164","Zm00001eb138680"
"8165","Zm00001eb140100"
"8166","Zm00001eb149030"
"8167","Zm00001eb163730"
"8168","Zm00001eb135000"
"8169","Zm00001eb138750"
"8170","Zm00001eb136970"
"8171","Zm00001eb145570"
"8172","Zm00001eb150880"
"8173","Zm00001eb137290"
"8174","Zm00001eb158770"
"8175","Zm00001eb128880"
"8176","Zm00001eb148030"
"8177","Zm00001eb142740"
"8178","Zm00001eb127160"
"8179","Zm00001eb128810"
"8180","Zm00001eb152460"
"8181","Zm00001eb128320"
"8182","Zm00001eb158110"
"8183","Zm00001eb145390"
"8184","Zm00001eb126780"
"8185","Zm00001eb143560"
"8186","Zm00001eb118770"
"8187","Zm00001eb132300"
"8188","Zm00001eb154180"
"8189","Zm00001eb159850"
"8190","Zm00001eb128490"
"8191","Zm00001eb143890"
"8192","Zm00001eb162420"
"8193","Zm00001eb125080"
"8194","Zm00001eb161420"
"8195","Zm00001eb149310"
"8196","Zm00001eb139870"
"8197","Zm00001eb155230"
"8198","Zm00001eb149640"
"8199","Zm00001eb161980"
"8200","Zm00001eb161040"
"8201","Zm00001eb162130"
"8202","Zm00001eb154010"
"8203","Zm00001eb123050"
"8204","Zm00001eb122700"
"8205","Zm00001eb151900"
"8206","Zm00001eb126990"
"8207","Zm00001eb139160"
"8208","Zm00001eb143510"
"8209","Zm00001eb150550"
"8210","Zm00001eb143000"
"8211","Zm00001eb121570"
"8212","Zm00001eb162530"
"8213","Zm00001eb160020"
"8214","Zm00001eb163690"
"8215","Zm00001eb125130"
"8216","Zm00001eb120320"
"8217","Zm00001eb155380"
"8218","Zm00001eb160790"
"8219","Zm00001eb119910"
"8220","Zm00001eb130190"
"8221","Zm00001eb149860"
"8222","Zm00001eb153770"
"8223","Zm00001eb119140"
"8224","Zm00001eb156330"
"8225","Zm00001eb152790"
"8226","Zm00001eb163720"
"8227","Zm00001eb153530"
"8228","Zm00001eb140410"
"8229","Zm00001eb126430"
"8230","Zm00001eb156380"
"8231","Zm00001eb157470"
"8232","Zm00001eb163990"
"8233","Zm00001eb161950"
"8234","Zm00001eb120430"
"8235","Zm00001eb134120"
"8236","Zm00001eb125810"
"8237","Zm00001eb155750"
"8238","Zm00001eb156610"
"8239","Zm00001eb124060"
"8240","Zm00001eb153460"
"8241","Zm00001eb142940"
"8242","Zm00001eb125060"
"8243","Zm00001eb120230"
"8244","Zm00001eb145660"
"8245","Zm00001eb150960"
"8246","Zm00001eb154690"
"8247","Zm00001eb124480"
"8248","Zm00001eb149180"
"8249","Zm00001eb158490"
"8250","Zm00001eb127990"
"8251","Zm00001eb148350"
"8252","Zm00001eb163190"
"8253","Zm00001eb120650"
"8254","Zm00001eb152360"
"8255","Zm00001eb125600"
"8256","Zm00001eb140380"
"8257","Zm00001eb161510"
"8258","Zm00001eb155300"
"8259","Zm00001eb142220"
"8260","Zm00001eb151590"
"8261","Zm00001eb141330"
"8262","Zm00001eb152100"
"8263","Zm00001eb118860"
"8264","Zm00001eb142540"
"8265","Zm00001eb163250"
"8266","Zm00001eb148980"
"8267","Zm00001eb144450"
"8268","Zm00001eb136160"
"8269","Zm00001eb145800"
"8270","Zm00001eb147710"
"8271","Zm00001eb118910"
"8272","Zm00001eb156340"
"8273","Zm00001eb139180"
"8274","Zm00001eb119150"
"8275","Zm00001eb138430"
"8276","Zm00001eb124390"
"8277","Zm00001eb154080"
"8278","Zm00001eb163810"
"8279","Zm00001eb142530"
"8280","Zm00001eb131100"
"8281","Zm00001eb148240"
"8282","Zm00001eb137700"
"8283","Zm00001eb146690"
"8284","Zm00001eb163540"
"8285","Zm00001eb120810"
"8286","Zm00001eb143060"
"8287","Zm00001eb144600"
"8288","Zm00001eb122020"
"8289","Zm00001eb150460"
"8290","Zm00001eb120750"
"8291","Zm00001eb136630"
"8292","Zm00001eb144530"
"8293","Zm00001eb138120"
"8294","Zm00001eb118980"
"8295","Zm00001eb120820"
"8296","Zm00001eb153710"
"8297","Zm00001eb118510"
"8298","Zm00001eb148620"
"8299","Zm00001eb162670"
"8300","Zm00001eb156190"
"8301","Zm00001eb137840"
"8302","Zm00001eb139750"
"8303","Zm00001eb151750"
"8304","Zm00001eb162150"
"8305","Zm00001eb160040"
"8306","Zm00001eb125860"
"8307","Zm00001eb127030"
"8308","Zm00001eb137920"
"8309","Zm00001eb125700"
"8310","Zm00001eb122500"
"8311","Zm00001eb141120"
"8312","Zm00001eb153550"
"8313","Zm00001eb159540"
"8314","Zm00001eb128930"
"8315","Zm00001eb119100"
"8316","Zm00001eb128110"
"8317","Zm00001eb128040"
"8318","Zm00001eb121650"
"8319","Zm00001eb147940"
"8320","Zm00001eb127680"
"8321","Zm00001eb119630"
"8322","Zm00001eb122720"
"8323","Zm00001eb158090"
"8324","Zm00001eb124200"
"8325","Zm00001eb163140"
"8326","Zm00001eb130450"
"8327","Zm00001eb154360"
"8328","Zm00001eb124750"
"8329","Zm00001eb152670"
"8330","Zm00001eb160170"
"8331","Zm00001eb143430"
"8332","Zm00001eb142710"
"8333","Zm00001eb134110"
"8334","Zm00001eb158840"
"8335","Zm00001eb133330"
"8336","Zm00001eb142980"
"8337","Zm00001eb130080"
"8338","Zm00001eb119540"
"8339","Zm00001eb146070"
"8340","Zm00001eb148690"
"8341","Zm00001eb136390"
"8342","Zm00001eb164230"
"8343","Zm00001eb157610"
"8344","Zm00001eb160100"
"8345","Zm00001eb153280"
"8346","Zm00001eb141530"
"8347","Zm00001eb129380"
"8348","Zm00001eb157300"
"8349","Zm00001eb147530"
"8350","Zm00001eb162780"
"8351","Zm00001eb152710"
"8352","Zm00001eb155830"
"8353","Zm00001eb138330"
"8354","Zm00001eb126390"
"8355","Zm00001eb151260"
"8356","Zm00001eb144210"
"8357","Zm00001eb123250"
"8358","Zm00001eb137900"
"8359","Zm00001eb137580"
"8360","Zm00001eb157040"
"8361","Zm00001eb143480"
"8362","Zm00001eb121790"
"8363","Zm00001eb162410"
"8364","Zm00001eb123830"
"8365","Zm00001eb136720"
"8366","Zm00001eb118570"
"8367","Zm00001eb139270"
"8368","Zm00001eb147830"
"8369","Zm00001eb162990"
"8370","Zm00001eb130060"
"8371","Zm00001eb126660"
"8372","Zm00001eb146280"
"8373","Zm00001eb132130"
"8374","Zm00001eb148530"
"8375","Zm00001eb163260"
"8376","Zm00001eb126080"
"8377","Zm00001eb123330"
"8378","Zm00001eb120880"
"8379","Zm00001eb149390"
"8380","Zm00001eb156510"
"8381","Zm00001eb159440"
"8382","Zm00001eb134400"
"8383","Zm00001eb142310"
"8384","Zm00001eb144740"
"8385","Zm00001eb148000"
"8386","Zm00001eb120200"
"8387","Zm00001eb147490"
"8388","Zm00001eb157430"
"8389","Zm00001eb143140"
"8390","Zm00001eb123710"
"8391","Zm00001eb125330"
"8392","Zm00001eb135720"
"8393","Zm00001eb135090"
"8394","Zm00001eb153240"
"8395","Zm00001eb157680"
"8396","Zm00001eb162800"
"8397","Zm00001eb127420"
"8398","Zm00001eb163070"
"8399","Zm00001eb150510"
"8400","Zm00001eb130280"
"8401","Zm00001eb128210"
"8402","Zm00001eb151800"
"8403","Zm00001eb145630"
"8404","Zm00001eb138730"
"8405","Zm00001eb126250"
"8406","Zm00001eb136080"
"8407","Zm00001eb151690"
"8408","Zm00001eb159830"
"8409","Zm00001eb154420"
"8410","Zm00001eb152980"
"8411","Zm00001eb127630"
"8412","Zm00001eb129000"
"8413","Zm00001eb138930"
"8414","Zm00001eb160460"
"8415","Zm00001eb123630"
"8416","Zm00001eb121590"
"8417","Zm00001eb153450"
"8418","Zm00001eb126760"
"8419","Zm00001eb147960"
"8420","Zm00001eb151200"
"8421","Zm00001eb124690"
"8422","Zm00001eb133930"
"8423","Zm00001eb148780"
"8424","Zm00001eb160070"
"8425","Zm00001eb160340"
"8426","Zm00001eb161710"
"8427","Zm00001eb158860"
"8428","Zm00001eb139980"
"8429","Zm00001eb157370"
"8430","Zm00001eb145940"
"8431","Zm00001eb143260"
"8432","Zm00001eb134100"
"8433","Zm00001eb141550"
"8434","Zm00001eb160480"
"8435","Zm00001eb121020"
"8436","Zm00001eb144720"
"8437","Zm00001eb155270"
"8438","Zm00001eb126930"
"8439","Zm00001eb132020"
"8440","Zm00001eb127790"
"8441","Zm00001eb148640"
"8442","Zm00001eb145920"
"8443","Zm00001eb152920"
"8444","Zm00001eb151890"
"8445","Zm00001eb139450"
"8446","Zm00001eb148210"
"8447","Zm00001eb157800"
"8448","Zm00001eb119420"
"8449","Zm00001eb120330"
"8450","Zm00001eb144480"
"8451","Zm00001eb149880"
"8452","Zm00001eb153490"
"8453","Zm00001eb153780"
"8454","Zm00001eb118650"
"8455","Zm00001eb147310"
"8456","Zm00001eb159090"
"8457","Zm00001eb130300"
"8458","Zm00001eb134990"
"8459","Zm00001eb164030"
"8460","Zm00001eb136220"
"8461","Zm00001eb137300"
"8462","Zm00001eb129710"
"8463","Zm00001eb153650"
"8464","Zm00001eb130940"
"8465","Zm00001eb118850"
"8466","Zm00001eb157850"
"8467","Zm00001eb125360"
"8468","Zm00001eb154440"
"8469","Zm00001eb119030"
"8470","Zm00001eb154600"
"8471","Zm00001eb156320"
"8472","Zm00001eb144120"
"8473","Zm00001eb142450"
"8474","Zm00001eb140050"
"8475","Zm00001eb148440"
"8476","Zm00001eb142950"
"8477","Zm00001eb128000"
"8478","Zm00001eb128020"
"8479","Zm00001eb125450"
"8480","Zm00001eb159010"
"8481","Zm00001eb134890"
"8482","Zm00001eb150620"
"8483","Zm00001eb139790"
"8484","Zm00001eb137150"
"8485","Zm00001eb131200"
"8486","Zm00001eb135700"
"8487","Zm00001eb156700"
"8488","Zm00001eb132960"
"8489","Zm00001eb138100"
"8490","Zm00001eb155940"
"8491","Zm00001eb120840"
"8492","Zm00001eb145370"
"8493","Zm00001eb157190"
"8494","Zm00001eb142810"
"8495","Zm00001eb130610"
"8496","Zm00001eb151070"
"8497","Zm00001eb143670"
"8498","Zm00001eb153940"
"8499","Zm00001eb163800"
"8500","Zm00001eb157730"
"8501","Zm00001eb146500"
"8502","Zm00001eb153790"
"8503","Zm00001eb160710"
"8504","Zm00001eb140790"
"8505","Zm00001eb120010"
"8506","Zm00001eb122030"
"8507","Zm00001eb135130"
"8508","Zm00001eb160550"
"8509","Zm00001eb144880"
"8510","Zm00001eb156150"
"8511","Zm00001eb119500"
"8512","Zm00001eb152940"
"8513","Zm00001eb135520"
"8514","Zm00001eb131020"
"8515","Zm00001eb130990"
"8516","Zm00001eb141460"
"8517","Zm00001eb121520"
"8518","Zm00001eb162180"
"8519","Zm00001eb122740"
"8520","Zm00001eb126900"
"8521","Zm00001eb123190"
"8522","Zm00001eb137890"
"8523","Zm00001eb160640"
"8524","Zm00001eb138600"
"8525","Zm00001eb129860"
"8526","Zm00001eb123540"
"8527","Zm00001eb131600"
"8528","Zm00001eb132880"
"8529","Zm00001eb147550"
"8530","Zm00001eb150140"
"8531","Zm00001eb128130"
"8532","Zm00001eb136500"
"8533","Zm00001eb145430"
"8534","Zm00001eb119200"
"8535","Zm00001eb133450"
"8536","Zm00001eb152530"
"8537","Zm00001eb126070"
"8538","Zm00001eb137180"
"8539","Zm00001eb144360"
"8540","Zm00001eb145550"
"8541","Zm00001eb156500"
"8542","Zm00001eb145840"
"8543","Zm00001eb125150"
"8544","Zm00001eb132660"
"8545","Zm00001eb159150"
"8546","Zm00001eb138210"
"8547","Zm00001eb126620"
"8548","Zm00001eb130810"
"8549","Zm00001eb150530"
"8550","Zm00001eb149500"
"8551","Zm00001eb143570"
"8552","Zm00001eb126230"
"8553","Zm00001eb158270"
"8554","Zm00001eb131190"
"8555","Zm00001eb145150"
"8556","Zm00001eb119810"
"8557","Zm00001eb150420"
"8558","Zm00001eb136200"
"8559","Zm00001eb122810"
"8560","Zm00001eb144440"
"8561","Zm00001eb137710"
"8562","Zm00001eb139840"
"8563","Zm00001eb123430"
"8564","Zm00001eb152050"
"8565","Zm00001eb154300"
"8566","Zm00001eb127550"
"8567","Zm00001eb131090"
"8568","Zm00001eb119690"
"8569","Zm00001eb122240"
"8570","Zm00001eb153010"
"8571","Zm00001eb131170"
"8572","Zm00001eb137820"
"8573","Zm00001eb145720"
"8574","Zm00001eb152090"
"8575","Zm00001eb137370"
"8576","Zm00001eb154050"
"8577","Zm00001eb144250"
"8578","Zm00001eb151270"
"8579","Zm00001eb119260"
"8580","Zm00001eb121100"
"8581","Zm00001eb157520"
"8582","Zm00001eb132010"
"8583","Zm00001eb139250"
"8584","Zm00001eb120970"
"8585","Zm00001eb146760"
"8586","Zm00001eb148270"
"8587","Zm00001eb155420"
"8588","Zm00001eb155680"
"8589","Zm00001eb119940"
"8590","Zm00001eb118950"
"8591","Zm00001eb150270"
"8592","Zm00001eb126270"
"8593","Zm00001eb136350"
"8594","Zm00001eb120410"
"8595","Zm00001eb139690"
"8596","Zm00001eb120110"
"8597","Zm00001eb151470"
"8598","Zm00001eb155950"
"8599","Zm00001eb140090"
"8600","Zm00001eb139060"
"8601","Zm00001eb163300"
"8602","Zm00001eb162760"
"8603","Zm00001eb156690"
"8604","Zm00001eb161790"
"8605","Zm00001eb124300"
"8606","Zm00001eb158190"
"8607","Zm00001eb151380"
"8608","Zm00001eb155310"
"8609","Zm00001eb160190"
"8610","Zm00001eb122320"
"8611","Zm00001eb143420"
"8612","Zm00001eb143330"
"8613","Zm00001eb142000"
"8614","Zm00001eb148100"
"8615","Zm00001eb150680"
"8616","Zm00001eb132350"
"8617","Zm00001eb142760"
"8618","Zm00001eb142720"
"8619","Zm00001eb147040"
"8620","Zm00001eb160510"
"8621","Zm00001eb159560"
"8622","Zm00001eb145210"
"8623","Zm00001eb154510"
"8624","Zm00001eb125480"
"8625","Zm00001eb148290"
"8626","Zm00001eb144320"
"8627","Zm00001eb128250"
"8628","Zm00001eb128340"
"8629","Zm00001eb119070"
"8630","Zm00001eb135750"
"8631","Zm00001eb149460"
"8632","Zm00001eb154220"
"8633","Zm00001eb121210"
"8634","Zm00001eb134330"
"8635","Zm00001eb136900"
"8636","Zm00001eb149660"
"8637","Zm00001eb132050"
"8638","Zm00001eb150820"
"8639","Zm00001eb149890"
"8640","Zm00001eb158500"
"8641","Zm00001eb128720"
"8642","Zm00001eb147950"
"8643","Zm00001eb160610"
"8644","Zm00001eb134850"
"8645","Zm00001eb124670"
"8646","Zm00001eb135920"
"8647","Zm00001eb158100"
"8648","Zm00001eb153620"
"8649","Zm00001eb162000"
"8650","Zm00001eb161810"
"8651","Zm00001eb119020"
"8652","Zm00001eb155910"
"8653","Zm00001eb155660"
"8654","Zm00001eb119590"
"8655","Zm00001eb120920"
"8656","Zm00001eb137950"
"8657","Zm00001eb158210"
"8658","Zm00001eb151240"
"8659","Zm00001eb131470"
"8660","Zm00001eb123690"
"8661","Zm00001eb127010"
"8662","Zm00001eb125200"
"8663","Zm00001eb154950"
"8664","Zm00001eb144810"
"8665","Zm00001eb129100"
"8666","Zm00001eb150250"
"8667","Zm00001eb146960"
"8668","Zm00001eb152370"
"8669","Zm00001eb146130"
"8670","Zm00001eb126150"
"8671","Zm00001eb156040"
"8672","Zm00001eb144140"
"8673","Zm00001eb157070"
"8674","Zm00001eb133050"
"8675","Zm00001eb148740"
"8676","Zm00001eb122040"
"8677","Zm00001eb156310"
"8678","Zm00001eb163830"
"8679","Zm00001eb121780"
"8680","Zm00001eb145100"
"8681","Zm00001eb147910"
"8682","Zm00001eb119610"
"8683","Zm00001eb122970"
"8684","Zm00001eb159100"
"8685","Zm00001eb157950"
"8686","Zm00001eb164020"
"8687","Zm00001eb154910"
"8688","Zm00001eb131030"
"8689","Zm00001eb122220"
"8690","Zm00001eb121490"
"8691","Zm00001eb139850"
"8692","Zm00001eb137100"
"8693","Zm00001eb124410"
"8694","Zm00001eb143020"
"8695","Zm00001eb138200"
"8696","Zm00001eb119440"
"8697","Zm00001eb159650"
"8698","Zm00001eb162710"
"8699","Zm00001eb124730"
"8700","Zm00001eb153260"
"8701","Zm00001eb158710"
"8702","Zm00001eb161490"
"8703","Zm00001eb161460"
"8704","Zm00001eb162930"
"8705","Zm00001eb137750"
"8706","Zm00001eb128670"
"8707","Zm00001eb157130"
"8708","Zm00001eb124380"
"8709","Zm00001eb135540"
"8710","Zm00001eb145580"
"8711","Zm00001eb120390"
"8712","Zm00001eb123160"
"8713","Zm00001eb124820"
"8714","Zm00001eb121140"
"8715","Zm00001eb152950"
"8716","Zm00001eb148310"
"8717","Zm00001eb153100"
"8718","Zm00001eb120990"
"8719","Zm00001eb162070"
"8720","Zm00001eb137500"
"8721","Zm00001eb136300"
"8722","Zm00001eb141930"
"8723","Zm00001eb120260"
"8724","Zm00001eb162890"
"8725","Zm00001eb141420"
"8726","Zm00001eb138110"
"8727","Zm00001eb136110"
"8728","Zm00001eb122330"
"8729","Zm00001eb143980"
"8730","Zm00001eb132260"
"8731","Zm00001eb143070"
"8732","Zm00001eb129030"
"8733","Zm00001eb123370"
"8734","Zm00001eb134970"
"8735","Zm00001eb148770"
"8736","Zm00001eb130880"
"8737","Zm00001eb152320"
"8738","Zm00001eb131690"
"8739","Zm00001eb144610"
"8740","Zm00001eb120760"
"8741","Zm00001eb141310"
"8742","Zm00001eb146420"
"8743","Zm00001eb160990"
"8744","Zm00001eb150450"
"8745","Zm00001eb156560"
"8746","Zm00001eb162300"
"8747","Zm00001eb154700"
"8748","Zm00001eb142420"
"8749","Zm00001eb121990"
"8750","Zm00001eb144400"
"8751","Zm00001eb133880"
"8752","Zm00001eb138690"
"8753","Zm00001eb163270"
"8754","Zm00001eb140320"
"8755","Zm00001eb162240"
"8756","Zm00001eb148010"
"8757","Zm00001eb131520"
"8758","Zm00001eb144570"
"8759","Zm00001eb151720"
"8760","Zm00001eb121640"
"8761","Zm00001eb157540"
"8762","Zm00001eb162970"
"8763","Zm00001eb133350"
"8764","Zm00001eb138800"
"8765","Zm00001eb163860"
"8766","Zm00001eb153480"
"8767","Zm00001eb161850"
"8768","Zm00001eb124800"
"8769","Zm00001eb119930"
"8770","Zm00001eb158030"
"8771","Zm00001eb160770"
"8772","Zm00001eb155590"
"8773","Zm00001eb126640"
"8774","Zm00001eb160200"
"8775","Zm00001eb152650"
"8776","Zm00001eb137410"
"8777","Zm00001eb161530"
"8778","Zm00001eb142630"
"8779","Zm00001eb128830"
"8780","Zm00001eb142060"
"8781","Zm00001eb125850"
"8782","Zm00001eb154230"
"8783","Zm00001eb151630"
"8784","Zm00001eb138940"
"8785","Zm00001eb127750"
"8786","Zm00001eb136450"
"8787","Zm00001eb158050"
"8788","Zm00001eb139880"
"8789","Zm00001eb162370"
"8790","Zm00001eb159750"
"8791","Zm00001eb149800"
"8792","Zm00001eb160080"
"8793","Zm00001eb135960"
"8794","Zm00001eb150040"
"8795","Zm00001eb119010"
"8796","Zm00001eb148060"
"8797","Zm00001eb138700"
"8798","Zm00001eb127460"
"8799","Zm00001eb160600"
"8800","Zm00001eb131900"
"8801","Zm00001eb136190"
"8802","Zm00001eb151930"
"8803","Zm00001eb134690"
"8804","Zm00001eb132980"
"8805","Zm00001eb131620"
"8806","Zm00001eb153980"
"8807","Zm00001eb138030"
"8808","Zm00001eb153300"
"8809","Zm00001eb128200"
"8810","Zm00001eb121810"
"8811","Zm00001eb123040"
"8812","Zm00001eb120470"
"8813","Zm00001eb135860"
"8814","Zm00001eb162330"
"8815","Zm00001eb128410"
"8816","Zm00001eb131870"
"8817","Zm00001eb163880"
"8818","Zm00001eb128960"
"8819","Zm00001eb140940"
"8820","Zm00001eb145420"
"8821","Zm00001eb120460"
"8822","Zm00001eb148430"
"8823","Zm00001eb142510"
"8824","Zm00001eb159400"
"8825","Zm00001eb129360"
"8826","Zm00001eb123790"
"8827","Zm00001eb137140"
"8828","Zm00001eb130650"
"8829","Zm00001eb161580"
"8830","Zm00001eb128620"
"8831","Zm00001eb121120"
"8832","Zm00001eb138500"
"8833","Zm00001eb139770"
"8834","Zm00001eb149940"
"8835","Zm00001eb136120"
"8836","Zm00001eb121410"
"8837","Zm00001eb146610"
"8838","Zm00001eb130130"
"8839","Zm00001eb152990"
"8840","Zm00001eb157160"
"8841","Zm00001eb125630"
"8842","Zm00001eb161900"
"8843","Zm00001eb163550"
"8844","Zm00001eb143200"
"8845","Zm00001eb163950"
"8846","Zm00001eb126920"
"8847","Zm00001eb158370"
"8848","Zm00001eb138670"
"8849","Zm00001eb120740"
"8850","Zm00001eb123150"
"8851","Zm00001eb124830"
"8852","Zm00001eb158950"
"8853","Zm00001eb154570"
"8854","Zm00001eb161520"
"8855","Zm00001eb132400"
"8856","Zm00001eb161450"
"8857","Zm00001eb162560"
"8858","Zm00001eb136980"
"8859","Zm00001eb137740"
"8860","Zm00001eb134800"
"8861","Zm00001eb151110"
"8862","Zm00001eb119510"
"8863","Zm00001eb120600"
"8864","Zm00001eb146670"
"8865","Zm00001eb125350"
"8866","Zm00001eb144640"
"8867","Zm00001eb163790"
"8868","Zm00001eb121870"
"8869","Zm00001eb140620"
"8870","Zm00001eb154850"
"8871","Zm00001eb148520"
"8872","Zm00001eb153800"
"8873","Zm00001eb119330"
"8874","Zm00001eb153730"
"8875","Zm00001eb153950"
"8876","Zm00001eb136770"
"8877","Zm00001eb134480"
"8878","Zm00001eb118880"
"8879","Zm00001eb150640"
"8880","Zm00001eb146330"
"8881","Zm00001eb134900"
"8882","Zm00001eb137860"
"8883","Zm00001eb142230"
"8884","Zm00001eb123410"
"8885","Zm00001eb128150"
"8886","Zm00001eb139660"
"8887","Zm00001eb146510"
"8888","Zm00001eb152060"
"8889","Zm00001eb158920"
"8890","Zm00001eb121920"
"8891","Zm00001eb154460"
"8892","Zm00001eb151250"
"8893","Zm00001eb123460"
"8894","Zm00001eb140180"
"8895","Zm00001eb122050"
"8896","Zm00001eb157080"
"8897","Zm00001eb139720"
"8898","Zm00001eb129230"
"8899","Zm00001eb137420"
"8900","Zm00001eb122110"
"8901","Zm00001eb122990"
"8902","Zm00001eb147460"
"8903","Zm00001eb160030"
"8904","Zm00001eb144580"
"8905","Zm00001eb149730"
"8906","Zm00001eb146730"
"8907","Zm00001eb140330"
"8908","Zm00001eb124420"
"8909","Zm00001eb130870"
"8910","Zm00001eb161310"
"8911","Zm00001eb118940"
"8912","Zm00001eb119780"
"8913","Zm00001eb128290"
"8914","Zm00001eb130700"
"8915","Zm00001eb153170"
"8916","Zm00001eb135740"
"8917","Zm00001eb148300"
"8918","Zm00001eb119080"
"8919","Zm00001eb154630"
"8920","Zm00001eb124020"
"8921","Zm00001eb124440"
"8922","Zm00001eb130760"
"8923","Zm00001eb159200"
"8924","Zm00001eb133570"
"8925","Zm00001eb148160"
"8926","Zm00001eb160500"
"8927","Zm00001eb125470"
"8928","Zm00001eb124790"
"8929","Zm00001eb154280"
"8930","Zm00001eb120710"
"8931","Zm00001eb130640"
"8932","Zm00001eb142300"
"8933","Zm00001eb143240"
"8934","Zm00001eb149900"
"8935","Zm00001eb150810"
"8936","Zm00001eb145520"
"8937","Zm00001eb133530"
"8938","Zm00001eb156640"
"8939","Zm00001eb158420"
"8940","Zm00001eb159970"
"8941","Zm00001eb150290"
"8942","Zm00001eb160250"
"8943","Zm00001eb147380"
"8944","Zm00001eb147200"
"8945","Zm00001eb146560"
"8946","Zm00001eb154040"
"8947","Zm00001eb143450"
"8948","Zm00001eb123340"
"8949","Zm00001eb126880"
"8950","Zm00001eb146270"
"8951","Zm00001eb163000"
"8952","Zm00001eb137060"
"8953","Zm00001eb147750"
"8954","Zm00001eb153910"
"8955","Zm00001eb121270"
"8956","Zm00001eb143370"
"8957","Zm00001eb151140"
"8958","Zm00001eb126360"
"8959","Zm00001eb122000"
"8960","Zm00001eb159470"
"8961","Zm00001eb140700"
"8962","Zm00001eb160010"
"8963","Zm00001eb130690"
"8964","Zm00001eb146890"
"8965","Zm00001eb159140"
"8966","Zm00001eb162250"
"8967","Zm00001eb131370"
"8968","Zm00001eb150160"
"8969","Zm00001eb158650"
"8970","Zm00001eb152510"
"8971","Zm00001eb136880"
"8972","Zm00001eb130510"
"8973","Zm00001eb133840"
"8974","Zm00001eb163910"
"8975","Zm00001eb142730"
"8976","Zm00001eb141990"
"8977","Zm00001eb159840"
"8978","Zm00001eb124510"
"8979","Zm00001eb120890"
"8980","Zm00001eb145870"
"8981","Zm00001eb132450"
"8982","Zm00001eb160780"
"8983","Zm00001eb142990"
"8984","Zm00001eb131280"
"8985","Zm00001eb127230"
"8986","Zm00001eb155550"
"8987","Zm00001eb152970"
"8988","Zm00001eb133750"
"8989","Zm00001eb136940"
"8990","Zm00001eb159790"
"8991","Zm00001eb144690"
"8992","Zm00001eb161660"
"8993","Zm00001eb157350"
"8994","Zm00001eb159530"
"8995","Zm00001eb141220"
"8996","Zm00001eb136490"
"8997","Zm00001eb127430"
"8998","Zm00001eb163370"
"8999","Zm00001eb144870"
"9000","Zm00001eb149980"
"9001","Zm00001eb119240"
"9002","Zm00001eb160360"
"9003","Zm00001eb143620"
"9004","Zm00001eb145740"
"9005","Zm00001eb152270"
"9006","Zm00001eb128890"
"9007","Zm00001eb126830"
"9008","Zm00001eb148020"
"9009","Zm00001eb139860"
"9010","Zm00001eb158550"
"9011","Zm00001eb140930"
"9012","Zm00001eb163520"
"9013","Zm00001eb147970"
"9014","Zm00001eb146650"
"9015","Zm00001eb138450"
"9016","Zm00001eb148070"
"9017","Zm00001eb121420"
"9018","Zm00001eb157270"
"9019","Zm00001eb147890"
"9020","Zm00001eb154830"
"9021","Zm00001eb159780"
"9022","Zm00001eb145810"
"9023","Zm00001eb123000"
"9024","Zm00001eb146680"
"9025","Zm00001eb154710"
"9026","Zm00001eb141290"
"9027","Zm00001eb148320"
"9028","Zm00001eb140500"
"9029","Zm00001eb159080"
"9030","Zm00001eb126790"
"9031","Zm00001eb153470"
"9032","Zm00001eb121000"
"9033","Zm00001eb135060"
"9034","Zm00001eb142250"
"9035","Zm00001eb144540"
"9036","Zm00001eb120450"
"9037","Zm00001eb161770"
"9038","Zm00001eb139130"
"9039","Zm00001eb137480"
"9040","Zm00001eb156070"
"9041","Zm00001eb151640"
"9042","Zm00001eb121820"
"9043","Zm00001eb134430"
"9044","Zm00001eb157100"
"9045","Zm00001eb160270"
"9046","Zm00001eb126400"
"9047","Zm00001eb144730"
"9048","Zm00001eb138980"
"9049","Zm00001eb141970"
"9050","Zm00001eb162720"
"9051","Zm00001eb153520"
"9052","Zm00001eb153850"
"9053","Zm00001eb142180"
"9054","Zm00001eb157530"
"9055","Zm00001eb155040"
"9056","Zm00001eb140840"
"9057","Zm00001eb124070"
"9058","Zm00001eb146430"
"9059","Zm00001eb121760"
"9060","Zm00001eb159670"
"9061","Zm00001eb155280"
"9062","Zm00001eb149170"
"9063","Zm00001eb152210"
"9064","Zm00001eb123210"
"9065","Zm00001eb152800"
"9066","Zm00001eb127490"
"9067","Zm00001eb157400"
"9068","Zm00001eb156100"
"9069","Zm00001eb118930"
"9070","Zm00001eb127940"
"9071","Zm00001eb157170"
"9072","Zm00001eb156650"
"9073","Zm00001eb154090"
"9074","Zm00001eb153270"
"9075","Zm00001eb140740"
"9076","Zm00001eb135550"
"9077","Zm00001eb129920"
"9078","Zm00001eb145290"
"9079","Zm00001eb153320"
"9080","Zm00001eb143210"
"9081","Zm00001eb126820"
"9082","Zm00001eb153000"
"9083","Zm00001eb157410"
"9084","Zm00001eb139410"
"9085","Zm00001eb149010"
"9086","Zm00001eb138240"
"9087","Zm00001eb118540"
"9088","Zm00001eb124960"
"9089","Zm00001eb134470"
"9090","Zm00001eb163280"
"9091","Zm00001eb144770"
"9092","Zm00001eb138610"
"9093","Zm00001eb123650"
"9094","Zm00001eb155170"
"9095","Zm00001eb120500"
"9096","Zm00001eb152250"
"9097","Zm00001eb129320"
"9098","Zm00001eb134910"
"9099","Zm00001eb146310"
"9100","Zm00001eb124940"
"9101","Zm00001eb135460"
"9102","Zm00001eb134010"
"9103","Zm00001eb155530"
"9104","Zm00001eb133070"
"9105","Zm00001eb143710"
"9106","Zm00001eb132750"
"9107","Zm00001eb130730"
"9108","Zm00001eb155850"
"9109","Zm00001eb140470"
"9110","Zm00001eb141830"
"9111","Zm00001eb128070"
"9112","Zm00001eb148790"
"9113","Zm00001eb152570"
"9114","Zm00001eb122910"
"9115","Zm00001eb137590"
"9116","Zm00001eb119640"
"9117","Zm00001eb149950"
"9118","Zm00001eb122200"
"9119","Zm00001eb136130"
"9120","Zm00001eb138480"
"9121","Zm00001eb157890"
"9122","Zm00001eb121180"
"9123","Zm00001eb137000"
"9124","Zm00001eb154370"
"9125","Zm00001eb158070"
"9126","Zm00001eb125230"
"9127","Zm00001eb138910"
"9128","Zm00001eb149120"
"9129","Zm00001eb145970"
"9130","Zm00001eb142200"
"9131","Zm00001eb128220"
"9132","Zm00001eb142640"
"9133","Zm00001eb158830"
"9134","Zm00001eb119040"
"9135","Zm00001eb157620"
"9136","Zm00001eb157440"
"9137","Zm00001eb129370"
"9138","Zm00001eb137120"
"9139","Zm00001eb159320"
"9140","Zm00001eb133580"
"9141","Zm00001eb135800"
"9142","Zm00001eb154100"
"9143","Zm00001eb124340"
"9144","Zm00001eb141980"
"9145","Zm00001eb142460"
"9146","Zm00001eb142770"
"9147","Zm00001eb148380"
"9148","Zm00001eb128690"
"9149","Zm00001eb159000"
"9150","Zm00001eb138150"
"9151","Zm00001eb155160"
"9152","Zm00001eb142170"
"9153","Zm00001eb159730"
"9154","Zm00001eb135370"
"9155","Zm00001eb140450"
"9156","Zm00001eb146080"
"9157","Zm00001eb153500"
"9158","Zm00001eb142490"
"9159","Zm00001eb160810"
"9160","Zm00001eb140980"
"9161","Zm00001eb120090"
"9162","Zm00001eb152830"
"9163","Zm00001eb145850"
"9164","Zm00001eb139050"
"9165","Zm00001eb152300"
"9166","Zm00001eb121010"
"9167","Zm00001eb147900"
"9168","Zm00001eb154930"
"9169","Zm00001eb160720"
"9170","Zm00001eb159380"
"9171","Zm00001eb124290"
"9172","Zm00001eb145750"
"9173","Zm00001eb148120"
"9174","Zm00001eb134600"
"9175","Zm00001eb127880"
"9176","Zm00001eb146970"
"9177","Zm00001eb156580"
"9178","Zm00001eb151660"
"9179","Zm00001eb128730"
"9180","Zm00001eb135220"
"9181","Zm00001eb153600"
"9182","Zm00001eb131060"
"9183","Zm00001eb160350"
"9184","Zm00001eb123280"
"9185","Zm00001eb130860"
"9186","Zm00001eb155870"
"9187","Zm00001eb140640"
"9188","Zm00001eb155350"
"9189","Zm00001eb122190"
"9190","Zm00001eb152180"
"9191","Zm00001eb157140"
"9192","Zm00001eb147760"
"9193","Zm00001eb145240"
"9194","Zm00001eb119970"
"9195","Zm00001eb131360"
"9196","Zm00001eb118900"
"9197","Zm00001eb123970"
"9198","Zm00001eb130340"
"9199","Zm00001eb129050"
"9200","Zm00001eb146490"
"9201","Zm00001eb156770"
"9202","Zm00001eb140580"
"9203","Zm00001eb133280"
"9204","Zm00001eb153380"
"9205","Zm00001eb140720"
"9206","Zm00001eb144420"
"9207","Zm00001eb148900"
"9208","Zm00001eb141700"
"9209","Zm00001eb120830"
"9210","Zm00001eb137730"
"9211","Zm00001eb119410"
"9212","Zm00001eb138920"
"9213","Zm00001eb145530"
"9214","Zm00001eb158970"
"9215","Zm00001eb146450"
"9216","Zm00001eb140270"
"9217","Zm00001eb143390"
"9218","Zm00001eb157980"
"9219","Zm00001eb159760"
"9220","Zm00001eb160490"
"9221","Zm00001eb158850"
"9222","Zm00001eb128800"
"9223","Zm00001eb161700"
"9224","Zm00001eb121060"
"9225","Zm00001eb118810"
"9226","Zm00001eb162090"
"9227","Zm00001eb124210"
"9228","Zm00001eb139930"
"9229","Zm00001eb156020"
"9230","Zm00001eb124680"
"9231","Zm00001eb122270"
"9232","Zm00001eb121470"
"9233","Zm00001eb157830"
"9234","Zm00001eb143300"
"9235","Zm00001eb137960"
"9236","Zm00001eb147370"
"9237","Zm00001eb163470"
"9238","Zm00001eb129790"
"9239","Zm00001eb149130"
"9240","Zm00001eb155920"
"9241","Zm00001eb150840"
"9242","Zm00001eb132140"
"9243","Zm00001eb152340"
"9244","Zm00001eb135650"
"9245","Zm00001eb151220"
"9246","Zm00001eb161550"
"9247","Zm00001eb157090"
"9248","Zm00001eb160680"
"9249","Zm00001eb143680"
"9250","Zm00001eb137430"
"9251","Zm00001eb143520"
"9252","Zm00001eb121370"
"9253","Zm00001eb144170"
"9254","Zm00001eb124920"
"9255","Zm00001eb132940"
"9256","Zm00001eb150970"
"9257","Zm00001eb129960"
"9258","Zm00001eb162960"
"9259","Zm00001eb146190"
"9260","Zm00001eb161320"
"9261","Zm00001eb124430"
"9262","Zm00001eb127760"
"9263","Zm00001eb157790"
"9264","Zm00001eb153340"
"9265","Zm00001eb163390"
"9266","Zm00001eb157650"
"9267","Zm00001eb141480"
"9268","Zm00001eb150090"
"9269","Zm00001eb128990"
"9270","Zm00001eb122980"
"9271","Zm00001eb153830"
"9272","Zm00001eb121910"
"9273","Zm00001eb123730"
"9274","Zm00001eb149700"
"9275","Zm00001eb143960"
"9276","Zm00001eb135470"
"9277","Zm00001eb133480"
"9278","Zm00001eb125990"
"9279","Zm00001eb160380"
"9280","Zm00001eb157500"
"9281","Zm00001eb146550"
"9282","Zm00001eb127720"
"9283","Zm00001eb138410"
"9284","Zm00001eb137280"
"9285","Zm00001eb164040"
"9286","Zm00001eb124630"
"9287","Zm00001eb141910"
"9288","Zm00001eb140890"
"9289","Zm00001eb161170"
"9290","Zm00001eb161640"
"9291","Zm00001eb149960"
"9292","Zm00001eb164120"
"9293","Zm00001eb139400"
"9294","Zm00001eb159110"
"9295","Zm00001eb122920"
"9296","Zm00001eb124780"
"9297","Zm00001eb147080"
"9298","Zm00001eb127150"
"9299","Zm00001eb135840"
"9300","Zm00001eb144240"
"9301","Zm00001eb119820"
"9302","Zm00001eb145140"
"9303","Zm00001eb119060"
"9304","Zm00001eb128570"
"9305","Zm00001eb130220"
"9306","Zm00001eb144300"
"9307","Zm00001eb156710"
"9308","Zm00001eb162270"
"9309","Zm00001eb135590"
"9310","Zm00001eb127200"
"9311","Zm00001eb122670"
"9312","Zm00001eb122340"
"9313","Zm00001eb130820"
"9314","Zm00001eb148090"
"9315","Zm00001eb147290"
"9316","Zm00001eb134650"
"9317","Zm00001eb152010"
"9318","Zm00001eb143170"
"9319","Zm00001eb153180"
"9320","Zm00001eb133860"
"9321","Zm00001eb126500"
"9322","Zm00001eb153700"
"9323","Zm00001eb141940"
"9324","Zm00001eb146250"
"9325","Zm00001eb131050"
"9326","Zm00001eb132680"
"9327","Zm00001eb149270"
"9328","Zm00001eb150370"
"9329","Zm00001eb121390"
"9330","Zm00001eb150020"
"9331","Zm00001eb136330"
"9332","Zm00001eb131880"
"9333","Zm00001eb125460"
"9334","Zm00001eb135980"
"9335","Zm00001eb121900"
"9336","Zm00001eb155780"
"9337","Zm00001eb149610"
"9338","Zm00001eb153930"
"9339","Zm00001eb140730"
"9340","Zm00001eb145490"
"9341","Zm00001eb164240"
"9342","Zm00001eb160660"
"9343","Zm00001eb144370"
"9344","Zm00001eb161780"
"9345","Zm00001eb148220"
"9346","Zm00001eb152520"
"9347","Zm00001eb153040"
"9348","Zm00001eb123360"
"9349","Zm00001eb127110"
"9350","Zm00001eb122290"
"9351","Zm00001eb140030"
"9352","Zm00001eb149920"
"9353","Zm00001eb143640"
"9354","Zm00001eb148950"
"9355","Zm00001eb132610"
"9356","Zm00001eb145560"
"9357","Zm00001eb126290"
"9358","Zm00001eb158200"
"9359","Zm00001eb159500"
"9360","Zm00001eb157720"
"9361","Zm00001eb154290"
"9362","Zm00001eb121050"
"9363","Zm00001eb153330"
"9364","Zm00001eb137610"
"9365","Zm00001eb136460"
"9366","Zm00001eb147930"
"9367","Zm00001eb127770"
"9368","Zm00001eb160750"
"9369","Zm00001eb154530"
"9370","Zm00001eb156870"
"9371","Zm00001eb159820"
"9372","Zm00001eb145900"
"9373","Zm00001eb125340"
"9374","Zm00001eb151360"
"9375","Zm00001eb121540"
"9376","Zm00001eb122950"
"9377","Zm00001eb134700"
"9378","Zm00001eb119880"
"9379","Zm00001eb127280"
"9380","Zm00001eb149820"
"9381","Zm00001eb135400"
"9382","Zm00001eb151300"
"9383","Zm00001eb135930"
"9384","Zm00001eb152350"
"9385","Zm00001eb119710"
"9386","Zm00001eb131230"
"9387","Zm00001eb151480"
"9388","Zm00001eb151540"
"9389","Zm00001eb156930"
"9390","Zm00001eb126840"
"9391","Zm00001eb121510"
"9392","Zm00001eb119270"
"9393","Zm00001eb156060"
"9394","Zm00001eb121480"
"9395","Zm00001eb159890"
"9396","Zm00001eb146160"
"9397","Zm00001eb147320"
"9398","Zm00001eb149680"
"9399","Zm00001eb152860"
"9400","Zm00001eb121300"
"9401","Zm00001eb149530"
"9402","Zm00001eb162790"
"9403","Zm00001eb150100"
"9404","Zm00001eb131790"
"9405","Zm00001eb157570"
"9406","Zm00001eb159770"
"9407","Zm00001eb122750"
"9408","Zm00001eb163530"
"9409","Zm00001eb147050"
"9410","Zm00001eb150150"
"9411","Zm00001eb131000"
"9412","Zm00001eb146620"
"9413","Zm00001eb122890"
"9414","Zm00001eb145500"
"9415","Zm00001eb212460"
"9416","Zm00001eb249910"
"9417","Zm00001eb222310"
"9418","Zm00001eb256350"
"9419","Zm00001eb224250"
"9420","Zm00001eb229070"
"9421","Zm00001eb232140"
"9422","Zm00001eb210550"
"9423","Zm00001eb217790"
"9424","Zm00001eb233510"
"9425","Zm00001eb239050"
"9426","Zm00001eb232400"
"9427","Zm00001eb233060"
"9428","Zm00001eb244130"
"9429","Zm00001eb223290"
"9430","Zm00001eb249680"
"9431","Zm00001eb254410"
"9432","Zm00001eb218020"
"9433","Zm00001eb216910"
"9434","Zm00001eb258210"
"9435","Zm00001eb222860"
"9436","Zm00001eb233200"
"9437","Zm00001eb213430"
"9438","Zm00001eb258320"
"9439","Zm00001eb217550"
"9440","Zm00001eb257390"
"9441","Zm00001eb233350"
"9442","Zm00001eb226150"
"9443","Zm00001eb227930"
"9444","Zm00001eb223800"
"9445","Zm00001eb246600"
"9446","Zm00001eb243700"
"9447","Zm00001eb219750"
"9448","Zm00001eb238390"
"9449","Zm00001eb216680"
"9450","Zm00001eb213700"
"9451","Zm00001eb246740"
"9452","Zm00001eb211960"
"9453","Zm00001eb214580"
"9454","Zm00001eb216080"
"9455","Zm00001eb250140"
"9456","Zm00001eb226870"
"9457","Zm00001eb251410"
"9458","Zm00001eb253500"
"9459","Zm00001eb250800"
"9460","Zm00001eb258600"
"9461","Zm00001eb225510"
"9462","Zm00001eb247040"
"9463","Zm00001eb222650"
"9464","Zm00001eb242340"
"9465","Zm00001eb213250"
"9466","Zm00001eb245110"
"9467","Zm00001eb228830"
"9468","Zm00001eb253570"
"9469","Zm00001eb259470"
"9470","Zm00001eb214290"
"9471","Zm00001eb231830"
"9472","Zm00001eb255550"
"9473","Zm00001eb218540"
"9474","Zm00001eb223160"
"9475","Zm00001eb258950"
"9476","Zm00001eb224730"
"9477","Zm00001eb257920"
"9478","Zm00001eb216240"
"9479","Zm00001eb244010"
"9480","Zm00001eb221870"
"9481","Zm00001eb241290"
"9482","Zm00001eb210780"
"9483","Zm00001eb228620"
"9484","Zm00001eb259400"
"9485","Zm00001eb230550"
"9486","Zm00001eb230480"
"9487","Zm00001eb210470"
"9488","Zm00001eb235980"
"9489","Zm00001eb233820"
"9490","Zm00001eb219580"
"9491","Zm00001eb246870"
"9492","Zm00001eb238370"
"9493","Zm00001eb244230"
"9494","Zm00001eb241130"
"9495","Zm00001eb248880"
"9496","Zm00001eb234500"
"9497","Zm00001eb210390"
"9498","Zm00001eb229500"
"9499","Zm00001eb250760"
"9500","Zm00001eb225650"
"9501","Zm00001eb242460"
"9502","Zm00001eb215290"
"9503","Zm00001eb211390"
"9504","Zm00001eb232960"
"9505","Zm00001eb235200"
"9506","Zm00001eb223390"
"9507","Zm00001eb231500"
"9508","Zm00001eb256740"
"9509","Zm00001eb246040"
"9510","Zm00001eb220850"
"9511","Zm00001eb222340"
"9512","Zm00001eb221620"
"9513","Zm00001eb246800"
"9514","Zm00001eb244410"
"9515","Zm00001eb211690"
"9516","Zm00001eb236990"
"9517","Zm00001eb245590"
"9518","Zm00001eb214670"
"9519","Zm00001eb226510"
"9520","Zm00001eb212990"
"9521","Zm00001eb212270"
"9522","Zm00001eb225410"
"9523","Zm00001eb212760"
"9524","Zm00001eb225840"
"9525","Zm00001eb245390"
"9526","Zm00001eb214840"
"9527","Zm00001eb250030"
"9528","Zm00001eb234860"
"9529","Zm00001eb250100"
"9530","Zm00001eb214070"
"9531","Zm00001eb249870"
"9532","Zm00001eb226210"
"9533","Zm00001eb242690"
"9534","Zm00001eb227320"
"9535","Zm00001eb245160"
"9536","Zm00001eb249160"
"9537","Zm00001eb220360"
"9538","Zm00001eb225130"
"9539","Zm00001eb255570"
"9540","Zm00001eb255110"
"9541","Zm00001eb229660"
"9542","Zm00001eb248580"
"9543","Zm00001eb219240"
"9544","Zm00001eb221150"
"9545","Zm00001eb226320"
"9546","Zm00001eb226390"
"9547","Zm00001eb227040"
"9548","Zm00001eb210460"
"9549","Zm00001eb224040"
"9550","Zm00001eb228930"
"9551","Zm00001eb251910"
"9552","Zm00001eb251310"
"9553","Zm00001eb252390"
"9554","Zm00001eb212030"
"9555","Zm00001eb255780"
"9556","Zm00001eb232170"
"9557","Zm00001eb210540"
"9558","Zm00001eb226830"
"9559","Zm00001eb250480"
"9560","Zm00001eb231610"
"9561","Zm00001eb237590"
"9562","Zm00001eb222840"
"9563","Zm00001eb249700"
"9564","Zm00001eb252060"
"9565","Zm00001eb220250"
"9566","Zm00001eb246750"
"9567","Zm00001eb229260"
"9568","Zm00001eb216410"
"9569","Zm00001eb246430"
"9570","Zm00001eb246180"
"9571","Zm00001eb245240"
"9572","Zm00001eb246360"
"9573","Zm00001eb227850"
"9574","Zm00001eb256520"
"9575","Zm00001eb233500"
"9576","Zm00001eb259140"
"9577","Zm00001eb233030"
"9578","Zm00001eb217060"
"9579","Zm00001eb258770"
"9580","Zm00001eb217950"
"9581","Zm00001eb235230"
"9582","Zm00001eb217240"
"9583","Zm00001eb214860"
"9584","Zm00001eb213500"
"9585","Zm00001eb253970"
"9586","Zm00001eb218190"
"9587","Zm00001eb247590"
"9588","Zm00001eb254350"
"9589","Zm00001eb217090"
"9590","Zm00001eb219510"
"9591","Zm00001eb254950"
"9592","Zm00001eb216280"
"9593","Zm00001eb241510"
"9594","Zm00001eb214970"
"9595","Zm00001eb232240"
"9596","Zm00001eb231050"
"9597","Zm00001eb215210"
"9598","Zm00001eb222880"
"9599","Zm00001eb257000"
"9600","Zm00001eb252880"
"9601","Zm00001eb252490"
"9602","Zm00001eb214520"
"9603","Zm00001eb216540"
"9604","Zm00001eb246220"
"9605","Zm00001eb225540"
"9606","Zm00001eb229290"
"9607","Zm00001eb218590"
"9608","Zm00001eb248310"
"9609","Zm00001eb237930"
"9610","Zm00001eb219400"
"9611","Zm00001eb223190"
"9612","Zm00001eb230510"
"9613","Zm00001eb226730"
"9614","Zm00001eb240380"
"9615","Zm00001eb212300"
"9616","Zm00001eb220940"
"9617","Zm00001eb259280"
"9618","Zm00001eb241310"
"9619","Zm00001eb257640"
"9620","Zm00001eb235850"
"9621","Zm00001eb257770"
"9622","Zm00001eb253190"
"9623","Zm00001eb211500"
"9624","Zm00001eb210510"
"9625","Zm00001eb213820"
"9626","Zm00001eb249940"
"9627","Zm00001eb226660"
"9628","Zm00001eb232410"
"9629","Zm00001eb256290"
"9630","Zm00001eb229640"
"9631","Zm00001eb249840"
"9632","Zm00001eb238060"
"9633","Zm00001eb223300"
"9634","Zm00001eb215710"
"9635","Zm00001eb217230"
"9636","Zm00001eb253050"
"9637","Zm00001eb240970"
"9638","Zm00001eb255750"
"9639","Zm00001eb223850"
"9640","Zm00001eb215430"
"9641","Zm00001eb257160"
"9642","Zm00001eb233290"
"9643","Zm00001eb212010"
"9644","Zm00001eb232520"
"9645","Zm00001eb258820"
"9646","Zm00001eb230050"
"9647","Zm00001eb215300"
"9648","Zm00001eb237340"
"9649","Zm00001eb258180"
"9650","Zm00001eb219330"
"9651","Zm00001eb224050"
"9652","Zm00001eb257480"
"9653","Zm00001eb210650"
"9654","Zm00001eb254630"
"9655","Zm00001eb250230"
"9656","Zm00001eb233650"
"9657","Zm00001eb244600"
"9658","Zm00001eb210560"
"9659","Zm00001eb230820"
"9660","Zm00001eb217860"
"9661","Zm00001eb224520"
"9662","Zm00001eb251210"
"9663","Zm00001eb235420"
"9664","Zm00001eb212410"
"9665","Zm00001eb211700"
"9666","Zm00001eb245580"
"9667","Zm00001eb238890"
"9668","Zm00001eb239300"
"9669","Zm00001eb231370"
"9670","Zm00001eb216000"
"9671","Zm00001eb236410"
"9672","Zm00001eb226060"
"9673","Zm00001eb259270"
"9674","Zm00001eb226240"
"9675","Zm00001eb232610"
"9676","Zm00001eb241010"
"9677","Zm00001eb249290"
"9678","Zm00001eb233600"
"9679","Zm00001eb243590"
"9680","Zm00001eb240100"
"9681","Zm00001eb227780"
"9682","Zm00001eb247020"
"9683","Zm00001eb242680"
"9684","Zm00001eb223630"
"9685","Zm00001eb231490"
"9686","Zm00001eb221650"
"9687","Zm00001eb256560"
"9688","Zm00001eb248610"
"9689","Zm00001eb241400"
"9690","Zm00001eb257250"
"9691","Zm00001eb245690"
"9692","Zm00001eb227220"
"9693","Zm00001eb227030"
"9694","Zm00001eb224550"
"9695","Zm00001eb225850"
"9696","Zm00001eb226120"
"9697","Zm00001eb249030"
"9698","Zm00001eb246390"
"9699","Zm00001eb212190"
"9700","Zm00001eb238900"
"9701","Zm00001eb238120"
"9702","Zm00001eb226600"
"9703","Zm00001eb243530"
"9704","Zm00001eb249220"
"9705","Zm00001eb234620"
"9706","Zm00001eb259070"
"9707","Zm00001eb224610"
"9708","Zm00001eb255600"
"9709","Zm00001eb212960"
"9710","Zm00001eb257620"
"9711","Zm00001eb217140"
"9712","Zm00001eb242630"
"9713","Zm00001eb214440"
"9714","Zm00001eb234960"
"9715","Zm00001eb252010"
"9716","Zm00001eb216550"
"9717","Zm00001eb228860"
"9718","Zm00001eb259670"
"9719","Zm00001eb259380"
"9720","Zm00001eb225320"
"9721","Zm00001eb215000"
"9722","Zm00001eb218630"
"9723","Zm00001eb241810"
"9724","Zm00001eb248900"
"9725","Zm00001eb252850"
"9726","Zm00001eb241660"
"9727","Zm00001eb217210"
"9728","Zm00001eb212340"
"9729","Zm00001eb213660"
"9730","Zm00001eb258390"
"9731","Zm00001eb219960"
"9732","Zm00001eb243050"
"9733","Zm00001eb210680"
"9734","Zm00001eb231170"
"9735","Zm00001eb211410"
"9736","Zm00001eb244030"
"9737","Zm00001eb241240"
"9738","Zm00001eb216420"
"9739","Zm00001eb220840"
"9740","Zm00001eb238670"
"9741","Zm00001eb221810"
"9742","Zm00001eb212420"
"9743","Zm00001eb218710"
"9744","Zm00001eb243380"
"9745","Zm00001eb236320"
"9746","Zm00001eb216780"
"9747","Zm00001eb214330"
"9748","Zm00001eb244200"
"9749","Zm00001eb229510"
"9750","Zm00001eb211220"
"9751","Zm00001eb239740"
"9752","Zm00001eb238510"
"9753","Zm00001eb229630"
"9754","Zm00001eb246170"
"9755","Zm00001eb232710"
"9756","Zm00001eb217070"
"9757","Zm00001eb218750"
"9758","Zm00001eb230750"
"9759","Zm00001eb247320"
"9760","Zm00001eb216810"
"9761","Zm00001eb256610"
"9762","Zm00001eb236520"
"9763","Zm00001eb246760"
"9764","Zm00001eb246120"
"9765","Zm00001eb242720"
"9766","Zm00001eb244080"
"9767","Zm00001eb232220"
"9768","Zm00001eb255120"
"9769","Zm00001eb238990"
"9770","Zm00001eb247810"
"9771","Zm00001eb259130"
"9772","Zm00001eb221140"
"9773","Zm00001eb253090"
"9774","Zm00001eb229250"
"9775","Zm00001eb225390"
"9776","Zm00001eb249260"
"9777","Zm00001eb235330"
"9778","Zm00001eb252050"
"9779","Zm00001eb227700"
"9780","Zm00001eb222750"
"9781","Zm00001eb211170"
"9782","Zm00001eb210980"
"9783","Zm00001eb216260"
"9784","Zm00001eb248020"
"9785","Zm00001eb253510"
"9786","Zm00001eb236910"
"9787","Zm00001eb258100"
"9788","Zm00001eb227150"
"9789","Zm00001eb258130"
"9790","Zm00001eb230110"
"9791","Zm00001eb257010"
"9792","Zm00001eb239910"
"9793","Zm00001eb211720"
"9794","Zm00001eb227730"
"9795","Zm00001eb256550"
"9796","Zm00001eb248300"
"9797","Zm00001eb247070"
"9798","Zm00001eb212900"
"9799","Zm00001eb246650"
"9800","Zm00001eb259310"
"9801","Zm00001eb224170"
"9802","Zm00001eb249350"
"9803","Zm00001eb246730"
"9804","Zm00001eb224490"
"9805","Zm00001eb228190"
"9806","Zm00001eb241910"
"9807","Zm00001eb234610"
"9808","Zm00001eb239390"
"9809","Zm00001eb240010"
"9810","Zm00001eb230230"
"9811","Zm00001eb251580"
"9812","Zm00001eb233090"
"9813","Zm00001eb254090"
"9814","Zm00001eb232030"
"9815","Zm00001eb251100"
"9816","Zm00001eb257880"
"9817","Zm00001eb231410"
"9818","Zm00001eb247720"
"9819","Zm00001eb210530"
"9820","Zm00001eb253780"
"9821","Zm00001eb251040"
"9822","Zm00001eb221850"
"9823","Zm00001eb250280"
"9824","Zm00001eb220010"
"9825","Zm00001eb215220"
"9826","Zm00001eb215440"
"9827","Zm00001eb222550"
"9828","Zm00001eb229740"
"9829","Zm00001eb211480"
"9830","Zm00001eb252240"
"9831","Zm00001eb257130"
"9832","Zm00001eb238380"
"9833","Zm00001eb231770"
"9834","Zm00001eb231220"
"9835","Zm00001eb246000"
"9836","Zm00001eb259110"
"9837","Zm00001eb226720"
"9838","Zm00001eb223040"
"9839","Zm00001eb246250"
"9840","Zm00001eb219770"
"9841","Zm00001eb218000"
"9842","Zm00001eb212840"
"9843","Zm00001eb212470"
"9844","Zm00001eb256900"
"9845","Zm00001eb225620"
"9846","Zm00001eb244100"
"9847","Zm00001eb246990"
"9848","Zm00001eb227660"
"9849","Zm00001eb212250"
"9850","Zm00001eb212930"
"9851","Zm00001eb255340"
"9852","Zm00001eb219670"
"9853","Zm00001eb253890"
"9854","Zm00001eb211900"
"9855","Zm00001eb228570"
"9856","Zm00001eb229140"
"9857","Zm00001eb231880"
"9858","Zm00001eb253250"
"9859","Zm00001eb254940"
"9860","Zm00001eb223090"
"9861","Zm00001eb221180"
"9862","Zm00001eb223860"
"9863","Zm00001eb228010"
"9864","Zm00001eb218880"
"9865","Zm00001eb215900"
"9866","Zm00001eb223460"
"9867","Zm00001eb229460"
"9868","Zm00001eb254100"
"9869","Zm00001eb210450"
"9870","Zm00001eb249060"
"9871","Zm00001eb228120"
"9872","Zm00001eb250670"
"9873","Zm00001eb257690"
"9874","Zm00001eb242730"
"9875","Zm00001eb232070"
"9876","Zm00001eb210740"
"9877","Zm00001eb228700"
"9878","Zm00001eb232580"
"9879","Zm00001eb251500"
"9880","Zm00001eb224950"
"9881","Zm00001eb243890"
"9882","Zm00001eb234080"
"9883","Zm00001eb259480"
"9884","Zm00001eb233690"
"9885","Zm00001eb215030"
"9886","Zm00001eb239500"
"9887","Zm00001eb240820"
"9888","Zm00001eb239770"
"9889","Zm00001eb229410"
"9890","Zm00001eb221600"
"9891","Zm00001eb211440"
"9892","Zm00001eb253800"
"9893","Zm00001eb242870"
"9894","Zm00001eb246300"
"9895","Zm00001eb256450"
"9896","Zm00001eb252940"
"9897","Zm00001eb253850"
"9898","Zm00001eb258830"
"9899","Zm00001eb225020"
"9900","Zm00001eb248940"
"9901","Zm00001eb250630"
"9902","Zm00001eb218390"
"9903","Zm00001eb232950"
"9904","Zm00001eb210380"
"9905","Zm00001eb244760"
"9906","Zm00001eb255530"
"9907","Zm00001eb248590"
"9908","Zm00001eb247170"
"9909","Zm00001eb243010"
"9910","Zm00001eb214910"
"9911","Zm00001eb250390"
"9912","Zm00001eb218090"
"9913","Zm00001eb220120"
"9914","Zm00001eb230770"
"9915","Zm00001eb212720"
"9916","Zm00001eb246080"
"9917","Zm00001eb231120"
"9918","Zm00001eb244540"
"9919","Zm00001eb227380"
"9920","Zm00001eb229120"
"9921","Zm00001eb218320"
"9922","Zm00001eb237700"
"9923","Zm00001eb221340"
"9924","Zm00001eb220750"
"9925","Zm00001eb254280"
"9926","Zm00001eb246640"
"9927","Zm00001eb236360"
"9928","Zm00001eb249360"
"9929","Zm00001eb255970"
"9930","Zm00001eb258990"
"9931","Zm00001eb258440"
"9932","Zm00001eb227950"
"9933","Zm00001eb255690"
"9934","Zm00001eb215970"
"9935","Zm00001eb240640"
"9936","Zm00001eb246210"
"9937","Zm00001eb231250"
"9938","Zm00001eb246010"
"9939","Zm00001eb254850"
"9940","Zm00001eb220800"
"9941","Zm00001eb215320"
"9942","Zm00001eb224440"
"9943","Zm00001eb256650"
"9944","Zm00001eb258230"
"9945","Zm00001eb214610"
"9946","Zm00001eb247060"
"9947","Zm00001eb237060"
"9948","Zm00001eb253280"
"9949","Zm00001eb237390"
"9950","Zm00001eb231620"
"9951","Zm00001eb250740"
"9952","Zm00001eb211610"
"9953","Zm00001eb221560"
"9954","Zm00001eb228510"
"9955","Zm00001eb210490"
"9956","Zm00001eb215610"
"9957","Zm00001eb258900"
"9958","Zm00001eb215420"
"9959","Zm00001eb215920"
"9960","Zm00001eb217410"
"9961","Zm00001eb242930"
"9962","Zm00001eb231020"
"9963","Zm00001eb241300"
"9964","Zm00001eb237820"
"9965","Zm00001eb237200"
"9966","Zm00001eb213050"
"9967","Zm00001eb239880"
"9968","Zm00001eb236960"
"9969","Zm00001eb255830"
"9970","Zm00001eb223670"
"9971","Zm00001eb214870"
"9972","Zm00001eb257380"
"9973","Zm00001eb248630"
"9974","Zm00001eb251230"
"9975","Zm00001eb243920"
"9976","Zm00001eb222330"
"9977","Zm00001eb229400"
"9978","Zm00001eb254060"
"9979","Zm00001eb217340"
"9980","Zm00001eb229520"
"9981","Zm00001eb210820"
"9982","Zm00001eb250580"
"9983","Zm00001eb241230"
"9984","Zm00001eb242450"
"9985","Zm00001eb257300"
"9986","Zm00001eb251190"
"9987","Zm00001eb243040"
"9988","Zm00001eb238770"
"9989","Zm00001eb215450"
"9990","Zm00001eb214000"
"9991","Zm00001eb231180"
"9992","Zm00001eb225570"
"9993","Zm00001eb239560"
"9994","Zm00001eb232720"
"9995","Zm00001eb227400"
"9996","Zm00001eb259580"
"9997","Zm00001eb220370"
"9998","Zm00001eb233920"
"9999","Zm00001eb233770"
"10000","Zm00001eb238600"
"10001","Zm00001eb221820"
"10002","Zm00001eb244090"
"10003","Zm00001eb228970"
"10004","Zm00001eb239170"
"10005","Zm00001eb253080"
"10006","Zm00001eb212200"
"10007","Zm00001eb243840"
"10008","Zm00001eb237190"
"10009","Zm00001eb219220"
"10010","Zm00001eb247330"
"10011","Zm00001eb224370"
"10012","Zm00001eb222730"
"10013","Zm00001eb238080"
"10014","Zm00001eb221130"
"10015","Zm00001eb221290"
"10016","Zm00001eb240700"
"10017","Zm00001eb221100"
"10018","Zm00001eb228410"
"10019","Zm00001eb250590"
"10020","Zm00001eb247890"
"10021","Zm00001eb255380"
"10022","Zm00001eb227130"
"10023","Zm00001eb232190"
"10024","Zm00001eb258170"
"10025","Zm00001eb250190"
"10026","Zm00001eb240960"
"10027","Zm00001eb221690"
"10028","Zm00001eb211430"
"10029","Zm00001eb249960"
"10030","Zm00001eb212180"
"10031","Zm00001eb231290"
"10032","Zm00001eb258110"
"10033","Zm00001eb230100"
"10034","Zm00001eb222710"
"10035","Zm00001eb234390"
"10036","Zm00001eb243540"
"10037","Zm00001eb253410"
"10038","Zm00001eb217970"
"10039","Zm00001eb255590"
"10040","Zm00001eb217750"
"10041","Zm00001eb248720"
"10042","Zm00001eb256540"
"10043","Zm00001eb224290"
"10044","Zm00001eb258550"
"10045","Zm00001eb219320"
"10046","Zm00001eb257850"
"10047","Zm00001eb222220"
"10048","Zm00001eb259660"
"10049","Zm00001eb210660"
"10050","Zm00001eb220820"
"10051","Zm00001eb229310"
"10052","Zm00001eb259300"
"10053","Zm00001eb243750"
"10054","Zm00001eb237760"
"10055","Zm00001eb244110"
"10056","Zm00001eb217080"
"10057","Zm00001eb210520"
"10058","Zm00001eb210610"
"10059","Zm00001eb227070"
"10060","Zm00001eb230780"
"10061","Zm00001eb232230"
"10062","Zm00001eb215130"
"10063","Zm00001eb237480"
"10064","Zm00001eb229050"
"10065","Zm00001eb235860"
"10066","Zm00001eb233880"
"10067","Zm00001eb212700"
"10068","Zm00001eb211330"
"10069","Zm00001eb249040"
"10070","Zm00001eb225000"
"10071","Zm00001eb216070"
"10072","Zm00001eb259080"
"10073","Zm00001eb211050"
"10074","Zm00001eb241110"
"10075","Zm00001eb216390"
"10076","Zm00001eb217290"
"10077","Zm00001eb232490"
"10078","Zm00001eb231230"
"10079","Zm00001eb223270"
"10080","Zm00001eb227540"
"10081","Zm00001eb239920"
"10082","Zm00001eb245220"
"10083","Zm00001eb236830"
"10084","Zm00001eb246560"
"10085","Zm00001eb242600"
"10086","Zm00001eb244520"
"10087","Zm00001eb250780"
"10088","Zm00001eb233240"
"10089","Zm00001eb256270"
"10090","Zm00001eb248040"
"10091","Zm00001eb224720"
"10092","Zm00001eb231700"
"10093","Zm00001eb211910"
"10094","Zm00001eb234770"
"10095","Zm00001eb233830"
"10096","Zm00001eb228140"
"10097","Zm00001eb243440"
"10098","Zm00001eb210760"
"10099","Zm00001eb240160"
"10100","Zm00001eb240020"
"10101","Zm00001eb233490"
"10102","Zm00001eb244920"
"10103","Zm00001eb256500"
"10104","Zm00001eb210850"
"10105","Zm00001eb212330"
"10106","Zm00001eb212610"
"10107","Zm00001eb258470"
"10108","Zm00001eb230890"
"10109","Zm00001eb241920"
"10110","Zm00001eb223430"
"10111","Zm00001eb259540"
"10112","Zm00001eb228300"
"10113","Zm00001eb223550"
"10114","Zm00001eb212530"
"10115","Zm00001eb241150"
"10116","Zm00001eb254430"
"10117","Zm00001eb257590"
"10118","Zm00001eb243970"
"10119","Zm00001eb249690"
"10120","Zm00001eb224940"
"10121","Zm00001eb226450"
"10122","Zm00001eb251880"
"10123","Zm00001eb215670"
"10124","Zm00001eb220090"
"10125","Zm00001eb215380"
"10126","Zm00001eb213610"
"10127","Zm00001eb246230"
"10128","Zm00001eb230170"
"10129","Zm00001eb219360"
"10130","Zm00001eb210370"
"10131","Zm00001eb243740"
"10132","Zm00001eb233450"
"10133","Zm00001eb214040"
"10134","Zm00001eb212970"
"10135","Zm00001eb221590"
"10136","Zm00001eb250730"
"10137","Zm00001eb231810"
"10138","Zm00001eb228040"
"10139","Zm00001eb253700"
"10140","Zm00001eb237810"
"10141","Zm00001eb257320"
"10142","Zm00001eb243020"
"10143","Zm00001eb245740"
"10144","Zm00001eb244840"
"10145","Zm00001eb255190"
"10146","Zm00001eb235400"
"10147","Zm00001eb243580"
"10148","Zm00001eb215480"
"10149","Zm00001eb221160"
"10150","Zm00001eb232160"
"10151","Zm00001eb215460"
"10152","Zm00001eb228270"
"10153","Zm00001eb232660"
"10154","Zm00001eb218110"
"10155","Zm00001eb224120"
"10156","Zm00001eb254040"
"10157","Zm00001eb244220"
"10158","Zm00001eb246630"
"10159","Zm00001eb255090"
"10160","Zm00001eb217180"
"10161","Zm00001eb251320"
"10162","Zm00001eb223200"
"10163","Zm00001eb259000"
"10164","Zm00001eb214420"
"10165","Zm00001eb218890"
"10166","Zm00001eb236370"
"10167","Zm00001eb240670"
"10168","Zm00001eb228160"
"10169","Zm00001eb251620"
"10170","Zm00001eb215890"
"10171","Zm00001eb211660"
"10172","Zm00001eb259680"
"10173","Zm00001eb230250"
"10174","Zm00001eb214240"
"10175","Zm00001eb258750"
"10176","Zm00001eb257110"
"10177","Zm00001eb251380"
"10178","Zm00001eb210730"
"10179","Zm00001eb210960"
"10180","Zm00001eb242740"
"10181","Zm00001eb211150"
"10182","Zm00001eb213980"
"10183","Zm00001eb210200"
"10184","Zm00001eb225150"
"10185","Zm00001eb213960"
"10186","Zm00001eb245340"
"10187","Zm00001eb241390"
"10188","Zm00001eb225920"
"10189","Zm00001eb250050"
"10190","Zm00001eb248070"
"10191","Zm00001eb231860"
"10192","Zm00001eb227790"
"10193","Zm00001eb228500"
"10194","Zm00001eb253160"
"10195","Zm00001eb231960"
"10196","Zm00001eb221780"
"10197","Zm00001eb249130"
"10198","Zm00001eb219040"
"10199","Zm00001eb259160"
"10200","Zm00001eb213020"
"10201","Zm00001eb240190"
"10202","Zm00001eb223450"
"10203","Zm00001eb221240"
"10204","Zm00001eb253860"
"10205","Zm00001eb220240"
"10206","Zm00001eb224790"
"10207","Zm00001eb258260"
"10208","Zm00001eb230220"
"10209","Zm00001eb212810"
"10210","Zm00001eb214350"
"10211","Zm00001eb220870"
"10212","Zm00001eb214990"
"10213","Zm00001eb237900"
"10214","Zm00001eb243510"
"10215","Zm00001eb246150"
"10216","Zm00001eb244550"
"10217","Zm00001eb236850"
"10218","Zm00001eb231040"
"10219","Zm00001eb214380"
"10220","Zm00001eb256190"
"10221","Zm00001eb250950"
"10222","Zm00001eb252530"
"10223","Zm00001eb243930"
"10224","Zm00001eb219570"
"10225","Zm00001eb221500"
"10226","Zm00001eb233000"
"10227","Zm00001eb235450"
"10228","Zm00001eb214490"
"10229","Zm00001eb229240"
"10230","Zm00001eb255720"
"10231","Zm00001eb226260"
"10232","Zm00001eb250750"
"10233","Zm00001eb252990"
"10234","Zm00001eb259490"
"10235","Zm00001eb226740"
"10236","Zm00001eb232260"
"10237","Zm00001eb246450"
"10238","Zm00001eb227430"
"10239","Zm00001eb237890"
"10240","Zm00001eb259050"
"10241","Zm00001eb255240"
"10242","Zm00001eb242170"
"10243","Zm00001eb246190"
"10244","Zm00001eb217120"
"10245","Zm00001eb228070"
"10246","Zm00001eb234370"
"10247","Zm00001eb257510"
"10248","Zm00001eb214930"
"10249","Zm00001eb229930"
"10250","Zm00001eb256360"
"10251","Zm00001eb225030"
"10252","Zm00001eb234920"
"10253","Zm00001eb234680"
"10254","Zm00001eb220640"
"10255","Zm00001eb211730"
"10256","Zm00001eb217630"
"10257","Zm00001eb223920"
"10258","Zm00001eb210630"
"10259","Zm00001eb226820"
"10260","Zm00001eb224640"
"10261","Zm00001eb215040"
"10262","Zm00001eb247050"
"10263","Zm00001eb257750"
"10264","Zm00001eb245410"
"10265","Zm00001eb215550"
"10266","Zm00001eb253710"
"10267","Zm00001eb213480"
"10268","Zm00001eb241090"
"10269","Zm00001eb245840"
"10270","Zm00001eb248350"
"10271","Zm00001eb213930"
"10272","Zm00001eb210220"
"10273","Zm00001eb253560"
"10274","Zm00001eb243450"
"10275","Zm00001eb233580"
"10276","Zm00001eb234600"
"10277","Zm00001eb244720"
"10278","Zm00001eb251630"
"10279","Zm00001eb230070"
"10280","Zm00001eb229620"
"10281","Zm00001eb250810"
"10282","Zm00001eb242790"
"10283","Zm00001eb255140"
"10284","Zm00001eb211190"
"10285","Zm00001eb216460"
"10286","Zm00001eb258890"
"10287","Zm00001eb245640"
"10288","Zm00001eb232010"
"10289","Zm00001eb242490"
"10290","Zm00001eb219590"
"10291","Zm00001eb237960"
"10292","Zm00001eb220900"
"10293","Zm00001eb252920"
"10294","Zm00001eb252510"
"10295","Zm00001eb247800"
"10296","Zm00001eb238820"
"10297","Zm00001eb245560"
"10298","Zm00001eb221750"
"10299","Zm00001eb232310"
"10300","Zm00001eb216060"
"10301","Zm00001eb219070"
"10302","Zm00001eb233070"
"10303","Zm00001eb245720"
"10304","Zm00001eb211320"
"10305","Zm00001eb244190"
"10306","Zm00001eb231540"
"10307","Zm00001eb250240"
"10308","Zm00001eb215280"
"10309","Zm00001eb211740"
"10310","Zm00001eb248780"
"10311","Zm00001eb224830"
"10312","Zm00001eb218140"
"10313","Zm00001eb217840"
"10314","Zm00001eb231430"
"10315","Zm00001eb226080"
"10316","Zm00001eb236880"
"10317","Zm00001eb250300"
"10318","Zm00001eb243690"
"10319","Zm00001eb229760"
"10320","Zm00001eb250070"
"10321","Zm00001eb242260"
"10322","Zm00001eb246620"
"10323","Zm00001eb237440"
"10324","Zm00001eb240740"
"10325","Zm00001eb211350"
"10326","Zm00001eb246270"
"10327","Zm00001eb242480"
"10328","Zm00001eb222160"
"10329","Zm00001eb227920"
"10330","Zm00001eb211530"
"10331","Zm00001eb258200"
"10332","Zm00001eb255560"
"10333","Zm00001eb233720"
"10334","Zm00001eb215010"
"10335","Zm00001eb241840"
"10336","Zm00001eb217740"
"10337","Zm00001eb219230"
"10338","Zm00001eb242030"
"10339","Zm00001eb226840"
"10340","Zm00001eb227480"
"10341","Zm00001eb216520"
"10342","Zm00001eb249440"
"10343","Zm00001eb226220"
"10344","Zm00001eb234830"
"10345","Zm00001eb231330"
"10346","Zm00001eb236490"
"10347","Zm00001eb257660"
"10348","Zm00001eb250110"
"10349","Zm00001eb227090"
"10350","Zm00001eb210720"
"10351","Zm00001eb256090"
"10352","Zm00001eb251370"
"10353","Zm00001eb256330"
"10354","Zm00001eb220740"
"10355","Zm00001eb224920"
"10356","Zm00001eb256160"
"10357","Zm00001eb231940"
"10358","Zm00001eb220910"
"10359","Zm00001eb221440"
"10360","Zm00001eb218530"
"10361","Zm00001eb256840"
"10362","Zm00001eb253830"
"10363","Zm00001eb218900"
"10364","Zm00001eb215850"
"10365","Zm00001eb234980"
"10366","Zm00001eb210940"
"10367","Zm00001eb212150"
"10368","Zm00001eb249200"
"10369","Zm00001eb216960"
"10370","Zm00001eb252400"
"10371","Zm00001eb219490"
"10372","Zm00001eb214900"
"10373","Zm00001eb226930"
"10374","Zm00001eb214360"
"10375","Zm00001eb236900"
"10376","Zm00001eb254320"
"10377","Zm00001eb256950"
"10378","Zm00001eb249800"
"10379","Zm00001eb239670"
"10380","Zm00001eb252100"
"10381","Zm00001eb216310"
"10382","Zm00001eb224770"
"10383","Zm00001eb228020"
"10384","Zm00001eb259210"
"10385","Zm00001eb251870"
"10386","Zm00001eb246810"
"10387","Zm00001eb246860"
"10388","Zm00001eb214180"
"10389","Zm00001eb220110"
"10390","Zm00001eb257070"
"10391","Zm00001eb231150"
"10392","Zm00001eb229480"
"10393","Zm00001eb253420"
"10394","Zm00001eb229430"
"10395","Zm00001eb259150"
"10396","Zm00001eb216880"
"10397","Zm00001eb225120"
"10398","Zm00001eb217540"
"10399","Zm00001eb241950"
"10400","Zm00001eb254160"
"10401","Zm00001eb211680"
"10402","Zm00001eb222690"
"10403","Zm00001eb246410"
"10404","Zm00001eb258790"
"10405","Zm00001eb252030"
"10406","Zm00001eb239550"
"10407","Zm00001eb234660"
"10408","Zm00001eb213510"
"10409","Zm00001eb250970"
"10410","Zm00001eb221610"
"10411","Zm00001eb225830"
"10412","Zm00001eb258240"
"10413","Zm00001eb243870"
"10414","Zm00001eb210320"
"10415","Zm00001eb240230"
"10416","Zm00001eb252170"
"10417","Zm00001eb256530"
"10418","Zm00001eb236450"
"10419","Zm00001eb255710"
"10420","Zm00001eb230840"
"10421","Zm00001eb226170"
"10422","Zm00001eb212870"
"10423","Zm00001eb255410"
"10424","Zm00001eb244960"
"10425","Zm00001eb259330"
"10426","Zm00001eb239510"
"10427","Zm00001eb228170"
"10428","Zm00001eb229720"
"10429","Zm00001eb249150"
"10430","Zm00001eb210620"
"10431","Zm00001eb211770"
"10432","Zm00001eb248530"
"10433","Zm00001eb242280"
"10434","Zm00001eb212500"
"10435","Zm00001eb241370"
"10436","Zm00001eb240400"
"10437","Zm00001eb225260"
"10438","Zm00001eb224630"
"10439","Zm00001eb251710"
"10440","Zm00001eb227240"
"10441","Zm00001eb226810"
"10442","Zm00001eb247090"
"10443","Zm00001eb255610"
"10444","Zm00001eb220630"
"10445","Zm00001eb223890"
"10446","Zm00001eb233520"
"10447","Zm00001eb253470"
"10448","Zm00001eb217610"
"10449","Zm00001eb243650"
"10450","Zm00001eb252200"
"10451","Zm00001eb213280"
"10452","Zm00001eb253200"
"10453","Zm00001eb216610"
"10454","Zm00001eb249830"
"10455","Zm00001eb222430"
"10456","Zm00001eb239890"
"10457","Zm00001eb220420"
"10458","Zm00001eb241780"
"10459","Zm00001eb247310"
"10460","Zm00001eb218730"
"10461","Zm00001eb215510"
"10462","Zm00001eb232320"
"10463","Zm00001eb231900"
"10464","Zm00001eb220650"
"10465","Zm00001eb244380"
"10466","Zm00001eb251030"
"10467","Zm00001eb217400"
"10468","Zm00001eb218980"
"10469","Zm00001eb210800"
"10470","Zm00001eb243190"
"10471","Zm00001eb222890"
"10472","Zm00001eb253760"
"10473","Zm00001eb231030"
"10474","Zm00001eb252830"
"10475","Zm00001eb244180"
"10476","Zm00001eb220220"
"10477","Zm00001eb243330"
"10478","Zm00001eb212550"
"10479","Zm00001eb224280"
"10480","Zm00001eb239330"
"10481","Zm00001eb224060"
"10482","Zm00001eb230520"
"10483","Zm00001eb248750"
"10484","Zm00001eb226480"
"10485","Zm00001eb242070"
"10486","Zm00001eb247500"
"10487","Zm00001eb258370"
"10488","Zm00001eb234970"
"10489","Zm00001eb257630"
"10490","Zm00001eb219690"
"10491","Zm00001eb213140"
"10492","Zm00001eb212060"
"10493","Zm00001eb243290"
"10494","Zm00001eb220920"
"10495","Zm00001eb213760"
"10496","Zm00001eb246550"
"10497","Zm00001eb249950"
"10498","Zm00001eb218620"
"10499","Zm00001eb246310"
"10500","Zm00001eb213680"
"10501","Zm00001eb228330"
"10502","Zm00001eb244650"
"10503","Zm00001eb211140"
"10504","Zm00001eb251300"
"10505","Zm00001eb259650"
"10506","Zm00001eb249900"
"10507","Zm00001eb232420"
"10508","Zm00001eb229830"
"10509","Zm00001eb247490"
"10510","Zm00001eb240940"
"10511","Zm00001eb253650"
"10512","Zm00001eb212950"
"10513","Zm00001eb243400"
"10514","Zm00001eb256300"
"10515","Zm00001eb253230"
"10516","Zm00001eb257270"
"10517","Zm00001eb249330"
"10518","Zm00001eb243730"
"10519","Zm00001eb250660"
"10520","Zm00001eb228370"
"10521","Zm00001eb225720"
"10522","Zm00001eb214110"
"10523","Zm00001eb244810"
"10524","Zm00001eb222460"
"10525","Zm00001eb227390"
"10526","Zm00001eb215120"
"10527","Zm00001eb220770"
"10528","Zm00001eb214630"
"10529","Zm00001eb220780"
"10530","Zm00001eb233300"
"10531","Zm00001eb234400"
"10532","Zm00001eb232360"
"10533","Zm00001eb211990"
"10534","Zm00001eb216840"
"10535","Zm00001eb238680"
"10536","Zm00001eb250220"
"10537","Zm00001eb222850"
"10538","Zm00001eb221110"
"10539","Zm00001eb216690"
"10540","Zm00001eb232050"
"10541","Zm00001eb249230"
"10542","Zm00001eb214120"
"10543","Zm00001eb218770"
"10544","Zm00001eb218120"
"10545","Zm00001eb242100"
"10546","Zm00001eb258190"
"10547","Zm00001eb224960"
"10548","Zm00001eb230870"
"10549","Zm00001eb254260"
"10550","Zm00001eb237720"
"10551","Zm00001eb256150"
"10552","Zm00001eb258660"
"10553","Zm00001eb236070"
"10554","Zm00001eb240660"
"10555","Zm00001eb250930"
"10556","Zm00001eb244000"
"10557","Zm00001eb241530"
"10558","Zm00001eb250650"
"10559","Zm00001eb242440"
"10560","Zm00001eb214300"
"10561","Zm00001eb238650"
"10562","Zm00001eb254200"
"10563","Zm00001eb257170"
"10564","Zm00001eb236340"
"10565","Zm00001eb258730"
"10566","Zm00001eb222300"
"10567","Zm00001eb245280"
"10568","Zm00001eb250310"
"10569","Zm00001eb210690"
"10570","Zm00001eb228660"
"10571","Zm00001eb232990"
"10572","Zm00001eb221360"
"10573","Zm00001eb224910"
"10574","Zm00001eb234120"
"10575","Zm00001eb212640"
"10576","Zm00001eb216430"
"10577","Zm00001eb244570"
"10578","Zm00001eb226800"
"10579","Zm00001eb215180"
"10580","Zm00001eb241560"
"10581","Zm00001eb253810"
"10582","Zm00001eb241080"
"10583","Zm00001eb215560"
"10584","Zm00001eb245400"
"10585","Zm00001eb252000"
"10586","Zm00001eb229610"
"10587","Zm00001eb211970"
"10588","Zm00001eb217440"
"10589","Zm00001eb257970"
"10590","Zm00001eb256480"
"10591","Zm00001eb229690"
"10592","Zm00001eb215640"
"10593","Zm00001eb215820"
"10594","Zm00001eb211520"
"10595","Zm00001eb258670"
"10596","Zm00001eb224560"
"10597","Zm00001eb257360"
"10598","Zm00001eb212820"
"10599","Zm00001eb236270"
"10600","Zm00001eb236510"
"10601","Zm00001eb250470"
"10602","Zm00001eb211070"
"10603","Zm00001eb218820"
"10604","Zm00001eb243910"
"10605","Zm00001eb213190"
"10606","Zm00001eb246400"
"10607","Zm00001eb218650"
"10608","Zm00001eb247210"
"10609","Zm00001eb248240"
"10610","Zm00001eb234310"
"10611","Zm00001eb215080"
"10612","Zm00001eb216180"
"10613","Zm00001eb226640"
"10614","Zm00001eb245180"
"10615","Zm00001eb247140"
"10616","Zm00001eb229030"
"10617","Zm00001eb230760"
"10618","Zm00001eb256240"
"10619","Zm00001eb259060"
"10620","Zm00001eb257730"
"10621","Zm00001eb230040"
"10622","Zm00001eb225190"
"10623","Zm00001eb259570"
"10624","Zm00001eb229450"
"10625","Zm00001eb252790"
"10626","Zm00001eb216590"
"10627","Zm00001eb254450"
"10628","Zm00001eb240430"
"10629","Zm00001eb218840"
"10630","Zm00001eb213670"
"10631","Zm00001eb227420"
"10632","Zm00001eb259360"
"10633","Zm00001eb237980"
"10634","Zm00001eb252860"
"10635","Zm00001eb217200"
"10636","Zm00001eb250150"
"10637","Zm00001eb258450"
"10638","Zm00001eb248980"
"10639","Zm00001eb252300"
"10640","Zm00001eb250180"
"10641","Zm00001eb235790"
"10642","Zm00001eb221840"
"10643","Zm00001eb254490"
"10644","Zm00001eb222870"
"10645","Zm00001eb258800"
"10646","Zm00001eb228690"
"10647","Zm00001eb257570"
"10648","Zm00001eb256430"
"10649","Zm00001eb250610"
"10650","Zm00001eb217900"
"10651","Zm00001eb251050"
"10652","Zm00001eb258000"
"10653","Zm00001eb237800"
"10654","Zm00001eb229950"
"10655","Zm00001eb214660"
"10656","Zm00001eb219990"
"10657","Zm00001eb245320"
"10658","Zm00001eb255430"
"10659","Zm00001eb217990"
"10660","Zm00001eb252640"
"10661","Zm00001eb256730"
"10662","Zm00001eb255310"
"10663","Zm00001eb223060"
"10664","Zm00001eb235260"
"10665","Zm00001eb237090"
"10666","Zm00001eb253040"
"10667","Zm00001eb212750"
"10668","Zm00001eb224220"
"10669","Zm00001eb240210"
"10670","Zm00001eb237430"
"10671","Zm00001eb252410"
"10672","Zm00001eb238620"
"10673","Zm00001eb252210"
"10674","Zm00001eb244070"
"10675","Zm00001eb247390"
"10676","Zm00001eb258860"
"10677","Zm00001eb224410"
"10678","Zm00001eb258090"
"10679","Zm00001eb211040"
"10680","Zm00001eb234260"
"10681","Zm00001eb253390"
"10682","Zm00001eb247350"
"10683","Zm00001eb212260"
"10684","Zm00001eb213890"
"10685","Zm00001eb227560"
"10686","Zm00001eb240620"
"10687","Zm00001eb253100"
"10688","Zm00001eb251360"
"10689","Zm00001eb257420"
"10690","Zm00001eb227100"
"10691","Zm00001eb226440"
"10692","Zm00001eb247460"
"10693","Zm00001eb241420"
"10694","Zm00001eb230130"
"10695","Zm00001eb217380"
"10696","Zm00001eb218920"
"10697","Zm00001eb233420"
"10698","Zm00001eb257080"
"10699","Zm00001eb232120"
"10700","Zm00001eb229730"
"10701","Zm00001eb231160"
"10702","Zm00001eb258570"
"10703","Zm00001eb232690"
"10704","Zm00001eb259320"
"10705","Zm00001eb253120"
"10706","Zm00001eb217160"
"10707","Zm00001eb246660"
"10708","Zm00001eb234160"
"10709","Zm00001eb226710"
"10710","Zm00001eb245620"
"10711","Zm00001eb223140"
"10712","Zm00001eb248700"
"10713","Zm00001eb239260"
"10714","Zm00001eb234380"
"10715","Zm00001eb233960"
"10716","Zm00001eb225250"
"10717","Zm00001eb217620"
"10718","Zm00001eb225700"
"10719","Zm00001eb254910"
"10720","Zm00001eb220480"
"10721","Zm00001eb215150"
"10722","Zm00001eb212770"
"10723","Zm00001eb228130"
"10724","Zm00001eb258280"
"10725","Zm00001eb222190"
"10726","Zm00001eb236650"
"10727","Zm00001eb245810"
"10728","Zm00001eb248950"
"10729","Zm00001eb221310"
"10730","Zm00001eb250640"
"10731","Zm00001eb223320"
"10732","Zm00001eb222060"
"10733","Zm00001eb239790"
"10734","Zm00001eb255290"
"10735","Zm00001eb216620"
"10736","Zm00001eb215110"
"10737","Zm00001eb216160"
"10738","Zm00001eb253840"
"10739","Zm00001eb214620"
"10740","Zm00001eb244240"
"10741","Zm00001eb250380"
"10742","Zm00001eb252650"
"10743","Zm00001eb247660"
"10744","Zm00001eb214730"
"10745","Zm00001eb221920"
"10746","Zm00001eb234930"
"10747","Zm00001eb255520"
"10748","Zm00001eb224150"
"10749","Zm00001eb238540"
"10750","Zm00001eb241190"
"10751","Zm00001eb256880"
"10752","Zm00001eb212590"
"10753","Zm00001eb242060"
"10754","Zm00001eb244530"
"10755","Zm00001eb242940"
"10756","Zm00001eb244170"
"10757","Zm00001eb218870"
"10758","Zm00001eb237240"
"10759","Zm00001eb253220"
"10760","Zm00001eb228320"
"10761","Zm00001eb234690"
"10762","Zm00001eb228090"
"10763","Zm00001eb242380"
"10764","Zm00001eb234200"
"10765","Zm00001eb247190"
"10766","Zm00001eb240810"
"10767","Zm00001eb213160"
"10768","Zm00001eb221190"
"10769","Zm00001eb228770"
"10770","Zm00001eb228580"
"10771","Zm00001eb257610"
"10772","Zm00001eb259030"
"10773","Zm00001eb247530"
"10774","Zm00001eb249100"
"10775","Zm00001eb240920"
"10776","Zm00001eb217000"
"10777","Zm00001eb241860"
"10778","Zm00001eb237510"
"10779","Zm00001eb219270"
"10780","Zm00001eb248190"
"10781","Zm00001eb228650"
"10782","Zm00001eb251700"
"10783","Zm00001eb228180"
"10784","Zm00001eb215310"
"10785","Zm00001eb229900"
"10786","Zm00001eb223910"
"10787","Zm00001eb237180"
"10788","Zm00001eb235930"
"10789","Zm00001eb234270"
"10790","Zm00001eb225470"
"10791","Zm00001eb251890"
"10792","Zm00001eb252440"
"10793","Zm00001eb212230"
"10794","Zm00001eb211090"
"10795","Zm00001eb239610"
"10796","Zm00001eb237050"
"10797","Zm00001eb210500"
"10798","Zm00001eb218420"
"10799","Zm00001eb257410"
"10800","Zm00001eb239680"
"10801","Zm00001eb219700"
"10802","Zm00001eb237210"
"10803","Zm00001eb246290"
"10804","Zm00001eb214030"
"10805","Zm00001eb215750"
"10806","Zm00001eb226920"
"10807","Zm00001eb213630"
"10808","Zm00001eb224850"
"10809","Zm00001eb223540"
"10810","Zm00001eb223960"
"10811","Zm00001eb251860"
"10812","Zm00001eb233120"
"10813","Zm00001eb258980"
"10814","Zm00001eb247420"
"10815","Zm00001eb222140"
"10816","Zm00001eb243180"
"10817","Zm00001eb222480"
"10818","Zm00001eb218270"
"10819","Zm00001eb218130"
"10820","Zm00001eb224680"
"10821","Zm00001eb234790"
"10822","Zm00001eb210830"
"10823","Zm00001eb238320"
"10824","Zm00001eb218460"
"10825","Zm00001eb210360"
"10826","Zm00001eb222420"
"10827","Zm00001eb243130"
"10828","Zm00001eb236130"
"10829","Zm00001eb253820"
"10830","Zm00001eb235840"
"10831","Zm00001eb210280"
"10832","Zm00001eb229390"
"10833","Zm00001eb255980"
"10834","Zm00001eb224070"
"10835","Zm00001eb240650"
"10836","Zm00001eb221410"
"10837","Zm00001eb250540"
"10838","Zm00001eb252260"
"10839","Zm00001eb228720"
"10840","Zm00001eb258220"
"10841","Zm00001eb248730"
"10842","Zm00001eb242300"
"10843","Zm00001eb248670"
"10844","Zm00001eb255700"
"10845","Zm00001eb237160"
"10846","Zm00001eb220460"
"10847","Zm00001eb226550"
"10848","Zm00001eb221900"
"10849","Zm00001eb233930"
"10850","Zm00001eb247840"
"10851","Zm00001eb210240"
"10852","Zm00001eb228990"
"10853","Zm00001eb218500"
"10854","Zm00001eb255050"
"10855","Zm00001eb254580"
"10856","Zm00001eb243810"
"10857","Zm00001eb244780"
"10858","Zm00001eb249120"
"10859","Zm00001eb225060"
"10860","Zm00001eb213990"
"10861","Zm00001eb224430"
"10862","Zm00001eb251510"
"10863","Zm00001eb219200"
"10864","Zm00001eb210180"
"10865","Zm00001eb211020"
"10866","Zm00001eb240170"
"10867","Zm00001eb213000"
"10868","Zm00001eb234410"
"10869","Zm00001eb216800"
"10870","Zm00001eb257820"
"10871","Zm00001eb219790"
"10872","Zm00001eb221710"
"10873","Zm00001eb220610"
"10874","Zm00001eb214560"
"10875","Zm00001eb248460"
"10876","Zm00001eb257680"
"10877","Zm00001eb227810"
"10878","Zm00001eb216830"
"10879","Zm00001eb227500"
"10880","Zm00001eb210410"
"10881","Zm00001eb251350"
"10882","Zm00001eb213780"
"10883","Zm00001eb254990"
"10884","Zm00001eb255680"
"10885","Zm00001eb228080"
"10886","Zm00001eb230470"
"10887","Zm00001eb229190"
"10888","Zm00001eb239180"
"10889","Zm00001eb235630"
"10890","Zm00001eb227410"
"10891","Zm00001eb213150"
"10892","Zm00001eb229320"
"10893","Zm00001eb257930"
"10894","Zm00001eb229940"
"10895","Zm00001eb257050"
"10896","Zm00001eb216980"
"10897","Zm00001eb221000"
"10898","Zm00001eb245610"
"10899","Zm00001eb217800"
"10900","Zm00001eb212120"
"10901","Zm00001eb258960"
"10902","Zm00001eb241980"
"10903","Zm00001eb257530"
"10904","Zm00001eb259440"
"10905","Zm00001eb228050"
"10906","Zm00001eb235970"
"10907","Zm00001eb223170"
"10908","Zm00001eb210790"
"10909","Zm00001eb230540"
"10910","Zm00001eb242050"
"10911","Zm00001eb228610"
"10912","Zm00001eb213770"
"10913","Zm00001eb227330"
"10914","Zm00001eb255490"
"10915","Zm00001eb249570"
"10916","Zm00001eb259410"
"10917","Zm00001eb216010"
"10918","Zm00001eb216480"
"10919","Zm00001eb242770"
"10920","Zm00001eb248650"
"10921","Zm00001eb216290"
"10922","Zm00001eb251070"
"10923","Zm00001eb220000"
"10924","Zm00001eb252630"
"10925","Zm00001eb243950"
"10926","Zm00001eb241790"
"10927","Zm00001eb226270"
"10928","Zm00001eb211400"
"10929","Zm00001eb238230"
"10930","Zm00001eb232100"
"10931","Zm00001eb234050"
"10932","Zm00001eb213420"
"10933","Zm00001eb229060"
"10934","Zm00001eb237500"
"10935","Zm00001eb254330"
"10936","Zm00001eb239690"
"10937","Zm00001eb217780"
"10938","Zm00001eb231550"
"10939","Zm00001eb255760"
"10940","Zm00001eb258870"
"10941","Zm00001eb223950"
"10942","Zm00001eb228960"
"10943","Zm00001eb242810"
"10944","Zm00001eb252120"
"10945","Zm00001eb249420"
"10946","Zm00001eb225500"
"10947","Zm00001eb226900"
"10948","Zm00001eb257200"
"10949","Zm00001eb239380"
"10950","Zm00001eb243850"
"10951","Zm00001eb216600"
"10952","Zm00001eb254180"
"10953","Zm00001eb224990"
"10954","Zm00001eb216900"
"10955","Zm00001eb237270"
"10956","Zm00001eb217560"
"10957","Zm00001eb256890"
"10958","Zm00001eb218510"
"10959","Zm00001eb228790"
"10960","Zm00001eb225790"
"10961","Zm00001eb246940"
"10962","Zm00001eb245230"
"10963","Zm00001eb237650"
"10964","Zm00001eb236820"
"10965","Zm00001eb227310"
"10966","Zm00001eb250790"
"10967","Zm00001eb244510"
"10968","Zm00001eb228780"
"10969","Zm00001eb254030"
"10970","Zm00001eb248250"
"10971","Zm00001eb227340"
"10972","Zm00001eb245730"
"10973","Zm00001eb230300"
"10974","Zm00001eb255360"
"10975","Zm00001eb258330"
"10976","Zm00001eb246590"
"10977","Zm00001eb229670"
"10978","Zm00001eb258480"
"10979","Zm00001eb233540"
"10980","Zm00001eb227350"
"10981","Zm00001eb219160"
"10982","Zm00001eb231840"
"10983","Zm00001eb222210"
"10984","Zm00001eb216210"
"10985","Zm00001eb229000"
"10986","Zm00001eb238000"
"10987","Zm00001eb228000"
"10988","Zm00001eb214210"
"10989","Zm00001eb211010"
"10990","Zm00001eb232670"
"10991","Zm00001eb251900"
"10992","Zm00001eb223810"
"10993","Zm00001eb226010"
"10994","Zm00001eb228310"
"10995","Zm00001eb244930"
"10996","Zm00001eb226310"
"10997","Zm00001eb228940"
"10998","Zm00001eb234490"
"10999","Zm00001eb255730"
"11000","Zm00001eb246060"
"11001","Zm00001eb217020"
"11002","Zm00001eb238760"
"11003","Zm00001eb212540"
"11004","Zm00001eb224010"
"11005","Zm00001eb252720"
"11006","Zm00001eb233020"
"11007","Zm00001eb233140"
"11008","Zm00001eb216170"
"11009","Zm00001eb251490"
"11010","Zm00001eb243570"
"11011","Zm00001eb253320"
"11012","Zm00001eb241060"
"11013","Zm00001eb221300"
"11014","Zm00001eb224480"
"11015","Zm00001eb228480"
"11016","Zm00001eb237020"
"11017","Zm00001eb215650"
"11018","Zm00001eb214080"
"11019","Zm00001eb227940"
"11020","Zm00001eb239370"
"11021","Zm00001eb222610"
"11022","Zm00001eb220400"
"11023","Zm00001eb231010"
"11024","Zm00001eb232880"
"11025","Zm00001eb256470"
"11026","Zm00001eb238610"
"11027","Zm00001eb213580"
"11028","Zm00001eb238570"
"11029","Zm00001eb257980"
"11030","Zm00001eb213560"
"11031","Zm00001eb243260"
"11032","Zm00001eb217190"
"11033","Zm00001eb257760"
"11034","Zm00001eb219390"
"11035","Zm00001eb213180"
"11036","Zm00001eb252870"
"11037","Zm00001eb229920"
"11038","Zm00001eb230260"
"11039","Zm00001eb227770"
"11040","Zm00001eb213830"
"11041","Zm00001eb218600"
"11042","Zm00001eb259370"
"11043","Zm00001eb217270"
"11044","Zm00001eb212380"
"11045","Zm00001eb214790"
"11046","Zm00001eb259430"
"11047","Zm00001eb258360"
"11048","Zm00001eb255960"
"11049","Zm00001eb229980"
"11050","Zm00001eb246350"
"11051","Zm00001eb226650"
"11052","Zm00001eb213310"
"11053","Zm00001eb231800"
"11054","Zm00001eb220970"
"11055","Zm00001eb233440"
"11056","Zm00001eb223560"
"11057","Zm00001eb248450"
"11058","Zm00001eb212630"
"11059","Zm00001eb214960"
"11060","Zm00001eb216400"
"11061","Zm00001eb214650"
"11062","Zm00001eb246160"
"11063","Zm00001eb216870"
"11064","Zm00001eb259230"
"11065","Zm00001eb226030"
"11066","Zm00001eb254250"
"11067","Zm00001eb215660"
"11068","Zm00001eb216140"
"11069","Zm00001eb230910"
"11070","Zm00001eb249710"
"11071","Zm00001eb247920"
"11072","Zm00001eb241770"
"11073","Zm00001eb210950"
"11074","Zm00001eb253690"
"11075","Zm00001eb242820"
"11076","Zm00001eb241500"
"11077","Zm00001eb247630"
"11078","Zm00001eb227600"
"11079","Zm00001eb237310"
"11080","Zm00001eb224710"
"11081","Zm00001eb244420"
"11082","Zm00001eb251250"
"11083","Zm00001eb256990"
"11084","Zm00001eb222000"
"11085","Zm00001eb252430"
"11086","Zm00001eb241600"
"11087","Zm00001eb258590"
"11088","Zm00001eb257230"
"11089","Zm00001eb252770"
"11090","Zm00001eb242420"
"11091","Zm00001eb239530"
"11092","Zm00001eb259240"
"11093","Zm00001eb217960"
"11094","Zm00001eb243500"
"11095","Zm00001eb214510"
"11096","Zm00001eb210600"
"11097","Zm00001eb216500"
"11098","Zm00001eb215400"
"11099","Zm00001eb256970"
"11100","Zm00001eb218280"
"11101","Zm00001eb234530"
"11102","Zm00001eb233610"
"11103","Zm00001eb259350"
"11104","Zm00001eb257910"
"11105","Zm00001eb255650"
"11106","Zm00001eb248760"
"11107","Zm00001eb246980"
"11108","Zm00001eb234170"
"11109","Zm00001eb234030"
"11110","Zm00001eb230310"
"11111","Zm00001eb231360"
"11112","Zm00001eb254050"
"11113","Zm00001eb259260"
"11114","Zm00001eb226070"
"11115","Zm00001eb216990"
"11116","Zm00001eb220590"
"11117","Zm00001eb231460"
"11118","Zm00001eb258270"
"11119","Zm00001eb235460"
"11120","Zm00001eb235000"
"11121","Zm00001eb218850"
"11122","Zm00001eb248600"
"11123","Zm00001eb248360"
"11124","Zm00001eb225860"
"11125","Zm00001eb255160"
"11126","Zm00001eb228910"
"11127","Zm00001eb213950"
"11128","Zm00001eb258050"
"11129","Zm00001eb227180"
"11130","Zm00001eb224620"
"11131","Zm00001eb226990"
"11132","Zm00001eb248200"
"11133","Zm00001eb259620"
"11134","Zm00001eb235700"
"11135","Zm00001eb211870"
"11136","Zm00001eb258710"
"11137","Zm00001eb224740"
"11138","Zm00001eb219030"
"11139","Zm00001eb249980"
"11140","Zm00001eb211270"
"11141","Zm00001eb253180"
"11142","Zm00001eb230950"
"11143","Zm00001eb227690"
"11144","Zm00001eb217320"
"11145","Zm00001eb212210"
"11146","Zm00001eb230060"
"11147","Zm00001eb252910"
"11148","Zm00001eb219310"
"11149","Zm00001eb258740"
"11150","Zm00001eb238930"
"11151","Zm00001eb252220"
"11152","Zm00001eb212800"
"11153","Zm00001eb224360"
"11154","Zm00001eb236980"
"11155","Zm00001eb211650"
"11156","Zm00001eb213260"
"11157","Zm00001eb252680"
"11158","Zm00001eb233640"
"11159","Zm00001eb246530"
"11160","Zm00001eb244590"
"11161","Zm00001eb219820"
"11162","Zm00001eb224180"
"11163","Zm00001eb220040"
"11164","Zm00001eb236430"
"11165","Zm00001eb239990"
"11166","Zm00001eb226230"
"11167","Zm00001eb257330"
"11168","Zm00001eb229790"
"11169","Zm00001eb220880"
"11170","Zm00001eb251010"
"11171","Zm00001eb251200"
"11172","Zm00001eb251180"
"11173","Zm00001eb223980"
"11174","Zm00001eb235580"
"11175","Zm00001eb252840"
"11176","Zm00001eb245710"
"11177","Zm00001eb214090"
"11178","Zm00001eb234060"
"11179","Zm00001eb257440"
"11180","Zm00001eb212430"
"11181","Zm00001eb233910"
"11182","Zm00001eb246850"
"11183","Zm00001eb238340"
"11184","Zm00001eb233280"
"11185","Zm00001eb235270"
"11186","Zm00001eb212740"
"11187","Zm00001eb258880"
"11188","Zm00001eb213570"
"11189","Zm00001eb219900"
"11190","Zm00001eb228550"
"11191","Zm00001eb254190"
"11192","Zm00001eb249390"
"11193","Zm00001eb252760"
"11194","Zm00001eb223330"
"11195","Zm00001eb250080"
"11196","Zm00001eb257810"
"11197","Zm00001eb252620"
"11198","Zm00001eb240730"
"11199","Zm00001eb255670"
"11200","Zm00001eb249850"
"11201","Zm00001eb238250"
"11202","Zm00001eb226110"
"11203","Zm00001eb226490"
"11204","Zm00001eb219850"
"11205","Zm00001eb231630"
"11206","Zm00001eb256170"
"11207","Zm00001eb249250"
"11208","Zm00001eb225380"
"11209","Zm00001eb220600"
"11210","Zm00001eb225110"
"11211","Zm00001eb227760"
"11212","Zm00001eb243460"
"11213","Zm00001eb230080"
"11214","Zm00001eb211200"
"11215","Zm00001eb232910"
"11216","Zm00001eb254080"
"11217","Zm00001eb246710"
"11218","Zm00001eb236680"
"11219","Zm00001eb248150"
"11220","Zm00001eb226850"
"11221","Zm00001eb251980"
"11222","Zm00001eb237880"
"11223","Zm00001eb213920"
"11224","Zm00001eb243060"
"11225","Zm00001eb256920"
"11226","Zm00001eb215800"
"11227","Zm00001eb238460"
"11228","Zm00001eb232290"
"11229","Zm00001eb216450"
"11230","Zm00001eb258380"
"11231","Zm00001eb254510"
"11232","Zm00001eb233630"
"11233","Zm00001eb250370"
"11234","Zm00001eb246580"
"11235","Zm00001eb232020"
"11236","Zm00001eb217130"
"11237","Zm00001eb239210"
"11238","Zm00001eb217570"
"11239","Zm00001eb255450"
"11240","Zm00001eb216020"
"11241","Zm00001eb238870"
"11242","Zm00001eb233380"
"11243","Zm00001eb257060"
"11244","Zm00001eb252930"
"11245","Zm00001eb251520"
"11246","Zm00001eb241970"
"11247","Zm00001eb231080"
"11248","Zm00001eb250910"
"11249","Zm00001eb236160"
"11250","Zm00001eb254360"
"11251","Zm00001eb238170"
"11252","Zm00001eb233080"
"11253","Zm00001eb212660"
"11254","Zm00001eb214320"
"11255","Zm00001eb251090"
"11256","Zm00001eb243000"
"11257","Zm00001eb214190"
"11258","Zm00001eb252090"
"11259","Zm00001eb244770"
"11260","Zm00001eb216320"
"11261","Zm00001eb249490"
"11262","Zm00001eb213530"
"11263","Zm00001eb232600"
"11264","Zm00001eb230930"
"11265","Zm00001eb259220"
"11266","Zm00001eb258680"
"11267","Zm00001eb222280"
"11268","Zm00001eb241960"
"11269","Zm00001eb211340"
"11270","Zm00001eb222570"
"11271","Zm00001eb213060"
"11272","Zm00001eb225760"
"11273","Zm00001eb230240"
"11274","Zm00001eb243610"
"11275","Zm00001eb211510"
"11276","Zm00001eb241740"
"11277","Zm00001eb252020"
"11278","Zm00001eb242920"
"11279","Zm00001eb232860"
"11280","Zm00001eb256110"
"11281","Zm00001eb246090"
"11282","Zm00001eb245020"
"11283","Zm00001eb240870"
"11284","Zm00001eb212020"
"11285","Zm00001eb239090"
"11286","Zm00001eb221860"
"11287","Zm00001eb245250"
"11288","Zm00001eb219250"
"11289","Zm00001eb242020"
"11290","Zm00001eb225010"
"11291","Zm00001eb233800"
"11292","Zm00001eb228800"
"11293","Zm00001eb242710"
"11294","Zm00001eb226780"
"11295","Zm00001eb219890"
"11296","Zm00001eb250120"
"11297","Zm00001eb219500"
"11298","Zm00001eb257670"
"11299","Zm00001eb257120"
"11300","Zm00001eb243350"
"11301","Zm00001eb211790"
"11302","Zm00001eb245910"
"11303","Zm00001eb227470"
"11304","Zm00001eb257720"
"11305","Zm00001eb248270"
"11306","Zm00001eb216890"
"11307","Zm00001eb245370"
"11308","Zm00001eb237640"
"11309","Zm00001eb258780"
"11310","Zm00001eb240120"
"11311","Zm00001eb235510"
"11312","Zm00001eb229180"
"11313","Zm00001eb259450"
"11314","Zm00001eb228440"
"11315","Zm00001eb218560"
"11316","Zm00001eb234090"
"11317","Zm00001eb246420"
"11318","Zm00001eb212160"
"11319","Zm00001eb231850"
"11320","Zm00001eb259390"
"11321","Zm00001eb216220"
"11322","Zm00001eb228290"
"11323","Zm00001eb254390"
"11324","Zm00001eb210930"
"11325","Zm00001eb233730"
"11326","Zm00001eb251590"
"11327","Zm00001eb227980"
"11328","Zm00001eb215910"
"11329","Zm00001eb218450"
"11330","Zm00001eb232850"
"11331","Zm00001eb226040"
"11332","Zm00001eb252230"
"11333","Zm00001eb225770"
"11334","Zm00001eb232560"
"11335","Zm00001eb233310"
"11336","Zm00001eb232940"
"11337","Zm00001eb234870"
"11338","Zm00001eb235810"
"11339","Zm00001eb249240"
"11340","Zm00001eb243880"
"11341","Zm00001eb224870"
"11342","Zm00001eb256690"
"11343","Zm00001eb225230"
"11344","Zm00001eb211110"
"11345","Zm00001eb244500"
"11346","Zm00001eb218400"
"11347","Zm00001eb257430"
"11348","Zm00001eb215780"
"11349","Zm00001eb229850"
"11350","Zm00001eb210810"
"11351","Zm00001eb246330"
"11352","Zm00001eb251930"
"11353","Zm00001eb253330"
"11354","Zm00001eb249970"
"11355","Zm00001eb229650"
"11356","Zm00001eb227610"
"11357","Zm00001eb240720"
"11358","Zm00001eb227820"
"11359","Zm00001eb217390"
"11360","Zm00001eb232980"
"11361","Zm00001eb242230"
"11362","Zm00001eb225610"
"11363","Zm00001eb212040"
"11364","Zm00001eb218720"
"11365","Zm00001eb242410"
"11366","Zm00001eb241800"
"11367","Zm00001eb246820"
"11368","Zm00001eb211470"
"11369","Zm00001eb235710"
"11370","Zm00001eb240350"
"11371","Zm00001eb216510"
"11372","Zm00001eb230920"
"11373","Zm00001eb247440"
"11374","Zm00001eb254270"
"11375","Zm00001eb223050"
"11376","Zm00001eb210590"
"11377","Zm00001eb211640"
"11378","Zm00001eb251960"
"11379","Zm00001eb217880"
"11380","Zm00001eb223970"
"11381","Zm00001eb258540"
"11382","Zm00001eb257890"
"11383","Zm00001eb219860"
"11384","Zm00001eb259340"
"11385","Zm00001eb252780"
"11386","Zm00001eb211000"
"11387","Zm00001eb220140"
"11388","Zm00001eb258520"
"11389","Zm00001eb214850"
"11390","Zm00001eb236440"
"11391","Zm00001eb250960"
"11392","Zm00001eb219090"
"11393","Zm00001eb246700"
"11394","Zm00001eb242080"
"11395","Zm00001eb220530"
"11396","Zm00001eb239520"
"11397","Zm00001eb225820"
"11398","Zm00001eb233530"
"11399","Zm00001eb253530"
"11400","Zm00001eb233390"
"11401","Zm00001eb231310"
"11402","Zm00001eb233170"
"11403","Zm00001eb235240"
"11404","Zm00001eb219170"
"11405","Zm00001eb213320"
"11406","Zm00001eb251610"
"11407","Zm00001eb248290"
"11408","Zm00001eb246020"
"11409","Zm00001eb229020"
"11410","Zm00001eb258940"
"11411","Zm00001eb216720"
"11412","Zm00001eb223220"
"11413","Zm00001eb244860"
"11414","Zm00001eb222830"
"11415","Zm00001eb226560"
"11416","Zm00001eb253620"
"11417","Zm00001eb232250"
"11418","Zm00001eb216860"
"11419","Zm00001eb228900"
"11420","Zm00001eb215620"
"11421","Zm00001eb247000"
"11422","Zm00001eb225360"
"11423","Zm00001eb232340"
"11424","Zm00001eb243830"
"11425","Zm00001eb231570"
"11426","Zm00001eb223680"
"11427","Zm00001eb229100"
"11428","Zm00001eb218200"
"11429","Zm00001eb215190"
"11430","Zm00001eb214800"
"11431","Zm00001eb246520"
"11432","Zm00001eb244150"
"11433","Zm00001eb213210"
"11434","Zm00001eb250330"
"11435","Zm00001eb220020"
"11436","Zm00001eb214130"
"11437","Zm00001eb214310"
"11438","Zm00001eb215170"
"11439","Zm00001eb217930"
"11440","Zm00001eb254860"
"11441","Zm00001eb251920"
"11442","Zm00001eb238660"
"11443","Zm00001eb248620"
"11444","Zm00001eb241550"
"11445","Zm00001eb232780"
"11446","Zm00001eb252040"
"11447","Zm00001eb240760"
"11448","Zm00001eb250700"
"11449","Zm00001eb219680"
"11450","Zm00001eb259630"
"11451","Zm00001eb229530"
"11452","Zm00001eb212370"
"11453","Zm00001eb247510"
"11454","Zm00001eb222770"
"11455","Zm00001eb241620"
"11456","Zm00001eb222030"
"11457","Zm00001eb241880"
"11458","Zm00001eb228670"
"11459","Zm00001eb218610"
"11460","Zm00001eb249380"
"11461","Zm00001eb237260"
"11462","Zm00001eb233890"
"11463","Zm00001eb240410"
"11464","Zm00001eb243270"
"11465","Zm00001eb220930"
"11466","Zm00001eb238160"
"11467","Zm00001eb217420"
"11468","Zm00001eb251290"
"11469","Zm00001eb246370"
"11470","Zm00001eb233840"
"11471","Zm00001eb239070"
"11472","Zm00001eb213750"
"11473","Zm00001eb217350"
"11474","Zm00001eb247160"
"11475","Zm00001eb212080"
"11476","Zm00001eb233320"
"11477","Zm00001eb220790"
"11478","Zm00001eb229550"
"11479","Zm00001eb248440"
"11480","Zm00001eb251400"
"11481","Zm00001eb232210"
"11482","Zm00001eb245920"
"11483","Zm00001eb210890"
"11484","Zm00001eb223100"
"11485","Zm00001eb226160"
"11486","Zm00001eb247580"
"11487","Zm00001eb227460"
"11488","Zm00001eb215350"
"11489","Zm00001eb248340"
"11490","Zm00001eb216130"
"11491","Zm00001eb227200"
"11492","Zm00001eb217310"
"11493","Zm00001eb217360"
"11494","Zm00001eb251420"
"11495","Zm00001eb215870"
"11496","Zm00001eb258460"
"11497","Zm00001eb253130"
"11498","Zm00001eb231790"
"11499","Zm00001eb242610"
"11500","Zm00001eb226770"
"11501","Zm00001eb211860"
"11502","Zm00001eb250210"
"11503","Zm00001eb225200"
"11504","Zm00001eb254800"
"11505","Zm00001eb212510"
"11506","Zm00001eb256020"
"11507","Zm00001eb243140"
"11508","Zm00001eb237460"
"11509","Zm00001eb214540"
"11510","Zm00001eb257860"
"11511","Zm00001eb255990"
"11512","Zm00001eb243360"
"11513","Zm00001eb244680"
"11514","Zm00001eb242010"
"11515","Zm00001eb258070"
"11516","Zm00001eb222640"
"11517","Zm00001eb245200"
"11518","Zm00001eb232450"
"11519","Zm00001eb232700"
"11520","Zm00001eb240440"
"11521","Zm00001eb228280"
"11522","Zm00001eb216090"
"11523","Zm00001eb241000"
"11524","Zm00001eb219300"
"11525","Zm00001eb216230"
"11526","Zm00001eb236840"
"11527","Zm00001eb250570"
"11528","Zm00001eb215950"
"11529","Zm00001eb240130"
"11530","Zm00001eb255370"
"11531","Zm00001eb214280"
"11532","Zm00001eb255540"
"11533","Zm00001eb256570"
"11534","Zm00001eb229990"
"11535","Zm00001eb222930"
"11536","Zm00001eb244910"
"11537","Zm00001eb240630"
"11538","Zm00001eb218300"
"11539","Zm00001eb259290"
"11540","Zm00001eb233790"
"11541","Zm00001eb222240"
"11542","Zm00001eb227160"
"11543","Zm00001eb219720"
"11544","Zm00001eb251060"
"11545","Zm00001eb237120"
"11546","Zm00001eb226290"
"11547","Zm00001eb220060"
"11548","Zm00001eb238780"
"11549","Zm00001eb224690"
"11550","Zm00001eb243820"
"11551","Zm00001eb220380"
"11552","Zm00001eb210840"
"11553","Zm00001eb222320"
"11554","Zm00001eb224200"
"11555","Zm00001eb215370"
"11556","Zm00001eb254570"
"11557","Zm00001eb210900"
"11558","Zm00001eb231070"
"11559","Zm00001eb232200"
"11560","Zm00001eb244120"
"11561","Zm00001eb211130"
"11562","Zm00001eb231820"
"11563","Zm00001eb250620"
"11564","Zm00001eb247180"
"11565","Zm00001eb212400"
"11566","Zm00001eb252690"
"11567","Zm00001eb235490"
"11568","Zm00001eb238590"
"11569","Zm00001eb243600"
"11570","Zm00001eb246340"
"11571","Zm00001eb239130"
"11572","Zm00001eb230940"
"11573","Zm00001eb212170"
"11574","Zm00001eb252330"
"11575","Zm00001eb238050"
"11576","Zm00001eb228060"
"11577","Zm00001eb237170"
"11578","Zm00001eb213380"
"11579","Zm00001eb241630"
"11580","Zm00001eb253380"
"11581","Zm00001eb224450"
"11582","Zm00001eb256600"
"11583","Zm00001eb228920"
"11584","Zm00001eb237040"
"11585","Zm00001eb255850"
"11586","Zm00001eb230090"
"11587","Zm00001eb224570"
"11588","Zm00001eb253150"
"11589","Zm00001eb248160"
"11590","Zm00001eb255580"
"11591","Zm00001eb247910"
"11592","Zm00001eb224700"
"11593","Zm00001eb210860"
"11594","Zm00001eb212620"
"11595","Zm00001eb214720"
"11596","Zm00001eb234250"
"11597","Zm00001eb215980"
"11598","Zm00001eb237570"
"11599","Zm00001eb247450"
"11600","Zm00001eb221790"
"11601","Zm00001eb217370"
"11602","Zm00001eb245770"
"11603","Zm00001eb214530"
"11604","Zm00001eb220340"
"11605","Zm00001eb218740"
"11606","Zm00001eb213200"
"11607","Zm00001eb211450"
"11608","Zm00001eb248520"
"11609","Zm00001eb232740"
"11610","Zm00001eb257650"
"11611","Zm00001eb256490"
"11612","Zm00001eb211370"
"11613","Zm00001eb213170"
"11614","Zm00001eb257580"
"11615","Zm00001eb217170"
"11616","Zm00001eb227080"
"11617","Zm00001eb219080"
"11618","Zm00001eb256420"
"11619","Zm00001eb210770"
"11620","Zm00001eb212690"
"11621","Zm00001eb215070"
"11622","Zm00001eb234150"
"11623","Zm00001eb226380"
"11624","Zm00001eb254600"
"11625","Zm00001eb221680"
"11626","Zm00001eb236700"
"11627","Zm00001eb249550"
"11628","Zm00001eb230490"
"11629","Zm00001eb228530"
"11630","Zm00001eb242360"
"11631","Zm00001eb220980"
"11632","Zm00001eb239190"
"11633","Zm00001eb246720"
"11634","Zm00001eb251530"
"11635","Zm00001eb248280"
"11636","Zm00001eb216660"
"11637","Zm00001eb228680"
"11638","Zm00001eb215580"
"11639","Zm00001eb211100"
"11640","Zm00001eb252570"
"11641","Zm00001eb254290"
"11642","Zm00001eb237750"
"11643","Zm00001eb242750"
"11644","Zm00001eb214820"
"11645","Zm00001eb222350"
"11646","Zm00001eb245930"
"11647","Zm00001eb235880"
"11648","Zm00001eb212440"
"11649","Zm00001eb216440"
"11650","Zm00001eb218810"
"11651","Zm00001eb235350"
"11652","Zm00001eb233230"
"11653","Zm00001eb231640"
"11654","Zm00001eb213730"
"11655","Zm00001eb227830"
"11656","Zm00001eb244400"
"11657","Zm00001eb235320"
"11658","Zm00001eb216380"
"11659","Zm00001eb256910"
"11660","Zm00001eb252320"
"11661","Zm00001eb241690"
"11662","Zm00001eb257450"
"11663","Zm00001eb245170"
"11664","Zm00001eb239020"
"11665","Zm00001eb235800"
"11666","Zm00001eb249400"
"11667","Zm00001eb252420"
"11668","Zm00001eb257840"
"11669","Zm00001eb243470"
"11670","Zm00001eb234190"
"11671","Zm00001eb219260"
"11672","Zm00001eb258850"
"11673","Zm00001eb217010"
"11674","Zm00001eb247710"
"11675","Zm00001eb238020"
"11676","Zm00001eb232640"
"11677","Zm00001eb257040"
"11678","Zm00001eb216930"
"11679","Zm00001eb230400"
"11680","Zm00001eb217110"
"11681","Zm00001eb237920"
"11682","Zm00001eb247860"
"11683","Zm00001eb238140"
"11684","Zm00001eb219520"
"11685","Zm00001eb249340"
"11686","Zm00001eb212890"
"11687","Zm00001eb255040"
"11688","Zm00001eb216120"
"11689","Zm00001eb213970"
"11690","Zm00001eb248330"
"11691","Zm00001eb219880"
"11692","Zm00001eb254530"
"11693","Zm00001eb255100"
"11694","Zm00001eb249430"
"11695","Zm00001eb250770"
"11696","Zm00001eb251390"
"11697","Zm00001eb236930"
"11698","Zm00001eb229010"
"11699","Zm00001eb246440"
"11700","Zm00001eb245310"
"11701","Zm00001eb221070"
"11702","Zm00001eb258930"
"11703","Zm00001eb227670"
"11704","Zm00001eb258010"
"11705","Zm00001eb252180"
"11706","Zm00001eb254680"
"11707","Zm00001eb213600"
"11708","Zm00001eb224470"
"11709","Zm00001eb213120"
"11710","Zm00001eb229200"
"11711","Zm00001eb221580"
"11712","Zm00001eb241990"
"11713","Zm00001eb253900"
"11714","Zm00001eb258290"
"11715","Zm00001eb229540"
"11716","Zm00001eb248640"
"11717","Zm00001eb257310"
"11718","Zm00001eb251280"
"11719","Zm00001eb221260"
"11720","Zm00001eb234510"
"11721","Zm00001eb224110"
"11722","Zm00001eb253140"
"11723","Zm00001eb222270"
"11724","Zm00001eb213080"
"11725","Zm00001eb211780"
"11726","Zm00001eb212480"
"11727","Zm00001eb231060"
"11728","Zm00001eb252660"
"11729","Zm00001eb246070"
"11730","Zm00001eb215470"
"11731","Zm00001eb220030"
"11732","Zm00001eb248840"
"11733","Zm00001eb254930"
"11734","Zm00001eb212670"
"11735","Zm00001eb245950"
"11736","Zm00001eb255320"
"11737","Zm00001eb218860"
"11738","Zm00001eb240090"
"11739","Zm00001eb240790"
"11740","Zm00001eb223490"
"11741","Zm00001eb259460"
"11742","Zm00001eb228100"
"11743","Zm00001eb215990"
"11744","Zm00001eb233940"
"11745","Zm00001eb221480"
"11746","Zm00001eb225160"
"11747","Zm00001eb249600"
"11748","Zm00001eb254480"
"11749","Zm00001eb257960"
"11750","Zm00001eb249730"
"11751","Zm00001eb213330"
"11752","Zm00001eb258510"
"11753","Zm00001eb243900"
"11754","Zm00001eb228540"
"11755","Zm00001eb221890"
"11756","Zm00001eb253990"
"11757","Zm00001eb224900"
"11758","Zm00001eb252890"
"11759","Zm00001eb227740"
"11760","Zm00001eb251680"
"11761","Zm00001eb215060"
"11762","Zm00001eb254590"
"11763","Zm00001eb256700"
"11764","Zm00001eb257500"
"11765","Zm00001eb227710"
"11766","Zm00001eb255460"
"11767","Zm00001eb240930"
"11768","Zm00001eb230740"
"11769","Zm00001eb234730"
"11770","Zm00001eb232150"
"11771","Zm00001eb238330"
"11772","Zm00001eb215540"
"11773","Zm00001eb229170"
"11774","Zm00001eb219190"
"11775","Zm00001eb256370"
"11776","Zm00001eb222980"
"11777","Zm00001eb212580"
"11778","Zm00001eb218690"
"11779","Zm00001eb213650"
"11780","Zm00001eb253720"
"11781","Zm00001eb246770"
"11782","Zm00001eb253070"
"11783","Zm00001eb217220"
"11784","Zm00001eb229270"
"11785","Zm00001eb246280"
"11786","Zm00001eb248920"
"11787","Zm00001eb216920"
"11788","Zm00001eb232530"
"11789","Zm00001eb210420"
"11790","Zm00001eb218410"
"11791","Zm00001eb213450"
"11792","Zm00001eb258970"
"11793","Zm00001eb237910"
"11794","Zm00001eb223840"
"11795","Zm00001eb231100"
"11796","Zm00001eb244560"
"11797","Zm00001eb210570"
"11798","Zm00001eb214920"
"11799","Zm00001eb241520"
"11800","Zm00001eb211460"
"11801","Zm00001eb233270"
"11802","Zm00001eb231340"
"11803","Zm00001eb237680"
"11804","Zm00001eb251820"
"11805","Zm00001eb252250"
"11806","Zm00001eb242890"
"11807","Zm00001eb235620"
"11808","Zm00001eb257900"
"11809","Zm00001eb232970"
"11810","Zm00001eb233100"
"11811","Zm00001eb236140"
"11812","Zm00001eb245760"
"11813","Zm00001eb321680"
"11814","Zm00001eb314140"
"11815","Zm00001eb306400"
"11816","Zm00001eb317720"
"11817","Zm00001eb298570"
"11818","Zm00001eb323840"
"11819","Zm00001eb331240"
"11820","Zm00001eb331160"
"11821","Zm00001eb319330"
"11822","Zm00001eb330180"
"11823","Zm00001eb298670"
"11824","Zm00001eb309260"
"11825","Zm00001eb325040"
"11826","Zm00001eb305670"
"11827","Zm00001eb320270"
"11828","Zm00001eb331770"
"11829","Zm00001eb311790"
"11830","Zm00001eb317540"
"11831","Zm00001eb321420"
"11832","Zm00001eb314660"
"11833","Zm00001eb306060"
"11834","Zm00001eb326830"
"11835","Zm00001eb306100"
"11836","Zm00001eb321070"
"11837","Zm00001eb307520"
"11838","Zm00001eb317810"
"11839","Zm00001eb325580"
"11840","Zm00001eb327880"
"11841","Zm00001eb316120"
"11842","Zm00001eb318220"
"11843","Zm00001eb298480"
"11844","Zm00001eb307400"
"11845","Zm00001eb302600"
"11846","Zm00001eb312170"
"11847","Zm00001eb330480"
"11848","Zm00001eb314440"
"11849","Zm00001eb302660"
"11850","Zm00001eb307310"
"11851","Zm00001eb318820"
"11852","Zm00001eb301490"
"11853","Zm00001eb315320"
"11854","Zm00001eb304600"
"11855","Zm00001eb302260"
"11856","Zm00001eb300730"
"11857","Zm00001eb323120"
"11858","Zm00001eb311020"
"11859","Zm00001eb317070"
"11860","Zm00001eb328680"
"11861","Zm00001eb325820"
"11862","Zm00001eb314540"
"11863","Zm00001eb327620"
"11864","Zm00001eb321750"
"11865","Zm00001eb309760"
"11866","Zm00001eb322630"
"11867","Zm00001eb320900"
"11868","Zm00001eb323410"
"11869","Zm00001eb313310"
"11870","Zm00001eb325970"
"11871","Zm00001eb310270"
"11872","Zm00001eb318630"
"11873","Zm00001eb317210"
"11874","Zm00001eb299040"
"11875","Zm00001eb324000"
"11876","Zm00001eb329520"
"11877","Zm00001eb311850"
"11878","Zm00001eb330380"
"11879","Zm00001eb310490"
"11880","Zm00001eb303850"
"11881","Zm00001eb314470"
"11882","Zm00001eb317110"
"11883","Zm00001eb298620"
"11884","Zm00001eb310450"
"11885","Zm00001eb305620"
"11886","Zm00001eb320360"
"11887","Zm00001eb323470"
"11888","Zm00001eb325510"
"11889","Zm00001eb299760"
"11890","Zm00001eb320860"
"11891","Zm00001eb301320"
"11892","Zm00001eb325710"
"11893","Zm00001eb314240"
"11894","Zm00001eb310560"
"11895","Zm00001eb326080"
"11896","Zm00001eb312720"
"11897","Zm00001eb316410"
"11898","Zm00001eb312070"
"11899","Zm00001eb316700"
"11900","Zm00001eb313160"
"11901","Zm00001eb313460"
"11902","Zm00001eb320530"
"11903","Zm00001eb308560"
"11904","Zm00001eb319970"
"11905","Zm00001eb328900"
"11906","Zm00001eb300760"
"11907","Zm00001eb323310"
"11908","Zm00001eb321620"
"11909","Zm00001eb300160"
"11910","Zm00001eb309310"
"11911","Zm00001eb326230"
"11912","Zm00001eb321050"
"11913","Zm00001eb327340"
"11914","Zm00001eb320190"
"11915","Zm00001eb329780"
"11916","Zm00001eb326320"
"11917","Zm00001eb320130"
"11918","Zm00001eb314040"
"11919","Zm00001eb318320"
"11920","Zm00001eb300880"
"11921","Zm00001eb327750"
"11922","Zm00001eb304930"
"11923","Zm00001eb316070"
"11924","Zm00001eb312630"
"11925","Zm00001eb325840"
"11926","Zm00001eb322690"
"11927","Zm00001eb309610"
"11928","Zm00001eb302880"
"11929","Zm00001eb327120"
"11930","Zm00001eb330080"
"11931","Zm00001eb303410"
"11932","Zm00001eb302140"
"11933","Zm00001eb305860"
"11934","Zm00001eb297990"
"11935","Zm00001eb303690"
"11936","Zm00001eb326620"
"11937","Zm00001eb303740"
"11938","Zm00001eb320090"
"11939","Zm00001eb327970"
"11940","Zm00001eb301580"
"11941","Zm00001eb310710"
"11942","Zm00001eb324930"
"11943","Zm00001eb308280"
"11944","Zm00001eb300770"
"11945","Zm00001eb305370"
"11946","Zm00001eb300710"
"11947","Zm00001eb322180"
"11948","Zm00001eb297970"
"11949","Zm00001eb305940"
"11950","Zm00001eb316440"
"11951","Zm00001eb330510"
"11952","Zm00001eb331370"
"11953","Zm00001eb323600"
"11954","Zm00001eb330280"
"11955","Zm00001eb330450"
"11956","Zm00001eb301630"
"11957","Zm00001eb303040"
"11958","Zm00001eb301160"
"11959","Zm00001eb307170"
"11960","Zm00001eb322440"
"11961","Zm00001eb323280"
"11962","Zm00001eb301000"
"11963","Zm00001eb323810"
"11964","Zm00001eb330230"
"11965","Zm00001eb312700"
"11966","Zm00001eb314600"
"11967","Zm00001eb311900"
"11968","Zm00001eb328110"
"11969","Zm00001eb321790"
"11970","Zm00001eb319730"
"11971","Zm00001eb329490"
"11972","Zm00001eb316510"
"11973","Zm00001eb306480"
"11974","Zm00001eb314570"
"11975","Zm00001eb331610"
"11976","Zm00001eb322130"
"11977","Zm00001eb309360"
"11978","Zm00001eb322950"
"11979","Zm00001eb298230"
"11980","Zm00001eb300920"
"11981","Zm00001eb309160"
"11982","Zm00001eb325090"
"11983","Zm00001eb306410"
"11984","Zm00001eb304740"
"11985","Zm00001eb324260"
"11986","Zm00001eb322300"
"11987","Zm00001eb328280"
"11988","Zm00001eb322060"
"11989","Zm00001eb329840"
"11990","Zm00001eb318300"
"11991","Zm00001eb300010"
"11992","Zm00001eb307100"
"11993","Zm00001eb330100"
"11994","Zm00001eb327460"
"11995","Zm00001eb308350"
"11996","Zm00001eb306020"
"11997","Zm00001eb304070"
"11998","Zm00001eb311820"
"11999","Zm00001eb329920"
"12000","Zm00001eb311560"
"12001","Zm00001eb327810"
"12002","Zm00001eb329540"
"12003","Zm00001eb300120"
"12004","Zm00001eb326880"
"12005","Zm00001eb315870"
"12006","Zm00001eb329390"
"12007","Zm00001eb331750"
"12008","Zm00001eb320080"
"12009","Zm00001eb330650"
"12010","Zm00001eb315450"
"12011","Zm00001eb329740"
"12012","Zm00001eb328000"
"12013","Zm00001eb298130"
"12014","Zm00001eb303720"
"12015","Zm00001eb316030"
"12016","Zm00001eb324170"
"12017","Zm00001eb328430"
"12018","Zm00001eb313890"
"12019","Zm00001eb318540"
"12020","Zm00001eb323030"
"12021","Zm00001eb319050"
"12022","Zm00001eb302370"
"12023","Zm00001eb307770"
"12024","Zm00001eb314010"
"12025","Zm00001eb319790"
"12026","Zm00001eb311400"
"12027","Zm00001eb331000"
"12028","Zm00001eb320430"
"12029","Zm00001eb307070"
"12030","Zm00001eb311660"
"12031","Zm00001eb304750"
"12032","Zm00001eb332090"
"12033","Zm00001eb328760"
"12034","Zm00001eb326510"
"12035","Zm00001eb309490"
"12036","Zm00001eb305010"
"12037","Zm00001eb299750"
"12038","Zm00001eb302250"
"12039","Zm00001eb308620"
"12040","Zm00001eb311180"
"12041","Zm00001eb299920"
"12042","Zm00001eb327170"
"12043","Zm00001eb312180"
"12044","Zm00001eb313690"
"12045","Zm00001eb322020"
"12046","Zm00001eb306870"
"12047","Zm00001eb319950"
"12048","Zm00001eb308420"
"12049","Zm00001eb305770"
"12050","Zm00001eb298270"
"12051","Zm00001eb322380"
"12052","Zm00001eb324690"
"12053","Zm00001eb323550"
"12054","Zm00001eb315040"
"12055","Zm00001eb327240"
"12056","Zm00001eb309200"
"12057","Zm00001eb327480"
"12058","Zm00001eb302190"
"12059","Zm00001eb300090"
"12060","Zm00001eb318990"
"12061","Zm00001eb304550"
"12062","Zm00001eb323590"
"12063","Zm00001eb309520"
"12064","Zm00001eb312980"
"12065","Zm00001eb329250"
"12066","Zm00001eb308000"
"12067","Zm00001eb312740"
"12068","Zm00001eb316450"
"12069","Zm00001eb312560"
"12070","Zm00001eb326410"
"12071","Zm00001eb314270"
"12072","Zm00001eb307130"
"12073","Zm00001eb310960"
"12074","Zm00001eb316800"
"12075","Zm00001eb300940"
"12076","Zm00001eb324510"
"12077","Zm00001eb308690"
"12078","Zm00001eb323830"
"12079","Zm00001eb326670"
"12080","Zm00001eb315910"
"12081","Zm00001eb330750"
"12082","Zm00001eb311680"
"12083","Zm00001eb315610"
"12084","Zm00001eb317040"
"12085","Zm00001eb312330"
"12086","Zm00001eb309300"
"12087","Zm00001eb320020"
"12088","Zm00001eb327450"
"12089","Zm00001eb320830"
"12090","Zm00001eb331890"
"12091","Zm00001eb329080"
"12092","Zm00001eb324620"
"12093","Zm00001eb317740"
"12094","Zm00001eb325550"
"12095","Zm00001eb323480"
"12096","Zm00001eb316960"
"12097","Zm00001eb325500"
"12098","Zm00001eb321200"
"12099","Zm00001eb327390"
"12100","Zm00001eb311110"
"12101","Zm00001eb323150"
"12102","Zm00001eb300060"
"12103","Zm00001eb321580"
"12104","Zm00001eb299740"
"12105","Zm00001eb329290"
"12106","Zm00001eb304060"
"12107","Zm00001eb303810"
"12108","Zm00001eb322260"
"12109","Zm00001eb303370"
"12110","Zm00001eb314350"
"12111","Zm00001eb321380"
"12112","Zm00001eb303500"
"12113","Zm00001eb325110"
"12114","Zm00001eb309730"
"12115","Zm00001eb324250"
"12116","Zm00001eb315410"
"12117","Zm00001eb324530"
"12118","Zm00001eb311010"
"12119","Zm00001eb332060"
"12120","Zm00001eb315760"
"12121","Zm00001eb304500"
"12122","Zm00001eb317280"
"12123","Zm00001eb317590"
"12124","Zm00001eb302270"
"12125","Zm00001eb305640"
"12126","Zm00001eb317160"
"12127","Zm00001eb298260"
"12128","Zm00001eb305710"
"12129","Zm00001eb331030"
"12130","Zm00001eb315240"
"12131","Zm00001eb330680"
"12132","Zm00001eb312870"
"12133","Zm00001eb319280"
"12134","Zm00001eb303580"
"12135","Zm00001eb319590"
"12136","Zm00001eb307760"
"12137","Zm00001eb312260"
"12138","Zm00001eb314830"
"12139","Zm00001eb320450"
"12140","Zm00001eb307530"
"12141","Zm00001eb328050"
"12142","Zm00001eb319110"
"12143","Zm00001eb314170"
"12144","Zm00001eb314430"
"12145","Zm00001eb311430"
"12146","Zm00001eb325830"
"12147","Zm00001eb330810"
"12148","Zm00001eb319140"
"12149","Zm00001eb328590"
"12150","Zm00001eb301750"
"12151","Zm00001eb328240"
"12152","Zm00001eb328090"
"12153","Zm00001eb313010"
"12154","Zm00001eb313430"
"12155","Zm00001eb304890"
"12156","Zm00001eb325100"
"12157","Zm00001eb331630"
"12158","Zm00001eb325920"
"12159","Zm00001eb300780"
"12160","Zm00001eb299190"
"12161","Zm00001eb326040"
"12162","Zm00001eb327960"
"12163","Zm00001eb322510"
"12164","Zm00001eb322600"
"12165","Zm00001eb312400"
"12166","Zm00001eb306290"
"12167","Zm00001eb318810"
"12168","Zm00001eb329660"
"12169","Zm00001eb306880"
"12170","Zm00001eb304630"
"12171","Zm00001eb317060"
"12172","Zm00001eb331960"
"12173","Zm00001eb300750"
"12174","Zm00001eb320120"
"12175","Zm00001eb309040"
"12176","Zm00001eb325410"
"12177","Zm00001eb315150"
"12178","Zm00001eb309380"
"12179","Zm00001eb305180"
"12180","Zm00001eb302830"
"12181","Zm00001eb318160"
"12182","Zm00001eb307680"
"12183","Zm00001eb313370"
"12184","Zm00001eb325080"
"12185","Zm00001eb330910"
"12186","Zm00001eb310330"
"12187","Zm00001eb308780"
"12188","Zm00001eb306510"
"12189","Zm00001eb324440"
"12190","Zm00001eb329210"
"12191","Zm00001eb320950"
"12192","Zm00001eb328570"
"12193","Zm00001eb326640"
"12194","Zm00001eb314790"
"12195","Zm00001eb308070"
"12196","Zm00001eb331450"
"12197","Zm00001eb311440"
"12198","Zm00001eb311390"
"12199","Zm00001eb319410"
"12200","Zm00001eb309530"
"12201","Zm00001eb326460"
"12202","Zm00001eb306670"
"12203","Zm00001eb314250"
"12204","Zm00001eb317930"
"12205","Zm00001eb306370"
"12206","Zm00001eb304250"
"12207","Zm00001eb317090"
"12208","Zm00001eb330030"
"12209","Zm00001eb305290"
"12210","Zm00001eb303090"
"12211","Zm00001eb300970"
"12212","Zm00001eb312360"
"12213","Zm00001eb299290"
"12214","Zm00001eb301040"
"12215","Zm00001eb327250"
"12216","Zm00001eb330800"
"12217","Zm00001eb330350"
"12218","Zm00001eb331930"
"12219","Zm00001eb298040"
"12220","Zm00001eb304770"
"12221","Zm00001eb306570"
"12222","Zm00001eb305170"
"12223","Zm00001eb307360"
"12224","Zm00001eb322150"
"12225","Zm00001eb327990"
"12226","Zm00001eb312010"
"12227","Zm00001eb314120"
"12228","Zm00001eb303080"
"12229","Zm00001eb320510"
"12230","Zm00001eb315860"
"12231","Zm00001eb329400"
"12232","Zm00001eb325270"
"12233","Zm00001eb299990"
"12234","Zm00001eb305490"
"12235","Zm00001eb310980"
"12236","Zm00001eb316050"
"12237","Zm00001eb302680"
"12238","Zm00001eb316810"
"12239","Zm00001eb307060"
"12240","Zm00001eb318390"
"12241","Zm00001eb308540"
"12242","Zm00001eb322740"
"12243","Zm00001eb325020"
"12244","Zm00001eb319550"
"12245","Zm00001eb328410"
"12246","Zm00001eb319030"
"12247","Zm00001eb317580"
"12248","Zm00001eb320420"
"12249","Zm00001eb330830"
"12250","Zm00001eb322290"
"12251","Zm00001eb318720"
"12252","Zm00001eb316620"
"12253","Zm00001eb315920"
"12254","Zm00001eb326860"
"12255","Zm00001eb308220"
"12256","Zm00001eb325380"
"12257","Zm00001eb331790"
"12258","Zm00001eb307290"
"12259","Zm00001eb321360"
"12260","Zm00001eb327820"
"12261","Zm00001eb310820"
"12262","Zm00001eb315030"
"12263","Zm00001eb322350"
"12264","Zm00001eb321890"
"12265","Zm00001eb310470"
"12266","Zm00001eb327320"
"12267","Zm00001eb315840"
"12268","Zm00001eb326760"
"12269","Zm00001eb326520"
"12270","Zm00001eb315330"
"12271","Zm00001eb331880"
"12272","Zm00001eb327060"
"12273","Zm00001eb329790"
"12274","Zm00001eb313850"
"12275","Zm00001eb304560"
"12276","Zm00001eb308990"
"12277","Zm00001eb322040"
"12278","Zm00001eb323140"
"12279","Zm00001eb330600"
"12280","Zm00001eb322900"
"12281","Zm00001eb321960"
"12282","Zm00001eb303610"
"12283","Zm00001eb306580"
"12284","Zm00001eb326030"
"12285","Zm00001eb304160"
"12286","Zm00001eb329030"
"12287","Zm00001eb310390"
"12288","Zm00001eb314300"
"12289","Zm00001eb305840"
"12290","Zm00001eb321830"
"12291","Zm00001eb302210"
"12292","Zm00001eb318620"
"12293","Zm00001eb326920"
"12294","Zm00001eb299960"
"12295","Zm00001eb311420"
"12296","Zm00001eb319400"
"12297","Zm00001eb319600"
"12298","Zm00001eb303990"
"12299","Zm00001eb321770"
"12300","Zm00001eb322660"
"12301","Zm00001eb317860"
"12302","Zm00001eb316390"
"12303","Zm00001eb316950"
"12304","Zm00001eb319000"
"12305","Zm00001eb300250"
"12306","Zm00001eb320330"
"12307","Zm00001eb306610"
"12308","Zm00001eb319270"
"12309","Zm00001eb318770"
"12310","Zm00001eb320580"
"12311","Zm00001eb323920"
"12312","Zm00001eb301250"
"12313","Zm00001eb331590"
"12314","Zm00001eb322430"
"12315","Zm00001eb329860"
"12316","Zm00001eb300900"
"12317","Zm00001eb309080"
"12318","Zm00001eb308380"
"12319","Zm00001eb298020"
"12320","Zm00001eb325480"
"12321","Zm00001eb310570"
"12322","Zm00001eb326960"
"12323","Zm00001eb327790"
"12324","Zm00001eb300740"
"12325","Zm00001eb327950"
"12326","Zm00001eb316290"
"12327","Zm00001eb312040"
"12328","Zm00001eb331390"
"12329","Zm00001eb332010"
"12330","Zm00001eb298080"
"12331","Zm00001eb327640"
"12332","Zm00001eb302330"
"12333","Zm00001eb325060"
"12334","Zm00001eb309600"
"12335","Zm00001eb312530"
"12336","Zm00001eb314490"
"12337","Zm00001eb308430"
"12338","Zm00001eb315140"
"12339","Zm00001eb331970"
"12340","Zm00001eb320650"
"12341","Zm00001eb314020"
"12342","Zm00001eb329270"
"12343","Zm00001eb314060"
"12344","Zm00001eb318350"
"12345","Zm00001eb328350"
"12346","Zm00001eb301520"
"12347","Zm00001eb303710"
"12348","Zm00001eb323520"
"12349","Zm00001eb325000"
"12350","Zm00001eb331470"
"12351","Zm00001eb315470"
"12352","Zm00001eb311800"
"12353","Zm00001eb331340"
"12354","Zm00001eb321180"
"12355","Zm00001eb322530"
"12356","Zm00001eb300690"
"12357","Zm00001eb327290"
"12358","Zm00001eb321060"
"12359","Zm00001eb302580"
"12360","Zm00001eb308530"
"12361","Zm00001eb317450"
"12362","Zm00001eb329950"
"12363","Zm00001eb310730"
"12364","Zm00001eb310860"
"12365","Zm00001eb322610"
"12366","Zm00001eb330160"
"12367","Zm00001eb321900"
"12368","Zm00001eb301860"
"12369","Zm00001eb331740"
"12370","Zm00001eb322940"
"12371","Zm00001eb323530"
"12372","Zm00001eb320810"
"12373","Zm00001eb322370"
"12374","Zm00001eb305590"
"12375","Zm00001eb315020"
"12376","Zm00001eb330260"
"12377","Zm00001eb331950"
"12378","Zm00001eb321530"
"12379","Zm00001eb329710"
"12380","Zm00001eb309020"
"12381","Zm00001eb306940"
"12382","Zm00001eb322340"
"12383","Zm00001eb298400"
"12384","Zm00001eb330190"
"12385","Zm00001eb319010"
"12386","Zm00001eb298950"
"12387","Zm00001eb301440"
"12388","Zm00001eb307420"
"12389","Zm00001eb326740"
"12390","Zm00001eb317510"
"12391","Zm00001eb307510"
"12392","Zm00001eb322080"
"12393","Zm00001eb318210"
"12394","Zm00001eb326060"
"12395","Zm00001eb324540"
"12396","Zm00001eb319240"
"12397","Zm00001eb314580"
"12398","Zm00001eb320640"
"12399","Zm00001eb314310"
"12400","Zm00001eb316300"
"12401","Zm00001eb315660"
"12402","Zm00001eb329680"
"12403","Zm00001eb318750"
"12404","Zm00001eb313290"
"12405","Zm00001eb322750"
"12406","Zm00001eb320850"
"12407","Zm00001eb319680"
"12408","Zm00001eb312640"
"12409","Zm00001eb323710"
"12410","Zm00001eb317430"
"12411","Zm00001eb321990"
"12412","Zm00001eb331780"
"12413","Zm00001eb329060"
"12414","Zm00001eb320910"
"12415","Zm00001eb309100"
"12416","Zm00001eb317800"
"12417","Zm00001eb323070"
"12418","Zm00001eb329510"
"12419","Zm00001eb318610"
"12420","Zm00001eb325850"
"12421","Zm00001eb307700"
"12422","Zm00001eb325310"
"12423","Zm00001eb303360"
"12424","Zm00001eb308860"
"12425","Zm00001eb305960"
"12426","Zm00001eb330760"
"12427","Zm00001eb311150"
"12428","Zm00001eb317640"
"12429","Zm00001eb309480"
"12430","Zm00001eb329870"
"12431","Zm00001eb305410"
"12432","Zm00001eb304990"
"12433","Zm00001eb324850"
"12434","Zm00001eb322400"
"12435","Zm00001eb305690"
"12436","Zm00001eb310830"
"12437","Zm00001eb327330"
"12438","Zm00001eb300000"
"12439","Zm00001eb301430"
"12440","Zm00001eb298010"
"12441","Zm00001eb318560"
"12442","Zm00001eb331300"
"12443","Zm00001eb329410"
"12444","Zm00001eb323460"
"12445","Zm00001eb320520"
"12446","Zm00001eb315430"
"12447","Zm00001eb329220"
"12448","Zm00001eb329360"
"12449","Zm00001eb329590"
"12450","Zm00001eb328950"
"12451","Zm00001eb305810"
"12452","Zm00001eb309620"
"12453","Zm00001eb323570"
"12454","Zm00001eb308400"
"12455","Zm00001eb298700"
"12456","Zm00001eb309580"
"12457","Zm00001eb301240"
"12458","Zm00001eb331120"
"12459","Zm00001eb312600"
"12460","Zm00001eb303220"
"12461","Zm00001eb318410"
"12462","Zm00001eb314690"
"12463","Zm00001eb306380"
"12464","Zm00001eb320730"
"12465","Zm00001eb308480"
"12466","Zm00001eb321710"
"12467","Zm00001eb321260"
"12468","Zm00001eb326290"
"12469","Zm00001eb309720"
"12470","Zm00001eb325880"
"12471","Zm00001eb319500"
"12472","Zm00001eb306790"
"12473","Zm00001eb299510"
"12474","Zm00001eb324710"
"12475","Zm00001eb303760"
"12476","Zm00001eb320540"
"12477","Zm00001eb328490"
"12478","Zm00001eb306930"
"12479","Zm00001eb304260"
"12480","Zm00001eb298320"
"12481","Zm00001eb312910"
"12482","Zm00001eb327510"
"12483","Zm00001eb301780"
"12484","Zm00001eb304540"
"12485","Zm00001eb325800"
"12486","Zm00001eb309540"
"12487","Zm00001eb320820"
"12488","Zm00001eb322620"
"12489","Zm00001eb330740"
"12490","Zm00001eb327220"
"12491","Zm00001eb309320"
"12492","Zm00001eb298290"
"12493","Zm00001eb330170"
"12494","Zm00001eb304320"
"12495","Zm00001eb332120"
"12496","Zm00001eb303420"
"12497","Zm00001eb320280"
"12498","Zm00001eb305680"
"12499","Zm00001eb317460"
"12500","Zm00001eb309880"
"12501","Zm00001eb303030"
"12502","Zm00001eb302700"
"12503","Zm00001eb322110"
"12504","Zm00001eb306040"
"12505","Zm00001eb327580"
"12506","Zm00001eb300410"
"12507","Zm00001eb325640"
"12508","Zm00001eb298600"
"12509","Zm00001eb329770"
"12510","Zm00001eb301010"
"12511","Zm00001eb325010"
"12512","Zm00001eb300170"
"12513","Zm00001eb319990"
"12514","Zm00001eb328390"
"12515","Zm00001eb328580"
"12516","Zm00001eb315970"
"12517","Zm00001eb331520"
"12518","Zm00001eb303240"
"12519","Zm00001eb299880"
"12520","Zm00001eb311870"
"12521","Zm00001eb317920"
"12522","Zm00001eb328260"
"12523","Zm00001eb326000"
"12524","Zm00001eb327740"
"12525","Zm00001eb325900"
"12526","Zm00001eb318080"
"12527","Zm00001eb324210"
"12528","Zm00001eb331990"
"12529","Zm00001eb313920"
"12530","Zm00001eb320660"
"12531","Zm00001eb318730"
"12532","Zm00001eb314050"
"12533","Zm00001eb324160"
"12534","Zm00001eb309230"
"12535","Zm00001eb319820"
"12536","Zm00001eb301380"
"12537","Zm00001eb326930"
"12538","Zm00001eb326610"
"12539","Zm00001eb321330"
"12540","Zm00001eb317760"
"12541","Zm00001eb320150"
"12542","Zm00001eb327410"
"12543","Zm00001eb312300"
"12544","Zm00001eb298980"
"12545","Zm00001eb318180"
"12546","Zm00001eb325610"
"12547","Zm00001eb323440"
"12548","Zm00001eb330460"
"12549","Zm00001eb300910"
"12550","Zm00001eb299520"
"12551","Zm00001eb310770"
"12552","Zm00001eb304110"
"12553","Zm00001eb325180"
"12554","Zm00001eb303280"
"12555","Zm00001eb316420"
"12556","Zm00001eb328460"
"12557","Zm00001eb305450"
"12558","Zm00001eb317310"
"12559","Zm00001eb303480"
"12560","Zm00001eb325360"
"12561","Zm00001eb328750"
"12562","Zm00001eb307260"
"12563","Zm00001eb321400"
"12564","Zm00001eb312990"
"12565","Zm00001eb328710"
"12566","Zm00001eb304710"
"12567","Zm00001eb311380"
"12568","Zm00001eb321030"
"12569","Zm00001eb298650"
"12570","Zm00001eb326490"
"12571","Zm00001eb323880"
"12572","Zm00001eb311810"
"12573","Zm00001eb325760"
"12574","Zm00001eb319610"
"12575","Zm00001eb317830"
"12576","Zm00001eb314390"
"12577","Zm00001eb331260"
"12578","Zm00001eb318760"
"12579","Zm00001eb316500"
"12580","Zm00001eb305930"
"12581","Zm00001eb313030"
"12582","Zm00001eb308830"
"12583","Zm00001eb326330"
"12584","Zm00001eb315770"
"12585","Zm00001eb314680"
"12586","Zm00001eb318480"
"12587","Zm00001eb301030"
"12588","Zm00001eb328770"
"12589","Zm00001eb306430"
"12590","Zm00001eb313530"
"12591","Zm00001eb302930"
"12592","Zm00001eb302310"
"12593","Zm00001eb327780"
"12594","Zm00001eb313000"
"12595","Zm00001eb319670"
"12596","Zm00001eb324750"
"12597","Zm00001eb306210"
"12598","Zm00001eb326360"
"12599","Zm00001eb331510"
"12600","Zm00001eb327150"
"12601","Zm00001eb319760"
"12602","Zm00001eb307230"
"12603","Zm00001eb325150"
"12604","Zm00001eb311950"
"12605","Zm00001eb326870"
"12606","Zm00001eb319060"
"12607","Zm00001eb312220"
"12608","Zm00001eb322840"
"12609","Zm00001eb311650"
"12610","Zm00001eb316170"
"12611","Zm00001eb311320"
"12612","Zm00001eb298370"
"12613","Zm00001eb328740"
"12614","Zm00001eb308610"
"12615","Zm00001eb325590"
"12616","Zm00001eb317190"
"12617","Zm00001eb310760"
"12618","Zm00001eb321910"
"12619","Zm00001eb308160"
"12620","Zm00001eb313400"
"12621","Zm00001eb331290"
"12622","Zm00001eb308340"
"12623","Zm00001eb323380"
"12624","Zm00001eb322320"
"12625","Zm00001eb328540"
"12626","Zm00001eb321340"
"12627","Zm00001eb316480"
"12628","Zm00001eb327550"
"12629","Zm00001eb318030"
"12630","Zm00001eb321470"
"12631","Zm00001eb302400"
"12632","Zm00001eb329730"
"12633","Zm00001eb298410"
"12634","Zm00001eb319220"
"12635","Zm00001eb327800"
"12636","Zm00001eb299480"
"12637","Zm00001eb319520"
"12638","Zm00001eb301730"
"12639","Zm00001eb321280"
"12640","Zm00001eb324100"
"12641","Zm00001eb324180"
"12642","Zm00001eb303780"
"12643","Zm00001eb317500"
"12644","Zm00001eb306680"
"12645","Zm00001eb331130"
"12646","Zm00001eb313570"
"12647","Zm00001eb320750"
"12648","Zm00001eb319380"
"12649","Zm00001eb306280"
"12650","Zm00001eb309830"
"12651","Zm00001eb329090"
"12652","Zm00001eb329240"
"12653","Zm00001eb305760"
"12654","Zm00001eb325650"
"12655","Zm00001eb327710"
"12656","Zm00001eb329450"
"12657","Zm00001eb327840"
"12658","Zm00001eb327270"
"12659","Zm00001eb313720"
"12660","Zm00001eb314720"
"12661","Zm00001eb300950"
"12662","Zm00001eb303770"
"12663","Zm00001eb326420"
"12664","Zm00001eb327690"
"12665","Zm00001eb300310"
"12666","Zm00001eb329150"
"12667","Zm00001eb304280"
"12668","Zm00001eb324700"
"12669","Zm00001eb319960"
"12670","Zm00001eb327430"
"12671","Zm00001eb325420"
"12672","Zm00001eb303120"
"12673","Zm00001eb329230"
"12674","Zm00001eb300930"
"12675","Zm00001eb316640"
"12676","Zm00001eb309010"
"12677","Zm00001eb298050"
"12678","Zm00001eb322390"
"12679","Zm00001eb331410"
"12680","Zm00001eb327230"
"12681","Zm00001eb322880"
"12682","Zm00001eb316530"
"12683","Zm00001eb311610"
"12684","Zm00001eb310620"
"12685","Zm00001eb300100"
"12686","Zm00001eb315880"
"12687","Zm00001eb316740"
"12688","Zm00001eb302800"
"12689","Zm00001eb320500"
"12690","Zm00001eb322760"
"12691","Zm00001eb332030"
"12692","Zm00001eb304510"
"12693","Zm00001eb329320"
"12694","Zm00001eb332000"
"12695","Zm00001eb315290"
"12696","Zm00001eb315500"
"12697","Zm00001eb324240"
"12698","Zm00001eb324390"
"12699","Zm00001eb324090"
"12700","Zm00001eb331540"
"12701","Zm00001eb326130"
"12702","Zm00001eb320670"
"12703","Zm00001eb322850"
"12704","Zm00001eb326680"
"12705","Zm00001eb328970"
"12706","Zm00001eb306350"
"12707","Zm00001eb320460"
"12708","Zm00001eb321720"
"12709","Zm00001eb314840"
"12710","Zm00001eb313660"
"12711","Zm00001eb298440"
"12712","Zm00001eb312900"
"12713","Zm00001eb302940"
"12714","Zm00001eb321010"
"12715","Zm00001eb315930"
"12716","Zm00001eb328370"
"12717","Zm00001eb312820"
"12718","Zm00001eb321600"
"12719","Zm00001eb329980"
"12720","Zm00001eb323500"
"12721","Zm00001eb315380"
"12722","Zm00001eb326730"
"12723","Zm00001eb305060"
"12724","Zm00001eb305460"
"12725","Zm00001eb317680"
"12726","Zm00001eb328630"
"12727","Zm00001eb312210"
"12728","Zm00001eb299310"
"12729","Zm00001eb310840"
"12730","Zm00001eb328400"
"12731","Zm00001eb331200"
"12732","Zm00001eb317480"
"12733","Zm00001eb322360"
"12734","Zm00001eb330440"
"12735","Zm00001eb312450"
"12736","Zm00001eb313730"
"12737","Zm00001eb321560"
"12738","Zm00001eb300320"
"12739","Zm00001eb316790"
"12740","Zm00001eb319460"
"12741","Zm00001eb309060"
"12742","Zm00001eb328330"
"12743","Zm00001eb320980"
"12744","Zm00001eb312930"
"12745","Zm00001eb317230"
"12746","Zm00001eb312430"
"12747","Zm00001eb307090"
"12748","Zm00001eb298990"
"12749","Zm00001eb300400"
"12750","Zm00001eb317300"
"12751","Zm00001eb320030"
"12752","Zm00001eb331250"
"12753","Zm00001eb308720"
"12754","Zm00001eb321870"
"12755","Zm00001eb319620"
"12756","Zm00001eb329690"
"12757","Zm00001eb306650"
"12758","Zm00001eb309390"
"12759","Zm00001eb329200"
"12760","Zm00001eb324310"
"12761","Zm00001eb326900"
"12762","Zm00001eb303200"
"12763","Zm00001eb310700"
"12764","Zm00001eb308950"
"12765","Zm00001eb316870"
"12766","Zm00001eb324640"
"12767","Zm00001eb329630"
"12768","Zm00001eb323740"
"12769","Zm00001eb306530"
"12770","Zm00001eb318200"
"12771","Zm00001eb298860"
"12772","Zm00001eb304130"
"12773","Zm00001eb320600"
"12774","Zm00001eb301450"
"12775","Zm00001eb300050"
"12776","Zm00001eb309980"
"12777","Zm00001eb316730"
"12778","Zm00001eb312490"
"12779","Zm00001eb299790"
"12780","Zm00001eb313350"
"12781","Zm00001eb303400"
"12782","Zm00001eb327530"
"12783","Zm00001eb304970"
"12784","Zm00001eb311750"
"12785","Zm00001eb320490"
"12786","Zm00001eb327680"
"12787","Zm00001eb327260"
"12788","Zm00001eb328080"
"12789","Zm00001eb320310"
"12790","Zm00001eb312020"
"12791","Zm00001eb322480"
"12792","Zm00001eb299240"
"12793","Zm00001eb301620"
"12794","Zm00001eb301050"
"12795","Zm00001eb311250"
"12796","Zm00001eb310790"
"12797","Zm00001eb299670"
"12798","Zm00001eb328310"
"12799","Zm00001eb299300"
"12800","Zm00001eb310520"
"12801","Zm00001eb318830"
"12802","Zm00001eb307320"
"12803","Zm00001eb319480"
"12804","Zm00001eb312410"
"12805","Zm00001eb309450"
"12806","Zm00001eb310410"
"12807","Zm00001eb303060"
"12808","Zm00001eb304420"
"12809","Zm00001eb301480"
"12810","Zm00001eb323110"
"12811","Zm00001eb331210"
"12812","Zm00001eb298200"
"12813","Zm00001eb300720"
"12814","Zm00001eb320610"
"12815","Zm00001eb308130"
"12816","Zm00001eb321690"
"12817","Zm00001eb317730"
"12818","Zm00001eb320760"
"12819","Zm00001eb314610"
"12820","Zm00001eb319630"
"12821","Zm00001eb328690"
"12822","Zm00001eb312810"
"12823","Zm00001eb328530"
"12824","Zm00001eb316200"
"12825","Zm00001eb315710"
"12826","Zm00001eb330020"
"12827","Zm00001eb332020"
"12828","Zm00001eb311780"
"12829","Zm00001eb302200"
"12830","Zm00001eb301330"
"12831","Zm00001eb326180"
"12832","Zm00001eb327920"
"12833","Zm00001eb311840"
"12834","Zm00001eb304010"
"12835","Zm00001eb310180"
"12836","Zm00001eb315990"
"12837","Zm00001eb300590"
"12838","Zm00001eb318230"
"12839","Zm00001eb320870"
"12840","Zm00001eb322570"
"12841","Zm00001eb320470"
"12842","Zm00001eb299540"
"12843","Zm00001eb313250"
"12844","Zm00001eb317490"
"12845","Zm00001eb310480"
"12846","Zm00001eb298610"
"12847","Zm00001eb308150"
"12848","Zm00001eb310970"
"12849","Zm00001eb301280"
"12850","Zm00001eb306550"
"12851","Zm00001eb328640"
"12852","Zm00001eb300080"
"12853","Zm00001eb330150"
"12854","Zm00001eb301790"
"12855","Zm00001eb299830"
"12856","Zm00001eb315100"
"12857","Zm00001eb316580"
"12858","Zm00001eb307440"
"12859","Zm00001eb301840"
"12860","Zm00001eb307960"
"12861","Zm00001eb329530"
"12862","Zm00001eb316520"
"12863","Zm00001eb329130"
"12864","Zm00001eb315340"
"12865","Zm00001eb331500"
"12866","Zm00001eb309900"
"12867","Zm00001eb304920"
"12868","Zm00001eb314530"
"12869","Zm00001eb324400"
"12870","Zm00001eb306240"
"12871","Zm00001eb331170"
"12872","Zm00001eb300260"
"12873","Zm00001eb330210"
"12874","Zm00001eb319660"
"12875","Zm00001eb306630"
"12876","Zm00001eb316180"
"12877","Zm00001eb317100"
"12878","Zm00001eb314380"
"12879","Zm00001eb299910"
"12880","Zm00001eb320680"
"12881","Zm00001eb327030"
"12882","Zm00001eb307280"
"12883","Zm00001eb322100"
"12884","Zm00001eb323330"
"12885","Zm00001eb311480"
"12886","Zm00001eb320890"
"12887","Zm00001eb320350"
"12888","Zm00001eb313320"
"12889","Zm00001eb304080"
"12890","Zm00001eb318710"
"12891","Zm00001eb312280"
"12892","Zm00001eb316710"
"12893","Zm00001eb330690"
"12894","Zm00001eb300510"
"12895","Zm00001eb308660"
"12896","Zm00001eb328480"
"12897","Zm00001eb325230"
"12898","Zm00001eb316080"
"12899","Zm00001eb299450"
"12900","Zm00001eb303680"
"12901","Zm00001eb308290"
"12902","Zm00001eb327280"
"12903","Zm00001eb327860"
"12904","Zm00001eb311740"
"12905","Zm00001eb302810"
"12906","Zm00001eb327350"
"12907","Zm00001eb320550"
"12908","Zm00001eb301590"
"12909","Zm00001eb330500"
"12910","Zm00001eb316840"
"12911","Zm00001eb311620"
"12912","Zm00001eb330270"
"12913","Zm00001eb302640"
"12914","Zm00001eb313590"
"12915","Zm00001eb329850"
"12916","Zm00001eb316660"
"12917","Zm00001eb323760"
"12918","Zm00001eb300700"
"12919","Zm00001eb324900"
"12920","Zm00001eb322160"
"12921","Zm00001eb304430"
"12922","Zm00001eb316910"
"12923","Zm00001eb326940"
"12924","Zm00001eb331700"
"12925","Zm00001eb309660"
"12926","Zm00001eb304290"
"12927","Zm00001eb313960"
"12928","Zm00001eb331900"
"12929","Zm00001eb306200"
"12930","Zm00001eb320240"
"12931","Zm00001eb303620"
"12932","Zm00001eb325160"
"12933","Zm00001eb306470"
"12934","Zm00001eb327720"
"12935","Zm00001eb326630"
"12936","Zm00001eb302870"
"12937","Zm00001eb314700"
"12938","Zm00001eb324570"
"12939","Zm00001eb300890"
"12940","Zm00001eb328500"
"12941","Zm00001eb331090"
"12942","Zm00001eb320790"
"12943","Zm00001eb322650"
"12944","Zm00001eb325750"
"12945","Zm00001eb307010"
"12946","Zm00001eb315350"
"12947","Zm00001eb311490"
"12948","Zm00001eb331600"
"12949","Zm00001eb314080"
"12950","Zm00001eb298460"
"12951","Zm00001eb323510"
"12952","Zm00001eb298510"
"12953","Zm00001eb330040"
"12954","Zm00001eb318780"
"12955","Zm00001eb315900"
"12956","Zm00001eb303290"
"12957","Zm00001eb298300"
"12958","Zm00001eb315060"
"12959","Zm00001eb310530"
"12960","Zm00001eb301060"
"12961","Zm00001eb300990"
"12962","Zm00001eb322310"
"12963","Zm00001eb317990"
"12964","Zm00001eb318590"
"12965","Zm00001eb299530"
"12966","Zm00001eb331570"
"12967","Zm00001eb318880"
"12968","Zm00001eb301230"
"12969","Zm00001eb321970"
"12970","Zm00001eb329040"
"12971","Zm00001eb299860"
"12972","Zm00001eb324590"
"12973","Zm00001eb313540"
"12974","Zm00001eb327200"
"12975","Zm00001eb322720"
"12976","Zm00001eb319720"
"12977","Zm00001eb315650"
"12978","Zm00001eb329160"
"12979","Zm00001eb311910"
"12980","Zm00001eb298180"
"12981","Zm00001eb324470"
"12982","Zm00001eb324730"
"12983","Zm00001eb307730"
"12984","Zm00001eb327760"
"12985","Zm00001eb321440"
"12986","Zm00001eb305570"
"12987","Zm00001eb320920"
"12988","Zm00001eb314750"
"12989","Zm00001eb328850"
"12990","Zm00001eb319230"
"12991","Zm00001eb314590"
"12992","Zm00001eb309950"
"12993","Zm00001eb323970"
"12994","Zm00001eb300360"
"12995","Zm00001eb321980"
"12996","Zm00001eb324670"
"12997","Zm00001eb323700"
"12998","Zm00001eb322820"
"12999","Zm00001eb317030"
"13000","Zm00001eb306800"
"13001","Zm00001eb321220"
"13002","Zm00001eb321090"
"13003","Zm00001eb309370"
"13004","Zm00001eb330880"
"13005","Zm00001eb329070"
"13006","Zm00001eb305600"
"13007","Zm00001eb322470"
"13008","Zm00001eb328320"
"13009","Zm00001eb312420"
"13010","Zm00001eb302760"
"13011","Zm00001eb325940"
"13012","Zm00001eb315460"
"13013","Zm00001eb327470"
"13014","Zm00001eb329890"
"13015","Zm00001eb322910"
"13016","Zm00001eb304530"
"13017","Zm00001eb324970"
"13018","Zm00001eb312080"
"13019","Zm00001eb298390"
"13020","Zm00001eb304620"
"13021","Zm00001eb325320"
"13022","Zm00001eb300270"
"13023","Zm00001eb329910"
"13024","Zm00001eb301640"
"13025","Zm00001eb304780"
"13026","Zm00001eb305750"
"13027","Zm00001eb321550"
"13028","Zm00001eb314620"
"13029","Zm00001eb302230"
"13030","Zm00001eb311960"
"13031","Zm00001eb323580"
"13032","Zm00001eb316460"
"13033","Zm00001eb314220"
"13034","Zm00001eb307860"
"13035","Zm00001eb301680"
"13036","Zm00001eb310060"
"13037","Zm00001eb308470"
"13038","Zm00001eb318400"
"13039","Zm00001eb331180"
"13040","Zm00001eb328520"
"13041","Zm00001eb319650"
"13042","Zm00001eb328920"
"13043","Zm00001eb322580"
"13044","Zm00001eb323170"
"13045","Zm00001eb302900"
"13046","Zm00001eb319090"
"13047","Zm00001eb321700"
"13048","Zm00001eb316150"
"13049","Zm00001eb319780"
"13050","Zm00001eb311470"
"13051","Zm00001eb315420"
"13052","Zm00001eb319510"
"13053","Zm00001eb324630"
"13054","Zm00001eb298880"
"13055","Zm00001eb320200"
"13056","Zm00001eb304090"
"13057","Zm00001eb315750"
"13058","Zm00001eb306760"
"13059","Zm00001eb305950"
"13060","Zm00001eb324080"
"13061","Zm00001eb318240"
"13062","Zm00001eb320010"
"13063","Zm00001eb298280"
"13064","Zm00001eb310810"
"13065","Zm00001eb305390"
"13066","Zm00001eb299980"
"13067","Zm00001eb328650"
"13068","Zm00001eb301880"
"13069","Zm00001eb329550"
"13070","Zm00001eb301710"
"13071","Zm00001eb305250"
"13072","Zm00001eb330840"
"13073","Zm00001eb321250"
"13074","Zm00001eb323690"
"13075","Zm00001eb301420"
"13076","Zm00001eb320070"
"13077","Zm00001eb304580"
"13078","Zm00001eb310550"
"13079","Zm00001eb302280"
"13080","Zm00001eb325910"
"13081","Zm00001eb304680"
"13082","Zm00001eb312440"
"13083","Zm00001eb316630"
"13084","Zm00001eb319210"
"13085","Zm00001eb306030"
"13086","Zm00001eb304310"
"13087","Zm00001eb327010"
"13088","Zm00001eb301020"
"13089","Zm00001eb312390"
"13090","Zm00001eb303010"
"13091","Zm00001eb301300"
"13092","Zm00001eb315620"
"13093","Zm00001eb320800"
"13094","Zm00001eb312480"
"13095","Zm00001eb311860"
"13096","Zm00001eb326010"
"13097","Zm00001eb312620"
"13098","Zm00001eb324660"
"13099","Zm00001eb316210"
"13100","Zm00001eb309210"
"13101","Zm00001eb330920"
"13102","Zm00001eb309560"
"13103","Zm00001eb318070"
"13104","Zm00001eb313900"
"13105","Zm00001eb302360"
"13106","Zm00001eb317910"
"13107","Zm00001eb320050"
"13108","Zm00001eb319350"
"13109","Zm00001eb315200"
"13110","Zm00001eb319710"
"13111","Zm00001eb306260"
"13112","Zm00001eb321100"
"13113","Zm00001eb325560"
"13114","Zm00001eb328250"
"13115","Zm00001eb326090"
"13116","Zm00001eb325220"
"13117","Zm00001eb316100"
"13118","Zm00001eb314090"
"13119","Zm00001eb325810"
"13120","Zm00001eb299200"
"13121","Zm00001eb306590"
"13122","Zm00001eb318170"
"13123","Zm00001eb319930"
"13124","Zm00001eb327210"
"13125","Zm00001eb310430"
"13126","Zm00001eb317350"
"13127","Zm00001eb303380"
"13128","Zm00001eb332130"
"13129","Zm00001eb325120"
"13130","Zm00001eb323860"
"13131","Zm00001eb322500"
"13132","Zm00001eb323770"
"13133","Zm00001eb299000"
"13134","Zm00001eb308210"
"13135","Zm00001eb321610"
"13136","Zm00001eb324480"
"13137","Zm00001eb321170"
"13138","Zm00001eb326340"
"13139","Zm00001eb306850"
"13140","Zm00001eb317630"
"13141","Zm00001eb325370"
"13142","Zm00001eb328450"
"13143","Zm00001eb306910"
"13144","Zm00001eb303800"
"13145","Zm00001eb323940"
"13146","Zm00001eb328720"
"13147","Zm00001eb310870"
"13148","Zm00001eb318020"
"13149","Zm00001eb307250"
"13150","Zm00001eb312000"
"13151","Zm00001eb302650"
"13152","Zm00001eb318340"
"13153","Zm00001eb324450"
"13154","Zm00001eb320210"
"13155","Zm00001eb306360"
"13156","Zm00001eb298660"
"13157","Zm00001eb314710"
"13158","Zm00001eb306990"
"13159","Zm00001eb321450"
"13160","Zm00001eb317380"
"13161","Zm00001eb308770"
"13162","Zm00001eb307790"
"13163","Zm00001eb315780"
"13164","Zm00001eb321670"
"13165","Zm00001eb326710"
"13166","Zm00001eb324720"
"13167","Zm00001eb326590"
"13168","Zm00001eb307410"
"13169","Zm00001eb324200"
"13170","Zm00001eb331270"
"13171","Zm00001eb331760"
"13172","Zm00001eb301890"
"13173","Zm00001eb314160"
"13174","Zm00001eb320990"
"13175","Zm00001eb319770"
"13176","Zm00001eb320180"
"13177","Zm00001eb323180"
"13178","Zm00001eb315130"
"13179","Zm00001eb298470"
"13180","Zm00001eb322240"
"13181","Zm00001eb327870"
"13182","Zm00001eb330470"
"13183","Zm00001eb321320"
"13184","Zm00001eb304020"
"13185","Zm00001eb297980"
"13186","Zm00001eb306980"
"13187","Zm00001eb298490"
"13188","Zm00001eb331920"
"13189","Zm00001eb320340"
"13190","Zm00001eb299080"
"13191","Zm00001eb324300"
"13192","Zm00001eb311700"
"13193","Zm00001eb310170"
"13194","Zm00001eb306520"
"13195","Zm00001eb306890"
"13196","Zm00001eb304590"
"13197","Zm00001eb311460"
"13198","Zm00001eb329830"
"13199","Zm00001eb310930"
"13200","Zm00001eb301310"
"13201","Zm00001eb299230"
"13202","Zm00001eb312940"
"13203","Zm00001eb315170"
"13204","Zm00001eb317080"
"13205","Zm00001eb324430"
"13206","Zm00001eb307650"
"13207","Zm00001eb317710"
"13208","Zm00001eb331230"
"13209","Zm00001eb326720"
"13210","Zm00001eb313300"
"13211","Zm00001eb331140"
"13212","Zm00001eb328990"
"13213","Zm00001eb327770"
"13214","Zm00001eb301470"
"13215","Zm00001eb327000"
"13216","Zm00001eb327160"
"13217","Zm00001eb309910"
"13218","Zm00001eb306220"
"13219","Zm00001eb300960"
"13220","Zm00001eb303110"
"13221","Zm00001eb325430"
"13222","Zm00001eb331850"
"13223","Zm00001eb305550"
"13224","Zm00001eb327420"
"13225","Zm00001eb326850"
"13226","Zm00001eb321740"
"13227","Zm00001eb312350"
"13228","Zm00001eb318800"
"13229","Zm00001eb329440"
"13230","Zm00001eb330340"
"13231","Zm00001eb304410"
"13232","Zm00001eb317420"
"13233","Zm00001eb321110"
"13234","Zm00001eb302670"
"13235","Zm00001eb313490"
"13236","Zm00001eb321350"
"13237","Zm00001eb300870"
"13238","Zm00001eb303540"
"13239","Zm00001eb318310"
"13240","Zm00001eb306000"
"13241","Zm00001eb325570"
"13242","Zm00001eb330720"
"13243","Zm00001eb311000"
"13244","Zm00001eb324270"
"13245","Zm00001eb330790"
"13246","Zm00001eb303730"
"13247","Zm00001eb306070"
"13248","Zm00001eb329800"
"13249","Zm00001eb311940"
"13250","Zm00001eb306310"
"13251","Zm00001eb298150"
"13252","Zm00001eb326530"
"13253","Zm00001eb302520"
"13254","Zm00001eb327610"
"13255","Zm00001eb314820"
"13256","Zm00001eb327830"
"13257","Zm00001eb320100"
"13258","Zm00001eb299970"
"13259","Zm00001eb322280"
"13260","Zm00001eb317180"
"13261","Zm00001eb309960"
"13262","Zm00001eb301210"
"13263","Zm00001eb313950"
"13264","Zm00001eb332050"
"13265","Zm00001eb323050"
"13266","Zm00001eb304330"
"13267","Zm00001eb328420"
"13268","Zm00001eb304520"
"13269","Zm00001eb329420"
"13270","Zm00001eb302950"
"13271","Zm00001eb329190"
"13272","Zm00001eb312830"
"13273","Zm00001eb317470"
"13274","Zm00001eb321000"
"13275","Zm00001eb311260"
"13276","Zm00001eb301070"
"13277","Zm00001eb300220"
"13278","Zm00001eb329970"
"13279","Zm00001eb324490"
"13280","Zm00001eb331580"
"13281","Zm00001eb326020"
"13282","Zm00001eb299550"
"13283","Zm00001eb303530"
"13284","Zm00001eb323450"
"13285","Zm00001eb327980"
"13286","Zm00001eb301150"
"13287","Zm00001eb314970"
"13288","Zm00001eb328070"
"13289","Zm00001eb303190"
"13290","Zm00001eb313450"
"13291","Zm00001eb322050"
"13292","Zm00001eb312190"
"13293","Zm00001eb317330"
"13294","Zm00001eb302980"
"13295","Zm00001eb298350"
"13296","Zm00001eb306620"
"13297","Zm00001eb331360"
"13298","Zm00001eb303830"
"13299","Zm00001eb309070"
"13300","Zm00001eb330610"
"13301","Zm00001eb326820"
"13302","Zm00001eb331550"
"13303","Zm00001eb306900"
"13304","Zm00001eb324600"
"13305","Zm00001eb301170"
"13306","Zm00001eb320590"
"13307","Zm00001eb322560"
"13308","Zm00001eb323490"
"13309","Zm00001eb306710"
"13310","Zm00001eb310290"
"13311","Zm00001eb304170"
"13312","Zm00001eb311450"
"13313","Zm00001eb322860"
"13314","Zm00001eb314260"
"13315","Zm00001eb311090"
"13316","Zm00001eb303700"
"13317","Zm00001eb324990"
"13318","Zm00001eb300350"
"13319","Zm00001eb300480"
"13320","Zm00001eb298940"
"13321","Zm00001eb316990"
"13322","Zm00001eb331350"
"13323","Zm00001eb323100"
"13324","Zm00001eb301540"
"13325","Zm00001eb331400"
"13326","Zm00001eb301850"
"13327","Zm00001eb318870"
"13328","Zm00001eb329570"
"13329","Zm00001eb300680"
"13330","Zm00001eb322450"
"13331","Zm00001eb327130"
"13332","Zm00001eb323620"
"13333","Zm00001eb319740"
"13334","Zm00001eb313980"
"13335","Zm00001eb329960"
"13336","Zm00001eb313820"
"13337","Zm00001eb322540"
"13338","Zm00001eb314630"
"13339","Zm00001eb310990"
"13340","Zm00001eb317140"
"13341","Zm00001eb310400"
"13342","Zm00001eb328980"
"13343","Zm00001eb332040"
"13344","Zm00001eb298090"
"13345","Zm00001eb329760"
"13346","Zm00001eb307330"
"13347","Zm00001eb308440"
"13348","Zm00001eb299050"
"13349","Zm00001eb316260"
"13350","Zm00001eb314500"
"13351","Zm00001eb314860"
"13352","Zm00001eb309590"
"13353","Zm00001eb315530"
"13354","Zm00001eb310260"
"13355","Zm00001eb318370"
"13356","Zm00001eb303910"
"13357","Zm00001eb308670"
"13358","Zm00001eb329280"
"13359","Zm00001eb323790"
"13360","Zm00001eb335030"
"13361","Zm00001eb345510"
"13362","Zm00001eb338570"
"13363","Zm00001eb336250"
"13364","Zm00001eb359720"
"13365","Zm00001eb360570"
"13366","Zm00001eb366820"
"13367","Zm00001eb343850"
"13368","Zm00001eb371270"
"13369","Zm00001eb365590"
"13370","Zm00001eb356140"
"13371","Zm00001eb343620"
"13372","Zm00001eb337510"
"13373","Zm00001eb364820"
"13374","Zm00001eb333540"
"13375","Zm00001eb358720"
"13376","Zm00001eb360190"
"13377","Zm00001eb353180"
"13378","Zm00001eb362190"
"13379","Zm00001eb364370"
"13380","Zm00001eb365680"
"13381","Zm00001eb349040"
"13382","Zm00001eb358090"
"13383","Zm00001eb334100"
"13384","Zm00001eb345230"
"13385","Zm00001eb367650"
"13386","Zm00001eb340900"
"13387","Zm00001eb350340"
"13388","Zm00001eb342510"
"13389","Zm00001eb347150"
"13390","Zm00001eb339000"
"13391","Zm00001eb346120"
"13392","Zm00001eb363100"
"13393","Zm00001eb354280"
"13394","Zm00001eb352310"
"13395","Zm00001eb363960"
"13396","Zm00001eb369690"
"13397","Zm00001eb369610"
"13398","Zm00001eb368030"
"13399","Zm00001eb367780"
"13400","Zm00001eb351690"
"13401","Zm00001eb370860"
"13402","Zm00001eb337150"
"13403","Zm00001eb338220"
"13404","Zm00001eb357520"
"13405","Zm00001eb370170"
"13406","Zm00001eb340140"
"13407","Zm00001eb360320"
"13408","Zm00001eb370090"
"13409","Zm00001eb335200"
"13410","Zm00001eb355080"
"13411","Zm00001eb356870"
"13412","Zm00001eb370720"
"13413","Zm00001eb369780"
"13414","Zm00001eb358600"
"13415","Zm00001eb338180"
"13416","Zm00001eb369470"
"13417","Zm00001eb358860"
"13418","Zm00001eb370700"
"13419","Zm00001eb348890"
"13420","Zm00001eb365810"
"13421","Zm00001eb369820"
"13422","Zm00001eb371370"
"13423","Zm00001eb342340"
"13424","Zm00001eb333270"
"13425","Zm00001eb359310"
"13426","Zm00001eb366040"
"13427","Zm00001eb337450"
"13428","Zm00001eb361410"
"13429","Zm00001eb354310"
"13430","Zm00001eb356100"
"13431","Zm00001eb353540"
"13432","Zm00001eb369140"
"13433","Zm00001eb357330"
"13434","Zm00001eb371210"
"13435","Zm00001eb332890"
"13436","Zm00001eb370490"
"13437","Zm00001eb337340"
"13438","Zm00001eb360360"
"13439","Zm00001eb358100"
"13440","Zm00001eb368310"
"13441","Zm00001eb336790"
"13442","Zm00001eb350620"
"13443","Zm00001eb345670"
"13444","Zm00001eb357110"
"13445","Zm00001eb358500"
"13446","Zm00001eb354060"
"13447","Zm00001eb336670"
"13448","Zm00001eb340350"
"13449","Zm00001eb335740"
"13450","Zm00001eb350560"
"13451","Zm00001eb365940"
"13452","Zm00001eb370480"
"13453","Zm00001eb356970"
"13454","Zm00001eb342040"
"13455","Zm00001eb369390"
"13456","Zm00001eb334590"
"13457","Zm00001eb355030"
"13458","Zm00001eb345280"
"13459","Zm00001eb368550"
"13460","Zm00001eb367960"
"13461","Zm00001eb337790"
"13462","Zm00001eb362230"
"13463","Zm00001eb361330"
"13464","Zm00001eb344020"
"13465","Zm00001eb369770"
"13466","Zm00001eb360750"
"13467","Zm00001eb334430"
"13468","Zm00001eb343290"
"13469","Zm00001eb333950"
"13470","Zm00001eb336130"
"13471","Zm00001eb348140"
"13472","Zm00001eb336920"
"13473","Zm00001eb356520"
"13474","Zm00001eb341540"
"13475","Zm00001eb333010"
"13476","Zm00001eb366710"
"13477","Zm00001eb354110"
"13478","Zm00001eb367900"
"13479","Zm00001eb365640"
"13480","Zm00001eb361500"
"13481","Zm00001eb347460"
"13482","Zm00001eb354830"
"13483","Zm00001eb348580"
"13484","Zm00001eb358170"
"13485","Zm00001eb359510"
"13486","Zm00001eb350800"
"13487","Zm00001eb343120"
"13488","Zm00001eb332480"
"13489","Zm00001eb369330"
"13490","Zm00001eb357940"
"13491","Zm00001eb352100"
"13492","Zm00001eb357970"
"13493","Zm00001eb351630"
"13494","Zm00001eb346110"
"13495","Zm00001eb341970"
"13496","Zm00001eb338420"
"13497","Zm00001eb364090"
"13498","Zm00001eb357710"
"13499","Zm00001eb368820"
"13500","Zm00001eb357000"
"13501","Zm00001eb363970"
"13502","Zm00001eb365340"
"13503","Zm00001eb340890"
"13504","Zm00001eb339450"
"13505","Zm00001eb362000"
"13506","Zm00001eb370990"
"13507","Zm00001eb339230"
"13508","Zm00001eb356170"
"13509","Zm00001eb367930"
"13510","Zm00001eb346910"
"13511","Zm00001eb365390"
"13512","Zm00001eb351060"
"13513","Zm00001eb340670"
"13514","Zm00001eb337650"
"13515","Zm00001eb352030"
"13516","Zm00001eb360500"
"13517","Zm00001eb337800"
"13518","Zm00001eb342500"
"13519","Zm00001eb361120"
"13520","Zm00001eb355240"
"13521","Zm00001eb336750"
"13522","Zm00001eb334840"
"13523","Zm00001eb358290"
"13524","Zm00001eb359660"
"13525","Zm00001eb370370"
"13526","Zm00001eb358270"
"13527","Zm00001eb332700"
"13528","Zm00001eb350390"
"13529","Zm00001eb360650"
"13530","Zm00001eb370620"
"13531","Zm00001eb368060"
"13532","Zm00001eb335800"
"13533","Zm00001eb359080"
"13534","Zm00001eb349770"
"13535","Zm00001eb353450"
"13536","Zm00001eb368990"
"13537","Zm00001eb332570"
"13538","Zm00001eb370130"
"13539","Zm00001eb368570"
"13540","Zm00001eb345070"
"13541","Zm00001eb350710"
"13542","Zm00001eb366560"
"13543","Zm00001eb347660"
"13544","Zm00001eb358460"
"13545","Zm00001eb354730"
"13546","Zm00001eb353840"
"13547","Zm00001eb345350"
"13548","Zm00001eb343390"
"13549","Zm00001eb350030"
"13550","Zm00001eb332150"
"13551","Zm00001eb364660"
"13552","Zm00001eb361750"
"13553","Zm00001eb361140"
"13554","Zm00001eb356300"
"13555","Zm00001eb370440"
"13556","Zm00001eb349080"
"13557","Zm00001eb371100"
"13558","Zm00001eb360070"
"13559","Zm00001eb337970"
"13560","Zm00001eb365870"
"13561","Zm00001eb345740"
"13562","Zm00001eb341650"
"13563","Zm00001eb363430"
"13564","Zm00001eb340410"
"13565","Zm00001eb347770"
"13566","Zm00001eb354520"
"13567","Zm00001eb359210"
"13568","Zm00001eb351910"
"13569","Zm00001eb354610"
"13570","Zm00001eb334140"
"13571","Zm00001eb370410"
"13572","Zm00001eb356130"
"13573","Zm00001eb352850"
"13574","Zm00001eb365000"
"13575","Zm00001eb336450"
"13576","Zm00001eb342350"
"13577","Zm00001eb362420"
"13578","Zm00001eb337020"
"13579","Zm00001eb348670"
"13580","Zm00001eb369560"
"13581","Zm00001eb366890"
"13582","Zm00001eb334390"
"13583","Zm00001eb335110"
"13584","Zm00001eb343250"
"13585","Zm00001eb337600"
"13586","Zm00001eb341940"
"13587","Zm00001eb338780"
"13588","Zm00001eb336420"
"13589","Zm00001eb333140"
"13590","Zm00001eb332860"
"13591","Zm00001eb358630"
"13592","Zm00001eb337830"
"13593","Zm00001eb362410"
"13594","Zm00001eb362250"
"13595","Zm00001eb349800"
"13596","Zm00001eb347110"
"13597","Zm00001eb360880"
"13598","Zm00001eb351120"
"13599","Zm00001eb370580"
"13600","Zm00001eb350830"
"13601","Zm00001eb355980"
"13602","Zm00001eb354100"
"13603","Zm00001eb344160"
"13604","Zm00001eb348690"
"13605","Zm00001eb368380"
"13606","Zm00001eb336160"
"13607","Zm00001eb347020"
"13608","Zm00001eb343520"
"13609","Zm00001eb363310"
"13610","Zm00001eb356330"
"13611","Zm00001eb336580"
"13612","Zm00001eb342240"
"13613","Zm00001eb339500"
"13614","Zm00001eb358220"
"13615","Zm00001eb371250"
"13616","Zm00001eb336470"
"13617","Zm00001eb361970"
"13618","Zm00001eb348740"
"13619","Zm00001eb359500"
"13620","Zm00001eb352390"
"13621","Zm00001eb370040"
"13622","Zm00001eb357790"
"13623","Zm00001eb359440"
"13624","Zm00001eb358930"
"13625","Zm00001eb334210"
"13626","Zm00001eb348710"
"13627","Zm00001eb368970"
"13628","Zm00001eb336700"
"13629","Zm00001eb355840"
"13630","Zm00001eb337350"
"13631","Zm00001eb332510"
"13632","Zm00001eb338880"
"13633","Zm00001eb369320"
"13634","Zm00001eb360620"
"13635","Zm00001eb369240"
"13636","Zm00001eb368100"
"13637","Zm00001eb353700"
"13638","Zm00001eb366990"
"13639","Zm00001eb356420"
"13640","Zm00001eb335860"
"13641","Zm00001eb332950"
"13642","Zm00001eb335090"
"13643","Zm00001eb333860"
"13644","Zm00001eb366950"
"13645","Zm00001eb334480"
"13646","Zm00001eb334280"
"13647","Zm00001eb359290"
"13648","Zm00001eb351310"
"13649","Zm00001eb360590"
"13650","Zm00001eb339890"
"13651","Zm00001eb364930"
"13652","Zm00001eb337700"
"13653","Zm00001eb358730"
"13654","Zm00001eb367130"
"13655","Zm00001eb343050"
"13656","Zm00001eb369700"
"13657","Zm00001eb355420"
"13658","Zm00001eb332630"
"13659","Zm00001eb346980"
"13660","Zm00001eb352950"
"13661","Zm00001eb343950"
"13662","Zm00001eb366930"
"13663","Zm00001eb366090"
"13664","Zm00001eb342670"
"13665","Zm00001eb339040"
"13666","Zm00001eb360090"
"13667","Zm00001eb359370"
"13668","Zm00001eb364110"
"13669","Zm00001eb333130"
"13670","Zm00001eb364960"
"13671","Zm00001eb343440"
"13672","Zm00001eb357530"
"13673","Zm00001eb339300"
"13674","Zm00001eb361990"
"13675","Zm00001eb345110"
"13676","Zm00001eb367660"
"13677","Zm00001eb348980"
"13678","Zm00001eb348390"
"13679","Zm00001eb349640"
"13680","Zm00001eb350740"
"13681","Zm00001eb358430"
"13682","Zm00001eb342010"
"13683","Zm00001eb339080"
"13684","Zm00001eb341680"
"13685","Zm00001eb354890"
"13686","Zm00001eb364730"
"13687","Zm00001eb359730"
"13688","Zm00001eb352920"
"13689","Zm00001eb354850"
"13690","Zm00001eb344790"
"13691","Zm00001eb351230"
"13692","Zm00001eb340940"
"13693","Zm00001eb347070"
"13694","Zm00001eb350970"
"13695","Zm00001eb344010"
"13696","Zm00001eb342970"
"13697","Zm00001eb353070"
"13698","Zm00001eb364580"
"13699","Zm00001eb371000"
"13700","Zm00001eb362240"
"13701","Zm00001eb332460"
"13702","Zm00001eb352860"
"13703","Zm00001eb345660"
"13704","Zm00001eb358210"
"13705","Zm00001eb360690"
"13706","Zm00001eb364280"
"13707","Zm00001eb365820"
"13708","Zm00001eb340370"
"13709","Zm00001eb336490"
"13710","Zm00001eb344900"
"13711","Zm00001eb362380"
"13712","Zm00001eb337900"
"13713","Zm00001eb338680"
"13714","Zm00001eb333570"
"13715","Zm00001eb344230"
"13716","Zm00001eb340490"
"13717","Zm00001eb351930"
"13718","Zm00001eb345460"
"13719","Zm00001eb355010"
"13720","Zm00001eb347530"
"13721","Zm00001eb346150"
"13722","Zm00001eb352220"
"13723","Zm00001eb370120"
"13724","Zm00001eb356860"
"13725","Zm00001eb354420"
"13726","Zm00001eb366330"
"13727","Zm00001eb367740"
"13728","Zm00001eb368890"
"13729","Zm00001eb333170"
"13730","Zm00001eb354360"
"13731","Zm00001eb347780"
"13732","Zm00001eb365200"
"13733","Zm00001eb334260"
"13734","Zm00001eb337050"
"13735","Zm00001eb356500"
"13736","Zm00001eb348480"
"13737","Zm00001eb342360"
"13738","Zm00001eb343900"
"13739","Zm00001eb339850"
"13740","Zm00001eb362300"
"13741","Zm00001eb352130"
"13742","Zm00001eb332290"
"13743","Zm00001eb346940"
"13744","Zm00001eb369190"
"13745","Zm00001eb334070"
"13746","Zm00001eb339070"
"13747","Zm00001eb347730"
"13748","Zm00001eb341670"
"13749","Zm00001eb361180"
"13750","Zm00001eb353740"
"13751","Zm00001eb359850"
"13752","Zm00001eb361220"
"13753","Zm00001eb338020"
"13754","Zm00001eb357840"
"13755","Zm00001eb344090"
"13756","Zm00001eb365570"
"13757","Zm00001eb349830"
"13758","Zm00001eb343610"
"13759","Zm00001eb365100"
"13760","Zm00001eb366290"
"13761","Zm00001eb356540"
"13762","Zm00001eb343680"
"13763","Zm00001eb339970"
"13764","Zm00001eb357620"
"13765","Zm00001eb351830"
"13766","Zm00001eb347000"
"13767","Zm00001eb362660"
"13768","Zm00001eb332780"
"13769","Zm00001eb365610"
"13770","Zm00001eb359140"
"13771","Zm00001eb366030"
"13772","Zm00001eb369070"
"13773","Zm00001eb370770"
"13774","Zm00001eb361450"
"13775","Zm00001eb333980"
"13776","Zm00001eb362540"
"13777","Zm00001eb343980"
"13778","Zm00001eb366460"
"13779","Zm00001eb351750"
"13780","Zm00001eb335790"
"13781","Zm00001eb356910"
"13782","Zm00001eb349240"
"13783","Zm00001eb338610"
"13784","Zm00001eb352700"
"13785","Zm00001eb358410"
"13786","Zm00001eb359840"
"13787","Zm00001eb335830"
"13788","Zm00001eb363580"
"13789","Zm00001eb361390"
"13790","Zm00001eb332720"
"13791","Zm00001eb351270"
"13792","Zm00001eb347680"
"13793","Zm00001eb363120"
"13794","Zm00001eb337210"
"13795","Zm00001eb332930"
"13796","Zm00001eb366810"
"13797","Zm00001eb332210"
"13798","Zm00001eb353560"
"13799","Zm00001eb350500"
"13800","Zm00001eb347850"
"13801","Zm00001eb364100"
"13802","Zm00001eb344740"
"13803","Zm00001eb362590"
"13804","Zm00001eb352990"
"13805","Zm00001eb341250"
"13806","Zm00001eb357440"
"13807","Zm00001eb355820"
"13808","Zm00001eb365780"
"13809","Zm00001eb353960"
"13810","Zm00001eb361600"
"13811","Zm00001eb354270"
"13812","Zm00001eb333500"
"13813","Zm00001eb336090"
"13814","Zm00001eb368360"
"13815","Zm00001eb334060"
"13816","Zm00001eb342230"
"13817","Zm00001eb356710"
"13818","Zm00001eb356320"
"13819","Zm00001eb366850"
"13820","Zm00001eb363940"
"13821","Zm00001eb366200"
"13822","Zm00001eb364480"
"13823","Zm00001eb338300"
"13824","Zm00001eb361870"
"13825","Zm00001eb370530"
"13826","Zm00001eb356280"
"13827","Zm00001eb356880"
"13828","Zm00001eb368330"
"13829","Zm00001eb368980"
"13830","Zm00001eb355170"
"13831","Zm00001eb357090"
"13832","Zm00001eb361900"
"13833","Zm00001eb336310"
"13834","Zm00001eb357340"
"13835","Zm00001eb333320"
"13836","Zm00001eb332190"
"13837","Zm00001eb360340"
"13838","Zm00001eb353270"
"13839","Zm00001eb361260"
"13840","Zm00001eb338450"
"13841","Zm00001eb351790"
"13842","Zm00001eb336850"
"13843","Zm00001eb363200"
"13844","Zm00001eb345540"
"13845","Zm00001eb344300"
"13846","Zm00001eb355740"
"13847","Zm00001eb335850"
"13848","Zm00001eb336890"
"13849","Zm00001eb366080"
"13850","Zm00001eb346810"
"13851","Zm00001eb370460"
"13852","Zm00001eb367970"
"13853","Zm00001eb346330"
"13854","Zm00001eb333940"
"13855","Zm00001eb365710"
"13856","Zm00001eb354940"
"13857","Zm00001eb349090"
"13858","Zm00001eb353460"
"13859","Zm00001eb355540"
"13860","Zm00001eb368390"
"13861","Zm00001eb339240"
"13862","Zm00001eb343270"
"13863","Zm00001eb368220"
"13864","Zm00001eb351010"
"13865","Zm00001eb351870"
"13866","Zm00001eb333870"
"13867","Zm00001eb343580"
"13868","Zm00001eb370790"
"13869","Zm00001eb353140"
"13870","Zm00001eb350820"
"13871","Zm00001eb343670"
"13872","Zm00001eb369310"
"13873","Zm00001eb361980"
"13874","Zm00001eb334170"
"13875","Zm00001eb334080"
"13876","Zm00001eb339310"
"13877","Zm00001eb367670"
"13878","Zm00001eb350650"
"13879","Zm00001eb334940"
"13880","Zm00001eb363750"
"13881","Zm00001eb348750"
"13882","Zm00001eb355850"
"13883","Zm00001eb357920"
"13884","Zm00001eb352960"
"13885","Zm00001eb344700"
"13886","Zm00001eb362030"
"13887","Zm00001eb356090"
"13888","Zm00001eb361710"
"13889","Zm00001eb356410"
"13890","Zm00001eb342840"
"13891","Zm00001eb349330"
"13892","Zm00001eb338980"
"13893","Zm00001eb369250"
"13894","Zm00001eb347480"
"13895","Zm00001eb364310"
"13896","Zm00001eb352080"
"13897","Zm00001eb340870"
"13898","Zm00001eb338800"
"13899","Zm00001eb364290"
"13900","Zm00001eb366660"
"13901","Zm00001eb350630"
"13902","Zm00001eb365410"
"13903","Zm00001eb365530"
"13904","Zm00001eb336990"
"13905","Zm00001eb335080"
"13906","Zm00001eb345200"
"13907","Zm00001eb335510"
"13908","Zm00001eb334820"
"13909","Zm00001eb332960"
"13910","Zm00001eb341630"
"13911","Zm00001eb356840"
"13912","Zm00001eb353590"
"13913","Zm00001eb347540"
"13914","Zm00001eb351070"
"13915","Zm00001eb369510"
"13916","Zm00001eb360120"
"13917","Zm00001eb357390"
"13918","Zm00001eb349200"
"13919","Zm00001eb334470"
"13920","Zm00001eb367810"
"13921","Zm00001eb364940"
"13922","Zm00001eb349880"
"13923","Zm00001eb355670"
"13924","Zm00001eb344070"
"13925","Zm00001eb338040"
"13926","Zm00001eb365850"
"13927","Zm00001eb369050"
"13928","Zm00001eb362260"
"13929","Zm00001eb334930"
"13930","Zm00001eb333150"
"13931","Zm00001eb351740"
"13932","Zm00001eb338260"
"13933","Zm00001eb344850"
"13934","Zm00001eb336270"
"13935","Zm00001eb362350"
"13936","Zm00001eb341220"
"13937","Zm00001eb340080"
"13938","Zm00001eb353390"
"13939","Zm00001eb362110"
"13940","Zm00001eb350700"
"13941","Zm00001eb350870"
"13942","Zm00001eb360160"
"13943","Zm00001eb347090"
"13944","Zm00001eb338920"
"13945","Zm00001eb366320"
"13946","Zm00001eb359800"
"13947","Zm00001eb370560"
"13948","Zm00001eb337410"
"13949","Zm00001eb352870"
"13950","Zm00001eb361610"
"13951","Zm00001eb355020"
"13952","Zm00001eb349110"
"13953","Zm00001eb333580"
"13954","Zm00001eb336660"
"13955","Zm00001eb347050"
"13956","Zm00001eb358420"
"13957","Zm00001eb355290"
"13958","Zm00001eb332820"
"13959","Zm00001eb363740"
"13960","Zm00001eb369000"
"13961","Zm00001eb345130"
"13962","Zm00001eb341290"
"13963","Zm00001eb351400"
"13964","Zm00001eb343470"
"13965","Zm00001eb347320"
"13966","Zm00001eb357490"
"13967","Zm00001eb343320"
"13968","Zm00001eb367170"
"13969","Zm00001eb342330"
"13970","Zm00001eb360350"
"13971","Zm00001eb342640"
"13972","Zm00001eb340320"
"13973","Zm00001eb362830"
"13974","Zm00001eb346680"
"13975","Zm00001eb341840"
"13976","Zm00001eb348660"
"13977","Zm00001eb367310"
"13978","Zm00001eb349030"
"13979","Zm00001eb343030"
"13980","Zm00001eb336390"
"13981","Zm00001eb361010"
"13982","Zm00001eb369130"
"13983","Zm00001eb365190"
"13984","Zm00001eb346800"
"13985","Zm00001eb362600"
"13986","Zm00001eb350510"
"13987","Zm00001eb343340"
"13988","Zm00001eb370210"
"13989","Zm00001eb344140"
"13990","Zm00001eb349520"
"13991","Zm00001eb360520"
"13992","Zm00001eb337140"
"13993","Zm00001eb358960"
"13994","Zm00001eb358310"
"13995","Zm00001eb350000"
"13996","Zm00001eb353850"
"13997","Zm00001eb359540"
"13998","Zm00001eb361790"
"13999","Zm00001eb345270"
"14000","Zm00001eb339260"
"14001","Zm00001eb349530"
"14002","Zm00001eb370160"
"14003","Zm00001eb357750"
"14004","Zm00001eb346660"
"14005","Zm00001eb370590"
"14006","Zm00001eb340450"
"14007","Zm00001eb338370"
"14008","Zm00001eb340800"
"14009","Zm00001eb342370"
"14010","Zm00001eb343350"
"14011","Zm00001eb348780"
"14012","Zm00001eb333830"
"14013","Zm00001eb339360"
"14014","Zm00001eb366610"
"14015","Zm00001eb362270"
"14016","Zm00001eb368270"
"14017","Zm00001eb332640"
"14018","Zm00001eb362550"
"14019","Zm00001eb361310"
"14020","Zm00001eb370270"
"14021","Zm00001eb336190"
"14022","Zm00001eb358750"
"14023","Zm00001eb333020"
"14024","Zm00001eb340280"
"14025","Zm00001eb351640"
"14026","Zm00001eb353970"
"14027","Zm00001eb344600"
"14028","Zm00001eb335190"
"14029","Zm00001eb342730"
"14030","Zm00001eb365080"
"14031","Zm00001eb340650"
"14032","Zm00001eb338670"
"14033","Zm00001eb371080"
"14034","Zm00001eb342930"
"14035","Zm00001eb339710"
"14036","Zm00001eb350910"
"14037","Zm00001eb354080"
"14038","Zm00001eb344890"
"14039","Zm00001eb334990"
"14040","Zm00001eb361070"
"14041","Zm00001eb365770"
"14042","Zm00001eb363810"
"14043","Zm00001eb347570"
"14044","Zm00001eb360480"
"14045","Zm00001eb370150"
"14046","Zm00001eb363520"
"14047","Zm00001eb354210"
"14048","Zm00001eb352670"
"14049","Zm00001eb362740"
"14050","Zm00001eb359330"
"14051","Zm00001eb357240"
"14052","Zm00001eb367840"
"14053","Zm00001eb346160"
"14054","Zm00001eb344950"
"14055","Zm00001eb351980"
"14056","Zm00001eb363590"
"14057","Zm00001eb357700"
"14058","Zm00001eb338590"
"14059","Zm00001eb369750"
"14060","Zm00001eb333220"
"14061","Zm00001eb354480"
"14062","Zm00001eb348600"
"14063","Zm00001eb346230"
"14064","Zm00001eb336800"
"14065","Zm00001eb345880"
"14066","Zm00001eb367890"
"14067","Zm00001eb366440"
"14068","Zm00001eb370180"
"14069","Zm00001eb351700"
"14070","Zm00001eb347420"
"14071","Zm00001eb351280"
"14072","Zm00001eb358060"
"14073","Zm00001eb342190"
"14074","Zm00001eb339860"
"14075","Zm00001eb353660"
"14076","Zm00001eb335070"
"14077","Zm00001eb357140"
"14078","Zm00001eb345620"
"14079","Zm00001eb356560"
"14080","Zm00001eb342310"
"14081","Zm00001eb368940"
"14082","Zm00001eb336960"
"14083","Zm00001eb349130"
"14084","Zm00001eb360110"
"14085","Zm00001eb364970"
"14086","Zm00001eb334050"
"14087","Zm00001eb346090"
"14088","Zm00001eb362570"
"14089","Zm00001eb370850"
"14090","Zm00001eb369060"
"14091","Zm00001eb366310"
"14092","Zm00001eb368090"
"14093","Zm00001eb365880"
"14094","Zm00001eb355350"
"14095","Zm00001eb368680"
"14096","Zm00001eb339100"
"14097","Zm00001eb347670"
"14098","Zm00001eb354820"
"14099","Zm00001eb334950"
"14100","Zm00001eb365580"
"14101","Zm00001eb336070"
"14102","Zm00001eb368490"
"14103","Zm00001eb363390"
"14104","Zm00001eb348960"
"14105","Zm00001eb363770"
"14106","Zm00001eb338170"
"14107","Zm00001eb358890"
"14108","Zm00001eb342070"
"14109","Zm00001eb363850"
"14110","Zm00001eb363080"
"14111","Zm00001eb343630"
"14112","Zm00001eb342910"
"14113","Zm00001eb360180"
"14114","Zm00001eb353330"
"14115","Zm00001eb350760"
"14116","Zm00001eb349450"
"14117","Zm00001eb365690"
"14118","Zm00001eb361960"
"14119","Zm00001eb362200"
"14120","Zm00001eb362650"
"14121","Zm00001eb366640"
"14122","Zm00001eb337520"
"14123","Zm00001eb353050"
"14124","Zm00001eb350930"
"14125","Zm00001eb347600"
"14126","Zm00001eb332790"
"14127","Zm00001eb359360"
"14128","Zm00001eb355120"
"14129","Zm00001eb362710"
"14130","Zm00001eb348200"
"14131","Zm00001eb350050"
"14132","Zm00001eb352580"
"14133","Zm00001eb370100"
"14134","Zm00001eb337250"
"14135","Zm00001eb369890"
"14136","Zm00001eb356340"
"14137","Zm00001eb335220"
"14138","Zm00001eb358660"
"14139","Zm00001eb368810"
"14140","Zm00001eb355710"
"14141","Zm00001eb346760"
"14142","Zm00001eb349710"
"14143","Zm00001eb358380"
"14144","Zm00001eb339680"
"14145","Zm00001eb368400"
"14146","Zm00001eb332910"
"14147","Zm00001eb342630"
"14148","Zm00001eb335130"
"14149","Zm00001eb342430"
"14150","Zm00001eb333780"
"14151","Zm00001eb335600"
"14152","Zm00001eb363330"
"14153","Zm00001eb364810"
"14154","Zm00001eb336860"
"14155","Zm00001eb338030"
"14156","Zm00001eb360020"
"14157","Zm00001eb353230"
"14158","Zm00001eb359530"
"14159","Zm00001eb333590"
"14160","Zm00001eb353520"
"14161","Zm00001eb332710"
"14162","Zm00001eb357830"
"14163","Zm00001eb339390"
"14164","Zm00001eb358910"
"14165","Zm00001eb335710"
"14166","Zm00001eb341390"
"14167","Zm00001eb351820"
"14168","Zm00001eb370380"
"14169","Zm00001eb354320"
"14170","Zm00001eb360560"
"14171","Zm00001eb364850"
"14172","Zm00001eb359400"
"14173","Zm00001eb344440"
"14174","Zm00001eb366860"
"14175","Zm00001eb369980"
"14176","Zm00001eb360330"
"14177","Zm00001eb352760"
"14178","Zm00001eb368280"
"14179","Zm00001eb366530"
"14180","Zm00001eb340790"
"14181","Zm00001eb370520"
"14182","Zm00001eb359970"
"14183","Zm00001eb347310"
"14184","Zm00001eb332530"
"14185","Zm00001eb340520"
"14186","Zm00001eb361080"
"14187","Zm00001eb364510"
"14188","Zm00001eb350460"
"14189","Zm00001eb337980"
"14190","Zm00001eb359130"
"14191","Zm00001eb357600"
"14192","Zm00001eb365370"
"14193","Zm00001eb367450"
"14194","Zm00001eb354090"
"14195","Zm00001eb362520"
"14196","Zm00001eb343100"
"14197","Zm00001eb347710"
"14198","Zm00001eb366410"
"14199","Zm00001eb355050"
"14200","Zm00001eb355680"
"14201","Zm00001eb365950"
"14202","Zm00001eb368460"
"14203","Zm00001eb359930"
"14204","Zm00001eb342140"
"14205","Zm00001eb333510"
"14206","Zm00001eb352260"
"14207","Zm00001eb360910"
"14208","Zm00001eb342050"
"14209","Zm00001eb368000"
"14210","Zm00001eb338270"
"14211","Zm00001eb352360"
"14212","Zm00001eb368720"
"14213","Zm00001eb349920"
"14214","Zm00001eb334850"
"14215","Zm00001eb337550"
"14216","Zm00001eb356760"
"14217","Zm00001eb334290"
"14218","Zm00001eb370980"
"14219","Zm00001eb362210"
"14220","Zm00001eb334200"
"14221","Zm00001eb332560"
"14222","Zm00001eb367680"
"14223","Zm00001eb333190"
"14224","Zm00001eb357070"
"14225","Zm00001eb344260"
"14226","Zm00001eb345770"
"14227","Zm00001eb334910"
"14228","Zm00001eb341370"
"14229","Zm00001eb363830"
"14230","Zm00001eb354240"
"14231","Zm00001eb354870"
"14232","Zm00001eb347400"
"14233","Zm00001eb365730"
"14234","Zm00001eb359090"
"14235","Zm00001eb364910"
"14236","Zm00001eb360100"
"14237","Zm00001eb358080"
"14238","Zm00001eb349360"
"14239","Zm00001eb335880"
"14240","Zm00001eb359610"
"14241","Zm00001eb338280"
"14242","Zm00001eb361490"
"14243","Zm00001eb342880"
"14244","Zm00001eb351330"
"14245","Zm00001eb334130"
"14246","Zm00001eb340720"
"14247","Zm00001eb356360"
"14248","Zm00001eb342490"
"14249","Zm00001eb348450"
"14250","Zm00001eb350430"
"14251","Zm00001eb369540"
"14252","Zm00001eb369950"
"14253","Zm00001eb354790"
"14254","Zm00001eb340170"
"14255","Zm00001eb354250"
"14256","Zm00001eb332520"
"14257","Zm00001eb356780"
"14258","Zm00001eb367770"
"14259","Zm00001eb369800"
"14260","Zm00001eb355620"
"14261","Zm00001eb361150"
"14262","Zm00001eb352800"
"14263","Zm00001eb360170"
"14264","Zm00001eb355110"
"14265","Zm00001eb332340"
"14266","Zm00001eb352410"
"14267","Zm00001eb349480"
"14268","Zm00001eb357010"
"14269","Zm00001eb349670"
"14270","Zm00001eb364750"
"14271","Zm00001eb347080"
"14272","Zm00001eb356460"
"14273","Zm00001eb339480"
"14274","Zm00001eb362070"
"14275","Zm00001eb359420"
"14276","Zm00001eb335340"
"14277","Zm00001eb344620"
"14278","Zm00001eb368510"
"14279","Zm00001eb343460"
"14280","Zm00001eb348180"
"14281","Zm00001eb358030"
"14282","Zm00001eb364010"
"14283","Zm00001eb353760"
"14284","Zm00001eb335590"
"14285","Zm00001eb343200"
"14286","Zm00001eb346900"
"14287","Zm00001eb371300"
"14288","Zm00001eb366180"
"14289","Zm00001eb361760"
"14290","Zm00001eb348760"
"14291","Zm00001eb369670"
"14292","Zm00001eb356210"
"14293","Zm00001eb367110"
"14294","Zm00001eb357780"
"14295","Zm00001eb359430"
"14296","Zm00001eb348770"
"14297","Zm00001eb345420"
"14298","Zm00001eb362010"
"14299","Zm00001eb360960"
"14300","Zm00001eb334740"
"14301","Zm00001eb360030"
"14302","Zm00001eb370030"
"14303","Zm00001eb338460"
"14304","Zm00001eb371240"
"14305","Zm00001eb363860"
"14306","Zm00001eb370670"
"14307","Zm00001eb358300"
"14308","Zm00001eb336460"
"14309","Zm00001eb334790"
"14310","Zm00001eb335330"
"14311","Zm00001eb334960"
"14312","Zm00001eb355660"
"14313","Zm00001eb341310"
"14314","Zm00001eb347490"
"14315","Zm00001eb357900"
"14316","Zm00001eb334240"
"14317","Zm00001eb355580"
"14318","Zm00001eb358940"
"14319","Zm00001eb357510"
"14320","Zm00001eb347260"
"14321","Zm00001eb350920"
"14322","Zm00001eb364040"
"14323","Zm00001eb365760"
"14324","Zm00001eb354530"
"14325","Zm00001eb370810"
"14326","Zm00001eb344820"
"14327","Zm00001eb351300"
"14328","Zm00001eb366360"
"14329","Zm00001eb360610"
"14330","Zm00001eb344210"
"14331","Zm00001eb337840"
"14332","Zm00001eb349870"
"14333","Zm00001eb352240"
"14334","Zm00001eb335570"
"14335","Zm00001eb358050"
"14336","Zm00001eb332660"
"14337","Zm00001eb334800"
"14338","Zm00001eb357210"
"14339","Zm00001eb369960"
"14340","Zm00001eb342320"
"14341","Zm00001eb356450"
"14342","Zm00001eb345630"
"14343","Zm00001eb370290"
"14344","Zm00001eb355990"
"14345","Zm00001eb351100"
"14346","Zm00001eb337010"
"14347","Zm00001eb368700"
"14348","Zm00001eb365840"
"14349","Zm00001eb341010"
"14350","Zm00001eb342660"
"14351","Zm00001eb371110"
"14352","Zm00001eb348990"
"14353","Zm00001eb339290"
"14354","Zm00001eb363070"
"14355","Zm00001eb335650"
"14356","Zm00001eb351220"
"14357","Zm00001eb353800"
"14358","Zm00001eb333620"
"14359","Zm00001eb339090"
"14360","Zm00001eb342620"
"14361","Zm00001eb364210"
"14362","Zm00001eb343490"
"14363","Zm00001eb364920"
"14364","Zm00001eb353080"
"14365","Zm00001eb344760"
"14366","Zm00001eb351380"
"14367","Zm00001eb362090"
"14368","Zm00001eb360390"
"14369","Zm00001eb363470"
"14370","Zm00001eb345900"
"14371","Zm00001eb340400"
"14372","Zm00001eb359760"
"14373","Zm00001eb344490"
"14374","Zm00001eb355140"
"14375","Zm00001eb356650"
"14376","Zm00001eb361880"
"14377","Zm00001eb336480"
"14378","Zm00001eb357310"
"14379","Zm00001eb346580"
"14380","Zm00001eb333800"
"14381","Zm00001eb359780"
"14382","Zm00001eb346210"
"14383","Zm00001eb342290"
"14384","Zm00001eb366970"
"14385","Zm00001eb342960"
"14386","Zm00001eb365990"
"14387","Zm00001eb357050"
"14388","Zm00001eb354560"
"14389","Zm00001eb356390"
"14390","Zm00001eb356260"
"14391","Zm00001eb363280"
"14392","Zm00001eb345610"
"14393","Zm00001eb367300"
"14394","Zm00001eb351610"
"14395","Zm00001eb337930"
"14396","Zm00001eb333760"
"14397","Zm00001eb345890"
"14398","Zm00001eb348550"
"14399","Zm00001eb368420"
"14400","Zm00001eb367410"
"14401","Zm00001eb357740"
"14402","Zm00001eb366470"
"14403","Zm00001eb362490"
"14404","Zm00001eb360540"
"14405","Zm00001eb332830"
"14406","Zm00001eb356610"
"14407","Zm00001eb361030"
"14408","Zm00001eb354230"
"14409","Zm00001eb356000"
"14410","Zm00001eb334150"
"14411","Zm00001eb353870"
"14412","Zm00001eb365210"
"14413","Zm00001eb345650"
"14414","Zm00001eb360250"
"14415","Zm00001eb340850"
"14416","Zm00001eb345170"
"14417","Zm00001eb357960"
"14418","Zm00001eb361210"
"14419","Zm00001eb363820"
"14420","Zm00001eb349550"
"14421","Zm00001eb344550"
"14422","Zm00001eb349160"
"14423","Zm00001eb339940"
"14424","Zm00001eb335930"
"14425","Zm00001eb340460"
"14426","Zm00001eb359650"
"14427","Zm00001eb336810"
"14428","Zm00001eb357380"
"14429","Zm00001eb348150"
"14430","Zm00001eb335690"
"14431","Zm00001eb343660"
"14432","Zm00001eb336280"
"14433","Zm00001eb360010"
"14434","Zm00001eb358690"
"14435","Zm00001eb364260"
"14436","Zm00001eb344910"
"14437","Zm00001eb359560"
"14438","Zm00001eb341150"
"14439","Zm00001eb368920"
"14440","Zm00001eb352560"
"14441","Zm00001eb333990"
"14442","Zm00001eb345430"
"14443","Zm00001eb365600"
"14444","Zm00001eb357570"
"14445","Zm00001eb350120"
"14446","Zm00001eb346140"
"14447","Zm00001eb351960"
"14448","Zm00001eb369650"
"14449","Zm00001eb344150"
"14450","Zm00001eb342700"
"14451","Zm00001eb369730"
"14452","Zm00001eb363160"
"14453","Zm00001eb369900"
"14454","Zm00001eb348230"
"14455","Zm00001eb334330"
"14456","Zm00001eb367730"
"14457","Zm00001eb365180"
"14458","Zm00001eb357260"
"14459","Zm00001eb334350"
"14460","Zm00001eb353940"
"14461","Zm00001eb354190"
"14462","Zm00001eb360380"
"14463","Zm00001eb347610"
"14464","Zm00001eb360440"
"14465","Zm00001eb337390"
"14466","Zm00001eb344750"
"14467","Zm00001eb368290"
"14468","Zm00001eb361590"
"14469","Zm00001eb363130"
"14470","Zm00001eb356920"
"14471","Zm00001eb362080"
"14472","Zm00001eb338910"
"14473","Zm00001eb371040"
"14474","Zm00001eb333730"
"14475","Zm00001eb347860"
"14476","Zm00001eb355810"
"14477","Zm00001eb363720"
"14478","Zm00001eb355550"
"14479","Zm00001eb348840"
"14480","Zm00001eb343760"
"14481","Zm00001eb354620"
"14482","Zm00001eb332580"
"14483","Zm00001eb335380"
"14484","Zm00001eb354930"
"14485","Zm00001eb351190"
"14486","Zm00001eb369080"
"14487","Zm00001eb367330"
"14488","Zm00001eb341260"
"14489","Zm00001eb345970"
"14490","Zm00001eb354950"
"14491","Zm00001eb359600"
"14492","Zm00001eb356550"
"14493","Zm00001eb362390"
"14494","Zm00001eb365030"
"14495","Zm00001eb360130"
"14496","Zm00001eb343970"
"14497","Zm00001eb351340"
"14498","Zm00001eb370730"
"14499","Zm00001eb370640"
"14500","Zm00001eb346280"
"14501","Zm00001eb360670"
"14502","Zm00001eb351420"
"14503","Zm00001eb339380"
"14504","Zm00001eb350490"
"14505","Zm00001eb346550"
"14506","Zm00001eb333930"
"14507","Zm00001eb352790"
"14508","Zm00001eb367040"
"14509","Zm00001eb370230"
"14510","Zm00001eb333440"
"14511","Zm00001eb363700"
"14512","Zm00001eb340430"
"14513","Zm00001eb369360"
"14514","Zm00001eb336400"
"14515","Zm00001eb351570"
"14516","Zm00001eb337530"
"14517","Zm00001eb337540"
"14518","Zm00001eb367790"
"14519","Zm00001eb358560"
"14520","Zm00001eb348520"
"14521","Zm00001eb354470"
"14522","Zm00001eb333210"
"14523","Zm00001eb338660"
"14524","Zm00001eb336730"
"14525","Zm00001eb362730"
"14526","Zm00001eb344980"
"14527","Zm00001eb340160"
"14528","Zm00001eb370910"
"14529","Zm00001eb350310"
"14530","Zm00001eb336220"
"14531","Zm00001eb352530"
"14532","Zm00001eb333750"
"14533","Zm00001eb344500"
"14534","Zm00001eb369460"
"14535","Zm00001eb335470"
"14536","Zm00001eb346830"
"14537","Zm00001eb351970"
"14538","Zm00001eb362630"
"14539","Zm00001eb346380"
"14540","Zm00001eb353110"
"14541","Zm00001eb335900"
"14542","Zm00001eb353690"
"14543","Zm00001eb358770"
"14544","Zm00001eb360580"
"14545","Zm00001eb338940"
"14546","Zm00001eb333380"
"14547","Zm00001eb338340"
"14548","Zm00001eb348730"
"14549","Zm00001eb353510"
"14550","Zm00001eb349810"
"14551","Zm00001eb363890"
"14552","Zm00001eb364390"
"14553","Zm00001eb365450"
"14554","Zm00001eb344110"
"14555","Zm00001eb339370"
"14556","Zm00001eb355090"
"14557","Zm00001eb335640"
"14558","Zm00001eb370260"
"14559","Zm00001eb361460"
"14560","Zm00001eb368180"
"14561","Zm00001eb359990"
"14562","Zm00001eb344390"
"14563","Zm00001eb340580"
"14564","Zm00001eb347430"
"14565","Zm00001eb340420"
"14566","Zm00001eb358000"
"14567","Zm00001eb350150"
"14568","Zm00001eb367290"
"14569","Zm00001eb369030"
"14570","Zm00001eb333640"
"14571","Zm00001eb364360"
"14572","Zm00001eb366840"
"14573","Zm00001eb356370"
"14574","Zm00001eb346630"
"14575","Zm00001eb357410"
"14576","Zm00001eb369380"
"14577","Zm00001eb352610"
"14578","Zm00001eb357220"
"14579","Zm00001eb363530"
"14580","Zm00001eb347340"
"14581","Zm00001eb355570"
"14582","Zm00001eb368020"
"14583","Zm00001eb348490"
"14584","Zm00001eb342710"
"14585","Zm00001eb346890"
"14586","Zm00001eb346320"
"14587","Zm00001eb359190"
"14588","Zm00001eb342120"
"14589","Zm00001eb359640"
"14590","Zm00001eb354640"
"14591","Zm00001eb345550"
"14592","Zm00001eb358040"
"14593","Zm00001eb352350"
"14594","Zm00001eb343160"
"14595","Zm00001eb366420"
"14596","Zm00001eb356440"
"14597","Zm00001eb352890"
"14598","Zm00001eb362330"
"14599","Zm00001eb357580"
"14600","Zm00001eb334920"
"14601","Zm00001eb352820"
"14602","Zm00001eb334030"
"14603","Zm00001eb362500"
"14604","Zm00001eb334600"
"14605","Zm00001eb358870"
"14606","Zm00001eb348870"
"14607","Zm00001eb359100"
"14608","Zm00001eb363870"
"14609","Zm00001eb343570"
"14610","Zm00001eb368790"
"14611","Zm00001eb334750"
"14612","Zm00001eb341790"
"14613","Zm00001eb333280"
"14614","Zm00001eb365750"
"14615","Zm00001eb344540"
"14616","Zm00001eb338990"
"14617","Zm00001eb338070"
"14618","Zm00001eb332380"
"14619","Zm00001eb369150"
"14620","Zm00001eb366670"
"14621","Zm00001eb370830"
"14622","Zm00001eb342540"
"14623","Zm00001eb360920"
"14624","Zm00001eb332590"
"14625","Zm00001eb345020"
"14626","Zm00001eb355650"
"14627","Zm00001eb338770"
"14628","Zm00001eb369520"
"14629","Zm00001eb352040"
"14630","Zm00001eb368480"
"14631","Zm00001eb357270"
"14632","Zm00001eb357450"
"14633","Zm00001eb358260"
"14634","Zm00001eb332970"
"14635","Zm00001eb333360"
"14636","Zm00001eb369090"
"14637","Zm00001eb348650"
"14638","Zm00001eb347380"
"14639","Zm00001eb370350"
"14640","Zm00001eb346540"
"14641","Zm00001eb340550"
"14642","Zm00001eb339460"
"14643","Zm00001eb370220"
"14644","Zm00001eb333450"
"14645","Zm00001eb337300"
"14646","Zm00001eb346040"
"14647","Zm00001eb351580"
"14648","Zm00001eb334380"
"14649","Zm00001eb367830"
"14650","Zm00001eb352570"
"14651","Zm00001eb349820"
"14652","Zm00001eb357670"
"14653","Zm00001eb366720"
"14654","Zm00001eb350640"
"14655","Zm00001eb371050"
"14656","Zm00001eb343220"
"14657","Zm00001eb350370"
"14658","Zm00001eb334490"
"14659","Zm00001eb361300"
"14660","Zm00001eb362140"
"14661","Zm00001eb363730"
"14662","Zm00001eb336930"
"14663","Zm00001eb352780"
"14664","Zm00001eb364230"
"14665","Zm00001eb351430"
"14666","Zm00001eb347280"
"14667","Zm00001eb353790"
"14668","Zm00001eb343830"
"14669","Zm00001eb342590"
"14670","Zm00001eb366390"
"14671","Zm00001eb336210"
"14672","Zm00001eb335620"
"14673","Zm00001eb336650"
"14674","Zm00001eb362820"
"14675","Zm00001eb333410"
"14676","Zm00001eb360490"
"14677","Zm00001eb356180"
"14678","Zm00001eb359550"
"14679","Zm00001eb358970"
"14680","Zm00001eb346930"
"14681","Zm00001eb365170"
"14682","Zm00001eb332940"
"14683","Zm00001eb356050"
"14684","Zm00001eb342550"
"14685","Zm00001eb366620"
"14686","Zm00001eb361350"
"14687","Zm00001eb350860"
"14688","Zm00001eb370890"
"14689","Zm00001eb343240"
"14690","Zm00001eb359350"
"14691","Zm00001eb356220"
"14692","Zm00001eb334320"
"14693","Zm00001eb342080"
"14694","Zm00001eb367870"
"14695","Zm00001eb351670"
"14696","Zm00001eb369740"
"14697","Zm00001eb345410"
"14698","Zm00001eb353030"
"14699","Zm00001eb351000"
"14700","Zm00001eb358450"
"14701","Zm00001eb370320"
"14702","Zm00001eb348700"
"14703","Zm00001eb366880"
"14704","Zm00001eb345750"
"14705","Zm00001eb332400"
"14706","Zm00001eb349390"
"14707","Zm00001eb354200"
"14708","Zm00001eb338960"
"14709","Zm00001eb363840"
"14710","Zm00001eb362180"
"14711","Zm00001eb363800"
"14712","Zm00001eb343820"
"14713","Zm00001eb368950"
"14714","Zm00001eb349540"
"14715","Zm00001eb349170"
"14716","Zm00001eb363400"
"14717","Zm00001eb336880"
"14718","Zm00001eb353650"
"14719","Zm00001eb360970"
"14720","Zm00001eb371150"
"14721","Zm00001eb348940"
"14722","Zm00001eb345720"
"14723","Zm00001eb336590"
"14724","Zm00001eb361130"
"14725","Zm00001eb333670"
"14726","Zm00001eb352180"
"14727","Zm00001eb360890"
"14728","Zm00001eb338190"
"14729","Zm00001eb345570"
"14730","Zm00001eb353320"
"14731","Zm00001eb355210"
"14732","Zm00001eb332200"
"14733","Zm00001eb348080"
"14734","Zm00001eb336080"
"14735","Zm00001eb362560"
"14736","Zm00001eb334360"
"14737","Zm00001eb338890"
"14738","Zm00001eb357640"
"14739","Zm00001eb362640"
"14740","Zm00001eb347200"
"14741","Zm00001eb361470"
"14742","Zm00001eb349140"
"14743","Zm00001eb333230"
"14744","Zm00001eb363480"
"14745","Zm00001eb342200"
"14746","Zm00001eb347590"
"14747","Zm00001eb369210"
"14748","Zm00001eb345060"
"14749","Zm00001eb355750"
"14750","Zm00001eb339870"
"14751","Zm00001eb337590"
"14752","Zm00001eb352840"
"14753","Zm00001eb343080"
"14754","Zm00001eb337770"
"14755","Zm00001eb337990"
"14756","Zm00001eb336690"
"14757","Zm00001eb342980"
"14758","Zm00001eb336740"
"14759","Zm00001eb336950"
"14760","Zm00001eb335820"
"14761","Zm00001eb346300"
"14762","Zm00001eb350580"
"14763","Zm00001eb333100"
"14764","Zm00001eb366430"
"14765","Zm00001eb365660"
"14766","Zm00001eb346250"
"14767","Zm00001eb368650"
"14768","Zm00001eb339270"
"14769","Zm00001eb361230"
"14770","Zm00001eb365010"
"14771","Zm00001eb366690"
"14772","Zm00001eb355360"
"14773","Zm00001eb348280"
"14774","Zm00001eb345950"
"14775","Zm00001eb360860"
"14776","Zm00001eb353830"
"14777","Zm00001eb334410"
"14778","Zm00001eb335670"
"14779","Zm00001eb362470"
"14780","Zm00001eb349730"
"14781","Zm00001eb337240"
"14782","Zm00001eb333520"
"14783","Zm00001eb335990"
"14784","Zm00001eb344570"
"14785","Zm00001eb362860"
"14786","Zm00001eb343780"
"14787","Zm00001eb337040"
"14788","Zm00001eb369490"
"14789","Zm00001eb339770"
"14790","Zm00001eb340590"
"14791","Zm00001eb334220"
"14792","Zm00001eb366800"
"14793","Zm00001eb346030"
"14794","Zm00001eb370050"
"14795","Zm00001eb354430"
"14796","Zm00001eb349410"
"14797","Zm00001eb369350"
"14798","Zm00001eb346620"
"14799","Zm00001eb345140"
"14800","Zm00001eb335230"
"14801","Zm00001eb369880"
"14802","Zm00001eb362700"
"14803","Zm00001eb367000"
"14804","Zm00001eb340570"
"14805","Zm00001eb336410"
"14806","Zm00001eb349840"
"14807","Zm00001eb346750"
"14808","Zm00001eb357160"
"14809","Zm00001eb332770"
"14810","Zm00001eb363540"
"14811","Zm00001eb354170"
"14812","Zm00001eb369340"
"14813","Zm00001eb366350"
"14814","Zm00001eb354720"
"14815","Zm00001eb365460"
"14816","Zm00001eb337880"
"14817","Zm00001eb369710"
"14818","Zm00001eb344470"
"14819","Zm00001eb370110"
"14820","Zm00001eb363630"
"14821","Zm00001eb335140"
"14822","Zm00001eb358160"
"14823","Zm00001eb356940"
"14824","Zm00001eb336820"
"14825","Zm00001eb361840"
"14826","Zm00001eb369840"
"14827","Zm00001eb341090"
"14828","Zm00001eb364840"
"14829","Zm00001eb340700"
"14830","Zm00001eb362510"
"14831","Zm00001eb354920"
"14832","Zm00001eb363880"
"14833","Zm00001eb349500"
"14834","Zm00001eb350300"
"14835","Zm00001eb350240"
"14836","Zm00001eb353780"
"14837","Zm00001eb366380"
"14838","Zm00001eb332550"
"14839","Zm00001eb364190"
"14840","Zm00001eb332870"
"14841","Zm00001eb347720"
"14842","Zm00001eb369170"
"14843","Zm00001eb334190"
"14844","Zm00001eb353820"
"14845","Zm00001eb371200"
"14846","Zm00001eb355220"
"14847","Zm00001eb334900"
"14848","Zm00001eb356530"
"14849","Zm00001eb361170"
"14850","Zm00001eb334770"
"14851","Zm00001eb370600"
"14852","Zm00001eb364680"
"14853","Zm00001eb333240"
"14854","Zm00001eb364520"
"14855","Zm00001eb345780"
"14856","Zm00001eb365560"
"14857","Zm00001eb365960"
"14858","Zm00001eb368900"
"14859","Zm00001eb333890"
"14860","Zm00001eb370430"
"14861","Zm00001eb362370"
"14862","Zm00001eb361000"
"14863","Zm00001eb342400"
"14864","Zm00001eb365740"
"14865","Zm00001eb362020"
"14866","Zm00001eb356490"
"14867","Zm00001eb352940"
"14868","Zm00001eb363490"
"14869","Zm00001eb338010"
"14870","Zm00001eb343930"
"14871","Zm00001eb339960"
"14872","Zm00001eb363240"
"14873","Zm00001eb333460"
"14874","Zm00001eb343110"
"14875","Zm00001eb337950"
"14876","Zm00001eb352250"
"14877","Zm00001eb346200"
"14878","Zm00001eb367060"
"14879","Zm00001eb350950"
"14880","Zm00001eb357200"
"14881","Zm00001eb356770"
"14882","Zm00001eb370960"
"14883","Zm00001eb368840"
"14884","Zm00001eb347450"
"14885","Zm00001eb367760"
"14886","Zm00001eb339490"
"14887","Zm00001eb349430"
"14888","Zm00001eb364070"
"14889","Zm00001eb371020"
"14890","Zm00001eb368340"
"14891","Zm00001eb359410"
"14892","Zm00001eb353680"
"14893","Zm00001eb363090"
"14894","Zm00001eb352810"
"14895","Zm00001eb350250"
"14896","Zm00001eb353990"
"14897","Zm00001eb334120"
"14898","Zm00001eb347290"
"14899","Zm00001eb343870"
"14900","Zm00001eb350780"
"14901","Zm00001eb334270"
"14902","Zm00001eb364740"
"14903","Zm00001eb357040"
"14904","Zm00001eb369790"
"14905","Zm00001eb339190"
"14906","Zm00001eb370710"
"14907","Zm00001eb366170"
"14908","Zm00001eb343210"
"14909","Zm00001eb361520"
"14910","Zm00001eb363950"
"14911","Zm00001eb335350"
"14912","Zm00001eb351780"
"14913","Zm00001eb357890"
"14914","Zm00001eb371320"
"14915","Zm00001eb353340"
"14916","Zm00001eb355890"
"14917","Zm00001eb370880"
"14918","Zm00001eb370020"
"14919","Zm00001eb344580"
"14920","Zm00001eb361480"
"14921","Zm00001eb336530"
"14922","Zm00001eb340730"
"14923","Zm00001eb341780"
"14924","Zm00001eb366580"
"14925","Zm00001eb368960"
"14926","Zm00001eb348240"
"14927","Zm00001eb344970"
"14928","Zm00001eb352600"
"14929","Zm00001eb348320"
"14930","Zm00001eb337890"
"14931","Zm00001eb356240"
"14932","Zm00001eb370310"
"14933","Zm00001eb338740"
"14934","Zm00001eb368150"
"14935","Zm00001eb368040"
"14936","Zm00001eb369940"
"14937","Zm00001eb349300"
"14938","Zm00001eb369860"
"14939","Zm00001eb349860"
"14940","Zm00001eb351500"
"14941","Zm00001eb351880"
"14942","Zm00001eb333470"
"14943","Zm00001eb366050"
"14944","Zm00001eb332610"
"14945","Zm00001eb334810"
"14946","Zm00001eb339200"
"14947","Zm00001eb333790"
"14948","Zm00001eb353470"
"14949","Zm00001eb362360"
"14950","Zm00001eb348930"
"14951","Zm00001eb365700"
"14952","Zm00001eb351020"
"14953","Zm00001eb366250"
"14954","Zm00001eb367100"
"14955","Zm00001eb343260"
"14956","Zm00001eb359620"
"14957","Zm00001eb365980"
"14958","Zm00001eb363050"
"14959","Zm00001eb356930"
"14960","Zm00001eb347950"
"14961","Zm00001eb370470"
"14962","Zm00001eb368430"
"14963","Zm00001eb360740"
"14964","Zm00001eb363920"
"14965","Zm00001eb338310"
"14966","Zm00001eb364080"
"14967","Zm00001eb371130"
"14968","Zm00001eb354910"
"14969","Zm00001eb345800"
"14970","Zm00001eb366020"
"14971","Zm00001eb369660"
"14972","Zm00001eb371170"
"14973","Zm00001eb351990"
"14974","Zm00001eb355270"
"14975","Zm00001eb366220"
"14976","Zm00001eb345080"
"14977","Zm00001eb339010"
"14978","Zm00001eb364470"
"14979","Zm00001eb355590"
"14980","Zm00001eb348850"
"14981","Zm00001eb361800"
"14982","Zm00001eb337940"
"14983","Zm00001eb353280"
"14984","Zm00001eb371010"
"14985","Zm00001eb352910"
"14986","Zm00001eb362870"
"14987","Zm00001eb349250"
"14988","Zm00001eb357030"
"14989","Zm00001eb333330"
"14990","Zm00001eb361700"
"14991","Zm00001eb340000"
"14992","Zm00001eb349010"
"14993","Zm00001eb348400"
"14994","Zm00001eb335810"
"14995","Zm00001eb346590"
"14996","Zm00001eb357650"
"14997","Zm00001eb369110"
"14998","Zm00001eb332690"
"14999","Zm00001eb349900"
"15000","Zm00001eb369920"
"15001","Zm00001eb348540"
"15002","Zm00001eb333160"
"15003","Zm00001eb356850"
"15004","Zm00001eb353580"
"15005","Zm00001eb360710"
"15006","Zm00001eb363190"
"15007","Zm00001eb334440"
"15008","Zm00001eb362460"
"15009","Zm00001eb351080"
"15010","Zm00001eb343590"
"15011","Zm00001eb346960"
"15012","Zm00001eb341180"
"15013","Zm00001eb346400"
"15014","Zm00001eb370300"
"15015","Zm00001eb332990"
"15016","Zm00001eb341980"
"15017","Zm00001eb354140"
"15018","Zm00001eb334090"
"15019","Zm00001eb353930"
"15020","Zm00001eb345260"
"15021","Zm00001eb363910"
"15022","Zm00001eb335300"
"15023","Zm00001eb348620"
"15024","Zm00001eb336290"
"15025","Zm00001eb358400"
"15026","Zm00001eb351940"
"15027","Zm00001eb361250"
"15028","Zm00001eb345380"
"15029","Zm00001eb370650"
"15030","Zm00001eb347060"
"15031","Zm00001eb348820"
"15032","Zm00001eb361200"
"15033","Zm00001eb356200"
"15034","Zm00001eb335660"
"15035","Zm00001eb336900"
"15036","Zm00001eb356980"
"15037","Zm00001eb352090"
"15038","Zm00001eb346100"
"15039","Zm00001eb363260"
"15040","Zm00001eb345450"
"15041","Zm00001eb369280"
"15042","Zm00001eb369200"
"15043","Zm00001eb354570"
"15044","Zm00001eb343840"
"15045","Zm00001eb340330"
"15046","Zm00001eb350290"
"15047","Zm00001eb365420"
"15048","Zm00001eb350660"
"15049","Zm00001eb334630"
"15050","Zm00001eb364640"
"15051","Zm00001eb359250"
"15052","Zm00001eb351350"
"15053","Zm00001eb366280"
"15054","Zm00001eb369370"
"15055","Zm00001eb359280"
"15056","Zm00001eb336030"
"15057","Zm00001eb365120"
"15058","Zm00001eb367320"
"15059","Zm00001eb365020"
"15060","Zm00001eb355300"
"15061","Zm00001eb341860"
"15062","Zm00001eb349910"
"15063","Zm00001eb337610"
"15064","Zm00001eb366780"
"15065","Zm00001eb354180"
"15066","Zm00001eb343010"
"15067","Zm00001eb336760"
"15068","Zm00001eb367150"
"15069","Zm00001eb344340"
"15070","Zm00001eb359580"
"15071","Zm00001eb356680"
"15072","Zm00001eb337720"
"15073","Zm00001eb349780"
"15074","Zm00001eb369720"
"15075","Zm00001eb360700"
"15076","Zm00001eb357250"
"15077","Zm00001eb368010"
"15078","Zm00001eb342270"
"15079","Zm00001eb347800"
"15080","Zm00001eb366900"
"15081","Zm00001eb332450"
"15082","Zm00001eb360230"
"15083","Zm00001eb351410"
"15084","Zm00001eb362610"
"15085","Zm00001eb333340"
"15086","Zm00001eb350790"
"15087","Zm00001eb371030"
"15088","Zm00001eb362160"
"15089","Zm00001eb350690"
"15090","Zm00001eb349270"
"15091","Zm00001eb370330"
"15092","Zm00001eb359220"
"15093","Zm00001eb350990"
"15094","Zm00001eb337180"
"15095","Zm00001eb367430"
"15096","Zm00001eb347620"
"15097","Zm00001eb347960"
"15098","Zm00001eb352880"
"15099","Zm00001eb334860"
"15100","Zm00001eb360430"
"15101","Zm00001eb354380"
"15102","Zm00001eb336870"
"15103","Zm00001eb364650"
"15104","Zm00001eb361850"
"15105","Zm00001eb361620"
"15106","Zm00001eb369580"
"15107","Zm00001eb363610"
"15108","Zm00001eb371180"
"15109","Zm00001eb341450"
"15110","Zm00001eb352720"
"15111","Zm00001eb360800"
"15112","Zm00001eb343770"
"15113","Zm00001eb338160"
"15114","Zm00001eb363500"
"15115","Zm00001eb371090"
"15116","Zm00001eb338240"
"15117","Zm00001eb363420"
"15118","Zm00001eb356480"
"15119","Zm00001eb347190"
"15120","Zm00001eb345290"
"15121","Zm00001eb367490"
"15122","Zm00001eb368850"
"15123","Zm00001eb362400"
"15124","Zm00001eb346060"
"15125","Zm00001eb337030"
"15126","Zm00001eb370240"
"15127","Zm00001eb362760"
"15128","Zm00001eb336840"
"15129","Zm00001eb350890"
"15130","Zm00001eb351950"
"15131","Zm00001eb367220"
"15132","Zm00001eb362580"
"15133","Zm00001eb355770"
"15134","Zm00001eb335870"
"15135","Zm00001eb337810"
"15136","Zm00001eb352550"
"15137","Zm00001eb370140"
"15138","Zm00001eb366830"
"15139","Zm00001eb348360"
"15140","Zm00001eb339760"
"15141","Zm00001eb359670"
"15142","Zm00001eb350280"
"15143","Zm00001eb358340"
"15144","Zm00001eb332500"
"15145","Zm00001eb363650"
"15146","Zm00001eb363140"
"15147","Zm00001eb355970"
"15148","Zm00001eb360900"
"15149","Zm00001eb333030"
"15150","Zm00001eb364200"
"15151","Zm00001eb334400"
"15152","Zm00001eb361670"
"15153","Zm00001eb340270"
"15154","Zm00001eb359320"
"15155","Zm00001eb346420"
"15156","Zm00001eb358200"
"15157","Zm00001eb333970"
"15158","Zm00001eb363370"
"15159","Zm00001eb365670"
"15160","Zm00001eb337380"
"15161","Zm00001eb357760"
"15162","Zm00001eb339350"
"15163","Zm00001eb340290"
"15164","Zm00001eb353810"
"15165","Zm00001eb364380"
"15166","Zm00001eb343360"
"15167","Zm00001eb341740"
"15168","Zm00001eb345240"
"15169","Zm00001eb362840"
"15170","Zm00001eb364590"
"15171","Zm00001eb332650"
"15172","Zm00001eb345040"
"15173","Zm00001eb365330"
"15174","Zm00001eb333400"
"15175","Zm00001eb348810"
"15176","Zm00001eb346790"
"15177","Zm00001eb281360"
"15178","Zm00001eb274280"
"15179","Zm00001eb276160"
"15180","Zm00001eb279020"
"15181","Zm00001eb264620"
"15182","Zm00001eb266260"
"15183","Zm00001eb278880"
"15184","Zm00001eb269820"
"15185","Zm00001eb271730"
"15186","Zm00001eb266400"
"15187","Zm00001eb269560"
"15188","Zm00001eb265500"
"15189","Zm00001eb272890"
"15190","Zm00001eb289320"
"15191","Zm00001eb275140"
"15192","Zm00001eb272310"
"15193","Zm00001eb279420"
"15194","Zm00001eb283600"
"15195","Zm00001eb277940"
"15196","Zm00001eb290190"
"15197","Zm00001eb280020"
"15198","Zm00001eb275510"
"15199","Zm00001eb282360"
"15200","Zm00001eb271810"
"15201","Zm00001eb275450"
"15202","Zm00001eb292270"
"15203","Zm00001eb260920"
"15204","Zm00001eb260480"
"15205","Zm00001eb281700"
"15206","Zm00001eb273510"
"15207","Zm00001eb292790"
"15208","Zm00001eb297830"
"15209","Zm00001eb280090"
"15210","Zm00001eb281280"
"15211","Zm00001eb293780"
"15212","Zm00001eb290550"
"15213","Zm00001eb276830"
"15214","Zm00001eb265980"
"15215","Zm00001eb284160"
"15216","Zm00001eb279740"
"15217","Zm00001eb293480"
"15218","Zm00001eb277520"
"15219","Zm00001eb280060"
"15220","Zm00001eb290370"
"15221","Zm00001eb285930"
"15222","Zm00001eb261800"
"15223","Zm00001eb281200"
"15224","Zm00001eb269700"
"15225","Zm00001eb296580"
"15226","Zm00001eb271370"
"15227","Zm00001eb296790"
"15228","Zm00001eb294130"
"15229","Zm00001eb281210"
"15230","Zm00001eb289800"
"15231","Zm00001eb282460"
"15232","Zm00001eb289380"
"15233","Zm00001eb264580"
"15234","Zm00001eb274800"
"15235","Zm00001eb291980"
"15236","Zm00001eb283340"
"15237","Zm00001eb294600"
"15238","Zm00001eb273690"
"15239","Zm00001eb265810"
"15240","Zm00001eb267970"
"15241","Zm00001eb273660"
"15242","Zm00001eb273360"
"15243","Zm00001eb273840"
"15244","Zm00001eb268880"
"15245","Zm00001eb277840"
"15246","Zm00001eb273380"
"15247","Zm00001eb288280"
"15248","Zm00001eb293980"
"15249","Zm00001eb272640"
"15250","Zm00001eb294430"
"15251","Zm00001eb272930"
"15252","Zm00001eb296830"
"15253","Zm00001eb289290"
"15254","Zm00001eb272600"
"15255","Zm00001eb282820"
"15256","Zm00001eb279820"
"15257","Zm00001eb281800"
"15258","Zm00001eb287710"
"15259","Zm00001eb291790"
"15260","Zm00001eb287970"
"15261","Zm00001eb260620"
"15262","Zm00001eb287770"
"15263","Zm00001eb284330"
"15264","Zm00001eb286890"
"15265","Zm00001eb268390"
"15266","Zm00001eb290300"
"15267","Zm00001eb281890"
"15268","Zm00001eb270080"
"15269","Zm00001eb284990"
"15270","Zm00001eb265740"
"15271","Zm00001eb288760"
"15272","Zm00001eb280880"
"15273","Zm00001eb270660"
"15274","Zm00001eb260270"
"15275","Zm00001eb264470"
"15276","Zm00001eb295710"
"15277","Zm00001eb265540"
"15278","Zm00001eb293700"
"15279","Zm00001eb273480"
"15280","Zm00001eb297310"
"15281","Zm00001eb291750"
"15282","Zm00001eb295510"
"15283","Zm00001eb282650"
"15284","Zm00001eb286720"
"15285","Zm00001eb285420"
"15286","Zm00001eb268970"
"15287","Zm00001eb292420"
"15288","Zm00001eb265900"
"15289","Zm00001eb273570"
"15290","Zm00001eb264310"
"15291","Zm00001eb266020"
"15292","Zm00001eb295590"
"15293","Zm00001eb260560"
"15294","Zm00001eb268080"
"15295","Zm00001eb291350"
"15296","Zm00001eb287240"
"15297","Zm00001eb278770"
"15298","Zm00001eb296560"
"15299","Zm00001eb289550"
"15300","Zm00001eb287590"
"15301","Zm00001eb268480"
"15302","Zm00001eb280730"
"15303","Zm00001eb274910"
"15304","Zm00001eb296340"
"15305","Zm00001eb274990"
"15306","Zm00001eb285190"
"15307","Zm00001eb280780"
"15308","Zm00001eb285590"
"15309","Zm00001eb291190"
"15310","Zm00001eb279650"
"15311","Zm00001eb293610"
"15312","Zm00001eb297860"
"15313","Zm00001eb269430"
"15314","Zm00001eb280030"
"15315","Zm00001eb274110"
"15316","Zm00001eb286350"
"15317","Zm00001eb284840"
"15318","Zm00001eb267290"
"15319","Zm00001eb295740"
"15320","Zm00001eb285560"
"15321","Zm00001eb282320"
"15322","Zm00001eb296290"
"15323","Zm00001eb284230"
"15324","Zm00001eb295800"
"15325","Zm00001eb281640"
"15326","Zm00001eb265240"
"15327","Zm00001eb278230"
"15328","Zm00001eb297470"
"15329","Zm00001eb276580"
"15330","Zm00001eb269550"
"15331","Zm00001eb266330"
"15332","Zm00001eb284310"
"15333","Zm00001eb279990"
"15334","Zm00001eb284720"
"15335","Zm00001eb265660"
"15336","Zm00001eb288910"
"15337","Zm00001eb273330"
"15338","Zm00001eb290130"
"15339","Zm00001eb279230"
"15340","Zm00001eb284340"
"15341","Zm00001eb275680"
"15342","Zm00001eb269630"
"15343","Zm00001eb295610"
"15344","Zm00001eb294880"
"15345","Zm00001eb296480"
"15346","Zm00001eb265030"
"15347","Zm00001eb267650"
"15348","Zm00001eb287550"
"15349","Zm00001eb291040"
"15350","Zm00001eb294360"
"15351","Zm00001eb272410"
"15352","Zm00001eb291240"
"15353","Zm00001eb278020"
"15354","Zm00001eb280850"
"15355","Zm00001eb267680"
"15356","Zm00001eb297560"
"15357","Zm00001eb292350"
"15358","Zm00001eb269140"
"15359","Zm00001eb297400"
"15360","Zm00001eb270930"
"15361","Zm00001eb261870"
"15362","Zm00001eb273530"
"15363","Zm00001eb259900"
"15364","Zm00001eb288240"
"15365","Zm00001eb285760"
"15366","Zm00001eb283560"
"15367","Zm00001eb265340"
"15368","Zm00001eb274190"
"15369","Zm00001eb286670"
"15370","Zm00001eb277410"
"15371","Zm00001eb269470"
"15372","Zm00001eb292960"
"15373","Zm00001eb272250"
"15374","Zm00001eb275260"
"15375","Zm00001eb279490"
"15376","Zm00001eb280270"
"15377","Zm00001eb297530"
"15378","Zm00001eb270370"
"15379","Zm00001eb266980"
"15380","Zm00001eb271220"
"15381","Zm00001eb264080"
"15382","Zm00001eb297840"
"15383","Zm00001eb291310"
"15384","Zm00001eb276260"
"15385","Zm00001eb285540"
"15386","Zm00001eb281240"
"15387","Zm00001eb285010"
"15388","Zm00001eb287400"
"15389","Zm00001eb275570"
"15390","Zm00001eb280220"
"15391","Zm00001eb285290"
"15392","Zm00001eb282770"
"15393","Zm00001eb266750"
"15394","Zm00001eb287110"
"15395","Zm00001eb277400"
"15396","Zm00001eb261130"
"15397","Zm00001eb284250"
"15398","Zm00001eb275250"
"15399","Zm00001eb293860"
"15400","Zm00001eb276930"
"15401","Zm00001eb292100"
"15402","Zm00001eb283770"
"15403","Zm00001eb265150"
"15404","Zm00001eb270290"
"15405","Zm00001eb283820"
"15406","Zm00001eb286130"
"15407","Zm00001eb261660"
"15408","Zm00001eb285140"
"15409","Zm00001eb264960"
"15410","Zm00001eb268090"
"15411","Zm00001eb270960"
"15412","Zm00001eb284750"
"15413","Zm00001eb294680"
"15414","Zm00001eb272810"
"15415","Zm00001eb281780"
"15416","Zm00001eb293260"
"15417","Zm00001eb291710"
"15418","Zm00001eb289530"
"15419","Zm00001eb260720"
"15420","Zm00001eb284080"
"15421","Zm00001eb280980"
"15422","Zm00001eb289300"
"15423","Zm00001eb282800"
"15424","Zm00001eb276140"
"15425","Zm00001eb290780"
"15426","Zm00001eb260100"
"15427","Zm00001eb285370"
"15428","Zm00001eb286290"
"15429","Zm00001eb293450"
"15430","Zm00001eb290140"
"15431","Zm00001eb293970"
"15432","Zm00001eb297740"
"15433","Zm00001eb284000"
"15434","Zm00001eb264650"
"15435","Zm00001eb286310"
"15436","Zm00001eb293520"
"15437","Zm00001eb283530"
"15438","Zm00001eb278140"
"15439","Zm00001eb278340"
"15440","Zm00001eb297330"
"15441","Zm00001eb294210"
"15442","Zm00001eb279680"
"15443","Zm00001eb273460"
"15444","Zm00001eb275000"
"15445","Zm00001eb267620"
"15446","Zm00001eb279790"
"15447","Zm00001eb286530"
"15448","Zm00001eb283120"
"15449","Zm00001eb280040"
"15450","Zm00001eb269770"
"15451","Zm00001eb297320"
"15452","Zm00001eb280540"
"15453","Zm00001eb282730"
"15454","Zm00001eb266840"
"15455","Zm00001eb260600"
"15456","Zm00001eb295330"
"15457","Zm00001eb287260"
"15458","Zm00001eb278600"
"15459","Zm00001eb284360"
"15460","Zm00001eb294290"
"15461","Zm00001eb282060"
"15462","Zm00001eb269160"
"15463","Zm00001eb276870"
"15464","Zm00001eb295960"
"15465","Zm00001eb286210"
"15466","Zm00001eb273300"
"15467","Zm00001eb259890"
"15468","Zm00001eb272430"
"15469","Zm00001eb280910"
"15470","Zm00001eb266860"
"15471","Zm00001eb260170"
"15472","Zm00001eb288120"
"15473","Zm00001eb277480"
"15474","Zm00001eb289880"
"15475","Zm00001eb273740"
"15476","Zm00001eb285600"
"15477","Zm00001eb289680"
"15478","Zm00001eb267130"
"15479","Zm00001eb284390"
"15480","Zm00001eb271550"
"15481","Zm00001eb261880"
"15482","Zm00001eb293210"
"15483","Zm00001eb270700"
"15484","Zm00001eb291530"
"15485","Zm00001eb292620"
"15486","Zm00001eb278930"
"15487","Zm00001eb260870"
"15488","Zm00001eb260140"
"15489","Zm00001eb281030"
"15490","Zm00001eb284290"
"15491","Zm00001eb294800"
"15492","Zm00001eb280480"
"15493","Zm00001eb273350"
"15494","Zm00001eb270230"
"15495","Zm00001eb287470"
"15496","Zm00001eb294740"
"15497","Zm00001eb294010"
"15498","Zm00001eb292460"
"15499","Zm00001eb281580"
"15500","Zm00001eb261740"
"15501","Zm00001eb286220"
"15502","Zm00001eb289670"
"15503","Zm00001eb272510"
"15504","Zm00001eb284110"
"15505","Zm00001eb285450"
"15506","Zm00001eb291250"
"15507","Zm00001eb274400"
"15508","Zm00001eb269050"
"15509","Zm00001eb271770"
"15510","Zm00001eb273100"
"15511","Zm00001eb268790"
"15512","Zm00001eb297170"
"15513","Zm00001eb260990"
"15514","Zm00001eb294400"
"15515","Zm00001eb291280"
"15516","Zm00001eb290720"
"15517","Zm00001eb280130"
"15518","Zm00001eb285220"
"15519","Zm00001eb292520"
"15520","Zm00001eb277950"
"15521","Zm00001eb278830"
"15522","Zm00001eb273960"
"15523","Zm00001eb294370"
"15524","Zm00001eb293920"
"15525","Zm00001eb287010"
"15526","Zm00001eb288370"
"15527","Zm00001eb296770"
"15528","Zm00001eb266910"
"15529","Zm00001eb292710"
"15530","Zm00001eb292280"
"15531","Zm00001eb265440"
"15532","Zm00001eb266200"
"15533","Zm00001eb291360"
"15534","Zm00001eb281770"
"15535","Zm00001eb291200"
"15536","Zm00001eb280690"
"15537","Zm00001eb280770"
"15538","Zm00001eb279920"
"15539","Zm00001eb287530"
"15540","Zm00001eb271850"
"15541","Zm00001eb262890"
"15542","Zm00001eb288390"
"15543","Zm00001eb296070"
"15544","Zm00001eb265520"
"15545","Zm00001eb294870"
"15546","Zm00001eb296160"
"15547","Zm00001eb266340"
"15548","Zm00001eb287830"
"15549","Zm00001eb272770"
"15550","Zm00001eb290600"
"15551","Zm00001eb294240"
"15552","Zm00001eb271480"
"15553","Zm00001eb286940"
"15554","Zm00001eb294530"
"15555","Zm00001eb288040"
"15556","Zm00001eb268420"
"15557","Zm00001eb267260"
"15558","Zm00001eb281920"
"15559","Zm00001eb291590"
"15560","Zm00001eb273540"
"15561","Zm00001eb278470"
"15562","Zm00001eb287610"
"15563","Zm00001eb294050"
"15564","Zm00001eb281130"
"15565","Zm00001eb260940"
"15566","Zm00001eb267090"
"15567","Zm00001eb276220"
"15568","Zm00001eb269130"
"15569","Zm00001eb272950"
"15570","Zm00001eb261530"
"15571","Zm00001eb285510"
"15572","Zm00001eb272470"
"15573","Zm00001eb288330"
"15574","Zm00001eb289450"
"15575","Zm00001eb292530"
"15576","Zm00001eb289070"
"15577","Zm00001eb275750"
"15578","Zm00001eb295380"
"15579","Zm00001eb292410"
"15580","Zm00001eb274950"
"15581","Zm00001eb288250"
"15582","Zm00001eb294980"
"15583","Zm00001eb295030"
"15584","Zm00001eb283490"
"15585","Zm00001eb277320"
"15586","Zm00001eb291210"
"15587","Zm00001eb288300"
"15588","Zm00001eb288850"
"15589","Zm00001eb260820"
"15590","Zm00001eb262600"
"15591","Zm00001eb278070"
"15592","Zm00001eb296460"
"15593","Zm00001eb287570"
"15594","Zm00001eb297350"
"15595","Zm00001eb269960"
"15596","Zm00001eb265290"
"15597","Zm00001eb289430"
"15598","Zm00001eb282790"
"15599","Zm00001eb264400"
"15600","Zm00001eb272710"
"15601","Zm00001eb281960"
"15602","Zm00001eb275820"
"15603","Zm00001eb265960"
"15604","Zm00001eb277460"
"15605","Zm00001eb273310"
"15606","Zm00001eb267350"
"15607","Zm00001eb273770"
"15608","Zm00001eb278450"
"15609","Zm00001eb275630"
"15610","Zm00001eb278240"
"15611","Zm00001eb292370"
"15612","Zm00001eb280640"
"15613","Zm00001eb288970"
"15614","Zm00001eb293370"
"15615","Zm00001eb277390"
"15616","Zm00001eb264160"
"15617","Zm00001eb292010"
"15618","Zm00001eb283390"
"15619","Zm00001eb292050"
"15620","Zm00001eb290940"
"15621","Zm00001eb286320"
"15622","Zm00001eb292450"
"15623","Zm00001eb266160"
"15624","Zm00001eb294650"
"15625","Zm00001eb269850"
"15626","Zm00001eb286650"
"15627","Zm00001eb268400"
"15628","Zm00001eb292730"
"15629","Zm00001eb284350"
"15630","Zm00001eb297250"
"15631","Zm00001eb288420"
"15632","Zm00001eb287290"
"15633","Zm00001eb268150"
"15634","Zm00001eb286480"
"15635","Zm00001eb286140"
"15636","Zm00001eb288690"
"15637","Zm00001eb260420"
"15638","Zm00001eb265260"
"15639","Zm00001eb267280"
"15640","Zm00001eb264870"
"15641","Zm00001eb289490"
"15642","Zm00001eb296320"
"15643","Zm00001eb294580"
"15644","Zm00001eb266370"
"15645","Zm00001eb289870"
"15646","Zm00001eb260980"
"15647","Zm00001eb289660"
"15648","Zm00001eb273230"
"15649","Zm00001eb282930"
"15650","Zm00001eb292590"
"15651","Zm00001eb275500"
"15652","Zm00001eb292380"
"15653","Zm00001eb260120"
"15654","Zm00001eb271700"
"15655","Zm00001eb261210"
"15656","Zm00001eb260960"
"15657","Zm00001eb280760"
"15658","Zm00001eb290220"
"15659","Zm00001eb289690"
"15660","Zm00001eb281500"
"15661","Zm00001eb284910"
"15662","Zm00001eb297770"
"15663","Zm00001eb277540"
"15664","Zm00001eb279840"
"15665","Zm00001eb297340"
"15666","Zm00001eb282390"
"15667","Zm00001eb274850"
"15668","Zm00001eb291320"
"15669","Zm00001eb287410"
"15670","Zm00001eb260830"
"15671","Zm00001eb287370"
"15672","Zm00001eb296550"
"15673","Zm00001eb281690"
"15674","Zm00001eb280740"
"15675","Zm00001eb283880"
"15676","Zm00001eb292770"
"15677","Zm00001eb264720"
"15678","Zm00001eb268800"
"15679","Zm00001eb287130"
"15680","Zm00001eb294930"
"15681","Zm00001eb295090"
"15682","Zm00001eb279720"
"15683","Zm00001eb270950"
"15684","Zm00001eb295670"
"15685","Zm00001eb286710"
"15686","Zm00001eb280420"
"15687","Zm00001eb286090"
"15688","Zm00001eb293170"
"15689","Zm00001eb284630"
"15690","Zm00001eb276190"
"15691","Zm00001eb283440"
"15692","Zm00001eb277360"
"15693","Zm00001eb290980"
"15694","Zm00001eb295900"
"15695","Zm00001eb267390"
"15696","Zm00001eb290750"
"15697","Zm00001eb287980"
"15698","Zm00001eb297030"
"15699","Zm00001eb292040"
"15700","Zm00001eb289600"
"15701","Zm00001eb288710"
"15702","Zm00001eb287890"
"15703","Zm00001eb294700"
"15704","Zm00001eb269230"
"15705","Zm00001eb278680"
"15706","Zm00001eb297420"
"15707","Zm00001eb282520"
"15708","Zm00001eb289360"
"15709","Zm00001eb272420"
"15710","Zm00001eb264780"
"15711","Zm00001eb287220"
"15712","Zm00001eb282100"
"15713","Zm00001eb292930"
"15714","Zm00001eb281710"
"15715","Zm00001eb267600"
"15716","Zm00001eb283520"
"15717","Zm00001eb289270"
"15718","Zm00001eb295580"
"15719","Zm00001eb293070"
"15720","Zm00001eb284400"
"15721","Zm00001eb293490"
"15722","Zm00001eb260370"
"15723","Zm00001eb286830"
"15724","Zm00001eb270380"
"15725","Zm00001eb280250"
"15726","Zm00001eb296090"
"15727","Zm00001eb275040"
"15728","Zm00001eb296060"
"15729","Zm00001eb283110"
"15730","Zm00001eb283950"
"15731","Zm00001eb291670"
"15732","Zm00001eb260040"
"15733","Zm00001eb269440"
"15734","Zm00001eb275380"
"15735","Zm00001eb279770"
"15736","Zm00001eb265630"
"15737","Zm00001eb272290"
"15738","Zm00001eb272670"
"15739","Zm00001eb267270"
"15740","Zm00001eb266060"
"15741","Zm00001eb279320"
"15742","Zm00001eb267100"
"15743","Zm00001eb282590"
"15744","Zm00001eb289520"
"15745","Zm00001eb271760"
"15746","Zm00001eb277430"
"15747","Zm00001eb261690"
"15748","Zm00001eb285660"
"15749","Zm00001eb294900"
"15750","Zm00001eb287070"
"15751","Zm00001eb271540"
"15752","Zm00001eb264930"
"15753","Zm00001eb291870"
"15754","Zm00001eb283240"
"15755","Zm00001eb283230"
"15756","Zm00001eb289080"
"15757","Zm00001eb286870"
"15758","Zm00001eb272550"
"15759","Zm00001eb293310"
"15760","Zm00001eb291290"
"15761","Zm00001eb287690"
"15762","Zm00001eb297150"
"15763","Zm00001eb267460"
"15764","Zm00001eb286040"
"15765","Zm00001eb287150"
"15766","Zm00001eb285330"
"15767","Zm00001eb282290"
"15768","Zm00001eb273940"
"15769","Zm00001eb283780"
"15770","Zm00001eb261430"
"15771","Zm00001eb279580"
"15772","Zm00001eb269830"
"15773","Zm00001eb278670"
"15774","Zm00001eb269870"
"15775","Zm00001eb264230"
"15776","Zm00001eb297070"
"15777","Zm00001eb266800"
"15778","Zm00001eb294040"
"15779","Zm00001eb286800"
"15780","Zm00001eb283450"
"15781","Zm00001eb261720"
"15782","Zm00001eb295390"
"15783","Zm00001eb265760"
"15784","Zm00001eb297870"
"15785","Zm00001eb278760"
"15786","Zm00001eb275550"
"15787","Zm00001eb276750"
"15788","Zm00001eb281230"
"15789","Zm00001eb272020"
"15790","Zm00001eb294810"
"15791","Zm00001eb272740"
"15792","Zm00001eb297570"
"15793","Zm00001eb284700"
"15794","Zm00001eb293470"
"15795","Zm00001eb283980"
"15796","Zm00001eb275720"
"15797","Zm00001eb274710"
"15798","Zm00001eb292900"
"15799","Zm00001eb276680"
"15800","Zm00001eb289230"
"15801","Zm00001eb268170"
"15802","Zm00001eb279330"
"15803","Zm00001eb295500"
"15804","Zm00001eb293180"
"15805","Zm00001eb282950"
"15806","Zm00001eb279120"
"15807","Zm00001eb268580"
"15808","Zm00001eb268960"
"15809","Zm00001eb275810"
"15810","Zm00001eb272000"
"15811","Zm00001eb289740"
"15812","Zm00001eb276980"
"15813","Zm00001eb287630"
"15814","Zm00001eb293530"
"15815","Zm00001eb295990"
"15816","Zm00001eb295950"
"15817","Zm00001eb261550"
"15818","Zm00001eb281850"
"15819","Zm00001eb273860"
"15820","Zm00001eb270990"
"15821","Zm00001eb288640"
"15822","Zm00001eb279760"
"15823","Zm00001eb270800"
"15824","Zm00001eb273550"
"15825","Zm00001eb266490"
"15826","Zm00001eb280680"
"15827","Zm00001eb283760"
"15828","Zm00001eb293710"
"15829","Zm00001eb281720"
"15830","Zm00001eb284260"
"15831","Zm00001eb293040"
"15832","Zm00001eb267430"
"15833","Zm00001eb292000"
"15834","Zm00001eb290310"
"15835","Zm00001eb269840"
"15836","Zm00001eb274630"
"15837","Zm00001eb285230"
"15838","Zm00001eb286150"
"15839","Zm00001eb295170"
"15840","Zm00001eb271280"
"15841","Zm00001eb273720"
"15842","Zm00001eb267110"
"15843","Zm00001eb295720"
"15844","Zm00001eb284430"
"15845","Zm00001eb277380"
"15846","Zm00001eb296650"
"15847","Zm00001eb272180"
"15848","Zm00001eb285800"
"15849","Zm00001eb287490"
"15850","Zm00001eb278940"
"15851","Zm00001eb293320"
"15852","Zm00001eb273040"
"15853","Zm00001eb269970"
"15854","Zm00001eb264980"
"15855","Zm00001eb287280"
"15856","Zm00001eb297490"
"15857","Zm00001eb265860"
"15858","Zm00001eb282890"
"15859","Zm00001eb297190"
"15860","Zm00001eb291260"
"15861","Zm00001eb264300"
"15862","Zm00001eb272650"
"15863","Zm00001eb288540"
"15864","Zm00001eb273010"
"15865","Zm00001eb291610"
"15866","Zm00001eb261670"
"15867","Zm00001eb279290"
"15868","Zm00001eb285840"
"15869","Zm00001eb272360"
"15870","Zm00001eb279970"
"15871","Zm00001eb282710"
"15872","Zm00001eb277830"
"15873","Zm00001eb272690"
"15874","Zm00001eb294420"
"15875","Zm00001eb291150"
"15876","Zm00001eb280070"
"15877","Zm00001eb289280"
"15878","Zm00001eb291340"
"15879","Zm00001eb268290"
"15880","Zm00001eb282990"
"15881","Zm00001eb280720"
"15882","Zm00001eb281980"
"15883","Zm00001eb291180"
"15884","Zm00001eb294120"
"15885","Zm00001eb266890"
"15886","Zm00001eb279940"
"15887","Zm00001eb286470"
"15888","Zm00001eb284730"
"15889","Zm00001eb289590"
"15890","Zm00001eb265420"
"15891","Zm00001eb268450"
"15892","Zm00001eb288670"
"15893","Zm00001eb291950"
"15894","Zm00001eb296180"
"15895","Zm00001eb271200"
"15896","Zm00001eb260630"
"15897","Zm00001eb292680"
"15898","Zm00001eb296120"
"15899","Zm00001eb271500"
"15900","Zm00001eb269520"
"15901","Zm00001eb297300"
"15902","Zm00001eb292760"
"15903","Zm00001eb266250"
"15904","Zm00001eb278500"
"15905","Zm00001eb296670"
"15906","Zm00001eb265270"
"15907","Zm00001eb270540"
"15908","Zm00001eb294030"
"15909","Zm00001eb286730"
"15910","Zm00001eb289700"
"15911","Zm00001eb260060"
"15912","Zm00001eb270090"
"15913","Zm00001eb295600"
"15914","Zm00001eb276570"
"15915","Zm00001eb288100"
"15916","Zm00001eb268840"
"15917","Zm00001eb283070"
"15918","Zm00001eb292430"
"15919","Zm00001eb273630"
"15920","Zm00001eb287680"
"15921","Zm00001eb293150"
"15922","Zm00001eb288920"
"15923","Zm00001eb281870"
"15924","Zm00001eb261600"
"15925","Zm00001eb275770"
"15926","Zm00001eb286860"
"15927","Zm00001eb266050"
"15928","Zm00001eb279260"
"15929","Zm00001eb260890"
"15930","Zm00001eb293340"
"15931","Zm00001eb285200"
"15932","Zm00001eb279220"
"15933","Zm00001eb277350"
"15934","Zm00001eb287420"
"15935","Zm00001eb282210"
"15936","Zm00001eb293190"
"15937","Zm00001eb271600"
"15938","Zm00001eb294960"
"15939","Zm00001eb282510"
"15940","Zm00001eb264730"
"15941","Zm00001eb292360"
"15942","Zm00001eb285530"
"15943","Zm00001eb290270"
"15944","Zm00001eb283180"
"15945","Zm00001eb292740"
"15946","Zm00001eb274770"
"15947","Zm00001eb269450"
"15948","Zm00001eb297960"
"15949","Zm00001eb271830"
"15950","Zm00001eb293510"
"15951","Zm00001eb281730"
"15952","Zm00001eb278300"
"15953","Zm00001eb271240"
"15954","Zm00001eb273260"
"15955","Zm00001eb294470"
"15956","Zm00001eb266970"
"15957","Zm00001eb272880"
"15958","Zm00001eb286980"
"15959","Zm00001eb279980"
"15960","Zm00001eb275690"
"15961","Zm00001eb294180"
"15962","Zm00001eb288200"
"15963","Zm00001eb295790"
"15964","Zm00001eb290760"
"15965","Zm00001eb260460"
"15966","Zm00001eb268200"
"15967","Zm00001eb263020"
"15968","Zm00001eb287900"
"15969","Zm00001eb272150"
"15970","Zm00001eb278360"
"15971","Zm00001eb271660"
"15972","Zm00001eb281450"
"15973","Zm00001eb289460"
"15974","Zm00001eb295080"
"15975","Zm00001eb270940"
"15976","Zm00001eb260770"
"15977","Zm00001eb261270"
"15978","Zm00001eb284450"
"15979","Zm00001eb295010"
"15980","Zm00001eb292800"
"15981","Zm00001eb288630"
"15982","Zm00001eb295440"
"15983","Zm00001eb287870"
"15984","Zm00001eb292300"
"15985","Zm00001eb285080"
"15986","Zm00001eb283350"
"15987","Zm00001eb296310"
"15988","Zm00001eb287100"
"15989","Zm00001eb264970"
"15990","Zm00001eb288570"
"15991","Zm00001eb289240"
"15992","Zm00001eb292080"
"15993","Zm00001eb293560"
"15994","Zm00001eb271440"
"15995","Zm00001eb273600"
"15996","Zm00001eb287340"
"15997","Zm00001eb285380"
"15998","Zm00001eb270030"
"15999","Zm00001eb283610"
"16000","Zm00001eb271720"
"16001","Zm00001eb289850"
"16002","Zm00001eb295890"
"16003","Zm00001eb279340"
"16004","Zm00001eb287800"
"16005","Zm00001eb268750"
"16006","Zm00001eb286430"
"16007","Zm00001eb295840"
"16008","Zm00001eb297880"
"16009","Zm00001eb266290"
"16010","Zm00001eb282780"
"16011","Zm00001eb277680"
"16012","Zm00001eb271970"
"16013","Zm00001eb272560"
"16014","Zm00001eb274640"
"16015","Zm00001eb286770"
"16016","Zm00001eb289750"
"16017","Zm00001eb261140"
"16018","Zm00001eb280820"
"16019","Zm00001eb268530"
"16020","Zm00001eb270300"
"16021","Zm00001eb275200"
"16022","Zm00001eb260160"
"16023","Zm00001eb277720"
"16024","Zm00001eb295130"
"16025","Zm00001eb283200"
"16026","Zm00001eb289160"
"16027","Zm00001eb278740"
"16028","Zm00001eb261810"
"16029","Zm00001eb267610"
"16030","Zm00001eb272970"
"16031","Zm00001eb283860"
"16032","Zm00001eb291720"
"16033","Zm00001eb260180"
"16034","Zm00001eb269170"
"16035","Zm00001eb278050"
"16036","Zm00001eb268050"
"16037","Zm00001eb282720"
"16038","Zm00001eb286740"
"16039","Zm00001eb273610"
"16040","Zm00001eb275640"
"16041","Zm00001eb283130"
"16042","Zm00001eb285610"
"16043","Zm00001eb268660"
"16044","Zm00001eb269100"
"16045","Zm00001eb295050"
"16046","Zm00001eb273870"
"16047","Zm00001eb281990"
"16048","Zm00001eb264380"
"16049","Zm00001eb294200"
"16050","Zm00001eb269920"
"16051","Zm00001eb274700"
"16052","Zm00001eb292750"
"16053","Zm00001eb288110"
"16054","Zm00001eb286540"
"16055","Zm00001eb296870"
"16056","Zm00001eb275410"
"16057","Zm00001eb282500"
"16058","Zm00001eb270400"
"16059","Zm00001eb270390"
"16060","Zm00001eb268520"
"16061","Zm00001eb289000"
"16062","Zm00001eb280520"
"16063","Zm00001eb292310"
"16064","Zm00001eb284760"
"16065","Zm00001eb288340"
"16066","Zm00001eb291160"
"16067","Zm00001eb260390"
"16068","Zm00001eb295320"
"16069","Zm00001eb295550"
"16070","Zm00001eb285950"
"16071","Zm00001eb279900"
"16072","Zm00001eb265390"
"16073","Zm00001eb284010"
"16074","Zm00001eb294690"
"16075","Zm00001eb260570"
"16076","Zm00001eb272520"
"16077","Zm00001eb267900"
"16078","Zm00001eb289710"
"16079","Zm00001eb291760"
"16080","Zm00001eb287650"
"16081","Zm00001eb283810"
"16082","Zm00001eb266220"
"16083","Zm00001eb282230"
"16084","Zm00001eb272050"
"16085","Zm00001eb272660"
"16086","Zm00001eb291810"
"16087","Zm00001eb286820"
"16088","Zm00001eb289210"
"16089","Zm00001eb261280"
"16090","Zm00001eb288940"
"16091","Zm00001eb286850"
"16092","Zm00001eb281480"
"16093","Zm00001eb297160"
"16094","Zm00001eb291270"
"16095","Zm00001eb287310"
"16096","Zm00001eb277700"
"16097","Zm00001eb293350"
"16098","Zm00001eb280170"
"16099","Zm00001eb292510"
"16100","Zm00001eb273000"
"16101","Zm00001eb278100"
"16102","Zm00001eb279550"
"16103","Zm00001eb266240"
"16104","Zm00001eb270470"
"16105","Zm00001eb268610"
"16106","Zm00001eb285890"
"16107","Zm00001eb286110"
"16108","Zm00001eb295120"
"16109","Zm00001eb270670"
"16110","Zm00001eb288070"
"16111","Zm00001eb296520"
"16112","Zm00001eb296690"
"16113","Zm00001eb294750"
"16114","Zm00001eb284300"
"16115","Zm00001eb277790"
"16116","Zm00001eb293670"
"16117","Zm00001eb267510"
"16118","Zm00001eb260230"
"16119","Zm00001eb281570"
"16120","Zm00001eb282310"
"16121","Zm00001eb296200"
"16122","Zm00001eb261820"
"16123","Zm00001eb277880"
"16124","Zm00001eb266560"
"16125","Zm00001eb273620"
"16126","Zm00001eb261540"
"16127","Zm00001eb290650"
"16128","Zm00001eb275740"
"16129","Zm00001eb288020"
"16130","Zm00001eb267730"
"16131","Zm00001eb278640"
"16132","Zm00001eb283470"
"16133","Zm00001eb290360"
"16134","Zm00001eb272780"
"16135","Zm00001eb293720"
"16136","Zm00001eb285090"
"16137","Zm00001eb291800"
"16138","Zm00001eb270650"
"16139","Zm00001eb269200"
"16140","Zm00001eb295560"
"16141","Zm00001eb264760"
"16142","Zm00001eb275660"
"16143","Zm00001eb266430"
"16144","Zm00001eb268180"
"16145","Zm00001eb261520"
"16146","Zm00001eb294640"
"16147","Zm00001eb296300"
"16148","Zm00001eb289060"
"16149","Zm00001eb264480"
"16150","Zm00001eb295370"
"16151","Zm00001eb259870"
"16152","Zm00001eb286170"
"16153","Zm00001eb289200"
"16154","Zm00001eb288800"
"16155","Zm00001eb272190"
"16156","Zm00001eb280280"
"16157","Zm00001eb296080"
"16158","Zm00001eb260700"
"16159","Zm00001eb296450"
"16160","Zm00001eb260310"
"16161","Zm00001eb282940"
"16162","Zm00001eb285690"
"16163","Zm00001eb278350"
"16164","Zm00001eb280950"
"16165","Zm00001eb288380"
"16166","Zm00001eb288400"
"16167","Zm00001eb291100"
"16168","Zm00001eb274210"
"16169","Zm00001eb274760"
"16170","Zm00001eb295870"
"16171","Zm00001eb267590"
"16172","Zm00001eb279070"
"16173","Zm00001eb271450"
"16174","Zm00001eb280560"
"16175","Zm00001eb296150"
"16176","Zm00001eb266720"
"16177","Zm00001eb263160"
"16178","Zm00001eb287910"
"16179","Zm00001eb267410"
"16180","Zm00001eb269720"
"16181","Zm00001eb279430"
"16182","Zm00001eb297110"
"16183","Zm00001eb281330"
"16184","Zm00001eb280080"
"16185","Zm00001eb291920"
"16186","Zm00001eb261190"
"16187","Zm00001eb280380"
"16188","Zm00001eb291080"
"16189","Zm00001eb271820"
"16190","Zm00001eb279750"
"16191","Zm00001eb284170"
"16192","Zm00001eb281490"
"16193","Zm00001eb261790"
"16194","Zm00001eb295700"
"16195","Zm00001eb269020"
"16196","Zm00001eb292290"
"16197","Zm00001eb285960"
"16198","Zm00001eb284410"
"16199","Zm00001eb294940"
"16200","Zm00001eb291470"
"16201","Zm00001eb278990"
"16202","Zm00001eb282450"
"16203","Zm00001eb278060"
"16204","Zm00001eb265510"
"16205","Zm00001eb264630"
"16206","Zm00001eb277300"
"16207","Zm00001eb261240"
"16208","Zm00001eb289500"
"16209","Zm00001eb295020"
"16210","Zm00001eb297230"
"16211","Zm00001eb278870"
"16212","Zm00001eb278130"
"16213","Zm00001eb296990"
"16214","Zm00001eb295640"
"16215","Zm00001eb276990"
"16216","Zm00001eb287580"
"16217","Zm00001eb272100"
"16218","Zm00001eb282550"
"16219","Zm00001eb271520"
"16220","Zm00001eb282130"
"16221","Zm00001eb289960"
"16222","Zm00001eb287520"
"16223","Zm00001eb272330"
"16224","Zm00001eb295480"
"16225","Zm00001eb284070"
"16226","Zm00001eb290670"
"16227","Zm00001eb275130"
"16228","Zm00001eb277530"
"16229","Zm00001eb288430"
"16230","Zm00001eb294860"
"16231","Zm00001eb290900"
"16232","Zm00001eb268060"
"16233","Zm00001eb269950"
"16234","Zm00001eb283310"
"16235","Zm00001eb281940"
"16236","Zm00001eb264210"
"16237","Zm00001eb287790"
"16238","Zm00001eb279850"
"16239","Zm00001eb270240"
"16240","Zm00001eb288990"
"16241","Zm00001eb276590"
"16242","Zm00001eb289250"
"16243","Zm00001eb260540"
"16244","Zm00001eb279060"
"16245","Zm00001eb293360"
"16246","Zm00001eb266300"
"16247","Zm00001eb275620"
"16248","Zm00001eb293160"
"16249","Zm00001eb292490"
"16250","Zm00001eb295830"
"16251","Zm00001eb265080"
"16252","Zm00001eb277450"
"16253","Zm00001eb287330"
"16254","Zm00001eb290800"
"16255","Zm00001eb284960"
"16256","Zm00001eb269190"
"16257","Zm00001eb280870"
"16258","Zm00001eb264130"
"16259","Zm00001eb260410"
"16260","Zm00001eb286900"
"16261","Zm00001eb289790"
"16262","Zm00001eb294160"
"16263","Zm00001eb273440"
"16264","Zm00001eb297240"
"16265","Zm00001eb264590"
"16266","Zm00001eb280810"
"16267","Zm00001eb296420"
"16268","Zm00001eb265640"
"16269","Zm00001eb293030"
"16270","Zm00001eb274050"
"16271","Zm00001eb287880"
"16272","Zm00001eb276760"
"16273","Zm00001eb282970"
"16274","Zm00001eb289760"
"16275","Zm00001eb288290"
"16276","Zm00001eb270040"
"16277","Zm00001eb267720"
"16278","Zm00001eb287640"
"16279","Zm00001eb273580"
"16280","Zm00001eb271080"
"16281","Zm00001eb273850"
"16282","Zm00001eb288770"
"16283","Zm00001eb274250"
"16284","Zm00001eb273650"
"16285","Zm00001eb294570"
"16286","Zm00001eb274840"
"16287","Zm00001eb273390"
"16288","Zm00001eb282430"
"16289","Zm00001eb275490"
"16290","Zm00001eb274340"
"16291","Zm00001eb293550"
"16292","Zm00001eb270270"
"16293","Zm00001eb279350"
"16294","Zm00001eb281810"
"16295","Zm00001eb293750"
"16296","Zm00001eb285440"
"16297","Zm00001eb280650"
"16298","Zm00001eb278540"
"16299","Zm00001eb267770"
"16300","Zm00001eb280460"
"16301","Zm00001eb287080"
"16302","Zm00001eb274490"
"16303","Zm00001eb293810"
"16304","Zm00001eb282120"
"16305","Zm00001eb268360"
"16306","Zm00001eb269650"
"16307","Zm00001eb277620"
"16308","Zm00001eb284570"
"16309","Zm00001eb269310"
"16310","Zm00001eb282600"
"16311","Zm00001eb276540"
"16312","Zm00001eb292660"
"16313","Zm00001eb268500"
"16314","Zm00001eb280900"
"16315","Zm00001eb290320"
"16316","Zm00001eb283750"
"16317","Zm00001eb260530"
"16318","Zm00001eb279780"
"16319","Zm00001eb292980"
"16320","Zm00001eb284870"
"16321","Zm00001eb267080"
"16322","Zm00001eb280490"
"16323","Zm00001eb265250"
"16324","Zm00001eb297460"
"16325","Zm00001eb290580"
"16326","Zm00001eb284120"
"16327","Zm00001eb297280"
"16328","Zm00001eb295750"
"16329","Zm00001eb297760"
"16330","Zm00001eb285130"
"16331","Zm00001eb289150"
"16332","Zm00001eb282490"
"16333","Zm00001eb267790"
"16334","Zm00001eb285400"
"16335","Zm00001eb267380"
"16336","Zm00001eb274960"
"16337","Zm00001eb284640"
"16338","Zm00001eb283870"
"16339","Zm00001eb266570"
"16340","Zm00001eb288870"
"16341","Zm00001eb289570"
"16342","Zm00001eb264880"
"16343","Zm00001eb274440"
"16344","Zm00001eb283640"
"16345","Zm00001eb259840"
"16346","Zm00001eb271900"
"16347","Zm00001eb294720"
"16348","Zm00001eb278160"
"16349","Zm00001eb278700"
"16350","Zm00001eb272170"
"16351","Zm00001eb295100"
"16352","Zm00001eb288720"
"16353","Zm00001eb260360"
"16354","Zm00001eb280840"
"16355","Zm00001eb296600"
"16356","Zm00001eb272240"
"16357","Zm00001eb270460"
"16358","Zm00001eb293540"
"16359","Zm00001eb297640"
"16360","Zm00001eb271160"
"16361","Zm00001eb270110"
"16362","Zm00001eb286620"
"16363","Zm00001eb265350"
"16364","Zm00001eb274180"
"16365","Zm00001eb272980"
"16366","Zm00001eb283010"
"16367","Zm00001eb289730"
"16368","Zm00001eb283570"
"16369","Zm00001eb292970"
"16370","Zm00001eb278170"
"16371","Zm00001eb282080"
"16372","Zm00001eb293660"
"16373","Zm00001eb283960"
"16374","Zm00001eb274970"
"16375","Zm00001eb278480"
"16376","Zm00001eb267030"
"16377","Zm00001eb283090"
"16378","Zm00001eb294590"
"16379","Zm00001eb296010"
"16380","Zm00001eb267470"
"16381","Zm00001eb271060"
"16382","Zm00001eb275730"
"16383","Zm00001eb297270"
"16384","Zm00001eb260210"
"16385","Zm00001eb266620"
"16386","Zm00001eb288830"
"16387","Zm00001eb273340"
"16388","Zm00001eb292250"
"16389","Zm00001eb289030"
"16390","Zm00001eb265040"
"16391","Zm00001eb286400"
"16392","Zm00001eb294350"
"16393","Zm00001eb285040"
"16394","Zm00001eb269570"
"16395","Zm00001eb285210"
"16396","Zm00001eb279240"
"16397","Zm00001eb296350"
"16398","Zm00001eb287450"
"16399","Zm00001eb287600"
"16400","Zm00001eb269400"
"16401","Zm00001eb260450"
"16402","Zm00001eb292840"
"16403","Zm00001eb297550"
"16404","Zm00001eb265890"
"16405","Zm00001eb292340"
"16406","Zm00001eb294850"
"16407","Zm00001eb272940"
"16408","Zm00001eb260710"
"16409","Zm00001eb285360"
"16410","Zm00001eb289970"
"16411","Zm00001eb289860"
"16412","Zm00001eb287500"
"16413","Zm00001eb282440"
"16414","Zm00001eb264550"
"16415","Zm00001eb279190"
"16416","Zm00001eb260950"
"16417","Zm00001eb274510"
"16418","Zm00001eb269610"
"16419","Zm00001eb267710"
"16420","Zm00001eb295940"
"16421","Zm00001eb292540"
"16422","Zm00001eb289180"
"16423","Zm00001eb276230"
"16424","Zm00001eb281840"
"16425","Zm00001eb270920"
"16426","Zm00001eb277610"
"16427","Zm00001eb277860"
"16428","Zm00001eb271090"
"16429","Zm00001eb260200"
"16430","Zm00001eb284530"
"16431","Zm00001eb268910"
"16432","Zm00001eb286920"
"16433","Zm00001eb275340"
"16434","Zm00001eb297120"
"16435","Zm00001eb278630"
"16436","Zm00001eb274720"
"16437","Zm00001eb280210"
"16438","Zm00001eb265670"
"16439","Zm00001eb296720"
"16440","Zm00001eb270680"
"16441","Zm00001eb283990"
"16442","Zm00001eb282960"
"16443","Zm00001eb296410"
"16444","Zm00001eb278510"
"16445","Zm00001eb271860"
"16446","Zm00001eb268650"
"16447","Zm00001eb265410"
"16448","Zm00001eb295490"
"16449","Zm00001eb275150"
"16450","Zm00001eb269510"
"16451","Zm00001eb289220"
"16452","Zm00001eb288060"
"16453","Zm00001eb291480"
"16454","Zm00001eb293110"
"16455","Zm00001eb294250"
"16456","Zm00001eb284970"
"16457","Zm00001eb265000"
"16458","Zm00001eb273050"
"16459","Zm00001eb280000"
"16460","Zm00001eb288440"
"16461","Zm00001eb294310"
"16462","Zm00001eb280200"
"16463","Zm00001eb291900"
"16464","Zm00001eb265650"
"16465","Zm00001eb297180"
"16466","Zm00001eb297500"
"16467","Zm00001eb261680"
"16468","Zm00001eb294790"
"16469","Zm00001eb282900"
"16470","Zm00001eb284850"
"16471","Zm00001eb283430"
"16472","Zm00001eb272820"
"16473","Zm00001eb288520"
"16474","Zm00001eb273020"
"16475","Zm00001eb295530"
"16476","Zm00001eb261830"
"16477","Zm00001eb279300"
"16478","Zm00001eb288490"
"16479","Zm00001eb293460"
"16480","Zm00001eb295350"
"16481","Zm00001eb263100"
"16482","Zm00001eb272720"
"16483","Zm00001eb284280"
"16484","Zm00001eb277560"
"16485","Zm00001eb288180"
"16486","Zm00001eb265610"
"16487","Zm00001eb287460"
"16488","Zm00001eb273730"
"16489","Zm00001eb269180"
"16490","Zm00001eb279640"
"16491","Zm00001eb276860"
"16492","Zm00001eb293020"
"16493","Zm00001eb293760"
"16494","Zm00001eb275090"
"16495","Zm00001eb274410"
"16496","Zm00001eb282030"
"16497","Zm00001eb297290"
"16498","Zm00001eb280500"
"16499","Zm00001eb273640"
"16500","Zm00001eb277250"
"16501","Zm00001eb270630"
"16502","Zm00001eb260050"
"16503","Zm00001eb290910"
"16504","Zm00001eb296750"
"16505","Zm00001eb279930"
"16506","Zm00001eb267700"
"16507","Zm00001eb295310"
"16508","Zm00001eb280580"
"16509","Zm00001eb285830"
"16510","Zm00001eb277000"
"16511","Zm00001eb269990"
"16512","Zm00001eb288260"
"16513","Zm00001eb272920"
"16514","Zm00001eb283000"
"16515","Zm00001eb288310"
"16516","Zm00001eb278110"
"16517","Zm00001eb277330"
"16518","Zm00001eb279250"
"16519","Zm00001eb285900"
"16520","Zm00001eb295070"
"16521","Zm00001eb293430"
"16522","Zm00001eb268640"
"16523","Zm00001eb293820"
"16524","Zm00001eb260880"
"16525","Zm00001eb295180"
"16526","Zm00001eb290590"
"16527","Zm00001eb290460"
"16528","Zm00001eb284740"
"16529","Zm00001eb271590"
"16530","Zm00001eb269300"
"16531","Zm00001eb293220"
"16532","Zm00001eb294110"
"16533","Zm00001eb289050"
"16534","Zm00001eb296000"
"16535","Zm00001eb271490"
"16536","Zm00001eb283080"
"16537","Zm00001eb275430"
"16538","Zm00001eb268890"
"16539","Zm00001eb283380"
"16540","Zm00001eb296050"
"16541","Zm00001eb274980"
"16542","Zm00001eb272280"
"16543","Zm00001eb289020"
"16544","Zm00001eb296100"
"16545","Zm00001eb279830"
"16546","Zm00001eb293740"
"16547","Zm00001eb273430"
"16548","Zm00001eb260470"
"16549","Zm00001eb276850"
"16550","Zm00001eb268830"
"16551","Zm00001eb281400"
"16552","Zm00001eb273090"
"16553","Zm00001eb293800"
"16554","Zm00001eb271680"
"16555","Zm00001eb294260"
"16556","Zm00001eb289470"
"16557","Zm00001eb286990"
"16558","Zm00001eb275240"
"16559","Zm00001eb272160"
"16560","Zm00001eb293240"
"16561","Zm00001eb274600"
"16562","Zm00001eb280700"
"16563","Zm00001eb278610"
"16564","Zm00001eb283160"
"16565","Zm00001eb292830"
"16566","Zm00001eb270720"
"16567","Zm00001eb262690"
"16568","Zm00001eb278420"
"16569","Zm00001eb261260"
"16570","Zm00001eb294490"
"16571","Zm00001eb261890"
"16572","Zm00001eb274650"
"16573","Zm00001eb287090"
"16574","Zm00001eb285500"
"16575","Zm00001eb265430"
"16576","Zm00001eb295820"
"16577","Zm00001eb280620"
"16578","Zm00001eb289310"
"16579","Zm00001eb295630"
"16580","Zm00001eb283800"
"16581","Zm00001eb297450"
"16582","Zm00001eb292700"
"16583","Zm00001eb278180"
"16584","Zm00001eb297390"
"16585","Zm00001eb296230"
"16586","Zm00001eb287820"
"16587","Zm00001eb279010"
"16588","Zm00001eb291130"
"16589","Zm00001eb295770"
"16590","Zm00001eb295360"
"16591","Zm00001eb260930"
"16592","Zm00001eb286120"
"16593","Zm00001eb286330"
"16594","Zm00001eb292440"
"16595","Zm00001eb283400"
"16596","Zm00001eb286070"
"16597","Zm00001eb267640"
"16598","Zm00001eb292060"
"16599","Zm00001eb297260"
"16600","Zm00001eb261910"
"16601","Zm00001eb286640"
"16602","Zm00001eb296950"
"16603","Zm00001eb293770"
"16604","Zm00001eb268250"
"16605","Zm00001eb268550"
"16606","Zm00001eb278590"
"16607","Zm00001eb283040"
"16608","Zm00001eb290400"
"16609","Zm00001eb291730"
"16610","Zm00001eb278460"
"16611","Zm00001eb291600"
"16612","Zm00001eb273490"
"16613","Zm00001eb279690"
"16614","Zm00001eb294190"
"16615","Zm00001eb287440"
"16616","Zm00001eb274240"
"16617","Zm00001eb260150"
"16618","Zm00001eb267070"
"16619","Zm00001eb260490"
"16620","Zm00001eb271790"
"16621","Zm00001eb269150"
"16622","Zm00001eb268000"
"16623","Zm00001eb270010"
"16624","Zm00001eb292320"
"16625","Zm00001eb294330"
"16626","Zm00001eb287860"
"16627","Zm00001eb289400"
"16628","Zm00001eb274030"
"16629","Zm00001eb285060"
"16630","Zm00001eb285730"
"16631","Zm00001eb292230"
"16632","Zm00001eb271420"
"16633","Zm00001eb277490"
"16634","Zm00001eb264410"
"16635","Zm00001eb267050"
"16636","Zm00001eb261840"
"16637","Zm00001eb287190"
"16638","Zm00001eb261300"
"16639","Zm00001eb273320"
"16640","Zm00001eb274090"
"16641","Zm00001eb294390"
"16642","Zm00001eb277060"
"16643","Zm00001eb273590"
"16644","Zm00001eb288790"
"16645","Zm00001eb294550"
"16646","Zm00001eb276730"
"16647","Zm00001eb273670"
"16648","Zm00001eb275230"
"16649","Zm00001eb277960"
"16650","Zm00001eb274940"
"16651","Zm00001eb284200"
"16652","Zm00001eb281510"
"16653","Zm00001eb293900"
"16654","Zm00001eb281660"
"16655","Zm00001eb260730"
"16656","Zm00001eb284490"
"16657","Zm00001eb281880"
"16658","Zm00001eb280410"
"16659","Zm00001eb287380"
"16660","Zm00001eb281290"
"16661","Zm00001eb288750"
"16662","Zm00001eb282410"
"16663","Zm00001eb277070"
"16664","Zm00001eb274430"
"16665","Zm00001eb285000"
"16666","Zm00001eb294080"
"16667","Zm00001eb294920"
"16668","Zm00001eb285570"
"16669","Zm00001eb283890"
"16670","Zm00001eb265380"
"16671","Zm00001eb260510"
"16672","Zm00001eb264670"
"16673","Zm00001eb284620"
"16674","Zm00001eb291820"
"16675","Zm00001eb262810"
"16676","Zm00001eb293290"
"16677","Zm00001eb294000"
"16678","Zm00001eb289480"
"16679","Zm00001eb287050"
"16680","Zm00001eb264840"
"16681","Zm00001eb260970"
"16682","Zm00001eb289810"
"16683","Zm00001eb264150"
"16684","Zm00001eb278530"
"16685","Zm00001eb295040"
"16686","Zm00001eb290510"
"16687","Zm00001eb276170"
"16688","Zm00001eb280120"
"16689","Zm00001eb282250"
"16690","Zm00001eb260130"
"16691","Zm00001eb282920"
"16692","Zm00001eb270840"
"16693","Zm00001eb285910"
"16694","Zm00001eb273220"
"16695","Zm00001eb290920"
"16696","Zm00001eb265990"
"16697","Zm00001eb286750"
"16698","Zm00001eb268510"
"16699","Zm00001eb280750"
"16700","Zm00001eb288550"
"16701","Zm00001eb293830"
"16702","Zm00001eb267140"
"16703","Zm00001eb274200"
"16704","Zm00001eb273900"
"16705","Zm00001eb293130"
"16706","Zm00001eb295520"
"16707","Zm00001eb282660"
"16708","Zm00001eb260380"
"16709","Zm00001eb283510"
"16710","Zm00001eb295460"
"16711","Zm00001eb296190"
"16712","Zm00001eb288700"
"16713","Zm00001eb260320"
"16714","Zm00001eb281750"
"16715","Zm00001eb271150"
"16716","Zm00001eb294230"
"16717","Zm00001eb275220"
"16718","Zm00001eb264110"
"16719","Zm00001eb280920"
"16720","Zm00001eb284320"
"16721","Zm00001eb292690"
"16722","Zm00001eb260800"
"16723","Zm00001eb293690"
"16724","Zm00001eb297610"
"16725","Zm00001eb280010"
"16726","Zm00001eb295910"
"16727","Zm00001eb296400"
"16728","Zm00001eb288150"
"16729","Zm00001eb260240"
"16730","Zm00001eb270250"
"16731","Zm00001eb282750"
"16732","Zm00001eb279160"
"16733","Zm00001eb281600"
"16734","Zm00001eb291550"
"16735","Zm00001eb297430"
"16736","Zm00001eb295880"
"16737","Zm00001eb289820"
"16738","Zm00001eb287250"
"16739","Zm00001eb289920"
"16740","Zm00001eb264750"
"16741","Zm00001eb294280"
"16742","Zm00001eb265820"
"16743","Zm00001eb294990"
"16744","Zm00001eb262610"
"16745","Zm00001eb289390"
"16746","Zm00001eb293570"
"16747","Zm00001eb261170"
"16748","Zm00001eb281080"
"16749","Zm00001eb272010"
"16750","Zm00001eb264660"
"16751","Zm00001eb287160"
"16752","Zm00001eb286340"
"16753","Zm00001eb285880"
"16754","Zm00001eb278580"
"16755","Zm00001eb281160"
"16756","Zm00001eb280100"
"16757","Zm00001eb291460"
"16758","Zm00001eb267580"
"16759","Zm00001eb279570"
"16760","Zm00001eb287740"
"16761","Zm00001eb266810"
"16762","Zm00001eb265200"
"16763","Zm00001eb296220"
"16764","Zm00001eb269110"
"16765","Zm00001eb261700"
"16766","Zm00001eb282300"
"16767","Zm00001eb282620"
"16768","Zm00001eb294780"
"16769","Zm00001eb291660"
"16770","Zm00001eb281340"
"16771","Zm00001eb274290"
"16772","Zm00001eb275390"
"16773","Zm00001eb285390"
"16774","Zm00001eb290120"
"16775","Zm00001eb285640"
"16776","Zm00001eb277420"
"16777","Zm00001eb271750"
"16778","Zm00001eb285100"
"16779","Zm00001eb272300"
"16780","Zm00001eb277870"
"16781","Zm00001eb278650"
"16782","Zm00001eb287230"
"16783","Zm00001eb278890"
"16784","Zm00001eb270000"
"16785","Zm00001eb296740"
"16786","Zm00001eb264810"
"16787","Zm00001eb296700"
"16788","Zm00001eb271530"
"16789","Zm00001eb277100"
"16790","Zm00001eb286030"
"16791","Zm00001eb270420"
"16792","Zm00001eb260580"
"16793","Zm00001eb288730"
"16794","Zm00001eb272540"
"16795","Zm00001eb395490"
"16796","Zm00001eb387030"
"16797","Zm00001eb394580"
"16798","Zm00001eb403420"
"16799","Zm00001eb400310"
"16800","Zm00001eb402220"
"16801","Zm00001eb378010"
"16802","Zm00001eb388780"
"16803","Zm00001eb386750"
"16804","Zm00001eb390980"
"16805","Zm00001eb385870"
"16806","Zm00001eb382540"
"16807","Zm00001eb400750"
"16808","Zm00001eb400240"
"16809","Zm00001eb376650"
"16810","Zm00001eb377970"
"16811","Zm00001eb373120"
"16812","Zm00001eb374110"
"16813","Zm00001eb394590"
"16814","Zm00001eb401320"
"16815","Zm00001eb381980"
"16816","Zm00001eb397090"
"16817","Zm00001eb390320"
"16818","Zm00001eb390500"
"16819","Zm00001eb404070"
"16820","Zm00001eb393790"
"16821","Zm00001eb379130"
"16822","Zm00001eb399090"
"16823","Zm00001eb401230"
"16824","Zm00001eb391190"
"16825","Zm00001eb385420"
"16826","Zm00001eb375220"
"16827","Zm00001eb402540"
"16828","Zm00001eb377540"
"16829","Zm00001eb397500"
"16830","Zm00001eb377760"
"16831","Zm00001eb378720"
"16832","Zm00001eb383310"
"16833","Zm00001eb387960"
"16834","Zm00001eb396090"
"16835","Zm00001eb385900"
"16836","Zm00001eb372830"
"16837","Zm00001eb373520"
"16838","Zm00001eb394460"
"16839","Zm00001eb374470"
"16840","Zm00001eb404700"
"16841","Zm00001eb386460"
"16842","Zm00001eb401900"
"16843","Zm00001eb379840"
"16844","Zm00001eb394930"
"16845","Zm00001eb399480"
"16846","Zm00001eb389420"
"16847","Zm00001eb387850"
"16848","Zm00001eb386310"
"16849","Zm00001eb398820"
"16850","Zm00001eb404390"
"16851","Zm00001eb401720"
"16852","Zm00001eb372700"
"16853","Zm00001eb401530"
"16854","Zm00001eb397770"
"16855","Zm00001eb388340"
"16856","Zm00001eb397310"
"16857","Zm00001eb372900"
"16858","Zm00001eb374080"
"16859","Zm00001eb388820"
"16860","Zm00001eb386920"
"16861","Zm00001eb397700"
"16862","Zm00001eb388550"
"16863","Zm00001eb390490"
"16864","Zm00001eb403550"
"16865","Zm00001eb403270"
"16866","Zm00001eb393940"
"16867","Zm00001eb384260"
"16868","Zm00001eb385970"
"16869","Zm00001eb379660"
"16870","Zm00001eb401990"
"16871","Zm00001eb398170"
"16872","Zm00001eb380950"
"16873","Zm00001eb396450"
"16874","Zm00001eb389840"
"16875","Zm00001eb399640"
"16876","Zm00001eb389370"
"16877","Zm00001eb399390"
"16878","Zm00001eb372150"
"16879","Zm00001eb389930"
"16880","Zm00001eb394410"
"16881","Zm00001eb402080"
"16882","Zm00001eb390830"
"16883","Zm00001eb387430"
"16884","Zm00001eb401480"
"16885","Zm00001eb395100"
"16886","Zm00001eb379530"
"16887","Zm00001eb387250"
"16888","Zm00001eb402520"
"16889","Zm00001eb380680"
"16890","Zm00001eb378600"
"16891","Zm00001eb374450"
"16892","Zm00001eb399350"
"16893","Zm00001eb400470"
"16894","Zm00001eb378790"
"16895","Zm00001eb376570"
"16896","Zm00001eb386390"
"16897","Zm00001eb389960"
"16898","Zm00001eb383570"
"16899","Zm00001eb392750"
"16900","Zm00001eb403700"
"16901","Zm00001eb374380"
"16902","Zm00001eb374100"
"16903","Zm00001eb371880"
"16904","Zm00001eb389050"
"16905","Zm00001eb392030"
"16906","Zm00001eb372980"
"16907","Zm00001eb377430"
"16908","Zm00001eb399030"
"16909","Zm00001eb398550"
"16910","Zm00001eb387280"
"16911","Zm00001eb390590"
"16912","Zm00001eb393170"
"16913","Zm00001eb393720"
"16914","Zm00001eb388050"
"16915","Zm00001eb402950"
"16916","Zm00001eb380860"
"16917","Zm00001eb398230"
"16918","Zm00001eb375130"
"16919","Zm00001eb391280"
"16920","Zm00001eb401080"
"16921","Zm00001eb391600"
"16922","Zm00001eb401450"
"16923","Zm00001eb389720"
"16924","Zm00001eb398510"
"16925","Zm00001eb387730"
"16926","Zm00001eb378980"
"16927","Zm00001eb374780"
"16928","Zm00001eb401150"
"16929","Zm00001eb385410"
"16930","Zm00001eb402630"
"16931","Zm00001eb375530"
"16932","Zm00001eb398010"
"16933","Zm00001eb402400"
"16934","Zm00001eb386050"
"16935","Zm00001eb399120"
"16936","Zm00001eb373970"
"16937","Zm00001eb376750"
"16938","Zm00001eb395600"
"16939","Zm00001eb396710"
"16940","Zm00001eb393270"
"16941","Zm00001eb372660"
"16942","Zm00001eb403820"
"16943","Zm00001eb401790"
"16944","Zm00001eb380430"
"16945","Zm00001eb394240"
"16946","Zm00001eb384760"
"16947","Zm00001eb395300"
"16948","Zm00001eb396440"
"16949","Zm00001eb394540"
"16950","Zm00001eb386150"
"16951","Zm00001eb389870"
"16952","Zm00001eb392370"
"16953","Zm00001eb404260"
"16954","Zm00001eb398340"
"16955","Zm00001eb386220"
"16956","Zm00001eb394120"
"16957","Zm00001eb385280"
"16958","Zm00001eb390790"
"16959","Zm00001eb390190"
"16960","Zm00001eb399860"
"16961","Zm00001eb393970"
"16962","Zm00001eb395410"
"16963","Zm00001eb400530"
"16964","Zm00001eb400610"
"16965","Zm00001eb385040"
"16966","Zm00001eb393300"
"16967","Zm00001eb374600"
"16968","Zm00001eb390410"
"16969","Zm00001eb404710"
"16970","Zm00001eb373040"
"16971","Zm00001eb373900"
"16972","Zm00001eb384690"
"16973","Zm00001eb390630"
"16974","Zm00001eb372570"
"16975","Zm00001eb387750"
"16976","Zm00001eb393530"
"16977","Zm00001eb373800"
"16978","Zm00001eb378440"
"16979","Zm00001eb375730"
"16980","Zm00001eb395520"
"16981","Zm00001eb401060"
"16982","Zm00001eb373290"
"16983","Zm00001eb398390"
"16984","Zm00001eb403750"
"16985","Zm00001eb397390"
"16986","Zm00001eb378000"
"16987","Zm00001eb392700"
"16988","Zm00001eb386450"
"16989","Zm00001eb376600"
"16990","Zm00001eb403560"
"16991","Zm00001eb386190"
"16992","Zm00001eb379340"
"16993","Zm00001eb377350"
"16994","Zm00001eb387870"
"16995","Zm00001eb383060"
"16996","Zm00001eb395510"
"16997","Zm00001eb394760"
"16998","Zm00001eb400640"
"16999","Zm00001eb400040"
"17000","Zm00001eb398080"
"17001","Zm00001eb402550"
"17002","Zm00001eb380690"
"17003","Zm00001eb385260"
"17004","Zm00001eb400490"
"17005","Zm00001eb378810"
"17006","Zm00001eb379480"
"17007","Zm00001eb380200"
"17008","Zm00001eb404320"
"17009","Zm00001eb403450"
"17010","Zm00001eb404120"
"17011","Zm00001eb402440"
"17012","Zm00001eb383330"
"17013","Zm00001eb403880"
"17014","Zm00001eb394080"
"17015","Zm00001eb396530"
"17016","Zm00001eb389540"
"17017","Zm00001eb389910"
"17018","Zm00001eb395970"
"17019","Zm00001eb400230"
"17020","Zm00001eb372200"
"17021","Zm00001eb379920"
"17022","Zm00001eb377830"
"17023","Zm00001eb374230"
"17024","Zm00001eb397150"
"17025","Zm00001eb396030"
"17026","Zm00001eb393610"
"17027","Zm00001eb386160"
"17028","Zm00001eb374640"
"17029","Zm00001eb380390"
"17030","Zm00001eb378030"
"17031","Zm00001eb383860"
"17032","Zm00001eb390580"
"17033","Zm00001eb394190"
"17034","Zm00001eb391550"
"17035","Zm00001eb396350"
"17036","Zm00001eb399100"
"17037","Zm00001eb375480"
"17038","Zm00001eb390100"
"17039","Zm00001eb372070"
"17040","Zm00001eb372860"
"17041","Zm00001eb379090"
"17042","Zm00001eb387360"
"17043","Zm00001eb387010"
"17044","Zm00001eb394480"
"17045","Zm00001eb392000"
"17046","Zm00001eb402560"
"17047","Zm00001eb401030"
"17048","Zm00001eb398140"
"17049","Zm00001eb398600"
"17050","Zm00001eb404250"
"17051","Zm00001eb402740"
"17052","Zm00001eb390520"
"17053","Zm00001eb391900"
"17054","Zm00001eb387970"
"17055","Zm00001eb402710"
"17056","Zm00001eb395780"
"17057","Zm00001eb404020"
"17058","Zm00001eb389800"
"17059","Zm00001eb382070"
"17060","Zm00001eb382580"
"17061","Zm00001eb404670"
"17062","Zm00001eb378640"
"17063","Zm00001eb403010"
"17064","Zm00001eb381770"
"17065","Zm00001eb376660"
"17066","Zm00001eb394700"
"17067","Zm00001eb373180"
"17068","Zm00001eb388990"
"17069","Zm00001eb373650"
"17070","Zm00001eb387520"
"17071","Zm00001eb382380"
"17072","Zm00001eb401630"
"17073","Zm00001eb392400"
"17074","Zm00001eb400300"
"17075","Zm00001eb372220"
"17076","Zm00001eb396650"
"17077","Zm00001eb377920"
"17078","Zm00001eb400280"
"17079","Zm00001eb395270"
"17080","Zm00001eb392220"
"17081","Zm00001eb404510"
"17082","Zm00001eb400820"
"17083","Zm00001eb376140"
"17084","Zm00001eb374160"
"17085","Zm00001eb384810"
"17086","Zm00001eb377130"
"17087","Zm00001eb374090"
"17088","Zm00001eb377010"
"17089","Zm00001eb386870"
"17090","Zm00001eb380260"
"17091","Zm00001eb381870"
"17092","Zm00001eb381630"
"17093","Zm00001eb401370"
"17094","Zm00001eb389950"
"17095","Zm00001eb385600"
"17096","Zm00001eb402910"
"17097","Zm00001eb388040"
"17098","Zm00001eb378270"
"17099","Zm00001eb378590"
"17100","Zm00001eb396920"
"17101","Zm00001eb374870"
"17102","Zm00001eb379190"
"17103","Zm00001eb383400"
"17104","Zm00001eb395640"
"17105","Zm00001eb386290"
"17106","Zm00001eb404550"
"17107","Zm00001eb394920"
"17108","Zm00001eb391750"
"17109","Zm00001eb378990"
"17110","Zm00001eb393140"
"17111","Zm00001eb394940"
"17112","Zm00001eb387100"
"17113","Zm00001eb384620"
"17114","Zm00001eb377260"
"17115","Zm00001eb394180"
"17116","Zm00001eb397440"
"17117","Zm00001eb399930"
"17118","Zm00001eb375250"
"17119","Zm00001eb403780"
"17120","Zm00001eb400850"
"17121","Zm00001eb395630"
"17122","Zm00001eb389440"
"17123","Zm00001eb390530"
"17124","Zm00001eb387140"
"17125","Zm00001eb375600"
"17126","Zm00001eb380570"
"17127","Zm00001eb392250"
"17128","Zm00001eb397190"
"17129","Zm00001eb399010"
"17130","Zm00001eb383910"
"17131","Zm00001eb372390"
"17132","Zm00001eb397670"
"17133","Zm00001eb400460"
"17134","Zm00001eb403240"
"17135","Zm00001eb382160"
"17136","Zm00001eb372750"
"17137","Zm00001eb399630"
"17138","Zm00001eb394230"
"17139","Zm00001eb391240"
"17140","Zm00001eb403760"
"17141","Zm00001eb385960"
"17142","Zm00001eb397720"
"17143","Zm00001eb404090"
"17144","Zm00001eb402290"
"17145","Zm00001eb379890"
"17146","Zm00001eb376730"
"17147","Zm00001eb389660"
"17148","Zm00001eb387560"
"17149","Zm00001eb397400"
"17150","Zm00001eb375510"
"17151","Zm00001eb385850"
"17152","Zm00001eb399060"
"17153","Zm00001eb401360"
"17154","Zm00001eb402980"
"17155","Zm00001eb394910"
"17156","Zm00001eb386590"
"17157","Zm00001eb396860"
"17158","Zm00001eb404110"
"17159","Zm00001eb376040"
"17160","Zm00001eb393840"
"17161","Zm00001eb399840"
"17162","Zm00001eb390640"
"17163","Zm00001eb376490"
"17164","Zm00001eb399900"
"17165","Zm00001eb394850"
"17166","Zm00001eb403530"
"17167","Zm00001eb394510"
"17168","Zm00001eb392880"
"17169","Zm00001eb386770"
"17170","Zm00001eb389570"
"17171","Zm00001eb376670"
"17172","Zm00001eb402800"
"17173","Zm00001eb380040"
"17174","Zm00001eb400390"
"17175","Zm00001eb376160"
"17176","Zm00001eb395250"
"17177","Zm00001eb374300"
"17178","Zm00001eb391060"
"17179","Zm00001eb400680"
"17180","Zm00001eb374360"
"17181","Zm00001eb379830"
"17182","Zm00001eb397870"
"17183","Zm00001eb400550"
"17184","Zm00001eb397070"
"17185","Zm00001eb394390"
"17186","Zm00001eb393730"
"17187","Zm00001eb372970"
"17188","Zm00001eb398120"
"17189","Zm00001eb396930"
"17190","Zm00001eb379630"
"17191","Zm00001eb396330"
"17192","Zm00001eb394770"
"17193","Zm00001eb402960"
"17194","Zm00001eb390370"
"17195","Zm00001eb399830"
"17196","Zm00001eb375140"
"17197","Zm00001eb373620"
"17198","Zm00001eb378970"
"17199","Zm00001eb395120"
"17200","Zm00001eb403120"
"17201","Zm00001eb398370"
"17202","Zm00001eb374760"
"17203","Zm00001eb382360"
"17204","Zm00001eb388430"
"17205","Zm00001eb394440"
"17206","Zm00001eb382730"
"17207","Zm00001eb385840"
"17208","Zm00001eb371760"
"17209","Zm00001eb384860"
"17210","Zm00001eb378870"
"17211","Zm00001eb401550"
"17212","Zm00001eb387810"
"17213","Zm00001eb398050"
"17214","Zm00001eb382690"
"17215","Zm00001eb374440"
"17216","Zm00001eb379260"
"17217","Zm00001eb378230"
"17218","Zm00001eb378020"
"17219","Zm00001eb372790"
"17220","Zm00001eb404680"
"17221","Zm00001eb379570"
"17222","Zm00001eb374830"
"17223","Zm00001eb404350"
"17224","Zm00001eb403980"
"17225","Zm00001eb403060"
"17226","Zm00001eb393920"
"17227","Zm00001eb398870"
"17228","Zm00001eb382320"
"17229","Zm00001eb398530"
"17230","Zm00001eb385570"
"17231","Zm00001eb381670"
"17232","Zm00001eb378340"
"17233","Zm00001eb386940"
"17234","Zm00001eb393200"
"17235","Zm00001eb381450"
"17236","Zm00001eb372330"
"17237","Zm00001eb388110"
"17238","Zm00001eb383160"
"17239","Zm00001eb394250"
"17240","Zm00001eb377860"
"17241","Zm00001eb395280"
"17242","Zm00001eb380530"
"17243","Zm00001eb385490"
"17244","Zm00001eb373580"
"17245","Zm00001eb389500"
"17246","Zm00001eb387780"
"17247","Zm00001eb376900"
"17248","Zm00001eb402750"
"17249","Zm00001eb402570"
"17250","Zm00001eb394010"
"17251","Zm00001eb392580"
"17252","Zm00001eb397930"
"17253","Zm00001eb391530"
"17254","Zm00001eb377300"
"17255","Zm00001eb375200"
"17256","Zm00001eb378830"
"17257","Zm00001eb380460"
"17258","Zm00001eb398540"
"17259","Zm00001eb400220"
"17260","Zm00001eb374460"
"17261","Zm00001eb380640"
"17262","Zm00001eb403400"
"17263","Zm00001eb373920"
"17264","Zm00001eb403680"
"17265","Zm00001eb403790"
"17266","Zm00001eb399800"
"17267","Zm00001eb400380"
"17268","Zm00001eb372500"
"17269","Zm00001eb375230"
"17270","Zm00001eb382810"
"17271","Zm00001eb397510"
"17272","Zm00001eb395760"
"17273","Zm00001eb388770"
"17274","Zm00001eb397270"
"17275","Zm00001eb385790"
"17276","Zm00001eb404430"
"17277","Zm00001eb392190"
"17278","Zm00001eb394610"
"17279","Zm00001eb392120"
"17280","Zm00001eb371730"
"17281","Zm00001eb390440"
"17282","Zm00001eb402460"
"17283","Zm00001eb397180"
"17284","Zm00001eb396470"
"17285","Zm00001eb398660"
"17286","Zm00001eb374350"
"17287","Zm00001eb393450"
"17288","Zm00001eb404270"
"17289","Zm00001eb382490"
"17290","Zm00001eb379250"
"17291","Zm00001eb395480"
"17292","Zm00001eb371770"
"17293","Zm00001eb384110"
"17294","Zm00001eb400060"
"17295","Zm00001eb395790"
"17296","Zm00001eb384950"
"17297","Zm00001eb401700"
"17298","Zm00001eb400970"
"17299","Zm00001eb380520"
"17300","Zm00001eb376630"
"17301","Zm00001eb375270"
"17302","Zm00001eb389210"
"17303","Zm00001eb395240"
"17304","Zm00001eb402390"
"17305","Zm00001eb388790"
"17306","Zm00001eb391740"
"17307","Zm00001eb376850"
"17308","Zm00001eb378780"
"17309","Zm00001eb401250"
"17310","Zm00001eb379120"
"17311","Zm00001eb386000"
"17312","Zm00001eb388030"
"17313","Zm00001eb375760"
"17314","Zm00001eb371640"
"17315","Zm00001eb379280"
"17316","Zm00001eb375420"
"17317","Zm00001eb379140"
"17318","Zm00001eb391730"
"17319","Zm00001eb388830"
"17320","Zm00001eb389430"
"17321","Zm00001eb379020"
"17322","Zm00001eb391500"
"17323","Zm00001eb397760"
"17324","Zm00001eb398380"
"17325","Zm00001eb392160"
"17326","Zm00001eb390210"
"17327","Zm00001eb379590"
"17328","Zm00001eb402920"
"17329","Zm00001eb397910"
"17330","Zm00001eb376790"
"17331","Zm00001eb374200"
"17332","Zm00001eb386910"
"17333","Zm00001eb374510"
"17334","Zm00001eb383320"
"17335","Zm00001eb381520"
"17336","Zm00001eb397290"
"17337","Zm00001eb394470"
"17338","Zm00001eb397980"
"17339","Zm00001eb394950"
"17340","Zm00001eb399910"
"17341","Zm00001eb386990"
"17342","Zm00001eb377470"
"17343","Zm00001eb401540"
"17344","Zm00001eb387800"
"17345","Zm00001eb381970"
"17346","Zm00001eb404560"
"17347","Zm00001eb397170"
"17348","Zm00001eb397660"
"17349","Zm00001eb393060"
"17350","Zm00001eb385190"
"17351","Zm00001eb387950"
"17352","Zm00001eb399440"
"17353","Zm00001eb399450"
"17354","Zm00001eb400720"
"17355","Zm00001eb378430"
"17356","Zm00001eb400340"
"17357","Zm00001eb375210"
"17358","Zm00001eb400580"
"17359","Zm00001eb386640"
"17360","Zm00001eb400210"
"17361","Zm00001eb403430"
"17362","Zm00001eb375240"
"17363","Zm00001eb385590"
"17364","Zm00001eb372600"
"17365","Zm00001eb386830"
"17366","Zm00001eb386680"
"17367","Zm00001eb387770"
"17368","Zm00001eb376970"
"17369","Zm00001eb401200"
"17370","Zm00001eb383120"
"17371","Zm00001eb379350"
"17372","Zm00001eb389010"
"17373","Zm00001eb398750"
"17374","Zm00001eb403460"
"17375","Zm00001eb387370"
"17376","Zm00001eb376480"
"17377","Zm00001eb400350"
"17378","Zm00001eb398490"
"17379","Zm00001eb395750"
"17380","Zm00001eb377210"
"17381","Zm00001eb390650"
"17382","Zm00001eb400100"
"17383","Zm00001eb397430"
"17384","Zm00001eb382170"
"17385","Zm00001eb404080"
"17386","Zm00001eb399580"
"17387","Zm00001eb404180"
"17388","Zm00001eb386480"
"17389","Zm00001eb388750"
"17390","Zm00001eb393660"
"17391","Zm00001eb403730"
"17392","Zm00001eb404290"
"17393","Zm00001eb404340"
"17394","Zm00001eb391070"
"17395","Zm00001eb402730"
"17396","Zm00001eb403220"
"17397","Zm00001eb393290"
"17398","Zm00001eb398830"
"17399","Zm00001eb389230"
"17400","Zm00001eb397230"
"17401","Zm00001eb397950"
"17402","Zm00001eb403310"
"17403","Zm00001eb395380"
"17404","Zm00001eb386490"
"17405","Zm00001eb378880"
"17406","Zm00001eb385620"
"17407","Zm00001eb373990"
"17408","Zm00001eb372990"
"17409","Zm00001eb386020"
"17410","Zm00001eb374520"
"17411","Zm00001eb396430"
"17412","Zm00001eb383780"
"17413","Zm00001eb393050"
"17414","Zm00001eb375380"
"17415","Zm00001eb397550"
"17416","Zm00001eb398160"
"17417","Zm00001eb400730"
"17418","Zm00001eb402330"
"17419","Zm00001eb380990"
"17420","Zm00001eb403640"
"17421","Zm00001eb396050"
"17422","Zm00001eb394100"
"17423","Zm00001eb378730"
"17424","Zm00001eb402070"
"17425","Zm00001eb399270"
"17426","Zm00001eb391270"
"17427","Zm00001eb383980"
"17428","Zm00001eb373090"
"17429","Zm00001eb396950"
"17430","Zm00001eb394830"
"17431","Zm00001eb393280"
"17432","Zm00001eb380080"
"17433","Zm00001eb377040"
"17434","Zm00001eb393020"
"17435","Zm00001eb397280"
"17436","Zm00001eb401770"
"17437","Zm00001eb388840"
"17438","Zm00001eb386520"
"17439","Zm00001eb394960"
"17440","Zm00001eb389160"
"17441","Zm00001eb403800"
"17442","Zm00001eb378690"
"17443","Zm00001eb392330"
"17444","Zm00001eb401580"
"17445","Zm00001eb392870"
"17446","Zm00001eb374140"
"17447","Zm00001eb375710"
"17448","Zm00001eb400600"
"17449","Zm00001eb404360"
"17450","Zm00001eb380550"
"17451","Zm00001eb400920"
"17452","Zm00001eb375660"
"17453","Zm00001eb387540"
"17454","Zm00001eb396690"
"17455","Zm00001eb397920"
"17456","Zm00001eb379510"
"17457","Zm00001eb385480"
"17458","Zm00001eb373710"
"17459","Zm00001eb398190"
"17460","Zm00001eb404000"
"17461","Zm00001eb401090"
"17462","Zm00001eb394670"
"17463","Zm00001eb395090"
"17464","Zm00001eb389710"
"17465","Zm00001eb378190"
"17466","Zm00001eb398220"
"17467","Zm00001eb383650"
"17468","Zm00001eb404720"
"17469","Zm00001eb384300"
"17470","Zm00001eb393560"
"17471","Zm00001eb384890"
"17472","Zm00001eb373960"
"17473","Zm00001eb389280"
"17474","Zm00001eb372960"
"17475","Zm00001eb398890"
"17476","Zm00001eb387340"
"17477","Zm00001eb389600"
"17478","Zm00001eb377150"
"17479","Zm00001eb395350"
"17480","Zm00001eb390960"
"17481","Zm00001eb389820"
"17482","Zm00001eb391020"
"17483","Zm00001eb400790"
"17484","Zm00001eb399190"
"17485","Zm00001eb380500"
"17486","Zm00001eb388190"
"17487","Zm00001eb394660"
"17488","Zm00001eb377480"
"17489","Zm00001eb404410"
"17490","Zm00001eb377990"
"17491","Zm00001eb376510"
"17492","Zm00001eb380020"
"17493","Zm00001eb397300"
"17494","Zm00001eb400760"
"17495","Zm00001eb371980"
"17496","Zm00001eb402160"
"17497","Zm00001eb396300"
"17498","Zm00001eb382660"
"17499","Zm00001eb394750"
"17500","Zm00001eb375410"
"17501","Zm00001eb396520"
"17502","Zm00001eb400630"
"17503","Zm00001eb376700"
"17504","Zm00001eb389390"
"17505","Zm00001eb402480"
"17506","Zm00001eb401050"
"17507","Zm00001eb393310"
"17508","Zm00001eb379290"
"17509","Zm00001eb403930"
"17510","Zm00001eb378540"
"17511","Zm00001eb376780"
"17512","Zm00001eb395050"
"17513","Zm00001eb392280"
"17514","Zm00001eb394360"
"17515","Zm00001eb402410"
"17516","Zm00001eb379030"
"17517","Zm00001eb379240"
"17518","Zm00001eb373560"
"17519","Zm00001eb398430"
"17520","Zm00001eb393010"
"17521","Zm00001eb398590"
"17522","Zm00001eb371830"
"17523","Zm00001eb388590"
"17524","Zm00001eb399340"
"17525","Zm00001eb387590"
"17526","Zm00001eb392950"
"17527","Zm00001eb379300"
"17528","Zm00001eb374910"
"17529","Zm00001eb377810"
"17530","Zm00001eb395810"
"17531","Zm00001eb386260"
"17532","Zm00001eb377050"
"17533","Zm00001eb379950"
"17534","Zm00001eb374630"
"17535","Zm00001eb376520"
"17536","Zm00001eb378800"
"17537","Zm00001eb402270"
"17538","Zm00001eb393420"
"17539","Zm00001eb375490"
"17540","Zm00001eb403740"
"17541","Zm00001eb399310"
"17542","Zm00001eb374980"
"17543","Zm00001eb385580"
"17544","Zm00001eb403140"
"17545","Zm00001eb389680"
"17546","Zm00001eb404610"
"17547","Zm00001eb394070"
"17548","Zm00001eb386510"
"17549","Zm00001eb389520"
"17550","Zm00001eb379320"
"17551","Zm00001eb396880"
"17552","Zm00001eb400650"
"17553","Zm00001eb403870"
"17554","Zm00001eb404130"
"17555","Zm00001eb394870"
"17556","Zm00001eb371510"
"17557","Zm00001eb403000"
"17558","Zm00001eb392490"
"17559","Zm00001eb380850"
"17560","Zm00001eb386370"
"17561","Zm00001eb375010"
"17562","Zm00001eb392730"
"17563","Zm00001eb392530"
"17564","Zm00001eb378330"
"17565","Zm00001eb385220"
"17566","Zm00001eb378400"
"17567","Zm00001eb389290"
"17568","Zm00001eb403960"
"17569","Zm00001eb396040"
"17570","Zm00001eb404490"
"17571","Zm00001eb392680"
"17572","Zm00001eb386330"
"17573","Zm00001eb403580"
"17574","Zm00001eb390910"
"17575","Zm00001eb380160"
"17576","Zm00001eb389350"
"17577","Zm00001eb387530"
"17578","Zm00001eb384200"
"17579","Zm00001eb403170"
"17580","Zm00001eb396490"
"17581","Zm00001eb394640"
"17582","Zm00001eb400810"
"17583","Zm00001eb389380"
"17584","Zm00001eb397200"
"17585","Zm00001eb402260"
"17586","Zm00001eb376390"
"17587","Zm00001eb379100"
"17588","Zm00001eb397250"
"17589","Zm00001eb402780"
"17590","Zm00001eb384580"
"17591","Zm00001eb382120"
"17592","Zm00001eb376120"
"17593","Zm00001eb373760"
"17594","Zm00001eb389630"
"17595","Zm00001eb401140"
"17596","Zm00001eb388260"
"17597","Zm00001eb399230"
"17598","Zm00001eb402930"
"17599","Zm00001eb376880"
"17600","Zm00001eb373980"
"17601","Zm00001eb403260"
"17602","Zm00001eb383660"
"17603","Zm00001eb398400"
"17604","Zm00001eb391890"
"17605","Zm00001eb385980"
"17606","Zm00001eb401270"
"17607","Zm00001eb390330"
"17608","Zm00001eb403520"
"17609","Zm00001eb384370"
"17610","Zm00001eb395770"
"17611","Zm00001eb391130"
"17612","Zm00001eb373490"
"17613","Zm00001eb402340"
"17614","Zm00001eb385310"
"17615","Zm00001eb377250"
"17616","Zm00001eb374810"
"17617","Zm00001eb390900"
"17618","Zm00001eb390540"
"17619","Zm00001eb372380"
"17620","Zm00001eb378420"
"17621","Zm00001eb375640"
"17622","Zm00001eb396820"
"17623","Zm00001eb389590"
"17624","Zm00001eb384660"
"17625","Zm00001eb382900"
"17626","Zm00001eb374860"
"17627","Zm00001eb380410"
"17628","Zm00001eb392660"
"17629","Zm00001eb380830"
"17630","Zm00001eb388300"
"17631","Zm00001eb387090"
"17632","Zm00001eb396610"
"17633","Zm00001eb382460"
"17634","Zm00001eb400290"
"17635","Zm00001eb394970"
"17636","Zm00001eb385860"
"17637","Zm00001eb391700"
"17638","Zm00001eb384140"
"17639","Zm00001eb395590"
"17640","Zm00001eb376840"
"17641","Zm00001eb371540"
"17642","Zm00001eb398850"
"17643","Zm00001eb385150"
"17644","Zm00001eb384940"
"17645","Zm00001eb399680"
"17646","Zm00001eb398000"
"17647","Zm00001eb382940"
"17648","Zm00001eb381110"
"17649","Zm00001eb402590"
"17650","Zm00001eb387930"
"17651","Zm00001eb404660"
"17652","Zm00001eb402300"
"17653","Zm00001eb382080"
"17654","Zm00001eb389480"
"17655","Zm00001eb391770"
"17656","Zm00001eb378280"
"17657","Zm00001eb374580"
"17658","Zm00001eb395200"
"17659","Zm00001eb375180"
"17660","Zm00001eb388390"
"17661","Zm00001eb379150"
"17662","Zm00001eb387570"
"17663","Zm00001eb397350"
"17664","Zm00001eb386270"
"17665","Zm00001eb389990"
"17666","Zm00001eb382340"
"17667","Zm00001eb376980"
"17668","Zm00001eb393150"
"17669","Zm00001eb402660"
"17670","Zm00001eb378930"
"17671","Zm00001eb376990"
"17672","Zm00001eb385910"
"17673","Zm00001eb401220"
"17674","Zm00001eb401110"
"17675","Zm00001eb388530"
"17676","Zm00001eb404060"
"17677","Zm00001eb400880"
"17678","Zm00001eb389980"
"17679","Zm00001eb395150"
"17680","Zm00001eb386630"
"17681","Zm00001eb402310"
"17682","Zm00001eb377420"
"17683","Zm00001eb378820"
"17684","Zm00001eb398470"
"17685","Zm00001eb379440"
"17686","Zm00001eb377530"
"17687","Zm00001eb392640"
"17688","Zm00001eb395840"
"17689","Zm00001eb384640"
"17690","Zm00001eb377750"
"17691","Zm00001eb372130"
"17692","Zm00001eb386970"
"17693","Zm00001eb403020"
"17694","Zm00001eb395070"
"17695","Zm00001eb374330"
"17696","Zm00001eb387920"
"17697","Zm00001eb382130"
"17698","Zm00001eb399330"
"17699","Zm00001eb389850"
"17700","Zm00001eb396140"
"17701","Zm00001eb400320"
"17702","Zm00001eb371630"
"17703","Zm00001eb395310"
"17704","Zm00001eb388810"
"17705","Zm00001eb394270"
"17706","Zm00001eb395000"
"17707","Zm00001eb387040"
"17708","Zm00001eb402760"
"17709","Zm00001eb394600"
"17710","Zm00001eb381040"
"17711","Zm00001eb400030"
"17712","Zm00001eb398070"
"17713","Zm00001eb378740"
"17714","Zm00001eb401920"
"17715","Zm00001eb388310"
"17716","Zm00001eb399780"
"17717","Zm00001eb382040"
"17718","Zm00001eb384150"
"17719","Zm00001eb372420"
"17720","Zm00001eb402180"
"17721","Zm00001eb392440"
"17722","Zm00001eb397570"
"17723","Zm00001eb373700"
"17724","Zm00001eb393760"
"17725","Zm00001eb382430"
"17726","Zm00001eb397050"
"17727","Zm00001eb401590"
"17728","Zm00001eb373130"
"17729","Zm00001eb390620"
"17730","Zm00001eb394060"
"17731","Zm00001eb397790"
"17732","Zm00001eb379800"
"17733","Zm00001eb379230"
"17734","Zm00001eb403940"
"17735","Zm00001eb398970"
"17736","Zm00001eb396460"
"17737","Zm00001eb379050"
"17738","Zm00001eb401560"
"17739","Zm00001eb394030"
"17740","Zm00001eb376890"
"17741","Zm00001eb384290"
"17742","Zm00001eb402420"
"17743","Zm00001eb375400"
"17744","Zm00001eb388080"
"17745","Zm00001eb397340"
"17746","Zm00001eb392290"
"17747","Zm00001eb392390"
"17748","Zm00001eb390720"
"17749","Zm00001eb378500"
"17750","Zm00001eb381530"
"17751","Zm00001eb403110"
"17752","Zm00001eb377070"
"17753","Zm00001eb400170"
"17754","Zm00001eb397710"
"17755","Zm00001eb395470"
"17756","Zm00001eb402790"
"17757","Zm00001eb371680"
"17758","Zm00001eb393900"
"17759","Zm00001eb379990"
"17760","Zm00001eb388180"
"17761","Zm00001eb395390"
"17762","Zm00001eb400180"
"17763","Zm00001eb375820"
"17764","Zm00001eb397080"
"17765","Zm00001eb386320"
"17766","Zm00001eb381590"
"17767","Zm00001eb401520"
"17768","Zm00001eb380050"
"17769","Zm00001eb404400"
"17770","Zm00001eb373630"
"17771","Zm00001eb377280"
"17772","Zm00001eb384320"
"17773","Zm00001eb390460"
"17774","Zm00001eb397260"
"17775","Zm00001eb373930"
"17776","Zm00001eb394400"
"17777","Zm00001eb379620"
"17778","Zm00001eb377910"
"17779","Zm00001eb383200"
"17780","Zm00001eb377320"
"17781","Zm00001eb383540"
"17782","Zm00001eb373080"
"17783","Zm00001eb373600"
"17784","Zm00001eb396670"
"17785","Zm00001eb403710"
"17786","Zm00001eb392740"
"17787","Zm00001eb375690"
"17788","Zm00001eb381220"
"17789","Zm00001eb392300"
"17790","Zm00001eb378710"
"17791","Zm00001eb371520"
"17792","Zm00001eb376150"
"17793","Zm00001eb371950"
"17794","Zm00001eb373840"
"17795","Zm00001eb371740"
"17796","Zm00001eb395560"
"17797","Zm00001eb390860"
"17798","Zm00001eb400670"
"17799","Zm00001eb400560"
"17800","Zm00001eb401490"
"17801","Zm00001eb403050"
"17802","Zm00001eb375320"
"17803","Zm00001eb398330"
"17804","Zm00001eb401160"
"17805","Zm00001eb390850"
"17806","Zm00001eb400980"
"17807","Zm00001eb393710"
"17808","Zm00001eb387310"
"17809","Zm00001eb388350"
"17810","Zm00001eb375190"
"17811","Zm00001eb398150"
"17812","Zm00001eb389920"
"17813","Zm00001eb372640"
"17814","Zm00001eb378170"
"17815","Zm00001eb403670"
"17816","Zm00001eb385250"
"17817","Zm00001eb379490"
"17818","Zm00001eb401890"
"17819","Zm00001eb385130"
"17820","Zm00001eb393130"
"17821","Zm00001eb400480"
"17822","Zm00001eb391030"
"17823","Zm00001eb394260"
"17824","Zm00001eb395230"
"17825","Zm00001eb403360"
"17826","Zm00001eb372060"
"17827","Zm00001eb386380"
"17828","Zm00001eb371960"
"17829","Zm00001eb400090"
"17830","Zm00001eb386650"
"17831","Zm00001eb404280"
"17832","Zm00001eb390680"
"17833","Zm00001eb394530"
"17834","Zm00001eb393630"
"17835","Zm00001eb399260"
"17836","Zm00001eb394310"
"17837","Zm00001eb387510"
"17838","Zm00001eb378300"
"17839","Zm00001eb373340"
"17840","Zm00001eb403830"
"17841","Zm00001eb399890"
"17842","Zm00001eb373790"
"17843","Zm00001eb375110"
"17844","Zm00001eb379420"
"17845","Zm00001eb377330"
"17846","Zm00001eb384670"
"17847","Zm00001eb385210"
"17848","Zm00001eb389650"
"17849","Zm00001eb397100"
"17850","Zm00001eb381370"
"17851","Zm00001eb402640"
"17852","Zm00001eb375520"
"17853","Zm00001eb401380"
"17854","Zm00001eb401260"
"17855","Zm00001eb396070"
"17856","Zm00001eb376740"
"17857","Zm00001eb381020"
"17858","Zm00001eb396730"
"17859","Zm00001eb386410"
"17860","Zm00001eb404380"
"17861","Zm00001eb376640"
"17862","Zm00001eb403620"
"17863","Zm00001eb372770"
"17864","Zm00001eb374010"
"17865","Zm00001eb392560"
"17866","Zm00001eb393040"
"17867","Zm00001eb373390"
"17868","Zm00001eb376130"
"17869","Zm00001eb375090"
"17870","Zm00001eb397650"
"17871","Zm00001eb397990"
"17872","Zm00001eb376590"
"17873","Zm00001eb386180"
"17874","Zm00001eb388650"
"17875","Zm00001eb399460"
"17876","Zm00001eb372370"
"17877","Zm00001eb397520"
"17878","Zm00001eb392890"
"17879","Zm00001eb398840"
"17880","Zm00001eb396830"
"17881","Zm00001eb386100"
"17882","Zm00001eb402840"
"17883","Zm00001eb388610"
"17884","Zm00001eb385640"
"17885","Zm00001eb397560"
"17886","Zm00001eb380840"
"17887","Zm00001eb387020"
"17888","Zm00001eb397860"
"17889","Zm00001eb388520"
"17890","Zm00001eb384750"
"17891","Zm00001eb378260"
"17892","Zm00001eb388320"
"17893","Zm00001eb391390"
"17894","Zm00001eb397750"
"17895","Zm00001eb375670"
"17896","Zm00001eb397330"
"17897","Zm00001eb379580"
"17898","Zm00001eb402010"
"17899","Zm00001eb374040"
"17900","Zm00001eb378210"
"17901","Zm00001eb386030"
"17902","Zm00001eb390730"
"17903","Zm00001eb386980"
"17904","Zm00001eb395530"
"17905","Zm00001eb384280"
"17906","Zm00001eb399240"
"17907","Zm00001eb392550"
"17908","Zm00001eb378450"
"17909","Zm00001eb390550"
"17910","Zm00001eb383870"
"17911","Zm00001eb372210"
"17912","Zm00001eb391140"
"17913","Zm00001eb399570"
"17914","Zm00001eb375030"
"17915","Zm00001eb377900"
"17916","Zm00001eb372180"
"17917","Zm00001eb394980"
"17918","Zm00001eb399940"
"17919","Zm00001eb400330"
"17920","Zm00001eb388760"
"17921","Zm00001eb401800"
"17922","Zm00001eb398060"
"17923","Zm00001eb404190"
"17924","Zm00001eb392270"
"17925","Zm00001eb402720"
"17926","Zm00001eb397960"
"17927","Zm00001eb372410"
"17928","Zm00001eb397580"
"17929","Zm00001eb394200"
"17930","Zm00001eb397880"
"17931","Zm00001eb387300"
"17932","Zm00001eb379060"
"17933","Zm00001eb398800"
"17934","Zm00001eb384990"
"17935","Zm00001eb375390"
"17936","Zm00001eb395720"
"17937","Zm00001eb386670"
"17938","Zm00001eb388070"
"17939","Zm00001eb401210"
"17940","Zm00001eb404310"
"17941","Zm00001eb391540"
"17942","Zm00001eb383490"
"17943","Zm00001eb397010"
"17944","Zm00001eb395850"
"17945","Zm00001eb395880"
"17946","Zm00001eb396410"
"17947","Zm00001eb388690"
"17948","Zm00001eb396640"
"17949","Zm00001eb400620"
"17950","Zm00001eb381760"
"17951","Zm00001eb376100"
"17952","Zm00001eb380960"
"17953","Zm00001eb399110"
"17954","Zm00001eb402970"
"17955","Zm00001eb387500"
"17956","Zm00001eb402880"
"17957","Zm00001eb373110"
"17958","Zm00001eb402600"
"17959","Zm00001eb397320"
"17960","Zm00001eb375560"
"17961","Zm00001eb399280"
"17962","Zm00001eb387270"
"17963","Zm00001eb373330"
"17964","Zm00001eb382180"
"17965","Zm00001eb404520"
"17966","Zm00001eb378250"
"17967","Zm00001eb403280"
"17968","Zm00001eb393120"
"17969","Zm00001eb392050"
"17970","Zm00001eb392970"
"17971","Zm00001eb374560"
"17972","Zm00001eb396370"
"17973","Zm00001eb377870"
"17974","Zm00001eb403510"
"17975","Zm00001eb389150"
"17976","Zm00001eb404730"
"17977","Zm00001eb371500"
"17978","Zm00001eb393250"
"17979","Zm00001eb390750"
"17980","Zm00001eb402000"
"17981","Zm00001eb403330"
"17982","Zm00001eb390180"
"17983","Zm00001eb399660"
"17984","Zm00001eb383950"
"17985","Zm00001eb400270"
"17986","Zm00001eb404220"
"17987","Zm00001eb381130"
"17988","Zm00001eb381490"
"17989","Zm00001eb395180"
"17990","Zm00001eb394840"
"17991","Zm00001eb385240"
"17992","Zm00001eb389240"
"17993","Zm00001eb378890"
"17994","Zm00001eb375040"
"17995","Zm00001eb389900"
"17996","Zm00001eb375430"
"17997","Zm00001eb399370"
"17998","Zm00001eb382060"
"17999","Zm00001eb397360"
"18000","Zm00001eb403160"
"18001","Zm00001eb389310"
"18002","Zm00001eb381960"
"18003","Zm00001eb377290"
"18004","Zm00001eb372940"
"18005","Zm00001eb372490"
"18006","Zm00001eb402060"
"18007","Zm00001eb396060"
"18008","Zm00001eb376530"
"18009","Zm00001eb378360"
"18010","Zm00001eb398900"
"18011","Zm00001eb400160"
"18012","Zm00001eb404370"
"18013","Zm00001eb374690"
"18014","Zm00001eb390970"
"18015","Zm00001eb400590"
"18016","Zm00001eb385100"
"18017","Zm00001eb402240"
"18018","Zm00001eb379550"
"18019","Zm00001eb374000"
"18020","Zm00001eb401690"
"18021","Zm00001eb375700"
"18022","Zm00001eb396890"
"18023","Zm00001eb383050"
"18024","Zm00001eb404010"
"18025","Zm00001eb374150"
"18026","Zm00001eb373500"
"18027","Zm00001eb385880"
"18028","Zm00001eb386550"
"18029","Zm00001eb403910"
"18030","Zm00001eb387350"
"18031","Zm00001eb399210"
"18032","Zm00001eb398410"
"18033","Zm00001eb378570"
"18034","Zm00001eb390310"
"18035","Zm00001eb379410"
"18036","Zm00001eb374280"
"18037","Zm00001eb397620"
"18038","Zm00001eb400930"
"18039","Zm00001eb372550"
"18040","Zm00001eb402380"
"18041","Zm00001eb393810"
"18042","Zm00001eb395080"
"18043","Zm00001eb398210"
"18044","Zm00001eb389700"
"18045","Zm00001eb389830"
"18046","Zm00001eb379500"
"18047","Zm00001eb383810"
"18048","Zm00001eb392420"
"18049","Zm00001eb375500"
"18050","Zm00001eb401340"
"18051","Zm00001eb391210"
"18052","Zm00001eb382910"
"18053","Zm00001eb389780"
"18054","Zm00001eb403920"
"18055","Zm00001eb391570"
"18056","Zm00001eb378550"
"18057","Zm00001eb381600"
"18058","Zm00001eb382260"
"18059","Zm00001eb399850"
"18060","Zm00001eb380580"
"18061","Zm00001eb382090"
"18062","Zm00001eb381470"
"18063","Zm00001eb387110"
"18064","Zm00001eb376020"
"18065","Zm00001eb396970"
"18066","Zm00001eb374670"
"18067","Zm00001eb377000"
"18068","Zm00001eb393000"
"18069","Zm00001eb404630"
"18070","Zm00001eb397240"
"18071","Zm00001eb380240"
"18072","Zm00001eb394520"
"18073","Zm00001eb400130"
"18074","Zm00001eb374270"
"18075","Zm00001eb391720"
"18076","Zm00001eb398630"
"18077","Zm00001eb378370"
"18078","Zm00001eb394380"
"18079","Zm00001eb395950"
"18080","Zm00001eb404640"
"18081","Zm00001eb386530"
"18082","Zm00001eb399070"
"18083","Zm00001eb396400"
"18084","Zm00001eb377270"
"18085","Zm00001eb392570"
"18086","Zm00001eb403210"
"18087","Zm00001eb396750"
"18088","Zm00001eb386900"
"18089","Zm00001eb397730"
"18090","Zm00001eb403040"
"18091","Zm00001eb402500"
"18092","Zm00001eb400990"
"18093","Zm00001eb379470"
"18094","Zm00001eb373420"
"18095","Zm00001eb390480"
"18096","Zm00001eb374750"
"18097","Zm00001eb373150"
"18098","Zm00001eb400510"
"18099","Zm00001eb392990"
"18100","Zm00001eb379070"
"18101","Zm00001eb404040"
"18102","Zm00001eb378460"
"18103","Zm00001eb393500"
"18104","Zm00001eb402990"
"18105","Zm00001eb382720"
"18106","Zm00001eb393930"
"18107","Zm00001eb377120"
"18108","Zm00001eb379270"
"18109","Zm00001eb402020"
"18110","Zm00001eb389360"
"18111","Zm00001eb383930"
"18112","Zm00001eb385810"
"18113","Zm00001eb386210"
"18114","Zm00001eb396540"
"18115","Zm00001eb401910"
"18116","Zm00001eb380650"
"18117","Zm00001eb398680"
"18118","Zm00001eb400010"
"18119","Zm00001eb387070"
"18120","Zm00001eb399180"
"18121","Zm00001eb394650"
"18122","Zm00001eb398130"
"18123","Zm00001eb396940"
"18124","Zm00001eb403660"
"18125","Zm00001eb374920"
"18126","Zm00001eb373140"
"18127","Zm00001eb374120"
"18128","Zm00001eb380420"
"18129","Zm00001eb371560"
"18130","Zm00001eb403860"
"18131","Zm00001eb399040"
"18132","Zm00001eb388440"
"18133","Zm00001eb371780"
"18134","Zm00001eb394430"
"18135","Zm00001eb393160"
"18136","Zm00001eb397610"
"18137","Zm00001eb384240"
"18138","Zm00001eb388060"
"18139","Zm00001eb373510"
"18140","Zm00001eb386560"
"18141","Zm00001eb386840"
"18142","Zm00001eb376680"
"18143","Zm00001eb388680"
"18144","Zm00001eb404240"
"18145","Zm00001eb398420"
"18146","Zm00001eb403130"
"18147","Zm00001eb401400"
"18148","Zm00001eb373200"
"18149","Zm00001eb390260"
"18150","Zm00001eb386300"
"18151","Zm00001eb379560"
"18152","Zm00001eb395610"
"18153","Zm00001eb378390"
"18154","Zm00001eb398520"
"18155","Zm00001eb384230"
"18156","Zm00001eb385070"
"18157","Zm00001eb400420"
"18158","Zm00001eb394570"
"18159","Zm00001eb375680"
"18160","Zm00001eb399490"
"18161","Zm00001eb384820"
"18162","Zm00001eb392910"
"18163","Zm00001eb380180"
"18164","Zm00001eb377790"
"18165","Zm00001eb402770"
"18166","Zm00001eb371900"
"18167","Zm00001eb403500"
"18168","Zm00001eb404500"
"18169","Zm00001eb373300"
"18170","Zm00001eb396510"
"18171","Zm00001eb395290"
"18172","Zm00001eb382240"
"18173","Zm00001eb387290"
"18174","Zm00001eb377550"
"18175","Zm00001eb401240"
"18176","Zm00001eb378900"
"18177","Zm00001eb395220"
"18178","Zm00001eb403080"
"18179","Zm00001eb375840"
"18180","Zm00001eb384970"
"18181","Zm00001eb388020"
"18182","Zm00001eb371720"
"18183","Zm00001eb380630"
"18184","Zm00001eb399700"
"18185","Zm00001eb398100"
"18186","Zm00001eb398860"
"18187","Zm00001eb373010"
"18188","Zm00001eb371940"
"18189","Zm00001eb389940"
"18190","Zm00001eb396480"
"18191","Zm00001eb401510"
"18192","Zm00001eb397020"
"18193","Zm00001eb377380"
"18194","Zm00001eb380150"
"18195","Zm00001eb402510"
"18196","Zm00001eb373670"
"18197","Zm00001eb400000"
"18198","Zm00001eb400050"
"18199","Zm00001eb390450"
"18200","Zm00001eb390820"
"18201","Zm00001eb400520"
"18202","Zm00001eb400800"
"18203","Zm00001eb394630"
"18204","Zm00001eb423050"
"18205","Zm00001eb426990"
"18206","Zm00001eb416890"
"18207","Zm00001eb426420"
"18208","Zm00001eb423890"
"18209","Zm00001eb407550"
"18210","Zm00001eb416050"
"18211","Zm00001eb427850"
"18212","Zm00001eb419790"
"18213","Zm00001eb420820"
"18214","Zm00001eb413870"
"18215","Zm00001eb418760"
"18216","Zm00001eb417200"
"18217","Zm00001eb407180"
"18218","Zm00001eb409090"
"18219","Zm00001eb415950"
"18220","Zm00001eb408440"
"18221","Zm00001eb405040"
"18222","Zm00001eb428430"
"18223","Zm00001eb405570"
"18224","Zm00001eb409170"
"18225","Zm00001eb411320"
"18226","Zm00001eb410870"
"18227","Zm00001eb419100"
"18228","Zm00001eb426970"
"18229","Zm00001eb422840"
"18230","Zm00001eb410600"
"18231","Zm00001eb413580"
"18232","Zm00001eb434590"
"18233","Zm00001eb433710"
"18234","Zm00001eb431350"
"18235","Zm00001eb421140"
"18236","Zm00001eb425100"
"18237","Zm00001eb415520"
"18238","Zm00001eb417970"
"18239","Zm00001eb426330"
"18240","Zm00001eb419270"
"18241","Zm00001eb410250"
"18242","Zm00001eb433020"
"18243","Zm00001eb422190"
"18244","Zm00001eb418040"
"18245","Zm00001eb421460"
"18246","Zm00001eb415280"
"18247","Zm00001eb415470"
"18248","Zm00001eb424280"
"18249","Zm00001eb405800"
"18250","Zm00001eb432300"
"18251","Zm00001eb408600"
"18252","Zm00001eb423330"
"18253","Zm00001eb430990"
"18254","Zm00001eb410660"
"18255","Zm00001eb415460"
"18256","Zm00001eb420220"
"18257","Zm00001eb429190"
"18258","Zm00001eb430170"
"18259","Zm00001eb413220"
"18260","Zm00001eb411390"
"18261","Zm00001eb416540"
"18262","Zm00001eb424560"
"18263","Zm00001eb433370"
"18264","Zm00001eb404780"
"18265","Zm00001eb427260"
"18266","Zm00001eb428060"
"18267","Zm00001eb433470"
"18268","Zm00001eb428530"
"18269","Zm00001eb427060"
"18270","Zm00001eb430440"
"18271","Zm00001eb416130"
"18272","Zm00001eb411000"
"18273","Zm00001eb429850"
"18274","Zm00001eb418960"
"18275","Zm00001eb422570"
"18276","Zm00001eb422980"
"18277","Zm00001eb409440"
"18278","Zm00001eb431260"
"18279","Zm00001eb414260"
"18280","Zm00001eb416150"
"18281","Zm00001eb414810"
"18282","Zm00001eb430290"
"18283","Zm00001eb409360"
"18284","Zm00001eb428660"
"18285","Zm00001eb434270"
"18286","Zm00001eb427700"
"18287","Zm00001eb404940"
"18288","Zm00001eb424390"
"18289","Zm00001eb425250"
"18290","Zm00001eb427910"
"18291","Zm00001eb434410"
"18292","Zm00001eb406460"
"18293","Zm00001eb407840"
"18294","Zm00001eb415690"
"18295","Zm00001eb417820"
"18296","Zm00001eb412540"
"18297","Zm00001eb422640"
"18298","Zm00001eb428680"
"18299","Zm00001eb434070"
"18300","Zm00001eb428770"
"18301","Zm00001eb425130"
"18302","Zm00001eb415710"
"18303","Zm00001eb408860"
"18304","Zm00001eb434360"
"18305","Zm00001eb434560"
"18306","Zm00001eb410890"
"18307","Zm00001eb431800"
"18308","Zm00001eb424600"
"18309","Zm00001eb408640"
"18310","Zm00001eb432420"
"18311","Zm00001eb431620"
"18312","Zm00001eb433660"
"18313","Zm00001eb434150"
"18314","Zm00001eb426600"
"18315","Zm00001eb422450"
"18316","Zm00001eb432330"
"18317","Zm00001eb429100"
"18318","Zm00001eb431710"
"18319","Zm00001eb413740"
"18320","Zm00001eb424820"
"18321","Zm00001eb406310"
"18322","Zm00001eb407680"
"18323","Zm00001eb428570"
"18324","Zm00001eb425570"
"18325","Zm00001eb429300"
"18326","Zm00001eb429900"
"18327","Zm00001eb411140"
"18328","Zm00001eb410060"
"18329","Zm00001eb422950"
"18330","Zm00001eb409790"
"18331","Zm00001eb405410"
"18332","Zm00001eb406960"
"18333","Zm00001eb433220"
"18334","Zm00001eb420640"
"18335","Zm00001eb421610"
"18336","Zm00001eb406860"
"18337","Zm00001eb424930"
"18338","Zm00001eb421700"
"18339","Zm00001eb416980"
"18340","Zm00001eb421940"
"18341","Zm00001eb413810"
"18342","Zm00001eb421000"
"18343","Zm00001eb408430"
"18344","Zm00001eb408220"
"18345","Zm00001eb432170"
"18346","Zm00001eb408620"
"18347","Zm00001eb418870"
"18348","Zm00001eb409460"
"18349","Zm00001eb425150"
"18350","Zm00001eb412000"
"18351","Zm00001eb426500"
"18352","Zm00001eb434510"
"18353","Zm00001eb422560"
"18354","Zm00001eb431140"
"18355","Zm00001eb416430"
"18356","Zm00001eb406950"
"18357","Zm00001eb428510"
"18358","Zm00001eb405880"
"18359","Zm00001eb406400"
"18360","Zm00001eb404790"
"18361","Zm00001eb430450"
"18362","Zm00001eb418980"
"18363","Zm00001eb433610"
"18364","Zm00001eb419260"
"18365","Zm00001eb418370"
"18366","Zm00001eb429740"
"18367","Zm00001eb414270"
"18368","Zm00001eb433100"
"18369","Zm00001eb424850"
"18370","Zm00001eb411200"
"18371","Zm00001eb428890"
"18372","Zm00001eb420320"
"18373","Zm00001eb433860"
"18374","Zm00001eb420990"
"18375","Zm00001eb408730"
"18376","Zm00001eb423980"
"18377","Zm00001eb409470"
"18378","Zm00001eb427290"
"18379","Zm00001eb431520"
"18380","Zm00001eb414000"
"18381","Zm00001eb432020"
"18382","Zm00001eb417800"
"18383","Zm00001eb422500"
"18384","Zm00001eb422090"
"18385","Zm00001eb430090"
"18386","Zm00001eb430600"
"18387","Zm00001eb430530"
"18388","Zm00001eb428040"
"18389","Zm00001eb419430"
"18390","Zm00001eb424350"
"18391","Zm00001eb434090"
"18392","Zm00001eb414970"
"18393","Zm00001eb404860"
"18394","Zm00001eb432500"
"18395","Zm00001eb420880"
"18396","Zm00001eb408790"
"18397","Zm00001eb413410"
"18398","Zm00001eb433030"
"18399","Zm00001eb409540"
"18400","Zm00001eb413160"
"18401","Zm00001eb433820"
"18402","Zm00001eb415410"
"18403","Zm00001eb418340"
"18404","Zm00001eb427180"
"18405","Zm00001eb418900"
"18406","Zm00001eb425860"
"18407","Zm00001eb426920"
"18408","Zm00001eb429950"
"18409","Zm00001eb405820"
"18410","Zm00001eb407780"
"18411","Zm00001eb431960"
"18412","Zm00001eb420510"
"18413","Zm00001eb408350"
"18414","Zm00001eb430620"
"18415","Zm00001eb417090"
"18416","Zm00001eb412690"
"18417","Zm00001eb427920"
"18418","Zm00001eb431210"
"18419","Zm00001eb421340"
"18420","Zm00001eb410020"
"18421","Zm00001eb410860"
"18422","Zm00001eb431910"
"18423","Zm00001eb432780"
"18424","Zm00001eb431340"
"18425","Zm00001eb429930"
"18426","Zm00001eb416550"
"18427","Zm00001eb421860"
"18428","Zm00001eb429610"
"18429","Zm00001eb411460"
"18430","Zm00001eb433110"
"18431","Zm00001eb427680"
"18432","Zm00001eb407520"
"18433","Zm00001eb430740"
"18434","Zm00001eb433150"
"18435","Zm00001eb405230"
"18436","Zm00001eb410700"
"18437","Zm00001eb427270"
"18438","Zm00001eb426210"
"18439","Zm00001eb409430"
"18440","Zm00001eb413550"
"18441","Zm00001eb409890"
"18442","Zm00001eb420360"
"18443","Zm00001eb421950"
"18444","Zm00001eb433960"
"18445","Zm00001eb431540"
"18446","Zm00001eb408240"
"18447","Zm00001eb422460"
"18448","Zm00001eb433320"
"18449","Zm00001eb433770"
"18450","Zm00001eb416420"
"18451","Zm00001eb421730"
"18452","Zm00001eb418180"
"18453","Zm00001eb407020"
"18454","Zm00001eb431310"
"18455","Zm00001eb417950"
"18456","Zm00001eb413270"
"18457","Zm00001eb429290"
"18458","Zm00001eb420300"
"18459","Zm00001eb430040"
"18460","Zm00001eb406510"
"18461","Zm00001eb431120"
"18462","Zm00001eb416230"
"18463","Zm00001eb413820"
"18464","Zm00001eb422600"
"18465","Zm00001eb424310"
"18466","Zm00001eb417790"
"18467","Zm00001eb405120"
"18468","Zm00001eb429410"
"18469","Zm00001eb434370"
"18470","Zm00001eb432120"
"18471","Zm00001eb408690"
"18472","Zm00001eb411380"
"18473","Zm00001eb431440"
"18474","Zm00001eb408960"
"18475","Zm00001eb415620"
"18476","Zm00001eb423520"
"18477","Zm00001eb430650"
"18478","Zm00001eb408020"
"18479","Zm00001eb417520"
"18480","Zm00001eb423400"
"18481","Zm00001eb419950"
"18482","Zm00001eb410330"
"18483","Zm00001eb406830"
"18484","Zm00001eb420150"
"18485","Zm00001eb414080"
"18486","Zm00001eb409000"
"18487","Zm00001eb423040"
"18488","Zm00001eb410170"
"18489","Zm00001eb425970"
"18490","Zm00001eb430100"
"18491","Zm00001eb424970"
"18492","Zm00001eb412500"
"18493","Zm00001eb407800"
"18494","Zm00001eb431930"
"18495","Zm00001eb406180"
"18496","Zm00001eb416220"
"18497","Zm00001eb414550"
"18498","Zm00001eb429090"
"18499","Zm00001eb413730"
"18500","Zm00001eb430510"
"18501","Zm00001eb409020"
"18502","Zm00001eb431700"
"18503","Zm00001eb407090"
"18504","Zm00001eb431060"
"18505","Zm00001eb417410"
"18506","Zm00001eb429790"
"18507","Zm00001eb413630"
"18508","Zm00001eb419470"
"18509","Zm00001eb434280"
"18510","Zm00001eb418940"
"18511","Zm00001eb425720"
"18512","Zm00001eb420250"
"18513","Zm00001eb432060"
"18514","Zm00001eb415230"
"18515","Zm00001eb424960"
"18516","Zm00001eb416960"
"18517","Zm00001eb421870"
"18518","Zm00001eb415420"
"18519","Zm00001eb433000"
"18520","Zm00001eb431490"
"18521","Zm00001eb417990"
"18522","Zm00001eb410530"
"18523","Zm00001eb414640"
"18524","Zm00001eb421120"
"18525","Zm00001eb433850"
"18526","Zm00001eb420700"
"18527","Zm00001eb411420"
"18528","Zm00001eb410680"
"18529","Zm00001eb408110"
"18530","Zm00001eb420400"
"18531","Zm00001eb413440"
"18532","Zm00001eb430810"
"18533","Zm00001eb405260"
"18534","Zm00001eb408630"
"18535","Zm00001eb411120"
"18536","Zm00001eb425530"
"18537","Zm00001eb410800"
"18538","Zm00001eb423450"
"18539","Zm00001eb417930"
"18540","Zm00001eb411910"
"18541","Zm00001eb406340"
"18542","Zm00001eb410110"
"18543","Zm00001eb417000"
"18544","Zm00001eb417370"
"18545","Zm00001eb432840"
"18546","Zm00001eb416210"
"18547","Zm00001eb428030"
"18548","Zm00001eb411190"
"18549","Zm00001eb410730"
"18550","Zm00001eb405200"
"18551","Zm00001eb430350"
"18552","Zm00001eb424650"
"18553","Zm00001eb420660"
"18554","Zm00001eb419780"
"18555","Zm00001eb428880"
"18556","Zm00001eb411820"
"18557","Zm00001eb428230"
"18558","Zm00001eb407480"
"18559","Zm00001eb413150"
"18560","Zm00001eb434350"
"18561","Zm00001eb413700"
"18562","Zm00001eb412620"
"18563","Zm00001eb430680"
"18564","Zm00001eb417810"
"18565","Zm00001eb424290"
"18566","Zm00001eb408760"
"18567","Zm00001eb410230"
"18568","Zm00001eb408490"
"18569","Zm00001eb423510"
"18570","Zm00001eb429720"
"18571","Zm00001eb426580"
"18572","Zm00001eb407050"
"18573","Zm00001eb434530"
"18574","Zm00001eb415930"
"18575","Zm00001eb430940"
"18576","Zm00001eb431170"
"18577","Zm00001eb422060"
"18578","Zm00001eb416340"
"18579","Zm00001eb421930"
"18580","Zm00001eb407660"
"18581","Zm00001eb406480"
"18582","Zm00001eb407700"
"18583","Zm00001eb432770"
"18584","Zm00001eb413540"
"18585","Zm00001eb433350"
"18586","Zm00001eb406060"
"18587","Zm00001eb413940"
"18588","Zm00001eb417610"
"18589","Zm00001eb418250"
"18590","Zm00001eb427780"
"18591","Zm00001eb411430"
"18592","Zm00001eb427660"
"18593","Zm00001eb420280"
"18594","Zm00001eb433950"
"18595","Zm00001eb421370"
"18596","Zm00001eb418030"
"18597","Zm00001eb420520"
"18598","Zm00001eb410120"
"18599","Zm00001eb407990"
"18600","Zm00001eb431240"
"18601","Zm00001eb425590"
"18602","Zm00001eb422370"
"18603","Zm00001eb432920"
"18604","Zm00001eb414460"
"18605","Zm00001eb419210"
"18606","Zm00001eb409770"
"18607","Zm00001eb420920"
"18608","Zm00001eb426710"
"18609","Zm00001eb411760"
"18610","Zm00001eb431730"
"18611","Zm00001eb409480"
"18612","Zm00001eb404800"
"18613","Zm00001eb420070"
"18614","Zm00001eb427890"
"18615","Zm00001eb414720"
"18616","Zm00001eb433160"
"18617","Zm00001eb415630"
"18618","Zm00001eb412950"
"18619","Zm00001eb412040"
"18620","Zm00001eb423840"
"18621","Zm00001eb417070"
"18622","Zm00001eb413000"
"18623","Zm00001eb411080"
"18624","Zm00001eb409280"
"18625","Zm00001eb424460"
"18626","Zm00001eb433200"
"18627","Zm00001eb424410"
"18628","Zm00001eb434390"
"18629","Zm00001eb413340"
"18630","Zm00001eb432460"
"18631","Zm00001eb419510"
"18632","Zm00001eb424690"
"18633","Zm00001eb410670"
"18634","Zm00001eb408250"
"18635","Zm00001eb431790"
"18636","Zm00001eb410980"
"18637","Zm00001eb423420"
"18638","Zm00001eb413300"
"18639","Zm00001eb433530"
"18640","Zm00001eb425810"
"18641","Zm00001eb425270"
"18642","Zm00001eb418440"
"18643","Zm00001eb419560"
"18644","Zm00001eb431010"
"18645","Zm00001eb419910"
"18646","Zm00001eb408230"
"18647","Zm00001eb408280"
"18648","Zm00001eb434170"
"18649","Zm00001eb411340"
"18650","Zm00001eb422820"
"18651","Zm00001eb408310"
"18652","Zm00001eb419960"
"18653","Zm00001eb412590"
"18654","Zm00001eb427720"
"18655","Zm00001eb405700"
"18656","Zm00001eb406520"
"18657","Zm00001eb410420"
"18658","Zm00001eb426050"
"18659","Zm00001eb428910"
"18660","Zm00001eb418850"
"18661","Zm00001eb428100"
"18662","Zm00001eb408100"
"18663","Zm00001eb434240"
"18664","Zm00001eb421590"
"18665","Zm00001eb423870"
"18666","Zm00001eb430800"
"18667","Zm00001eb433400"
"18668","Zm00001eb416950"
"18669","Zm00001eb412420"
"18670","Zm00001eb405350"
"18671","Zm00001eb414950"
"18672","Zm00001eb418060"
"18673","Zm00001eb409880"
"18674","Zm00001eb431500"
"18675","Zm00001eb415660"
"18676","Zm00001eb430750"
"18677","Zm00001eb431690"
"18678","Zm00001eb425190"
"18679","Zm00001eb430340"
"18680","Zm00001eb416780"
"18681","Zm00001eb424000"
"18682","Zm00001eb433410"
"18683","Zm00001eb426240"
"18684","Zm00001eb425440"
"18685","Zm00001eb433060"
"18686","Zm00001eb431070"
"18687","Zm00001eb430180"
"18688","Zm00001eb419670"
"18689","Zm00001eb429080"
"18690","Zm00001eb428400"
"18691","Zm00001eb423310"
"18692","Zm00001eb404830"
"18693","Zm00001eb431180"
"18694","Zm00001eb419620"
"18695","Zm00001eb425160"
"18696","Zm00001eb418000"
"18697","Zm00001eb413780"
"18698","Zm00001eb422630"
"18699","Zm00001eb421150"
"18700","Zm00001eb415940"
"18701","Zm00001eb416110"
"18702","Zm00001eb431580"
"18703","Zm00001eb426320"
"18704","Zm00001eb427580"
"18705","Zm00001eb407890"
"18706","Zm00001eb416560"
"18707","Zm00001eb431660"
"18708","Zm00001eb414050"
"18709","Zm00001eb413930"
"18710","Zm00001eb430630"
"18711","Zm00001eb429860"
"18712","Zm00001eb421630"
"18713","Zm00001eb428330"
"18714","Zm00001eb423320"
"18715","Zm00001eb404850"
"18716","Zm00001eb410930"
"18717","Zm00001eb417220"
"18718","Zm00001eb412280"
"18719","Zm00001eb415760"
"18720","Zm00001eb409840"
"18721","Zm00001eb418990"
"18722","Zm00001eb432520"
"18723","Zm00001eb430160"
"18724","Zm00001eb433430"
"18725","Zm00001eb418620"
"18726","Zm00001eb420350"
"18727","Zm00001eb406820"
"18728","Zm00001eb420170"
"18729","Zm00001eb409950"
"18730","Zm00001eb420600"
"18731","Zm00001eb429450"
"18732","Zm00001eb433390"
"18733","Zm00001eb409620"
"18734","Zm00001eb407650"
"18735","Zm00001eb432000"
"18736","Zm00001eb431360"
"18737","Zm00001eb422180"
"18738","Zm00001eb418160"
"18739","Zm00001eb432830"
"18740","Zm00001eb421720"
"18741","Zm00001eb430470"
"18742","Zm00001eb408010"
"18743","Zm00001eb420050"
"18744","Zm00001eb422700"
"18745","Zm00001eb432390"
"18746","Zm00001eb431480"
"18747","Zm00001eb413080"
"18748","Zm00001eb411540"
"18749","Zm00001eb431990"
"18750","Zm00001eb425740"
"18751","Zm00001eb408260"
"18752","Zm00001eb425310"
"18753","Zm00001eb417650"
"18754","Zm00001eb434320"
"18755","Zm00001eb428470"
"18756","Zm00001eb410990"
"18757","Zm00001eb415730"
"18758","Zm00001eb409450"
"18759","Zm00001eb428450"
"18760","Zm00001eb411060"
"18761","Zm00001eb427480"
"18762","Zm00001eb413280"
"18763","Zm00001eb425300"
"18764","Zm00001eb412560"
"18765","Zm00001eb430070"
"18766","Zm00001eb419400"
"18767","Zm00001eb426980"
"18768","Zm00001eb433880"
"18769","Zm00001eb431420"
"18770","Zm00001eb434470"
"18771","Zm00001eb424990"
"18772","Zm00001eb416490"
"18773","Zm00001eb420740"
"18774","Zm00001eb432090"
"18775","Zm00001eb421500"
"18776","Zm00001eb431840"
"18777","Zm00001eb406890"
"18778","Zm00001eb430580"
"18779","Zm00001eb412490"
"18780","Zm00001eb414960"
"18781","Zm00001eb426440"
"18782","Zm00001eb411260"
"18783","Zm00001eb433050"
"18784","Zm00001eb426250"
"18785","Zm00001eb421360"
"18786","Zm00001eb427900"
"18787","Zm00001eb410560"
"18788","Zm00001eb431190"
"18789","Zm00001eb411450"
"18790","Zm00001eb413390"
"18791","Zm00001eb408330"
"18792","Zm00001eb407120"
"18793","Zm00001eb417440"
"18794","Zm00001eb417900"
"18795","Zm00001eb405420"
"18796","Zm00001eb412930"
"18797","Zm00001eb406740"
"18798","Zm00001eb426670"
"18799","Zm00001eb406370"
"18800","Zm00001eb427790"
"18801","Zm00001eb406990"
"18802","Zm00001eb429210"
"18803","Zm00001eb411730"
"18804","Zm00001eb415400"
"18805","Zm00001eb432760"
"18806","Zm00001eb418970"
"18807","Zm00001eb405020"
"18808","Zm00001eb429910"
"18809","Zm00001eb424620"
"18810","Zm00001eb405270"
"18811","Zm00001eb405210"
"18812","Zm00001eb427470"
"18813","Zm00001eb412050"
"18814","Zm00001eb406730"
"18815","Zm00001eb415580"
"18816","Zm00001eb413680"
"18817","Zm00001eb405860"
"18818","Zm00001eb430230"
"18819","Zm00001eb417310"
"18820","Zm00001eb434030"
"18821","Zm00001eb430730"
"18822","Zm00001eb413290"
"18823","Zm00001eb406300"
"18824","Zm00001eb433700"
"18825","Zm00001eb415250"
"18826","Zm00001eb406010"
"18827","Zm00001eb404980"
"18828","Zm00001eb415610"
"18829","Zm00001eb423070"
"18830","Zm00001eb410970"
"18831","Zm00001eb425090"
"18832","Zm00001eb426630"
"18833","Zm00001eb418010"
"18834","Zm00001eb423410"
"18835","Zm00001eb431780"
"18836","Zm00001eb407690"
"18837","Zm00001eb425230"
"18838","Zm00001eb430820"
"18839","Zm00001eb422170"
"18840","Zm00001eb418950"
"18841","Zm00001eb429310"
"18842","Zm00001eb408000"
"18843","Zm00001eb426070"
"18844","Zm00001eb405790"
"18845","Zm00001eb428080"
"18846","Zm00001eb408070"
"18847","Zm00001eb405030"
"18848","Zm00001eb415000"
"18849","Zm00001eb413110"
"18850","Zm00001eb423540"
"18851","Zm00001eb415500"
"18852","Zm00001eb423640"
"18853","Zm00001eb414870"
"18854","Zm00001eb424340"
"18855","Zm00001eb408710"
"18856","Zm00001eb405560"
"18857","Zm00001eb412320"
"18858","Zm00001eb423960"
"18859","Zm00001eb414740"
"18860","Zm00001eb430880"
"18861","Zm00001eb421320"
"18862","Zm00001eb423570"
"18863","Zm00001eb434100"
"18864","Zm00001eb414990"
"18865","Zm00001eb433870"
"18866","Zm00001eb423990"
"18867","Zm00001eb432800"
"18868","Zm00001eb420470"
"18869","Zm00001eb419050"
"18870","Zm00001eb434500"
"18871","Zm00001eb429330"
"18872","Zm00001eb410410"
"18873","Zm00001eb425600"
"18874","Zm00001eb422140"
"18875","Zm00001eb409230"
"18876","Zm00001eb417730"
"18877","Zm00001eb425180"
"18878","Zm00001eb406130"
"18879","Zm00001eb418480"
"18880","Zm00001eb416450"
"18881","Zm00001eb419680"
"18882","Zm00001eb407750"
"18883","Zm00001eb416800"
"18884","Zm00001eb427640"
"18885","Zm00001eb405460"
"18886","Zm00001eb433090"
"18887","Zm00001eb420110"
"18888","Zm00001eb407030"
"18889","Zm00001eb411880"
"18890","Zm00001eb427930"
"18891","Zm00001eb432260"
"18892","Zm00001eb419890"
"18893","Zm00001eb416720"
"18894","Zm00001eb414690"
"18895","Zm00001eb421240"
"18896","Zm00001eb424450"
"18897","Zm00001eb434230"
"18898","Zm00001eb427440"
"18899","Zm00001eb410030"
"18900","Zm00001eb421350"
"18901","Zm00001eb406570"
"18902","Zm00001eb418650"
"18903","Zm00001eb409980"
"18904","Zm00001eb412020"
"18905","Zm00001eb432450"
"18906","Zm00001eb420410"
"18907","Zm00001eb404870"
"18908","Zm00001eb410210"
"18909","Zm00001eb420890"
"18910","Zm00001eb422340"
"18911","Zm00001eb408800"
"18912","Zm00001eb405770"
"18913","Zm00001eb417450"
"18914","Zm00001eb431850"
"18915","Zm00001eb417010"
"18916","Zm00001eb410760"
"18917","Zm00001eb420950"
"18918","Zm00001eb414340"
"18919","Zm00001eb419200"
"18920","Zm00001eb421990"
"18921","Zm00001eb422800"
"18922","Zm00001eb414030"
"18923","Zm00001eb433190"
"18924","Zm00001eb417500"
"18925","Zm00001eb426650"
"18926","Zm00001eb427200"
"18927","Zm00001eb417780"
"18928","Zm00001eb418920"
"18929","Zm00001eb433450"
"18930","Zm00001eb421550"
"18931","Zm00001eb421290"
"18932","Zm00001eb418020"
"18933","Zm00001eb417390"
"18934","Zm00001eb412190"
"18935","Zm00001eb421110"
"18936","Zm00001eb426130"
"18937","Zm00001eb416240"
"18938","Zm00001eb411740"
"18939","Zm00001eb427610"
"18940","Zm00001eb422010"
"18941","Zm00001eb409220"
"18942","Zm00001eb431430"
"18943","Zm00001eb410430"
"18944","Zm00001eb425710"
"18945","Zm00001eb427800"
"18946","Zm00001eb429400"
"18947","Zm00001eb410830"
"18948","Zm00001eb415970"
"18949","Zm00001eb432130"
"18950","Zm00001eb424220"
"18951","Zm00001eb432480"
"18952","Zm00001eb423930"
"18953","Zm00001eb417710"
"18954","Zm00001eb417150"
"18955","Zm00001eb424630"
"18956","Zm00001eb415600"
"18957","Zm00001eb411630"
"18958","Zm00001eb412390"
"18959","Zm00001eb407530"
"18960","Zm00001eb430920"
"18961","Zm00001eb430770"
"18962","Zm00001eb426230"
"18963","Zm00001eb415640"
"18964","Zm00001eb423780"
"18965","Zm00001eb416370"
"18966","Zm00001eb422790"
"18967","Zm00001eb428830"
"18968","Zm00001eb432940"
"18969","Zm00001eb431200"
"18970","Zm00001eb428540"
"18971","Zm00001eb425660"
"18972","Zm00001eb433670"
"18973","Zm00001eb409040"
"18974","Zm00001eb432380"
"18975","Zm00001eb431090"
"18976","Zm00001eb433980"
"18977","Zm00001eb428370"
"18978","Zm00001eb421310"
"18979","Zm00001eb413480"
"18980","Zm00001eb404900"
"18981","Zm00001eb405650"
"18982","Zm00001eb417380"
"18983","Zm00001eb424480"
"18984","Zm00001eb407220"
"18985","Zm00001eb432550"
"18986","Zm00001eb427870"
"18987","Zm00001eb421130"
"18988","Zm00001eb417460"
"18989","Zm00001eb424980"
"18990","Zm00001eb427020"
"18991","Zm00001eb409580"
"18992","Zm00001eb424420"
"18993","Zm00001eb414860"
"18994","Zm00001eb430240"
"18995","Zm00001eb405870"
"18996","Zm00001eb428130"
"18997","Zm00001eb407810"
"18998","Zm00001eb425980"
"18999","Zm00001eb411490"
"19000","Zm00001eb427040"
"19001","Zm00001eb419490"
"19002","Zm00001eb420800"
"19003","Zm00001eb414090"
"19004","Zm00001eb431760"
"19005","Zm00001eb413560"
"19006","Zm00001eb418930"
"19007","Zm00001eb417940"
"19008","Zm00001eb428340"
"19009","Zm00001eb427140"
"19010","Zm00001eb430640"
"19011","Zm00001eb420940"
"19012","Zm00001eb415650"
"19013","Zm00001eb434210"
"19014","Zm00001eb425240"
"19015","Zm00001eb420010"
"19016","Zm00001eb432370"
"19017","Zm00001eb422680"
"19018","Zm00001eb424770"
"19019","Zm00001eb419770"
"19020","Zm00001eb431040"
"19021","Zm00001eb412290"
"19022","Zm00001eb416660"
"19023","Zm00001eb416160"
"19024","Zm00001eb405190"
"19025","Zm00001eb430890"
"19026","Zm00001eb425930"
"19027","Zm00001eb416360"
"19028","Zm00001eb417160"
"19029","Zm00001eb405640"
"19030","Zm00001eb427750"
"19031","Zm00001eb434050"
"19032","Zm00001eb411300"
"19033","Zm00001eb427000"
"19034","Zm00001eb424940"
"19035","Zm00001eb423580"
"19036","Zm00001eb418750"
"19037","Zm00001eb427460"
"19038","Zm00001eb419310"
"19039","Zm00001eb420570"
"19040","Zm00001eb404990"
"19041","Zm00001eb434520"
"19042","Zm00001eb425420"
"19043","Zm00001eb433270"
"19044","Zm00001eb423880"
"19045","Zm00001eb405760"
"19046","Zm00001eb423140"
"19047","Zm00001eb413880"
"19048","Zm00001eb419800"
"19049","Zm00001eb405060"
"19050","Zm00001eb422350"
"19051","Zm00001eb428440"
"19052","Zm00001eb431860"
"19053","Zm00001eb433550"
"19054","Zm00001eb425450"
"19055","Zm00001eb433460"
"19056","Zm00001eb431740"
"19057","Zm00001eb434220"
"19058","Zm00001eb419690"
"19059","Zm00001eb420370"
"19060","Zm00001eb429840"
"19061","Zm00001eb430360"
"19062","Zm00001eb431270"
"19063","Zm00001eb425400"
"19064","Zm00001eb432880"
"19065","Zm00001eb426300"
"19066","Zm00001eb406760"
"19067","Zm00001eb427070"
"19068","Zm00001eb405290"
"19069","Zm00001eb415360"
"19070","Zm00001eb407570"
"19071","Zm00001eb432590"
"19072","Zm00001eb411670"
"19073","Zm00001eb409740"
"19074","Zm00001eb427380"
"19075","Zm00001eb428840"
"19076","Zm00001eb406350"
"19077","Zm00001eb420210"
"19078","Zm00001eb425830"
"19079","Zm00001eb411700"
"19080","Zm00001eb407240"
"19081","Zm00001eb421020"
"19082","Zm00001eb419590"
"19083","Zm00001eb415270"
"19084","Zm00001eb430930"
"19085","Zm00001eb424060"
"19086","Zm00001eb419190"
"19087","Zm00001eb425140"
"19088","Zm00001eb413950"
"19089","Zm00001eb419550"
"19090","Zm00001eb433910"
"19091","Zm00001eb409850"
"19092","Zm00001eb434000"
"19093","Zm00001eb422670"
"19094","Zm00001eb427450"
"19095","Zm00001eb433650"
"19096","Zm00001eb426610"
"19097","Zm00001eb428460"
"19098","Zm00001eb406900"
"19099","Zm00001eb434080"
"19100","Zm00001eb413370"
"19101","Zm00001eb414040"
"19102","Zm00001eb419700"
"19103","Zm00001eb405990"
"19104","Zm00001eb419500"
"19105","Zm00001eb417510"
"19106","Zm00001eb407730"
"19107","Zm00001eb421060"
"19108","Zm00001eb426890"
"19109","Zm00001eb418690"
"19110","Zm00001eb411150"
"19111","Zm00001eb432440"
"19112","Zm00001eb408900"
"19113","Zm00001eb434140"
"19114","Zm00001eb424740"
"19115","Zm00001eb413890"
"19116","Zm00001eb433330"
"19117","Zm00001eb408460"
"19118","Zm00001eb433970"
"19119","Zm00001eb430840"
"19120","Zm00001eb427880"
"19121","Zm00001eb405340"
"19122","Zm00001eb412800"
"19123","Zm00001eb427430"
"19124","Zm00001eb434300"
"19125","Zm00001eb427510"
"19126","Zm00001eb409500"
"19127","Zm00001eb418410"
"19128","Zm00001eb406100"
"19129","Zm00001eb405580"
"19130","Zm00001eb433230"
"19131","Zm00001eb407440"
"19132","Zm00001eb424010"
"19133","Zm00001eb433420"
"19134","Zm00001eb433490"
"19135","Zm00001eb421100"
"19136","Zm00001eb433500"
"19137","Zm00001eb419600"
"19138","Zm00001eb424890"
"19139","Zm00001eb410080"
"19140","Zm00001eb427100"
"19141","Zm00001eb411250"
"19142","Zm00001eb434430"
"19143","Zm00001eb424700"
"19144","Zm00001eb419580"
"19145","Zm00001eb424640"
"19146","Zm00001eb418460"
"19147","Zm00001eb416990"
"19148","Zm00001eb427810"
"19149","Zm00001eb431000"
"19150","Zm00001eb433680"
"19151","Zm00001eb429130"
"19152","Zm00001eb420200"
"19153","Zm00001eb408540"
"19154","Zm00001eb418860"
"19155","Zm00001eb410820"
"19156","Zm00001eb425560"
"19157","Zm00001eb413010"
"19158","Zm00001eb406800"
"19159","Zm00001eb405250"
"19160","Zm00001eb414730"
"19161","Zm00001eb417140"
"19162","Zm00001eb406320"
"19163","Zm00001eb407610"
"19164","Zm00001eb431510"
"19165","Zm00001eb431560"
"19166","Zm00001eb427600"
"19167","Zm00001eb411050"
"19168","Zm00001eb409800"
"19169","Zm00001eb424780"
"19170","Zm00001eb427420"
"19171","Zm00001eb404840"
"19172","Zm00001eb432530"
"19173","Zm00001eb415220"
"19174","Zm00001eb433250"
"19175","Zm00001eb419000"
"19176","Zm00001eb433890"
"19177","Zm00001eb421090"
"19178","Zm00001eb405440"
"19179","Zm00001eb421600"
"19180","Zm00001eb409630"
"19181","Zm00001eb430250"
"19182","Zm00001eb432990"
"19183","Zm00001eb410960"
"19184","Zm00001eb433440"
"19185","Zm00001eb407390"
"19186","Zm00001eb429870"
"19187","Zm00001eb425850"
"19188","Zm00001eb426510"
"19189","Zm00001eb432230"
"19190","Zm00001eb418630"
"19191","Zm00001eb431870"
"19192","Zm00001eb421400"
"19193","Zm00001eb431050"
"19194","Zm00001eb417470"
"19195","Zm00001eb413710"
"19196","Zm00001eb408360"
"19197","Zm00001eb410190"
"19198","Zm00001eb412460"
"19199","Zm00001eb417550"
"19200","Zm00001eb410050"
"19201","Zm00001eb428810"
"19202","Zm00001eb427230"
"19203","Zm00001eb417120"
"19204","Zm00001eb410920"
"19205","Zm00001eb423920"
"19206","Zm00001eb421170"
"19207","Zm00001eb423600"
"19208","Zm00001eb431410"
"19209","Zm00001eb416090"
"19210","Zm00001eb415960"
"19211","Zm00001eb424380"
"19212","Zm00001eb434130"
"19213","Zm00001eb419130"
"19214","Zm00001eb420720"
"19215","Zm00001eb413320"
"19216","Zm00001eb407710"
"19217","Zm00001eb420610"
"19218","Zm00001eb432100"
"19219","Zm00001eb434290"
"19220","Zm00001eb430080"
"19221","Zm00001eb422860"
"19222","Zm00001eb410350"
"19223","Zm00001eb424840"
"19224","Zm00001eb426270"
"19225","Zm00001eb412370"
"19226","Zm00001eb433900"
"19227","Zm00001eb426700"
"19228","Zm00001eb417640"
"19229","Zm00001eb409570"
"19230","Zm00001eb409060"
"19231","Zm00001eb418350"
"19232","Zm00001eb429120"
"19233","Zm00001eb413790"
"19234","Zm00001eb432360"
"19235","Zm00001eb425750"
"19236","Zm00001eb409930"
"19237","Zm00001eb415740"
"19238","Zm00001eb425920"
"19239","Zm00001eb434550"
"19240","Zm00001eb415700"
"19241","Zm00001eb416740"
"19242","Zm00001eb432470"
"19243","Zm00001eb417870"
"19244","Zm00001eb406750"
"19245","Zm00001eb418680"
"19246","Zm00001eb422440"
"19247","Zm00001eb417890"
"19248","Zm00001eb427540"
"19249","Zm00001eb405630"
"19250","Zm00001eb427030"
"19251","Zm00001eb407510"
"19252","Zm00001eb428270"
"19253","Zm00001eb410780"
"19254","Zm00001eb424610"
"19255","Zm00001eb405850"
"19256","Zm00001eb429920"
"19257","Zm00001eb418910"
"19258","Zm00001eb407790"
"19259","Zm00001eb409420"
"19260","Zm00001eb431600"
"19261","Zm00001eb419710"
"19262","Zm00001eb410510"
"19263","Zm00001eb406660"
"19264","Zm00001eb427080"
"19265","Zm00001eb410070"
"19266","Zm00001eb413360"
"19267","Zm00001eb417960"
"19268","Zm00001eb434450"
"19269","Zm00001eb414500"
"19270","Zm00001eb432950"
"19271","Zm00001eb414760"
"19272","Zm00001eb427970"
"19273","Zm00001eb433540"
"19274","Zm00001eb418170"
"19275","Zm00001eb430260"
"19276","Zm00001eb428220"
"19277","Zm00001eb434490"
"19278","Zm00001eb429430"
"19279","Zm00001eb427110"
"19280","Zm00001eb432110"
"19281","Zm00001eb424710"
"19282","Zm00001eb419480"
"19283","Zm00001eb410850"
"19284","Zm00001eb426150"
"19285","Zm00001eb430560"
"19286","Zm00001eb409400"
"19287","Zm00001eb405390"
"19288","Zm00001eb422280"
"19289","Zm00001eb413100"
"19290","Zm00001eb413670"
"19291","Zm00001eb431330"
"19292","Zm00001eb407450"
"19293","Zm00001eb415530"
"19294","Zm00001eb410440"
"19295","Zm00001eb408940"
"19296","Zm00001eb432070"
"19297","Zm00001eb431460"
"19298","Zm00001eb421200"
"19299","Zm00001eb415010"
"19300","Zm00001eb427630"
"19301","Zm00001eb423370"
"19302","Zm00001eb434010"
"19303","Zm00001eb429690"
"19304","Zm00001eb421330"
"19305","Zm00001eb427820"
"19306","Zm00001eb410720"
"19307","Zm00001eb416750"
"19308","Zm00001eb423180"
"19309","Zm00001eb425070"
"19310","Zm00001eb432580"
"19311","Zm00001eb406840"
"19312","Zm00001eb406600"
"19313","Zm00001eb421010"
"19314","Zm00001eb425540"
"19315","Zm00001eb411230"
"19316","Zm00001eb433120"
"19317","Zm00001eb432350"
"19318","Zm00001eb413910"
"19319","Zm00001eb407720"
"19320","Zm00001eb416410"
"19321","Zm00001eb407100"
"19322","Zm00001eb431300"
"19323","Zm00001eb430480"
"19324","Zm00001eb418330"
"19325","Zm00001eb404760"
"19326","Zm00001eb422490"
"19327","Zm00001eb432730"
"19328","Zm00001eb425680"
"19329","Zm00001eb433690"
"19330","Zm00001eb406440"
"19331","Zm00001eb418470"
"19332","Zm00001eb423440"
"19333","Zm00001eb427210"
"19334","Zm00001eb432050"
"19335","Zm00001eb417050"
"19336","Zm00001eb425170"
"19337","Zm00001eb404750"
"19338","Zm00001eb406850"
"19339","Zm00001eb409080"
"19340","Zm00001eb404970"
"19341","Zm00001eb428010"
"19342","Zm00001eb414570"
"19343","Zm00001eb430500"
"19344","Zm00001eb433480"
"19345","Zm00001eb407080"
"19346","Zm00001eb419450"
"19347","Zm00001eb413050"
"19348","Zm00001eb408080"
"19349","Zm00001eb416790"
"19350","Zm00001eb413920"
"19351","Zm00001eb406810"
"19352","Zm00001eb428160"
"19353","Zm00001eb419440"
"19354","Zm00001eb410840"
"19355","Zm00001eb420100"
"19356","Zm00001eb420390"
"19357","Zm00001eb406420"
"19358","Zm00001eb426690"
"19359","Zm00001eb409530"
"19360","Zm00001eb410000"
"19361","Zm00001eb414750"
"19362","Zm00001eb414310"
"19363","Zm00001eb415450"
"19364","Zm00001eb420850"
"19365","Zm00001eb415480"
"19366","Zm00001eb424550"
"19367","Zm00001eb422870"
"19368","Zm00001eb421880"
"19369","Zm00001eb408590"
"19370","Zm00001eb425520"
"19371","Zm00001eb405740"
"19372","Zm00001eb429350"
"19373","Zm00001eb410630"
"19374","Zm00001eb420230"
"19375","Zm00001eb407150"
"19376","Zm00001eb406930"
"19377","Zm00001eb433750"
"19378","Zm00001eb429270"
"19379","Zm00001eb419530"
"19380","Zm00001eb408990"
"19381","Zm00001eb409190"
"19382","Zm00001eb431130"
"19383","Zm00001eb415390"
"19384","Zm00001eb420290"
"19385","Zm00001eb430300"
"19386","Zm00001eb414790"
"19387","Zm00001eb406880"
"19388","Zm00001eb425700"
"19389","Zm00001eb433940"
"19390","Zm00001eb422580"
"19391","Zm00001eb414020"
"19392","Zm00001eb433180"
"19393","Zm00001eb412610"
"19394","Zm00001eb434540"
"19395","Zm00001eb429480"
"19396","Zm00001eb418310"
"19397","Zm00001eb410570"
"19398","Zm00001eb417020"
"19399","Zm00001eb408670"
"19400","Zm00001eb410220"
"19401","Zm00001eb421850"
"19402","Zm00001eb433310"
"19403","Zm00001eb427560"
"19404","Zm00001eb416530"
"19405","Zm00001eb421220"
"19406","Zm00001eb428750"
"19407","Zm00001eb417060"
"19408","Zm00001eb420500"
"19409","Zm00001eb427190"
"19410","Zm00001eb425840"
"19411","Zm00001eb428940"
"19412","Zm00001eb408880"
"19413","Zm00001eb416760"
"19414","Zm00001eb434400"
"19415","Zm00001eb421160"
"19416","Zm00001eb424720"
"19417","Zm00001eb410550"
"19418","Zm00001eb417400"
"19419","Zm00001eb427320"
"19420","Zm00001eb422480"
"19421","Zm00001eb431950"
"19422","Zm00001eb406450"
"19423","Zm00001eb426530"
"19424","Zm00001eb426720"
"19425","Zm00001eb421180"
"19426","Zm00001eb417480"
"19427","Zm00001eb433520"
"19428","Zm00001eb430490"
"19429","Zm00001eb414700"
"19430","Zm00001eb421890"
"19431","Zm00001eb425580"
"19432","Zm00001eb425990"
"19433","Zm00001eb406780"
"19434","Zm00001eb429110"
"19435","Zm00001eb425460"
"19436","Zm00001eb432790"
"19437","Zm00001eb429200"
"19438","Zm00001eb431290"
"19439","Zm00001eb407460"
"19440","Zm00001eb426220"
"19441","Zm00001eb419110"
"19442","Zm00001eb426160"
"19443","Zm00001eb409870"
"19444","Zm00001eb434200"
"19445","Zm00001eb414780"
"19446","Zm00001eb430780"
"19447","Zm00001eb418070"
"19448","Zm00001eb419720"
"19449","Zm00001eb427250"
"19450","Zm00001eb416290"
"19451","Zm00001eb421690"
"19452","Zm00001eb418210"
"19453","Zm00001eb425120"
"19454","Zm00001eb424590"
"19455","Zm00001eb414530"
"19456","Zm00001eb414180"
"19457","Zm00001eb421980"
"19458","Zm00001eb431320"
"19459","Zm00001eb408210"
"19460","Zm00001eb428560"
"19461","Zm00001eb408290"
"19462","Zm00001eb422260"
"19463","Zm00001eb434250"
"19464","Zm00001eb409200"
"19465","Zm00001eb432200"
"19466","Zm00001eb418880"
"19467","Zm00001eb419810"
"19468","Zm00001eb426060"
"19469","Zm00001eb413860"
"19470","Zm00001eb421580"
"19471","Zm00001eb405320"
"19472","Zm00001eb409680"
"19473","Zm00001eb423860"
"19474","Zm00001eb413090"
"19475","Zm00001eb420710"
"19476","Zm00001eb405000"
"19477","Zm00001eb422940"
"19478","Zm00001eb434600"
"19479","Zm00001eb435560"
"19480","Zm00001eb435570"
"19481","Zm00001eb435590"
"19482","Zm00001eb439290"
"19483","Zm00001eb439810"
"19484","Zm00001eb440640"
"19485","Zm00001eb440680"
"19486","Zm00001eb440860"
"19487","Zm00001eb441830"
"19488","Zm00001eb442030"
"19489","Zm00001eb442310"
"19490","Zm00001eb442360"
"19491","orf396-XLOC-043542"
"19492","orf99-c-XLOC-043565"
"19493","orf101-a-XLOC-043567"
"19494","rrn26-XLOC-043610"
"19495","nad4-XLOC-043641"
"19496","orf99-d-XLOC-043654"
"19497","atp9-XLOC-043690"
"19498","rrn18-XLOC-043715"
"19499","Zm00001eb057740"
"19500","Zm00001eb032070"
"19501","Zm00001eb040830"
"19502","Zm00001eb020160"
"19503","Zm00001eb053040"
"19504","Zm00001eb051350"
"19505","Zm00001eb053560"
"19506","Zm00001eb029530"
"19507","Zm00001eb015410"
"19508","Zm00001eb029740"
"19509","Zm00001eb043490"
"19510","Zm00001eb012930"
"19511","Zm00001eb047350"
"19512","Zm00001eb020020"
"19513","Zm00001eb030600"
"19514","Zm00001eb054100"
"19515","Zm00001eb038560"
"19516","Zm00001eb061280"
"19517","Zm00001eb056760"
"19518","Zm00001eb004510"
"19519","Zm00001eb041090"
"19520","Zm00001eb009780"
"19521","Zm00001eb021290"
"19522","Zm00001eb060070"
"19523","Zm00001eb047770"
"19524","Zm00001eb018640"
"19525","Zm00001eb057510"
"19526","Zm00001eb051860"
"19527","Zm00001eb020540"
"19528","Zm00001eb038180"
"19529","Zm00001eb004900"
"19530","Zm00001eb006890"
"19531","Zm00001eb040020"
"19532","Zm00001eb020790"
"19533","Zm00001eb032620"
"19534","Zm00001eb018150"
"19535","Zm00001eb052000"
"19536","Zm00001eb007080"
"19537","Zm00001eb198500"
"19538","Zm00001eb207730"
"19539","Zm00001eb166920"
"19540","Zm00001eb186670"
"19541","Zm00001eb167690"
"19542","Zm00001eb207880"
"19543","Zm00001eb164610"
"19544","Zm00001eb206730"
"19545","Zm00001eb179890"
"19546","Zm00001eb195800"
"19547","Zm00001eb167710"
"19548","Zm00001eb180450"
"19549","Zm00001eb195370"
"19550","Zm00001eb169080"
"19551","Zm00001eb195670"
"19552","Zm00001eb168350"
"19553","Zm00001eb178600"
"19554","Zm00001eb207550"
"19555","Zm00001eb194700"
"19556","Zm00001eb169980"
"19557","Zm00001eb185300"
"19558","Zm00001eb081290"
"19559","Zm00001eb067030"
"19560","Zm00001eb071050"
"19561","Zm00001eb076520"
"19562","Zm00001eb078530"
"19563","Zm00001eb087960"
"19564","Zm00001eb078340"
"19565","Zm00001eb073250"
"19566","Zm00001eb078730"
"19567","Zm00001eb087860"
"19568","Zm00001eb116160"
"19569","Zm00001eb116620"
"19570","Zm00001eb092770"
"19571","Zm00001eb085260"
"19572","Zm00001eb103980"
"19573","Zm00001eb112110"
"19574","Zm00001eb088530"
"19575","Zm00001eb066980"
"19576","Zm00001eb089360"
"19577","Zm00001eb083630"
"19578","Zm00001eb067190"
"19579","Zm00001eb158590"
"19580","Zm00001eb121740"
"19581","Zm00001eb127310"
"19582","Zm00001eb146150"
"19583","Zm00001eb139200"
"19584","Zm00001eb121750"
"19585","Zm00001eb151950"
"19586","Zm00001eb145040"
"19587","Zm00001eb145310"
"19588","Zm00001eb152580"
"19589","Zm00001eb121460"
"19590","Zm00001eb150670"
"19591","Zm00001eb163480"
"19592","Zm00001eb149750"
"19593","Zm00001eb162290"
"19594","Zm00001eb151170"
"19595","Zm00001eb125120"
"19596","Zm00001eb144280"
"19597","Zm00001eb135340"
"19598","Zm00001eb253170"
"19599","Zm00001eb213540"
"19600","Zm00001eb249450"
"19601","Zm00001eb214270"
"19602","Zm00001eb234650"
"19603","Zm00001eb210970"
"19604","Zm00001eb211030"
"19605","Zm00001eb231420"
"19606","Zm00001eb231720"
"19607","Zm00001eb223130"
"19608","Zm00001eb245000"
"19609","Zm00001eb230390"
"19610","Zm00001eb228420"
"19611","Zm00001eb232110"
"19612","Zm00001eb211930"
"19613","Zm00001eb248960"
"19614","Zm00001eb329120"
"19615","Zm00001eb324500"
"19616","Zm00001eb305790"
"19617","Zm00001eb330730"
"19618","Zm00001eb307270"
"19619","Zm00001eb325340"
"19620","Zm00001eb310040"
"19621","Zm00001eb316330"
"19622","Zm00001eb307980"
"19623","Zm00001eb323260"
"19624","Zm00001eb312160"
"19625","Zm00001eb301870"
"19626","Zm00001eb316690"
"19627","Zm00001eb310900"
"19628","Zm00001eb307870"
"19629","Zm00001eb306330"
"19630","Zm00001eb314450"
"19631","Zm00001eb319150"
"19632","Zm00001eb302390"
"19633","Zm00001eb303210"
"19634","Zm00001eb299940"
"19635","Zm00001eb317940"
"19636","Zm00001eb304830"
"19637","Zm00001eb330390"
"19638","Zm00001eb307470"
"19639","Zm00001eb319130"
"19640","Zm00001eb338390"
"19641","Zm00001eb365790"
"19642","Zm00001eb335210"
"19643","Zm00001eb367250"
"19644","Zm00001eb342690"
"19645","Zm00001eb365930"
"19646","Zm00001eb351620"
"19647","Zm00001eb352280"
"19648","Zm00001eb351590"
"19649","Zm00001eb341760"
"19650","Zm00001eb287020"
"19651","Zm00001eb272090"
"19652","Zm00001eb272750"
"19653","Zm00001eb261440"
"19654","Zm00001eb293840"
"19655","Zm00001eb276270"
"19656","Zm00001eb272850"
"19657","Zm00001eb286490"
"19658","Zm00001eb288030"
"19659","Zm00001eb278400"
"19660","Zm00001eb288890"
"19661","Zm00001eb268740"
"19662","Zm00001eb295680"
"19663","Zm00001eb291430"
"19664","Zm00001eb270830"
"19665","Zm00001eb274320"
"19666","Zm00001eb292950"
"19667","Zm00001eb291630"
"19668","Zm00001eb388670"
"19669","Zm00001eb388910"
"19670","Zm00001eb404100"
"19671","Zm00001eb378770"
"19672","Zm00001eb392090"
"19673","Zm00001eb400570"
"19674","Zm00001eb398620"
"19675","Zm00001eb400200"
"19676","Zm00001eb390670"
"19677","Zm00001eb386080"
"19678","Zm00001eb386340"
"19679","Zm00001eb380370"
"19680","Zm00001eb398020"
"19681","Zm00001eb408520"
"19682","Zm00001eb433300"
"19683","Zm00001eb419390"
"19684","Zm00001eb406610"
"19685","Zm00001eb406670"
"19686","Zm00001eb421770"
"19687","Zm00001eb410280"
"19688","Zm00001eb410260"
"19689","Zm00001eb430670"
"19690","Zm00001eb040600"
"19691","Zm00001eb014950"
"19692","Zm00001eb058370"
"19693","Zm00001eb188720"
"19694","Zm00001eb170520"
"19695","Zm00001eb180650"
"19696","Zm00001eb174960"
"19697","Zm00001eb184940"
"19698","Zm00001eb096640"
"19699","Zm00001eb116210"
"19700","Zm00001eb105110"
"19701","Zm00001eb088510"
"19702","Zm00001eb085150"
"19703","Zm00001eb092450"
"19704","Zm00001eb106800"
"19705","Zm00001eb072240"
"19706","Zm00001eb068810"
"19707","Zm00001eb114720"
"19708","Zm00001eb106420"
"19709","Zm00001eb141870"
"19710","Zm00001eb137530"
"19711","Zm00001eb137320"
"19712","Zm00001eb126550"
"19713","Zm00001eb141080"
"19714","Zm00001eb141040"
"19715","Zm00001eb309870"
"19716","Zm00001eb342110"
"19717","Zm00001eb345190"
"19718","Zm00001eb361370"
"19719","Zm00001eb277090"
"19720","Zm00001eb294440"
"19721","Zm00001eb264370"
"19722","Zm00001eb277280"
"19723","Zm00001eb276520"
"19724","Zm00001eb401280"
"19725","Zm00001eb401610"
"19726","Zm00001eb429440"
"19727","Zm00001eb433790"
"19728","Zm00001eb410140"
"19729","Zm00001eb035270"
"19730","Zm00001eb059120"
"19731","Zm00001eb031840"
"19732","Zm00001eb167630"
"19733","Zm00001eb179240"
"19734","Zm00001eb180240"
"19735","Zm00001eb074980"
"19736","Zm00001eb076500"
"19737","Zm00001eb076260"
"19738","Zm00001eb100730"
"19739","Zm00001eb074370"
"19740","Zm00001eb101840"
"19741","Zm00001eb104470"
"19742","Zm00001eb110620"
"19743","Zm00001eb073390"
"19744","Zm00001eb131820"
"19745","Zm00001eb141650"
"19746","Zm00001eb159280"
"19747","Zm00001eb154550"
"19748","Zm00001eb216850"
"19749","Zm00001eb216950"
"19750","Zm00001eb239830"
"19751","Zm00001eb249470"
"19752","Zm00001eb227910"
"19753","Zm00001eb327110"
"19754","Zm00001eb316920"
"19755","Zm00001eb326540"
"19756","Zm00001eb310300"
"19757","Zm00001eb316750"
"19758","Zm00001eb330590"
"19759","Zm00001eb318460"
"19760","Zm00001eb309850"
"19761","Zm00001eb357770"
"19762","Zm00001eb360950"
"19763","Zm00001eb336140"
"19764","Zm00001eb283330"
"19765","Zm00001eb291090"
"19766","Zm00001eb376720"
"19767","Zm00001eb383700"
"19768","Zm00001eb374680"
"19769","Zm00001eb373070"
"19770","Zm00001eb412550"
"19771","Zm00001eb411280"
"19772","Zm00001eb432160"
"19773","Zm00001eb411520"
"19774","Zm00001eb411590"
"19775","Zm00001eb431530"
"19776","Zm00001eb040620"
"19777","Zm00001eb046770"
"19778","Zm00001eb170460"
"19779","Zm00001eb110670"
"19780","Zm00001eb254120"
"19781","Zm00001eb048780"
"19782","Zm00001eb190270"
"19783","Zm00001eb223620"
"19784","Zm00001eb247220"
"19785","Zm00001eb404600"
"19786","Zm00001eb420440"
"19787","Zm00001eb358850"
"19788","Zm00001eb323250"
"19789","Zm00001eb038070"
"19790","Zm00001eb123750"
