"cluster","GO_ID","overlap","query_size","term_size","background_size","p_value","p_adj","GO_term","minus_log10_p"
"C1","GO:0006886",20,800,104,13936,1.55872519215551e-06,0.000595433023403403,"GO:0006886",5.80723044545932
"C1","GO:1901800",7,800,14,13936,4.81353415341269e-06,0.000919385023301823,"GO:1901800",5.31753594239331
"C1","GO:0006888",8,800,22,13936,1.77022924710055e-05,0.0022540919079747,"GO:0006888",4.75197048826878
"C1","GO:0051603",7,800,22,13936,0.000159501217592564,0.0152323662800898,"GO:0051603",3.79723599729825
"C1","GO:0000956",4,800,8,13936,0.00062632465225711,0.0393822549913698,"GO:0000956",3.20320049404909
"C1","GO:0000209",8,800,35,13936,0.000669983221480246,0.0393822549913698,"GO:0000209",3.17393607328393
"C1","GO:0051228",3,800,4,13936,0.000721664358480598,0.0393822549913698,"GO:0051228",3.14166474308443
"C1","GO:0006890",6,800,21,13936,0.000905082043997403,0.043217667600876,"GO:0006890",3.04331205102646
"C1","GO:0070534",4,800,10,13936,0.00171258836401225,0.0726898616725201,"GO:0070534",2.7663470110689
"C1","GO:0007264",5,800,18,13936,0.00281725677746771,0.0967189707350788,"GO:0007264",2.55017356765567
"C1","GO:0009961",2,800,2,13936,0.00329148329726708,0.0967189707350788,"GO:0009961",2.48260834440698
"C1","GO:0012501",2,800,2,13936,0.00329148329726708,0.0967189707350788,"GO:0012501",2.48260834440698
"C1","GO:0048768",2,800,2,13936,0.00329148329726708,0.0967189707350788,"GO:0048768",2.48260834440698
"C1","GO:0016973",3,800,7,13936,0.00554061013770884,0.141100871506985,"GO:0016973",2.25644240768137
"C1","GO:0043666",3,800,7,13936,0.00554061013770884,0.141100871506985,"GO:0043666",2.25644240768137
"C1","GO:0007017",6,800,30,13936,0.00637146684206888,0.152118770854394,"GO:0007017",2.19576057267553
"C1","GO:0006367",4,800,15,13936,0.00884397239707319,0.198729262098939,"GO:0006367",2.05335262156794
"C1","GO:0009073",2,800,3,13936,0.00949744347997131,0.201556856074947,"GO:0009073",2.02239328228597
"C1","GO:0000165",4,800,16,13936,0.0112650860014224,0.226487518554913,"GO:0000165",1.94826548837862
"C1","GO:0043248",4,800,17,13936,0.0140745196834276,0.268823325953467,"GO:0043248",1.85156641725078
"C1","GO:0070536",3,800,10,13936,0.0166883796145705,0.296335370962237,"GO:0070536",1.77758582980452
"C1","GO:0000338",2,800,4,13936,0.018273222601462,0.296335370962237,"GO:0000338",1.73818485524109
"C1","GO:0006474",2,800,4,13936,0.018273222601462,0.296335370962237,"GO:0006474",1.73818485524109
"C1","GO:0006465",4,800,19,13936,0.0209297728960721,0.296335370962237,"GO:0006465",1.67923548406063
"C1","GO:0043161",5,800,29,13936,0.0231880756259308,0.296335370962237,"GO:0043161",1.63473529188455
"C1","GO:0007034",4,800,20,13936,0.0250038021050995,0.296335370962237,"GO:0007034",1.60199394701941
"C1","GO:0006121",2,800,5,13936,0.0293040468891124,0.296335370962237,"GO:0006121",1.5330723994327
"C1","GO:0006605",2,800,5,13936,0.0293040468891124,0.296335370962237,"GO:0006605",1.5330723994327
"C1","GO:0042761",2,800,5,13936,0.0293040468891124,0.296335370962237,"GO:0042761",1.5330723994327
"C1","GO:0045048",2,800,5,13936,0.0293040468891124,0.296335370962237,"GO:0045048",1.5330723994327
"C1","GO:0046686",4,800,21,13936,0.0295226177910166,0.296335370962237,"GO:0046686",1.52984513594834
"C1","GO:0045893",5,800,31,13936,0.0302102921226364,0.296335370962237,"GO:0045893",1.51984507523531
"C1","GO:0006511",12,800,116,13936,0.0341847711118812,0.296335370962237,"GO:0006511",1.46616732362352
"C1","GO:0090158",3,800,13,13936,0.0349854015256813,0.296335370962237,"GO:0090158",1.45611313734747
"C1","GO:0006457",11,800,105,13936,0.0383212149505344,0.296335370962237,"GO:0006457",1.41656073033597
"C1","GO:0006120",2,800,6,13936,0.04230273824021,0.296335370962237,"GO:0006120",1.37363151999791
"C1","GO:0010152",2,800,6,13936,0.04230273824021,0.296335370962237,"GO:0010152",1.37363151999791
"C1","GO:0018022",2,800,6,13936,0.04230273824021,0.296335370962237,"GO:0018022",1.37363151999791
"C1","GO:0061615",2,800,6,13936,0.04230273824021,0.296335370962237,"GO:0061615",1.37363151999791
"C1","GO:0016226",4,800,24,13936,0.0458017289368585,0.296335370962237,"GO:0016226",1.33911812781349
"C1","GO:0006366",2,800,7,13936,0.0570075894812105,0.296335370962237,"GO:0006366",1.24406732239074
"C1","GO:0046907",2,800,7,13936,0.0570075894812105,0.296335370962237,"GO:0046907",1.24406732239074
"C1","GO:0072596",2,800,7,13936,0.0570075894812105,0.296335370962237,"GO:0072596",1.24406732239074
"C1","GO:0000447",1,800,1,13936,0.0574052812858783,0.296335370962237,"GO:0000447",1.24104815067164
"C1","GO:0006482",1,800,1,13936,0.0574052812858783,0.296335370962237,"GO:0006482",1.24104815067164
"C1","GO:0007029",1,800,1,13936,0.0574052812858783,0.296335370962237,"GO:0007029",1.24104815067164
"C1","GO:0007584",1,800,1,13936,0.0574052812858783,0.296335370962237,"GO:0007584",1.24104815067164
"C1","GO:0009825",1,800,1,13936,0.0574052812858783,0.296335370962237,"GO:0009825",1.24104815067164
"C1","GO:0010266",1,800,1,13936,0.0574052812858783,0.296335370962237,"GO:0010266",1.24104815067164
"C1","GO:0010446",1,800,1,13936,0.0574052812858783,0.296335370962237,"GO:0010446",1.24104815067164
"C1","GO:0010950",1,800,1,13936,0.0574052812858783,0.296335370962237,"GO:0010950",1.24104815067164
"C1","GO:0015811",1,800,1,13936,0.0574052812858783,0.296335370962237,"GO:0015811",1.24104815067164
"C1","GO:0016598",1,800,1,13936,0.0574052812858783,0.296335370962237,"GO:0016598",1.24104815067164
"C1","GO:0017121",1,800,1,13936,0.0574052812858783,0.296335370962237,"GO:0017121",1.24104815067164
"C1","GO:0019427",1,800,1,13936,0.0574052812858783,0.296335370962237,"GO:0019427",1.24104815067164
"C1","GO:0031397",1,800,1,13936,0.0574052812858783,0.296335370962237,"GO:0031397",1.24104815067164
"C1","GO:0032324",1,800,1,13936,0.0574052812858783,0.296335370962237,"GO:0032324",1.24104815067164
"C1","GO:0033467",1,800,1,13936,0.0574052812858783,0.296335370962237,"GO:0033467",1.24104815067164
"C1","GO:0034247",1,800,1,13936,0.0574052812858783,0.296335370962237,"GO:0034247",1.24104815067164
"C1","GO:0036257",1,800,1,13936,0.0574052812858783,0.296335370962237,"GO:0036257",1.24104815067164
"C1","GO:0042543",1,800,1,13936,0.0574052812858783,0.296335370962237,"GO:0042543",1.24104815067164
"C1","GO:0043970",1,800,1,13936,0.0574052812858783,0.296335370962237,"GO:0043970",1.24104815067164
"C1","GO:0044571",1,800,1,13936,0.0574052812858783,0.296335370962237,"GO:0044571",1.24104815067164
"C1","GO:0045168",1,800,1,13936,0.0574052812858783,0.296335370962237,"GO:0045168",1.24104815067164
"C1","GO:0046967",1,800,1,13936,0.0574052812858783,0.296335370962237,"GO:0046967",1.24104815067164
"C1","GO:0048480",1,800,1,13936,0.0574052812858783,0.296335370962237,"GO:0048480",1.24104815067164
"C1","GO:0070966",1,800,1,13936,0.0574052812858783,0.296335370962237,"GO:0070966",1.24104815067164
"C1","GO:0071242",1,800,1,13936,0.0574052812858783,0.296335370962237,"GO:0071242",1.24104815067164
"C1","GO:0071266",1,800,1,13936,0.0574052812858783,0.296335370962237,"GO:0071266",1.24104815067164
"C1","GO:0071596",1,800,1,13936,0.0574052812858783,0.296335370962237,"GO:0071596",1.24104815067164
"C1","GO:0072423",1,800,1,13936,0.0574052812858783,0.296335370962237,"GO:0072423",1.24104815067164
"C1","GO:0080050",1,800,1,13936,0.0574052812858783,0.296335370962237,"GO:0080050",1.24104815067164
"C1","GO:0090709",1,800,1,13936,0.0574052812858783,0.296335370962237,"GO:0090709",1.24104815067164
"C1","GO:1903646",1,800,1,13936,0.0574052812858783,0.296335370962237,"GO:1903646",1.24104815067164
"C1","GO:0006325",4,800,26,13936,0.058930992690462,0.300155189436753,"GO:0006325",1.22965624316823
"C1","GO:0006470",13,800,143,13936,0.0674391339044391,0.327694525252731,"GO:0006470",1.17108801582902
"C1","GO:0007030",3,800,17,13936,0.070245820055557,0.327694525252731,"GO:0007030",1.15337951314267
"C1","GO:0009617",3,800,17,13936,0.070245820055557,0.327694525252731,"GO:0009617",1.15337951314267
"C1","GO:0000105",2,800,8,13936,0.0731803921652874,0.327694525252731,"GO:0000105",1.1356052675091
"C1","GO:0000122",2,800,8,13936,0.0731803921652874,0.327694525252731,"GO:0000122",1.1356052675091
"C1","GO:0006086",2,800,8,13936,0.0731803921652874,0.327694525252731,"GO:0006086",1.1356052675091
"C1","GO:0007623",2,800,8,13936,0.0731803921652874,0.327694525252731,"GO:0007623",1.1356052675091
"C1","GO:0019941",2,800,8,13936,0.0731803921652874,0.327694525252731,"GO:0019941",1.1356052675091
"C1","GO:0033169",2,800,8,13936,0.0731803921652874,0.327694525252731,"GO:0033169",1.1356052675091
"C1","GO:0042147",2,800,8,13936,0.0731803921652874,0.327694525252731,"GO:0042147",1.1356052675091
"C1","GO:0032502",3,800,18,13936,0.0808368079639281,0.327694525252731,"GO:0032502",1.09239084398185
"C1","GO:0030968",2,800,9,13936,0.0906046064298257,0.327694525252731,"GO:0030968",1.04284972179119
"C1","GO:0035434",2,800,9,13936,0.0906046064298257,0.327694525252731,"GO:0035434",1.04284972179119
"C1","GO:0051017",2,800,9,13936,0.0906046064298257,0.327694525252731,"GO:0051017",1.04284972179119
"C1","GO:0006914",3,800,19,13936,0.0920693770391511,0.327694525252731,"GO:0006914",1.03588479536676
"C1","GO:0000184",3,800,20,13936,0.103904478498101,0.327694525252731,"GO:0000184",0.983365733048255
"C1","GO:0006621",2,800,10,13936,0.10908366313364,0.327694525252731,"GO:0006621",0.96224028646185
"C1","GO:0009299",2,800,10,13936,0.10908366313364,0.327694525252731,"GO:0009299",0.96224028646185
"C1","GO:0030042",2,800,10,13936,0.10908366313364,0.327694525252731,"GO:0030042",0.96224028646185
"C1","GO:0070932",2,800,10,13936,0.10908366313364,0.327694525252731,"GO:0070932",0.96224028646185
"C1","GO:0097502",2,800,10,13936,0.10908366313364,0.327694525252731,"GO:0097502",0.96224028646185
"C1","GO:0000012",1,800,2,13936,0.11151907927449,0.327694525252731,"GO:0000012",0.95265082485994
"C1","GO:0000302",1,800,2,13936,0.11151907927449,0.327694525252731,"GO:0000302",0.95265082485994
"C1","GO:0000972",1,800,2,13936,0.11151907927449,0.327694525252731,"GO:0000972",0.95265082485994
"C1","GO:0002191",1,800,2,13936,0.11151907927449,0.327694525252731,"GO:0002191",0.95265082485994
"C1","GO:0006333",1,800,2,13936,0.11151907927449,0.327694525252731,"GO:0006333",0.95265082485994
"C1","GO:0006469",1,800,2,13936,0.11151907927449,0.327694525252731,"GO:0006469",0.95265082485994
"C1","GO:0006493",1,800,2,13936,0.11151907927449,0.327694525252731,"GO:0006493",0.95265082485994
"C1","GO:0006572",1,800,2,13936,0.11151907927449,0.327694525252731,"GO:0006572",0.95265082485994
"C1","GO:0006893",1,800,2,13936,0.11151907927449,0.327694525252731,"GO:0006893",0.95265082485994
"C1","GO:0007039",1,800,2,13936,0.11151907927449,0.327694525252731,"GO:0007039",0.95265082485994
"C1","GO:0009826",1,800,2,13936,0.11151907927449,0.327694525252731,"GO:0009826",0.95265082485994
"C1","GO:0010033",1,800,2,13936,0.11151907927449,0.327694525252731,"GO:0010033",0.95265082485994
"C1","GO:0010118",1,800,2,13936,0.11151907927449,0.327694525252731,"GO:0010118",0.95265082485994
"C1","GO:0010124",1,800,2,13936,0.11151907927449,0.327694525252731,"GO:0010124",0.95265082485994
"C1","GO:0010155",1,800,2,13936,0.11151907927449,0.327694525252731,"GO:0010155",0.95265082485994
"C1","GO:0010847",1,800,2,13936,0.11151907927449,0.327694525252731,"GO:0010847",0.95265082485994
"C1","GO:0016578",1,800,2,13936,0.11151907927449,0.327694525252731,"GO:0016578",0.95265082485994
"C1","GO:0030261",1,800,2,13936,0.11151907927449,0.327694525252731,"GO:0030261",0.95265082485994
"C1","GO:0031087",1,800,2,13936,0.11151907927449,0.327694525252731,"GO:0031087",0.95265082485994
"C1","GO:0031930",1,800,2,13936,0.11151907927449,0.327694525252731,"GO:0031930",0.95265082485994
"C1","GO:0035065",1,800,2,13936,0.11151907927449,0.327694525252731,"GO:0035065",0.95265082485994
"C1","GO:0045047",1,800,2,13936,0.11151907927449,0.327694525252731,"GO:0045047",0.95265082485994
"C1","GO:0045488",1,800,2,13936,0.11151907927449,0.327694525252731,"GO:0045488",0.95265082485994
"C1","GO:0045737",1,800,2,13936,0.11151907927449,0.327694525252731,"GO:0045737",0.95265082485994
"C1","GO:0046166",1,800,2,13936,0.11151907927449,0.327694525252731,"GO:0046166",0.95265082485994
"C1","GO:0046521",1,800,2,13936,0.11151907927449,0.327694525252731,"GO:0046521",0.95265082485994
"C1","GO:0046951",1,800,2,13936,0.11151907927449,0.327694525252731,"GO:0046951",0.95265082485994
"C1","GO:0048364",1,800,2,13936,0.11151907927449,0.327694525252731,"GO:0048364",0.95265082485994
"C1","GO:0052324",1,800,2,13936,0.11151907927449,0.327694525252731,"GO:0052324",0.95265082485994
"C1","GO:0060776",1,800,2,13936,0.11151907927449,0.327694525252731,"GO:0060776",0.95265082485994
"C1","GO:0061780",1,800,2,13936,0.11151907927449,0.327694525252731,"GO:0061780",0.95265082485994
"C1","GO:0071985",1,800,2,13936,0.11151907927449,0.327694525252731,"GO:0071985",0.95265082485994
"C1","GO:0140546",1,800,2,13936,0.11151907927449,0.327694525252731,"GO:0140546",0.95265082485994
"C1","GO:1902457",1,800,2,13936,0.11151907927449,0.327694525252731,"GO:1902457",0.95265082485994
"C1","GO:0001732",3,800,21,13936,0.116301455282615,0.336569363014842,"GO:0001732",0.934414850901343
"C1","GO:0009408",3,800,21,13936,0.116301455282615,0.336569363014842,"GO:0009408",0.934414850901343
"C1","GO:0000045",2,800,11,13936,0.128439389146347,0.357692014992293,"GO:0000045",0.891301768591377
"C1","GO:0009909",2,800,11,13936,0.128439389146347,0.357692014992293,"GO:0009909",0.891301768591377
"C1","GO:0016126",2,800,11,13936,0.128439389146347,0.357692014992293,"GO:0016126",0.891301768591377
"C1","GO:0045116",2,800,11,13936,0.128439389146347,0.357692014992293,"GO:0045116",0.891301768591377
"C1","GO:0051321",2,800,11,13936,0.128439389146347,0.357692014992293,"GO:0051321",0.891301768591377
"C1","GO:0050832",3,800,22,13936,0.129218581332294,0.357692014992293,"GO:0050832",0.88867503131116
"C1","GO:0006413",9,800,103,13936,0.136834239724206,0.367135604849825,"GO:0006413",0.86380521648527
"C1","GO:0006099",3,800,23,13936,0.142613531499967,0.367135604849825,"GO:0006099",0.845839265669542
"C1","GO:0007064",2,800,12,13936,0.148510547272429,0.367135604849825,"GO:0007064",0.828242701501298
"C1","GO:0030150",3,800,24,13936,0.156443789008983,0.367135604849825,"GO:0030150",0.805641674145592
"C1","GO:0000266",1,800,3,13936,0.162529897171748,0.367135604849825,"GO:0000266",0.789066739408614
"C1","GO:0006302",1,800,3,13936,0.162529897171748,0.367135604849825,"GO:0006302",0.789066739408614
"C1","GO:0006424",1,800,3,13936,0.162529897171748,0.367135604849825,"GO:0006424",0.789066739408614
"C1","GO:0006446",1,800,3,13936,0.162529897171748,0.367135604849825,"GO:0006446",0.789066739408614
"C1","GO:0006620",1,800,3,13936,0.162529897171748,0.367135604849825,"GO:0006620",0.789066739408614
"C1","GO:0006729",1,800,3,13936,0.162529897171748,0.367135604849825,"GO:0006729",0.789066739408614
"C1","GO:0006816",1,800,3,13936,0.162529897171748,0.367135604849825,"GO:0006816",0.789066739408614
"C1","GO:0009631",1,800,3,13936,0.162529897171748,0.367135604849825,"GO:0009631",0.789066739408614
"C1","GO:0010029",1,800,3,13936,0.162529897171748,0.367135604849825,"GO:0010029",0.789066739408614
"C1","GO:0010224",1,800,3,13936,0.162529897171748,0.367135604849825,"GO:0010224",0.789066739408614
"C1","GO:0010431",1,800,3,13936,0.162529897171748,0.367135604849825,"GO:0010431",0.789066739408614
"C1","GO:0015918",1,800,3,13936,0.162529897171748,0.367135604849825,"GO:0015918",0.789066739408614
"C1","GO:0017062",1,800,3,13936,0.162529897171748,0.367135604849825,"GO:0017062",0.789066739408614
"C1","GO:0030036",1,800,3,13936,0.162529897171748,0.367135604849825,"GO:0030036",0.789066739408614
"C1","GO:0030041",1,800,3,13936,0.162529897171748,0.367135604849825,"GO:0030041",0.789066739408614
"C1","GO:0031122",1,800,3,13936,0.162529897171748,0.367135604849825,"GO:0031122",0.789066739408614
"C1","GO:0032968",1,800,3,13936,0.162529897171748,0.367135604849825,"GO:0032968",0.789066739408614
"C1","GO:0036529",1,800,3,13936,0.162529897171748,0.367135604849825,"GO:0036529",0.789066739408614
"C1","GO:0048767",1,800,3,13936,0.162529897171748,0.367135604849825,"GO:0048767",0.789066739408614
"C1","GO:0060261",1,800,3,13936,0.162529897171748,0.367135604849825,"GO:0060261",0.789066739408614
"C1","GO:0070935",1,800,3,13936,0.162529897171748,0.367135604849825,"GO:0070935",0.789066739408614
"C1","GO:0071218",1,800,3,13936,0.162529897171748,0.367135604849825,"GO:0071218",0.789066739408614
"C1","GO:0072583",1,800,3,13936,0.162529897171748,0.367135604849825,"GO:0072583",0.789066739408614
"C1","GO:0097428",1,800,3,13936,0.162529897171748,0.367135604849825,"GO:0097428",0.789066739408614
"C1","GO:0106035",1,800,3,13936,0.162529897171748,0.367135604849825,"GO:0106035",0.789066739408614
"C1","GO:0106074",1,800,3,13936,0.162529897171748,0.367135604849825,"GO:0106074",0.789066739408614
"C1","GO:2000014",1,800,3,13936,0.162529897171748,0.367135604849825,"GO:2000014",0.789066739408614
"C1","GO:0006614",2,800,13,13936,0.169151482862747,0.367135604849825,"GO:0006614",0.771724190626308
"C1","GO:0006796",2,800,13,13936,0.169151482862747,0.367135604849825,"GO:0006796",0.771724190626308
"C1","GO:0009736",2,800,13,13936,0.169151482862747,0.367135604849825,"GO:0009736",0.771724190626308
"C1","GO:0016925",2,800,13,13936,0.169151482862747,0.367135604849825,"GO:0016925",0.771724190626308
"C1","GO:0019430",2,800,13,13936,0.169151482862747,0.367135604849825,"GO:0019430",0.771724190626308
"C1","GO:0032981",2,800,13,13936,0.169151482862747,0.367135604849825,"GO:0032981",0.771724190626308
"C1","GO:0034599",2,800,13,13936,0.169151482862747,0.367135604849825,"GO:0034599",0.771724190626308
"C1","GO:0008380",4,800,38,13936,0.171905491641549,0.371005072356337,"GO:0008380",0.764710249249389
"C1","GO:0030154",3,800,26,13936,0.185241258147191,0.386803384366463,"GO:0030154",0.732262277966814
"C1","GO:0016573",2,800,14,13936,0.190230869699264,0.386803384366463,"GO:0016573",0.720719006577275
"C1","GO:0009734",7,800,83,13936,0.198564319607851,0.386803384366463,"GO:0009734",0.702098788013717
"C1","GO:0005982",1,800,4,13936,0.210615455361844,0.386803384366463,"GO:0005982",0.676509762627824
"C1","GO:0006102",1,800,4,13936,0.210615455361844,0.386803384366463,"GO:0006102",0.676509762627824
"C1","GO:0006432",1,800,4,13936,0.210615455361844,0.386803384366463,"GO:0006432",0.676509762627824
"C1","GO:0006434",1,800,4,13936,0.210615455361844,0.386803384366463,"GO:0006434",0.676509762627824
"C1","GO:0006464",1,800,4,13936,0.210615455361844,0.386803384366463,"GO:0006464",0.676509762627824
"C1","GO:0006597",1,800,4,13936,0.210615455361844,0.386803384366463,"GO:0006597",0.676509762627824
"C1","GO:0006623",1,800,4,13936,0.210615455361844,0.386803384366463,"GO:0006623",0.676509762627824
"C1","GO:0007033",1,800,4,13936,0.210615455361844,0.386803384366463,"GO:0007033",0.676509762627824
"C1","GO:0007076",1,800,4,13936,0.210615455361844,0.386803384366463,"GO:0007076",0.676509762627824
"C1","GO:0009920",1,800,4,13936,0.210615455361844,0.386803384366463,"GO:0009920",0.676509762627824
"C1","GO:0009958",1,800,4,13936,0.210615455361844,0.386803384366463,"GO:0009958",0.676509762627824
"C1","GO:0010252",1,800,4,13936,0.210615455361844,0.386803384366463,"GO:0010252",0.676509762627824
"C1","GO:0015977",1,800,4,13936,0.210615455361844,0.386803384366463,"GO:0015977",0.676509762627824
"C1","GO:0016104",1,800,4,13936,0.210615455361844,0.386803384366463,"GO:0016104",0.676509762627824
"C1","GO:0016125",1,800,4,13936,0.210615455361844,0.386803384366463,"GO:0016125",0.676509762627824
"C1","GO:0019346",1,800,4,13936,0.210615455361844,0.386803384366463,"GO:0019346",0.676509762627824
"C1","GO:0034765",1,800,4,13936,0.210615455361844,0.386803384366463,"GO:0034765",0.676509762627824
"C1","GO:0044211",1,800,4,13936,0.210615455361844,0.386803384366463,"GO:0044211",0.676509762627824
"C1","GO:0048527",1,800,4,13936,0.210615455361844,0.386803384366463,"GO:0048527",0.676509762627824
"C1","GO:0051123",1,800,4,13936,0.210615455361844,0.386803384366463,"GO:0051123",0.676509762627824
"C1","GO:0051131",1,800,4,13936,0.210615455361844,0.386803384366463,"GO:0051131",0.676509762627824
"C1","GO:0055129",1,800,4,13936,0.210615455361844,0.386803384366463,"GO:0055129",0.676509762627824
"C1","GO:0070988",1,800,4,13936,0.210615455361844,0.386803384366463,"GO:0070988",0.676509762627824
"C1","GO:0071076",1,800,4,13936,0.210615455361844,0.386803384366463,"GO:0071076",0.676509762627824
"C1","GO:0071569",1,800,4,13936,0.210615455361844,0.386803384366463,"GO:0071569",0.676509762627824
"C1","GO:0071902",1,800,4,13936,0.210615455361844,0.386803384366463,"GO:0071902",0.676509762627824
"C1","GO:0090114",1,800,4,13936,0.210615455361844,0.386803384366463,"GO:0090114",0.676509762627824
"C1","GO:0090708",1,800,4,13936,0.210615455361844,0.386803384366463,"GO:0090708",0.676509762627824
"C1","GO:0045039",2,800,16,13936,0.233244449751064,0.426312822033046,"GO:0045039",0.632188681862985
"C1","GO:0061025",2,800,17,13936,0.254977600377132,0.426944731254892,"GO:0061025",0.593497970389169
"C1","GO:0000467",1,800,5,13936,0.255943307480027,0.426944731254892,"GO:0000467",0.591856222091444
"C1","GO:0006574",1,800,5,13936,0.255943307480027,0.426944731254892,"GO:0006574",0.591856222091444
"C1","GO:0006596",1,800,5,13936,0.255943307480027,0.426944731254892,"GO:0006596",0.591856222091444
"C1","GO:0006862",1,800,5,13936,0.255943307480027,0.426944731254892,"GO:0006862",0.591856222091444
"C1","GO:0010073",1,800,5,13936,0.255943307480027,0.426944731254892,"GO:0010073",0.591856222091444
"C1","GO:0010344",1,800,5,13936,0.255943307480027,0.426944731254892,"GO:0010344",0.591856222091444
"C1","GO:0015698",1,800,5,13936,0.255943307480027,0.426944731254892,"GO:0015698",0.591856222091444
"C1","GO:0016255",1,800,5,13936,0.255943307480027,0.426944731254892,"GO:0016255",0.591856222091444
"C1","GO:0017196",1,800,5,13936,0.255943307480027,0.426944731254892,"GO:0017196",0.591856222091444
"C1","GO:0019264",1,800,5,13936,0.255943307480027,0.426944731254892,"GO:0019264",0.591856222091444
"C1","GO:0032957",1,800,5,13936,0.255943307480027,0.426944731254892,"GO:0032957",0.591856222091444
"C1","GO:0042256",1,800,5,13936,0.255943307480027,0.426944731254892,"GO:0042256",0.591856222091444
"C1","GO:0045900",1,800,5,13936,0.255943307480027,0.426944731254892,"GO:0045900",0.591856222091444
"C1","GO:0046168",1,800,5,13936,0.255943307480027,0.426944731254892,"GO:0046168",0.591856222091444
"C1","GO:0046656",1,800,5,13936,0.255943307480027,0.426944731254892,"GO:0046656",0.591856222091444
"C1","GO:0046835",1,800,5,13936,0.255943307480027,0.426944731254892,"GO:0046835",0.591856222091444
"C1","GO:0046855",1,800,5,13936,0.255943307480027,0.426944731254892,"GO:0046855",0.591856222091444
"C1","GO:0061077",1,800,5,13936,0.255943307480027,0.426944731254892,"GO:0061077",0.591856222091444
"C1","GO:0090113",1,800,5,13936,0.255943307480027,0.426944731254892,"GO:0090113",0.591856222091444
"C1","GO:0072657",2,800,18,13936,0.276745199428783,0.45636993178917,"GO:0072657",0.557919903889789
"C1","GO:0006414",4,800,47,13936,0.283271652118913,0.45636993178917,"GO:0006414",0.54779688451354
"C1","GO:0006096",3,800,33,13936,0.293768809795047,0.45636993178917,"GO:0006096",0.53199431628221
"C1","GO:0009738",3,800,33,13936,0.293768809795047,0.45636993178917,"GO:0009738",0.53199431628221
"C1","GO:0006635",2,800,19,13936,0.298471766768739,0.45636993178917,"GO:0006635",0.525096743651698
"C1","GO:0000902",1,800,6,13936,0.298671421327991,0.45636993178917,"GO:0000902",0.524806331307291
"C1","GO:0006379",1,800,6,13936,0.298671421327991,0.45636993178917,"GO:0006379",0.524806331307291
"C1","GO:0006564",1,800,6,13936,0.298671421327991,0.45636993178917,"GO:0006564",0.524806331307291
"C1","GO:0006891",1,800,6,13936,0.298671421327991,0.45636993178917,"GO:0006891",0.524806331307291
"C1","GO:0007031",1,800,6,13936,0.298671421327991,0.45636993178917,"GO:0007031",0.524806331307291
"C1","GO:0009134",1,800,6,13936,0.298671421327991,0.45636993178917,"GO:0009134",0.524806331307291
"C1","GO:0009966",1,800,6,13936,0.298671421327991,0.45636993178917,"GO:0009966",0.524806331307291
"C1","GO:0016558",1,800,6,13936,0.298671421327991,0.45636993178917,"GO:0016558",0.524806331307291
"C1","GO:0016560",1,800,6,13936,0.298671421327991,0.45636993178917,"GO:0016560",0.524806331307291
"C1","GO:0019432",1,800,6,13936,0.298671421327991,0.45636993178917,"GO:0019432",0.524806331307291
"C1","GO:0022904",1,800,6,13936,0.298671421327991,0.45636993178917,"GO:0022904",0.524806331307291
"C1","GO:0032511",1,800,6,13936,0.298671421327991,0.45636993178917,"GO:0032511",0.524806331307291
"C1","GO:0045736",1,800,6,13936,0.298671421327991,0.45636993178917,"GO:0045736",0.524806331307291
"C1","GO:0048577",1,800,6,13936,0.298671421327991,0.45636993178917,"GO:0048577",0.524806331307291
"C1","GO:0070940",1,800,6,13936,0.298671421327991,0.45636993178917,"GO:0070940",0.524806331307291
"C1","GO:1902223",1,800,6,13936,0.298671421327991,0.45636993178917,"GO:1902223",0.524806331307291
"C1","GO:0005986",1,800,7,13936,0.338948726635787,0.494192418224697,"GO:0005986",0.469865993311081
"C1","GO:0010048",1,800,7,13936,0.338948726635787,0.494192418224697,"GO:0010048",0.469865993311081
"C1","GO:0032012",1,800,7,13936,0.338948726635787,0.494192418224697,"GO:0032012",0.469865993311081
"C1","GO:0033617",1,800,7,13936,0.338948726635787,0.494192418224697,"GO:0033617",0.469865993311081
"C1","GO:0044210",1,800,7,13936,0.338948726635787,0.494192418224697,"GO:0044210",0.469865993311081
"C1","GO:0045037",1,800,7,13936,0.338948726635787,0.494192418224697,"GO:0045037",0.469865993311081
"C1","GO:0046294",1,800,7,13936,0.338948726635787,0.494192418224697,"GO:0046294",0.469865993311081
"C1","GO:0046373",1,800,7,13936,0.338948726635787,0.494192418224697,"GO:0046373",0.469865993311081
"C1","GO:0055072",1,800,7,13936,0.338948726635787,0.494192418224697,"GO:0055072",0.469865993311081
"C1","GO:0070084",1,800,7,13936,0.338948726635787,0.494192418224697,"GO:0070084",0.469865993311081
"C1","GO:0071763",1,800,7,13936,0.338948726635787,0.494192418224697,"GO:0071763",0.469865993311081
"C1","GO:0072318",1,800,7,13936,0.338948726635787,0.494192418224697,"GO:0072318",0.469865993311081
"C1","GO:0070588",2,800,21,13936,0.34154181741455,0.496079750008966,"GO:0070588",0.46655611493839
"C1","GO:0006152",1,800,8,13936,0.376915631560144,0.527405755516392,"GO:0006152",0.423755850983559
"C1","GO:0006228",1,800,8,13936,0.376915631560144,0.527405755516392,"GO:0006228",0.423755850983559
"C1","GO:0006694",1,800,8,13936,0.376915631560144,0.527405755516392,"GO:0006694",0.423755850983559
"C1","GO:0006782",1,800,8,13936,0.376915631560144,0.527405755516392,"GO:0006782",0.423755850983559
"C1","GO:0006904",1,800,8,13936,0.376915631560144,0.527405755516392,"GO:0006904",0.423755850983559
"C1","GO:0042908",1,800,8,13936,0.376915631560144,0.527405755516392,"GO:0042908",0.423755850983559
"C1","GO:0043044",1,800,8,13936,0.376915631560144,0.527405755516392,"GO:0043044",0.423755850983559
"C1","GO:0051013",1,800,8,13936,0.376915631560144,0.527405755516392,"GO:0051013",0.423755850983559
"C1","GO:0080142",1,800,8,13936,0.376915631560144,0.527405755516392,"GO:0080142",0.423755850983559
"C1","GO:0090481",1,800,8,13936,0.376915631560144,0.527405755516392,"GO:0090481",0.423755850983559
"C1","GO:0015985",2,800,23,13936,0.383741818120185,0.533470359202464,"GO:0015985",0.415960871145079
"C1","GO:0000398",8,800,120,13936,0.384042797855177,0.533470359202464,"GO:0000398",0.415620375016223
"C1","GO:0000413",4,800,56,13936,0.402194115088715,0.547406676062319,"GO:0000413",0.395564288297198
"C1","GO:0009058",2,800,24,13936,0.404405275312113,0.547406676062319,"GO:0009058",0.393183187838707
"C1","GO:0000028",1,800,9,13936,0.412704509701434,0.547406676062319,"GO:0000028",0.384360785477449
"C1","GO:0001676",1,800,9,13936,0.412704509701434,0.547406676062319,"GO:0001676",0.384360785477449
"C1","GO:0002181",1,800,9,13936,0.412704509701434,0.547406676062319,"GO:0002181",0.384360785477449
"C1","GO:0006541",1,800,9,13936,0.412704509701434,0.547406676062319,"GO:0006541",0.384360785477449
"C1","GO:0009423",1,800,9,13936,0.412704509701434,0.547406676062319,"GO:0009423",0.384360785477449
"C1","GO:0009739",1,800,9,13936,0.412704509701434,0.547406676062319,"GO:0009739",0.384360785477449
"C1","GO:0017148",1,800,9,13936,0.412704509701434,0.547406676062319,"GO:0017148",0.384360785477449
"C1","GO:0017182",1,800,9,13936,0.412704509701434,0.547406676062319,"GO:0017182",0.384360785477449
"C1","GO:0045292",1,800,9,13936,0.412704509701434,0.547406676062319,"GO:0045292",0.384360785477449
"C1","GO:0071108",1,800,9,13936,0.412704509701434,0.547406676062319,"GO:0071108",0.384360785477449
"C1","GO:0099402",1,800,9,13936,0.412704509701434,0.547406676062319,"GO:0099402",0.384360785477449
"C1","GO:0006887",2,800,25,13936,0.424730343013311,0.561408273463961,"GO:0006887",0.371886711619355
"C1","GO:0016192",4,800,59,13936,0.441419325109262,0.57036836408117,"GO:0016192",0.355148657570838
"C1","GO:0006012",1,800,10,13936,0.446440159320078,0.57036836408117,"GO:0006012",0.350236745552028
"C1","GO:0006298",1,800,10,13936,0.446440159320078,0.57036836408117,"GO:0006298",0.350236745552028
"C1","GO:0006535",1,800,10,13936,0.446440159320078,0.57036836408117,"GO:0006535",0.350236745552028
"C1","GO:0006897",1,800,10,13936,0.446440159320078,0.57036836408117,"GO:0006897",0.350236745552028
"C1","GO:0007015",1,800,10,13936,0.446440159320078,0.57036836408117,"GO:0007015",0.350236745552028
"C1","GO:0009698",1,800,10,13936,0.446440159320078,0.57036836408117,"GO:0009698",0.350236745552028
"C1","GO:0034314",1,800,10,13936,0.446440159320078,0.57036836408117,"GO:0034314",0.350236745552028
"C1","GO:0051085",1,800,10,13936,0.446440159320078,0.57036836408117,"GO:0051085",0.350236745552028
"C1","GO:0071427",1,800,10,13936,0.446440159320078,0.57036836408117,"GO:0071427",0.350236745552028
"C1","GO:0006401",1,800,11,13936,0.478240236337451,0.593142111301644,"GO:0006401",0.320353887684467
"C1","GO:0006487",1,800,11,13936,0.478240236337451,0.593142111301644,"GO:0006487",0.320353887684467
"C1","GO:0006665",1,800,11,13936,0.478240236337451,0.593142111301644,"GO:0006665",0.320353887684467
"C1","GO:0007005",1,800,11,13936,0.478240236337451,0.593142111301644,"GO:0007005",0.320353887684467
"C1","GO:0010027",1,800,11,13936,0.478240236337451,0.593142111301644,"GO:0010027",0.320353887684467
"C1","GO:0016024",1,800,11,13936,0.478240236337451,0.593142111301644,"GO:0016024",0.320353887684467
"C1","GO:0030433",1,800,11,13936,0.478240236337451,0.593142111301644,"GO:0030433",0.320353887684467
"C1","GO:0035246",1,800,11,13936,0.478240236337451,0.593142111301644,"GO:0035246",0.320353887684467
"C1","GO:0045492",1,800,11,13936,0.478240236337451,0.593142111301644,"GO:0045492",0.320353887684467
"C1","GO:0032508",2,800,28,13936,0.483404572404326,0.597606947114733,"GO:0032508",0.315689246024818
"C1","GO:0006811",1,800,12,13936,0.508215662616089,0.622238407433802,"GO:0006811",0.29395195462819
"C1","GO:0042026",1,800,12,13936,0.508215662616089,0.622238407433802,"GO:0042026",0.29395195462819
"C1","GO:0120009",1,800,12,13936,0.508215662616089,0.622238407433802,"GO:0120009",0.29395195462819
"C1","GO:0000462",1,800,13,13936,0.536471010928868,0.642419831269052,"GO:0000462",0.270453740862572
"C1","GO:0006817",1,800,13,13936,0.536471010928868,0.642419831269052,"GO:0006817",0.270453740862572
"C1","GO:0007131",1,800,13,13936,0.536471010928868,0.642419831269052,"GO:0007131",0.270453740862572
"C1","GO:0008033",1,800,13,13936,0.536471010928868,0.642419831269052,"GO:0008033",0.270453740862572
"C1","GO:0045927",1,800,13,13936,0.536471010928868,0.642419831269052,"GO:0045927",0.270453740862572
"C1","GO:0098656",1,800,13,13936,0.536471010928868,0.642419831269052,"GO:0098656",0.270453740862572
"C1","GO:1903830",1,800,13,13936,0.536471010928868,0.642419831269052,"GO:1903830",0.270453740862572
"C1","GO:0019252",2,800,31,13936,0.538226497996563,0.642507881983398,"GO:0019252",0.269034924836098
"C1","GO:0015031",5,800,85,13936,0.543249539941218,0.64648387619173,"GO:0015031",0.265000632795887
"C1","GO:0016310",14,800,246,13936,0.55291972046944,0.654595253116979,"GO:0016310",0.257337920210792
"C1","GO:0016579",3,800,50,13936,0.553492844913047,0.654595253116979,"GO:0016579",0.256887988940391
"C1","GO:0000463",1,800,15,13936,0.588210176497225,0.691373192067507,"GO:0000463",0.230467466128918
"C1","GO:0033962",1,800,15,13936,0.588210176497225,0.691373192067507,"GO:0033962",0.230467466128918
"C1","GO:0006749",3,800,54,13936,0.606311202988019,0.706151302909593,"GO:0006749",0.217304407105743
"C1","GO:0007166",1,800,16,13936,0.611874558280302,0.706151302909593,"GO:0007166",0.213337604375151
"C1","GO:0008299",1,800,16,13936,0.611874558280302,0.706151302909593,"GO:0008299",0.213337604375151
"C1","GO:0043328",1,800,16,13936,0.611874558280302,0.706151302909593,"GO:0043328",0.213337604375151
"C1","GO:0051225",1,800,16,13936,0.611874558280302,0.706151302909593,"GO:0051225",0.213337604375151
"C1","GO:0071897",1,800,16,13936,0.611874558280302,0.706151302909593,"GO:0071897",0.213337604375151
"C1","GO:0050790",5,800,92,13936,0.614354538108678,0.706877811920226,"GO:0050790",0.211580929335654
"C1","GO:0007049",3,800,56,13936,0.631112031919852,0.723978366947097,"GO:0007049",0.199893540080988
"C1","GO:0051028",1,800,17,13936,0.63418061814925,0.725320347703634,"GO:0051028",0.19778703502961
"C1","GO:0022900",4,800,76,13936,0.641794738572468,0.731837582491591,"GO:0022900",0.192603847568203
"C1","GO:0045944",2,800,38,13936,0.64984968861576,0.738817205509585,"GO:0045944",0.187187084824501
"C1","GO:0000387",1,800,19,13936,0.675024812362184,0.762897864859036,"GO:0000387",0.170680263207599
"C1","GO:0005992",1,800,19,13936,0.675024812362184,0.762897864859036,"GO:0005992",0.170680263207599
"C1","GO:0042254",2,800,40,13936,0.677527518688453,0.763467587430647,"GO:0042254",0.169073060642732
"C1","GO:0031047",2,800,41,13936,0.690684369780222,0.776004203694249,"GO:0031047",0.160720371987204
"C1","GO:0006508",17,800,326,13936,0.694494927143555,0.777997249761988,"GO:0006508",0.158330922167702
"C1","GO:0006979",1,800,21,13936,0.711313761104734,0.787599584759445,"GO:0006979",0.1479387893423
"C1","GO:0008610",1,800,21,13936,0.711313761104734,0.787599584759445,"GO:0008610",0.1479387893423
"C1","GO:0034976",1,800,21,13936,0.711313761104734,0.787599584759445,"GO:0034976",0.1479387893423
"C1","GO:0090630",1,800,21,13936,0.711313761104734,0.787599584759445,"GO:0090630",0.1479387893423
"C1","GO:0006352",1,800,22,13936,0.727910885870542,0.80133129222636,"GO:0006352",0.137921785719393
"C1","GO:2000022",1,800,22,13936,0.727910885870542,0.80133129222636,"GO:2000022",0.137921785719393
"C1","GO:0045892",2,800,45,13936,0.738936129537047,0.81113103874469,"GO:0045892",0.13139309853127
"C1","GO:0006606",1,800,23,13936,0.743554934404649,0.813862421038899,"GO:0006606",0.128686939949732
"C1","GO:0006353",1,800,24,13936,0.758300571756498,0.822928461394836,"GO:0006353",0.120158616556496
"C1","GO:0006896",1,800,24,13936,0.758300571756498,0.822928461394836,"GO:0006896",0.120158616556496
"C1","GO:0009733",1,800,24,13936,0.758300571756498,0.822928461394836,"GO:0009733",0.120158616556496
"C1","GO:0071555",2,800,47,13936,0.760557410523235,0.823039464078968,"GO:0071555",0.118867997741967
"C1","GO:0006869",2,800,48,13936,0.77077486604157,0.831740109683276,"GO:0006869",0.113072455559687
"C1","GO:0015979",2,800,49,13936,0.780610131219652,0.839980479227907,"GO:0015979",0.107565816487723
"C1","GO:0098869",2,800,50,13936,0.790073351482427,0.846609869222668,"GO:0098869",0.102332586348511
"C1","GO:0006468",38,800,741,13936,0.791203464168828,0.846609869222668,"GO:0006468",0.101711819911745
"C1","GO:0009793",1,800,27,13936,0.797647756838316,0.848750537917094,"GO:0009793",0.0981888517996455
"C1","GO:0045489",1,800,27,13936,0.797647756838316,0.848750537917094,"GO:0045489",0.0981888517996455
"C1","GO:0006397",2,800,53,13936,0.816333374369073,0.865574435589348,"GO:0006397",0.0881324477636764
"C1","GO:0006506",1,800,29,13936,0.820256402312419,0.865574435589348,"GO:0006506",0.0860503711484327
"C1","GO:0018231",1,800,29,13936,0.820256402312419,0.865574435589348,"GO:0018231",0.0860503711484327
"C1","GO:0006334",2,800,54,13936,0.824411150191422,0.867562147033397,"GO:0006334",0.0838561430041068
"C1","GO:0055085",10,800,224,13936,0.834602793312839,0.875874360015122,"GO:0055085",0.0785201660916932
"C1","GO:0090502",1,800,31,13936,0.840341805591277,0.87948101297498,"GO:0090502",0.0755440304993931
"C1","GO:0006281",1,800,33,13936,0.858185260718458,0.894301747103192,"GO:0006281",0.06641894872156
"C1","GO:0005975",6,800,148,13936,0.859185186353067,0.894301747103192,"GO:0005975",0.0659132194710805
"C1","GO:0006004",1,800,39,13936,0.900627534585747,0.932356959923456,"GO:0006004",0.0454547796295219
"C1","GO:0010468",1,800,39,13936,0.900627534585747,0.932356959923456,"GO:0010468",0.0454547796295219
"C1","GO:0006357",6,800,160,13936,0.903184366696355,0.932476832643264,"GO:0006357",0.0442235882623029
"C1","GO:0016567",13,800,309,13936,0.907461387748274,0.934367250996875,"GO:0016567",0.0421718450186967
"C1","GO:0006260",1,800,44,13936,0.926124433951126,0.951020252068091,"GO:0006260",0.0333306576509993
"C1","GO:0016311",2,800,81,13936,0.951063442571075,0.974011354054023,"GO:0016311",0.0217905116224868
"C1","GO:0006355",26,800,604,13936,0.954319066752449,0.974732308822021,"GO:0006355",0.0203063991294289
"C1","GO:0006629",2,800,88,13936,0.965394315346069,0.983255056827196,"GO:0006629",0.0152952628211411
"C1","GO:0006633",1,800,58,13936,0.967811260123104,0.983255056827196,"GO:0006633",0.0142093293436569
"C1","GO:0007018",1,800,60,13936,0.971415476261848,0.984298970641979,"GO:0007018",0.0125949817755001
"C1","GO:0090305",1,800,62,13936,0.974616571155948,0.984929974025323,"GO:0090305",0.0111662086941002
"C1","GO:0006486",1,800,66,13936,0.979984522541179,0.987741655964988,"GO:0006486",0.00878078331570924
"C1","GO:0006952",1,800,101,13936,0.99750429599008,0.999405431182465,"GO:0006952",0.00108522524445392
"C1","GO:0006412",10,800,367,13936,0.998073543251976,0.999405431182465,"GO:0006412",0.000837456456362674
"C1","GO:0032259",4,800,232,13936,0.999405431182465,0.999405431182465,"GO:0032259",0.00025829475118092
"C2","GO:0006412",187,849,367,13936,7.46196525588422e-132,1.93264900127401e-129,"GO:0006412",131.127146777436
"C2","GO:0006334",36,849,54,13936,2.970356130073e-31,3.84661118844454e-29,"GO:0006334",30.5271914779375
"C2","GO:0006342",13,849,20,13936,7.5765624532229e-12,6.5410989179491e-10,"GO:0006342",11.1205277925497
"C2","GO:0000463",11,849,15,13936,4.39074311030218e-11,2.84300616392066e-09,"GO:0000463",10.3574619714681
"C2","GO:0006457",24,849,105,13936,1.31890205488028e-08,6.83191264427986e-07,"GO:0006457",7.87978745510143
"C2","GO:0001732",9,849,21,13936,1.6742668723652e-06,7.22725199904311e-05,"GO:0001732",5.77617531578245
"C2","GO:0042254",12,849,40,13936,2.76259811865154e-06,0.000102216130390107,"GO:0042254",5.5586822882816
"C2","GO:0043161",9,849,29,13936,3.66467265751607e-05,0.00118643777287083,"GO:0043161",4.43596481212341
"C2","GO:0000387",7,849,19,13936,8.01218384916696e-05,0.00230572846326027,"GO:0000387",4.09624909385641
"C2","GO:1901800",6,849,14,13936,9.87689321488656e-05,0.00255811534265562,"GO:1901800",4.0053796416284
"C2","GO:0000398",19,849,120,13936,0.000112362987446911,0.00264563761352272,"GO:0000398",3.94937672252795
"C2","GO:0006413",17,849,103,13936,0.000151342604159403,0.00321837929199144,"GO:0006413",3.82003879737831
"C2","GO:0006265",5,849,10,13936,0.0001615402733432,0.00321837929199144,"GO:0006265",3.79171918658195
"C2","GO:0006913",6,849,19,13936,0.000685848994356289,0.0126882063955913,"GO:0006913",3.16377149382219
"C2","GO:0002182",3,849,4,13936,0.00086036760106798,0.0139272005422879,"GO:0002182",3.06531595223893
"C2","GO:0006612",3,849,4,13936,0.00086036760106798,0.0139272005422879,"GO:0006612",3.06531595223893
"C2","GO:0006270",5,849,14,13936,0.00104532634595961,0.0159258543296199,"GO:0006270",2.98074810369323
"C2","GO:0008380",8,849,38,13936,0.00174926009973526,0.0251699092128573,"GO:0008380",2.75714560991453
"C2","GO:0010468",8,849,39,13936,0.00208522231917927,0.0284248726667068,"GO:0010468",2.6808476352487
"C2","GO:0007005",4,849,11,13936,0.00319505043571689,0.0376097965158402,"GO:0007005",2.49552228186218
"C2","GO:0006275",2,849,2,13936,0.00370730598065399,0.0376097965158402,"GO:0006275",2.43094156821224
"C2","GO:0010449",2,849,2,13936,0.00370730598065399,0.0376097965158402,"GO:0010449",2.43094156821224
"C2","GO:0031120",2,849,2,13936,0.00370730598065399,0.0376097965158402,"GO:0031120",2.43094156821224
"C2","GO:0060267",2,849,2,13936,0.00370730598065399,0.0376097965158402,"GO:0060267",2.43094156821224
"C2","GO:0097010",2,849,2,13936,0.00370730598065399,0.0376097965158402,"GO:0097010",2.43094156821224
"C2","GO:0010162",3,849,6,13936,0.00392071237809917,0.0376097965158402,"GO:0010162",2.40663501620172
"C2","GO:0048026",3,849,6,13936,0.00392071237809917,0.0376097965158402,"GO:0048026",2.40663501620172
"C2","GO:0006075",4,849,13,13936,0.00627739644647394,0.058065917129884,"GO:0006075",2.20222044278802
"C2","GO:0009116",3,849,7,13936,0.0065517500364274,0.0585139054977482,"GO:0009116",2.18364268021453
"C2","GO:0006414",8,849,47,13936,0.00693783488101513,0.0598966411394306,"GO:0006414",2.15877604048665
"C2","GO:0051603",5,849,22,13936,0.0091603278487723,0.0727327149842984,"GO:0051603",2.03808898262421
"C2","GO:0006904",3,849,8,13936,0.0100114823903273,0.0727327149842984,"GO:0006904",1.99950161220361
"C2","GO:0000461",2,849,3,13936,0.0106712091482754,0.0727327149842984,"GO:0000461",1.97178636814143
"C2","GO:0006433",2,849,3,13936,0.0106712091482754,0.0727327149842984,"GO:0006433",1.97178636814143
"C2","GO:0009263",2,849,3,13936,0.0106712091482754,0.0727327149842984,"GO:0009263",1.97178636814143
"C2","GO:0016070",2,849,3,13936,0.0106712091482754,0.0727327149842984,"GO:0016070",1.97178636814143
"C2","GO:0045905",2,849,3,13936,0.0106712091482754,0.0727327149842984,"GO:0045905",1.97178636814143
"C2","GO:1901671",2,849,3,13936,0.0106712091482754,0.0727327149842984,"GO:1901671",1.97178636814143
"C2","GO:0002181",3,849,9,13936,0.0143442622729348,0.0952606135561571,"GO:0002181",1.84332178265899
"C2","GO:0033355",2,849,4,13936,0.0204820506954829,0.132621278253252,"GO:0033355",1.68862656326523
"C2","GO:0016554",3,849,11,13936,0.0257196595090207,0.162472971044789,"GO:0016554",1.58973478513865
"C2","GO:0006378",2,849,5,13936,0.0327679021305685,0.188619391053821,"GO:0006378",1.48455136216606
"C2","GO:0006751",2,849,5,13936,0.0327679021305685,0.188619391053821,"GO:0006751",1.48455136216606
"C2","GO:1904668",2,849,5,13936,0.0327679021305685,0.188619391053821,"GO:1904668",1.48455136216606
"C2","GO:0042026",3,849,12,13936,0.032771708870355,0.188619391053821,"GO:0042026",1.48450091187928
"C2","GO:0006364",7,849,51,13936,0.033916168562435,0.190962775166754,"GO:0006364",1.46959321497005
"C2","GO:0031047",6,849,41,13936,0.0364591616277056,0.200913252373952,"GO:0031047",1.43819332209485
"C2","GO:0006396",5,849,32,13936,0.0425150559968957,0.229404156316583,"GO:0006396",1.37145724457457
"C2","GO:0006260",6,849,44,13936,0.0491631733138949,0.240906386177534,"GO:0006260",1.30836009266444
"C2","GO:0002188",1,849,1,13936,0.0609213547646376,0.240906386177534,"GO:0002188",1.21523044741964
"C2","GO:0006069",1,849,1,13936,0.0609213547646376,0.240906386177534,"GO:0006069",1.21523044741964
"C2","GO:0006301",1,849,1,13936,0.0609213547646376,0.240906386177534,"GO:0006301",1.21523044741964
"C2","GO:0009652",1,849,1,13936,0.0609213547646376,0.240906386177534,"GO:0009652",1.21523044741964
"C2","GO:0010265",1,849,1,13936,0.0609213547646376,0.240906386177534,"GO:0010265",1.21523044741964
"C2","GO:0010439",1,849,1,13936,0.0609213547646376,0.240906386177534,"GO:0010439",1.21523044741964
"C2","GO:0016584",1,849,1,13936,0.0609213547646376,0.240906386177534,"GO:0016584",1.21523044741964
"C2","GO:0033260",1,849,1,13936,0.0609213547646376,0.240906386177534,"GO:0033260",1.21523044741964
"C2","GO:0046081",1,849,1,13936,0.0609213547646376,0.240906386177534,"GO:0046081",1.21523044741964
"C2","GO:0051391",1,849,1,13936,0.0609213547646376,0.240906386177534,"GO:0051391",1.21523044741964
"C2","GO:0070143",1,849,1,13936,0.0609213547646376,0.240906386177534,"GO:0070143",1.21523044741964
"C2","GO:0097359",1,849,1,13936,0.0609213547646376,0.240906386177534,"GO:0097359",1.21523044741964
"C2","GO:1901001",1,849,1,13936,0.0609213547646376,0.240906386177534,"GO:1901001",1.21523044741964
"C2","GO:1901565",1,849,1,13936,0.0609213547646376,0.240906386177534,"GO:1901565",1.21523044741964
"C2","GO:1902659",1,849,1,13936,0.0609213547646376,0.240906386177534,"GO:1902659",1.21523044741964
"C2","GO:1905775",1,849,1,13936,0.0609213547646376,0.240906386177534,"GO:1905775",1.21523044741964
"C2","GO:0006633",7,849,58,13936,0.0613892721533485,0.240906386177534,"GO:0006633",1.21190751569379
"C2","GO:0006366",2,849,7,13936,0.0634473957949536,0.24165993398372,"GO:0006366",1.19758619886623
"C2","GO:0015937",2,849,7,13936,0.0634473957949536,0.24165993398372,"GO:0015937",1.19758619886623
"C2","GO:0009617",3,849,17,13936,0.0809334079895245,0.29642501457501,"GO:0009617",1.09187217170577
"C2","GO:0006526",2,849,8,13936,0.081259366929829,0.29642501457501,"GO:0006526",1.09012656546952
"C2","GO:0042176",2,849,8,13936,0.081259366929829,0.29642501457501,"GO:0042176",1.09012656546952
"C2","GO:0000028",2,849,9,13936,0.10037796826037,0.332231738195776,"GO:0000028",0.998361599072769
"C2","GO:0048193",2,849,9,13936,0.10037796826037,0.332231738195776,"GO:0048193",0.998361599072769
"C2","GO:0007017",4,849,30,13936,0.106816774793546,0.332231738195776,"GO:0007017",0.971360539178264
"C2","GO:0001172",1,849,2,13936,0.118135403548623,0.332231738195776,"GO:0001172",0.927619930822945
"C2","GO:0006420",1,849,2,13936,0.118135403548623,0.332231738195776,"GO:0006420",0.927619930822945
"C2","GO:0006422",1,849,2,13936,0.118135403548623,0.332231738195776,"GO:0006422",0.927619930822945
"C2","GO:0006436",1,849,2,13936,0.118135403548623,0.332231738195776,"GO:0006436",0.927619930822945
"C2","GO:0006997",1,849,2,13936,0.118135403548623,0.332231738195776,"GO:0006997",0.927619930822945
"C2","GO:0007021",1,849,2,13936,0.118135403548623,0.332231738195776,"GO:0007021",0.927619930822945
"C2","GO:0034473",1,849,2,13936,0.118135403548623,0.332231738195776,"GO:0034473",0.927619930822945
"C2","GO:0043066",1,849,2,13936,0.118135403548623,0.332231738195776,"GO:0043066",0.927619930822945
"C2","GO:0043967",1,849,2,13936,0.118135403548623,0.332231738195776,"GO:0043967",0.927619930822945
"C2","GO:0044030",1,849,2,13936,0.118135403548623,0.332231738195776,"GO:0044030",0.927619930822945
"C2","GO:0045047",1,849,2,13936,0.118135403548623,0.332231738195776,"GO:0045047",0.927619930822945
"C2","GO:0045488",1,849,2,13936,0.118135403548623,0.332231738195776,"GO:0045488",0.927619930822945
"C2","GO:0080022",1,849,2,13936,0.118135403548623,0.332231738195776,"GO:0080022",0.927619930822945
"C2","GO:0090116",1,849,2,13936,0.118135403548623,0.332231738195776,"GO:0090116",0.927619930822945
"C2","GO:0090266",1,849,2,13936,0.118135403548623,0.332231738195776,"GO:0090266",0.927619930822945
"C2","GO:0140546",1,849,2,13936,0.118135403548623,0.332231738195776,"GO:0140546",0.927619930822945
"C2","GO:1900034",1,849,2,13936,0.118135403548623,0.332231738195776,"GO:1900034",0.927619930822945
"C2","GO:0070534",2,849,10,13936,0.12057831424866,0.332231738195776,"GO:0070534",0.918730792104622
"C2","GO:0070536",2,849,10,13936,0.12057831424866,0.332231738195776,"GO:0070536",0.918730792104622
"C2","GO:0071427",2,849,10,13936,0.12057831424866,0.332231738195776,"GO:0071427",0.918730792104622
"C2","GO:0006487",2,849,11,13936,0.141658015301913,0.377234599101171,"GO:0006487",0.848758847173132
"C2","GO:0035246",2,849,11,13936,0.141658015301913,0.377234599101171,"GO:0035246",0.848758847173132
"C2","GO:0000209",4,849,35,13936,0.161890493685253,0.377234599101171,"GO:0000209",0.790778652551449
"C2","GO:0006417",3,849,23,13936,0.161928596684753,0.377234599101171,"GO:0006417",0.790676447814326
"C2","GO:0006606",3,849,23,13936,0.161928596684753,0.377234599101171,"GO:0006606",0.790676447814326
"C2","GO:0006351",5,849,48,13936,0.166176657031141,0.377234599101171,"GO:0006351",0.779429981963221
"C2","GO:0000460",1,849,3,13936,0.171867500748796,0.377234599101171,"GO:0000460",0.764806238378945
"C2","GO:0006011",1,849,3,13936,0.171867500748796,0.377234599101171,"GO:0006011",0.764806238378945
"C2","GO:0006421",1,849,3,13936,0.171867500748796,0.377234599101171,"GO:0006421",0.764806238378945
"C2","GO:0006428",1,849,3,13936,0.171867500748796,0.377234599101171,"GO:0006428",0.764806238378945
"C2","GO:0006430",1,849,3,13936,0.171867500748796,0.377234599101171,"GO:0006430",0.764806238378945
"C2","GO:0006435",1,849,3,13936,0.171867500748796,0.377234599101171,"GO:0006435",0.764806238378945
"C2","GO:0006438",1,849,3,13936,0.171867500748796,0.377234599101171,"GO:0006438",0.764806238378945
"C2","GO:0006446",1,849,3,13936,0.171867500748796,0.377234599101171,"GO:0006446",0.764806238378945
"C2","GO:0006611",1,849,3,13936,0.171867500748796,0.377234599101171,"GO:0006611",0.764806238378945
"C2","GO:0006620",1,849,3,13936,0.171867500748796,0.377234599101171,"GO:0006620",0.764806238378945
"C2","GO:0009631",1,849,3,13936,0.171867500748796,0.377234599101171,"GO:0009631",0.764806238378945
"C2","GO:0010971",1,849,3,13936,0.171867500748796,0.377234599101171,"GO:0010971",0.764806238378945
"C2","GO:0018279",1,849,3,13936,0.171867500748796,0.377234599101171,"GO:0018279",0.764806238378945
"C2","GO:0019464",1,849,3,13936,0.171867500748796,0.377234599101171,"GO:0019464",0.764806238378945
"C2","GO:0032434",1,849,3,13936,0.171867500748796,0.377234599101171,"GO:0032434",0.764806238378945
"C2","GO:0045903",1,849,3,13936,0.171867500748796,0.377234599101171,"GO:0045903",0.764806238378945
"C2","GO:0090610",1,849,3,13936,0.171867500748796,0.377234599101171,"GO:0090610",0.764806238378945
"C2","GO:2001295",1,849,3,13936,0.171867500748796,0.377234599101171,"GO:2001295",0.764806238378945
"C2","GO:0016573",2,849,14,13936,0.208447890458454,0.43956712378021,"GO:0016573",0.681002495677471
"C2","GO:0000027",1,849,4,13936,0.222329317433234,0.43956712378021,"GO:0000027",0.653003265326372
"C2","GO:0000731",1,849,4,13936,0.222329317433234,0.43956712378021,"GO:0000731",0.653003265326372
"C2","GO:0006081",1,849,4,13936,0.222329317433234,0.43956712378021,"GO:0006081",0.653003265326372
"C2","GO:0006168",1,849,4,13936,0.222329317433234,0.43956712378021,"GO:0006168",0.653003265326372
"C2","GO:0006432",1,849,4,13936,0.222329317433234,0.43956712378021,"GO:0006432",0.653003265326372
"C2","GO:0006529",1,849,4,13936,0.222329317433234,0.43956712378021,"GO:0006529",0.653003265326372
"C2","GO:0009926",1,849,4,13936,0.222329317433234,0.43956712378021,"GO:0009926",0.653003265326372
"C2","GO:0010229",1,849,4,13936,0.222329317433234,0.43956712378021,"GO:0010229",0.653003265326372
"C2","GO:0010930",1,849,4,13936,0.222329317433234,0.43956712378021,"GO:0010930",0.653003265326372
"C2","GO:0019346",1,849,4,13936,0.222329317433234,0.43956712378021,"GO:0019346",0.653003265326372
"C2","GO:0055129",1,849,4,13936,0.222329317433234,0.43956712378021,"GO:0055129",0.653003265326372
"C2","GO:2000028",1,849,4,13936,0.222329317433234,0.43956712378021,"GO:2000028",0.653003265326372
"C2","GO:0006108",2,849,15,13936,0.231407520108564,0.45063569705352,"GO:0006108",0.635622531777592
"C2","GO:0061157",2,849,15,13936,0.231407520108564,0.45063569705352,"GO:0061157",0.635622531777592
"C2","GO:0015031",7,849,85,13936,0.259896416712946,0.485120797611494,"GO:0015031",0.585199708234741
"C2","GO:0000054",1,849,5,13936,0.2697196712589,0.485120797611494,"GO:0000054",0.569087378324082
"C2","GO:0006574",1,849,5,13936,0.2697196712589,0.485120797611494,"GO:0006574",0.569087378324082
"C2","GO:0006790",1,849,5,13936,0.2697196712589,0.485120797611494,"GO:0006790",0.569087378324082
"C2","GO:0030026",1,849,5,13936,0.2697196712589,0.485120797611494,"GO:0030026",0.569087378324082
"C2","GO:0031145",1,849,5,13936,0.2697196712589,0.485120797611494,"GO:0031145",0.569087378324082
"C2","GO:0034605",1,849,5,13936,0.2697196712589,0.485120797611494,"GO:0034605",0.569087378324082
"C2","GO:0042256",1,849,5,13936,0.2697196712589,0.485120797611494,"GO:0042256",0.569087378324082
"C2","GO:0048653",1,849,5,13936,0.2697196712589,0.485120797611494,"GO:0048653",0.569087378324082
"C2","GO:0089722",1,849,5,13936,0.2697196712589,0.485120797611494,"GO:0089722",0.569087378324082
"C2","GO:1902183",1,849,5,13936,0.2697196712589,0.485120797611494,"GO:1902183",0.569087378324082
"C2","GO:0006511",9,849,116,13936,0.275143351421697,0.489199905929218,"GO:0006511",0.56044097704056
"C2","GO:0043248",2,849,17,13936,0.277654000662529,0.489199905929218,"GO:0043248",0.556496064481553
"C2","GO:0051028",2,849,17,13936,0.277654000662529,0.489199905929218,"GO:0051028",0.556496064481553
"C2","GO:0090502",3,849,31,13936,0.292084882218079,0.511148543881639,"GO:0090502",0.534490920736737
"C2","GO:0007264",2,849,18,13936,0.300747717770632,0.51837168332684,"GO:0007264",0.521797659626959
"C2","GO:0001682",1,849,6,13936,0.31422530610932,0.51837168332684,"GO:0001682",0.502758842017011
"C2","GO:0006996",1,849,6,13936,0.31422530610932,0.51837168332684,"GO:0006996",0.502758842017011
"C2","GO:0009099",1,849,6,13936,0.31422530610932,0.51837168332684,"GO:0009099",0.502758842017011
"C2","GO:0010197",1,849,6,13936,0.31422530610932,0.51837168332684,"GO:0010197",0.502758842017011
"C2","GO:0032511",1,849,6,13936,0.31422530610932,0.51837168332684,"GO:0032511",0.502758842017011
"C2","GO:0070475",1,849,6,13936,0.31422530610932,0.51837168332684,"GO:0070475",0.502758842017011
"C2","GO:0080156",1,849,6,13936,0.31422530610932,0.51837168332684,"GO:0080156",0.502758842017011
"C2","GO:1990544",1,849,6,13936,0.31422530610932,0.51837168332684,"GO:1990544",0.502758842017011
"C2","GO:0007034",2,849,20,13936,0.346476439703797,0.533003472509926,"GO:0007034",0.460326291945436
"C2","GO:0006207",1,849,7,13936,0.356021624495047,0.533003472509926,"GO:0006207",0.448523622494389
"C2","GO:0006418",1,849,7,13936,0.356021624495047,0.533003472509926,"GO:0006418",0.448523622494389
"C2","GO:0006627",1,849,7,13936,0.356021624495047,0.533003472509926,"GO:0006627",0.448523622494389
"C2","GO:0009086",1,849,7,13936,0.356021624495047,0.533003472509926,"GO:0009086",0.448523622494389
"C2","GO:0009098",1,849,7,13936,0.356021624495047,0.533003472509926,"GO:0009098",0.448523622494389
"C2","GO:0009269",1,849,7,13936,0.356021624495047,0.533003472509926,"GO:0009269",0.448523622494389
"C2","GO:0019722",1,849,7,13936,0.356021624495047,0.533003472509926,"GO:0019722",0.448523622494389
"C2","GO:0032012",1,849,7,13936,0.356021624495047,0.533003472509926,"GO:0032012",0.448523622494389
"C2","GO:0045037",1,849,7,13936,0.356021624495047,0.533003472509926,"GO:0045037",0.448523622494389
"C2","GO:0045040",1,849,7,13936,0.356021624495047,0.533003472509926,"GO:0045040",0.448523622494389
"C2","GO:0046294",1,849,7,13936,0.356021624495047,0.533003472509926,"GO:0046294",0.448523622494389
"C2","GO:0046907",1,849,7,13936,0.356021624495047,0.533003472509926,"GO:0046907",0.448523622494389
"C2","GO:0070084",1,849,7,13936,0.356021624495047,0.533003472509926,"GO:0070084",0.448523622494389
"C2","GO:0072318",1,849,7,13936,0.356021624495047,0.533003472509926,"GO:0072318",0.448523622494389
"C2","GO:0072596",1,849,7,13936,0.356021624495047,0.533003472509926,"GO:0072596",0.448523622494389
"C2","GO:0008610",2,849,21,13936,0.368980702801513,0.546091440146239,"GO:0008610",0.432996346269027
"C2","GO:0046686",2,849,21,13936,0.368980702801513,0.546091440146239,"GO:0046686",0.432996346269027
"C2","GO:0009734",6,849,83,13936,0.394203647346458,0.562504419088628,"GO:0009734",0.404279361753399
"C2","GO:0000105",1,849,8,13936,0.395273375575793,0.562504419088628,"GO:0000105",0.403102437440301
"C2","GO:0000956",1,849,8,13936,0.395273375575793,0.562504419088628,"GO:0000956",0.403102437440301
"C2","GO:0002098",1,849,8,13936,0.395273375575793,0.562504419088628,"GO:0002098",0.403102437440301
"C2","GO:0006228",1,849,8,13936,0.395273375575793,0.562504419088628,"GO:0006228",0.403102437440301
"C2","GO:0009245",1,849,8,13936,0.395273375575793,0.562504419088628,"GO:0009245",0.403102437440301
"C2","GO:0043044",1,849,8,13936,0.395273375575793,0.562504419088628,"GO:0043044",0.403102437440301
"C2","GO:0006397",4,849,53,13936,0.405520423678477,0.573933277228009,"GO:0006397",0.391987268043461
"C2","GO:0009423",1,849,9,13936,0.432135301490221,0.595335335563655,"GO:0009423",0.364380254364128
"C2","GO:0009739",1,849,9,13936,0.432135301490221,0.595335335563655,"GO:0009739",0.364380254364128
"C2","GO:0042273",1,849,9,13936,0.432135301490221,0.595335335563655,"GO:0042273",0.364380254364128
"C2","GO:0045292",1,849,9,13936,0.432135301490221,0.595335335563655,"GO:0045292",0.364380254364128
"C2","GO:0051017",1,849,9,13936,0.432135301490221,0.595335335563655,"GO:0051017",0.364380254364128
"C2","GO:0000413",4,849,56,13936,0.447137413599837,0.612743863081259,"GO:0000413",0.349558989626147
"C2","GO:0001522",2,849,25,13936,0.455445809016373,0.617594055158328,"GO:0001522",0.341563289920935
"C2","GO:0043086",2,849,25,13936,0.455445809016373,0.617594055158328,"GO:0043086",0.341563289920935
"C2","GO:0006535",1,849,10,13936,0.466752744517061,0.623138973350097,"GO:0006535",0.330913119709659
"C2","GO:0050821",1,849,10,13936,0.466752744517061,0.623138973350097,"GO:0050821",0.330913119709659
"C2","GO:0080167",1,849,10,13936,0.466752744517061,0.623138973350097,"GO:0080167",0.330913119709659
"C2","GO:0006325",2,849,26,13936,0.47599449955006,0.632218335299823,"GO:0006325",0.32239806582753
"C2","GO:0009793",2,849,27,13936,0.496063848667185,0.646544571582956,"GO:0009793",0.304462421616167
"C2","GO:0006006",1,849,11,13936,0.499262217438576,0.646544571582956,"GO:0006006",0.301671298713174
"C2","GO:0006401",1,849,11,13936,0.499262217438576,0.646544571582956,"GO:0006401",0.301671298713174
"C2","GO:0045116",1,849,11,13936,0.499262217438576,0.646544571582956,"GO:0045116",0.301671298713174
"C2","GO:0051321",1,849,11,13936,0.499262217438576,0.646544571582956,"GO:0051321",0.301671298713174
"C2","GO:0000373",1,849,12,13936,0.529791939334062,0.682667225311055,"GO:0000373",0.27589465368199
"C2","GO:0000462",1,849,13,13936,0.558462338896357,0.695393008529598,"GO:0000462",0.253006109139211
"C2","GO:0006614",1,849,13,13936,0.558462338896357,0.695393008529598,"GO:0006614",0.253006109139211
"C2","GO:0006817",1,849,13,13936,0.558462338896357,0.695393008529598,"GO:0006817",0.253006109139211
"C2","GO:0016925",1,849,13,13936,0.558462338896357,0.695393008529598,"GO:0016925",0.253006109139211
"C2","GO:0019430",1,849,13,13936,0.558462338896357,0.695393008529598,"GO:0019430",0.253006109139211
"C2","GO:0032981",1,849,13,13936,0.558462338896357,0.695393008529598,"GO:0032981",0.253006109139211
"C2","GO:0098656",1,849,13,13936,0.558462338896357,0.695393008529598,"GO:0098656",0.253006109139211
"C2","GO:0006869",3,849,48,13936,0.566655571643591,0.702219105529618,"GO:0006869",0.246680836672807
"C2","GO:0000162",1,849,14,13936,0.585386527237733,0.715165615823457,"GO:0000162",0.232557277142474
"C2","GO:0009737",1,849,14,13936,0.585386527237733,0.715165615823457,"GO:0009737",0.232557277142474
"C2","GO:1901259",1,849,14,13936,0.585386527237733,0.715165615823457,"GO:1901259",0.232557277142474
"C2","GO:0016579",3,849,50,13936,0.594718373753139,0.723155205643488,"GO:0016579",0.225688643817296
"C2","GO:0006096",2,849,33,13936,0.605665617846835,0.732239454566957,"GO:0006096",0.217767079470615
"C2","GO:0006367",1,849,15,13936,0.610670742032674,0.732239454566957,"GO:0006367",0.214192887074955
"C2","GO:0043622",1,849,15,13936,0.610670742032674,0.732239454566957,"GO:0043622",0.214192887074955
"C2","GO:0000165",1,849,16,13936,0.634414764733217,0.74687920029956,"GO:0000165",0.197626718238457
"C2","GO:0001510",1,849,16,13936,0.634414764733217,0.74687920029956,"GO:0001510",0.197626718238457
"C2","GO:0006662",1,849,16,13936,0.634414764733217,0.74687920029956,"GO:0006662",0.197626718238457
"C2","GO:0045039",1,849,16,13936,0.634414764733217,0.74687920029956,"GO:0045039",0.197626718238457
"C2","GO:0007030",1,849,17,13936,0.656712312487635,0.769631171648405,"GO:0007030",0.18262484118871
"C2","GO:0009908",1,849,18,13936,0.677651406294517,0.783534438528036,"GO:0009908",0.168993656066926
"C2","GO:0032502",1,849,18,13936,0.677651406294517,0.783534438528036,"GO:0032502",0.168993656066926
"C2","GO:0046940",1,849,18,13936,0.677651406294517,0.783534438528036,"GO:0046940",0.168993656066926
"C2","GO:0006465",1,849,19,13936,0.69731471683166,0.802686718486223,"GO:0006465",0.156571168910477
"C2","GO:0006979",1,849,21,13936,0.733119848637602,0.836467140075502,"GO:0006979",0.134825022156591
"C2","GO:0009408",1,849,21,13936,0.733119848637602,0.836467140075502,"GO:0009408",0.134825022156591
"C2","GO:2000022",1,849,22,13936,0.74940308604376,0.851295610900587,"GO:2000022",0.125284522812789
"C2","GO:0006099",1,849,23,13936,0.764693928357174,0.862051062321372,"GO:0006099",0.116512358080252
"C2","GO:0006886",5,849,104,13936,0.76712325454495,0.862051062321372,"GO:0006886",0.115134851868167
"C2","GO:0045892",2,849,45,13936,0.768856352881224,0.862051062321372,"GO:0045892",0.114154792810325
"C2","GO:0016226",1,849,24,13936,0.779052790919149,0.865985720377938,"GO:0016226",0.108433112252892
"C2","GO:0030150",1,849,24,13936,0.779052790919149,0.865985720377938,"GO:0030150",0.108433112252892
"C2","GO:0071555",2,849,47,13936,0.789473038144825,0.873818448203032,"GO:0071555",0.102662697302134
"C2","GO:0005975",7,849,148,13936,0.80469764482458,0.883670787175984,"GO:0005975",0.0943672697569096
"C2","GO:0030154",1,849,26,13936,0.805198091789699,0.883670787175984,"GO:0030154",0.0940972630011996
"C2","GO:0051301",1,849,27,13936,0.817087870371335,0.892935689561923,"GO:0051301",0.0877312365332487
"C2","GO:0032508",1,849,28,13936,0.828252756276485,0.897562610358199,"GO:0032508",0.0818371101895263
"C2","GO:0071805",1,849,28,13936,0.828252756276485,0.897562610358199,"GO:0071805",0.0818371101895263
"C2","GO:0006749",2,849,54,13936,0.849375547643426,0.913264952095046,"GO:0006749",0.0709002459076056
"C2","GO:0022900",3,849,76,13936,0.849794800984194,0.913264952095046,"GO:0022900",0.0706859302373056
"C2","GO:0019252",1,849,31,13936,0.857826254589121,0.914308641722561,"GO:0019252",0.0666006658974933
"C2","GO:0045893",1,849,31,13936,0.857826254589121,0.914308641722561,"GO:0045893",0.0666006658974933
"C2","GO:0007049",2,849,56,13936,0.863391541896533,0.916468890783615,"GO:0007049",0.0637922101685809
"C2","GO:0016192",2,849,59,13936,0.882184428526359,0.932594967299294,"GO:0016192",0.054440612239725
"C2","GO:0007018",2,849,60,13936,0.887897842199911,0.934819272885272,"GO:0007018",0.0516369994478403
"C2","GO:0045944",1,849,38,13936,0.908535876429915,0.952675271236226,"GO:0045944",0.0416579185178546
"C2","GO:0050790",3,849,92,13936,0.924933143787394,0.965958404197319,"GO:0050790",0.0338896578918406
"C2","GO:0006952",3,849,101,13936,0.9501818268861,0.988341739612449,"GO:0006952",0.022193280124518
"C2","GO:0006508",12,849,326,13936,0.981131247458387,0.999999999738453,"GO:0006508",0.00827289248317198
"C2","GO:0006486",1,849,66,13936,0.984369276652501,0.999999999738453,"GO:0006486",0.00684194961014056
"C2","GO:0006470",3,849,143,13936,0.993572060400428,0.999999999738453,"GO:0006470",0.00280062951101918
"C2","GO:0006629",1,849,88,13936,0.996109546089769,0.999999999738453,"GO:0006629",0.0016928978753118
"C2","GO:0055085",5,849,224,13936,0.99824117346962,0.999999999738453,"GO:0055085",0.000764521184098711
"C2","GO:0032259",5,849,232,13936,0.998795540894514,0.999999999738453,"GO:0032259",0.00052340521659482
"C2","GO:0016310",5,849,246,13936,0.999385465938683,0.999999999738453,"GO:0016310",0.000266970791498249
"C2","GO:0016567",5,849,309,13936,0.999974028123862,0.999999999738453,"GO:0016567",1.12795889682586e-05
"C2","GO:0006355",16,849,604,13936,0.999980766366053,0.999999999738453,"GO:0006355",8.35314142095236e-06
"C2","GO:0006468",12,849,741,13936,0.999999999738453,0.999999999738453,"GO:0006468",1.13588228732913e-10
"C3","GO:0010090",2,140,2,13936,0.000100206922660853,0.00663706843999793,"GO:0010090",3.99910227478058
"C3","GO:0007186",3,140,11,13936,0.000154350428837161,0.00663706843999793,"GO:0007186",3.81149215956476
"C3","GO:0010229",2,140,4,13936,0.000593331350551076,0.0127566240368481,"GO:0010229",3.22670270372453
"C3","GO:0016036",2,140,4,13936,0.000593331350551076,0.0127566240368481,"GO:0016036",3.22670270372453
"C3","GO:0009099",2,140,6,13936,0.00146384338212847,0.0251781061726097,"GO:0009099",2.83450538633494
"C3","GO:0044210",2,140,7,13936,0.00203589175509803,0.0291811151564051,"GO:0044210",2.69124531642041
"C3","GO:0009299",2,140,10,13936,0.00427718041555847,0.04799719351958,"GO:0009299",2.36884243040043
"C3","GO:0006355",13,140,604,13936,0.00779421300090699,0.04799719351958,"GO:0006355",2.10822772994511
"C3","GO:0010411",2,140,14,13936,0.00842489427011808,0.04799719351958,"GO:0010411",2.07443554068718
"C3","GO:0009734",4,140,83,13936,0.00971966673753535,0.04799719351958,"GO:0009734",2.0123486256633
"C3","GO:0007043",1,140,1,13936,0.0100459242250284,0.04799719351958,"GO:0007043",1.99801010198536
"C3","GO:0010102",1,140,1,13936,0.0100459242250284,0.04799719351958,"GO:0010102",1.99801010198536
"C3","GO:0010112",1,140,1,13936,0.0100459242250284,0.04799719351958,"GO:0010112",1.99801010198536
"C3","GO:0019748",1,140,1,13936,0.0100459242250284,0.04799719351958,"GO:0019748",1.99801010198536
"C3","GO:0048830",1,140,1,13936,0.0100459242250284,0.04799719351958,"GO:0048830",1.99801010198536
"C3","GO:0070291",1,140,1,13936,0.0100459242250284,0.04799719351958,"GO:0070291",1.99801010198536
"C3","GO:2000123",1,140,1,13936,0.0100459242250284,0.04799719351958,"GO:2000123",1.99801010198536
"C3","GO:2000904",1,140,1,13936,0.0100459242250284,0.04799719351958,"GO:2000904",1.99801010198536
"C3","GO:0006351",3,140,48,13936,0.01234332496723,0.0558697866937777,"GO:0006351",1.9085678370278
"C3","GO:0008610",2,140,21,13936,0.0185712852817252,0.0716367154731701,"GO:0008610",1.7311580385626
"C3","GO:0007049",3,140,56,13936,0.0186698001446269,0.0716367154731701,"GO:0007049",1.72886033103594
"C3","GO:0009937",1,140,2,13936,0.0199916415273963,0.0716367154731701,"GO:0009937",1.69915154420001
"C3","GO:0019310",1,140,2,13936,0.0199916415273963,0.0716367154731701,"GO:0019310",1.69915154420001
"C3","GO:0046166",1,140,2,13936,0.0199916415273963,0.0716367154731701,"GO:0046166",1.69915154420001
"C3","GO:0006357",5,140,160,13936,0.0226645620215212,0.077966093354033,"GO:0006357",1.64465266899331
"C3","GO:0010136",1,140,3,13936,0.0298381443396661,0.0855360137737096,"GO:0010136",1.5252281895138
"C3","GO:0032968",1,140,3,13936,0.0298381443396661,0.0855360137737096,"GO:0032968",1.5252281895138
"C3","GO:0048587",1,140,3,13936,0.0298381443396661,0.0855360137737096,"GO:0048587",1.5252281895138
"C3","GO:0090610",1,140,3,13936,0.0298381443396661,0.0855360137737096,"GO:0090610",1.5252281895138
"C3","GO:2001295",1,140,3,13936,0.0298381443396661,0.0855360137737096,"GO:2001295",1.5252281895138
"C3","GO:0019252",2,140,31,13936,0.0385339120363358,0.0945675477472006,"GO:0019252",1.41415689834363
"C3","GO:0006090",1,140,4,13936,0.0395864153360375,0.0945675477472006,"GO:0006090",1.40245382308393
"C3","GO:0006168",1,140,4,13936,0.0395864153360375,0.0945675477472006,"GO:0006168",1.40245382308393
"C3","GO:0010305",1,140,4,13936,0.0395864153360375,0.0945675477472006,"GO:0010305",1.40245382308393
"C3","GO:0016125",1,140,4,13936,0.0395864153360375,0.0945675477472006,"GO:0016125",1.40245382308393
"C3","GO:2000032",1,140,4,13936,0.0395864153360375,0.0945675477472006,"GO:2000032",1.40245382308393
"C3","GO:0009082",1,140,5,13936,0.0492374275276076,0.105860469184356,"GO:0009082",1.30770464541882
"C3","GO:0030026",1,140,5,13936,0.0492374275276076,0.105860469184356,"GO:0030026",1.30770464541882
"C3","GO:0046168",1,140,5,13936,0.0492374275276076,0.105860469184356,"GO:0046168",1.30770464541882
"C3","GO:1902183",1,140,5,13936,0.0492374275276076,0.105860469184356,"GO:1902183",1.30770464541882
"C3","GO:0006629",3,140,88,13936,0.0587704022076634,0.112358320326145,"GO:0006629",1.23084133708939
"C3","GO:0010052",1,140,6,13936,0.0587921443567037,0.112358320326145,"GO:0010052",1.23068069927171
"C3","GO:0010150",1,140,6,13936,0.0587921443567037,0.112358320326145,"GO:0010150",1.23068069927171
"C3","GO:0046451",1,140,6,13936,0.0587921443567037,0.112358320326145,"GO:0046451",1.23068069927171
"C3","GO:0046506",1,140,6,13936,0.0587921443567037,0.112358320326145,"GO:0046506",1.23068069927171
"C3","GO:0006261",1,140,7,13936,0.0682515197903046,0.122283972957629,"GO:0006261",1.16588767352978
"C3","GO:0009630",1,140,7,13936,0.0682515197903046,0.122283972957629,"GO:0009630",1.16588767352978
"C3","GO:0010143",1,140,7,13936,0.0682515197903046,0.122283972957629,"GO:0010143",1.16588767352978
"C3","GO:0007143",1,140,8,13936,0.0776164984125571,0.136224874764896,"GO:0007143",1.11004595389704
"C3","GO:0006952",3,140,101,13936,0.0814069857462436,0.13837720989648,"GO:0006952",1.08933832556695
"C3","GO:0006101",1,140,9,13936,0.0868880155163942,0.13837720989648,"GO:0006101",1.06104012175653
"C3","GO:0010158",1,140,9,13936,0.0868880155163942,0.13837720989648,"GO:0010158",1.06104012175653
"C3","GO:0017148",1,140,9,13936,0.0868880155163942,0.13837720989648,"GO:0017148",1.06104012175653
"C3","GO:0051017",1,140,9,13936,0.0868880155163942,0.13837720989648,"GO:0051017",1.06104012175653
"C3","GO:0019953",1,140,10,13936,0.0960669971942647,0.150213850158305,"GO:0019953",1.01742578400784
"C3","GO:0006665",1,140,11,13936,0.105154360427986,0.1586539473124,"GO:0006665",0.97817271374752
"C3","GO:0043572",1,140,11,13936,0.105154360427986,0.1586539473124,"GO:0043572",0.97817271374752
"C3","GO:0006520",1,140,12,13936,0.114151013177723,0.167982077775772,"GO:0006520",0.942520229460287
"C3","GO:0006633",2,140,58,13936,0.115243518474076,0.167982077775772,"GO:0006633",0.93838349084156
"C3","GO:0031408",1,140,14,13936,0.131875774485488,0.189021943429199,"GO:0031408",0.879834976808196
"C3","GO:0042545",1,140,15,13936,0.140605654644375,0.19823092294125,"GO:0042545",0.851997213231789
"C3","GO:0008152",1,140,16,13936,0.149248367692992,0.200552494087458,"GO:0008152",0.826090409986219
"C3","GO:0030245",1,140,16,13936,0.149248367692992,0.200552494087458,"GO:0030245",0.826090409986219
"C3","GO:0071897",1,140,16,13936,0.149248367692992,0.200552494087458,"GO:0071897",0.826090409986219
"C3","GO:0032502",1,140,18,13936,0.166275740580596,0.219995595229712,"GO:0032502",0.779171109172056
"C3","GO:0000387",1,140,19,13936,0.174662103299285,0.227590013389977,"GO:0000387",0.75780131432656
"C3","GO:0010951",1,140,20,13936,0.182964704832525,0.234850218143241,"GO:0010951",0.73763268062402
"C3","GO:0055085",4,140,224,13936,0.188618671076332,0.238547142831831,"GO:0055085",0.724415319318348
"C3","GO:0000226",1,140,23,13936,0.20737820780719,0.258471389440846,"GO:0000226",0.683236883078797
"C3","GO:0009058",1,140,24,13936,0.215353989515448,0.26457775854755,"GO:0009058",0.666847078354617
"C3","GO:0001522",1,140,25,13936,0.2232500822029,0.270415592527457,"GO:0001522",0.65120837252784
"C3","GO:0006508",5,140,326,13936,0.230592933402259,0.27221624343147,"GO:0006508",0.637154005937371
"C3","GO:0030154",1,140,26,13936,0.231067276401132,0.27221624343147,"GO:0030154",0.636261554671014
"C3","GO:0045893",1,140,31,13936,0.268996897884248,0.312618016460072,"GO:0045893",0.570252728322951
"C3","GO:0045944",1,140,38,13936,0.318996875235034,0.365783083602839,"GO:0045944",0.496213571095887
"C3","GO:0006260",1,140,44,13936,0.359141247178787,0.406396674439154,"GO:0006260",0.444734713522135
"C3","GO:0045892",1,140,45,13936,0.365599656723487,0.408332084132726,"GO:0045892",0.436994220714916
"C3","GO:0006869",1,140,48,13936,0.384589691674636,0.42403478825665,"GO:0006869",0.415002360526089
"C3","GO:0005975",2,140,148,13936,0.43943176325017,0.478368754930565,"GO:0005975",0.357108554366557
"C3","GO:0090305",1,140,62,13936,0.466009921290893,0.50096066538771,"GO:0090305",0.331604837138281
"C3","GO:0016311",1,140,81,13936,0.559657828397924,0.59420460792866,"GO:0016311",0.252077417024114
"C3","GO:0016567",3,140,309,13936,0.603614192432286,0.63305878718508,"GO:0016567",0.219240557460788
"C3","GO:0032259",2,140,232,13936,0.680195732600781,0.704781120526111,"GO:0032259",0.167366097063318
"C3","GO:0016310",2,140,246,13936,0.711034310142301,0.727963698479022,"GO:0016310",0.148109442384213
"C3","GO:0006468",4,140,741,13936,0.944256692269652,0.955365594531648,"GO:0006468",0.0249099284962203
"C3","GO:0006412",1,140,367,13936,0.976606156502929,0.976606156502929,"GO:0006412",0.0102805422607605
"C4","GO:0006412",56,795,367,13936,1.17206581526277e-11,4.53589470506693e-09,"GO:0006412",10.9310480006021
"C4","GO:1901259",6,795,14,13936,6.83768814861714e-05,0.0132309265675742,"GO:1901259",4.16509071026992
"C4","GO:0042793",4,795,6,13936,0.000143739309281875,0.0143179506823316,"GO:0042793",3.84242444641256
"C4","GO:0042732",3,795,3,13936,0.000184986442924181,0.0143179506823316,"GO:0042732",3.73286009851029
"C4","GO:1901508",3,795,3,13936,0.000184986442924181,0.0143179506823316,"GO:1901508",3.73286009851029
"C4","GO:0006465",6,795,19,13936,0.000482981550809893,0.0311523100272381,"GO:0006465",3.31606945834681
"C4","GO:0042176",4,795,8,13936,0.000611514619915968,0.0338080225582114,"GO:0042176",3.21359315551579
"C4","GO:0061077",3,795,5,13936,0.00169571744822989,0.0820303315581212,"GO:0061077",2.77064651109904
"C4","GO:0005975",18,795,148,13936,0.00191549637655073,0.0823663441916813,"GO:0005975",2.71771866521341
"C4","GO:0015995",6,795,26,13936,0.00291073121541257,0.112645298036467,"GO:0015995",2.53599789660606
"C4","GO:0071472",2,795,2,13936,0.00325044274363876,0.114356485617109,"GO:0071472",2.48805747962934
"C4","GO:0042026",4,795,12,13936,0.00359797852956482,0.116034807578466,"GO:0042026",2.4439414325745
"C4","GO:0019430",4,795,13,13936,0.00496479465752239,0.147798117881628,"GO:0019430",2.30409870909189
"C4","GO:0006457",13,795,105,13936,0.00666481292902315,0.184234471680854,"GO:0006457",2.17621203605255
"C4","GO:0097753",2,795,3,13936,0.00938135534506793,0.242038967902753,"GO:0097753",2.02773441360788
"C4","GO:0000165",4,795,16,13936,0.0110243500830541,0.257742152295733,"GO:0000165",1.95764700400643
"C4","GO:0017182",3,795,9,13936,0.0119880070835224,0.257742152295733,"GO:0017182",1.92125300910863
"C4","GO:0030968",3,795,9,13936,0.0119880070835224,0.257742152295733,"GO:0030968",1.92125300910863
"C4","GO:0006621",3,795,10,13936,0.0164086902122817,0.303783402278105,"GO:0006621",1.78492608416817
"C4","GO:0072657",4,795,18,13936,0.0169309861871284,0.303783402278105,"GO:0072657",1.77131774459903
"C4","GO:0042823",2,795,4,13936,0.0180543107297065,0.303783402278105,"GO:0042823",1.74341908724264
"C4","GO:0048527",2,795,4,13936,0.0180543107297065,0.303783402278105,"GO:0048527",1.74341908724264
"C4","GO:0071806",2,795,4,13936,0.0180543107297065,0.303783402278105,"GO:0071806",1.74341908724264
"C4","GO:0009765",4,795,19,13936,0.0204999133725056,0.306624928243403,"GO:0009765",1.68824797415997
"C4","GO:0045454",3,795,11,13936,0.0216202775500962,0.306624928243403,"GO:0045454",1.66513873509587
"C4","GO:0015689",2,795,5,13936,0.0289600395840242,0.306624928243403,"GO:0015689",1.53820084885916
"C4","GO:0015698",2,795,5,13936,0.0289600395840242,0.306624928243403,"GO:0015698",1.53820084885916
"C4","GO:0000413",7,795,56,13936,0.0390414128363677,0.306624928243403,"GO:0000413",1.40847447440863
"C4","GO:0006564",2,795,6,13936,0.0418162115824474,0.306624928243403,"GO:0006564",1.37865531545343
"C4","GO:0006891",2,795,6,13936,0.0418162115824474,0.306624928243403,"GO:0006891",1.37865531545343
"C4","GO:0006996",2,795,6,13936,0.0418162115824474,0.306624928243403,"GO:0006996",1.37865531545343
"C4","GO:0019287",2,795,6,13936,0.0418162115824474,0.306624928243403,"GO:0019287",1.37865531545343
"C4","GO:0009737",3,795,14,13936,0.0420045519342329,0.306624928243403,"GO:0009737",1.37670364358304
"C4","GO:0006633",7,795,58,13936,0.0459594718543267,0.306624928243403,"GO:0006633",1.33762497067282
"C4","GO:0006508",26,795,326,13936,0.0528472800589946,0.306624928243403,"GO:0006508",1.27697736002671
"C4","GO:0006879",2,795,7,13936,0.056365374385889,0.306624928243403,"GO:0006879",1.24898760401449
"C4","GO:0009086",2,795,7,13936,0.056365374385889,0.306624928243403,"GO:0009086",1.24898760401449
"C4","GO:0019853",2,795,7,13936,0.056365374385889,0.306624928243403,"GO:0019853",1.24898760401449
"C4","GO:0032012",2,795,7,13936,0.056365374385889,0.306624928243403,"GO:0032012",1.24898760401449
"C4","GO:0046907",2,795,7,13936,0.056365374385889,0.306624928243403,"GO:0046907",1.24898760401449
"C4","GO:0055072",2,795,7,13936,0.056365374385889,0.306624928243403,"GO:0055072",1.24898760401449
"C4","GO:0000349",1,795,1,13936,0.0570464982778425,0.306624928243403,"GO:0000349",1.24377100900711
"C4","GO:0000455",1,795,1,13936,0.0570464982778425,0.306624928243403,"GO:0000455",1.24377100900711
"C4","GO:0006210",1,795,1,13936,0.0570464982778425,0.306624928243403,"GO:0006210",1.24377100900711
"C4","GO:0006534",1,795,1,13936,0.0570464982778425,0.306624928243403,"GO:0006534",1.24377100900711
"C4","GO:0006581",1,795,1,13936,0.0570464982778425,0.306624928243403,"GO:0006581",1.24377100900711
"C4","GO:0009443",1,795,1,13936,0.0570464982778425,0.306624928243403,"GO:0009443",1.24377100900711
"C4","GO:0009584",1,795,1,13936,0.0570464982778425,0.306624928243403,"GO:0009584",1.24377100900711
"C4","GO:0009865",1,795,1,13936,0.0570464982778425,0.306624928243403,"GO:0009865",1.24377100900711
"C4","GO:0009942",1,795,1,13936,0.0570464982778425,0.306624928243403,"GO:0009942",1.24377100900711
"C4","GO:0010133",1,795,1,13936,0.0570464982778425,0.306624928243403,"GO:0010133",1.24377100900711
"C4","GO:0010235",1,795,1,13936,0.0570464982778425,0.306624928243403,"GO:0010235",1.24377100900711
"C4","GO:0010540",1,795,1,13936,0.0570464982778425,0.306624928243403,"GO:0010540",1.24377100900711
"C4","GO:0015884",1,795,1,13936,0.0570464982778425,0.306624928243403,"GO:0015884",1.24377100900711
"C4","GO:0019478",1,795,1,13936,0.0570464982778425,0.306624928243403,"GO:0019478",1.24377100900711
"C4","GO:0019852",1,795,1,13936,0.0570464982778425,0.306624928243403,"GO:0019852",1.24377100900711
"C4","GO:0032418",1,795,1,13936,0.0570464982778425,0.306624928243403,"GO:0032418",1.24377100900711
"C4","GO:0033388",1,795,1,13936,0.0570464982778425,0.306624928243403,"GO:0033388",1.24377100900711
"C4","GO:0042450",1,795,1,13936,0.0570464982778425,0.306624928243403,"GO:0042450",1.24377100900711
"C4","GO:0043182",1,795,1,13936,0.0570464982778425,0.306624928243403,"GO:0043182",1.24377100900711
"C4","GO:0045739",1,795,1,13936,0.0570464982778425,0.306624928243403,"GO:0045739",1.24377100900711
"C4","GO:0046148",1,795,1,13936,0.0570464982778425,0.306624928243403,"GO:0046148",1.24377100900711
"C4","GO:0046160",1,795,1,13936,0.0570464982778425,0.306624928243403,"GO:0046160",1.24377100900711
"C4","GO:0046653",1,795,1,13936,0.0570464982778425,0.306624928243403,"GO:0046653",1.24377100900711
"C4","GO:0051644",1,795,1,13936,0.0570464982778425,0.306624928243403,"GO:0051644",1.24377100900711
"C4","GO:0080148",1,795,1,13936,0.0570464982778425,0.306624928243403,"GO:0080148",1.24377100900711
"C4","GO:0090306",1,795,1,13936,0.0570464982778425,0.306624928243403,"GO:0090306",1.24377100900711
"C4","GO:0090391",1,795,1,13936,0.0570464982778425,0.306624928243403,"GO:0090391",1.24377100900711
"C4","GO:1901847",1,795,1,13936,0.0570464982778425,0.306624928243403,"GO:1901847",1.24377100900711
"C4","GO:1903415",1,795,1,13936,0.0570464982778425,0.306624928243403,"GO:1903415",1.24377100900711
"C4","GO:1905642",1,795,1,13936,0.0570464982778425,0.306624928243403,"GO:1905642",1.24377100900711
"C4","GO:2000779",1,795,1,13936,0.0570464982778425,0.306624928243403,"GO:2000779",1.24377100900711
"C4","GO:0045039",3,795,16,13936,0.0594159992629172,0.314986187873273,"GO:0045039",1.22609659448008
"C4","GO:0006413",10,795,103,13936,0.0689990176169195,0.345782300625419,"GO:0006413",1.16115709254663
"C4","GO:0009617",3,795,17,13936,0.0691956416649068,0.345782300625419,"GO:0009617",1.15992125901853
"C4","GO:0000911",2,795,8,13936,0.0723730396657854,0.345782300625419,"GO:0000911",1.14042318663393
"C4","GO:0006086",2,795,8,13936,0.0723730396657854,0.345782300625419,"GO:0006086",1.14042318663393
"C4","GO:0006094",2,795,8,13936,0.0723730396657854,0.345782300625419,"GO:0006094",1.14042318663393
"C4","GO:0006782",2,795,8,13936,0.0723730396657854,0.345782300625419,"GO:0006782",1.14042318663393
"C4","GO:0032544",2,795,8,13936,0.0723730396657854,0.345782300625419,"GO:0032544",1.14042318663393
"C4","GO:0080142",2,795,8,13936,0.0723730396657854,0.345782300625419,"GO:0080142",1.14042318663393
"C4","GO:0006071",2,795,9,13936,0.0896259061178606,0.360471162397153,"GO:0006071",1.04756644058498
"C4","GO:0015866",2,795,9,13936,0.0896259061178606,0.360471162397153,"GO:0015866",1.04756644058498
"C4","GO:0017148",2,795,9,13936,0.0896259061178606,0.360471162397153,"GO:0017148",1.04756644058498
"C4","GO:0000290",2,795,10,13936,0.107930210094255,0.360471162397153,"GO:0000290",0.966856977551745
"C4","GO:0006002",2,795,10,13936,0.107930210094255,0.360471162397153,"GO:0006002",0.966856977551745
"C4","GO:0009088",2,795,10,13936,0.107930210094255,0.360471162397153,"GO:0009088",0.966856977551745
"C4","GO:0070534",2,795,10,13936,0.107930210094255,0.360471162397153,"GO:0070534",0.966856977551745
"C4","GO:0006223",1,795,2,13936,0.110842553812045,0.360471162397153,"GO:0006223",0.955293476631219
"C4","GO:0006402",1,795,2,13936,0.110842553812045,0.360471162397153,"GO:0006402",0.955293476631219
"C4","GO:0006572",1,795,2,13936,0.110842553812045,0.360471162397153,"GO:0006572",0.955293476631219
"C4","GO:0006591",1,795,2,13936,0.110842553812045,0.360471162397153,"GO:0006591",0.955293476631219
"C4","GO:0006661",1,795,2,13936,0.110842553812045,0.360471162397153,"GO:0006661",0.955293476631219
"C4","GO:0006801",1,795,2,13936,0.110842553812045,0.360471162397153,"GO:0006801",0.955293476631219
"C4","GO:0009107",1,795,2,13936,0.110842553812045,0.360471162397153,"GO:0009107",0.955293476631219
"C4","GO:0009308",1,795,2,13936,0.110842553812045,0.360471162397153,"GO:0009308",0.955293476631219
"C4","GO:0009635",1,795,2,13936,0.110842553812045,0.360471162397153,"GO:0009635",0.955293476631219
"C4","GO:0009704",1,795,2,13936,0.110842553812045,0.360471162397153,"GO:0009704",0.955293476631219
"C4","GO:0009854",1,795,2,13936,0.110842553812045,0.360471162397153,"GO:0009854",0.955293476631219
"C4","GO:0010025",1,795,2,13936,0.110842553812045,0.360471162397153,"GO:0010025",0.955293476631219
"C4","GO:0010189",1,795,2,13936,0.110842553812045,0.360471162397153,"GO:0010189",0.955293476631219
"C4","GO:0010311",1,795,2,13936,0.110842553812045,0.360471162397153,"GO:0010311",0.955293476631219
"C4","GO:0010584",1,795,2,13936,0.110842553812045,0.360471162397153,"GO:0010584",0.955293476631219
"C4","GO:0018377",1,795,2,13936,0.110842553812045,0.360471162397153,"GO:0018377",0.955293476631219
"C4","GO:0019354",1,795,2,13936,0.110842553812045,0.360471162397153,"GO:0019354",0.955293476631219
"C4","GO:0019605",1,795,2,13936,0.110842553812045,0.360471162397153,"GO:0019605",0.955293476631219
"C4","GO:0032456",1,795,2,13936,0.110842553812045,0.360471162397153,"GO:0032456",0.955293476631219
"C4","GO:0034473",1,795,2,13936,0.110842553812045,0.360471162397153,"GO:0034473",0.955293476631219
"C4","GO:0035494",1,795,2,13936,0.110842553812045,0.360471162397153,"GO:0035494",0.955293476631219
"C4","GO:0036228",1,795,2,13936,0.110842553812045,0.360471162397153,"GO:0036228",0.955293476631219
"C4","GO:0043007",1,795,2,13936,0.110842553812045,0.360471162397153,"GO:0043007",0.955293476631219
"C4","GO:0048364",1,795,2,13936,0.110842553812045,0.360471162397153,"GO:0048364",0.955293476631219
"C4","GO:0051211",1,795,2,13936,0.110842553812045,0.360471162397153,"GO:0051211",0.955293476631219
"C4","GO:0051983",1,795,2,13936,0.110842553812045,0.360471162397153,"GO:0051983",0.955293476631219
"C4","GO:0052324",1,795,2,13936,0.110842553812045,0.360471162397153,"GO:0052324",0.955293476631219
"C4","GO:0080024",1,795,2,13936,0.110842553812045,0.360471162397153,"GO:0080024",0.955293476631219
"C4","GO:0090143",1,795,2,13936,0.110842553812045,0.360471162397153,"GO:0090143",0.955293476631219
"C4","GO:1902457",1,795,2,13936,0.110842553812045,0.360471162397153,"GO:1902457",0.955293476631219
"C4","GO:1990426",1,795,2,13936,0.110842553812045,0.360471162397153,"GO:1990426",0.955293476631219
"C4","GO:0006470",12,795,143,13936,0.116090099943725,0.374390572318513,"GO:0006470",0.93520481491376
"C4","GO:0016192",6,795,59,13936,0.118671788166622,0.379553570417212,"GO:0016192",0.925652513562743
"C4","GO:0006006",2,795,11,13936,0.127110195104068,0.396742515853225,"GO:0006006",0.89581961467125
"C4","GO:0048268",2,795,11,13936,0.127110195104068,0.396742515853225,"GO:0048268",0.89581961467125
"C4","GO:0006888",3,795,22,13936,0.127446243583638,0.396742515853225,"GO:0006888",0.894672960625784
"C4","GO:0006414",5,795,47,13936,0.128146807446132,0.396742515853225,"GO:0006414",0.892292209033378
"C4","GO:0006099",3,795,23,13936,0.14069179875404,0.40341167889433,"GO:0006099",0.85173121784368
"C4","GO:0006606",3,795,23,13936,0.14069179875404,0.40341167889433,"GO:0006606",0.85173121784368
"C4","GO:0016226",3,795,24,13936,0.154373019729249,0.40341167889433,"GO:0016226",0.811428600416023
"C4","GO:0030150",3,795,24,13936,0.154373019729249,0.40341167889433,"GO:0030150",0.811428600416023
"C4","GO:0000079",1,795,3,13936,0.161573153045533,0.40341167889433,"GO:0000079",0.791630799828734
"C4","GO:0000469",1,795,3,13936,0.161573153045533,0.40341167889433,"GO:0000469",0.791630799828734
"C4","GO:0002084",1,795,3,13936,0.161573153045533,0.40341167889433,"GO:0002084",0.791630799828734
"C4","GO:0006424",1,795,3,13936,0.161573153045533,0.40341167889433,"GO:0006424",0.791630799828734
"C4","GO:0006428",1,795,3,13936,0.161573153045533,0.40341167889433,"GO:0006428",0.791630799828734
"C4","GO:0006430",1,795,3,13936,0.161573153045533,0.40341167889433,"GO:0006430",0.791630799828734
"C4","GO:0006433",1,795,3,13936,0.161573153045533,0.40341167889433,"GO:0006433",0.791630799828734
"C4","GO:0006680",1,795,3,13936,0.161573153045533,0.40341167889433,"GO:0006680",0.791630799828734
"C4","GO:0009157",1,795,3,13936,0.161573153045533,0.40341167889433,"GO:0009157",0.791630799828734
"C4","GO:0009247",1,795,3,13936,0.161573153045533,0.40341167889433,"GO:0009247",0.791630799828734
"C4","GO:0009553",1,795,3,13936,0.161573153045533,0.40341167889433,"GO:0009553",0.791630799828734
"C4","GO:0009695",1,795,3,13936,0.161573153045533,0.40341167889433,"GO:0009695",0.791630799828734
"C4","GO:0009819",1,795,3,13936,0.161573153045533,0.40341167889433,"GO:0009819",0.791630799828734
"C4","GO:0016540",1,795,3,13936,0.161573153045533,0.40341167889433,"GO:0016540",0.791630799828734
"C4","GO:0017062",1,795,3,13936,0.161573153045533,0.40341167889433,"GO:0017062",0.791630799828734
"C4","GO:0018105",1,795,3,13936,0.161573153045533,0.40341167889433,"GO:0018105",0.791630799828734
"C4","GO:0018279",1,795,3,13936,0.161573153045533,0.40341167889433,"GO:0018279",0.791630799828734
"C4","GO:0019877",1,795,3,13936,0.161573153045533,0.40341167889433,"GO:0019877",0.791630799828734
"C4","GO:0030036",1,795,3,13936,0.161573153045533,0.40341167889433,"GO:0030036",0.791630799828734
"C4","GO:0045903",1,795,3,13936,0.161573153045533,0.40341167889433,"GO:0045903",0.791630799828734
"C4","GO:0070935",1,795,3,13936,0.161573153045533,0.40341167889433,"GO:0070935",0.791630799828734
"C4","GO:0071454",1,795,3,13936,0.161573153045533,0.40341167889433,"GO:0071454",0.791630799828734
"C4","GO:0071786",1,795,3,13936,0.161573153045533,0.40341167889433,"GO:0071786",0.791630799828734
"C4","GO:0072583",1,795,3,13936,0.161573153045533,0.40341167889433,"GO:0072583",0.791630799828734
"C4","GO:1901671",1,795,3,13936,0.161573153045533,0.40341167889433,"GO:1901671",0.791630799828734
"C4","GO:1904216",1,795,3,13936,0.161573153045533,0.40341167889433,"GO:1904216",0.791630799828734
"C4","GO:0006614",2,795,13,13936,0.167475802320172,0.407629783005701,"GO:0006614",0.776047932973263
"C4","GO:0006744",2,795,13,13936,0.167475802320172,0.407629783005701,"GO:0006744",0.776047932973263
"C4","GO:0016925",2,795,13,13936,0.167475802320172,0.407629783005701,"GO:0016925",0.776047932973263
"C4","GO:0034599",2,795,13,13936,0.167475802320172,0.407629783005701,"GO:0034599",0.776047932973263
"C4","GO:0048511",2,795,14,13936,0.188387677384495,0.424738349526671,"GO:0048511",0.724947508225416
"C4","GO:0042254",4,795,40,13936,0.192350679066006,0.424738349526671,"GO:0042254",0.715906276141161
"C4","GO:0000103",1,795,4,13936,0.209412767150808,0.424738349526671,"GO:0000103",0.678996844461752
"C4","GO:0000278",1,795,4,13936,0.209412767150808,0.424738349526671,"GO:0000278",0.678996844461752
"C4","GO:0000470",1,795,4,13936,0.209412767150808,0.424738349526671,"GO:0000470",0.678996844461752
"C4","GO:0006102",1,795,4,13936,0.209412767150808,0.424738349526671,"GO:0006102",0.678996844461752
"C4","GO:0006123",1,795,4,13936,0.209412767150808,0.424738349526671,"GO:0006123",0.678996844461752
"C4","GO:0006434",1,795,4,13936,0.209412767150808,0.424738349526671,"GO:0006434",0.678996844461752
"C4","GO:0006597",1,795,4,13936,0.209412767150808,0.424738349526671,"GO:0006597",0.678996844461752
"C4","GO:0007033",1,795,4,13936,0.209412767150808,0.424738349526671,"GO:0007033",0.678996844461752
"C4","GO:0009102",1,795,4,13936,0.209412767150808,0.424738349526671,"GO:0009102",0.678996844461752
"C4","GO:0009306",1,795,4,13936,0.209412767150808,0.424738349526671,"GO:0009306",0.678996844461752
"C4","GO:0009958",1,795,4,13936,0.209412767150808,0.424738349526671,"GO:0009958",0.678996844461752
"C4","GO:0010142",1,795,4,13936,0.209412767150808,0.424738349526671,"GO:0010142",0.678996844461752
"C4","GO:0010305",1,795,4,13936,0.209412767150808,0.424738349526671,"GO:0010305",0.678996844461752
"C4","GO:0015713",1,795,4,13936,0.209412767150808,0.424738349526671,"GO:0015713",0.678996844461752
"C4","GO:0016104",1,795,4,13936,0.209412767150808,0.424738349526671,"GO:0016104",0.678996844461752
"C4","GO:0019243",1,795,4,13936,0.209412767150808,0.424738349526671,"GO:0019243",0.678996844461752
"C4","GO:0019511",1,795,4,13936,0.209412767150808,0.424738349526671,"GO:0019511",0.678996844461752
"C4","GO:0019632",1,795,4,13936,0.209412767150808,0.424738349526671,"GO:0019632",0.678996844461752
"C4","GO:0034063",1,795,4,13936,0.209412767150808,0.424738349526671,"GO:0034063",0.678996844461752
"C4","GO:0034497",1,795,4,13936,0.209412767150808,0.424738349526671,"GO:0034497",0.678996844461752
"C4","GO:0034765",1,795,4,13936,0.209412767150808,0.424738349526671,"GO:0034765",0.678996844461752
"C4","GO:0044208",1,795,4,13936,0.209412767150808,0.424738349526671,"GO:0044208",0.678996844461752
"C4","GO:0046417",1,795,4,13936,0.209412767150808,0.424738349526671,"GO:0046417",0.678996844461752
"C4","GO:0051693",1,795,4,13936,0.209412767150808,0.424738349526671,"GO:0051693",0.678996844461752
"C4","GO:0051865",1,795,4,13936,0.209412767150808,0.424738349526671,"GO:0051865",0.678996844461752
"C4","GO:0055129",1,795,4,13936,0.209412767150808,0.424738349526671,"GO:0055129",0.678996844461752
"C4","GO:0070072",1,795,4,13936,0.209412767150808,0.424738349526671,"GO:0070072",0.678996844461752
"C4","GO:0070681",1,795,4,13936,0.209412767150808,0.424738349526671,"GO:0070681",0.678996844461752
"C4","GO:0006367",2,795,15,13936,0.209625386975696,0.424738349526671,"GO:0006367",0.678556122662523
"C4","GO:0033962",2,795,15,13936,0.209625386975696,0.424738349526671,"GO:0033962",0.678556122662523
"C4","GO:0035335",2,795,16,13936,0.231083870934664,0.439739028033256,"GO:0035335",0.636230366111221
"C4","GO:0043328",2,795,16,13936,0.231083870934664,0.439739028033256,"GO:0043328",0.636230366111221
"C4","GO:0043248",2,795,17,13936,0.252668968170631,0.439739028033256,"GO:0043248",0.597448093180275
"C4","GO:0051028",2,795,17,13936,0.252668968170631,0.439739028033256,"GO:0051028",0.597448093180275
"C4","GO:0061025",2,795,17,13936,0.252668968170631,0.439739028033256,"GO:0061025",0.597448093180275
"C4","GO:0000054",1,795,5,13936,0.254525949042505,0.439739028033256,"GO:0000054",0.594267934539466
"C4","GO:0005985",1,795,5,13936,0.254525949042505,0.439739028033256,"GO:0005985",0.594267934539466
"C4","GO:0006013",1,795,5,13936,0.254525949042505,0.439739028033256,"GO:0006013",0.594267934539466
"C4","GO:0006121",1,795,5,13936,0.254525949042505,0.439739028033256,"GO:0006121",0.594267934539466
"C4","GO:0006177",1,795,5,13936,0.254525949042505,0.439739028033256,"GO:0006177",0.594267934539466
"C4","GO:0006426",1,795,5,13936,0.254525949042505,0.439739028033256,"GO:0006426",0.594267934539466
"C4","GO:0006574",1,795,5,13936,0.254525949042505,0.439739028033256,"GO:0006574",0.594267934539466
"C4","GO:0006596",1,795,5,13936,0.254525949042505,0.439739028033256,"GO:0006596",0.594267934539466
"C4","GO:0006885",1,795,5,13936,0.254525949042505,0.439739028033256,"GO:0006885",0.594267934539466
"C4","GO:0010190",1,795,5,13936,0.254525949042505,0.439739028033256,"GO:0010190",0.594267934539466
"C4","GO:0010207",1,795,5,13936,0.254525949042505,0.439739028033256,"GO:0010207",0.594267934539466
"C4","GO:0016255",1,795,5,13936,0.254525949042505,0.439739028033256,"GO:0016255",0.594267934539466
"C4","GO:0019264",1,795,5,13936,0.254525949042505,0.439739028033256,"GO:0019264",0.594267934539466
"C4","GO:0030259",1,795,5,13936,0.254525949042505,0.439739028033256,"GO:0030259",0.594267934539466
"C4","GO:0031124",1,795,5,13936,0.254525949042505,0.439739028033256,"GO:0031124",0.594267934539466
"C4","GO:0032543",1,795,5,13936,0.254525949042505,0.439739028033256,"GO:0032543",0.594267934539466
"C4","GO:0034605",1,795,5,13936,0.254525949042505,0.439739028033256,"GO:0034605",0.594267934539466
"C4","GO:0035493",1,795,5,13936,0.254525949042505,0.439739028033256,"GO:0035493",0.594267934539466
"C4","GO:0042572",1,795,5,13936,0.254525949042505,0.439739028033256,"GO:0042572",0.594267934539466
"C4","GO:0042761",1,795,5,13936,0.254525949042505,0.439739028033256,"GO:0042761",0.594267934539466
"C4","GO:0045036",1,795,5,13936,0.254525949042505,0.439739028033256,"GO:0045036",0.594267934539466
"C4","GO:0045493",1,795,5,13936,0.254525949042505,0.439739028033256,"GO:0045493",0.594267934539466
"C4","GO:0045900",1,795,5,13936,0.254525949042505,0.439739028033256,"GO:0045900",0.594267934539466
"C4","GO:0046901",1,795,5,13936,0.254525949042505,0.439739028033256,"GO:0046901",0.594267934539466
"C4","GO:0072334",1,795,5,13936,0.254525949042505,0.439739028033256,"GO:0072334",0.594267934539466
"C4","GO:0089722",1,795,5,13936,0.254525949042505,0.439739028033256,"GO:0089722",0.594267934539466
"C4","GO:0090113",1,795,5,13936,0.254525949042505,0.439739028033256,"GO:0090113",0.594267934539466
"C4","GO:1900458",1,795,5,13936,0.254525949042505,0.439739028033256,"GO:1900458",0.594267934539466
"C4","GO:0006635",2,795,19,13936,0.295891525973515,0.477034340078247,"GO:0006635",0.528867472404897
"C4","GO:0000902",1,795,6,13936,0.297067896534515,0.477034340078247,"GO:0000902",0.527144278897254
"C4","GO:0006120",1,795,6,13936,0.297067896534515,0.477034340078247,"GO:0006120",0.527144278897254
"C4","GO:0006379",1,795,6,13936,0.297067896534515,0.477034340078247,"GO:0006379",0.527144278897254
"C4","GO:0009134",1,795,6,13936,0.297067896534515,0.477034340078247,"GO:0009134",0.527144278897254
"C4","GO:0009627",1,795,6,13936,0.297067896534515,0.477034340078247,"GO:0009627",0.527144278897254
"C4","GO:0009960",1,795,6,13936,0.297067896534515,0.477034340078247,"GO:0009960",0.527144278897254
"C4","GO:0009966",1,795,6,13936,0.297067896534515,0.477034340078247,"GO:0009966",0.527144278897254
"C4","GO:0010152",1,795,6,13936,0.297067896534515,0.477034340078247,"GO:0010152",0.527144278897254
"C4","GO:0015790",1,795,6,13936,0.297067896534515,0.477034340078247,"GO:0015790",0.527144278897254
"C4","GO:0018401",1,795,6,13936,0.297067896534515,0.477034340078247,"GO:0018401",0.527144278897254
"C4","GO:0019432",1,795,6,13936,0.297067896534515,0.477034340078247,"GO:0019432",0.527144278897254
"C4","GO:0032468",1,795,6,13936,0.297067896534515,0.477034340078247,"GO:0032468",0.527144278897254
"C4","GO:0032469",1,795,6,13936,0.297067896534515,0.477034340078247,"GO:0032469",0.527144278897254
"C4","GO:0046451",1,795,6,13936,0.297067896534515,0.477034340078247,"GO:0046451",0.527144278897254
"C4","GO:0046506",1,795,6,13936,0.297067896534515,0.477034340078247,"GO:0046506",0.527144278897254
"C4","GO:0070475",1,795,6,13936,0.297067896534515,0.477034340078247,"GO:0070475",0.527144278897254
"C4","GO:0016311",6,795,81,13936,0.315592844750565,0.490961279769866,"GO:0016311",0.500872851852265
"C4","GO:0006486",5,795,66,13936,0.323817590206717,0.490961279769866,"GO:0006486",0.489699563481905
"C4","GO:0005986",1,795,7,13936,0.337184983559286,0.490961279769866,"GO:0005986",0.472131774802205
"C4","GO:0006048",1,795,7,13936,0.337184983559286,0.490961279769866,"GO:0006048",0.472131774802205
"C4","GO:0006207",1,795,7,13936,0.337184983559286,0.490961279769866,"GO:0006207",0.472131774802205
"C4","GO:0006418",1,795,7,13936,0.337184983559286,0.490961279769866,"GO:0006418",0.472131774802205
"C4","GO:0006542",1,795,7,13936,0.337184983559286,0.490961279769866,"GO:0006542",0.472131774802205
"C4","GO:0006627",1,795,7,13936,0.337184983559286,0.490961279769866,"GO:0006627",0.472131774802205
"C4","GO:0006833",1,795,7,13936,0.337184983559286,0.490961279769866,"GO:0006833",0.472131774802205
"C4","GO:0007059",1,795,7,13936,0.337184983559286,0.490961279769866,"GO:0007059",0.472131774802205
"C4","GO:0009098",1,795,7,13936,0.337184983559286,0.490961279769866,"GO:0009098",0.472131774802205
"C4","GO:0009116",1,795,7,13936,0.337184983559286,0.490961279769866,"GO:0009116",0.472131774802205
"C4","GO:0009718",1,795,7,13936,0.337184983559286,0.490961279769866,"GO:0009718",0.472131774802205
"C4","GO:0010044",1,795,7,13936,0.337184983559286,0.490961279769866,"GO:0010044",0.472131774802205
"C4","GO:0015937",1,795,7,13936,0.337184983559286,0.490961279769866,"GO:0015937",0.472131774802205
"C4","GO:0019722",1,795,7,13936,0.337184983559286,0.490961279769866,"GO:0019722",0.472131774802205
"C4","GO:0036092",1,795,7,13936,0.337184983559286,0.490961279769866,"GO:0036092",0.472131774802205
"C4","GO:0045037",1,795,7,13936,0.337184983559286,0.490961279769866,"GO:0045037",0.472131774802205
"C4","GO:0046373",1,795,7,13936,0.337184983559286,0.490961279769866,"GO:0046373",0.472131774802205
"C4","GO:0072596",1,795,7,13936,0.337184983559286,0.490961279769866,"GO:0072596",0.472131774802205
"C4","GO:0120029",1,795,7,13936,0.337184983559286,0.490961279769866,"GO:0120029",0.472131774802205
"C4","GO:1990937",1,795,7,13936,0.337184983559286,0.490961279769866,"GO:1990937",0.472131774802205
"C4","GO:0001732",2,795,21,13936,0.338725224027272,0.490961279769866,"GO:0001732",0.47015246131828
"C4","GO:0008610",2,795,21,13936,0.338725224027272,0.490961279769866,"GO:0008610",0.47015246131828
"C4","GO:0070588",2,795,21,13936,0.338725224027272,0.490961279769866,"GO:0070588",0.47015246131828
"C4","GO:0090630",2,795,21,13936,0.338725224027272,0.490961279769866,"GO:0090630",0.47015246131828
"C4","GO:0006511",8,795,116,13936,0.34247520351865,0.494544417021334,"GO:0006511",0.465370867572632
"C4","GO:0032259",15,795,232,13936,0.345900435572405,0.4976337121432,"GO:0032259",0.461048891103381
"C4","GO:0006397",4,795,53,13936,0.358102703728218,0.503926757315919,"GO:0006397",0.44599239998834
"C4","GO:0051603",2,795,22,13936,0.359853122071635,0.503926757315919,"GO:0051603",0.443874725038177
"C4","GO:0000105",1,795,8,13936,0.375015261258358,0.503926757315919,"GO:0000105",0.42595105828447
"C4","GO:0006152",1,795,8,13936,0.375015261258358,0.503926757315919,"GO:0006152",0.42595105828447
"C4","GO:0006228",1,795,8,13936,0.375015261258358,0.503926757315919,"GO:0006228",0.42595105828447
"C4","GO:0006526",1,795,8,13936,0.375015261258358,0.503926757315919,"GO:0006526",0.42595105828447
"C4","GO:0006631",1,795,8,13936,0.375015261258358,0.503926757315919,"GO:0006631",0.42595105828447
"C4","GO:0006694",1,795,8,13936,0.375015261258358,0.503926757315919,"GO:0006694",0.42595105828447
"C4","GO:0006904",1,795,8,13936,0.375015261258358,0.503926757315919,"GO:0006904",0.42595105828447
"C4","GO:0007623",1,795,8,13936,0.375015261258358,0.503926757315919,"GO:0007623",0.42595105828447
"C4","GO:0009850",1,795,8,13936,0.375015261258358,0.503926757315919,"GO:0009850",0.42595105828447
"C4","GO:0010206",1,795,8,13936,0.375015261258358,0.503926757315919,"GO:0010206",0.42595105828447
"C4","GO:0010228",1,795,8,13936,0.375015261258358,0.503926757315919,"GO:0010228",0.42595105828447
"C4","GO:0019941",1,795,8,13936,0.375015261258358,0.503926757315919,"GO:0019941",0.42595105828447
"C4","GO:0042147",1,795,8,13936,0.375015261258358,0.503926757315919,"GO:0042147",0.42595105828447
"C4","GO:0042149",1,795,8,13936,0.375015261258358,0.503926757315919,"GO:0042149",0.42595105828447
"C4","GO:0043484",1,795,8,13936,0.375015261258358,0.503926757315919,"GO:0043484",0.42595105828447
"C4","GO:0048024",1,795,8,13936,0.375015261258358,0.503926757315919,"GO:0048024",0.42595105828447
"C4","GO:0051013",1,795,8,13936,0.375015261258358,0.503926757315919,"GO:0051013",0.42595105828447
"C4","GO:0000226",2,795,23,13936,0.380725629054263,0.506325836577319,"GO:0000226",0.419387887088443
"C4","GO:0006417",2,795,23,13936,0.380725629054263,0.506325836577319,"GO:0006417",0.419387887088443
"C4","GO:0015985",2,795,23,13936,0.380725629054263,0.506325836577319,"GO:0015985",0.419387887088443
"C4","GO:0006629",6,795,88,13936,0.387597871167244,0.513699918293574,"GO:0006629",0.411618616922763
"C4","GO:0006353",2,795,24,13936,0.4013031389929,0.526280185966577,"GO:0006353",0.396527443201712
"C4","GO:0009058",2,795,24,13936,0.4013031389929,0.526280185966577,"GO:0009058",0.396527443201712
"C4","GO:0000028",1,795,9,13936,0.41068893065092,0.526280185966577,"GO:0000028",0.386487002580995
"C4","GO:0002181",1,795,9,13936,0.41068893065092,0.526280185966577,"GO:0002181",0.386487002580995
"C4","GO:0009651",1,795,9,13936,0.41068893065092,0.526280185966577,"GO:0009651",0.386487002580995
"C4","GO:0009959",1,795,9,13936,0.41068893065092,0.526280185966577,"GO:0009959",0.386487002580995
"C4","GO:0032774",1,795,9,13936,0.41068893065092,0.526280185966577,"GO:0032774",0.386487002580995
"C4","GO:0048193",1,795,9,13936,0.41068893065092,0.526280185966577,"GO:0048193",0.386487002580995
"C4","GO:0051017",1,795,9,13936,0.41068893065092,0.526280185966577,"GO:0051017",0.386487002580995
"C4","GO:0099402",1,795,9,13936,0.41068893065092,0.526280185966577,"GO:0099402",0.386487002580995
"C4","GO:0031047",3,795,41,13936,0.416960396557031,0.532553377780762,"GO:0031047",0.379905192924416
"C4","GO:0043086",2,795,25,13936,0.421551384077655,0.536646005388331,"GO:0043086",0.375149480443132
"C4","GO:0030154",2,795,26,13936,0.4414409558061,0.552910743234221,"GO:0030154",0.355127376531287
"C4","GO:0030244",2,795,26,13936,0.4414409558061,0.552910743234221,"GO:0030244",0.355127376531287
"C4","GO:0006012",1,795,10,13936,0.44432878849055,0.552910743234221,"GO:0006012",0.352295547489381
"C4","GO:0006189",1,795,10,13936,0.44432878849055,0.552910743234221,"GO:0006189",0.352295547489381
"C4","GO:0006488",1,795,10,13936,0.44432878849055,0.552910743234221,"GO:0006488",0.352295547489381
"C4","GO:0007015",1,795,10,13936,0.44432878849055,0.552910743234221,"GO:0007015",0.352295547489381
"C4","GO:0051085",1,795,10,13936,0.44432878849055,0.552910743234221,"GO:0051085",0.352295547489381
"C4","GO:0009793",2,795,27,13936,0.460946863272419,0.568109669065051,"GO:0009793",0.336349136036926
"C4","GO:0009873",2,795,27,13936,0.460946863272419,0.568109669065051,"GO:0009873",0.336349136036926
"C4","GO:0051301",2,795,27,13936,0.460946863272419,0.568109669065051,"GO:0051301",0.336349136036926
"C4","GO:0006122",1,795,11,13936,0.476050647829198,0.572147828291613,"GO:0006122",0.322346839500936
"C4","GO:0006487",1,795,11,13936,0.476050647829198,0.572147828291613,"GO:0006487",0.322346839500936
"C4","GO:0008654",1,795,11,13936,0.476050647829198,0.572147828291613,"GO:0008654",0.322346839500936
"C4","GO:0010027",1,795,11,13936,0.476050647829198,0.572147828291613,"GO:0010027",0.322346839500936
"C4","GO:0016126",1,795,11,13936,0.476050647829198,0.572147828291613,"GO:0016126",0.322346839500936
"C4","GO:0016554",1,795,11,13936,0.476050647829198,0.572147828291613,"GO:0016554",0.322346839500936
"C4","GO:0030433",1,795,11,13936,0.476050647829198,0.572147828291613,"GO:0030433",0.322346839500936
"C4","GO:0045116",1,795,11,13936,0.476050647829198,0.572147828291613,"GO:0045116",0.322346839500936
"C4","GO:0018231",2,795,29,13936,0.498727398395559,0.596975504076932,"GO:0018231",0.302136772457086
"C4","GO:0000373",1,795,12,13936,0.505963734721534,0.596975504076932,"GO:0000373",0.295880610383023
"C4","GO:0006811",1,795,12,13936,0.505963734721534,0.596975504076932,"GO:0006811",0.295880610383023
"C4","GO:0009409",1,795,12,13936,0.505963734721534,0.596975504076932,"GO:0009409",0.295880610383023
"C4","GO:0009691",1,795,12,13936,0.505963734721534,0.596975504076932,"GO:0009691",0.295880610383023
"C4","GO:0120009",1,795,12,13936,0.505963734721534,0.596975504076932,"GO:0120009",0.295880610383023
"C4","GO:0007017",2,795,30,13936,0.516970624805651,0.608108303342818,"GO:0007017",0.286534133593205
"C4","GO:0000398",7,795,120,13936,0.531357117516566,0.620793396868401,"GO:0000398",0.274613497681487
"C4","GO:0006857",1,795,13,13936,0.534171062421647,0.620793396868401,"GO:0006857",0.272319642654966
"C4","GO:0032981",1,795,13,13936,0.534171062421647,0.620793396868401,"GO:0032981",0.272319642654966
"C4","GO:0045927",1,795,13,13936,0.534171062421647,0.620793396868401,"GO:0045927",0.272319642654966
"C4","GO:0015031",5,795,85,13936,0.537576717344833,0.622880807222905,"GO:0015031",0.269559549008597
"C4","GO:0098869",3,795,50,13936,0.549156434744152,0.63439862759996,"GO:0098869",0.260303923184513
"C4","GO:0000162",1,795,14,13936,0.560769784347582,0.645886626614626,"GO:0000162",0.251215395263655
"C4","GO:0006096",2,795,33,13936,0.568986310633808,0.653405644555738,"GO:0006096",0.244898182265238
"C4","GO:0006098",1,795,15,13936,0.585851527017003,0.666836885163471,"GO:0006098",0.232212433755427
"C4","GO:0042545",1,795,15,13936,0.585851527017003,0.666836885163471,"GO:0042545",0.232212433755427
"C4","GO:0061157",1,795,15,13936,0.585851527017003,0.666836885163471,"GO:0061157",0.232212433755427
"C4","GO:0000209",2,795,35,13936,0.601346384443944,0.681183841311065,"GO:0000209",0.220875295853296
"C4","GO:0006749",3,795,54,13936,0.601976417902802,0.681183841311065,"GO:0006749",0.220420521657933
"C4","GO:0001510",1,795,16,13936,0.609502704089159,0.683703033282622,"GO:0001510",0.215024363272186
"C4","GO:0006662",1,795,16,13936,0.609502704089159,0.683703033282622,"GO:0006662",0.215024363272186
"C4","GO:0051225",1,795,16,13936,0.609502704089159,0.683703033282622,"GO:0051225",0.215024363272186
"C4","GO:0007049",3,795,56,13936,0.626806632124875,0.701081406451811,"GO:0007049",0.202866416989666
"C4","GO:0007030",1,795,17,13936,0.631804812584067,0.702610524339178,"GO:0007030",0.199417070310035
"C4","GO:0034220",1,795,17,13936,0.631804812584067,0.702610524339178,"GO:0034220",0.199417070310035
"C4","GO:0006004",2,795,39,13936,0.660478114073943,0.732392636523255,"GO:0006004",0.180141568805542
"C4","GO:0006914",1,795,19,13936,0.672664889306732,0.743775177604872,"GO:0006914",0.172201240339036
"C4","GO:0007034",1,795,20,13936,0.691363704640579,0.762272802552433,"GO:0007034",0.160293423879625
"C4","GO:0006890",1,795,21,13936,0.708995628671244,0.770734012066774,"GO:0006890",0.149356442461235
"C4","GO:0006979",1,795,21,13936,0.708995628671244,0.770734012066774,"GO:0006979",0.149356442461235
"C4","GO:0009408",1,795,21,13936,0.708995628671244,0.770734012066774,"GO:0009408",0.149356442461235
"C4","GO:0034976",1,795,21,13936,0.708995628671244,0.770734012066774,"GO:0034976",0.149356442461235
"C4","GO:0046686",1,795,21,13936,0.708995628671244,0.770734012066774,"GO:0046686",0.149356442461235
"C4","GO:0006886",5,795,104,13936,0.714604830868949,0.77465565699239,"GO:0006886",0.145934052207696
"C4","GO:2000022",1,795,22,13936,0.725621462318845,0.784400854517857,"GO:2000022",0.139289880263294
"C4","GO:1902600",2,795,46,13936,0.746768576235913,0.805012364911695,"GO:1902600",0.126813965300455
"C4","GO:0006896",1,795,24,13936,0.756080954634103,0.812787026231661,"GO:0006896",0.12143170149801
"C4","GO:0006887",1,795,25,13936,0.770019686740622,0.823197841902267,"GO:0006887",0.113498171277488
"C4","GO:0009820",1,795,25,13936,0.770019686740622,0.823197841902267,"GO:0009820",0.113498171277488
"C4","GO:0050790",4,795,92,13936,0.777370639831367,0.826717051251504,"GO:0050790",0.109371866071635
"C4","GO:0015979",2,795,49,13936,0.777583996525962,0.826717051251504,"GO:0015979",0.109252686214481
"C4","GO:0006325",1,795,26,13936,0.783162835978003,0.828098408534118,"GO:0006325",0.106147929622472
"C4","GO:0046854",1,795,26,13936,0.783162835978003,0.828098408534118,"GO:0046854",0.106147929622472
"C4","GO:0071805",1,795,28,13936,0.807241225859473,0.851232573317755,"GO:0071805",0.0929966667586461
"C4","GO:0019252",1,795,31,13936,0.838444922054928,0.879344674350291,"GO:0019252",0.0765254611834329
"C4","GO:0090502",1,795,31,13936,0.838444922054928,0.879344674350291,"GO:0090502",0.0765254611834329
"C4","GO:0098655",1,795,32,13936,0.847681620146718,0.886629154045351,"GO:0098655",0.0717672333289429
"C4","GO:0009738",1,795,33,13936,0.856390848568996,0.893324146620489,"GO:0009738",0.0673279822431082
"C4","GO:0016310",10,795,246,13936,0.901019860685961,0.937351306681363,"GO:0016310",0.0452656360006742
"C4","GO:0045892",1,795,45,13936,0.929174129031794,0.964049297413684,"GO:0045892",0.0319028907520739
"C4","GO:0006952",3,795,101,13936,0.932819916333841,0.964463010307435,"GO:0006952",0.0302021900062131
"C4","GO:0022900",2,795,76,13936,0.936036853820945,0.964463010307435,"GO:0022900",0.0287070518003719
"C4","GO:0071555",1,795,47,13936,0.937049333011875,0.964463010307435,"GO:0071555",0.0282375441273354
"C4","GO:0006869",1,795,48,13936,0.940652600364136,0.965603597721275,"GO:0006869",0.0265707395925225
"C4","GO:0016579",1,795,50,13936,0.947252884400096,0.96980652450486,"GO:0016579",0.0235340636173523
"C4","GO:0006364",1,795,51,13936,0.950272757430625,0.970331285291957,"GO:0006364",0.0221517209795852
"C4","GO:0006334",1,795,54,13936,0.958335136281654,0.97598867826579,"GO:0006334",0.0184825886403399
"C4","GO:0007018",1,795,60,13936,0.970753774449107,0.986041235464054,"GO:0007018",0.0128909121708071
"C4","GO:0055085",7,795,224,13936,0.974667133985182,0.987424557204883,"GO:0055085",0.0111436782049027
"C4","GO:0009734",1,795,83,13936,0.992479424145077,0.999998663001908,"GO:0009734",0.00327848816472851
"C4","GO:0016567",9,795,309,13936,0.99305229418785,0.999998663001908,"GO:0016567",0.00302788093138087
"C4","GO:0006357",2,795,160,13936,0.999153506534334,0.999998663001908,"GO:0006357",0.000367783126082903
"C4","GO:0006468",21,795,741,13936,0.999946618441689,0.999998663001908,"GO:0006468",2.31839350128637e-05
"C4","GO:0006355",12,795,604,13936,0.999998663001908,0.999998663001908,"GO:0006355",5.80651281794585e-07
"C5","GO:0006101",5,761,9,13936,5.02302349598091e-05,0.0170280496513753,"GO:0006101",4.29903479035509
"C5","GO:0005992",6,761,19,13936,0.000381858565288779,0.0647250268164481,"GO:0005992",3.41809746349812
"C5","GO:0006090",3,761,4,13936,0.000622425214414203,0.0703340492288049,"GO:0006090",3.20591282241434
"C5","GO:0006099",6,761,23,13936,0.00117794681097934,0.0998309922304994,"GO:0006099",2.92887431924305
"C5","GO:0008283",3,761,5,13936,0.00149274837022593,0.101208339501318,"GO:0008283",2.82601339430614
"C5","GO:0045454",4,761,11,13936,0.00213759965180131,0.112178680443385,"GO:0045454",2.6700736299478
"C5","GO:0006749",9,761,54,13936,0.00239434768359628,0.112178680443385,"GO:0006749",2.62081278538173
"C5","GO:0042773",2,761,2,13936,0.00297819505601907,0.112178680443385,"GO:0042773",2.52604686166155
"C5","GO:1901642",2,761,2,13936,0.00297819505601907,0.112178680443385,"GO:1901642",2.52604686166155
"C5","GO:0006542",3,761,7,13936,0.00480982725457455,0.135877619941731,"GO:0006542",2.3178705210757
"C5","GO:0015786",3,761,7,13936,0.00480982725457455,0.135877619941731,"GO:0015786",2.3178705210757
"C5","GO:1990937",3,761,7,13936,0.00480982725457455,0.135877619941731,"GO:1990937",2.3178705210757
"C5","GO:0006508",29,761,326,13936,0.00667014384921142,0.162157527019568,"GO:0006508",2.17586479992976
"C5","GO:0009225",2,761,3,13936,0.00861013417803015,0.162157527019568,"GO:0009225",2.06499008056446
"C5","GO:0009901",2,761,3,13936,0.00861013417803015,0.162157527019568,"GO:0009901",2.06499008056446
"C5","GO:0033512",2,761,3,13936,0.00861013417803015,0.162157527019568,"GO:0033512",2.06499008056446
"C5","GO:0048767",2,761,3,13936,0.00861013417803015,0.162157527019568,"GO:0048767",2.06499008056446
"C5","GO:1901600",2,761,3,13936,0.00861013417803015,0.162157527019568,"GO:1901600",2.06499008056446
"C5","GO:0030001",4,761,16,13936,0.00947716327921707,0.169092544823926,"GO:0030001",2.02332163698075
"C5","GO:0055085",21,761,224,13936,0.0110773011632152,0.187760254716498,"GO:0055085",1.95556603678211
"C5","GO:0009555",3,761,10,13936,0.0145798236787366,0.226336580821846,"GO:0009555",1.83624772813154
"C5","GO:0006869",7,761,48,13936,0.0146885096698543,0.226336580821846,"GO:0006869",1.83302226649652
"C5","GO:0016310",22,761,246,13936,0.0157709644636764,0.232450302312448,"GO:0016310",1.80214174684581
"C5","GO:0070988",2,761,4,13936,0.0165978431416461,0.232665293307799,"GO:0070988",1.77994834404071
"C5","GO:0015031",10,761,85,13936,0.0171582074710766,0.232665293307799,"GO:0015031",1.76552808514017
"C5","GO:0006468",54,761,741,13936,0.0180563615596691,0.235427175720301,"GO:0006468",1.74336975755252
"C5","GO:0009664",3,761,11,13936,0.0192456576888374,0.241639924315403,"GO:0009664",1.71566724301302
"C5","GO:0006486",8,761,66,13936,0.0266678978744176,0.27319352026457,"GO:0006486",1.57401121668814
"C5","GO:0005985",2,761,5,13936,0.0266679063225929,0.27319352026457,"GO:0005985",1.57401107910716
"C5","GO:0006885",2,761,5,13936,0.0266679063225929,0.27319352026457,"GO:0006885",1.57401107910716
"C5","GO:1902358",2,761,5,13936,0.0266679063225929,0.27319352026457,"GO:1902358",1.57401107910716
"C5","GO:0006865",5,761,32,13936,0.0283358516303577,0.27319352026457,"GO:0006865",1.54766373016182
"C5","GO:0006075",3,761,13,13936,0.0307563816976897,0.27319352026457,"GO:0006075",1.51206475798494
"C5","GO:0006796",3,761,13,13936,0.0307563816976897,0.27319352026457,"GO:0006796",1.51206475798494
"C5","GO:0032981",3,761,13,13936,0.0307563816976897,0.27319352026457,"GO:0032981",1.51206475798494
"C5","GO:0015985",4,761,23,13936,0.0341014364870996,0.27319352026457,"GO:0015985",1.46722732642449
"C5","GO:0006120",2,761,6,13936,0.0385696786486491,0.27319352026457,"GO:0006120",1.41375397953427
"C5","GO:0032468",2,761,6,13936,0.0385696786486491,0.27319352026457,"GO:0032468",1.41375397953427
"C5","GO:0000209",5,761,35,13936,0.0399928142557257,0.27319352026457,"GO:0000209",1.39801803390778
"C5","GO:0006108",3,761,15,13936,0.0451360982170719,0.27319352026457,"GO:0006108",1.34547598615401
"C5","GO:0006048",2,761,7,13936,0.0520736192062789,0.27319352026457,"GO:0006048",1.28338223706037
"C5","GO:0006730",2,761,7,13936,0.0520736192062789,0.27319352026457,"GO:0006730",1.28338223706037
"C5","GO:0045040",2,761,7,13936,0.0520736192062789,0.27319352026457,"GO:0045040",1.28338223706037
"C5","GO:0120029",2,761,7,13936,0.0520736192062789,0.27319352026457,"GO:0120029",1.28338223706037
"C5","GO:0008152",3,761,16,13936,0.0533650832027307,0.27319352026457,"GO:0008152",1.27274280911864
"C5","GO:0001516",1,761,1,13936,0.0546067738231917,0.27319352026457,"GO:0001516",1.26275348089302
"C5","GO:0001561",1,761,1,13936,0.0546067738231917,0.27319352026457,"GO:0001561",1.26275348089302
"C5","GO:0001763",1,761,1,13936,0.0546067738231917,0.27319352026457,"GO:0001763",1.26275348089302
"C5","GO:0006106",1,761,1,13936,0.0546067738231917,0.27319352026457,"GO:0006106",1.26275348089302
"C5","GO:0009446",1,761,1,13936,0.0546067738231917,0.27319352026457,"GO:0009446",1.26275348089302
"C5","GO:0009559",1,761,1,13936,0.0546067738231917,0.27319352026457,"GO:0009559",1.26275348089302
"C5","GO:0010730",1,761,1,13936,0.0546067738231917,0.27319352026457,"GO:0010730",1.26275348089302
"C5","GO:0015744",1,761,1,13936,0.0546067738231917,0.27319352026457,"GO:0015744",1.26275348089302
"C5","GO:0019805",1,761,1,13936,0.0546067738231917,0.27319352026457,"GO:0019805",1.26275348089302
"C5","GO:0019856",1,761,1,13936,0.0546067738231917,0.27319352026457,"GO:0019856",1.26275348089302
"C5","GO:0032367",1,761,1,13936,0.0546067738231917,0.27319352026457,"GO:0032367",1.26275348089302
"C5","GO:0044804",1,761,1,13936,0.0546067738231917,0.27319352026457,"GO:0044804",1.26275348089302
"C5","GO:0046033",1,761,1,13936,0.0546067738231917,0.27319352026457,"GO:0046033",1.26275348089302
"C5","GO:0051553",1,761,1,13936,0.0546067738231917,0.27319352026457,"GO:0051553",1.26275348089302
"C5","GO:0052863",1,761,1,13936,0.0546067738231917,0.27319352026457,"GO:0052863",1.26275348089302
"C5","GO:0055046",1,761,1,13936,0.0546067738231917,0.27319352026457,"GO:0055046",1.26275348089302
"C5","GO:0080168",1,761,1,13936,0.0546067738231917,0.27319352026457,"GO:0080168",1.26275348089302
"C5","GO:0090376",1,761,1,13936,0.0546067738231917,0.27319352026457,"GO:0090376",1.26275348089302
"C5","GO:0097035",1,761,1,13936,0.0546067738231917,0.27319352026457,"GO:0097035",1.26275348089302
"C5","GO:0110051",1,761,1,13936,0.0546067738231917,0.27319352026457,"GO:0110051",1.26275348089302
"C5","GO:1904734",1,761,1,13936,0.0546067738231917,0.27319352026457,"GO:1904734",1.26275348089302
"C5","GO:2000185",1,761,1,13936,0.0546067738231917,0.27319352026457,"GO:2000185",1.26275348089302
"C5","GO:0022900",8,761,76,13936,0.0547998801710642,0.27319352026457,"GO:0022900",1.26122039117079
"C5","GO:0006094",2,761,8,13936,0.0669697385736407,0.324324876806631,"GO:0006094",1.17412139639377
"C5","GO:0070973",2,761,8,13936,0.0669697385736407,0.324324876806631,"GO:0070973",1.17412139639377
"C5","GO:0001676",2,761,9,13936,0.0830661524530849,0.346286389693592,"GO:0001676",1.08057590518533
"C5","GO:0006644",2,761,9,13936,0.0830661524530849,0.346286389693592,"GO:0006644",1.08057590518533
"C5","GO:0009435",2,761,9,13936,0.0830661524530849,0.346286389693592,"GO:0009435",1.08057590518533
"C5","GO:0010158",2,761,9,13936,0.0830661524530849,0.346286389693592,"GO:0010158",1.08057590518533
"C5","GO:0010951",3,761,20,13936,0.0926354125396404,0.346286389693592,"GO:0010951",1.03322296007228
"C5","GO:0006002",2,761,10,13936,0.100187734646672,0.346286389693592,"GO:0006002",0.999185443152579
"C5","GO:0006488",2,761,10,13936,0.100187734646672,0.346286389693592,"GO:0006488",0.999185443152579
"C5","GO:0097502",2,761,10,13936,0.100187734646672,0.346286389693592,"GO:0097502",0.999185443152579
"C5","GO:0009408",3,761,21,13936,0.10388938520779,0.346286389693592,"GO:0009408",0.983428823772788
"C5","GO:0034976",3,761,21,13936,0.10388938520779,0.346286389693592,"GO:0034976",0.983428823772788
"C5","GO:0006517",1,761,2,13936,0.106235352590364,0.346286389693592,"GO:0006517",0.973730936361852
"C5","GO:0006725",1,761,2,13936,0.106235352590364,0.346286389693592,"GO:0006725",0.973730936361852
"C5","GO:0009687",1,761,2,13936,0.106235352590364,0.346286389693592,"GO:0009687",0.973730936361852
"C5","GO:0009768",1,761,2,13936,0.106235352590364,0.346286389693592,"GO:0009768",0.973730936361852
"C5","GO:0009786",1,761,2,13936,0.106235352590364,0.346286389693592,"GO:0009786",0.973730936361852
"C5","GO:0010115",1,761,2,13936,0.106235352590364,0.346286389693592,"GO:0010115",0.973730936361852
"C5","GO:0010241",1,761,2,13936,0.106235352590364,0.346286389693592,"GO:0010241",0.973730936361852
"C5","GO:0010597",1,761,2,13936,0.106235352590364,0.346286389693592,"GO:0010597",0.973730936361852
"C5","GO:0016095",1,761,2,13936,0.106235352590364,0.346286389693592,"GO:0016095",0.973730936361852
"C5","GO:0016236",1,761,2,13936,0.106235352590364,0.346286389693592,"GO:0016236",0.973730936361852
"C5","GO:0017003",1,761,2,13936,0.106235352590364,0.346286389693592,"GO:0017003",0.973730936361852
"C5","GO:0019284",1,761,2,13936,0.106235352590364,0.346286389693592,"GO:0019284",0.973730936361852
"C5","GO:0035494",1,761,2,13936,0.106235352590364,0.346286389693592,"GO:0035494",0.973730936361852
"C5","GO:0036258",1,761,2,13936,0.106235352590364,0.346286389693592,"GO:0036258",0.973730936361852
"C5","GO:0043407",1,761,2,13936,0.106235352590364,0.346286389693592,"GO:0043407",0.973730936361852
"C5","GO:0046710",1,761,2,13936,0.106235352590364,0.346286389693592,"GO:0046710",0.973730936361852
"C5","GO:0051555",1,761,2,13936,0.106235352590364,0.346286389693592,"GO:0051555",0.973730936361852
"C5","GO:0052543",1,761,2,13936,0.106235352590364,0.346286389693592,"GO:0052543",0.973730936361852
"C5","GO:0080022",1,761,2,13936,0.106235352590364,0.346286389693592,"GO:0080022",0.973730936361852
"C5","GO:0080157",1,761,2,13936,0.106235352590364,0.346286389693592,"GO:0080157",0.973730936361852
"C5","GO:1902074",1,761,2,13936,0.106235352590364,0.346286389693592,"GO:1902074",0.973730936361852
"C5","GO:1903297",1,761,2,13936,0.106235352590364,0.346286389693592,"GO:1903297",0.973730936361852
"C5","GO:1903409",1,761,2,13936,0.106235352590364,0.346286389693592,"GO:1903409",0.973730936361852
"C5","GO:2000280",1,761,2,13936,0.106235352590364,0.346286389693592,"GO:2000280",0.973730936361852
"C5","GO:0006355",40,761,604,13936,0.118079702566682,0.374404472050268,"GO:0006355",0.927824749472687
"C5","GO:0009809",2,761,11,13936,0.118174862859524,0.374404472050268,"GO:0009809",0.927474893018164
"C5","GO:0016126",2,761,11,13936,0.118174862859524,0.374404472050268,"GO:0016126",0.927474893018164
"C5","GO:0098869",5,761,50,13936,0.13579913892178,0.395106685467091,"GO:0098869",0.867102983830961
"C5","GO:0009409",2,761,12,13936,0.136882251229754,0.395106685467091,"GO:0009409",0.86365286079732
"C5","GO:0034204",2,761,12,13936,0.136882251229754,0.395106685467091,"GO:0034204",0.86365286079732
"C5","GO:0009058",3,761,24,13936,0.140550183460771,0.395106685467091,"GO:0009058",0.85216858316968
"C5","GO:0006007",1,761,3,13936,0.155047961796531,0.395106685467091,"GO:0006007",0.809533938464628
"C5","GO:0006646",1,761,3,13936,0.155047961796531,0.395106685467091,"GO:0006646",0.809533938464628
"C5","GO:0006655",1,761,3,13936,0.155047961796531,0.395106685467091,"GO:0006655",0.809533938464628
"C5","GO:0006816",1,761,3,13936,0.155047961796531,0.395106685467091,"GO:0006816",0.809533938464628
"C5","GO:0008612",1,761,3,13936,0.155047961796531,0.395106685467091,"GO:0008612",0.809533938464628
"C5","GO:0009415",1,761,3,13936,0.155047961796531,0.395106685467091,"GO:0009415",0.809533938464628
"C5","GO:0009788",1,761,3,13936,0.155047961796531,0.395106685467091,"GO:0009788",0.809533938464628
"C5","GO:0009956",1,761,3,13936,0.155047961796531,0.395106685467091,"GO:0009956",0.809533938464628
"C5","GO:0015671",1,761,3,13936,0.155047961796531,0.395106685467091,"GO:0015671",0.809533938464628
"C5","GO:0015770",1,761,3,13936,0.155047961796531,0.395106685467091,"GO:0015770",0.809533938464628
"C5","GO:0015918",1,761,3,13936,0.155047961796531,0.395106685467091,"GO:0015918",0.809533938464628
"C5","GO:0018026",1,761,3,13936,0.155047961796531,0.395106685467091,"GO:0018026",0.809533938464628
"C5","GO:0018279",1,761,3,13936,0.155047961796531,0.395106685467091,"GO:0018279",0.809533938464628
"C5","GO:0032366",1,761,3,13936,0.155047961796531,0.395106685467091,"GO:0032366",0.809533938464628
"C5","GO:0045905",1,761,3,13936,0.155047961796531,0.395106685467091,"GO:0045905",0.809533938464628
"C5","GO:0071454",1,761,3,13936,0.155047961796531,0.395106685467091,"GO:0071454",0.809533938464628
"C5","GO:0080141",1,761,3,13936,0.155047961796531,0.395106685467091,"GO:0080141",0.809533938464628
"C5","GO:1901006",1,761,3,13936,0.155047961796531,0.395106685467091,"GO:1901006",0.809533938464628
"C5","GO:1902584",1,761,3,13936,0.155047961796531,0.395106685467091,"GO:1902584",0.809533938464628
"C5","GO:2001295",1,761,3,13936,0.155047961796531,0.395106685467091,"GO:2001295",0.809533938464628
"C5","GO:0006817",2,761,13,13936,0.156177863871948,0.395106685467091,"GO:0006817",0.806380521544066
"C5","GO:0098542",2,761,13,13936,0.156177863871948,0.395106685467091,"GO:0098542",0.806380521544066
"C5","GO:0098656",2,761,13,13936,0.156177863871948,0.395106685467091,"GO:0098656",0.806380521544066
"C5","GO:0006004",4,761,39,13936,0.161950623837763,0.405988824148965,"GO:0006004",0.790617374737619
"C5","GO:0030154",3,761,26,13936,0.167044647025693,0.405988824148965,"GO:0030154",0.777167436843879
"C5","GO:0009734",7,761,83,13936,0.16709745611944,0.405988824148965,"GO:0009734",0.777030161726594
"C5","GO:0045489",3,761,27,13936,0.180799331154619,0.405988824148965,"GO:0045489",0.742803180477887
"C5","GO:0051301",3,761,27,13936,0.180799331154619,0.405988824148965,"GO:0051301",0.742803180477887
"C5","GO:0061157",2,761,15,13936,0.196065874218859,0.405988824148965,"GO:0061157",0.707597989851599
"C5","GO:0000103",1,761,4,13936,0.20119800134816,0.405988824148965,"GO:0000103",0.69637633777007
"C5","GO:0006021",1,761,4,13936,0.20119800134816,0.405988824148965,"GO:0006021",0.69637633777007
"C5","GO:0006123",1,761,4,13936,0.20119800134816,0.405988824148965,"GO:0006123",0.69637633777007
"C5","GO:0006552",1,761,4,13936,0.20119800134816,0.405988824148965,"GO:0006552",0.69637633777007
"C5","GO:0006623",1,761,4,13936,0.20119800134816,0.405988824148965,"GO:0006623",0.69637633777007
"C5","GO:0006750",1,761,4,13936,0.20119800134816,0.405988824148965,"GO:0006750",0.69637633777007
"C5","GO:0006788",1,761,4,13936,0.20119800134816,0.405988824148965,"GO:0006788",0.69637633777007
"C5","GO:0006839",1,761,4,13936,0.20119800134816,0.405988824148965,"GO:0006839",0.69637633777007
"C5","GO:0006851",1,761,4,13936,0.20119800134816,0.405988824148965,"GO:0006851",0.69637633777007
"C5","GO:0009395",1,761,4,13936,0.20119800134816,0.405988824148965,"GO:0009395",0.69637633777007
"C5","GO:0009744",1,761,4,13936,0.20119800134816,0.405988824148965,"GO:0009744",0.69637633777007
"C5","GO:0009920",1,761,4,13936,0.20119800134816,0.405988824148965,"GO:0009920",0.69637633777007
"C5","GO:0010183",1,761,4,13936,0.20119800134816,0.405988824148965,"GO:0010183",0.69637633777007
"C5","GO:0015713",1,761,4,13936,0.20119800134816,0.405988824148965,"GO:0015713",0.69637633777007
"C5","GO:0016125",1,761,4,13936,0.20119800134816,0.405988824148965,"GO:0016125",0.69637633777007
"C5","GO:0016320",1,761,4,13936,0.20119800134816,0.405988824148965,"GO:0016320",0.69637633777007
"C5","GO:0019243",1,761,4,13936,0.20119800134816,0.405988824148965,"GO:0019243",0.69637633777007
"C5","GO:0019346",1,761,4,13936,0.20119800134816,0.405988824148965,"GO:0019346",0.69637633777007
"C5","GO:0019752",1,761,4,13936,0.20119800134816,0.405988824148965,"GO:0019752",0.69637633777007
"C5","GO:0030050",1,761,4,13936,0.20119800134816,0.405988824148965,"GO:0030050",0.69637633777007
"C5","GO:0034497",1,761,4,13936,0.20119800134816,0.405988824148965,"GO:0034497",0.69637633777007
"C5","GO:0035308",1,761,4,13936,0.20119800134816,0.405988824148965,"GO:0035308",0.69637633777007
"C5","GO:0040008",1,761,4,13936,0.20119800134816,0.405988824148965,"GO:0040008",0.69637633777007
"C5","GO:0044208",1,761,4,13936,0.20119800134816,0.405988824148965,"GO:0044208",0.69637633777007
"C5","GO:0051228",1,761,4,13936,0.20119800134816,0.405988824148965,"GO:0051228",0.69637633777007
"C5","GO:0051693",1,761,4,13936,0.20119800134816,0.405988824148965,"GO:0051693",0.69637633777007
"C5","GO:0071076",1,761,4,13936,0.20119800134816,0.405988824148965,"GO:0071076",0.69637633777007
"C5","GO:0080147",1,761,4,13936,0.20119800134816,0.405988824148965,"GO:0080147",0.69637633777007
"C5","GO:0006886",8,761,104,13936,0.207587025282392,0.414623523351603,"GO:0006886",0.68279979448617
"C5","GO:0006506",3,761,29,13936,0.209146379035764,0.414623523351603,"GO:0006506",0.679549649985572
"C5","GO:0018231",3,761,29,13936,0.209146379035764,0.414623523351603,"GO:0018231",0.679549649985572
"C5","GO:0006662",2,761,16,13936,0.216451701506877,0.421307350306816,"GO:0006662",0.664638995888509
"C5","GO:0035335",2,761,16,13936,0.216451701506877,0.421307350306816,"GO:0035335",0.664638995888509
"C5","GO:0016192",5,761,59,13936,0.218938413442361,0.421307350306816,"GO:0016192",0.659678033395785
"C5","GO:0050790",7,761,92,13936,0.236674447612606,0.421307350306816,"GO:0050790",0.625848627832966
"C5","GO:0009617",2,761,17,13936,0.23701092548677,0.421307350306816,"GO:0009617",0.625231633866468
"C5","GO:0006596",1,761,5,13936,0.244830525104551,0.421307350306816,"GO:0006596",0.611134435962721
"C5","GO:0009113",1,761,5,13936,0.244830525104551,0.421307350306816,"GO:0009113",0.611134435962721
"C5","GO:0009448",1,761,5,13936,0.244830525104551,0.421307350306816,"GO:0009448",0.611134435962721
"C5","GO:0009725",1,761,5,13936,0.244830525104551,0.421307350306816,"GO:0009725",0.611134435962721
"C5","GO:0010258",1,761,5,13936,0.244830525104551,0.421307350306816,"GO:0010258",0.611134435962721
"C5","GO:0010268",1,761,5,13936,0.244830525104551,0.421307350306816,"GO:0010268",0.611134435962721
"C5","GO:0015689",1,761,5,13936,0.244830525104551,0.421307350306816,"GO:0015689",0.611134435962721
"C5","GO:0015698",1,761,5,13936,0.244830525104551,0.421307350306816,"GO:0015698",0.611134435962721
"C5","GO:0015936",1,761,5,13936,0.244830525104551,0.421307350306816,"GO:0015936",0.611134435962721
"C5","GO:0016197",1,761,5,13936,0.244830525104551,0.421307350306816,"GO:0016197",0.611134435962721
"C5","GO:0019318",1,761,5,13936,0.244830525104551,0.421307350306816,"GO:0019318",0.611134435962721
"C5","GO:0030026",1,761,5,13936,0.244830525104551,0.421307350306816,"GO:0030026",0.611134435962721
"C5","GO:0032543",1,761,5,13936,0.244830525104551,0.421307350306816,"GO:0032543",0.611134435962721
"C5","GO:0034721",1,761,5,13936,0.244830525104551,0.421307350306816,"GO:0034721",0.611134435962721
"C5","GO:0045490",1,761,5,13936,0.244830525104551,0.421307350306816,"GO:0045490",0.611134435962721
"C5","GO:0045493",1,761,5,13936,0.244830525104551,0.421307350306816,"GO:0045493",0.611134435962721
"C5","GO:0046208",1,761,5,13936,0.244830525104551,0.421307350306816,"GO:0046208",0.611134435962721
"C5","GO:0051513",1,761,5,13936,0.244830525104551,0.421307350306816,"GO:0051513",0.611134435962721
"C5","GO:0072334",1,761,5,13936,0.244830525104551,0.421307350306816,"GO:0072334",0.611134435962721
"C5","GO:0090522",1,761,5,13936,0.244830525104551,0.421307350306816,"GO:0090522",0.611134435962721
"C5","GO:0097503",1,761,5,13936,0.244830525104551,0.421307350306816,"GO:0097503",0.611134435962721
"C5","GO:0072657",2,761,18,13936,0.257663942894548,0.441151902228544,"GO:0072657",0.588946351715129
"C5","GO:0006096",3,761,33,13936,0.268249927732928,0.442840335160516,"GO:0006096",0.571460386361806
"C5","GO:0000902",1,761,6,13936,0.286082694395732,0.442840335160516,"GO:0000902",0.543508412574864
"C5","GO:0006368",1,761,6,13936,0.286082694395732,0.442840335160516,"GO:0006368",0.543508412574864
"C5","GO:0006564",1,761,6,13936,0.286082694395732,0.442840335160516,"GO:0006564",0.543508412574864
"C5","GO:0006996",1,761,6,13936,0.286082694395732,0.442840335160516,"GO:0006996",0.543508412574864
"C5","GO:0009134",1,761,6,13936,0.286082694395732,0.442840335160516,"GO:0009134",0.543508412574864
"C5","GO:0009627",1,761,6,13936,0.286082694395732,0.442840335160516,"GO:0009627",0.543508412574864
"C5","GO:0009686",1,761,6,13936,0.286082694395732,0.442840335160516,"GO:0009686",0.543508412574864
"C5","GO:0009867",1,761,6,13936,0.286082694395732,0.442840335160516,"GO:0009867",0.543508412574864
"C5","GO:0009966",1,761,6,13936,0.286082694395732,0.442840335160516,"GO:0009966",0.543508412574864
"C5","GO:0010150",1,761,6,13936,0.286082694395732,0.442840335160516,"GO:0010150",0.543508412574864
"C5","GO:0015790",1,761,6,13936,0.286082694395732,0.442840335160516,"GO:0015790",0.543508412574864
"C5","GO:0016560",1,761,6,13936,0.286082694395732,0.442840335160516,"GO:0016560",0.543508412574864
"C5","GO:0018401",1,761,6,13936,0.286082694395732,0.442840335160516,"GO:0018401",0.543508412574864
"C5","GO:0032469",1,761,6,13936,0.286082694395732,0.442840335160516,"GO:0032469",0.543508412574864
"C5","GO:0045087",1,761,6,13936,0.286082694395732,0.442840335160516,"GO:0045087",0.543508412574864
"C5","GO:0046506",1,761,6,13936,0.286082694395732,0.442840335160516,"GO:0046506",0.543508412574864
"C5","GO:0046621",1,761,6,13936,0.286082694395732,0.442840335160516,"GO:0046621",0.543508412574864
"C5","GO:0061615",1,761,6,13936,0.286082694395732,0.442840335160516,"GO:0061615",0.543508412574864
"C5","GO:0090150",1,761,6,13936,0.286082694395732,0.442840335160516,"GO:0090150",0.543508412574864
"C5","GO:1990544",1,761,6,13936,0.286082694395732,0.442840335160516,"GO:1990544",0.543508412574864
"C5","GO:0007034",2,761,20,13936,0.298973072157524,0.460690324824549,"GO:0007034",0.524367925856289
"C5","GO:0000160",2,761,21,13936,0.319508197099602,0.464993865604883,"GO:0000160",0.49551799537895
"C5","GO:0006890",2,761,21,13936,0.319508197099602,0.464993865604883,"GO:0006890",0.49551799537895
"C5","GO:0006979",2,761,21,13936,0.319508197099602,0.464993865604883,"GO:0006979",0.49551799537895
"C5","GO:0046686",2,761,21,13936,0.319508197099602,0.464993865604883,"GO:0046686",0.49551799537895
"C5","GO:0070588",2,761,21,13936,0.319508197099602,0.464993865604883,"GO:0070588",0.49551799537895
"C5","GO:0006207",1,761,7,13936,0.325084206927308,0.464993865604883,"GO:0006207",0.488004128661136
"C5","GO:0006627",1,761,7,13936,0.325084206927308,0.464993865604883,"GO:0006627",0.488004128661136
"C5","GO:0007205",1,761,7,13936,0.325084206927308,0.464993865604883,"GO:0007205",0.488004128661136
"C5","GO:0009098",1,761,7,13936,0.325084206927308,0.464993865604883,"GO:0009098",0.488004128661136
"C5","GO:0009229",1,761,7,13936,0.325084206927308,0.464993865604883,"GO:0009229",0.488004128661136
"C5","GO:0009834",1,761,7,13936,0.325084206927308,0.464993865604883,"GO:0009834",0.488004128661136
"C5","GO:0010044",1,761,7,13936,0.325084206927308,0.464993865604883,"GO:0010044",0.488004128661136
"C5","GO:0015937",1,761,7,13936,0.325084206927308,0.464993865604883,"GO:0015937",0.488004128661136
"C5","GO:0019722",1,761,7,13936,0.325084206927308,0.464993865604883,"GO:0019722",0.488004128661136
"C5","GO:0033617",1,761,7,13936,0.325084206927308,0.464993865604883,"GO:0033617",0.488004128661136
"C5","GO:0046294",1,761,7,13936,0.325084206927308,0.464993865604883,"GO:0046294",0.488004128661136
"C5","GO:0046373",1,761,7,13936,0.325084206927308,0.464993865604883,"GO:0046373",0.488004128661136
"C5","GO:0000911",1,761,8,13936,0.361957702406403,0.502883857031847,"GO:0000911",0.441342177214822
"C5","GO:0001678",1,761,8,13936,0.361957702406403,0.502883857031847,"GO:0001678",0.441342177214822
"C5","GO:0005987",1,761,8,13936,0.361957702406403,0.502883857031847,"GO:0005987",0.441342177214822
"C5","GO:0006086",1,761,8,13936,0.361957702406403,0.502883857031847,"GO:0006086",0.441342177214822
"C5","GO:0033320",1,761,8,13936,0.361957702406403,0.502883857031847,"GO:0033320",0.441342177214822
"C5","GO:0042908",1,761,8,13936,0.361957702406403,0.502883857031847,"GO:0042908",0.441342177214822
"C5","GO:0090481",1,761,8,13936,0.361957702406403,0.502883857031847,"GO:0090481",0.441342177214822
"C5","GO:0015866",1,761,9,13936,0.396819146150568,0.546836140427002,"GO:0015866",0.40140738171206
"C5","GO:0051017",1,761,9,13936,0.396819146150568,0.546836140427002,"GO:0051017",0.40140738171206
"C5","GO:0009820",2,761,25,13936,0.399732584068395,0.548620834004802,"GO:0009820",0.39823044892697
"C5","GO:0007018",4,761,60,13936,0.416241118834489,0.556087049790162,"GO:0007018",0.380655019749461
"C5","GO:0030244",2,761,26,13936,0.419123245488621,0.556087049790162,"GO:0030244",0.377658251579719
"C5","GO:0005975",9,761,148,13936,0.419178001087769,0.556087049790162,"GO:0005975",0.377601517667668
"C5","GO:0006012",1,761,10,13936,0.429778191873223,0.556087049790162,"GO:0006012",0.366755625581225
"C5","GO:0006189",1,761,10,13936,0.429778191873223,0.556087049790162,"GO:0006189",0.366755625581225
"C5","GO:0006298",1,761,10,13936,0.429778191873223,0.556087049790162,"GO:0006298",0.366755625581225
"C5","GO:0006338",1,761,10,13936,0.429778191873223,0.556087049790162,"GO:0006338",0.366755625581225
"C5","GO:0006535",1,761,10,13936,0.429778191873223,0.556087049790162,"GO:0006535",0.366755625581225
"C5","GO:0006897",1,761,10,13936,0.429778191873223,0.556087049790162,"GO:0006897",0.366755625581225
"C5","GO:0030042",1,761,10,13936,0.429778191873223,0.556087049790162,"GO:0030042",0.366755625581225
"C5","GO:0034314",1,761,10,13936,0.429778191873223,0.556087049790162,"GO:0034314",0.366755625581225
"C5","GO:0050821",1,761,10,13936,0.429778191873223,0.556087049790162,"GO:0050821",0.366755625581225
"C5","GO:0051085",1,761,10,13936,0.429778191873223,0.556087049790162,"GO:0051085",0.366755625581225
"C5","GO:0070536",1,761,10,13936,0.429778191873223,0.556087049790162,"GO:0070536",0.366755625581225
"C5","GO:1900865",1,761,10,13936,0.429778191873223,0.556087049790162,"GO:1900865",0.366755625581225
"C5","GO:0000045",1,761,11,13936,0.460938524774593,0.583052835442489,"GO:0000045",0.336356992466023
"C5","GO:0006006",1,761,11,13936,0.460938524774593,0.583052835442489,"GO:0006006",0.336356992466023
"C5","GO:0006122",1,761,11,13936,0.460938524774593,0.583052835442489,"GO:0006122",0.336356992466023
"C5","GO:0030433",1,761,11,13936,0.460938524774593,0.583052835442489,"GO:0030433",0.336356992466023
"C5","GO:0048268",1,761,11,13936,0.460938524774593,0.583052835442489,"GO:0048268",0.336356992466023
"C5","GO:1900150",1,761,11,13936,0.460938524774593,0.583052835442489,"GO:1900150",0.336356992466023
"C5","GO:0006414",3,761,47,13936,0.477376021117284,0.599372115402812,"GO:0006414",0.321139399652661
"C5","GO:0071555",3,761,47,13936,0.477376021117284,0.599372115402812,"GO:0071555",0.321139399652661
"C5","GO:0009231",1,761,12,13936,0.490398186005942,0.613450129357986,"GO:0009231",0.309451144951849
"C5","GO:0090502",2,761,31,13936,0.510807178719054,0.62745253270107,"GO:0090502",0.291743007931401
"C5","GO:0006857",1,761,13,13936,0.518249879517108,0.62745253270107,"GO:0006857",0.285460790199005
"C5","GO:0007131",1,761,13,13936,0.518249879517108,0.62745253270107,"GO:0007131",0.285460790199005
"C5","GO:0009736",1,761,13,13936,0.518249879517108,0.62745253270107,"GO:0009736",0.285460790199005
"C5","GO:0016925",1,761,13,13936,0.518249879517108,0.62745253270107,"GO:0016925",0.285460790199005
"C5","GO:0034599",1,761,13,13936,0.518249879517108,0.62745253270107,"GO:0034599",0.285460790199005
"C5","GO:0045927",1,761,13,13936,0.518249879517108,0.62745253270107,"GO:0045927",0.285460790199005
"C5","GO:0090158",1,761,13,13936,0.518249879517108,0.62745253270107,"GO:0090158",0.285460790199005
"C5","GO:1903830",1,761,13,13936,0.518249879517108,0.62745253270107,"GO:1903830",0.285460790199005
"C5","GO:0006629",5,761,88,13936,0.529288274131395,0.638536387653177,"GO:0006629",0.276307727275386
"C5","GO:0009737",1,761,14,13936,0.544581262242633,0.650228337452595,"GO:0009737",0.263937305788243
"C5","GO:0046856",1,761,14,13936,0.544581262242633,0.650228337452595,"GO:0046856",0.263937305788243
"C5","GO:0009738",2,761,33,13936,0.544734064414564,0.650228337452595,"GO:0009738",0.263815465694922
"C5","GO:0042744",2,761,34,13936,0.561070949855402,0.665696893385122,"GO:0042744",0.250982216850107
"C5","GO:0000463",1,761,15,13936,0.569475218530045,0.665696893385122,"GO:0000463",0.244525170074473
"C5","GO:0006098",1,761,15,13936,0.569475218530045,0.665696893385122,"GO:0006098",0.244525170074473
"C5","GO:0006284",1,761,15,13936,0.569475218530045,0.665696893385122,"GO:0006284",0.244525170074473
"C5","GO:0033962",1,761,15,13936,0.569475218530045,0.665696893385122,"GO:0033962",0.244525170074473
"C5","GO:0042545",1,761,15,13936,0.569475218530045,0.665696893385122,"GO:0042545",0.244525170074473
"C5","GO:0000165",1,761,16,13936,0.593010119664923,0.683776974715677,"GO:0000165",0.226937895375813
"C5","GO:0008299",1,761,16,13936,0.593010119664923,0.683776974715677,"GO:0008299",0.226937895375813
"C5","GO:0045039",1,761,16,13936,0.593010119664923,0.683776974715677,"GO:0045039",0.226937895375813
"C5","GO:0051225",1,761,16,13936,0.593010119664923,0.683776974715677,"GO:0051225",0.226937895375813
"C5","GO:0007030",1,761,17,13936,0.615260069301058,0.699909944607579,"GO:0007030",0.210941269935438
"C5","GO:0034220",1,761,17,13936,0.615260069301058,0.699909944607579,"GO:0034220",0.210941269935438
"C5","GO:0048544",1,761,17,13936,0.615260069301058,0.699909944607579,"GO:0048544",0.210941269935438
"C5","GO:0061025",1,761,17,13936,0.615260069301058,0.699909944607579,"GO:0061025",0.210941269935438
"C5","GO:0007165",1,761,18,13936,0.636295135560265,0.716624754003089,"GO:0007165",0.196341396907434
"C5","GO:0007264",1,761,18,13936,0.636295135560265,0.716624754003089,"GO:0007264",0.196341396907434
"C5","GO:0046940",1,761,18,13936,0.636295135560265,0.716624754003089,"GO:0046940",0.196341396907434
"C5","GO:0016311",4,761,81,13936,0.65220414609092,0.729824208928294,"GO:0016311",0.185616444691846
"C5","GO:0006952",5,761,101,13936,0.652320753112899,0.729824208928294,"GO:0006952",0.185538804492931
"C5","GO:0006914",1,761,19,13936,0.656181570524961,0.731728790815663,"GO:0006914",0.182975971346665
"C5","GO:0009640",1,761,20,13936,0.674982017807457,0.750225914874518,"GO:0009640",0.170707797051968
"C5","GO:0006457",5,761,105,13936,0.685768753504645,0.759724207313969,"GO:0006457",0.163822307045023
"C5","GO:0008610",1,761,21,13936,0.69275570884285,0.762481121096513,"GO:0008610",0.15941988660855
"C5","GO:0090630",1,761,21,13936,0.69275570884285,0.762481121096513,"GO:0090630",0.15941988660855
"C5","GO:0006888",1,761,22,13936,0.709558648517344,0.773441742274533,"GO:0006888",0.149011702144795
"C5","GO:0050832",1,761,22,13936,0.709558648517344,0.773441742274533,"GO:0050832",0.149011702144795
"C5","GO:2000022",1,761,22,13936,0.709558648517344,0.773441742274533,"GO:2000022",0.149011702144795
"C5","GO:0016567",15,761,309,13936,0.718193400984306,0.780344752992563,"GO:0016567",0.143758589643347
"C5","GO:1902600",2,761,46,13936,0.724251967254852,0.783202054302312,"GO:1902600",0.140110316466946
"C5","GO:0000226",1,761,23,13936,0.725443790710696,0.783202054302312,"GO:0000226",0.139396232199203
"C5","GO:0006353",1,761,24,13936,0.740461204300085,0.786885104256203,"GO:0006353",0.130497690957457
"C5","GO:0006896",1,761,24,13936,0.740461204300085,0.786885104256203,"GO:0006896",0.130497690957457
"C5","GO:0009733",1,761,24,13936,0.740461204300085,0.786885104256203,"GO:0009733",0.130497690957457
"C5","GO:0016226",1,761,24,13936,0.740461204300085,0.786885104256203,"GO:0016226",0.130497690957457
"C5","GO:0030150",1,761,24,13936,0.740461204300085,0.786885104256203,"GO:0030150",0.130497690957457
"C5","GO:0006325",1,761,26,13936,0.76807962952925,0.813684357532549,"GO:0006325",0.114593752790839
"C5","GO:0009793",1,761,27,13936,0.780767724563631,0.821988380829413,"GO:0009793",0.107478147869068
"C5","GO:0009873",1,761,27,13936,0.780767724563631,0.821988380829413,"GO:0009873",0.107478147869068
"C5","GO:0007017",1,761,30,13936,0.814821554531445,0.855184232155294,"GO:0007017",0.0889374910976814
"C5","GO:0000413",2,761,56,13936,0.818146549406417,0.856023704471529,"GO:0000413",0.0871688969423976
"C5","GO:0006396",1,761,32,13936,0.834535299864599,0.867814314889874,"GO:0006396",0.0785552884488796
"C5","GO:0098655",1,761,32,13936,0.834535299864599,0.867814314889874,"GO:0098655",0.0785552884488796
"C5","GO:0006357",6,761,160,13936,0.875882245297993,0.90802471301535,"GO:0006357",0.0575542769995256
"C5","GO:0045944",1,761,38,13936,0.881966111839689,0.911063783505086,"GO:0045944",0.0545481016298226
"C5","GO:0006511",4,761,116,13936,0.884188745643579,0.911063783505086,"GO:0006511",0.0534550172926164
"C5","GO:0010468",1,761,39,13936,0.888429184863865,0.912659071723789,"GO:0010468",0.0513771833325397
"C5","GO:0006470",5,761,143,13936,0.896707332943482,0.918380017727615,"GO:0006470",0.047349278725646
"C5","GO:0045892",1,761,45,13936,0.920425130404212,0.939831684358518,"GO:0045892",0.0360115322818782
"C5","GO:0006413",3,761,103,13936,0.925435644162873,0.942110160273916,"GO:0006413",0.0336537771884792
"C5","GO:0006351",1,761,48,13936,0.93280079377394,0.946764877513071,"GO:0006351",0.0302110930187068
"C5","GO:0032259",8,761,232,13936,0.942468730013443,0.95167580757722,"GO:0032259",0.0257330502552185
"C5","GO:0031146",1,761,51,13936,0.943253897775652,0.95167580757722,"GO:0031146",0.0253713915031028
"C5","GO:0007049",1,761,56,13936,0.957192527777598,0.962873195598236,"GO:0007049",0.019000700319385
"C5","GO:0000398",1,761,120,13936,0.99885033841055,0.999998339520045,"GO:0000398",0.000499578912754602
"C5","GO:0006412",4,761,367,13936,0.999998339520045,0.999998339520045,"GO:0006412",7.21137880476041e-07
"C6","GO:1902600",26,768,46,13936,2.43726009744675e-21,8.60352814398703e-19,"GO:1902600",20.6130981216736
"C6","GO:0006122",8,768,11,13936,1.16819613821687e-08,2.06186618395278e-06,"GO:0006122",7.9324842337699
"C6","GO:0030244",10,768,26,13936,5.7772638974551e-07,6.79791385267217e-05,"GO:0030244",6.23827779403191
"C6","GO:0022900",16,768,76,13936,2.98981619796989e-06,0.000263851279470843,"GO:0022900",5.52435550955551
"C6","GO:0015985",8,768,23,13936,1.91752872499117e-05,0.00135377527984377,"GO:0015985",4.71725812150586
"C6","GO:0006635",7,768,19,13936,4.22119582391722e-05,0.00248347020973796,"GO:0006635",4.37456450018532
"C6","GO:0006096",9,768,33,13936,5.20869947898619e-05,0.00262667273726018,"GO:0006096",4.28327069888963
"C6","GO:0006886",16,768,104,13936,0.000173061976918306,0.00763635973152026,"GO:0006886",3.76179833956813
"C6","GO:0042744",8,768,34,13936,0.000413838807817833,0.0162316776844106,"GO:0042744",3.38316878570781
"C6","GO:0010951",6,768,20,13936,0.000546578781961479,0.0173657370680589,"GO:0010951",3.2623472315089
"C6","GO:0006552",3,768,4,13936,0.000639531393441263,0.0173657370680589,"GO:0006552",3.19413813193018
"C6","GO:0009969",3,768,4,13936,0.000639531393441263,0.0173657370680589,"GO:0009969",3.19413813193018
"C6","GO:0071669",3,768,4,13936,0.000639531393441263,0.0173657370680589,"GO:0071669",3.19413813193018
"C6","GO:0006099",6,768,23,13936,0.00123534184262159,0.0309806842834148,"GO:0006099",2.90821284821692
"C6","GO:0030245",5,768,16,13936,0.00131645967209978,0.0309806842834148,"GO:0030245",2.88059244035798
"C6","GO:0016114",3,768,5,13936,0.00153317476337533,0.0318359230277347,"GO:0016114",2.81440833800694
"C6","GO:0046208",3,768,5,13936,0.00153317476337533,0.0318359230277347,"GO:0046208",2.81440833800694
"C6","GO:0072657",5,768,18,13936,0.00235551088383467,0.0461941856663132,"GO:0072657",2.6279148847272
"C6","GO:0022904",3,768,6,13936,0.00294079190123955,0.0465541436822999,"GO:0022904",2.53153570631269
"C6","GO:0006065",2,768,2,13936,0.0030332728178269,0.0465541436822999,"GO:0006065",2.51808852673242
"C6","GO:0006546",2,768,2,13936,0.0030332728178269,0.0465541436822999,"GO:0006546",2.51808852673242
"C6","GO:0009741",2,768,2,13936,0.0030332728178269,0.0465541436822999,"GO:0009741",2.51808852673242
"C6","GO:0010602",2,768,2,13936,0.0030332728178269,0.0465541436822999,"GO:0010602",2.51808852673242
"C6","GO:0006520",4,768,12,13936,0.00317304367533911,0.0466701840581128,"GO:0006520",2.49852395001486
"C6","GO:0046686",5,768,21,13936,0.0048764047727353,0.0622321791786148,"GO:0046686",2.31190025234215
"C6","GO:0006833",3,768,7,13936,0.00493626350425273,0.0622321791786148,"GO:0006833",2.3066016651441
"C6","GO:0009086",3,768,7,13936,0.00493626350425273,0.0622321791786148,"GO:0009086",2.3066016651441
"C6","GO:0009834",3,768,7,13936,0.00493626350425273,0.0622321791786148,"GO:0009834",2.3066016651441
"C6","GO:2000022",5,768,22,13936,0.00602910758339463,0.0733887923082174,"GO:2000022",2.21974696651485
"C6","GO:0001678",3,768,8,13936,0.00757649205295629,0.0845701413281366,"GO:0001678",2.12053182796672
"C6","GO:0033320",3,768,8,13936,0.00757649205295629,0.0845701413281366,"GO:0033320",2.12053182796672
"C6","GO:0006108",4,768,15,13936,0.00766641507790474,0.0845701413281366,"GO:0006108",2.11540767071127
"C6","GO:0006116",2,768,3,13936,0.00876631953307661,0.0859586331993345,"GO:0006116",2.05718270332354
"C6","GO:0009695",2,768,3,13936,0.00876631953307661,0.0859586331993345,"GO:0009695",2.05718270332354
"C6","GO:0042724",2,768,3,13936,0.00876631953307661,0.0859586331993345,"GO:0042724",2.05718270332354
"C6","GO:0042742",2,768,3,13936,0.00876631953307661,0.0859586331993345,"GO:0042742",2.05718270332354
"C6","GO:0006662",4,768,16,13936,0.00978306687983973,0.0933357461779304,"GO:0006662",2.0095249775031
"C6","GO:0043086",5,768,25,13936,0.0106122247622996,0.0985819826603091,"GO:0043086",1.97419356042428
"C6","GO:0009423",3,768,9,13936,0.0109034428845267,0.0986901368778958,"GO:0009423",1.96243634704472
"C6","GO:0006012",3,768,10,13936,0.0149459906756229,0.121699326703415,"GO:0006012",1.8254752930237
"C6","GO:0006897",3,768,10,13936,0.0149459906756229,0.121699326703415,"GO:0006897",1.8254752930237
"C6","GO:0009698",3,768,10,13936,0.0149459906756229,0.121699326703415,"GO:0009698",1.8254752930237
"C6","GO:0046940",4,768,18,13936,0.0150708192681932,0.121699326703415,"GO:0046940",1.82186313826371
"C6","GO:0006656",2,768,4,13936,0.0168931076727119,0.121699326703415,"GO:0006656",1.77229044983919
"C6","GO:0010215",2,768,4,13936,0.0168931076727119,0.121699326703415,"GO:0010215",1.77229044983919
"C6","GO:0015977",2,768,4,13936,0.0168931076727119,0.121699326703415,"GO:0015977",1.77229044983919
"C6","GO:0035308",2,768,4,13936,0.0168931076727119,0.121699326703415,"GO:0035308",1.77229044983919
"C6","GO:0051865",2,768,4,13936,0.0168931076727119,0.121699326703415,"GO:0051865",1.77229044983919
"C6","GO:0071569",2,768,4,13936,0.0168931076727119,0.121699326703415,"GO:0071569",1.77229044983919
"C6","GO:0015031",10,768,85,13936,0.01817519089169,0.128316847695332,"GO:0015031",1.74052101910594
"C6","GO:0006006",3,768,11,13936,0.0197215877134134,0.133879239669902,"GO:0006006",1.70505812451562
"C6","GO:0009664",3,768,11,13936,0.0197215877134134,0.133879239669902,"GO:0009664",1.70505812451562
"C6","GO:0120009",3,768,12,13936,0.0252377690594381,0.162338495250811,"GO:0120009",1.59794903801734
"C6","GO:0006890",4,768,21,13936,0.0258709854145215,0.162338495250811,"GO:0006890",1.5871870288815
"C6","GO:0006979",4,768,21,13936,0.0258709854145215,0.162338495250811,"GO:0006979",1.5871870288815
"C6","GO:0006596",2,768,5,13936,0.027133062945603,0.162338495250811,"GO:0006596",1.56650117766158
"C6","GO:0019509",2,768,5,13936,0.027133062945603,0.162338495250811,"GO:0019509",1.56650117766158
"C6","GO:0042761",2,768,5,13936,0.027133062945603,0.162338495250811,"GO:0042761",1.56650117766158
"C6","GO:0046470",2,768,5,13936,0.027133062945603,0.162338495250811,"GO:0046470",1.56650117766158
"C6","GO:0016311",9,768,81,13936,0.0337377844265797,0.192608927942163,"GO:0016311",1.47188344109794
"C6","GO:0000902",2,768,6,13936,0.0392291984677848,0.192608927942163,"GO:0000902",1.40639056529831
"C6","GO:0009773",2,768,6,13936,0.0392291984677848,0.192608927942163,"GO:0009773",1.40639056529831
"C6","GO:0015790",2,768,6,13936,0.0392291984677848,0.192608927942163,"GO:0015790",1.40639056529831
"C6","GO:0016192",7,768,59,13936,0.0425591485620784,0.192608927942163,"GO:0016192",1.37100706911738
"C6","GO:0009820",4,768,25,13936,0.0460139936476858,0.192608927942163,"GO:0009820",1.33711007180185
"C6","GO:0006098",3,768,15,13936,0.0461839441429203,0.192608927942163,"GO:0006098",1.33550898076571
"C6","GO:0043622",3,768,15,13936,0.0461839441429203,0.192608927942163,"GO:0043622",1.33550898076571
"C6","GO:0006730",2,768,7,13936,0.0529463724531976,0.192608927942163,"GO:0006730",1.27616378961744
"C6","GO:0006850",2,768,7,13936,0.0529463724531976,0.192608927942163,"GO:0006850",1.27616378961744
"C6","GO:0035335",3,768,16,13936,0.0545841465882467,0.192608927942163,"GO:0035335",1.26293347540869
"C6","GO:0006651",1,768,1,13936,0.0551090700344432,0.192608927942163,"GO:0006651",1.25877691763208
"C6","GO:0006742",1,768,1,13936,0.0551090700344432,0.192608927942163,"GO:0006742",1.25877691763208
"C6","GO:0007154",1,768,1,13936,0.0551090700344432,0.192608927942163,"GO:0007154",1.25877691763208
"C6","GO:0008202",1,768,1,13936,0.0551090700344432,0.192608927942163,"GO:0008202",1.25877691763208
"C6","GO:0008295",1,768,1,13936,0.0551090700344432,0.192608927942163,"GO:0008295",1.25877691763208
"C6","GO:0009187",1,768,1,13936,0.0551090700344432,0.192608927942163,"GO:0009187",1.25877691763208
"C6","GO:0009439",1,768,1,13936,0.0551090700344432,0.192608927942163,"GO:0009439",1.25877691763208
"C6","GO:0009642",1,768,1,13936,0.0551090700344432,0.192608927942163,"GO:0009642",1.25877691763208
"C6","GO:0009772",1,768,1,13936,0.0551090700344432,0.192608927942163,"GO:0009772",1.25877691763208
"C6","GO:0010043",1,768,1,13936,0.0551090700344432,0.192608927942163,"GO:0010043",1.25877691763208
"C6","GO:0010051",1,768,1,13936,0.0551090700344432,0.192608927942163,"GO:0010051",1.25877691763208
"C6","GO:0010117",1,768,1,13936,0.0551090700344432,0.192608927942163,"GO:0010117",1.25877691763208
"C6","GO:0010208",1,768,1,13936,0.0551090700344432,0.192608927942163,"GO:0010208",1.25877691763208
"C6","GO:0015742",1,768,1,13936,0.0551090700344432,0.192608927942163,"GO:0015742",1.25877691763208
"C6","GO:0019673",1,768,1,13936,0.0551090700344432,0.192608927942163,"GO:0019673",1.25877691763208
"C6","GO:0030148",1,768,1,13936,0.0551090700344432,0.192608927942163,"GO:0030148",1.25877691763208
"C6","GO:0032970",1,768,1,13936,0.0551090700344432,0.192608927942163,"GO:0032970",1.25877691763208
"C6","GO:0033396",1,768,1,13936,0.0551090700344432,0.192608927942163,"GO:0033396",1.25877691763208
"C6","GO:0033478",1,768,1,13936,0.0551090700344432,0.192608927942163,"GO:0033478",1.25877691763208
"C6","GO:0042183",1,768,1,13936,0.0551090700344432,0.192608927942163,"GO:0042183",1.25877691763208
"C6","GO:0042351",1,768,1,13936,0.0551090700344432,0.192608927942163,"GO:0042351",1.25877691763208
"C6","GO:0042538",1,768,1,13936,0.0551090700344432,0.192608927942163,"GO:0042538",1.25877691763208
"C6","GO:0044794",1,768,1,13936,0.0551090700344432,0.192608927942163,"GO:0044794",1.25877691763208
"C6","GO:0046438",1,768,1,13936,0.0551090700344432,0.192608927942163,"GO:0046438",1.25877691763208
"C6","GO:0046514",1,768,1,13936,0.0551090700344432,0.192608927942163,"GO:0046514",1.25877691763208
"C6","GO:0051667",1,768,1,13936,0.0551090700344432,0.192608927942163,"GO:0051667",1.25877691763208
"C6","GO:0070887",1,768,1,13936,0.0551090700344432,0.192608927942163,"GO:0070887",1.25877691763208
"C6","GO:0071456",1,768,1,13936,0.0551090700344432,0.192608927942163,"GO:0071456",1.25877691763208
"C6","GO:0071816",1,768,1,13936,0.0551090700344432,0.192608927942163,"GO:0071816",1.25877691763208
"C6","GO:1903292",1,768,1,13936,0.0551090700344432,0.192608927942163,"GO:1903292",1.25877691763208
"C6","GO:2000767",1,768,1,13936,0.0551090700344432,0.192608927942163,"GO:2000767",1.25877691763208
"C6","GO:0005987",2,768,8,13936,0.0680696659199448,0.224566281025612,"GO:0005987",1.16704638087007
"C6","GO:0006152",2,768,8,13936,0.0680696659199448,0.224566281025612,"GO:0006152",1.16704638087007
"C6","GO:0006228",2,768,8,13936,0.0680696659199448,0.224566281025612,"GO:0006228",1.16704638087007
"C6","GO:0034219",2,768,8,13936,0.0680696659199448,0.224566281025612,"GO:0034219",1.16704638087007
"C6","GO:0042147",2,768,8,13936,0.0680696659199448,0.224566281025612,"GO:0042147",1.16704638087007
"C6","GO:0051013",2,768,8,13936,0.0680696659199448,0.224566281025612,"GO:0051013",1.16704638087007
"C6","GO:0007017",4,768,30,13936,0.0805290862292443,0.26321080961966,"GO:0007017",1.09404722885801
"C6","GO:0006541",2,768,9,13936,0.0844028725014928,0.2702589867116,"GO:0006541",1.07364277268336
"C6","GO:0010158",2,768,9,13936,0.0844028725014928,0.2702589867116,"GO:0010158",1.07364277268336
"C6","GO:0006508",24,768,326,13936,0.0908810105749275,0.2702589867116,"GO:0006508",1.04152685235627
"C6","GO:0006535",2,768,10,13936,0.10176709295796,0.2702589867116,"GO:0006535",0.9923926312048
"C6","GO:0030042",2,768,10,13936,0.10176709295796,0.2702589867116,"GO:0030042",0.9923926312048
"C6","GO:0080167",2,768,10,13936,0.10176709295796,0.2702589867116,"GO:0080167",0.9923926312048
"C6","GO:0005977",1,768,2,13936,0.10718486725106,0.2702589867116,"GO:0005977",0.969866525587963
"C6","GO:0006114",1,768,2,13936,0.10718486725106,0.2702589867116,"GO:0006114",0.969866525587963
"C6","GO:0006998",1,768,2,13936,0.10718486725106,0.2702589867116,"GO:0006998",0.969866525587963
"C6","GO:0009808",1,768,2,13936,0.10718486725106,0.2702589867116,"GO:0009808",0.969866525587963
"C6","GO:0010019",1,768,2,13936,0.10718486725106,0.2702589867116,"GO:0010019",0.969866525587963
"C6","GO:0010124",1,768,2,13936,0.10718486725106,0.2702589867116,"GO:0010124",0.969866525587963
"C6","GO:0010366",1,768,2,13936,0.10718486725106,0.2702589867116,"GO:0010366",0.969866525587963
"C6","GO:0010583",1,768,2,13936,0.10718486725106,0.2702589867116,"GO:0010583",0.969866525587963
"C6","GO:0018160",1,768,2,13936,0.10718486725106,0.2702589867116,"GO:0018160",0.969866525587963
"C6","GO:0019216",1,768,2,13936,0.10718486725106,0.2702589867116,"GO:0019216",0.969866525587963
"C6","GO:0019284",1,768,2,13936,0.10718486725106,0.2702589867116,"GO:0019284",0.969866525587963
"C6","GO:0030836",1,768,2,13936,0.10718486725106,0.2702589867116,"GO:0030836",0.969866525587963
"C6","GO:0034553",1,768,2,13936,0.10718486725106,0.2702589867116,"GO:0034553",0.969866525587963
"C6","GO:0035999",1,768,2,13936,0.10718486725106,0.2702589867116,"GO:0035999",0.969866525587963
"C6","GO:0036503",1,768,2,13936,0.10718486725106,0.2702589867116,"GO:0036503",0.969866525587963
"C6","GO:0043001",1,768,2,13936,0.10718486725106,0.2702589867116,"GO:0043001",0.969866525587963
"C6","GO:0043068",1,768,2,13936,0.10718486725106,0.2702589867116,"GO:0043068",0.969866525587963
"C6","GO:0045046",1,768,2,13936,0.10718486725106,0.2702589867116,"GO:0045046",0.969866525587963
"C6","GO:0046521",1,768,2,13936,0.10718486725106,0.2702589867116,"GO:0046521",0.969866525587963
"C6","GO:0048481",1,768,2,13936,0.10718486725106,0.2702589867116,"GO:0048481",0.969866525587963
"C6","GO:0048832",1,768,2,13936,0.10718486725106,0.2702589867116,"GO:0048832",0.969866525587963
"C6","GO:0051211",1,768,2,13936,0.10718486725106,0.2702589867116,"GO:0051211",0.969866525587963
"C6","GO:0070476",1,768,2,13936,0.10718486725106,0.2702589867116,"GO:0070476",0.969866525587963
"C6","GO:0080153",1,768,2,13936,0.10718486725106,0.2702589867116,"GO:0080153",0.969866525587963
"C6","GO:0080186",1,768,2,13936,0.10718486725106,0.2702589867116,"GO:0080186",0.969866525587963
"C6","GO:2000280",1,768,2,13936,0.10718486725106,0.2702589867116,"GO:2000280",0.969866525587963
"C6","GO:0006629",8,768,88,13936,0.111438587705525,0.278991641560641,"GO:0006629",0.952964400492777
"C6","GO:0009809",2,768,11,13936,0.119999427456748,0.294165263140501,"GO:0009809",0.920820826060442
"C6","GO:0030433",2,768,11,13936,0.119999427456748,0.294165263140501,"GO:0030433",0.920820826060442
"C6","GO:0045454",2,768,11,13936,0.119999427456748,0.294165263140501,"GO:0045454",0.920820826060442
"C6","GO:0009058",3,768,24,13936,0.143358214413422,0.317282366734759,"GO:0009058",0.843577416967855
"C6","GO:0000719",1,768,3,13936,0.156394141110051,0.317282366734759,"GO:0000719",0.805779520657471
"C6","GO:0006007",1,768,3,13936,0.156394141110051,0.317282366734759,"GO:0006007",0.805779520657471
"C6","GO:0006011",1,768,3,13936,0.156394141110051,0.317282366734759,"GO:0006011",0.805779520657471
"C6","GO:0006536",1,768,3,13936,0.156394141110051,0.317282366734759,"GO:0006536",0.805779520657471
"C6","GO:0009052",1,768,3,13936,0.156394141110051,0.317282366734759,"GO:0009052",0.805779520657471
"C6","GO:0009073",1,768,3,13936,0.156394141110051,0.317282366734759,"GO:0009073",0.805779520657471
"C6","GO:0009298",1,768,3,13936,0.156394141110051,0.317282366734759,"GO:0009298",0.805779520657471
"C6","GO:0009416",1,768,3,13936,0.156394141110051,0.317282366734759,"GO:0009416",0.805779520657471
"C6","GO:0009553",1,768,3,13936,0.156394141110051,0.317282366734759,"GO:0009553",0.805779520657471
"C6","GO:0009554",1,768,3,13936,0.156394141110051,0.317282366734759,"GO:0009554",0.805779520657471
"C6","GO:0009610",1,768,3,13936,0.156394141110051,0.317282366734759,"GO:0009610",0.805779520657471
"C6","GO:0009819",1,768,3,13936,0.156394141110051,0.317282366734759,"GO:0009819",0.805779520657471
"C6","GO:0015770",1,768,3,13936,0.156394141110051,0.317282366734759,"GO:0015770",0.805779520657471
"C6","GO:0016559",1,768,3,13936,0.156394141110051,0.317282366734759,"GO:0016559",0.805779520657471
"C6","GO:0019290",1,768,3,13936,0.156394141110051,0.317282366734759,"GO:0019290",0.805779520657471
"C6","GO:0019521",1,768,3,13936,0.156394141110051,0.317282366734759,"GO:0019521",0.805779520657471
"C6","GO:0030091",1,768,3,13936,0.156394141110051,0.317282366734759,"GO:0030091",0.805779520657471
"C6","GO:0031468",1,768,3,13936,0.156394141110051,0.317282366734759,"GO:0031468",0.805779520657471
"C6","GO:0032366",1,768,3,13936,0.156394141110051,0.317282366734759,"GO:0032366",0.805779520657471
"C6","GO:0034051",1,768,3,13936,0.156394141110051,0.317282366734759,"GO:0034051",0.805779520657471
"C6","GO:0034337",1,768,3,13936,0.156394141110051,0.317282366734759,"GO:0034337",0.805779520657471
"C6","GO:0042989",1,768,3,13936,0.156394141110051,0.317282366734759,"GO:0042989",0.805779520657471
"C6","GO:0043289",1,768,3,13936,0.156394141110051,0.317282366734759,"GO:0043289",0.805779520657471
"C6","GO:0044209",1,768,3,13936,0.156394141110051,0.317282366734759,"GO:0044209",0.805779520657471
"C6","GO:0045324",1,768,3,13936,0.156394141110051,0.317282366734759,"GO:0045324",0.805779520657471
"C6","GO:0071218",1,768,3,13936,0.156394141110051,0.317282366734759,"GO:0071218",0.805779520657471
"C6","GO:0071786",1,768,3,13936,0.156394141110051,0.317282366734759,"GO:0071786",0.805779520657471
"C6","GO:0080162",1,768,3,13936,0.156394141110051,0.317282366734759,"GO:0080162",0.805779520657471
"C6","GO:1905182",1,768,3,13936,0.156394141110051,0.317282366734759,"GO:1905182",0.805779520657471
"C6","GO:0006796",2,768,13,13936,0.158489622882654,0.317879754986233,"GO:0006796",0.799999167972016
"C6","GO:0007131",2,768,13,13936,0.158489622882654,0.317879754986233,"GO:0007131",0.799999167972016
"C6","GO:0010411",2,768,14,13936,0.178491153641444,0.352816519275738,"GO:0010411",0.748383303472857
"C6","GO:0009873",3,768,27,13936,0.184226377686529,0.352816519275738,"GO:0009873",0.734648187040644
"C6","GO:0051301",3,768,27,13936,0.184226377686529,0.352816519275738,"GO:0051301",0.734648187040644
"C6","GO:0000103",1,768,4,13936,0.202894485589164,0.352816519275738,"GO:0000103",0.692729756371
"C6","GO:0002182",1,768,4,13936,0.202894485589164,0.352816519275738,"GO:0002182",0.692729756371
"C6","GO:0006081",1,768,4,13936,0.202894485589164,0.352816519275738,"GO:0006081",0.692729756371
"C6","GO:0006123",1,768,4,13936,0.202894485589164,0.352816519275738,"GO:0006123",0.692729756371
"C6","GO:0006474",1,768,4,13936,0.202894485589164,0.352816519275738,"GO:0006474",0.692729756371
"C6","GO:0006556",1,768,4,13936,0.202894485589164,0.352816519275738,"GO:0006556",0.692729756371
"C6","GO:0006657",1,768,4,13936,0.202894485589164,0.352816519275738,"GO:0006657",0.692729756371
"C6","GO:0006839",1,768,4,13936,0.202894485589164,0.352816519275738,"GO:0006839",0.692729756371
"C6","GO:0009102",1,768,4,13936,0.202894485589164,0.352816519275738,"GO:0009102",0.692729756371
"C6","GO:0009306",1,768,4,13936,0.202894485589164,0.352816519275738,"GO:0009306",0.692729756371
"C6","GO:0009395",1,768,4,13936,0.202894485589164,0.352816519275738,"GO:0009395",0.692729756371
"C6","GO:0009744",1,768,4,13936,0.202894485589164,0.352816519275738,"GO:0009744",0.692729756371
"C6","GO:0009846",1,768,4,13936,0.202894485589164,0.352816519275738,"GO:0009846",0.692729756371
"C6","GO:0010142",1,768,4,13936,0.202894485589164,0.352816519275738,"GO:0010142",0.692729756371
"C6","GO:0015713",1,768,4,13936,0.202894485589164,0.352816519275738,"GO:0015713",0.692729756371
"C6","GO:0019243",1,768,4,13936,0.202894485589164,0.352816519275738,"GO:0019243",0.692729756371
"C6","GO:0019288",1,768,4,13936,0.202894485589164,0.352816519275738,"GO:0019288",0.692729756371
"C6","GO:0019632",1,768,4,13936,0.202894485589164,0.352816519275738,"GO:0019632",0.692729756371
"C6","GO:0019752",1,768,4,13936,0.202894485589164,0.352816519275738,"GO:0019752",0.692729756371
"C6","GO:0046417",1,768,4,13936,0.202894485589164,0.352816519275738,"GO:0046417",0.692729756371
"C6","GO:0048527",1,768,4,13936,0.202894485589164,0.352816519275738,"GO:0048527",0.692729756371
"C6","GO:0071902",1,768,4,13936,0.202894485589164,0.352816519275738,"GO:0071902",0.692729756371
"C6","GO:0090114",1,768,4,13936,0.202894485589164,0.352816519275738,"GO:0090114",0.692729756371
"C6","GO:1902389",1,768,4,13936,0.202894485589164,0.352816519275738,"GO:1902389",0.692729756371
"C6","GO:0043328",2,768,16,13936,0.219454960714718,0.37974314280537,"GO:0043328",0.658654597609264
"C6","GO:0007030",2,768,17,13936,0.24022805160571,0.388985263219951,"GO:0007030",0.619376281086935
"C6","GO:0061025",2,768,17,13936,0.24022805160571,0.388985263219951,"GO:0061025",0.619376281086935
"C6","GO:0005985",1,768,5,13936,0.246834841250054,0.388985263219951,"GO:0005985",0.607593538744634
"C6","GO:0006121",1,768,5,13936,0.246834841250054,0.388985263219951,"GO:0006121",0.607593538744634
"C6","GO:0006751",1,768,5,13936,0.246834841250054,0.388985263219951,"GO:0006751",0.607593538744634
"C6","GO:0008285",1,768,5,13936,0.246834841250054,0.388985263219951,"GO:0008285",0.607593538744634
"C6","GO:0010190",1,768,5,13936,0.246834841250054,0.388985263219951,"GO:0010190",0.607593538744634
"C6","GO:0010196",1,768,5,13936,0.246834841250054,0.388985263219951,"GO:0010196",0.607593538744634
"C6","GO:0010207",1,768,5,13936,0.246834841250054,0.388985263219951,"GO:0010207",0.607593538744634
"C6","GO:0010344",1,768,5,13936,0.246834841250054,0.388985263219951,"GO:0010344",0.607593538744634
"C6","GO:0010497",1,768,5,13936,0.246834841250054,0.388985263219951,"GO:0010497",0.607593538744634
"C6","GO:0015936",1,768,5,13936,0.246834841250054,0.388985263219951,"GO:0015936",0.607593538744634
"C6","GO:0019318",1,768,5,13936,0.246834841250054,0.388985263219951,"GO:0019318",0.607593538744634
"C6","GO:0034605",1,768,5,13936,0.246834841250054,0.388985263219951,"GO:0034605",0.607593538744634
"C6","GO:0045048",1,768,5,13936,0.246834841250054,0.388985263219951,"GO:0045048",0.607593538744634
"C6","GO:0045490",1,768,5,13936,0.246834841250054,0.388985263219951,"GO:0045490",0.607593538744634
"C6","GO:0072334",1,768,5,13936,0.246834841250054,0.388985263219951,"GO:0072334",0.607593538744634
"C6","GO:0090522",1,768,5,13936,0.246834841250054,0.388985263219951,"GO:0090522",0.607593538744634
"C6","GO:1990547",1,768,5,13936,0.246834841250054,0.388985263219951,"GO:1990547",0.607593538744634
"C6","GO:2000762",1,768,5,13936,0.246834841250054,0.388985263219951,"GO:2000762",0.607593538744634
"C6","GO:0006865",3,768,32,13936,0.257637517442367,0.404204638476247,"GO:0006865",0.588990894294405
"C6","GO:0071555",4,768,47,13936,0.259050141660048,0.404622566398217,"GO:0071555",0.586616165885409
"C6","GO:0009765",2,768,19,13936,0.281953031228545,0.422363723409533,"GO:0009765",0.54982323202525
"C6","GO:0015979",4,768,49,13936,0.283877134185832,0.422363723409533,"GO:0015979",0.546869587737787
"C6","GO:0006564",1,768,6,13936,0.288355969806508,0.422363723409533,"GO:0006564",0.54007105300222
"C6","GO:0006891",1,768,6,13936,0.288355969806508,0.422363723409533,"GO:0006891",0.54007105300222
"C6","GO:0008213",1,768,6,13936,0.288355969806508,0.422363723409533,"GO:0008213",0.54007105300222
"C6","GO:0009099",1,768,6,13936,0.288355969806508,0.422363723409533,"GO:0009099",0.54007105300222
"C6","GO:0009134",1,768,6,13936,0.288355969806508,0.422363723409533,"GO:0009134",0.54007105300222
"C6","GO:0016558",1,768,6,13936,0.288355969806508,0.422363723409533,"GO:0016558",0.54007105300222
"C6","GO:0016560",1,768,6,13936,0.288355969806508,0.422363723409533,"GO:0016560",0.54007105300222
"C6","GO:0018401",1,768,6,13936,0.288355969806508,0.422363723409533,"GO:0018401",0.54007105300222
"C6","GO:0019432",1,768,6,13936,0.288355969806508,0.422363723409533,"GO:0019432",0.54007105300222
"C6","GO:0032469",1,768,6,13936,0.288355969806508,0.422363723409533,"GO:0032469",0.54007105300222
"C6","GO:0032511",1,768,6,13936,0.288355969806508,0.422363723409533,"GO:0032511",0.54007105300222
"C6","GO:0090150",1,768,6,13936,0.288355969806508,0.422363723409533,"GO:0090150",0.54007105300222
"C6","GO:1990544",1,768,6,13936,0.288355969806508,0.422363723409533,"GO:1990544",0.54007105300222
"C6","GO:0098869",4,768,50,13936,0.296422439697976,0.43238479840242,"GO:0098869",0.528088922595125
"C6","GO:0006486",5,768,66,13936,0.298434430411961,0.433528205495564,"GO:0006486",0.525151073708317
"C6","GO:0007034",2,768,20,13936,0.302768185953598,0.437132426579642,"GO:0007034",0.518889761241589
"C6","GO:0000209",3,768,35,13936,0.30339219408502,0.437132426579642,"GO:0000209",0.5179955972784
"C6","GO:0008610",2,768,21,13936,0.323472811045083,0.439694253432131,"GO:0008610",0.490162217342503
"C6","GO:0005986",1,768,7,13936,0.327590902698726,0.439694253432131,"GO:0005986",0.484668167237021
"C6","GO:0006032",1,768,7,13936,0.327590902698726,0.439694253432131,"GO:0006032",0.484668167237021
"C6","GO:0006048",1,768,7,13936,0.327590902698726,0.439694253432131,"GO:0006048",0.484668167237021
"C6","GO:0006821",1,768,7,13936,0.327590902698726,0.439694253432131,"GO:0006821",0.484668167237021
"C6","GO:0009269",1,768,7,13936,0.327590902698726,0.439694253432131,"GO:0009269",0.484668167237021
"C6","GO:0009694",1,768,7,13936,0.327590902698726,0.439694253432131,"GO:0009694",0.484668167237021
"C6","GO:0010044",1,768,7,13936,0.327590902698726,0.439694253432131,"GO:0010044",0.484668167237021
"C6","GO:0019722",1,768,7,13936,0.327590902698726,0.439694253432131,"GO:0019722",0.484668167237021
"C6","GO:0019853",1,768,7,13936,0.327590902698726,0.439694253432131,"GO:0019853",0.484668167237021
"C6","GO:0032012",1,768,7,13936,0.327590902698726,0.439694253432131,"GO:0032012",0.484668167237021
"C6","GO:0033617",1,768,7,13936,0.327590902698726,0.439694253432131,"GO:0033617",0.484668167237021
"C6","GO:0044210",1,768,7,13936,0.327590902698726,0.439694253432131,"GO:0044210",0.484668167237021
"C6","GO:0046294",1,768,7,13936,0.327590902698726,0.439694253432131,"GO:0046294",0.484668167237021
"C6","GO:0055072",1,768,7,13936,0.327590902698726,0.439694253432131,"GO:0055072",0.484668167237021
"C6","GO:0072318",1,768,7,13936,0.327590902698726,0.439694253432131,"GO:0072318",0.484668167237021
"C6","GO:0072596",1,768,7,13936,0.327590902698726,0.439694253432131,"GO:0072596",0.484668167237021
"C6","GO:0120029",1,768,7,13936,0.327590902698726,0.439694253432131,"GO:0120029",0.484668167237021
"C6","GO:0006888",2,768,22,13936,0.344015920717691,0.459990984899033,"GO:0006888",0.463421458242873
"C6","GO:0006086",1,768,8,13936,0.364665365095695,0.47340179837743,"GO:0006086",0.438105482812103
"C6","GO:0006526",1,768,8,13936,0.364665365095695,0.47340179837743,"GO:0006526",0.438105482812103
"C6","GO:0006782",1,768,8,13936,0.364665365095695,0.47340179837743,"GO:0006782",0.438105482812103
"C6","GO:0008643",1,768,8,13936,0.364665365095695,0.47340179837743,"GO:0008643",0.438105482812103
"C6","GO:0010228",1,768,8,13936,0.364665365095695,0.47340179837743,"GO:0010228",0.438105482812103
"C6","GO:0046777",1,768,8,13936,0.364665365095695,0.47340179837743,"GO:0046777",0.438105482812103
"C6","GO:0070973",1,768,8,13936,0.364665365095695,0.47340179837743,"GO:0070973",0.438105482812103
"C6","GO:0006004",3,768,39,13936,0.364774190251164,0.47340179837743,"GO:0006004",0.437975897942413
"C6","GO:0006633",4,768,58,13936,0.397929939461874,0.503905201301784,"GO:0006633",0.400193384166183
"C6","GO:0000272",1,768,9,13936,0.39969817666997,0.503905201301784,"GO:0000272",0.398267832885696
"C6","GO:0001676",1,768,9,13936,0.39969817666997,0.503905201301784,"GO:0001676",0.398267832885696
"C6","GO:0002181",1,768,9,13936,0.39969817666997,0.503905201301784,"GO:0002181",0.398267832885696
"C6","GO:0006101",1,768,9,13936,0.39969817666997,0.503905201301784,"GO:0006101",0.398267832885696
"C6","GO:0009959",1,768,9,13936,0.39969817666997,0.503905201301784,"GO:0009959",0.398267832885696
"C6","GO:0015866",1,768,9,13936,0.39969817666997,0.503905201301784,"GO:0015866",0.398267832885696
"C6","GO:0048193",1,768,9,13936,0.39969817666997,0.503905201301784,"GO:0048193",0.398267832885696
"C6","GO:0005975",9,768,148,13936,0.42990242173032,0.53233092521519,"GO:0005975",0.366630108404388
"C6","GO:0007015",1,768,10,13936,0.432801630415749,0.53233092521519,"GO:0007015",0.363711111858905
"C6","GO:0009555",1,768,10,13936,0.432801630415749,0.53233092521519,"GO:0009555",0.363711111858905
"C6","GO:0009740",1,768,10,13936,0.432801630415749,0.53233092521519,"GO:0009740",0.363711111858905
"C6","GO:0050821",1,768,10,13936,0.432801630415749,0.53233092521519,"GO:0050821",0.363711111858905
"C6","GO:0051085",1,768,10,13936,0.432801630415749,0.53233092521519,"GO:0051085",0.363711111858905
"C6","GO:0097502",1,768,10,13936,0.432801630415749,0.53233092521519,"GO:0097502",0.363711111858905
"C6","GO:0008654",1,768,11,13936,0.464081850711649,0.557213922793239,"GO:0008654",0.333405415614381
"C6","GO:0009909",1,768,11,13936,0.464081850711649,0.557213922793239,"GO:0009909",0.333405415614381
"C6","GO:0010027",1,768,11,13936,0.464081850711649,0.557213922793239,"GO:0010027",0.333405415614381
"C6","GO:0016126",1,768,11,13936,0.464081850711649,0.557213922793239,"GO:0016126",0.333405415614381
"C6","GO:0035246",1,768,11,13936,0.464081850711649,0.557213922793239,"GO:0035246",0.333405415614381
"C6","GO:0045492",1,768,11,13936,0.464081850711649,0.557213922793239,"GO:0045492",0.333405415614381
"C6","GO:1900150",1,768,11,13936,0.464081850711649,0.557213922793239,"GO:1900150",0.333405415614381
"C6","GO:0006506",2,768,29,13936,0.480141856097606,0.574542627804932,"GO:0006506",0.318630433002135
"C6","GO:0006811",1,768,12,13936,0.493639131763962,0.58474702521033,"GO:0006811",0.306590420215626
"C6","GO:0009231",1,768,12,13936,0.493639131763962,0.58474702521033,"GO:0009231",0.306590420215626
"C6","GO:0009409",1,768,12,13936,0.493639131763962,0.58474702521033,"GO:0009409",0.306590420215626
"C6","GO:0090502",2,768,31,13936,0.515801075601865,0.605636825325451,"GO:0090502",0.287517756561269
"C6","GO:0034599",1,768,13,13936,0.521568257504071,0.605636825325451,"GO:0034599",0.282688847510624
"C6","GO:0090503",1,768,13,13936,0.521568257504071,0.605636825325451,"GO:0090503",0.282688847510624
"C6","GO:0098542",1,768,13,13936,0.521568257504071,0.605636825325451,"GO:0098542",0.282688847510624
"C6","GO:0098656",1,768,13,13936,0.521568257504071,0.605636825325451,"GO:0098656",0.282688847510624
"C6","GO:1903830",1,768,13,13936,0.521568257504071,0.605636825325451,"GO:1903830",0.282688847510624
"C6","GO:0098655",2,768,32,13936,0.533011979479165,0.616895831987361,"GO:0098655",0.2732630300668
"C6","GO:0000162",1,768,14,13936,0.547958803955042,0.63006338044342,"GO:0000162",0.261252090945418
"C6","GO:0009742",1,768,14,13936,0.547958803955042,0.63006338044342,"GO:0009742",0.261252090945418
"C6","GO:0042545",1,768,15,13936,0.572895425026909,0.654472767101938,"GO:0042545",0.241924645883573
"C6","GO:0061157",1,768,15,13936,0.572895425026909,0.654472767101938,"GO:0061157",0.241924645883573
"C6","GO:0006749",3,768,54,13936,0.578058625279719,0.658240950721745,"GO:0006749",0.238028114270888
"C6","GO:0055085",12,768,224,13936,0.582605597964805,0.661285453638508,"GO:0055085",0.234625346770582
"C6","GO:0008299",1,768,16,13936,0.596458122647721,0.672682802858293,"GO:0008299",0.224420042758861
"C6","GO:0030001",1,768,16,13936,0.596458122647721,0.672682802858293,"GO:0030001",0.224420042758861
"C6","GO:0016310",13,768,246,13936,0.602666807541456,0.677520328223357,"GO:0016310",0.219922727062945
"C6","GO:0000724",1,768,18,13936,0.639760013288115,0.714668622438939,"GO:0000724",0.193982907970293
"C6","GO:0007264",1,768,18,13936,0.639760013288115,0.714668622438939,"GO:0007264",0.193982907970293
"C6","GO:0005992",1,768,19,13936,0.659638178958092,0.734549770259326,"GO:0005992",0.1806942159278
"C6","GO:0009734",4,768,83,13936,0.678154161835163,0.750728984293434,"GO:0009734",0.168671568634643
"C6","GO:0009640",1,768,20,13936,0.678420810168854,0.750728984293434,"GO:0009640",0.168500838813127
"C6","GO:0009408",1,768,21,13936,0.696168210125043,0.765568156305733,"GO:0009408",0.157285812253242
"C6","GO:0034976",1,768,21,13936,0.696168210125043,0.765568156305733,"GO:0034976",0.157285812253242
"C6","GO:0050832",1,768,22,13936,0.712937366763488,0.779154459651738,"GO:0050832",0.146948622271295
"C6","GO:1990961",1,768,22,13936,0.712937366763488,0.779154459651738,"GO:1990961",0.146948622271295
"C6","GO:0006606",1,768,23,13936,0.728782134790342,0.79401263450923,"GO:0006606",0.137402282106779
"C6","GO:0032259",11,768,232,13936,0.738654209428119,0.80229211054808,"GO:0032259",0.131558822881114
"C6","GO:0006896",1,768,24,13936,0.743753407735143,0.805352616351244,"GO:0006896",0.128571031405004
"C6","GO:0006869",2,768,48,13936,0.750461016583546,0.810130699859302,"GO:0006869",0.124671862677705
"C6","GO:0015995",1,768,26,13936,0.771265203401154,0.827527710640144,"GO:0015995",0.112796261936791
"C6","GO:0046854",1,768,26,13936,0.771265203401154,0.827527710640144,"GO:0046854",0.112796261936791
"C6","GO:0031146",2,768,51,13936,0.779879585487689,0.83423482932471,"GO:0031146",0.107972447816274
"C6","GO:0045489",1,768,27,13936,0.783894126750392,0.835995851186974,"GO:0045489",0.105742589449492
"C6","GO:0071805",1,768,28,13936,0.795826638840097,0.846165070814922,"GO:0071805",0.0991815277334494
"C6","GO:0043161",1,768,29,13936,0.807101095366614,0.855575635628873,"GO:0043161",0.09307206328285
"C6","GO:0019252",1,768,31,13936,0.827818831030621,0.872298648817341,"GO:0019252",0.0820646985928231
"C6","GO:0045893",1,768,31,13936,0.827818831030621,0.872298648817341,"GO:0045893",0.0820646985928231
"C6","GO:0090305",2,768,62,13936,0.863206124386076,0.906880243774657,"GO:0090305",0.0638854870257455
"C6","GO:0031047",1,768,41,13936,0.902466116952562,0.94531317295031,"GO:0031047",0.0445690946818834
"C6","GO:0045892",1,768,45,13936,0.922308719810383,0.963239580156998,"GO:0045892",0.035123685379756
"C6","GO:0006413",3,768,103,13936,0.928264317745615,0.966246405094652,"GO:0006413",0.0323283433999894
"C6","GO:0006414",1,768,47,13936,0.930662259864537,0.966246405094652,"GO:0006414",0.0312078972023273
"C6","GO:0016579",1,768,50,13936,0.941540908160541,0.974674312553288,"GO:0016579",0.0261608059686879
"C6","GO:0006334",1,768,54,13936,0.953441075604165,0.98410730903003,"GO:0006334",0.0207061419789776
"C6","GO:0000413",1,768,56,13936,0.958450348550219,0.98639350740008,"GO:0000413",0.0184303803437499
"C6","GO:0006952",2,768,101,13936,0.977847793907659,0.999999816768686,"GO:0006952",0.00972873970145355
"C6","GO:0006357",3,768,160,13936,0.994031167991758,0.999999816768686,"GO:0006357",0.00259999802258892
"C6","GO:0050790",1,768,92,13936,0.994660853410017,0.999999816768686,"GO:0050790",0.00232497412881237
"C6","GO:0006457",1,768,105,13936,0.997458435024527,0.999999816768686,"GO:0006457",0.00110519269945242
"C6","GO:0006511",1,768,116,13936,0.99864455334298,0.999999816768686,"GO:0006511",0.000589062315179124
"C6","GO:0006470",1,768,143,13936,0.999710934582719,0.999999816768686,"GO:0006470",0.000125557663697702
"C6","GO:0006468",21,768,741,13936,0.999875173008511,0.999999816768686,"GO:0006468",5.42150574179486e-05
"C6","GO:0016567",4,768,309,13936,0.999975332560945,0.999999816768686,"GO:0016567",1.07130647968684e-05
"C6","GO:0006355",11,768,604,13936,0.999999049231521,0.999999816768686,"GO:0006355",4.1291370012215e-07
"C6","GO:0006412",3,768,367,13936,0.999999816768686,0.999999816768686,"GO:0006412",7.95763559252705e-08
"C7","GO:0015979",22,641,49,13936,4.12404953839009e-17,1.21659461382508e-14,"GO:0015979",16.3846761265795
"C7","GO:0009765",10,641,19,13936,2.50793082085471e-09,3.6991979607607e-07,"GO:0009765",8.60068444732116
"C7","GO:0015995",8,641,26,13936,1.43328147545649e-05,0.00119376864169913,"GO:0015995",4.84366851216137
"C7","GO:0000162",6,641,14,13936,2.02333668084598e-05,0.00119376864169913,"GO:0000162",4.6939318451246
"C7","GO:0031408",6,641,14,13936,2.02333668084598e-05,0.00119376864169913,"GO:0031408",4.6939318451246
"C7","GO:0009611",3,641,3,13936,9.68763895214432e-05,0.00476308915147096,"GO:0009611",4.01378205525036
"C7","GO:0005975",18,641,148,13936,0.000153647140550419,0.0064751294946248,"GO:0005975",3.81347551776836
"C7","GO:0010206",4,641,8,13936,0.000267614950541951,0.00986830130123443,"GO:0010206",3.57248962798755
"C7","GO:0006556",3,641,4,13936,0.000374197483044932,0.0110388257498255,"GO:0006556",3.42689913801018
"C7","GO:0043953",3,641,4,13936,0.000374197483044932,0.0110388257498255,"GO:0043953",3.42689913801018
"C7","GO:0008152",5,641,16,13936,0.000579619143553522,0.0150440737266022,"GO:0008152",3.23685727916642
"C7","GO:0022900",11,641,76,13936,0.000671902115281608,0.0150440737266022,"GO:0022900",3.17269399166263
"C7","GO:0006629",12,641,88,13936,0.000674501351686208,0.0150440737266022,"GO:0006629",3.1710171756744
"C7","GO:0080167",4,641,10,13936,0.000745580377606728,0.0150440737266022,"GO:0080167",3.12750553038752
"C7","GO:0042744",7,641,34,13936,0.000764952901352653,0.0150440737266022,"GO:0042744",3.11636530381676
"C7","GO:0009800",3,641,5,13936,0.000903440465718095,0.0156773492580493,"GO:0009800",3.04410046099126
"C7","GO:0042372",3,641,5,13936,0.000903440465718095,0.0156773492580493,"GO:0042372",3.04410046099126
"C7","GO:0006562",2,641,2,13936,0.00211248139529231,0.0270948700700536,"GO:0006562",2.67520710721021
"C7","GO:0009767",2,641,2,13936,0.00211248139529231,0.0270948700700536,"GO:0009767",2.67520710721021
"C7","GO:0019253",2,641,2,13936,0.00211248139529231,0.0270948700700536,"GO:0019253",2.67520710721021
"C7","GO:0042558",2,641,2,13936,0.00211248139529231,0.0270948700700536,"GO:0042558",2.67520710721021
"C7","GO:0046685",2,641,2,13936,0.00211248139529231,0.0270948700700536,"GO:0046685",2.67520710721021
"C7","GO:1903963",2,641,2,13936,0.00211248139529231,0.0270948700700536,"GO:1903963",2.67520710721021
"C7","GO:1990961",5,641,22,13936,0.00277892388774911,0.0341533638872017,"GO:1990961",2.55612334799889
"C7","GO:0006032",3,641,7,13936,0.00294980502241003,0.0341533638872017,"GO:0006032",2.53020668927265
"C7","GO:0006865",6,641,32,13936,0.00301012698666862,0.0341533638872017,"GO:0006865",2.52141518266325
"C7","GO:0009733",5,641,24,13936,0.00415708617194436,0.0454200155823551,"GO:0009733",2.38121097294097
"C7","GO:0006152",3,641,8,13936,0.00455911906553086,0.0480335758689859,"GO:0006152",2.3411190656555
"C7","GO:0006662",4,641,16,13936,0.0051828764859395,0.0527223642535225,"GO:0006662",2.28542914078696
"C7","GO:0006869",7,641,48,13936,0.00600601301364266,0.0533055577945896,"GO:0006869",2.22141373112021
"C7","GO:0009644",2,641,3,13936,0.00614369140683406,0.0533055577945896,"GO:0009644",2.21157060672572
"C7","GO:0009813",2,641,3,13936,0.00614369140683406,0.0533055577945896,"GO:0009813",2.21157060672572
"C7","GO:0009864",2,641,3,13936,0.00614369140683406,0.0533055577945896,"GO:0009864",2.21157060672572
"C7","GO:0030639",2,641,3,13936,0.00614369140683406,0.0533055577945896,"GO:0030639",2.21157060672572
"C7","GO:0009423",3,641,9,13936,0.0066065806425054,0.0556840368439741,"GO:0009423",2.1800232594738
"C7","GO:0016042",5,641,27,13936,0.00704780394126552,0.0577528378520369,"GO:0016042",2.15194618581207
"C7","GO:0019953",3,641,10,13936,0.00911843789889056,0.0727010589235869,"GO:0019953",2.04007955531181
"C7","GO:0009853",2,641,4,13936,0.0119131853306232,0.0916346623112452,"GO:0009853",1.92397210194676
"C7","GO:0016102",3,641,11,13936,0.0121144129835205,0.0916346623112452,"GO:0016102",1.9166976252074
"C7","GO:0055085",18,641,224,13936,0.0154286728957258,0.113786462605978,"GO:0055085",1.81167142836654
"C7","GO:0006952",10,641,101,13936,0.017679812547321,0.125753689771432,"GO:0006952",1.75252234396637
"C7","GO:0009082",2,641,5,13936,0.0192530152405599,0.125753689771432,"GO:0009082",1.71550124538717
"C7","GO:0009688",2,641,5,13936,0.0192530152405599,0.125753689771432,"GO:0009688",1.71550124538717
"C7","GO:0010258",2,641,5,13936,0.0192530152405599,0.125753689771432,"GO:0010258",1.71550124538717
"C7","GO:0015985",4,641,23,13936,0.0195526650155636,0.125753689771432,"GO:0015985",1.70879404017741
"C7","GO:0098542",3,641,13,13936,0.0196090499304605,0.125753689771432,"GO:0098542",1.70754344763532
"C7","GO:0098869",6,641,50,13936,0.0263560942756548,0.165426549176982,"GO:0098869",1.57911894765192
"C7","GO:0006098",3,641,15,13936,0.0291425423475826,0.165473348548063,"GO:0006098",1.53547256377524
"C7","GO:0006749",6,641,54,13936,0.0367806640747423,0.165473348548063,"GO:0006749",1.43438043384203
"C7","GO:0006821",2,641,7,13936,0.0380298289764479,0.165473348548063,"GO:0006821",1.41987562764527
"C7","GO:0009116",2,641,7,13936,0.0380298289764479,0.165473348548063,"GO:0009116",1.41987562764527
"C7","GO:0009694",2,641,7,13936,0.0380298289764479,0.165473348548063,"GO:0009694",1.41987562764527
"C7","GO:0009718",2,641,7,13936,0.0380298289764479,0.165473348548063,"GO:0009718",1.41987562764527
"C7","GO:0009834",2,641,7,13936,0.0380298289764479,0.165473348548063,"GO:0009834",1.41987562764527
"C7","GO:0019853",2,641,7,13936,0.0380298289764479,0.165473348548063,"GO:0019853",1.41987562764527
"C7","GO:0006807",1,641,1,13936,0.0459959816303092,0.165473348548063,"GO:0006807",1.33728010814478
"C7","GO:0009083",1,641,1,13936,0.0459959816303092,0.165473348548063,"GO:0009083",1.33728010814478
"C7","GO:0009753",1,641,1,13936,0.0459959816303092,0.165473348548063,"GO:0009753",1.33728010814478
"C7","GO:0009852",1,641,1,13936,0.0459959816303092,0.165473348548063,"GO:0009852",1.33728010814478
"C7","GO:0009972",1,641,1,13936,0.0459959816303092,0.165473348548063,"GO:0009972",1.33728010814478
"C7","GO:0010023",1,641,1,13936,0.0459959816303092,0.165473348548063,"GO:0010023",1.33728010814478
"C7","GO:0010041",1,641,1,13936,0.0459959816303092,0.165473348548063,"GO:0010041",1.33728010814478
"C7","GO:0010236",1,641,1,13936,0.0459959816303092,0.165473348548063,"GO:0010236",1.33728010814478
"C7","GO:0010257",1,641,1,13936,0.0459959816303092,0.165473348548063,"GO:0010257",1.33728010814478
"C7","GO:0015851",1,641,1,13936,0.0459959816303092,0.165473348548063,"GO:0015851",1.33728010814478
"C7","GO:0019483",1,641,1,13936,0.0459959816303092,0.165473348548063,"GO:0019483",1.33728010814478
"C7","GO:0019499",1,641,1,13936,0.0459959816303092,0.165473348548063,"GO:0019499",1.33728010814478
"C7","GO:0032055",1,641,1,13936,0.0459959816303092,0.165473348548063,"GO:0032055",1.33728010814478
"C7","GO:0033614",1,641,1,13936,0.0459959816303092,0.165473348548063,"GO:0033614",1.33728010814478
"C7","GO:0042616",1,641,1,13936,0.0459959816303092,0.165473348548063,"GO:0042616",1.33728010814478
"C7","GO:0042631",1,641,1,13936,0.0459959816303092,0.165473348548063,"GO:0042631",1.33728010814478
"C7","GO:0050992",1,641,1,13936,0.0459959816303092,0.165473348548063,"GO:0050992",1.33728010814478
"C7","GO:0051851",1,641,1,13936,0.0459959816303092,0.165473348548063,"GO:0051851",1.33728010814478
"C7","GO:0052838",1,641,1,13936,0.0459959816303092,0.165473348548063,"GO:0052838",1.33728010814478
"C7","GO:0062055",1,641,1,13936,0.0459959816303092,0.165473348548063,"GO:0062055",1.33728010814478
"C7","GO:0070262",1,641,1,13936,0.0459959816303092,0.165473348548063,"GO:0070262",1.33728010814478
"C7","GO:0071395",1,641,1,13936,0.0459959816303092,0.165473348548063,"GO:0071395",1.33728010814478
"C7","GO:0071470",1,641,1,13936,0.0459959816303092,0.165473348548063,"GO:0071470",1.33728010814478
"C7","GO:0071705",1,641,1,13936,0.0459959816303092,0.165473348548063,"GO:0071705",1.33728010814478
"C7","GO:0080110",1,641,1,13936,0.0459959816303092,0.165473348548063,"GO:0080110",1.33728010814478
"C7","GO:1902222",1,641,1,13936,0.0459959816303092,0.165473348548063,"GO:1902222",1.33728010814478
"C7","GO:1990066",1,641,1,13936,0.0459959816303092,0.165473348548063,"GO:1990066",1.33728010814478
"C7","GO:0009850",2,641,8,13936,0.049186732280087,0.172739119316972,"GO:0009850",1.30815202883051
"C7","GO:0080142",2,641,8,13936,0.049186732280087,0.172739119316972,"GO:0080142",1.30815202883051
"C7","GO:0010951",3,641,20,13936,0.0616837962951833,0.214079057730342,"GO:0010951",1.20982890572049
"C7","GO:0009698",2,641,10,13936,0.0744110028888081,0.245504140280292,"GO:0009698",1.1283628421344
"C7","GO:0006006",2,641,11,13936,0.0882546895344276,0.245504140280292,"GO:0006006",1.05426220849182
"C7","GO:0009664",2,641,11,13936,0.0882546895344276,0.245504140280292,"GO:0009664",1.05426220849182
"C7","GO:0009809",2,641,11,13936,0.0882546895344276,0.245504140280292,"GO:0009809",1.05426220849182
"C7","GO:0045492",2,641,11,13936,0.0882546895344276,0.245504140280292,"GO:0045492",1.05426220849182
"C7","GO:0007189",1,641,2,13936,0.0898794818653273,0.245504140280292,"GO:0007189",1.04633943985413
"C7","GO:0009628",1,641,2,13936,0.0898794818653273,0.245504140280292,"GO:0009628",1.04633943985413
"C7","GO:0009704",1,641,2,13936,0.0898794818653273,0.245504140280292,"GO:0009704",1.04633943985413
"C7","GO:0009854",1,641,2,13936,0.0898794818653273,0.245504140280292,"GO:0009854",1.04633943985413
"C7","GO:0010091",1,641,2,13936,0.0898794818653273,0.245504140280292,"GO:0010091",1.04633943985413
"C7","GO:0010115",1,641,2,13936,0.0898794818653273,0.245504140280292,"GO:0010115",1.04633943985413
"C7","GO:0010430",1,641,2,13936,0.0898794818653273,0.245504140280292,"GO:0010430",1.04633943985413
"C7","GO:0010506",1,641,2,13936,0.0898794818653273,0.245504140280292,"GO:0010506",1.04633943985413
"C7","GO:0010597",1,641,2,13936,0.0898794818653273,0.245504140280292,"GO:0010597",1.04633943985413
"C7","GO:0018160",1,641,2,13936,0.0898794818653273,0.245504140280292,"GO:0018160",1.04633943985413
"C7","GO:0019915",1,641,2,13936,0.0898794818653273,0.245504140280292,"GO:0019915",1.04633943985413
"C7","GO:0033481",1,641,2,13936,0.0898794818653273,0.245504140280292,"GO:0033481",1.04633943985413
"C7","GO:0035998",1,641,2,13936,0.0898794818653273,0.245504140280292,"GO:0035998",1.04633943985413
"C7","GO:0035999",1,641,2,13936,0.0898794818653273,0.245504140280292,"GO:0035999",1.04633943985413
"C7","GO:0048832",1,641,2,13936,0.0898794818653273,0.245504140280292,"GO:0048832",1.04633943985413
"C7","GO:1901975",1,641,2,13936,0.0898794818653273,0.245504140280292,"GO:1901975",1.04633943985413
"C7","GO:1901996",1,641,2,13936,0.0898794818653273,0.245504140280292,"GO:1901996",1.04633943985413
"C7","GO:1990575",1,641,2,13936,0.0898794818653273,0.245504140280292,"GO:1990575",1.04633943985413
"C7","GO:0009058",3,641,24,13936,0.0958521333679129,0.259416324252608,"GO:0009058",1.01839821664506
"C7","GO:0009409",2,641,12,13936,0.102783949344199,0.275647864150352,"GO:0009409",0.988074699110073
"C7","GO:0043086",3,641,25,13936,0.105378836543017,0.280060871893604,"GO:0043086",0.9772466006554
"C7","GO:0006796",2,641,13,13936,0.117906658328515,0.287892416614069,"GO:0006796",0.928461669089108
"C7","GO:0006857",2,641,13,13936,0.117906658328515,0.287892416614069,"GO:0006857",0.928461669089108
"C7","GO:0019430",2,641,13,13936,0.117906658328515,0.287892416614069,"GO:0019430",0.928461669089108
"C7","GO:0006633",5,641,58,13936,0.127251703088792,0.287892416614069,"GO:0006633",0.895336396518787
"C7","GO:0000719",1,641,3,13936,0.131747377094574,0.287892416614069,"GO:0000719",0.880258022223136
"C7","GO:0006729",1,641,3,13936,0.131747377094574,0.287892416614069,"GO:0006729",0.880258022223136
"C7","GO:0009298",1,641,3,13936,0.131747377094574,0.287892416614069,"GO:0009298",0.880258022223136
"C7","GO:0009414",1,641,3,13936,0.131747377094574,0.287892416614069,"GO:0009414",0.880258022223136
"C7","GO:0009620",1,641,3,13936,0.131747377094574,0.287892416614069,"GO:0009620",0.880258022223136
"C7","GO:0009788",1,641,3,13936,0.131747377094574,0.287892416614069,"GO:0009788",0.880258022223136
"C7","GO:0010030",1,641,3,13936,0.131747377094574,0.287892416614069,"GO:0010030",0.880258022223136
"C7","GO:0010286",1,641,3,13936,0.131747377094574,0.287892416614069,"GO:0010286",0.880258022223136
"C7","GO:0019290",1,641,3,13936,0.131747377094574,0.287892416614069,"GO:0019290",0.880258022223136
"C7","GO:0019521",1,641,3,13936,0.131747377094574,0.287892416614069,"GO:0019521",0.880258022223136
"C7","GO:0030091",1,641,3,13936,0.131747377094574,0.287892416614069,"GO:0030091",0.880258022223136
"C7","GO:0032955",1,641,3,13936,0.131747377094574,0.287892416614069,"GO:0032955",0.880258022223136
"C7","GO:0033512",1,641,3,13936,0.131747377094574,0.287892416614069,"GO:0033512",0.880258022223136
"C7","GO:0036529",1,641,3,13936,0.131747377094574,0.287892416614069,"GO:0036529",0.880258022223136
"C7","GO:0044209",1,641,3,13936,0.131747377094574,0.287892416614069,"GO:0044209",0.880258022223136
"C7","GO:0048587",1,641,3,13936,0.131747377094574,0.287892416614069,"GO:0048587",0.880258022223136
"C7","GO:0080162",1,641,3,13936,0.131747377094574,0.287892416614069,"GO:0080162",0.880258022223136
"C7","GO:0090610",1,641,3,13936,0.131747377094574,0.287892416614069,"GO:0090610",0.880258022223136
"C7","GO:0110102",1,641,3,13936,0.131747377094574,0.287892416614069,"GO:0110102",0.880258022223136
"C7","GO:1901006",1,641,3,13936,0.131747377094574,0.287892416614069,"GO:1901006",0.880258022223136
"C7","GO:0010411",2,641,14,13936,0.133537693665245,0.289658967876819,"GO:0010411",0.874396128754827
"C7","GO:0006108",2,641,15,13936,0.149598486175655,0.322128127166556,"GO:0006108",0.825072801183363
"C7","GO:1902600",4,641,46,13936,0.160015220307338,0.331040338342187,"GO:1902600",0.795838706212133
"C7","GO:0019252",3,641,31,13936,0.169218464876865,0.331040338342187,"GO:0019252",0.771552249118544
"C7","GO:0000731",1,641,4,13936,0.171692107682558,0.331040338342187,"GO:0000731",0.765249667964843
"C7","GO:0006308",1,641,4,13936,0.171692107682558,0.331040338342187,"GO:0006308",0.765249667964843
"C7","GO:0006529",1,641,4,13936,0.171692107682558,0.331040338342187,"GO:0006529",0.765249667964843
"C7","GO:0006597",1,641,4,13936,0.171692107682558,0.331040338342187,"GO:0006597",0.765249667964843
"C7","GO:0006612",1,641,4,13936,0.171692107682558,0.331040338342187,"GO:0006612",0.765249667964843
"C7","GO:0006813",1,641,4,13936,0.171692107682558,0.331040338342187,"GO:0006813",0.765249667964843
"C7","GO:0010230",1,641,4,13936,0.171692107682558,0.331040338342187,"GO:0010230",0.765249667964843
"C7","GO:0016125",1,641,4,13936,0.171692107682558,0.331040338342187,"GO:0016125",0.765249667964843
"C7","GO:0017004",1,641,4,13936,0.171692107682558,0.331040338342187,"GO:0017004",0.765249667964843
"C7","GO:0019288",1,641,4,13936,0.171692107682558,0.331040338342187,"GO:0019288",0.765249667964843
"C7","GO:0019752",1,641,4,13936,0.171692107682558,0.331040338342187,"GO:0019752",0.765249667964843
"C7","GO:0035556",1,641,4,13936,0.171692107682558,0.331040338342187,"GO:0035556",0.765249667964843
"C7","GO:0044208",1,641,4,13936,0.171692107682558,0.331040338342187,"GO:0044208",0.765249667964843
"C7","GO:0071902",1,641,4,13936,0.171692107682558,0.331040338342187,"GO:0071902",0.765249667964843
"C7","GO:0034220",2,641,17,13936,0.182725331407243,0.341942291900286,"GO:0034220",0.738201241767392
"C7","GO:0048544",2,641,17,13936,0.182725331407243,0.341942291900286,"GO:0048544",0.738201241767392
"C7","GO:0006096",3,641,33,13936,0.192531102530136,0.341942291900286,"GO:0006096",0.715499102175731
"C7","GO:0009738",3,641,33,13936,0.192531102530136,0.341942291900286,"GO:0009738",0.715499102175731
"C7","GO:0046940",2,641,18,13936,0.199663345162929,0.341942291900286,"GO:0046940",0.699701656985159
"C7","GO:0000054",1,641,5,13936,0.209801880793057,0.341942291900286,"GO:0000054",0.678190622842246
"C7","GO:0006013",1,641,5,13936,0.209801880793057,0.341942291900286,"GO:0006013",0.678190622842246
"C7","GO:0006426",1,641,5,13936,0.209801880793057,0.341942291900286,"GO:0006426",0.678190622842246
"C7","GO:0009448",1,641,5,13936,0.209801880793057,0.341942291900286,"GO:0009448",0.678190622842246
"C7","GO:0009785",1,641,5,13936,0.209801880793057,0.341942291900286,"GO:0009785",0.678190622842246
"C7","GO:0010114",1,641,5,13936,0.209801880793057,0.341942291900286,"GO:0010114",0.678190622842246
"C7","GO:0010196",1,641,5,13936,0.209801880793057,0.341942291900286,"GO:0010196",0.678190622842246
"C7","GO:0010207",1,641,5,13936,0.209801880793057,0.341942291900286,"GO:0010207",0.678190622842246
"C7","GO:0015689",1,641,5,13936,0.209801880793057,0.341942291900286,"GO:0015689",0.678190622842246
"C7","GO:0016114",1,641,5,13936,0.209801880793057,0.341942291900286,"GO:0016114",0.678190622842246
"C7","GO:0019264",1,641,5,13936,0.209801880793057,0.341942291900286,"GO:0019264",0.678190622842246
"C7","GO:0019441",1,641,5,13936,0.209801880793057,0.341942291900286,"GO:0019441",0.678190622842246
"C7","GO:0019509",1,641,5,13936,0.209801880793057,0.341942291900286,"GO:0019509",0.678190622842246
"C7","GO:0030026",1,641,5,13936,0.209801880793057,0.341942291900286,"GO:0030026",0.678190622842246
"C7","GO:0035442",1,641,5,13936,0.209801880793057,0.341942291900286,"GO:0035442",0.678190622842246
"C7","GO:0036065",1,641,5,13936,0.209801880793057,0.341942291900286,"GO:0036065",0.678190622842246
"C7","GO:0042572",1,641,5,13936,0.209801880793057,0.341942291900286,"GO:0042572",0.678190622842246
"C7","GO:0045036",1,641,5,13936,0.209801880793057,0.341942291900286,"GO:0045036",0.678190622842246
"C7","GO:0045490",1,641,5,13936,0.209801880793057,0.341942291900286,"GO:0045490",0.678190622842246
"C7","GO:0045493",1,641,5,13936,0.209801880793057,0.341942291900286,"GO:0045493",0.678190622842246
"C7","GO:0046470",1,641,5,13936,0.209801880793057,0.341942291900286,"GO:0046470",0.678190622842246
"C7","GO:0046855",1,641,5,13936,0.209801880793057,0.341942291900286,"GO:0046855",0.678190622842246
"C7","GO:0089722",1,641,5,13936,0.209801880793057,0.341942291900286,"GO:0089722",0.678190622842246
"C7","GO:0009627",1,641,6,13936,0.246160863953753,0.380196098776739,"GO:0009627",0.608780992509342
"C7","GO:0009773",1,641,6,13936,0.246160863953753,0.380196098776739,"GO:0009773",0.608780992509342
"C7","GO:0009867",1,641,6,13936,0.246160863953753,0.380196098776739,"GO:0009867",0.608780992509342
"C7","GO:0009960",1,641,6,13936,0.246160863953753,0.380196098776739,"GO:0009960",0.608780992509342
"C7","GO:0015790",1,641,6,13936,0.246160863953753,0.380196098776739,"GO:0015790",0.608780992509342
"C7","GO:0018298",1,641,6,13936,0.246160863953753,0.380196098776739,"GO:0018298",0.608780992509342
"C7","GO:0031425",1,641,6,13936,0.246160863953753,0.380196098776739,"GO:0031425",0.608780992509342
"C7","GO:0045087",1,641,6,13936,0.246160863953753,0.380196098776739,"GO:0045087",0.608780992509342
"C7","GO:0048577",1,641,6,13936,0.246160863953753,0.380196098776739,"GO:0048577",0.608780992509342
"C7","GO:0051923",1,641,6,13936,0.246160863953753,0.380196098776739,"GO:0051923",0.608780992509342
"C7","GO:0046686",2,641,21,13936,0.251312911373219,0.386131816953644,"GO:0046686",0.599785198657325
"C7","GO:0032259",13,641,232,13936,0.27129764839605,0.39832001964459,"GO:0032259",0.566553970680148
"C7","GO:0005986",1,641,7,13936,0.280849369783304,0.39832001964459,"GO:0005986",0.551526546329198
"C7","GO:0006542",1,641,7,13936,0.280849369783304,0.39832001964459,"GO:0006542",0.551526546329198
"C7","GO:0006730",1,641,7,13936,0.280849369783304,0.39832001964459,"GO:0006730",0.551526546329198
"C7","GO:0006833",1,641,7,13936,0.280849369783304,0.39832001964459,"GO:0006833",0.551526546329198
"C7","GO:0006850",1,641,7,13936,0.280849369783304,0.39832001964459,"GO:0006850",0.551526546329198
"C7","GO:0009098",1,641,7,13936,0.280849369783304,0.39832001964459,"GO:0009098",0.551526546329198
"C7","GO:0009269",1,641,7,13936,0.280849369783304,0.39832001964459,"GO:0009269",0.551526546329198
"C7","GO:0009630",1,641,7,13936,0.280849369783304,0.39832001964459,"GO:0009630",0.551526546329198
"C7","GO:0010044",1,641,7,13936,0.280849369783304,0.39832001964459,"GO:0010044",0.551526546329198
"C7","GO:0010143",1,641,7,13936,0.280849369783304,0.39832001964459,"GO:0010143",0.551526546329198
"C7","GO:0019722",1,641,7,13936,0.280849369783304,0.39832001964459,"GO:0019722",0.551526546329198
"C7","GO:0044210",1,641,7,13936,0.280849369783304,0.39832001964459,"GO:0044210",0.551526546329198
"C7","GO:0045037",1,641,7,13936,0.280849369783304,0.39832001964459,"GO:0045037",0.551526546329198
"C7","GO:0046294",1,641,7,13936,0.280849369783304,0.39832001964459,"GO:0046294",0.551526546329198
"C7","GO:1990937",1,641,7,13936,0.280849369783304,0.39832001964459,"GO:1990937",0.551526546329198
"C7","GO:0006896",2,641,24,13936,0.303262922995537,0.413453078230849,"GO:0006896",0.51818068340098
"C7","GO:0016226",2,641,24,13936,0.303262922995537,0.413453078230849,"GO:0016226",0.51818068340098
"C7","GO:0001678",1,641,8,13936,0.313944032283764,0.413453078230849,"GO:0001678",0.503147767967518
"C7","GO:0005987",1,641,8,13936,0.313944032283764,0.413453078230849,"GO:0005987",0.503147767967518
"C7","GO:0006228",1,641,8,13936,0.313944032283764,0.413453078230849,"GO:0006228",0.503147767967518
"C7","GO:0006631",1,641,8,13936,0.313944032283764,0.413453078230849,"GO:0006631",0.503147767967518
"C7","GO:0006694",1,641,8,13936,0.313944032283764,0.413453078230849,"GO:0006694",0.503147767967518
"C7","GO:0006782",1,641,8,13936,0.313944032283764,0.413453078230849,"GO:0006782",0.503147767967518
"C7","GO:0007623",1,641,8,13936,0.313944032283764,0.413453078230849,"GO:0007623",0.503147767967518
"C7","GO:0008643",1,641,8,13936,0.313944032283764,0.413453078230849,"GO:0008643",0.503147767967518
"C7","GO:0019941",1,641,8,13936,0.313944032283764,0.413453078230849,"GO:0019941",0.503147767967518
"C7","GO:0032544",1,641,8,13936,0.313944032283764,0.413453078230849,"GO:0032544",0.503147767967518
"C7","GO:0033320",1,641,8,13936,0.313944032283764,0.413453078230849,"GO:0033320",0.503147767967518
"C7","GO:0034219",1,641,8,13936,0.313944032283764,0.413453078230849,"GO:0034219",0.503147767967518
"C7","GO:0046513",1,641,8,13936,0.313944032283764,0.413453078230849,"GO:0046513",0.503147767967518
"C7","GO:0046777",1,641,8,13936,0.313944032283764,0.413453078230849,"GO:0046777",0.503147767967518
"C7","GO:0009820",2,641,25,13936,0.320470234860973,0.420172085706609,"GO:0009820",0.494212301358685
"C7","GO:0009734",5,641,83,13936,0.334572419652725,0.436720636272362,"GO:0009734",0.475509862794777
"C7","GO:0030244",2,641,26,13936,0.337571168405626,0.438693809161496,"GO:0030244",0.471634653092134
"C7","GO:0000272",1,641,9,13936,0.345517975082881,0.439343976937284,"GO:0000272",0.461529354147256
"C7","GO:0006071",1,641,9,13936,0.345517975082881,0.439343976937284,"GO:0006071",0.461529354147256
"C7","GO:0006101",1,641,9,13936,0.345517975082881,0.439343976937284,"GO:0006101",0.461529354147256
"C7","GO:0009651",1,641,9,13936,0.345517975082881,0.439343976937284,"GO:0009651",0.461529354147256
"C7","GO:0035434",1,641,9,13936,0.345517975082881,0.439343976937284,"GO:0035434",0.461529354147256
"C7","GO:0006414",3,641,47,13936,0.368073745201431,0.463657266686333,"GO:0006414",0.434065159789947
"C7","GO:0071555",3,641,47,13936,0.368073745201431,0.463657266686333,"GO:0071555",0.434065159789947
"C7","GO:0006002",1,641,10,13936,0.375640971993334,0.463657266686333,"GO:0006002",0.425227044360741
"C7","GO:0006012",1,641,10,13936,0.375640971993334,0.463657266686333,"GO:0006012",0.425227044360741
"C7","GO:0006535",1,641,10,13936,0.375640971993334,0.463657266686333,"GO:0006535",0.425227044360741
"C7","GO:0009088",1,641,10,13936,0.375640971993334,0.463657266686333,"GO:0009088",0.425227044360741
"C7","GO:0009299",1,641,10,13936,0.375640971993334,0.463657266686333,"GO:0009299",0.425227044360741
"C7","GO:0010027",1,641,11,13936,0.404379600239224,0.492988995105889,"GO:0010027",0.393210761406955
"C7","GO:0016126",1,641,11,13936,0.404379600239224,0.492988995105889,"GO:0016126",0.393210761406955
"C7","GO:0007017",2,641,30,13936,0.404418090900424,0.492988995105889,"GO:0007017",0.393169425280604
"C7","GO:0090502",2,641,31,13936,0.420638754764118,0.510651986236275,"GO:0090502",0.376090716897357
"C7","GO:0006508",16,641,326,13936,0.431266092268376,0.51780580923515,"GO:0006508",0.365254686346576
"C7","GO:0009231",1,641,12,13936,0.431797386684227,0.51780580923515,"GO:0009231",0.364719990422479
"C7","GO:0035672",1,641,12,13936,0.431797386684227,0.51780580923515,"GO:0035672",0.364719990422479
"C7","GO:0098655",2,641,32,13936,0.436629844614983,0.521480988507773,"GO:0098655",0.359886582624536
"C7","GO:0006614",1,641,13,13936,0.457954947380536,0.542557066173727,"GO:0006614",0.339177244848604
"C7","GO:0034599",1,641,13,13936,0.457954947380536,0.542557066173727,"GO:0034599",0.339177244848604
"C7","GO:0000413",3,641,56,13936,0.479166379997645,0.565416328397221,"GO:0000413",0.319513661181601
"C7","GO:0009742",1,641,14,13936,0.482910120743251,0.565535985035713,"GO:0009742",0.316133692638818
"C7","GO:0000209",2,641,35,13936,0.483101926199999,0.565535985035713,"GO:0000209",0.315961230912646
"C7","GO:0033962",1,641,15,13936,0.506718094640936,0.588511172909749,"GO:0033962",0.295233587001219
"C7","GO:0042545",1,641,15,13936,0.506718094640936,0.588511172909749,"GO:0042545",0.295233587001219
"C7","GO:0007166",1,641,16,13936,0.529431527679882,0.607713232161732,"GO:0007166",0.276190200001608
"C7","GO:0008299",1,641,16,13936,0.529431527679882,0.607713232161732,"GO:0008299",0.276190200001608
"C7","GO:0030245",1,641,16,13936,0.529431527679882,0.607713232161732,"GO:0030245",0.276190200001608
"C7","GO:0042254",2,641,40,13936,0.555034458995316,0.634632424045032,"GO:0042254",0.255680053117052
"C7","GO:0000724",1,641,18,13936,0.571773448463627,0.648742951141423,"GO:0000724",0.242776015913089
"C7","GO:0007165",1,641,18,13936,0.571773448463627,0.648742951141423,"GO:0007165",0.242776015913089
"C7","GO:0005992",1,641,19,13936,0.591495622593158,0.663464671729968,"GO:0005992",0.228048465052401
"C7","GO:0006465",1,641,19,13936,0.591495622593158,0.663464671729968,"GO:0006465",0.228048465052401
"C7","GO:0006635",1,641,19,13936,0.591495622593158,0.663464671729968,"GO:0006635",0.228048465052401
"C7","GO:0000184",1,641,20,13936,0.610310834630076,0.679402627229707,"GO:0000184",0.214448920100283
"C7","GO:0006342",1,641,20,13936,0.610310834630076,0.679402627229707,"GO:0006342",0.214448920100283
"C7","GO:0000160",1,641,21,13936,0.628260730792919,0.686433020681152,"GO:0000160",0.201860084853411
"C7","GO:0006979",1,641,21,13936,0.628260730792919,0.686433020681152,"GO:0006979",0.201860084853411
"C7","GO:0034976",1,641,21,13936,0.628260730792919,0.686433020681152,"GO:0034976",0.201860084853411
"C7","GO:0070588",1,641,21,13936,0.628260730792919,0.686433020681152,"GO:0070588",0.201860084853411
"C7","GO:0090630",1,641,21,13936,0.628260730792919,0.686433020681152,"GO:0090630",0.201860084853411
"C7","GO:0050832",1,641,22,13936,0.645385047829336,0.702540919223816,"GO:0050832",0.190181100476014
"C7","GO:0006364",2,641,51,13936,0.687218419092704,0.745328800118925,"GO:0006364",0.162905208892877
"C7","GO:0009793",1,641,27,13936,0.719890754797703,0.777903929177005,"GO:0009793",0.142733403830213
"C7","GO:0016311",3,641,81,13936,0.726498941319429,0.782179517113984,"GO:0016311",0.138765014235148
"C7","GO:0071805",1,641,28,13936,0.732799664580913,0.786094185641343,"GO:0071805",0.135014738126631
"C7","GO:0006412",14,641,367,13936,0.800814193867659,0.855942707213621,"GO:0006412",0.0964682378966551
"C7","GO:0045892",1,641,45,13936,0.880251950106158,0.937452437838688,"GO:0045892",0.0553930041226969
"C7","GO:0006351",1,641,48,13936,0.896077158598153,0.95087324383617,"GO:0006351",0.0476545928929387
"C7","GO:0031146",1,641,51,13936,0.90981382708296,0.96198953042822,"GO:0031146",0.0410474671761022
"C7","GO:0006397",1,641,53,13936,0.917948784334037,0.967124612066217,"GO:0006397",0.0371815489747957
"C7","GO:0006334",1,641,54,13936,0.921737218335469,0.967660069071044,"GO:0006334",0.0353928760108211
"C7","GO:0016192",1,641,59,13936,0.93821488506182,0.981465925862542,"GO:0016192",0.027697681121401
"C7","GO:0009451",1,641,62,13936,0.946387899615177,0.983043768966469,"GO:0009451",0.0239308211738211
"C7","GO:0090305",1,641,62,13936,0.946387899615177,0.983043768966469,"GO:0090305",0.0239308211738211
"C7","GO:0006486",1,641,66,13936,0.95563094160864,0.989161851840522,"GO:0006486",0.0197097970214211
"C7","GO:0006511",2,641,116,13936,0.972456687224553,0.999733261681652,"GO:0006511",0.0121297328488068
"C7","GO:0015031",1,641,85,13936,0.981953994348563,0.999733261681652,"GO:0015031",0.00790885892240976
"C7","GO:0050790",1,641,92,13936,0.987049070277699,0.999733261681652,"GO:0050790",0.00566125622489849
"C7","GO:0006457",1,641,105,13936,0.99300922214643,0.999733261681652,"GO:0006457",0.00304671816251633
"C7","GO:0006355",16,641,604,13936,0.995513285412669,0.999733261681652,"GO:0006355",0.00195293981245105
"C7","GO:0000398",1,641,120,13936,0.996570479729034,0.999733261681652,"GO:0000398",0.00149198158465523
"C7","GO:0016310",4,641,246,13936,0.996857996362344,0.999733261681652,"GO:0016310",0.00136670306108105
"C7","GO:0006357",1,641,160,13936,0.999488588943317,0.999733261681652,"GO:0006357",0.000222159812237069
"C7","GO:0016567",4,641,309,13936,0.999709930997584,0.999733261681652,"GO:0016567",0.000125993641429095
"C7","GO:0006468",17,641,741,13936,0.999733261681652,0.999733261681652,"GO:0006468",0.00011585843239948
