"gene","raw_cutree_cluster","trend_cluster"
"Zm00001eb026490",1,"C7"
"Zm00001eb055450",2,"C2"
"Zm00001eb053570",3,"C4"
"Zm00001eb004770",2,"C2"
"Zm00001eb036750",4,"C3"
"Zm00001eb013610",5,"C5"
"Zm00001eb027880",2,"C2"
"Zm00001eb022970",3,"C4"
"Zm00001eb048840",6,"C1"
"Zm00001eb004570",2,"C2"
"Zm00001eb058260",7,"C6"
"Zm00001eb035520",6,"C1"
"Zm00001eb037360",5,"C5"
"Zm00001eb033910",6,"C1"
"Zm00001eb050460",3,"C4"
"Zm00001eb030870",6,"C1"
"Zm00001eb033480",3,"C4"
"Zm00001eb017780",2,"C2"
"Zm00001eb040490",6,"C1"
"Zm00001eb009290",3,"C4"
"Zm00001eb016540",2,"C2"
"Zm00001eb058570",2,"C2"
"Zm00001eb065340",7,"C6"
"Zm00001eb052950",6,"C1"
"Zm00001eb059800",3,"C4"
"Zm00001eb059560",2,"C2"
"Zm00001eb063280",6,"C1"
"Zm00001eb057150",2,"C2"
"Zm00001eb013450",2,"C2"
"Zm00001eb014970",2,"C2"
"Zm00001eb023690",5,"C5"
"Zm00001eb005010",2,"C2"
"Zm00001eb021900",2,"C2"
"Zm00001eb059210",6,"C1"
"Zm00001eb048230",2,"C2"
"Zm00001eb042590",2,"C2"
"Zm00001eb036320",5,"C5"
"Zm00001eb064390",5,"C5"
"Zm00001eb000190",2,"C2"
"Zm00001eb019130",3,"C4"
"Zm00001eb020150",2,"C2"
"Zm00001eb024550",1,"C7"
"Zm00001eb045900",2,"C2"
"Zm00001eb013060",3,"C4"
"Zm00001eb055120",2,"C2"
"Zm00001eb062910",7,"C6"
"Zm00001eb020370",2,"C2"
"Zm00001eb019210",3,"C4"
"Zm00001eb044090",5,"C5"
"Zm00001eb019470",7,"C6"
"Zm00001eb063610",2,"C2"
"Zm00001eb003890",6,"C1"
"Zm00001eb064850",6,"C1"
"Zm00001eb061570",5,"C5"
"Zm00001eb060260",7,"C6"
"Zm00001eb057920",2,"C2"
"Zm00001eb042030",2,"C2"
"Zm00001eb008620",2,"C2"
"Zm00001eb001630",4,"C3"
"Zm00001eb016850",1,"C7"
"Zm00001eb018830",2,"C2"
"Zm00001eb035990",3,"C4"
"Zm00001eb042260",5,"C5"
"Zm00001eb032280",5,"C5"
"Zm00001eb020330",3,"C4"
"Zm00001eb062310",6,"C1"
"Zm00001eb017430",6,"C1"
"Zm00001eb008850",6,"C1"
"Zm00001eb021880",7,"C6"
"Zm00001eb003480",6,"C1"
"Zm00001eb056620",2,"C2"
"Zm00001eb063090",5,"C5"
"Zm00001eb065550",6,"C1"
"Zm00001eb052270",2,"C2"
"Zm00001eb054120",2,"C2"
"Zm00001eb049300",2,"C2"
"Zm00001eb043730",3,"C4"
"Zm00001eb001460",2,"C2"
"Zm00001eb064340",2,"C2"
"Zm00001eb059910",3,"C4"
"Zm00001eb028980",3,"C4"
"Zm00001eb023080",2,"C2"
"Zm00001eb035760",3,"C4"
"Zm00001eb050140",7,"C6"
"Zm00001eb018090",2,"C2"
"Zm00001eb014840",6,"C1"
"Zm00001eb035370",2,"C2"
"Zm00001eb057840",4,"C3"
"Zm00001eb061180",7,"C6"
"Zm00001eb037280",7,"C6"
"Zm00001eb023010",7,"C6"
"Zm00001eb010530",6,"C1"
"Zm00001eb042100",2,"C2"
"Zm00001eb058120",2,"C2"
"Zm00001eb062210",2,"C2"
"Zm00001eb006930",2,"C2"
"Zm00001eb053940",2,"C2"
"Zm00001eb034980",3,"C4"
"Zm00001eb036760",7,"C6"
"Zm00001eb040890",7,"C6"
"Zm00001eb029210",2,"C2"
"Zm00001eb043060",2,"C2"
"Zm00001eb045320",2,"C2"
"Zm00001eb019390",5,"C5"
"Zm00001eb010070",3,"C4"
"Zm00001eb039410",6,"C1"
"Zm00001eb006550",2,"C2"
"Zm00001eb064270",2,"C2"
"Zm00001eb009540",1,"C7"
"Zm00001eb031910",3,"C4"
"Zm00001eb051840",3,"C4"
"Zm00001eb004180",3,"C4"
"Zm00001eb034000",3,"C4"
"Zm00001eb061640",2,"C2"
"Zm00001eb007470",5,"C5"
"Zm00001eb014810",3,"C4"
"Zm00001eb055180",6,"C1"
"Zm00001eb039340",2,"C2"
"Zm00001eb003350",3,"C4"
"Zm00001eb008550",6,"C1"
"Zm00001eb023510",2,"C2"
"Zm00001eb033030",1,"C7"
"Zm00001eb024200",2,"C2"
"Zm00001eb053680",6,"C1"
"Zm00001eb058280",5,"C5"
"Zm00001eb010860",6,"C1"
"Zm00001eb009880",3,"C4"
"Zm00001eb043770",5,"C5"
"Zm00001eb023810",1,"C7"
"Zm00001eb011840",2,"C2"
"Zm00001eb030470",2,"C2"
"Zm00001eb058720",5,"C5"
"Zm00001eb004310",7,"C6"
"Zm00001eb035180",6,"C1"
"Zm00001eb058810",6,"C1"
"Zm00001eb062250",2,"C2"
"Zm00001eb052110",6,"C1"
"Zm00001eb041560",2,"C2"
"Zm00001eb022180",2,"C2"
"Zm00001eb046210",2,"C2"
"Zm00001eb055590",2,"C2"
"Zm00001eb022680",2,"C2"
"Zm00001eb035320",6,"C1"
"Zm00001eb045580",5,"C5"
"Zm00001eb046040",3,"C4"
"Zm00001eb063040",6,"C1"
"Zm00001eb062420",6,"C1"
"Zm00001eb020720",6,"C1"
"Zm00001eb040250",6,"C1"
"Zm00001eb052930",2,"C2"
"Zm00001eb001130",2,"C2"
"Zm00001eb051460",2,"C2"
"Zm00001eb049150",6,"C1"
"Zm00001eb041270",3,"C4"
"Zm00001eb060880",6,"C1"
"Zm00001eb012040",3,"C4"
"Zm00001eb036140",2,"C2"
"Zm00001eb039980",2,"C2"
"Zm00001eb041630",3,"C4"
"Zm00001eb013700",3,"C4"
"Zm00001eb006510",2,"C2"
"Zm00001eb003540",6,"C1"
"Zm00001eb060040",2,"C2"
"Zm00001eb056350",2,"C2"
"Zm00001eb060340",6,"C1"
"Zm00001eb055860",2,"C2"
"Zm00001eb057370",2,"C2"
"Zm00001eb001430",2,"C2"
"Zm00001eb034690",3,"C4"
"Zm00001eb049980",2,"C2"
"Zm00001eb038930",1,"C7"
"Zm00001eb014130",2,"C2"
"Zm00001eb054390",3,"C4"
"Zm00001eb038320",2,"C2"
"Zm00001eb015010",6,"C1"
"Zm00001eb048580",2,"C2"
"Zm00001eb052700",5,"C5"
"Zm00001eb048550",3,"C4"
"Zm00001eb023860",6,"C1"
"Zm00001eb053210",3,"C4"
"Zm00001eb006450",6,"C1"
"Zm00001eb031430",2,"C2"
"Zm00001eb004730",2,"C2"
"Zm00001eb004420",2,"C2"
"Zm00001eb054210",2,"C2"
"Zm00001eb046580",2,"C2"
"Zm00001eb057690",2,"C2"
"Zm00001eb050880",3,"C4"
"Zm00001eb061910",3,"C4"
"Zm00001eb019090",2,"C2"
"Zm00001eb025210",5,"C5"
"Zm00001eb041220",1,"C7"
"Zm00001eb023120",6,"C1"
"Zm00001eb062180",7,"C6"
"Zm00001eb001280",3,"C4"
"Zm00001eb059780",3,"C4"
"Zm00001eb015960",2,"C2"
"Zm00001eb041430",5,"C5"
"Zm00001eb035640",6,"C1"
"Zm00001eb062050",7,"C6"
"Zm00001eb059070",2,"C2"
"Zm00001eb009990",6,"C1"
"Zm00001eb058520",3,"C4"
"Zm00001eb052850",2,"C2"
"Zm00001eb015290",5,"C5"
"Zm00001eb001260",2,"C2"
"Zm00001eb032750",5,"C5"
"Zm00001eb055430",6,"C1"
"Zm00001eb034830",2,"C2"
"Zm00001eb039630",3,"C4"
"Zm00001eb049850",4,"C3"
"Zm00001eb063980",2,"C2"
"Zm00001eb023970",4,"C3"
"Zm00001eb053230",2,"C2"
"Zm00001eb013460",5,"C5"
"Zm00001eb031130",2,"C2"
"Zm00001eb024270",2,"C2"
"Zm00001eb054890",6,"C1"
"Zm00001eb011640",3,"C4"
"Zm00001eb008810",6,"C1"
"Zm00001eb063360",3,"C4"
"Zm00001eb062490",2,"C2"
"Zm00001eb054680",7,"C6"
"Zm00001eb007870",6,"C1"
"Zm00001eb051110",2,"C2"
"Zm00001eb045250",2,"C2"
"Zm00001eb020590",7,"C6"
"Zm00001eb003690",2,"C2"
"Zm00001eb010200",2,"C2"
"Zm00001eb051170",2,"C2"
"Zm00001eb061530",6,"C1"
"Zm00001eb036530",2,"C2"
"Zm00001eb009890",1,"C7"
"Zm00001eb056530",2,"C2"
"Zm00001eb052630",3,"C4"
"Zm00001eb002740",5,"C5"
"Zm00001eb005530",7,"C6"
"Zm00001eb065450",6,"C1"
"Zm00001eb036050",6,"C1"
"Zm00001eb064820",2,"C2"
"Zm00001eb013240",2,"C2"
"Zm00001eb011720",2,"C2"
"Zm00001eb007270",3,"C4"
"Zm00001eb055830",7,"C6"
"Zm00001eb009170",3,"C4"
"Zm00001eb041470",2,"C2"
"Zm00001eb047030",6,"C1"
"Zm00001eb046510",6,"C1"
"Zm00001eb060670",6,"C1"
"Zm00001eb063660",3,"C4"
"Zm00001eb038620",2,"C2"
"Zm00001eb046430",3,"C4"
"Zm00001eb002560",6,"C1"
"Zm00001eb013140",2,"C2"
"Zm00001eb023570",2,"C2"
"Zm00001eb042940",3,"C4"
"Zm00001eb058920",3,"C4"
"Zm00001eb057330",2,"C2"
"Zm00001eb053110",6,"C1"
"Zm00001eb039790",2,"C2"
"Zm00001eb056910",7,"C6"
"Zm00001eb053280",3,"C4"
"Zm00001eb042970",1,"C7"
"Zm00001eb007780",2,"C2"
"Zm00001eb059100",2,"C2"
"Zm00001eb031690",2,"C2"
"Zm00001eb061750",2,"C2"
"Zm00001eb063700",2,"C2"
"Zm00001eb013490",6,"C1"
"Zm00001eb000710",3,"C4"
"Zm00001eb044210",7,"C6"
"Zm00001eb063470",3,"C4"
"Zm00001eb048710",1,"C7"
"Zm00001eb020420",2,"C2"
"Zm00001eb053650",6,"C1"
"Zm00001eb023240",2,"C2"
"Zm00001eb064930",2,"C2"
"Zm00001eb025290",2,"C2"
"Zm00001eb060630",6,"C1"
"Zm00001eb017910",6,"C1"
"Zm00001eb052720",3,"C4"
"Zm00001eb065460",7,"C6"
"Zm00001eb061890",2,"C2"
"Zm00001eb037910",2,"C2"
"Zm00001eb011780",3,"C4"
"Zm00001eb012210",6,"C1"
"Zm00001eb029040",2,"C2"
"Zm00001eb037050",2,"C2"
"Zm00001eb062080",3,"C4"
"Zm00001eb037460",2,"C2"
"Zm00001eb023950",7,"C6"
"Zm00001eb028510",2,"C2"
"Zm00001eb025310",3,"C4"
"Zm00001eb056780",2,"C2"
"Zm00001eb043690",6,"C1"
"Zm00001eb062010",6,"C1"
"Zm00001eb045800",6,"C1"
"Zm00001eb018810",2,"C2"
"Zm00001eb043480",3,"C4"
"Zm00001eb054090",2,"C2"
"Zm00001eb041460",3,"C4"
"Zm00001eb049910",2,"C2"
"Zm00001eb027970",2,"C2"
"Zm00001eb059170",2,"C2"
"Zm00001eb046110",2,"C2"
"Zm00001eb020110",2,"C2"
"Zm00001eb050670",2,"C2"
"Zm00001eb028670",6,"C1"
"Zm00001eb064450",5,"C5"
"Zm00001eb054170",2,"C2"
"Zm00001eb033950",2,"C2"
"Zm00001eb035440",3,"C4"
"Zm00001eb011060",6,"C1"
"Zm00001eb019520",2,"C2"
"Zm00001eb001340",2,"C2"
"Zm00001eb039370",2,"C2"
"Zm00001eb033190",2,"C2"
"Zm00001eb045960",2,"C2"
"Zm00001eb049820",2,"C2"
"Zm00001eb006660",5,"C5"
"Zm00001eb001180",2,"C2"
"Zm00001eb053720",6,"C1"
"Zm00001eb055990",5,"C5"
"Zm00001eb028000",2,"C2"
"Zm00001eb045190",3,"C4"
"Zm00001eb021020",3,"C4"
"Zm00001eb044800",2,"C2"
"Zm00001eb001020",3,"C4"
"Zm00001eb016910",2,"C2"
"Zm00001eb056120",6,"C1"
"Zm00001eb015330",2,"C2"
"Zm00001eb040870",3,"C4"
"Zm00001eb050130",2,"C2"
"Zm00001eb013270",6,"C1"
"Zm00001eb031410",6,"C1"
"Zm00001eb033140",5,"C5"
"Zm00001eb044410",2,"C2"
"Zm00001eb014120",6,"C1"
"Zm00001eb030720",3,"C4"
"Zm00001eb005860",1,"C7"
"Zm00001eb044390",6,"C1"
"Zm00001eb057260",2,"C2"
"Zm00001eb038140",1,"C7"
"Zm00001eb039930",7,"C6"
"Zm00001eb043810",7,"C6"
"Zm00001eb015240",5,"C5"
"Zm00001eb008580",6,"C1"
"Zm00001eb063430",3,"C4"
"Zm00001eb033590",6,"C1"
"Zm00001eb015680",3,"C4"
"Zm00001eb006310",7,"C6"
"Zm00001eb051810",2,"C2"
"Zm00001eb016620",5,"C5"
"Zm00001eb032970",1,"C7"
"Zm00001eb002610",6,"C1"
"Zm00001eb005640",2,"C2"
"Zm00001eb017610",3,"C4"
"Zm00001eb003830",5,"C5"
"Zm00001eb046350",6,"C1"
"Zm00001eb009160",5,"C5"
"Zm00001eb031800",6,"C1"
"Zm00001eb040880",2,"C2"
"Zm00001eb057570",2,"C2"
"Zm00001eb000550",2,"C2"
"Zm00001eb023820",2,"C2"
"Zm00001eb053320",2,"C2"
"Zm00001eb044100",3,"C4"
"Zm00001eb029390",6,"C1"
"Zm00001eb045510",2,"C2"
"Zm00001eb038160",1,"C7"
"Zm00001eb013900",1,"C7"
"Zm00001eb010420",2,"C2"
"Zm00001eb042700",2,"C2"
"Zm00001eb019900",2,"C2"
"Zm00001eb057420",2,"C2"
"Zm00001eb014630",3,"C4"
"Zm00001eb049650",2,"C2"
"Zm00001eb018850",6,"C1"
"Zm00001eb024070",6,"C1"
"Zm00001eb002320",3,"C4"
"Zm00001eb013190",5,"C5"
"Zm00001eb043230",5,"C5"
"Zm00001eb007640",2,"C2"
"Zm00001eb001760",7,"C6"
"Zm00001eb015170",6,"C1"
"Zm00001eb017760",3,"C4"
"Zm00001eb041930",3,"C4"
"Zm00001eb055650",6,"C1"
"Zm00001eb008130",4,"C3"
"Zm00001eb038470",2,"C2"
"Zm00001eb025430",3,"C4"
"Zm00001eb001560",7,"C6"
"Zm00001eb034900",2,"C2"
"Zm00001eb007220",2,"C2"
"Zm00001eb008720",2,"C2"
"Zm00001eb014090",5,"C5"
"Zm00001eb018130",2,"C2"
"Zm00001eb015420",2,"C2"
"Zm00001eb006020",4,"C3"
"Zm00001eb061500",6,"C1"
"Zm00001eb047520",7,"C6"
"Zm00001eb058890",2,"C2"
"Zm00001eb018030",1,"C7"
"Zm00001eb060390",5,"C5"
"Zm00001eb011150",2,"C2"
"Zm00001eb022820",2,"C2"
"Zm00001eb015990",5,"C5"
"Zm00001eb011700",2,"C2"
"Zm00001eb040140",7,"C6"
"Zm00001eb031250",6,"C1"
"Zm00001eb040560",7,"C6"
"Zm00001eb054950",3,"C4"
"Zm00001eb004430",5,"C5"
"Zm00001eb011230",3,"C4"
"Zm00001eb056550",6,"C1"
"Zm00001eb037680",2,"C2"
"Zm00001eb031900",6,"C1"
"Zm00001eb023090",2,"C2"
"Zm00001eb000340",2,"C2"
"Zm00001eb031980",2,"C2"
"Zm00001eb053010",2,"C2"
"Zm00001eb012130",3,"C4"
"Zm00001eb038410",5,"C5"
"Zm00001eb040920",6,"C1"
"Zm00001eb010150",6,"C1"
"Zm00001eb030430",2,"C2"
"Zm00001eb003070",2,"C2"
"Zm00001eb053770",3,"C4"
"Zm00001eb011980",2,"C2"
"Zm00001eb049780",2,"C2"
"Zm00001eb019250",6,"C1"
"Zm00001eb016420",3,"C4"
"Zm00001eb061310",6,"C1"
"Zm00001eb029530",6,"C1"
"Zm00001eb008450",5,"C5"
"Zm00001eb029520",1,"C7"
"Zm00001eb000720",3,"C4"
"Zm00001eb023780",5,"C5"
"Zm00001eb062150",2,"C2"
"Zm00001eb032500",7,"C6"
"Zm00001eb048700",2,"C2"
"Zm00001eb015340",3,"C4"
"Zm00001eb010310",2,"C2"
"Zm00001eb017730",2,"C2"
"Zm00001eb016930",6,"C1"
"Zm00001eb044870",3,"C4"
"Zm00001eb064400",6,"C1"
"Zm00001eb047760",2,"C2"
"Zm00001eb039850",7,"C6"
"Zm00001eb056900",5,"C5"
"Zm00001eb030680",3,"C4"
"Zm00001eb016590",6,"C1"
"Zm00001eb002470",6,"C1"
"Zm00001eb019840",7,"C6"
"Zm00001eb048090",6,"C1"
"Zm00001eb000020",2,"C2"
"Zm00001eb019480",2,"C2"
"Zm00001eb048000",3,"C4"
"Zm00001eb011880",7,"C6"
"Zm00001eb023730",5,"C5"
"Zm00001eb042890",3,"C4"
"Zm00001eb057210",2,"C2"
"Zm00001eb019330",2,"C2"
"Zm00001eb000820",2,"C2"
"Zm00001eb041840",7,"C6"
"Zm00001eb001710",7,"C6"
"Zm00001eb015910",2,"C2"
"Zm00001eb057780",6,"C1"
"Zm00001eb051150",7,"C6"
"Zm00001eb044560",2,"C2"
"Zm00001eb036330",6,"C1"
"Zm00001eb044540",2,"C2"
"Zm00001eb004540",2,"C2"
"Zm00001eb049240",5,"C5"
"Zm00001eb045780",7,"C6"
"Zm00001eb034030",2,"C2"
"Zm00001eb002680",4,"C3"
"Zm00001eb013220",3,"C4"
"Zm00001eb057460",2,"C2"
"Zm00001eb005390",3,"C4"
"Zm00001eb008980",7,"C6"
"Zm00001eb001060",6,"C1"
"Zm00001eb043950",3,"C4"
"Zm00001eb036560",2,"C2"
"Zm00001eb033110",3,"C4"
"Zm00001eb055470",3,"C4"
"Zm00001eb012100",2,"C2"
"Zm00001eb014900",3,"C4"
"Zm00001eb003580",2,"C2"
"Zm00001eb016680",6,"C1"
"Zm00001eb001470",2,"C2"
"Zm00001eb033470",3,"C4"
"Zm00001eb012150",3,"C4"
"Zm00001eb035260",7,"C6"
"Zm00001eb007860",6,"C1"
"Zm00001eb057970",5,"C5"
"Zm00001eb002030",2,"C2"
"Zm00001eb011200",3,"C4"
"Zm00001eb013500",7,"C6"
"Zm00001eb030010",2,"C2"
"Zm00001eb038710",7,"C6"
"Zm00001eb054690",2,"C2"
"Zm00001eb053020",2,"C2"
"Zm00001eb032690",1,"C7"
"Zm00001eb050320",6,"C1"
"Zm00001eb052070",4,"C3"
"Zm00001eb022910",2,"C2"
"Zm00001eb008100",3,"C4"
"Zm00001eb052650",1,"C7"
"Zm00001eb059970",2,"C2"
"Zm00001eb013300",6,"C1"
"Zm00001eb064040",6,"C1"
"Zm00001eb004780",6,"C1"
"Zm00001eb012890",3,"C4"
"Zm00001eb036300",6,"C1"
"Zm00001eb034090",6,"C1"
"Zm00001eb061440",6,"C1"
"Zm00001eb031660",2,"C2"
"Zm00001eb048340",2,"C2"
"Zm00001eb017850",6,"C1"
"Zm00001eb000210",2,"C2"
"Zm00001eb002930",3,"C4"
"Zm00001eb005660",5,"C5"
"Zm00001eb028060",2,"C2"
"Zm00001eb035630",2,"C2"
"Zm00001eb064950",3,"C4"
"Zm00001eb023130",2,"C2"
"Zm00001eb003020",6,"C1"
"Zm00001eb047310",2,"C2"
"Zm00001eb045300",6,"C1"
"Zm00001eb020040",7,"C6"
"Zm00001eb061920",1,"C7"
"Zm00001eb063750",3,"C4"
"Zm00001eb057630",2,"C2"
"Zm00001eb061240",6,"C1"
"Zm00001eb048660",2,"C2"
"Zm00001eb026560",6,"C1"
"Zm00001eb015210",2,"C2"
"Zm00001eb015710",2,"C2"
"Zm00001eb005340",3,"C4"
"Zm00001eb023520",6,"C1"
"Zm00001eb014050",7,"C6"
"Zm00001eb001670",2,"C2"
"Zm00001eb014110",3,"C4"
"Zm00001eb062270",2,"C2"
"Zm00001eb064910",7,"C6"
"Zm00001eb056820",5,"C5"
"Zm00001eb030660",2,"C2"
"Zm00001eb030840",3,"C4"
"Zm00001eb034740",1,"C7"
"Zm00001eb022160",6,"C1"
"Zm00001eb059630",2,"C2"
"Zm00001eb001600",6,"C1"
"Zm00001eb059610",2,"C2"
"Zm00001eb055050",5,"C5"
"Zm00001eb046790",2,"C2"
"Zm00001eb018470",2,"C2"
"Zm00001eb006320",6,"C1"
"Zm00001eb002660",2,"C2"
"Zm00001eb007670",5,"C5"
"Zm00001eb058450",6,"C1"
"Zm00001eb009500",7,"C6"
"Zm00001eb051980",6,"C1"
"Zm00001eb039740",3,"C4"
"Zm00001eb061070",2,"C2"
"Zm00001eb059860",2,"C2"
"Zm00001eb052980",2,"C2"
"Zm00001eb007250",7,"C6"
"Zm00001eb015820",1,"C7"
"Zm00001eb057270",2,"C2"
"Zm00001eb045470",2,"C2"
"Zm00001eb047860",5,"C5"
"Zm00001eb008660",7,"C6"
"Zm00001eb043340",2,"C2"
"Zm00001eb064640",3,"C4"
"Zm00001eb042600",3,"C4"
"Zm00001eb054110",3,"C4"
"Zm00001eb016800",6,"C1"
"Zm00001eb003970",2,"C2"
"Zm00001eb049720",3,"C4"
"Zm00001eb021780",2,"C2"
"Zm00001eb029380",3,"C4"
"Zm00001eb010170",5,"C5"
"Zm00001eb038490",6,"C1"
"Zm00001eb044140",2,"C2"
"Zm00001eb028190",3,"C4"
"Zm00001eb003180",2,"C2"
"Zm00001eb038030",2,"C2"
"Zm00001eb002260",2,"C2"
"Zm00001eb064480",6,"C1"
"Zm00001eb008480",3,"C4"
"Zm00001eb019720",3,"C4"
"Zm00001eb026770",6,"C1"
"Zm00001eb045490",5,"C5"
"Zm00001eb031280",6,"C1"
"Zm00001eb056220",2,"C2"
"Zm00001eb049750",2,"C2"
"Zm00001eb048220",3,"C4"
"Zm00001eb008900",2,"C2"
"Zm00001eb013000",6,"C1"
"Zm00001eb035050",2,"C2"
"Zm00001eb038900",2,"C2"
"Zm00001eb009130",2,"C2"
"Zm00001eb023330",7,"C6"
"Zm00001eb021800",2,"C2"
"Zm00001eb059190",3,"C4"
"Zm00001eb063900",3,"C4"
"Zm00001eb059240",1,"C7"
"Zm00001eb042730",3,"C4"
"Zm00001eb038830",5,"C5"
"Zm00001eb032800",7,"C6"
"Zm00001eb026200",2,"C2"
"Zm00001eb010660",4,"C3"
"Zm00001eb033690",3,"C4"
"Zm00001eb060640",6,"C1"
"Zm00001eb011600",3,"C4"
"Zm00001eb008140",2,"C2"
"Zm00001eb024750",6,"C1"
"Zm00001eb037890",5,"C5"
"Zm00001eb056180",3,"C4"
"Zm00001eb058080",2,"C2"
"Zm00001eb035580",7,"C6"
"Zm00001eb044840",6,"C1"
"Zm00001eb010030",5,"C5"
"Zm00001eb036790",2,"C2"
"Zm00001eb031510",6,"C1"
"Zm00001eb063380",2,"C2"
"Zm00001eb037110",1,"C7"
"Zm00001eb061390",3,"C4"
"Zm00001eb012980",2,"C2"
"Zm00001eb064740",7,"C6"
"Zm00001eb058130",3,"C4"
"Zm00001eb022870",2,"C2"
"Zm00001eb012140",2,"C2"
"Zm00001eb002200",5,"C5"
"Zm00001eb046260",2,"C2"
"Zm00001eb017970",2,"C2"
"Zm00001eb039360",2,"C2"
"Zm00001eb054940",2,"C2"
"Zm00001eb042830",2,"C2"
"Zm00001eb026650",2,"C2"
"Zm00001eb034820",6,"C1"
"Zm00001eb013750",2,"C2"
"Zm00001eb043390",5,"C5"
"Zm00001eb042480",3,"C4"
"Zm00001eb037230",3,"C4"
"Zm00001eb036840",2,"C2"
"Zm00001eb013730",3,"C4"
"Zm00001eb026330",1,"C7"
"Zm00001eb053440",6,"C1"
"Zm00001eb000980",3,"C4"
"Zm00001eb024120",6,"C1"
"Zm00001eb031820",2,"C2"
"Zm00001eb034180",3,"C4"
"Zm00001eb014460",2,"C2"
"Zm00001eb015750",3,"C4"
"Zm00001eb049430",3,"C4"
"Zm00001eb026440",2,"C2"
"Zm00001eb056870",1,"C7"
"Zm00001eb006520",6,"C1"
"Zm00001eb043910",6,"C1"
"Zm00001eb048870",2,"C2"
"Zm00001eb051930",6,"C1"
"Zm00001eb022940",5,"C5"
"Zm00001eb042570",5,"C5"
"Zm00001eb054230",7,"C6"
"Zm00001eb021820",2,"C2"
"Zm00001eb052460",2,"C2"
"Zm00001eb022120",3,"C4"
"Zm00001eb047980",1,"C7"
"Zm00001eb019650",7,"C6"
"Zm00001eb005950",2,"C2"
"Zm00001eb051770",2,"C2"
"Zm00001eb064190",3,"C4"
"Zm00001eb019460",3,"C4"
"Zm00001eb030400",3,"C4"
"Zm00001eb062550",2,"C2"
"Zm00001eb043990",2,"C2"
"Zm00001eb038360",3,"C4"
"Zm00001eb026880",2,"C2"
"Zm00001eb060940",6,"C1"
"Zm00001eb052750",3,"C4"
"Zm00001eb023600",1,"C7"
"Zm00001eb008500",2,"C2"
"Zm00001eb051600",2,"C2"
"Zm00001eb045690",2,"C2"
"Zm00001eb008370",6,"C1"
"Zm00001eb061760",3,"C4"
"Zm00001eb012020",1,"C7"
"Zm00001eb062460",6,"C1"
"Zm00001eb061630",3,"C4"
"Zm00001eb038400",3,"C4"
"Zm00001eb036910",2,"C2"
"Zm00001eb062440",2,"C2"
"Zm00001eb038540",6,"C1"
"Zm00001eb061210",1,"C7"
"Zm00001eb001830",2,"C2"
"Zm00001eb026420",2,"C2"
"Zm00001eb006770",7,"C6"
"Zm00001eb028750",2,"C2"
"Zm00001eb064010",2,"C2"
"Zm00001eb033780",6,"C1"
"Zm00001eb020090",6,"C1"
"Zm00001eb010700",2,"C2"
"Zm00001eb062220",2,"C2"
"Zm00001eb037010",6,"C1"
"Zm00001eb032000",2,"C2"
"Zm00001eb024230",7,"C6"
"Zm00001eb057140",6,"C1"
"Zm00001eb015080",3,"C4"
"Zm00001eb006150",6,"C1"
"Zm00001eb051070",1,"C7"
"Zm00001eb001510",3,"C4"
"Zm00001eb020500",2,"C2"
"Zm00001eb050350",2,"C2"
"Zm00001eb025020",6,"C1"
"Zm00001eb057910",6,"C1"
"Zm00001eb008800",4,"C3"
"Zm00001eb035790",6,"C1"
"Zm00001eb044500",3,"C4"
"Zm00001eb056930",3,"C4"
"Zm00001eb062510",1,"C7"
"Zm00001eb000380",1,"C7"
"Zm00001eb002960",5,"C5"
"Zm00001eb027950",7,"C6"
"Zm00001eb064530",2,"C2"
"Zm00001eb048510",3,"C4"
"Zm00001eb001070",2,"C2"
"Zm00001eb027340",3,"C4"
"Zm00001eb063290",3,"C4"
"Zm00001eb031890",2,"C2"
"Zm00001eb055030",6,"C1"
"Zm00001eb029510",2,"C2"
"Zm00001eb041380",6,"C1"
"Zm00001eb040480",4,"C3"
"Zm00001eb033390",5,"C5"
"Zm00001eb031330",7,"C6"
"Zm00001eb044240",6,"C1"
"Zm00001eb052800",2,"C2"
"Zm00001eb009240",2,"C2"
"Zm00001eb017700",2,"C2"
"Zm00001eb025640",3,"C4"
"Zm00001eb013840",2,"C2"
"Zm00001eb062920",2,"C2"
"Zm00001eb028520",2,"C2"
"Zm00001eb006570",2,"C2"
"Zm00001eb011420",2,"C2"
"Zm00001eb061850",7,"C6"
"Zm00001eb019600",6,"C1"
"Zm00001eb027800",2,"C2"
"Zm00001eb038680",3,"C4"
"Zm00001eb038230",3,"C4"
"Zm00001eb037710",2,"C2"
"Zm00001eb031190",7,"C6"
"Zm00001eb064520",6,"C1"
"Zm00001eb062600",7,"C6"
"Zm00001eb016050",2,"C2"
"Zm00001eb065380",2,"C2"
"Zm00001eb002060",2,"C2"
"Zm00001eb011580",2,"C2"
"Zm00001eb014640",6,"C1"
"Zm00001eb029540",6,"C1"
"Zm00001eb022380",7,"C6"
"Zm00001eb053400",2,"C2"
"Zm00001eb011970",6,"C1"
"Zm00001eb037300",6,"C1"
"Zm00001eb018610",2,"C2"
"Zm00001eb037020",3,"C4"
"Zm00001eb017880",2,"C2"
"Zm00001eb057590",3,"C4"
"Zm00001eb056250",3,"C4"
"Zm00001eb031670",2,"C2"
"Zm00001eb030440",2,"C2"
"Zm00001eb012280",5,"C5"
"Zm00001eb004160",2,"C2"
"Zm00001eb040550",3,"C4"
"Zm00001eb047740",6,"C1"
"Zm00001eb055210",3,"C4"
"Zm00001eb052960",6,"C1"
"Zm00001eb063720",7,"C6"
"Zm00001eb037440",7,"C6"
"Zm00001eb059710",2,"C2"
"Zm00001eb056320",3,"C4"
"Zm00001eb060560",3,"C4"
"Zm00001eb019030",3,"C4"
"Zm00001eb024740",2,"C2"
"Zm00001eb061880",3,"C4"
"Zm00001eb053630",2,"C2"
"Zm00001eb050650",2,"C2"
"Zm00001eb024330",6,"C1"
"Zm00001eb008610",6,"C1"
"Zm00001eb040150",2,"C2"
"Zm00001eb020690",6,"C1"
"Zm00001eb009340",1,"C7"
"Zm00001eb005220",7,"C6"
"Zm00001eb005980",5,"C5"
"Zm00001eb025110",3,"C4"
"Zm00001eb049250",5,"C5"
"Zm00001eb047970",2,"C2"
"Zm00001eb028430",7,"C6"
"Zm00001eb016560",2,"C2"
"Zm00001eb049610",2,"C2"
"Zm00001eb040100",3,"C4"
"Zm00001eb043240",3,"C4"
"Zm00001eb044380",2,"C2"
"Zm00001eb041290",6,"C1"
"Zm00001eb053910",2,"C2"
"Zm00001eb024030",3,"C4"
"Zm00001eb057700",2,"C2"
"Zm00001eb018020",6,"C1"
"Zm00001eb013910",7,"C6"
"Zm00001eb049950",2,"C2"
"Zm00001eb016330",2,"C2"
"Zm00001eb020200",2,"C2"
"Zm00001eb038300",3,"C4"
"Zm00001eb052130",2,"C2"
"Zm00001eb041790",2,"C2"
"Zm00001eb010690",2,"C2"
"Zm00001eb044550",6,"C1"
"Zm00001eb030220",6,"C1"
"Zm00001eb061510",7,"C6"
"Zm00001eb024490",5,"C5"
"Zm00001eb020020",5,"C5"
"Zm00001eb002790",5,"C5"
"Zm00001eb028370",6,"C1"
"Zm00001eb063490",2,"C2"
"Zm00001eb042390",6,"C1"
"Zm00001eb053880",3,"C4"
"Zm00001eb008090",2,"C2"
"Zm00001eb063690",5,"C5"
"Zm00001eb033620",2,"C2"
"Zm00001eb061400",1,"C7"
"Zm00001eb007930",2,"C2"
"Zm00001eb050760",7,"C6"
"Zm00001eb063140",2,"C2"
"Zm00001eb007070",3,"C4"
"Zm00001eb007830",7,"C6"
"Zm00001eb055330",6,"C1"
"Zm00001eb037080",3,"C4"
"Zm00001eb008830",2,"C2"
"Zm00001eb032640",2,"C2"
"Zm00001eb044180",3,"C4"
"Zm00001eb026500",1,"C7"
"Zm00001eb047170",6,"C1"
"Zm00001eb052080",2,"C2"
"Zm00001eb048810",1,"C7"
"Zm00001eb020660",3,"C4"
"Zm00001eb054700",2,"C2"
"Zm00001eb004440",5,"C5"
"Zm00001eb012830",3,"C4"
"Zm00001eb042420",3,"C4"
"Zm00001eb003140",2,"C2"
"Zm00001eb052810",3,"C4"
"Zm00001eb060050",6,"C1"
"Zm00001eb056150",6,"C1"
"Zm00001eb025260",6,"C1"
"Zm00001eb035740",2,"C2"
"Zm00001eb020740",7,"C6"
"Zm00001eb060660",7,"C6"
"Zm00001eb005100",6,"C1"
"Zm00001eb013430",1,"C7"
"Zm00001eb021300",2,"C2"
"Zm00001eb017860",5,"C5"
"Zm00001eb002850",5,"C5"
"Zm00001eb062880",5,"C5"
"Zm00001eb009480",6,"C1"
"Zm00001eb051130",7,"C6"
"Zm00001eb005670",2,"C2"
"Zm00001eb061930",2,"C2"
"Zm00001eb013640",6,"C1"
"Zm00001eb035660",2,"C2"
"Zm00001eb058590",7,"C6"
"Zm00001eb039000",3,"C4"
"Zm00001eb053540",2,"C2"
"Zm00001eb015380",2,"C2"
"Zm00001eb001440",2,"C2"
"Zm00001eb009110",2,"C2"
"Zm00001eb054730",3,"C4"
"Zm00001eb057200",2,"C2"
"Zm00001eb008640",3,"C4"
"Zm00001eb000330",2,"C2"
"Zm00001eb054040",1,"C7"
"Zm00001eb017100",2,"C2"
"Zm00001eb025030",7,"C6"
"Zm00001eb057820",5,"C5"
"Zm00001eb041600",2,"C2"
"Zm00001eb028560",6,"C1"
"Zm00001eb056200",5,"C5"
"Zm00001eb010730",7,"C6"
"Zm00001eb030960",3,"C4"
"Zm00001eb006360",2,"C2"
"Zm00001eb005310",2,"C2"
"Zm00001eb046340",3,"C4"
"Zm00001eb037480",3,"C4"
"Zm00001eb011630",3,"C4"
"Zm00001eb043410",2,"C2"
"Zm00001eb007190",2,"C2"
"Zm00001eb056890",2,"C2"
"Zm00001eb007310",5,"C5"
"Zm00001eb013040",3,"C4"
"Zm00001eb016770",3,"C4"
"Zm00001eb001640",3,"C4"
"Zm00001eb055230",3,"C4"
"Zm00001eb028380",2,"C2"
"Zm00001eb064580",2,"C2"
"Zm00001eb044130",2,"C2"
"Zm00001eb053330",6,"C1"
"Zm00001eb041900",3,"C4"
"Zm00001eb055550",2,"C2"
"Zm00001eb006850",6,"C1"
"Zm00001eb038720",3,"C4"
"Zm00001eb061960",2,"C2"
"Zm00001eb035970",5,"C5"
"Zm00001eb030600",6,"C1"
"Zm00001eb007750",6,"C1"
"Zm00001eb023870",6,"C1"
"Zm00001eb054100",7,"C6"
"Zm00001eb022830",2,"C2"
"Zm00001eb051140",2,"C2"
"Zm00001eb011370",5,"C5"
"Zm00001eb023020",6,"C1"
"Zm00001eb002020",2,"C2"
"Zm00001eb013520",5,"C5"
"Zm00001eb064690",3,"C4"
"Zm00001eb054980",7,"C6"
"Zm00001eb063770",3,"C4"
"Zm00001eb051060",1,"C7"
"Zm00001eb058470",2,"C2"
"Zm00001eb003010",3,"C4"
"Zm00001eb035680",6,"C1"
"Zm00001eb043930",5,"C5"
"Zm00001eb060010",3,"C4"
"Zm00001eb034060",2,"C2"
"Zm00001eb037930",7,"C6"
"Zm00001eb004340",2,"C2"
"Zm00001eb063230",7,"C6"
"Zm00001eb024800",2,"C2"
"Zm00001eb026430",2,"C2"
"Zm00001eb001360",3,"C4"
"Zm00001eb002920",6,"C1"
"Zm00001eb061200",2,"C2"
"Zm00001eb036920",5,"C5"
"Zm00001eb013970",2,"C2"
"Zm00001eb058850",6,"C1"
"Zm00001eb010100",2,"C2"
"Zm00001eb060420",2,"C2"
"Zm00001eb019370",5,"C5"
"Zm00001eb062640",5,"C5"
"Zm00001eb058020",2,"C2"
"Zm00001eb002620",1,"C7"
"Zm00001eb006590",2,"C2"
"Zm00001eb042130",2,"C2"
"Zm00001eb041240",6,"C1"
"Zm00001eb035230",5,"C5"
"Zm00001eb050500",2,"C2"
"Zm00001eb020470",2,"C2"
"Zm00001eb052610",2,"C2"
"Zm00001eb008310",2,"C2"
"Zm00001eb062300",7,"C6"
"Zm00001eb005990",7,"C6"
"Zm00001eb038950",3,"C4"
"Zm00001eb045770",6,"C1"
"Zm00001eb050850",3,"C4"
"Zm00001eb041750",3,"C4"
"Zm00001eb011940",7,"C6"
"Zm00001eb005360",2,"C2"
"Zm00001eb040400",6,"C1"
"Zm00001eb061990",2,"C2"
"Zm00001eb044480",4,"C3"
"Zm00001eb015070",7,"C6"
"Zm00001eb065330",5,"C5"
"Zm00001eb022440",6,"C1"
"Zm00001eb001200",3,"C4"
"Zm00001eb000450",3,"C4"
"Zm00001eb001050",2,"C2"
"Zm00001eb040730",7,"C6"
"Zm00001eb023930",6,"C1"
"Zm00001eb062500",4,"C3"
"Zm00001eb063450",6,"C1"
"Zm00001eb015800",5,"C5"
"Zm00001eb013720",2,"C2"
"Zm00001eb045210",2,"C2"
"Zm00001eb022930",1,"C7"
"Zm00001eb056410",2,"C2"
"Zm00001eb055910",6,"C1"
"Zm00001eb051220",2,"C2"
"Zm00001eb004030",2,"C2"
"Zm00001eb015660",2,"C2"
"Zm00001eb049570",2,"C2"
"Zm00001eb005230",6,"C1"
"Zm00001eb046650",2,"C2"
"Zm00001eb041200",6,"C1"
"Zm00001eb065280",2,"C2"
"Zm00001eb009070",7,"C6"
"Zm00001eb038560",3,"C4"
"Zm00001eb014600",7,"C6"
"Zm00001eb022630",5,"C5"
"Zm00001eb002530",2,"C2"
"Zm00001eb012710",6,"C1"
"Zm00001eb024620",3,"C4"
"Zm00001eb022740",2,"C2"
"Zm00001eb042990",6,"C1"
"Zm00001eb015260",5,"C5"
"Zm00001eb064470",2,"C2"
"Zm00001eb000510",3,"C4"
"Zm00001eb001880",5,"C5"
"Zm00001eb052220",2,"C2"
"Zm00001eb059270",6,"C1"
"Zm00001eb059040",2,"C2"
"Zm00001eb004990",2,"C2"
"Zm00001eb051300",2,"C2"
"Zm00001eb039670",5,"C5"
"Zm00001eb035670",3,"C4"
"Zm00001eb042240",3,"C4"
"Zm00001eb013980",2,"C2"
"Zm00001eb010020",3,"C4"
"Zm00001eb010160",3,"C4"
"Zm00001eb064670",3,"C4"
"Zm00001eb028110",3,"C4"
"Zm00001eb008730",7,"C6"
"Zm00001eb060800",3,"C4"
"Zm00001eb002240",2,"C2"
"Zm00001eb056860",2,"C2"
"Zm00001eb030850",2,"C2"
"Zm00001eb037380",2,"C2"
"Zm00001eb006680",2,"C2"
"Zm00001eb007960",2,"C2"
"Zm00001eb022640",6,"C1"
"Zm00001eb060230",1,"C7"
"Zm00001eb061130",3,"C4"
"Zm00001eb047560",2,"C2"
"Zm00001eb001840",3,"C4"
"Zm00001eb007050",6,"C1"
"Zm00001eb021070",2,"C2"
"Zm00001eb011170",2,"C2"
"Zm00001eb063810",3,"C4"
"Zm00001eb004630",7,"C6"
"Zm00001eb001240",2,"C2"
"Zm00001eb036020",2,"C2"
"Zm00001eb000500",2,"C2"
"Zm00001eb004210",7,"C6"
"Zm00001eb047500",2,"C2"
"Zm00001eb046840",7,"C6"
"Zm00001eb063620",2,"C2"
"Zm00001eb051510",5,"C5"
"Zm00001eb006530",1,"C7"
"Zm00001eb041780",2,"C2"
"Zm00001eb056650",2,"C2"
"Zm00001eb000960",6,"C1"
"Zm00001eb061550",3,"C4"
"Zm00001eb015190",2,"C2"
"Zm00001eb003670",3,"C4"
"Zm00001eb037970",2,"C2"
"Zm00001eb002310",2,"C2"
"Zm00001eb064710",3,"C4"
"Zm00001eb016740",6,"C1"
"Zm00001eb044650",1,"C7"
"Zm00001eb025490",6,"C1"
"Zm00001eb049330",6,"C1"
"Zm00001eb023270",2,"C2"
"Zm00001eb009810",3,"C4"
"Zm00001eb025470",6,"C1"
"Zm00001eb051780",7,"C6"
"Zm00001eb014240",2,"C2"
"Zm00001eb028820",3,"C4"
"Zm00001eb026580",2,"C2"
"Zm00001eb009090",3,"C4"
"Zm00001eb027820",1,"C7"
"Zm00001eb002820",3,"C4"
"Zm00001eb033900",3,"C4"
"Zm00001eb028460",3,"C4"
"Zm00001eb064610",2,"C2"
"Zm00001eb026960",6,"C1"
"Zm00001eb064440",3,"C4"
"Zm00001eb046050",2,"C2"
"Zm00001eb010900",3,"C4"
"Zm00001eb052290",6,"C1"
"Zm00001eb054220",3,"C4"
"Zm00001eb003840",3,"C4"
"Zm00001eb008170",7,"C6"
"Zm00001eb026120",2,"C2"
"Zm00001eb040190",7,"C6"
"Zm00001eb000170",2,"C2"
"Zm00001eb013120",7,"C6"
"Zm00001eb047930",2,"C2"
"Zm00001eb056800",3,"C4"
"Zm00001eb019220",2,"C2"
"Zm00001eb035190",1,"C7"
"Zm00001eb064100",2,"C2"
"Zm00001eb064380",3,"C4"
"Zm00001eb008530",5,"C5"
"Zm00001eb015230",7,"C6"
"Zm00001eb024560",2,"C2"
"Zm00001eb056390",7,"C6"
"Zm00001eb057190",7,"C6"
"Zm00001eb036350",6,"C1"
"Zm00001eb055930",3,"C4"
"Zm00001eb064920",7,"C6"
"Zm00001eb015690",2,"C2"
"Zm00001eb041010",2,"C2"
"Zm00001eb022050",7,"C6"
"Zm00001eb056760",6,"C1"
"Zm00001eb043540",3,"C4"
"Zm00001eb016640",3,"C4"
"Zm00001eb036170",6,"C1"
"Zm00001eb054250",3,"C4"
"Zm00001eb012060",7,"C6"
"Zm00001eb001910",3,"C4"
"Zm00001eb011010",2,"C2"
"Zm00001eb030110",5,"C5"
"Zm00001eb050930",6,"C1"
"Zm00001eb000970",1,"C7"
"Zm00001eb039020",5,"C5"
"Zm00001eb014160",5,"C5"
"Zm00001eb063160",1,"C7"
"Zm00001eb055320",7,"C6"
"Zm00001eb017180",3,"C4"
"Zm00001eb012760",2,"C2"
"Zm00001eb056880",2,"C2"
"Zm00001eb004660",7,"C6"
"Zm00001eb027280",2,"C2"
"Zm00001eb031360",2,"C2"
"Zm00001eb013940",2,"C2"
"Zm00001eb025670",2,"C2"
"Zm00001eb002990",7,"C6"
"Zm00001eb010620",5,"C5"
"Zm00001eb036850",1,"C7"
"Zm00001eb004510",5,"C5"
"Zm00001eb054470",6,"C1"
"Zm00001eb043420",3,"C4"
"Zm00001eb049140",7,"C6"
"Zm00001eb005000",2,"C2"
"Zm00001eb033460",5,"C5"
"Zm00001eb031110",2,"C2"
"Zm00001eb064210",2,"C2"
"Zm00001eb010950",6,"C1"
"Zm00001eb007920",3,"C4"
"Zm00001eb061360",2,"C2"
"Zm00001eb029490",2,"C2"
"Zm00001eb047280",2,"C2"
"Zm00001eb003730",1,"C7"
"Zm00001eb042670",6,"C1"
"Zm00001eb058950",7,"C6"
"Zm00001eb016020",1,"C7"
"Zm00001eb004140",3,"C4"
"Zm00001eb030250",2,"C2"
"Zm00001eb005830",7,"C6"
"Zm00001eb054710",3,"C4"
"Zm00001eb042110",6,"C1"
"Zm00001eb015560",2,"C2"
"Zm00001eb025350",3,"C4"
"Zm00001eb002520",2,"C2"
"Zm00001eb044780",2,"C2"
"Zm00001eb035770",2,"C2"
"Zm00001eb035730",3,"C4"
"Zm00001eb033920",2,"C2"
"Zm00001eb061000",7,"C6"
"Zm00001eb007820",6,"C1"
"Zm00001eb062680",7,"C6"
"Zm00001eb003340",3,"C4"
"Zm00001eb059140",2,"C2"
"Zm00001eb057160",6,"C1"
"Zm00001eb042800",3,"C4"
"Zm00001eb014820",2,"C2"
"Zm00001eb024210",6,"C1"
"Zm00001eb023660",3,"C4"
"Zm00001eb029010",7,"C6"
"Zm00001eb022570",5,"C5"
"Zm00001eb001140",7,"C6"
"Zm00001eb064460",2,"C2"
"Zm00001eb051490",2,"C2"
"Zm00001eb011750",6,"C1"
"Zm00001eb000220",6,"C1"
"Zm00001eb020510",2,"C2"
"Zm00001eb036990",2,"C2"
"Zm00001eb039920",1,"C7"
"Zm00001eb017830",2,"C2"
"Zm00001eb051920",3,"C4"
"Zm00001eb035650",3,"C4"
"Zm00001eb021850",3,"C4"
"Zm00001eb030300",2,"C2"
"Zm00001eb018360",2,"C2"
"Zm00001eb051050",2,"C2"
"Zm00001eb029710",3,"C4"
"Zm00001eb061810",6,"C1"
"Zm00001eb008430",2,"C2"
"Zm00001eb028810",3,"C4"
"Zm00001eb008150",3,"C4"
"Zm00001eb020170",5,"C5"
"Zm00001eb049100",3,"C4"
"Zm00001eb040160",3,"C4"
"Zm00001eb041520",3,"C4"
"Zm00001eb023140",2,"C2"
"Zm00001eb002780",5,"C5"
"Zm00001eb059810",2,"C2"
"Zm00001eb017450",2,"C2"
"Zm00001eb048440",7,"C6"
"Zm00001eb007010",6,"C1"
"Zm00001eb044830",3,"C4"
"Zm00001eb063210",5,"C5"
"Zm00001eb018120",2,"C2"
"Zm00001eb024820",3,"C4"
"Zm00001eb060760",2,"C2"
"Zm00001eb021040",1,"C7"
"Zm00001eb021010",3,"C4"
"Zm00001eb043070",5,"C5"
"Zm00001eb055730",7,"C6"
"Zm00001eb022330",6,"C1"
"Zm00001eb006000",7,"C6"
"Zm00001eb061480",7,"C6"
"Zm00001eb028690",5,"C5"
"Zm00001eb022950",3,"C4"
"Zm00001eb005320",2,"C2"
"Zm00001eb043720",2,"C2"
"Zm00001eb010450",2,"C2"
"Zm00001eb035840",2,"C2"
"Zm00001eb050410",6,"C1"
"Zm00001eb020320",6,"C1"
"Zm00001eb007650",6,"C1"
"Zm00001eb064730",2,"C2"
"Zm00001eb033670",7,"C6"
"Zm00001eb004370",6,"C1"
"Zm00001eb030710",5,"C5"
"Zm00001eb058110",1,"C7"
"Zm00001eb038040",6,"C1"
"Zm00001eb051800",5,"C5"
"Zm00001eb029960",6,"C1"
"Zm00001eb037700",2,"C2"
"Zm00001eb014470",2,"C2"
"Zm00001eb017920",3,"C4"
"Zm00001eb036610",7,"C6"
"Zm00001eb063340",3,"C4"
"Zm00001eb012960",2,"C2"
"Zm00001eb054920",2,"C2"
"Zm00001eb033830",5,"C5"
"Zm00001eb018660",1,"C7"
"Zm00001eb001400",3,"C4"
"Zm00001eb005740",6,"C1"
"Zm00001eb006910",2,"C2"
"Zm00001eb059050",3,"C4"
"Zm00001eb008010",6,"C1"
"Zm00001eb036770",7,"C6"
"Zm00001eb002640",2,"C2"
"Zm00001eb021350",7,"C6"
"Zm00001eb031930",2,"C2"
"Zm00001eb031340",3,"C4"
"Zm00001eb045730",2,"C2"
"Zm00001eb042080",3,"C4"
"Zm00001eb007630",6,"C1"
"Zm00001eb012480",2,"C2"
"Zm00001eb006140",7,"C6"
"Zm00001eb016200",4,"C3"
"Zm00001eb049320",6,"C1"
"Zm00001eb014830",3,"C4"
"Zm00001eb018970",6,"C1"
"Zm00001eb048110",1,"C7"
"Zm00001eb060580",6,"C1"
"Zm00001eb042920",2,"C2"
"Zm00001eb034890",2,"C2"
"Zm00001eb059220",7,"C6"
"Zm00001eb039660",3,"C4"
"Zm00001eb005760",3,"C4"
"Zm00001eb011450",2,"C2"
"Zm00001eb046900",6,"C1"
"Zm00001eb030390",7,"C6"
"Zm00001eb037310",2,"C2"
"Zm00001eb035710",3,"C4"
"Zm00001eb017460",5,"C5"
"Zm00001eb057090",2,"C2"
"Zm00001eb035500",2,"C2"
"Zm00001eb016450",7,"C6"
"Zm00001eb025890",3,"C4"
"Zm00001eb017050",2,"C2"
"Zm00001eb043590",7,"C6"
"Zm00001eb050220",2,"C2"
"Zm00001eb041730",3,"C4"
"Zm00001eb050490",2,"C2"
"Zm00001eb003510",2,"C2"
"Zm00001eb038350",3,"C4"
"Zm00001eb038870",2,"C2"
"Zm00001eb032430",4,"C3"
"Zm00001eb065520",6,"C1"
"Zm00001eb006380",6,"C1"
"Zm00001eb052870",2,"C2"
"Zm00001eb008950",2,"C2"
"Zm00001eb001000",2,"C2"
"Zm00001eb043300",3,"C4"
"Zm00001eb055840",2,"C2"
"Zm00001eb056340",7,"C6"
"Zm00001eb025190",6,"C1"
"Zm00001eb058970",3,"C4"
"Zm00001eb005840",2,"C2"
"Zm00001eb053530",7,"C6"
"Zm00001eb052540",1,"C7"
"Zm00001eb011650",6,"C1"
"Zm00001eb047820",1,"C7"
"Zm00001eb056280",4,"C3"
"Zm00001eb013370",1,"C7"
"Zm00001eb019510",6,"C1"
"Zm00001eb017810",2,"C2"
"Zm00001eb060530",5,"C5"
"Zm00001eb046680",2,"C2"
"Zm00001eb023650",5,"C5"
"Zm00001eb004090",6,"C1"
"Zm00001eb013870",2,"C2"
"Zm00001eb054020",7,"C6"
"Zm00001eb041340",2,"C2"
"Zm00001eb056700",6,"C1"
"Zm00001eb016760",2,"C2"
"Zm00001eb023160",2,"C2"
"Zm00001eb042540",6,"C1"
"Zm00001eb019630",2,"C2"
"Zm00001eb028310",6,"C1"
"Zm00001eb006540",3,"C4"
"Zm00001eb052730",5,"C5"
"Zm00001eb007540",3,"C4"
"Zm00001eb003200",7,"C6"
"Zm00001eb001520",6,"C1"
"Zm00001eb012600",2,"C2"
"Zm00001eb044810",2,"C2"
"Zm00001eb011760",1,"C7"
"Zm00001eb051090",3,"C4"
"Zm00001eb001290",2,"C2"
"Zm00001eb018670",7,"C6"
"Zm00001eb037260",2,"C2"
"Zm00001eb039560",1,"C7"
"Zm00001eb008570",3,"C4"
"Zm00001eb031640",6,"C1"
"Zm00001eb062480",6,"C1"
"Zm00001eb007990",6,"C1"
"Zm00001eb045970",3,"C4"
"Zm00001eb030570",2,"C2"
"Zm00001eb035360",3,"C4"
"Zm00001eb014030",2,"C2"
"Zm00001eb032160",3,"C4"
"Zm00001eb010710",3,"C4"
"Zm00001eb006920",3,"C4"
"Zm00001eb063970",2,"C2"
"Zm00001eb011020",6,"C1"
"Zm00001eb001820",5,"C5"
"Zm00001eb042410",7,"C6"
"Zm00001eb005030",2,"C2"
"Zm00001eb021090",5,"C5"
"Zm00001eb033600",2,"C2"
"Zm00001eb050330",2,"C2"
"Zm00001eb057810",7,"C6"
"Zm00001eb015900",3,"C4"
"Zm00001eb038640",2,"C2"
"Zm00001eb029660",5,"C5"
"Zm00001eb036370",7,"C6"
"Zm00001eb058750",1,"C7"
"Zm00001eb058380",6,"C1"
"Zm00001eb050610",2,"C2"
"Zm00001eb041760",6,"C1"
"Zm00001eb028400",2,"C2"
"Zm00001eb053800",2,"C2"
"Zm00001eb001170",7,"C6"
"Zm00001eb031730",6,"C1"
"Zm00001eb042770",2,"C2"
"Zm00001eb034250",3,"C4"
"Zm00001eb006010",3,"C4"
"Zm00001eb059900",6,"C1"
"Zm00001eb033500",2,"C2"
"Zm00001eb044710",2,"C2"
"Zm00001eb062000",6,"C1"
"Zm00001eb035020",6,"C1"
"Zm00001eb056490",5,"C5"
"Zm00001eb063250",1,"C7"
"Zm00001eb030930",6,"C1"
"Zm00001eb022000",3,"C4"
"Zm00001eb038510",7,"C6"
"Zm00001eb046860",2,"C2"
"Zm00001eb037690",7,"C6"
"Zm00001eb045260",6,"C1"
"Zm00001eb042050",2,"C2"
"Zm00001eb011530",2,"C2"
"Zm00001eb064550",3,"C4"
"Zm00001eb023710",2,"C2"
"Zm00001eb058240",4,"C3"
"Zm00001eb002910",2,"C2"
"Zm00001eb053520",7,"C6"
"Zm00001eb008780",3,"C4"
"Zm00001eb049270",6,"C1"
"Zm00001eb028210",2,"C2"
"Zm00001eb027840",6,"C1"
"Zm00001eb012950",6,"C1"
"Zm00001eb062630",3,"C4"
"Zm00001eb065130",2,"C2"
"Zm00001eb030980",2,"C2"
"Zm00001eb048120",2,"C2"
"Zm00001eb026300",2,"C2"
"Zm00001eb017000",2,"C2"
"Zm00001eb053610",6,"C1"
"Zm00001eb008690",2,"C2"
"Zm00001eb040860",6,"C1"
"Zm00001eb029080",3,"C4"
"Zm00001eb016830",3,"C4"
"Zm00001eb035960",5,"C5"
"Zm00001eb018010",2,"C2"
"Zm00001eb014760",2,"C2"
"Zm00001eb012790",3,"C4"
"Zm00001eb041120",5,"C5"
"Zm00001eb000740",6,"C1"
"Zm00001eb011810",3,"C4"
"Zm00001eb059460",2,"C2"
"Zm00001eb059770",2,"C2"
"Zm00001eb035240",5,"C5"
"Zm00001eb043090",3,"C4"
"Zm00001eb016460",2,"C2"
"Zm00001eb055280",5,"C5"
"Zm00001eb032760",6,"C1"
"Zm00001eb016170",1,"C7"
"Zm00001eb001350",2,"C2"
"Zm00001eb005820",6,"C1"
"Zm00001eb006880",6,"C1"
"Zm00001eb049810",2,"C2"
"Zm00001eb021530",7,"C6"
"Zm00001eb020250",2,"C2"
"Zm00001eb044620",3,"C4"
"Zm00001eb031790",7,"C6"
"Zm00001eb025170",7,"C6"
"Zm00001eb038880",5,"C5"
"Zm00001eb059310",7,"C6"
"Zm00001eb044820",5,"C5"
"Zm00001eb040040",2,"C2"
"Zm00001eb058190",3,"C4"
"Zm00001eb008880",7,"C6"
"Zm00001eb029300",2,"C2"
"Zm00001eb063220",4,"C3"
"Zm00001eb015930",6,"C1"
"Zm00001eb045950",6,"C1"
"Zm00001eb040540",2,"C2"
"Zm00001eb014980",3,"C4"
"Zm00001eb045810",2,"C2"
"Zm00001eb035860",2,"C2"
"Zm00001eb021240",3,"C4"
"Zm00001eb050870",3,"C4"
"Zm00001eb003090",2,"C2"
"Zm00001eb034840",7,"C6"
"Zm00001eb052970",6,"C1"
"Zm00001eb054330",6,"C1"
"Zm00001eb002180",7,"C6"
"Zm00001eb058550",6,"C1"
"Zm00001eb046100",7,"C6"
"Zm00001eb054190",7,"C6"
"Zm00001eb006270",3,"C4"
"Zm00001eb021380",7,"C6"
"Zm00001eb054200",6,"C1"
"Zm00001eb012470",7,"C6"
"Zm00001eb040130",2,"C2"
"Zm00001eb056730",2,"C2"
"Zm00001eb037540",7,"C6"
"Zm00001eb016350",2,"C2"
"Zm00001eb034920",2,"C2"
"Zm00001eb054160",2,"C2"
"Zm00001eb039430",3,"C4"
"Zm00001eb062140",2,"C2"
"Zm00001eb027640",6,"C1"
"Zm00001eb058760",2,"C2"
"Zm00001eb007140",2,"C2"
"Zm00001eb056960",7,"C6"
"Zm00001eb047490",5,"C5"
"Zm00001eb042320",6,"C1"
"Zm00001eb062520",6,"C1"
"Zm00001eb033050",2,"C2"
"Zm00001eb030260",5,"C5"
"Zm00001eb037980",3,"C4"
"Zm00001eb052880",6,"C1"
"Zm00001eb001500",6,"C1"
"Zm00001eb060780",2,"C2"
"Zm00001eb033640",6,"C1"
"Zm00001eb043120",5,"C5"
"Zm00001eb025360",3,"C4"
"Zm00001eb062350",6,"C1"
"Zm00001eb061300",3,"C4"
"Zm00001eb019260",2,"C2"
"Zm00001eb010790",7,"C6"
"Zm00001eb029200",3,"C4"
"Zm00001eb012180",6,"C1"
"Zm00001eb057640",2,"C2"
"Zm00001eb006870",7,"C6"
"Zm00001eb010300",2,"C2"
"Zm00001eb005770",6,"C1"
"Zm00001eb025240",2,"C2"
"Zm00001eb062450",2,"C2"
"Zm00001eb037420",2,"C2"
"Zm00001eb055080",2,"C2"
"Zm00001eb011670",1,"C7"
"Zm00001eb009840",6,"C1"
"Zm00001eb016160",2,"C2"
"Zm00001eb042230",2,"C2"
"Zm00001eb003080",3,"C4"
"Zm00001eb045860",7,"C6"
"Zm00001eb019700",7,"C6"
"Zm00001eb035820",2,"C2"
"Zm00001eb057180",2,"C2"
"Zm00001eb035200",7,"C6"
"Zm00001eb063940",6,"C1"
"Zm00001eb017600",7,"C6"
"Zm00001eb005280",6,"C1"
"Zm00001eb024920",6,"C1"
"Zm00001eb008460",5,"C5"
"Zm00001eb044630",5,"C5"
"Zm00001eb045570",5,"C5"
"Zm00001eb019300",2,"C2"
"Zm00001eb028390",3,"C4"
"Zm00001eb025510",2,"C2"
"Zm00001eb064600",2,"C2"
"Zm00001eb032820",6,"C1"
"Zm00001eb011300",7,"C6"
"Zm00001eb062620",2,"C2"
"Zm00001eb005700",3,"C4"
"Zm00001eb007810",3,"C4"
"Zm00001eb024130",6,"C1"
"Zm00001eb037730",2,"C2"
"Zm00001eb017170",3,"C4"
"Zm00001eb044760",6,"C1"
"Zm00001eb008240",2,"C2"
"Zm00001eb007730",7,"C6"
"Zm00001eb054240",2,"C2"
"Zm00001eb022860",5,"C5"
"Zm00001eb039550",3,"C4"
"Zm00001eb017260",2,"C2"
"Zm00001eb038780",5,"C5"
"Zm00001eb006040",3,"C4"
"Zm00001eb059120",2,"C2"
"Zm00001eb064650",7,"C6"
"Zm00001eb010370",5,"C5"
"Zm00001eb000590",6,"C1"
"Zm00001eb047510",3,"C4"
"Zm00001eb000790",5,"C5"
"Zm00001eb007590",2,"C2"
"Zm00001eb065250",2,"C2"
"Zm00001eb045630",6,"C1"
"Zm00001eb037640",6,"C1"
"Zm00001eb038210",3,"C4"
"Zm00001eb054460",6,"C1"
"Zm00001eb050310",3,"C4"
"Zm00001eb032220",6,"C1"
"Zm00001eb004500",2,"C2"
"Zm00001eb030730",6,"C1"
"Zm00001eb038700",2,"C2"
"Zm00001eb002940",2,"C2"
"Zm00001eb024600",3,"C4"
"Zm00001eb011610",7,"C6"
"Zm00001eb036640",2,"C2"
"Zm00001eb017070",7,"C6"
"Zm00001eb054060",6,"C1"
"Zm00001eb061470",3,"C4"
"Zm00001eb054830",2,"C2"
"Zm00001eb002040",2,"C2"
"Zm00001eb064030",2,"C2"
"Zm00001eb052860",2,"C2"
"Zm00001eb015840",6,"C1"
"Zm00001eb001550",6,"C1"
"Zm00001eb033550",2,"C2"
"Zm00001eb049310",2,"C2"
"Zm00001eb055900",2,"C2"
"Zm00001eb063300",3,"C4"
"Zm00001eb034100",2,"C2"
"Zm00001eb042650",1,"C7"
"Zm00001eb050910",3,"C4"
"Zm00001eb050580",6,"C1"
"Zm00001eb062720",3,"C4"
"Zm00001eb003030",7,"C6"
"Zm00001eb054420",2,"C2"
"Zm00001eb018420",3,"C4"
"Zm00001eb023920",6,"C1"
"Zm00001eb001900",5,"C5"
"Zm00001eb031270",2,"C2"
"Zm00001eb006400",1,"C7"
"Zm00001eb011460",2,"C2"
"Zm00001eb037670",2,"C2"
"Zm00001eb063510",2,"C2"
"Zm00001eb007510",2,"C2"
"Zm00001eb042160",1,"C7"
"Zm00001eb062810",3,"C4"
"Zm00001eb042520",1,"C7"
"Zm00001eb059990",2,"C2"
"Zm00001eb025140",1,"C7"
"Zm00001eb048020",5,"C5"
"Zm00001eb026990",6,"C1"
"Zm00001eb016110",2,"C2"
"Zm00001eb055920",6,"C1"
"Zm00001eb031650",3,"C4"
"Zm00001eb029550",2,"C2"
"Zm00001eb037500",5,"C5"
"Zm00001eb035700",2,"C2"
"Zm00001eb061250",5,"C5"
"Zm00001eb015200",5,"C5"
"Zm00001eb000650",2,"C2"
"Zm00001eb000920",2,"C2"
"Zm00001eb042980",2,"C2"
"Zm00001eb004480",6,"C1"
"Zm00001eb044450",2,"C2"
"Zm00001eb034750",6,"C1"
"Zm00001eb054510",1,"C7"
"Zm00001eb040310",1,"C7"
"Zm00001eb000540",2,"C2"
"Zm00001eb002460",2,"C2"
"Zm00001eb000010",2,"C2"
"Zm00001eb049590",2,"C2"
"Zm00001eb044010",3,"C4"
"Zm00001eb008340",2,"C2"
"Zm00001eb040700",2,"C2"
"Zm00001eb018350",2,"C2"
"Zm00001eb041150",3,"C4"
"Zm00001eb001110",2,"C2"
"Zm00001eb061350",2,"C2"
"Zm00001eb003780",6,"C1"
"Zm00001eb021750",5,"C5"
"Zm00001eb037840",2,"C2"
"Zm00001eb012690",2,"C2"
"Zm00001eb055960",2,"C2"
"Zm00001eb002090",5,"C5"
"Zm00001eb049200",2,"C2"
"Zm00001eb035310",2,"C2"
"Zm00001eb058410",2,"C2"
"Zm00001eb044960",1,"C7"
"Zm00001eb014750",2,"C2"
"Zm00001eb055720",7,"C6"
"Zm00001eb020970",7,"C6"
"Zm00001eb010810",3,"C4"
"Zm00001eb028710",2,"C2"
"Zm00001eb001700",2,"C2"
"Zm00001eb053490",7,"C6"
"Zm00001eb005140",3,"C4"
"Zm00001eb019780",6,"C1"
"Zm00001eb033100",2,"C2"
"Zm00001eb057040",2,"C2"
"Zm00001eb026690",5,"C5"
"Zm00001eb043940",6,"C1"
"Zm00001eb022230",7,"C6"
"Zm00001eb012080",7,"C6"
"Zm00001eb045790",7,"C6"
"Zm00001eb038670",3,"C4"
"Zm00001eb018640",7,"C6"
"Zm00001eb032340",7,"C6"
"Zm00001eb011960",7,"C6"
"Zm00001eb015430",7,"C6"
"Zm00001eb058740",2,"C2"
"Zm00001eb016470",1,"C7"
"Zm00001eb060170",3,"C4"
"Zm00001eb034710",2,"C2"
"Zm00001eb009640",2,"C2"
"Zm00001eb044170",3,"C4"
"Zm00001eb057850",6,"C1"
"Zm00001eb049800",2,"C2"
"Zm00001eb057110",3,"C4"
"Zm00001eb007760",3,"C4"
"Zm00001eb034730",6,"C1"
"Zm00001eb049830",2,"C2"
"Zm00001eb041040",2,"C2"
"Zm00001eb051370",2,"C2"
"Zm00001eb037120",2,"C2"
"Zm00001eb009460",3,"C4"
"Zm00001eb045450",3,"C4"
"Zm00001eb036880",5,"C5"
"Zm00001eb003040",2,"C2"
"Zm00001eb034870",7,"C6"
"Zm00001eb025160",7,"C6"
"Zm00001eb046960",3,"C4"
"Zm00001eb011050",7,"C6"
"Zm00001eb048420",3,"C4"
"Zm00001eb016970",2,"C2"
"Zm00001eb001860",2,"C2"
"Zm00001eb061820",5,"C5"
"Zm00001eb010040",7,"C6"
"Zm00001eb030970",4,"C3"
"Zm00001eb047200",1,"C7"
"Zm00001eb031520",2,"C2"
"Zm00001eb021210",3,"C4"
"Zm00001eb055310",3,"C4"
"Zm00001eb031170",2,"C2"
"Zm00001eb033680",2,"C2"
"Zm00001eb043400",6,"C1"
"Zm00001eb060830",6,"C1"
"Zm00001eb053830",5,"C5"
"Zm00001eb006830",3,"C4"
"Zm00001eb036970",7,"C6"
"Zm00001eb061380",2,"C2"
"Zm00001eb064890",2,"C2"
"Zm00001eb011490",2,"C2"
"Zm00001eb008750",3,"C4"
"Zm00001eb006700",3,"C4"
"Zm00001eb027720",3,"C4"
"Zm00001eb008910",3,"C4"
"Zm00001eb045370",6,"C1"
"Zm00001eb016400",6,"C1"
"Zm00001eb001950",1,"C7"
"Zm00001eb030480",2,"C2"
"Zm00001eb045280",3,"C4"
"Zm00001eb011730",6,"C1"
"Zm00001eb021340",2,"C2"
"Zm00001eb059620",6,"C1"
"Zm00001eb038530",1,"C7"
"Zm00001eb022080",6,"C1"
"Zm00001eb017200",3,"C4"
"Zm00001eb051900",6,"C1"
"Zm00001eb015140",2,"C2"
"Zm00001eb065160",3,"C4"
"Zm00001eb007680",2,"C2"
"Zm00001eb049730",2,"C2"
"Zm00001eb017130",5,"C5"
"Zm00001eb015470",2,"C2"
"Zm00001eb004390",3,"C4"
"Zm00001eb064140",2,"C2"
"Zm00001eb043310",6,"C1"
"Zm00001eb025180",3,"C4"
"Zm00001eb004240",3,"C4"
"Zm00001eb039770",6,"C1"
"Zm00001eb047470",2,"C2"
"Zm00001eb059850",6,"C1"
"Zm00001eb045660",2,"C2"
"Zm00001eb046160",2,"C2"
"Zm00001eb030530",5,"C5"
"Zm00001eb046080",6,"C1"
"Zm00001eb015390",2,"C2"
"Zm00001eb062530",2,"C2"
"Zm00001eb028490",3,"C4"
"Zm00001eb042060",2,"C2"
"Zm00001eb008680",6,"C1"
"Zm00001eb013380",6,"C1"
"Zm00001eb041990",3,"C4"
"Zm00001eb019770",2,"C2"
"Zm00001eb064630",6,"C1"
"Zm00001eb055770",3,"C4"
"Zm00001eb028170",2,"C2"
"Zm00001eb003190",5,"C5"
"Zm00001eb016250",5,"C5"
"Zm00001eb013020",1,"C7"
"Zm00001eb015540",6,"C1"
"Zm00001eb026410",3,"C4"
"Zm00001eb036940",3,"C4"
"Zm00001eb064990",7,"C6"
"Zm00001eb012220",2,"C2"
"Zm00001eb051380",2,"C2"
"Zm00001eb056920",2,"C2"
"Zm00001eb010230",7,"C6"
"Zm00001eb009430",2,"C2"
"Zm00001eb024240",3,"C4"
"Zm00001eb022410",5,"C5"
"Zm00001eb028280",6,"C1"
"Zm00001eb032780",5,"C5"
"Zm00001eb036480",2,"C2"
"Zm00001eb053390",6,"C1"
"Zm00001eb018000",2,"C2"
"Zm00001eb042370",6,"C1"
"Zm00001eb020260",7,"C6"
"Zm00001eb037000",7,"C6"
"Zm00001eb015050",1,"C7"
"Zm00001eb035800",3,"C4"
"Zm00001eb055020",2,"C2"
"Zm00001eb050340",2,"C2"
"Zm00001eb064540",6,"C1"
"Zm00001eb001590",6,"C1"
"Zm00001eb062930",2,"C2"
"Zm00001eb012660",2,"C2"
"Zm00001eb037210",6,"C1"
"Zm00001eb029980",2,"C2"
"Zm00001eb012920",7,"C6"
"Zm00001eb043430",6,"C1"
"Zm00001eb042610",2,"C2"
"Zm00001eb050370",2,"C2"
"Zm00001eb014870",2,"C2"
"Zm00001eb020360",3,"C4"
"Zm00001eb005070",2,"C2"
"Zm00001eb000990",7,"C6"
"Zm00001eb003440",7,"C6"
"Zm00001eb036720",5,"C5"
"Zm00001eb064170",2,"C2"
"Zm00001eb000480",2,"C2"
"Zm00001eb041360",3,"C4"
"Zm00001eb019350",3,"C4"
"Zm00001eb030210",3,"C4"
"Zm00001eb063130",2,"C2"
"Zm00001eb023590",3,"C4"
"Zm00001eb019830",7,"C6"
"Zm00001eb049190",3,"C4"
"Zm00001eb043820",2,"C2"
"Zm00001eb038370",7,"C6"
"Zm00001eb018460",6,"C1"
"Zm00001eb041180",3,"C4"
"Zm00001eb044950",6,"C1"
"Zm00001eb060350",3,"C4"
"Zm00001eb051610",7,"C6"
"Zm00001eb032370",2,"C2"
"Zm00001eb000780",2,"C2"
"Zm00001eb042470",2,"C2"
"Zm00001eb055380",5,"C5"
"Zm00001eb013780",7,"C6"
"Zm00001eb047810",6,"C1"
"Zm00001eb001270",5,"C5"
"Zm00001eb023700",5,"C5"
"Zm00001eb040460",2,"C2"
"Zm00001eb057720",6,"C1"
"Zm00001eb030420",3,"C4"
"Zm00001eb013660",1,"C7"
"Zm00001eb010980",2,"C2"
"Zm00001eb052470",2,"C2"
"Zm00001eb027890",2,"C2"
"Zm00001eb064130",1,"C7"
"Zm00001eb012380",2,"C2"
"Zm00001eb024020",3,"C4"
"Zm00001eb004290",7,"C6"
"Zm00001eb000700",2,"C2"
"Zm00001eb024890",6,"C1"
"Zm00001eb064800",3,"C4"
"Zm00001eb022710",1,"C7"
"Zm00001eb062020",3,"C4"
"Zm00001eb021840",7,"C6"
"Zm00001eb058230",6,"C1"
"Zm00001eb012610",5,"C5"
"Zm00001eb036270",2,"C2"
"Zm00001eb029250",2,"C2"
"Zm00001eb046670",2,"C2"
"Zm00001eb019290",2,"C2"
"Zm00001eb042150",6,"C1"
"Zm00001eb008490",5,"C5"
"Zm00001eb042860",2,"C2"
"Zm00001eb025130",6,"C1"
"Zm00001eb044070",3,"C4"
"Zm00001eb001810",7,"C6"
"Zm00001eb006720",6,"C1"
"Zm00001eb059930",1,"C7"
"Zm00001eb019230",2,"C2"
"Zm00001eb034120",6,"C1"
"Zm00001eb013080",1,"C7"
"Zm00001eb025840",2,"C2"
"Zm00001eb036250",2,"C2"
"Zm00001eb020380",2,"C2"
"Zm00001eb003760",3,"C4"
"Zm00001eb049290",2,"C2"
"Zm00001eb049080",2,"C2"
"Zm00001eb002810",7,"C6"
"Zm00001eb008630",2,"C2"
"Zm00001eb057000",4,"C3"
"Zm00001eb013030",2,"C2"
"Zm00001eb059920",3,"C4"
"Zm00001eb060250",1,"C7"
"Zm00001eb055870",2,"C2"
"Zm00001eb013420",2,"C2"
"Zm00001eb000640",2,"C2"
"Zm00001eb062340",3,"C4"
"Zm00001eb030640",7,"C6"
"Zm00001eb032330",1,"C7"
"Zm00001eb044700",2,"C2"
"Zm00001eb050040",3,"C4"
"Zm00001eb064860",2,"C2"
"Zm00001eb003650",1,"C7"
"Zm00001eb053170",7,"C6"
"Zm00001eb023070",1,"C7"
"Zm00001eb034220",1,"C7"
"Zm00001eb014950",7,"C6"
"Zm00001eb053500",6,"C1"
"Zm00001eb020860",3,"C4"
"Zm00001eb028990",3,"C4"
"Zm00001eb023250",2,"C2"
"Zm00001eb001650",1,"C7"
"Zm00001eb016750",7,"C6"
"Zm00001eb036220",3,"C4"
"Zm00001eb020010",3,"C4"
"Zm00001eb048280",6,"C1"
"Zm00001eb016120",6,"C1"
"Zm00001eb013800",3,"C4"
"Zm00001eb042760",2,"C2"
"Zm00001eb063870",6,"C1"
"Zm00001eb058390",2,"C2"
"Zm00001eb055110",7,"C6"
"Zm00001eb052790",5,"C5"
"Zm00001eb032670",1,"C7"
"Zm00001eb014850",3,"C4"
"Zm00001eb036710",3,"C4"
"Zm00001eb031310",6,"C1"
"Zm00001eb059030",5,"C5"
"Zm00001eb058860",6,"C1"
"Zm00001eb035030",2,"C2"
"Zm00001eb003060",3,"C4"
"Zm00001eb057870",2,"C2"
"Zm00001eb060330",2,"C2"
"Zm00001eb061430",2,"C2"
"Zm00001eb011590",2,"C2"
"Zm00001eb001890",6,"C1"
"Zm00001eb061120",2,"C2"
"Zm00001eb021890",3,"C4"
"Zm00001eb063310",3,"C4"
"Zm00001eb037350",7,"C6"
"Zm00001eb037170",3,"C4"
"Zm00001eb008060",2,"C2"
"Zm00001eb012740",6,"C1"
"Zm00001eb044600",6,"C1"
"Zm00001eb061860",3,"C4"
"Zm00001eb055560",5,"C5"
"Zm00001eb005600",5,"C5"
"Zm00001eb013620",6,"C1"
"Zm00001eb040740",6,"C1"
"Zm00001eb031210",1,"C7"
"Zm00001eb025800",6,"C1"
"Zm00001eb029560",3,"C4"
"Zm00001eb030880",5,"C5"
"Zm00001eb018520",2,"C2"
"Zm00001eb026810",6,"C1"
"Zm00001eb000490",2,"C2"
"Zm00001eb028720",2,"C2"
"Zm00001eb048190",6,"C1"
"Zm00001eb016990",2,"C2"
"Zm00001eb007030",2,"C2"
"Zm00001eb011470",2,"C2"
"Zm00001eb023890",2,"C2"
"Zm00001eb048160",3,"C4"
"Zm00001eb056360",2,"C2"
"Zm00001eb065300",7,"C6"
"Zm00001eb016660",2,"C2"
"Zm00001eb029610",6,"C1"
"Zm00001eb039300",2,"C2"
"Zm00001eb002000",2,"C2"
"Zm00001eb012330",6,"C1"
"Zm00001eb025700",3,"C4"
"Zm00001eb032030",2,"C2"
"Zm00001eb054280",3,"C4"
"Zm00001eb060550",2,"C2"
"Zm00001eb011900",7,"C6"
"Zm00001eb056300",2,"C2"
"Zm00001eb046590",3,"C4"
"Zm00001eb040770",6,"C1"
"Zm00001eb046700",2,"C2"
"Zm00001eb005920",2,"C2"
"Zm00001eb056020",3,"C4"
"Zm00001eb054960",2,"C2"
"Zm00001eb007130",2,"C2"
"Zm00001eb020710",5,"C5"
"Zm00001eb016940",1,"C7"
"Zm00001eb013690",6,"C1"
"Zm00001eb056610",2,"C2"
"Zm00001eb036800",2,"C2"
"Zm00001eb020850",5,"C5"
"Zm00001eb010650",2,"C2"
"Zm00001eb056470",2,"C2"
"Zm00001eb062760",5,"C5"
"Zm00001eb040260",3,"C4"
"Zm00001eb048390",2,"C2"
"Zm00001eb059370",7,"C6"
"Zm00001eb034700",2,"C2"
"Zm00001eb038920",2,"C2"
"Zm00001eb053200",3,"C4"
"Zm00001eb023290",3,"C4"
"Zm00001eb063150",3,"C4"
"Zm00001eb054400",6,"C1"
"Zm00001eb017150",2,"C2"
"Zm00001eb014670",3,"C4"
"Zm00001eb052690",3,"C4"
"Zm00001eb000440",1,"C7"
"Zm00001eb042090",2,"C2"
"Zm00001eb016040",2,"C2"
"Zm00001eb062040",2,"C2"
"Zm00001eb007170",6,"C1"
"Zm00001eb035750",1,"C7"
"Zm00001eb033240",2,"C2"
"Zm00001eb054000",1,"C7"
"Zm00001eb063190",3,"C4"
"Zm00001eb044740",7,"C6"
"Zm00001eb063680",7,"C6"
"Zm00001eb051330",2,"C2"
"Zm00001eb024280",2,"C2"
"Zm00001eb058790",1,"C7"
"Zm00001eb001220",1,"C7"
"Zm00001eb019590",3,"C4"
"Zm00001eb037570",7,"C6"
"Zm00001eb012540",2,"C2"
"Zm00001eb053510",2,"C2"
"Zm00001eb039610",7,"C6"
"Zm00001eb062840",2,"C2"
"Zm00001eb052910",5,"C5"
"Zm00001eb030050",5,"C5"
"Zm00001eb028680",5,"C5"
"Zm00001eb053870",6,"C1"
"Zm00001eb045330",6,"C1"
"Zm00001eb029470",7,"C6"
"Zm00001eb064230",3,"C4"
"Zm00001eb021220",2,"C2"
"Zm00001eb052150",2,"C2"
"Zm00001eb010500",1,"C7"
"Zm00001eb059730",2,"C2"
"Zm00001eb004190",6,"C1"
"Zm00001eb056210",1,"C7"
"Zm00001eb035720",2,"C2"
"Zm00001eb045420",6,"C1"
"Zm00001eb048680",5,"C5"
"Zm00001eb051860",2,"C2"
"Zm00001eb051120",2,"C2"
"Zm00001eb024190",3,"C4"
"Zm00001eb044190",1,"C7"
"Zm00001eb045880",3,"C4"
"Zm00001eb048270",2,"C2"
"Zm00001eb043760",5,"C5"
"Zm00001eb034970",3,"C4"
"Zm00001eb006560",3,"C4"
"Zm00001eb020350",6,"C1"
"Zm00001eb028930",3,"C4"
"Zm00001eb053360",2,"C2"
"Zm00001eb064830",2,"C2"
"Zm00001eb038450",2,"C2"
"Zm00001eb050740",2,"C2"
"Zm00001eb015880",1,"C7"
"Zm00001eb017520",5,"C5"
"Zm00001eb040180",5,"C5"
"Zm00001eb006900",3,"C4"
"Zm00001eb009900",3,"C4"
"Zm00001eb056520",2,"C2"
"Zm00001eb010190",3,"C4"
"Zm00001eb061170",3,"C4"
"Zm00001eb037520",1,"C7"
"Zm00001eb041970",3,"C4"
"Zm00001eb019280",2,"C2"
"Zm00001eb017290",6,"C1"
"Zm00001eb000690",2,"C2"
"Zm00001eb047610",6,"C1"
"Zm00001eb059830",2,"C2"
"Zm00001eb060990",2,"C2"
"Zm00001eb064790",2,"C2"
"Zm00001eb000770",7,"C6"
"Zm00001eb063990",2,"C2"
"Zm00001eb064570",2,"C2"
"Zm00001eb038380",7,"C6"
"Zm00001eb015460",3,"C4"
"Zm00001eb001190",6,"C1"
"Zm00001eb005060",2,"C2"
"Zm00001eb063110",7,"C6"
"Zm00001eb002550",6,"C1"
"Zm00001eb002540",2,"C2"
"Zm00001eb013130",3,"C4"
"Zm00001eb009360",2,"C2"
"Zm00001eb056790",5,"C5"
"Zm00001eb005190",2,"C2"
"Zm00001eb008400",2,"C2"
"Zm00001eb041140",7,"C6"
"Zm00001eb047060",6,"C1"
"Zm00001eb041740",2,"C2"
"Zm00001eb055880",3,"C4"
"Zm00001eb016320",7,"C6"
"Zm00001eb059160",7,"C6"
"Zm00001eb041210",2,"C2"
"Zm00001eb025460",1,"C7"
"Zm00001eb024900",2,"C2"
"Zm00001eb002800",5,"C5"
"Zm00001eb043000",5,"C5"
"Zm00001eb057030",2,"C2"
"Zm00001eb032360",2,"C2"
"Zm00001eb025880",7,"C6"
"Zm00001eb012680",2,"C2"
"Zm00001eb034080",2,"C2"
"Zm00001eb049070",2,"C2"
"Zm00001eb046420",2,"C2"
"Zm00001eb053730",3,"C4"
"Zm00001eb060090",2,"C2"
"Zm00001eb043920",6,"C1"
"Zm00001eb058630",6,"C1"
"Zm00001eb015310",7,"C6"
"Zm00001eb044910",2,"C2"
"Zm00001eb024570",2,"C2"
"Zm00001eb062110",2,"C2"
"Zm00001eb065000",3,"C4"
"Zm00001eb059790",6,"C1"
"Zm00001eb001370",2,"C2"
"Zm00001eb015060",2,"C2"
"Zm00001eb036930",7,"C6"
"Zm00001eb040960",3,"C4"
"Zm00001eb003110",2,"C2"
"Zm00001eb062190",2,"C2"
"Zm00001eb024450",3,"C4"
"Zm00001eb063800",7,"C6"
"Zm00001eb016780",2,"C2"
"Zm00001eb013650",1,"C7"
"Zm00001eb042310",2,"C2"
"Zm00001eb022650",5,"C5"
"Zm00001eb007090",2,"C2"
"Zm00001eb064120",7,"C6"
"Zm00001eb054910",7,"C6"
"Zm00001eb060430",2,"C2"
"Zm00001eb041370",6,"C1"
"Zm00001eb004550",5,"C5"
"Zm00001eb017080",3,"C4"
"Zm00001eb015950",1,"C7"
"Zm00001eb035620",6,"C1"
"Zm00001eb046120",7,"C6"
"Zm00001eb063650",3,"C4"
"Zm00001eb049010",2,"C2"
"Zm00001eb011830",2,"C2"
"Zm00001eb027790",2,"C2"
"Zm00001eb031950",3,"C4"
"Zm00001eb005440",7,"C6"
"Zm00001eb016190",2,"C2"
"Zm00001eb037660",6,"C1"
"Zm00001eb009920",3,"C4"
"Zm00001eb009980",6,"C1"
"Zm00001eb055850",6,"C1"
"Zm00001eb008590",2,"C2"
"Zm00001eb025300",7,"C6"
"Zm00001eb001010",7,"C6"
"Zm00001eb033150",3,"C4"
"Zm00001eb045200",2,"C2"
"Zm00001eb045620",2,"C2"
"Zm00001eb055360",5,"C5"
"Zm00001eb017340",6,"C1"
"Zm00001eb051910",6,"C1"
"Zm00001eb044420",3,"C4"
"Zm00001eb039040",2,"C2"
"Zm00001eb022040",3,"C4"
"Zm00001eb039830",6,"C1"
"Zm00001eb015250",5,"C5"
"Zm00001eb065090",2,"C2"
"Zm00001eb008930",2,"C2"
"Zm00001eb010740",2,"C2"
"Zm00001eb057300",3,"C4"
"Zm00001eb026110",1,"C7"
"Zm00001eb057250",1,"C7"
"Zm00001eb014730",5,"C5"
"Zm00001eb000890",2,"C2"
"Zm00001eb017120",1,"C7"
"Zm00001eb010360",2,"C2"
"Zm00001eb043800",5,"C5"
"Zm00001eb044400",3,"C4"
"Zm00001eb009320",2,"C2"
"Zm00001eb006300",7,"C6"
"Zm00001eb028940",3,"C4"
"Zm00001eb050100",6,"C1"
"Zm00001eb039380",2,"C2"
"Zm00001eb010280",3,"C4"
"Zm00001eb013250",7,"C6"
"Zm00001eb042280",6,"C1"
"Zm00001eb031870",3,"C4"
"Zm00001eb017350",1,"C7"
"Zm00001eb005710",3,"C4"
"Zm00001eb059090",6,"C1"
"Zm00001eb062820",2,"C2"
"Zm00001eb031700",2,"C2"
"Zm00001eb043030",6,"C1"
"Zm00001eb038650",3,"C4"
"Zm00001eb058460",5,"C5"
"Zm00001eb057490",3,"C4"
"Zm00001eb007150",3,"C4"
"Zm00001eb062730",6,"C1"
"Zm00001eb011990",7,"C6"
"Zm00001eb004120",3,"C4"
"Zm00001eb054990",5,"C5"
"Zm00001eb011910",6,"C1"
"Zm00001eb035510",3,"C4"
"Zm00001eb029640",6,"C1"
"Zm00001eb019530",7,"C6"
"Zm00001eb054650",2,"C2"
"Zm00001eb012410",2,"C2"
"Zm00001eb012200",6,"C1"
"Zm00001eb050280",2,"C2"
"Zm00001eb054050",2,"C2"
"Zm00001eb063370",3,"C4"
"Zm00001eb013550",2,"C2"
"Zm00001eb043270",2,"C2"
"Zm00001eb053260",7,"C6"
"Zm00001eb048920",4,"C3"
"Zm00001eb016080",3,"C4"
"Zm00001eb052020",3,"C4"
"Zm00001eb019420",3,"C4"
"Zm00001eb027590",3,"C4"
"Zm00001eb028500",6,"C1"
"Zm00001eb014500",3,"C4"
"Zm00001eb010590",7,"C6"
"Zm00001eb050660",2,"C2"
"Zm00001eb004750",3,"C4"
"Zm00001eb043470",5,"C5"
"Zm00001eb035390",7,"C6"
"Zm00001eb047570",6,"C1"
"Zm00001eb031500",2,"C2"
"Zm00001eb047240",2,"C2"
"Zm00001eb030950",3,"C4"
"Zm00001eb009370",6,"C1"
"Zm00001eb031400",6,"C1"
"Zm00001eb060380",6,"C1"
"Zm00001eb061610",6,"C1"
"Zm00001eb001570",2,"C2"
"Zm00001eb055980",6,"C1"
"Zm00001eb003330",3,"C4"
"Zm00001eb007800",7,"C6"
"Zm00001eb050290",2,"C2"
"Zm00001eb044790",3,"C4"
"Zm00001eb031970",2,"C2"
"Zm00001eb055640",2,"C2"
"Zm00001eb065510",2,"C2"
"Zm00001eb054880",3,"C4"
"Zm00001eb004490",7,"C6"
"Zm00001eb010550",3,"C4"
"Zm00001eb054480",7,"C6"
"Zm00001eb045910",7,"C6"
"Zm00001eb042120",6,"C1"
"Zm00001eb020130",2,"C2"
"Zm00001eb039310",4,"C3"
"Zm00001eb055010",3,"C4"
"Zm00001eb031220",2,"C2"
"Zm00001eb018690",7,"C6"
"Zm00001eb057860",1,"C7"
"Zm00001eb011800",2,"C2"
"Zm00001eb028360",3,"C4"
"Zm00001eb007700",6,"C1"
"Zm00001eb015920",2,"C2"
"Zm00001eb058490",2,"C2"
"Zm00001eb023830",7,"C6"
"Zm00001eb019320",2,"C2"
"Zm00001eb014490",7,"C6"
"Zm00001eb041700",1,"C7"
"Zm00001eb017310",2,"C2"
"Zm00001eb032380",7,"C6"
"Zm00001eb064090",6,"C1"
"Zm00001eb015030",6,"C1"
"Zm00001eb033790",7,"C6"
"Zm00001eb051500",3,"C4"
"Zm00001eb049170",2,"C2"
"Zm00001eb004050",3,"C4"
"Zm00001eb033000",5,"C5"
"Zm00001eb008520",2,"C2"
"Zm00001eb028290",6,"C1"
"Zm00001eb008360",2,"C2"
"Zm00001eb027810",3,"C4"
"Zm00001eb021400",2,"C2"
"Zm00001eb062790",3,"C4"
"Zm00001eb015700",2,"C2"
"Zm00001eb031810",2,"C2"
"Zm00001eb063100",3,"C4"
"Zm00001eb044470",3,"C4"
"Zm00001eb057430",3,"C4"
"Zm00001eb057060",7,"C6"
"Zm00001eb050230",2,"C2"
"Zm00001eb000570",2,"C2"
"Zm00001eb064780",6,"C1"
"Zm00001eb035350",2,"C2"
"Zm00001eb055620",6,"C1"
"Zm00001eb018320",3,"C4"
"Zm00001eb033570",6,"C1"
"Zm00001eb000420",2,"C2"
"Zm00001eb042490",2,"C2"
"Zm00001eb050110",2,"C2"
"Zm00001eb010320",7,"C6"
"Zm00001eb053160",4,"C3"
"Zm00001eb012670",2,"C2"
"Zm00001eb002100",5,"C5"
"Zm00001eb048600",2,"C2"
"Zm00001eb025340",6,"C1"
"Zm00001eb041850",2,"C2"
"Zm00001eb018860",2,"C2"
"Zm00001eb032920",6,"C1"
"Zm00001eb042300",2,"C2"
"Zm00001eb000230",3,"C4"
"Zm00001eb039010",1,"C7"
"Zm00001eb060900",3,"C4"
"Zm00001eb041170",7,"C6"
"Zm00001eb007900",2,"C2"
"Zm00001eb057530",2,"C2"
"Zm00001eb037200",7,"C6"
"Zm00001eb061370",3,"C4"
"Zm00001eb010610",7,"C6"
"Zm00001eb022400",3,"C4"
"Zm00001eb044980",2,"C2"
"Zm00001eb046750",2,"C2"
"Zm00001eb056450",5,"C5"
"Zm00001eb063880",6,"C1"
"Zm00001eb026180",3,"C4"
"Zm00001eb006080",6,"C1"
"Zm00001eb020870",5,"C5"
"Zm00001eb016670",2,"C2"
"Zm00001eb015550",2,"C2"
"Zm00001eb037330",2,"C2"
"Zm00001eb024290",2,"C2"
"Zm00001eb052680",2,"C2"
"Zm00001eb018980",7,"C6"
"Zm00001eb030890",3,"C4"
"Zm00001eb017140",5,"C5"
"Zm00001eb016440",2,"C2"
"Zm00001eb010910",6,"C1"
"Zm00001eb035040",6,"C1"
"Zm00001eb017210",2,"C2"
"Zm00001eb012770",3,"C4"
"Zm00001eb058330",7,"C6"
"Zm00001eb038600",6,"C1"
"Zm00001eb042340",2,"C2"
"Zm00001eb050060",2,"C2"
"Zm00001eb052640",1,"C7"
"Zm00001eb021030",2,"C2"
"Zm00001eb044350",3,"C4"
"Zm00001eb028570",2,"C2"
"Zm00001eb034940",2,"C2"
"Zm00001eb046910",3,"C4"
"Zm00001eb059230",5,"C5"
"Zm00001eb061940",3,"C4"
"Zm00001eb027830",7,"C6"
"Zm00001eb033230",6,"C1"
"Zm00001eb050480",2,"C2"
"Zm00001eb005330",1,"C7"
"Zm00001eb039840",6,"C1"
"Zm00001eb043960",7,"C6"
"Zm00001eb012440",5,"C5"
"Zm00001eb026710",1,"C7"
"Zm00001eb020460",6,"C1"
"Zm00001eb057100",3,"C4"
"Zm00001eb017280",3,"C4"
"Zm00001eb042710",7,"C6"
"Zm00001eb041480",7,"C6"
"Zm00001eb000620",6,"C1"
"Zm00001eb051040",1,"C7"
"Zm00001eb024850",3,"C4"
"Zm00001eb059360",2,"C2"
"Zm00001eb010560",5,"C5"
"Zm00001eb007600",2,"C2"
"Zm00001eb040360",6,"C1"
"Zm00001eb012580",7,"C6"
"Zm00001eb048540",6,"C1"
"Zm00001eb042270",7,"C6"
"Zm00001eb022660",7,"C6"
"Zm00001eb057280",3,"C4"
"Zm00001eb061800",3,"C4"
"Zm00001eb029690",3,"C4"
"Zm00001eb046310",6,"C1"
"Zm00001eb008440",5,"C5"
"Zm00001eb064410",3,"C4"
"Zm00001eb054260",7,"C6"
"Zm00001eb039810",4,"C3"
"Zm00001eb049120",3,"C4"
"Zm00001eb017640",3,"C4"
"Zm00001eb014960",2,"C2"
"Zm00001eb036950",2,"C2"
"Zm00001eb049960",7,"C6"
"Zm00001eb012340",2,"C2"
"Zm00001eb055820",2,"C2"
"Zm00001eb003170",1,"C7"
"Zm00001eb042750",6,"C1"
"Zm00001eb027150",6,"C1"
"Zm00001eb007440",6,"C1"
"Zm00001eb059840",6,"C1"
"Zm00001eb050990",6,"C1"
"Zm00001eb020180",6,"C1"
"Zm00001eb053420",2,"C2"
"Zm00001eb010130",2,"C2"
"Zm00001eb015150",6,"C1"
"Zm00001eb015770",6,"C1"
"Zm00001eb012860",5,"C5"
"Zm00001eb009310",3,"C4"
"Zm00001eb038010",3,"C4"
"Zm00001eb053190",2,"C2"
"Zm00001eb010460",2,"C2"
"Zm00001eb003420",2,"C2"
"Zm00001eb048310",5,"C5"
"Zm00001eb029580",2,"C2"
"Zm00001eb011000",2,"C2"
"Zm00001eb043750",2,"C2"
"Zm00001eb011820",7,"C6"
"Zm00001eb053740",6,"C1"
"Zm00001eb032990",7,"C6"
"Zm00001eb023450",7,"C6"
"Zm00001eb003930",6,"C1"
"Zm00001eb027670",2,"C2"
"Zm00001eb013510",2,"C2"
"Zm00001eb061730",1,"C7"
"Zm00001eb045520",2,"C2"
"Zm00001eb003360",7,"C6"
"Zm00001eb053470",3,"C4"
"Zm00001eb054500",3,"C4"
"Zm00001eb059980",2,"C2"
"Zm00001eb062800",3,"C4"
"Zm00001eb053670",3,"C4"
"Zm00001eb035130",6,"C1"
"Zm00001eb005430",7,"C6"
"Zm00001eb041890",4,"C3"
"Zm00001eb012900",6,"C1"
"Zm00001eb016240",5,"C5"
"Zm00001eb042640",6,"C1"
"Zm00001eb014890",1,"C7"
"Zm00001eb003750",2,"C2"
"Zm00001eb036780",6,"C1"
"Zm00001eb052550",3,"C4"
"Zm00001eb056190",4,"C3"
"Zm00001eb023100",2,"C2"
"Zm00001eb061060",2,"C2"
"Zm00001eb038190",7,"C6"
"Zm00001eb054840",2,"C2"
"Zm00001eb015620",2,"C2"
"Zm00001eb030090",2,"C2"
"Zm00001eb019140",2,"C2"
"Zm00001eb032110",7,"C6"
"Zm00001eb065420",6,"C1"
"Zm00001eb040970",3,"C4"
"Zm00001eb058140",2,"C2"
"Zm00001eb047830",2,"C2"
"Zm00001eb058980",3,"C4"
"Zm00001eb042450",2,"C2"
"Zm00001eb051830",6,"C1"
"Zm00001eb013230",2,"C2"
"Zm00001eb007240",2,"C2"
"Zm00001eb022720",3,"C4"
"Zm00001eb011040",7,"C6"
"Zm00001eb012010",3,"C4"
"Zm00001eb009490",5,"C5"
"Zm00001eb054410",2,"C2"
"Zm00001eb015890",5,"C5"
"Zm00001eb053410",6,"C1"
"Zm00001eb006620",2,"C2"
"Zm00001eb022280",2,"C2"
"Zm00001eb014790",6,"C1"
"Zm00001eb004940",2,"C2"
"Zm00001eb033410",2,"C2"
"Zm00001eb046450",6,"C1"
"Zm00001eb019850",3,"C4"
"Zm00001eb012310",7,"C6"
"Zm00001eb051990",3,"C4"
"Zm00001eb044970",7,"C6"
"Zm00001eb056580",2,"C2"
"Zm00001eb016600",2,"C2"
"Zm00001eb045350",5,"C5"
"Zm00001eb057400",7,"C6"
"Zm00001eb046690",2,"C2"
"Zm00001eb025070",3,"C4"
"Zm00001eb000680",3,"C4"
"Zm00001eb015730",5,"C5"
"Zm00001eb060520",7,"C6"
"Zm00001eb034990",3,"C4"
"Zm00001eb019730",2,"C2"
"Zm00001eb012590",5,"C5"
"Zm00001eb038110",1,"C7"
"Zm00001eb033820",2,"C2"
"Zm00001eb054370",5,"C5"
"Zm00001eb005960",3,"C4"
"Zm00001eb030410",3,"C4"
"Zm00001eb034010",3,"C4"
"Zm00001eb032200",2,"C2"
"Zm00001eb024460",1,"C7"
"Zm00001eb021710",3,"C4"
"Zm00001eb053960",2,"C2"
"Zm00001eb052740",6,"C1"
"Zm00001eb043100",1,"C7"
"Zm00001eb007320",5,"C5"
"Zm00001eb028030",6,"C1"
"Zm00001eb005810",2,"C2"
"Zm00001eb049890",2,"C2"
"Zm00001eb065360",6,"C1"
"Zm00001eb036900",2,"C2"
"Zm00001eb062160",6,"C1"
"Zm00001eb041400",7,"C6"
"Zm00001eb029330",2,"C2"
"Zm00001eb028330",2,"C2"
"Zm00001eb046980",6,"C1"
"Zm00001eb041130",2,"C2"
"Zm00001eb051080",2,"C2"
"Zm00001eb006470",5,"C5"
"Zm00001eb038890",4,"C3"
"Zm00001eb001530",2,"C2"
"Zm00001eb015320",1,"C7"
"Zm00001eb060200",2,"C2"
"Zm00001eb054010",2,"C2"
"Zm00001eb048820",5,"C5"
"Zm00001eb012530",2,"C2"
"Zm00001eb007180",3,"C4"
"Zm00001eb009140",3,"C4"
"Zm00001eb057320",2,"C2"
"Zm00001eb055170",3,"C4"
"Zm00001eb064300",7,"C6"
"Zm00001eb031990",2,"C2"
"Zm00001eb055490",7,"C6"
"Zm00001eb051870",2,"C2"
"Zm00001eb053840",2,"C2"
"Zm00001eb054660",6,"C1"
"Zm00001eb004710",2,"C2"
"Zm00001eb033700",2,"C2"
"Zm00001eb008890",2,"C2"
"Zm00001eb013590",3,"C4"
"Zm00001eb016180",7,"C6"
"Zm00001eb031290",2,"C2"
"Zm00001eb021260",3,"C4"
"Zm00001eb004400",6,"C1"
"Zm00001eb030510",2,"C2"
"Zm00001eb009960",2,"C2"
"Zm00001eb030770",3,"C4"
"Zm00001eb055460",3,"C4"
"Zm00001eb056940",2,"C2"
"Zm00001eb053350",3,"C4"
"Zm00001eb034850",3,"C4"
"Zm00001eb036570",2,"C2"
"Zm00001eb058220",6,"C1"
"Zm00001eb022980",1,"C7"
"Zm00001eb026350",2,"C2"
"Zm00001eb017770",2,"C2"
"Zm00001eb054150",2,"C2"
"Zm00001eb024700",1,"C7"
"Zm00001eb012780",6,"C1"
"Zm00001eb050400",2,"C2"
"Zm00001eb043380",2,"C2"
"Zm00001eb028780",2,"C2"
"Zm00001eb023910",6,"C1"
"Zm00001eb056510",5,"C5"
"Zm00001eb053460",6,"C1"
"Zm00001eb015940",2,"C2"
"Zm00001eb053790",3,"C4"
"Zm00001eb039820",5,"C5"
"Zm00001eb064310",2,"C2"
"Zm00001eb045240",5,"C5"
"Zm00001eb037820",3,"C4"
"Zm00001eb017230",2,"C2"
"Zm00001eb011310",6,"C1"
"Zm00001eb009580",2,"C2"
"Zm00001eb022130",2,"C2"
"Zm00001eb008470",3,"C4"
"Zm00001eb009770",6,"C1"
"Zm00001eb011160",2,"C2"
"Zm00001eb018410",2,"C2"
"Zm00001eb017560",1,"C7"
"Zm00001eb047110",3,"C4"
"Zm00001eb011430",5,"C5"
"Zm00001eb010410",2,"C2"
"Zm00001eb033060",3,"C4"
"Zm00001eb047140",2,"C2"
"Zm00001eb020280",2,"C2"
"Zm00001eb039420",2,"C2"
"Zm00001eb045680",3,"C4"
"Zm00001eb052510",3,"C4"
"Zm00001eb023170",3,"C4"
"Zm00001eb000850",1,"C7"
"Zm00001eb051950",7,"C6"
"Zm00001eb032600",1,"C7"
"Zm00001eb002690",7,"C6"
"Zm00001eb057360",6,"C1"
"Zm00001eb008700",2,"C2"
"Zm00001eb012000",2,"C2"
"Zm00001eb015760",6,"C1"
"Zm00001eb011920",2,"C2"
"Zm00001eb028740",3,"C4"
"Zm00001eb025040",3,"C4"
"Zm00001eb063390",3,"C4"
"Zm00001eb005630",3,"C4"
"Zm00001eb056330",1,"C7"
"Zm00001eb057290",6,"C1"
"Zm00001eb046740",7,"C6"
"Zm00001eb018430",5,"C5"
"Zm00001eb026030",2,"C2"
"Zm00001eb047010",3,"C4"
"Zm00001eb064020",6,"C1"
"Zm00001eb057930",7,"C6"
"Zm00001eb004760",6,"C1"
"Zm00001eb026840",7,"C6"
"Zm00001eb002870",6,"C1"
"Zm00001eb000080",2,"C2"
"Zm00001eb002490",6,"C1"
"Zm00001eb045640",5,"C5"
"Zm00001eb063730",6,"C1"
"Zm00001eb027760",6,"C1"
"Zm00001eb016570",3,"C4"
"Zm00001eb049940",6,"C1"
"Zm00001eb054380",3,"C4"
"Zm00001eb005370",7,"C6"
"Zm00001eb062230",5,"C5"
"Zm00001eb047780",1,"C7"
"Zm00001eb025560",3,"C4"
"Zm00001eb009060",2,"C2"
"Zm00001eb038310",6,"C1"
"Zm00001eb042400",5,"C5"
"Zm00001eb051580",1,"C7"
"Zm00001eb048480",3,"C4"
"Zm00001eb020780",2,"C2"
"Zm00001eb021170",2,"C2"
"Zm00001eb053750",3,"C4"
"Zm00001eb052260",2,"C2"
"Zm00001eb056080",7,"C6"
"Zm00001eb000800",2,"C2"
"Zm00001eb032290",7,"C6"
"Zm00001eb055750",3,"C4"
"Zm00001eb029220",5,"C5"
"Zm00001eb048850",6,"C1"
"Zm00001eb028550",3,"C4"
"Zm00001eb062770",1,"C7"
"Zm00001eb010060",3,"C4"
"Zm00001eb033960",2,"C2"
"Zm00001eb037190",2,"C2"
"Zm00001eb010680",6,"C1"
"Zm00001eb064970",6,"C1"
"Zm00001eb026540",5,"C5"
"Zm00001eb039590",6,"C1"
"Zm00001eb033220",2,"C2"
"Zm00001eb032230",7,"C6"
"Zm00001eb009550",7,"C6"
"Zm00001eb013830",2,"C2"
"Zm00001eb032060",2,"C2"
"Zm00001eb003810",3,"C4"
"Zm00001eb055800",3,"C4"
"Zm00001eb039400",6,"C1"
"Zm00001eb052940",3,"C4"
"Zm00001eb065390",7,"C6"
"Zm00001eb065080",2,"C2"
"Zm00001eb006940",2,"C2"
"Zm00001eb011480",2,"C2"
"Zm00001eb020680",3,"C4"
"Zm00001eb015860",2,"C2"
"Zm00001eb039440",3,"C4"
"Zm00001eb054290",3,"C4"
"Zm00001eb035450",7,"C6"
"Zm00001eb012430",3,"C4"
"Zm00001eb032930",7,"C6"
"Zm00001eb056950",2,"C2"
"Zm00001eb043970",2,"C2"
"Zm00001eb036580",5,"C5"
"Zm00001eb051360",2,"C2"
"Zm00001eb051410",2,"C2"
"Zm00001eb004320",2,"C2"
"Zm00001eb025150",3,"C4"
"Zm00001eb020830",2,"C2"
"Zm00001eb031680",2,"C2"
"Zm00001eb001490",2,"C2"
"Zm00001eb061260",6,"C1"
"Zm00001eb033160",1,"C7"
"Zm00001eb037450",3,"C4"
"Zm00001eb045870",2,"C2"
"Zm00001eb029990",3,"C4"
"Zm00001eb061460",3,"C4"
"Zm00001eb021920",3,"C4"
"Zm00001eb059720",2,"C2"
"Zm00001eb043780",3,"C4"
"Zm00001eb004170",6,"C1"
"Zm00001eb012270",7,"C6"
"Zm00001eb056480",2,"C2"
"Zm00001eb037030",6,"C1"
"Zm00001eb063500",7,"C6"
"Zm00001eb031300",2,"C2"
"Zm00001eb063710",7,"C6"
"Zm00001eb000520",2,"C2"
"Zm00001eb064590",7,"C6"
"Zm00001eb057050",6,"C1"
"Zm00001eb058300",2,"C2"
"Zm00001eb039760",3,"C4"
"Zm00001eb057500",7,"C6"
"Zm00001eb008650",2,"C2"
"Zm00001eb042900",6,"C1"
"Zm00001eb053340",3,"C4"
"Zm00001eb060730",2,"C2"
"Zm00001eb023880",6,"C1"
"Zm00001eb003490",2,"C2"
"Zm00001eb001680",5,"C5"
"Zm00001eb064840",1,"C7"
"Zm00001eb051470",3,"C4"
"Zm00001eb043650",5,"C5"
"Zm00001eb014780",3,"C4"
"Zm00001eb039620",5,"C5"
"Zm00001eb002420",5,"C5"
"Zm00001eb054140",7,"C6"
"Zm00001eb056240",1,"C7"
"Zm00001eb000860",2,"C2"
"Zm00001eb042040",3,"C4"
"Zm00001eb006480",2,"C2"
"Zm00001eb000670",6,"C1"
"Zm00001eb003550",2,"C2"
"Zm00001eb010400",6,"C1"
"Zm00001eb014740",6,"C1"
"Zm00001eb053850",2,"C2"
"Zm00001eb015440",7,"C6"
"Zm00001eb054520",2,"C2"
"Zm00001eb055700",6,"C1"
"Zm00001eb063600",2,"C2"
"Zm00001eb036130",2,"C2"
"Zm00001eb002570",7,"C6"
"Zm00001eb064350",5,"C5"
"Zm00001eb038430",6,"C1"
"Zm00001eb018490",2,"C2"
"Zm00001eb005690",2,"C2"
"Zm00001eb026680",5,"C5"
"Zm00001eb001780",3,"C4"
"Zm00001eb021760",2,"C2"
"Zm00001eb041160",2,"C2"
"Zm00001eb059650",2,"C2"
"Zm00001eb058320",2,"C2"
"Zm00001eb027100",6,"C1"
"Zm00001eb040380",3,"C4"
"Zm00001eb022240",7,"C6"
"Zm00001eb010820",2,"C2"
"Zm00001eb011620",6,"C1"
"Zm00001eb048800",6,"C1"
"Zm00001eb041230",6,"C1"
"Zm00001eb011220",2,"C2"
"Zm00001eb064000",2,"C2"
"Zm00001eb012720",2,"C2"
"Zm00001eb016720",6,"C1"
"Zm00001eb024680",2,"C2"
"Zm00001eb002220",5,"C5"
"Zm00001eb017690",3,"C4"
"Zm00001eb045890",2,"C2"
"Zm00001eb017060",3,"C4"
"Zm00001eb001980",3,"C4"
"Zm00001eb015970",3,"C4"
"Zm00001eb062360",3,"C4"
"Zm00001eb027750",2,"C2"
"Zm00001eb009120",2,"C2"
"Zm00001eb031600",2,"C2"
"Zm00001eb021320",6,"C1"
"Zm00001eb056540",2,"C2"
"Zm00001eb011860",3,"C4"
"Zm00001eb045390",6,"C1"
"Zm00001eb039720",2,"C2"
"Zm00001eb024930",2,"C2"
"Zm00001eb032550",2,"C2"
"Zm00001eb047020",6,"C1"
"Zm00001eb063890",6,"C1"
"Zm00001eb023110",7,"C6"
"Zm00001eb062130",5,"C5"
"Zm00001eb033040",3,"C4"
"Zm00001eb051340",6,"C1"
"Zm00001eb048210",2,"C2"
"Zm00001eb012300",6,"C1"
"Zm00001eb036440",7,"C6"
"Zm00001eb045560",3,"C4"
"Zm00001eb057580",7,"C6"
"Zm00001eb062940",6,"C1"
"Zm00001eb003880",6,"C1"
"Zm00001eb049770",1,"C7"
"Zm00001eb002450",2,"C2"
"Zm00001eb049840",6,"C1"
"Zm00001eb053580",6,"C1"
"Zm00001eb000910",3,"C4"
"Zm00001eb030450",3,"C4"
"Zm00001eb000320",7,"C6"
"Zm00001eb005400",2,"C2"
"Zm00001eb004410",2,"C2"
"Zm00001eb023500",3,"C4"
"Zm00001eb002170",2,"C2"
"Zm00001eb017320",7,"C6"
"Zm00001eb058600",6,"C1"
"Zm00001eb009660",5,"C5"
"Zm00001eb018380",5,"C5"
"Zm00001eb015090",2,"C2"
"Zm00001eb065320",6,"C1"
"Zm00001eb020800",7,"C6"
"Zm00001eb014250",3,"C4"
"Zm00001eb020790",7,"C6"
"Zm00001eb001040",6,"C1"
"Zm00001eb024870",6,"C1"
"Zm00001eb009870",3,"C4"
"Zm00001eb025410",7,"C6"
"Zm00001eb036040",3,"C4"
"Zm00001eb013710",2,"C2"
"Zm00001eb024360",7,"C6"
"Zm00001eb060130",7,"C6"
"Zm00001eb000870",2,"C2"
"Zm00001eb022670",3,"C4"
"Zm00001eb041880",6,"C1"
"Zm00001eb028250",6,"C1"
"Zm00001eb010240",2,"C2"
"Zm00001eb044040",2,"C2"
"Zm00001eb056050",2,"C2"
"Zm00001eb044260",7,"C6"
"Zm00001eb057230",3,"C4"
"Zm00001eb050840",2,"C2"
"Zm00001eb061320",6,"C1"
"Zm00001eb051450",4,"C3"
"Zm00001eb064940",5,"C5"
"Zm00001eb042850",2,"C2"
"Zm00001eb025760",3,"C4"
"Zm00001eb015270",2,"C2"
"Zm00001eb049580",6,"C1"
"Zm00001eb043850",3,"C4"
"Zm00001eb025390",2,"C2"
"Zm00001eb056720",2,"C2"
"Zm00001eb040510",6,"C1"
"Zm00001eb050120",3,"C4"
"Zm00001eb001870",2,"C2"
"Zm00001eb061450",3,"C4"
"Zm00001eb053220",7,"C6"
"Zm00001eb045760",6,"C1"
"Zm00001eb040280",3,"C4"
"Zm00001eb013340",6,"C1"
"Zm00001eb062390",3,"C4"
"Zm00001eb044440",2,"C2"
"Zm00001eb030760",3,"C4"
"Zm00001eb003570",3,"C4"
"Zm00001eb043610",2,"C2"
"Zm00001eb048670",1,"C7"
"Zm00001eb012390",3,"C4"
"Zm00001eb013760",2,"C2"
"Zm00001eb054670",3,"C4"
"Zm00001eb002070",3,"C4"
"Zm00001eb036890",6,"C1"
"Zm00001eb046010",2,"C2"
"Zm00001eb044200",3,"C4"
"Zm00001eb041410",3,"C4"
"Zm00001eb021940",6,"C1"
"Zm00001eb059960",6,"C1"
"Zm00001eb045670",1,"C7"
"Zm00001eb013990",1,"C7"
"Zm00001eb026090",3,"C4"
"Zm00001eb026400",2,"C2"
"Zm00001eb050680",2,"C2"
"Zm00001eb003000",6,"C1"
"Zm00001eb030780",4,"C3"
"Zm00001eb034040",6,"C1"
"Zm00001eb053050",2,"C2"
"Zm00001eb015790",1,"C7"
"Zm00001eb057470",7,"C6"
"Zm00001eb035420",2,"C2"
"Zm00001eb033870",1,"C7"
"Zm00001eb005550",5,"C5"
"Zm00001eb053810",2,"C2"
"Zm00001eb061190",7,"C6"
"Zm00001eb058010",3,"C4"
"Zm00001eb064880",4,"C3"
"Zm00001eb059180",3,"C4"
"Zm00001eb006610",2,"C2"
"Zm00001eb010110",5,"C5"
"Zm00001eb058480",2,"C2"
"Zm00001eb024260",2,"C2"
"Zm00001eb031150",7,"C6"
"Zm00001eb016100",3,"C4"
"Zm00001eb033760",6,"C1"
"Zm00001eb064770",6,"C1"
"Zm00001eb041190",2,"C2"
"Zm00001eb028220",6,"C1"
"Zm00001eb018630",2,"C2"
"Zm00001eb064810",2,"C2"
"Zm00001eb063270",2,"C2"
"Zm00001eb005130",2,"C2"
"Zm00001eb004250",2,"C2"
"Zm00001eb043440",1,"C7"
"Zm00001eb022250",2,"C2"
"Zm00001eb027200",6,"C1"
"Zm00001eb044640",6,"C1"
"Zm00001eb050010",2,"C2"
"Zm00001eb062330",2,"C2"
"Zm00001eb042460",3,"C4"
"Zm00001eb058870",2,"C2"
"Zm00001eb007690",6,"C1"
"Zm00001eb059700",3,"C4"
"Zm00001eb057710",2,"C2"
"Zm00001eb061560",7,"C6"
"Zm00001eb047460",2,"C2"
"Zm00001eb018300",2,"C2"
"Zm00001eb047920",6,"C1"
"Zm00001eb033580",7,"C6"
"Zm00001eb023230",2,"C2"
"Zm00001eb044160",3,"C4"
"Zm00001eb002270",1,"C7"
"Zm00001eb057410",6,"C1"
"Zm00001eb025500",2,"C2"
"Zm00001eb052300",5,"C5"
"Zm00001eb025080",2,"C2"
"Zm00001eb014210",6,"C1"
"Zm00001eb012870",2,"C2"
"Zm00001eb003850",2,"C2"
"Zm00001eb065140",3,"C4"
"Zm00001eb008380",6,"C1"
"Zm00001eb019240",7,"C6"
"Zm00001eb061520",5,"C5"
"Zm00001eb019800",2,"C2"
"Zm00001eb013110",6,"C1"
"Zm00001eb046370",2,"C2"
"Zm00001eb034130",6,"C1"
"Zm00001eb029680",6,"C1"
"Zm00001eb007570",2,"C2"
"Zm00001eb060680",6,"C1"
"Zm00001eb026940",2,"C2"
"Zm00001eb062070",2,"C2"
"Zm00001eb034760",7,"C6"
"Zm00001eb047840",3,"C4"
"Zm00001eb007060",5,"C5"
"Zm00001eb041050",3,"C4"
"Zm00001eb051280",2,"C2"
"Zm00001eb048720",2,"C2"
"Zm00001eb043220",6,"C1"
"Zm00001eb039710",6,"C1"
"Zm00001eb024180",5,"C5"
"Zm00001eb048150",1,"C7"
"Zm00001eb048290",2,"C2"
"Zm00001eb028440",2,"C2"
"Zm00001eb064620",7,"C6"
"Zm00001eb045530",2,"C2"
"Zm00001eb045930",6,"C1"
"Zm00001eb004790",3,"C4"
"Zm00001eb060810",2,"C2"
"Zm00001eb009100",6,"C1"
"Zm00001eb018990",6,"C1"
"Zm00001eb064680",6,"C1"
"Zm00001eb002430",6,"C1"
"Zm00001eb012360",6,"C1"
"Zm00001eb061290",2,"C2"
"Zm00001eb063820",3,"C4"
"Zm00001eb057310",6,"C1"
"Zm00001eb015040",3,"C4"
"Zm00001eb012650",3,"C4"
"Zm00001eb041450",2,"C2"
"Zm00001eb006390",2,"C2"
"Zm00001eb058150",2,"C2"
"Zm00001eb009510",2,"C2"
"Zm00001eb016960",2,"C2"
"Zm00001eb043680",2,"C2"
"Zm00001eb064870",3,"C4"
"Zm00001eb001940",3,"C4"
"Zm00001eb038580",2,"C2"
"Zm00001eb054790",3,"C4"
"Zm00001eb006690",5,"C5"
"Zm00001eb060410",5,"C5"
"Zm00001eb019340",3,"C4"
"Zm00001eb004590",6,"C1"
"Zm00001eb005420",3,"C4"
"Zm00001eb020120",7,"C6"
"Zm00001eb010990",2,"C2"
"Zm00001eb056130",2,"C2"
"Zm00001eb021390",2,"C2"
"Zm00001eb016000",2,"C2"
"Zm00001eb055970",2,"C2"
"Zm00001eb189060",3,"C4"
"Zm00001eb205610",2,"C2"
"Zm00001eb169380",2,"C2"
"Zm00001eb177270",2,"C2"
"Zm00001eb177190",2,"C2"
"Zm00001eb192640",5,"C5"
"Zm00001eb203320",2,"C2"
"Zm00001eb181260",7,"C6"
"Zm00001eb187660",7,"C6"
"Zm00001eb192910",1,"C7"
"Zm00001eb184050",6,"C1"
"Zm00001eb190880",2,"C2"
"Zm00001eb169670",6,"C1"
"Zm00001eb202940",6,"C1"
"Zm00001eb194620",3,"C4"
"Zm00001eb209850",6,"C1"
"Zm00001eb194410",1,"C7"
"Zm00001eb175200",2,"C2"
"Zm00001eb197860",3,"C4"
"Zm00001eb173240",6,"C1"
"Zm00001eb203470",7,"C6"
"Zm00001eb172590",2,"C2"
"Zm00001eb168740",5,"C5"
"Zm00001eb176110",1,"C7"
"Zm00001eb195070",1,"C7"
"Zm00001eb205790",6,"C1"
"Zm00001eb174060",6,"C1"
"Zm00001eb206850",3,"C4"
"Zm00001eb209210",2,"C2"
"Zm00001eb176950",2,"C2"
"Zm00001eb168120",6,"C1"
"Zm00001eb172780",6,"C1"
"Zm00001eb195290",7,"C6"
"Zm00001eb171010",5,"C5"
"Zm00001eb176750",2,"C2"
"Zm00001eb198640",7,"C6"
"Zm00001eb184870",2,"C2"
"Zm00001eb206480",2,"C2"
"Zm00001eb200400",2,"C2"
"Zm00001eb202090",6,"C1"
"Zm00001eb174480",5,"C5"
"Zm00001eb172920",5,"C5"
"Zm00001eb208110",6,"C1"
"Zm00001eb203090",2,"C2"
"Zm00001eb178190",1,"C7"
"Zm00001eb170140",5,"C5"
"Zm00001eb193120",2,"C2"
"Zm00001eb209620",3,"C4"
"Zm00001eb209260",3,"C4"
"Zm00001eb178250",6,"C1"
"Zm00001eb177530",2,"C2"
"Zm00001eb207370",7,"C6"
"Zm00001eb177980",2,"C2"
"Zm00001eb169290",3,"C4"
"Zm00001eb175850",3,"C4"
"Zm00001eb173510",1,"C7"
"Zm00001eb175100",2,"C2"
"Zm00001eb165320",2,"C2"
"Zm00001eb195230",1,"C7"
"Zm00001eb168670",2,"C2"
"Zm00001eb200810",6,"C1"
"Zm00001eb167780",2,"C2"
"Zm00001eb195180",5,"C5"
"Zm00001eb186770",2,"C2"
"Zm00001eb195390",2,"C2"
"Zm00001eb196350",6,"C1"
"Zm00001eb192630",2,"C2"
"Zm00001eb183430",2,"C2"
"Zm00001eb170240",3,"C4"
"Zm00001eb184930",2,"C2"
"Zm00001eb188120",1,"C7"
"Zm00001eb180680",2,"C2"
"Zm00001eb185640",2,"C2"
"Zm00001eb205260",2,"C2"
"Zm00001eb196310",6,"C1"
"Zm00001eb167790",3,"C4"
"Zm00001eb208230",6,"C1"
"Zm00001eb203920",2,"C2"
"Zm00001eb189910",3,"C4"
"Zm00001eb167670",2,"C2"
"Zm00001eb196670",6,"C1"
"Zm00001eb183460",5,"C5"
"Zm00001eb198990",5,"C5"
"Zm00001eb186280",3,"C4"
"Zm00001eb167940",2,"C2"
"Zm00001eb184500",3,"C4"
"Zm00001eb192850",2,"C2"
"Zm00001eb195530",2,"C2"
"Zm00001eb173420",6,"C1"
"Zm00001eb202460",2,"C2"
"Zm00001eb172800",5,"C5"
"Zm00001eb199940",2,"C2"
"Zm00001eb182900",6,"C1"
"Zm00001eb208140",3,"C4"
"Zm00001eb168220",7,"C6"
"Zm00001eb202950",2,"C2"
"Zm00001eb179730",5,"C5"
"Zm00001eb194870",2,"C2"
"Zm00001eb195630",2,"C2"
"Zm00001eb193840",2,"C2"
"Zm00001eb204260",7,"C6"
"Zm00001eb198830",3,"C4"
"Zm00001eb178980",2,"C2"
"Zm00001eb197900",5,"C5"
"Zm00001eb187310",3,"C4"
"Zm00001eb181970",3,"C4"
"Zm00001eb181360",2,"C2"
"Zm00001eb201130",5,"C5"
"Zm00001eb200180",2,"C2"
"Zm00001eb165210",6,"C1"
"Zm00001eb166450",7,"C6"
"Zm00001eb174980",6,"C1"
"Zm00001eb179330",2,"C2"
"Zm00001eb195470",2,"C2"
"Zm00001eb187870",2,"C2"
"Zm00001eb189120",6,"C1"
"Zm00001eb203340",6,"C1"
"Zm00001eb175860",3,"C4"
"Zm00001eb190670",3,"C4"
"Zm00001eb189170",2,"C2"
"Zm00001eb209340",2,"C2"
"Zm00001eb207420",2,"C2"
"Zm00001eb187070",2,"C2"
"Zm00001eb206680",2,"C2"
"Zm00001eb205550",3,"C4"
"Zm00001eb206010",6,"C1"
"Zm00001eb207050",2,"C2"
"Zm00001eb191380",6,"C1"
"Zm00001eb189240",6,"C1"
"Zm00001eb204000",2,"C2"
"Zm00001eb176980",2,"C2"
"Zm00001eb166700",2,"C2"
"Zm00001eb209030",2,"C2"
"Zm00001eb169040",2,"C2"
"Zm00001eb191580",2,"C2"
"Zm00001eb174930",2,"C2"
"Zm00001eb178890",2,"C2"
"Zm00001eb204570",2,"C2"
"Zm00001eb191020",5,"C5"
"Zm00001eb179830",6,"C1"
"Zm00001eb189920",3,"C4"
"Zm00001eb185910",7,"C6"
"Zm00001eb188060",3,"C4"
"Zm00001eb189970",2,"C2"
"Zm00001eb165370",2,"C2"
"Zm00001eb202220",6,"C1"
"Zm00001eb174520",5,"C5"
"Zm00001eb202080",5,"C5"
"Zm00001eb185080",3,"C4"
"Zm00001eb209760",1,"C7"
"Zm00001eb193500",2,"C2"
"Zm00001eb184410",2,"C2"
"Zm00001eb209470",3,"C4"
"Zm00001eb168160",2,"C2"
"Zm00001eb192250",2,"C2"
"Zm00001eb206080",2,"C2"
"Zm00001eb206470",1,"C7"
"Zm00001eb179660",3,"C4"
"Zm00001eb180890",3,"C4"
"Zm00001eb204900",1,"C7"
"Zm00001eb202390",7,"C6"
"Zm00001eb187880",5,"C5"
"Zm00001eb179310",6,"C1"
"Zm00001eb193950",2,"C2"
"Zm00001eb177640",6,"C1"
"Zm00001eb187800",3,"C4"
"Zm00001eb194570",2,"C2"
"Zm00001eb200260",2,"C2"
"Zm00001eb192900",6,"C1"
"Zm00001eb206650",2,"C2"
"Zm00001eb173940",3,"C4"
"Zm00001eb191090",2,"C2"
"Zm00001eb170690",2,"C2"
"Zm00001eb168950",2,"C2"
"Zm00001eb180260",3,"C4"
"Zm00001eb198720",2,"C2"
"Zm00001eb199560",6,"C1"
"Zm00001eb208520",2,"C2"
"Zm00001eb190860",2,"C2"
"Zm00001eb169360",3,"C4"
"Zm00001eb196180",2,"C2"
"Zm00001eb195140",2,"C2"
"Zm00001eb167260",6,"C1"
"Zm00001eb189880",2,"C2"
"Zm00001eb187130",3,"C4"
"Zm00001eb183970",2,"C2"
"Zm00001eb195940",2,"C2"
"Zm00001eb209940",6,"C1"
"Zm00001eb192000",5,"C5"
"Zm00001eb205670",2,"C2"
"Zm00001eb192360",6,"C1"
"Zm00001eb208960",4,"C3"
"Zm00001eb175730",6,"C1"
"Zm00001eb174190",7,"C6"
"Zm00001eb178490",5,"C5"
"Zm00001eb166760",2,"C2"
"Zm00001eb171720",2,"C2"
"Zm00001eb182830",6,"C1"
"Zm00001eb173100",3,"C4"
"Zm00001eb188670",2,"C2"
"Zm00001eb179190",2,"C2"
"Zm00001eb195000",3,"C4"
"Zm00001eb165280",6,"C1"
"Zm00001eb201730",7,"C6"
"Zm00001eb206230",7,"C6"
"Zm00001eb198370",6,"C1"
"Zm00001eb166440",5,"C5"
"Zm00001eb184570",2,"C2"
"Zm00001eb189380",5,"C5"
"Zm00001eb195050",2,"C2"
"Zm00001eb205950",2,"C2"
"Zm00001eb198750",5,"C5"
"Zm00001eb209120",2,"C2"
"Zm00001eb177850",3,"C4"
"Zm00001eb174880",2,"C2"
"Zm00001eb198440",2,"C2"
"Zm00001eb206120",6,"C1"
"Zm00001eb168480",2,"C2"
"Zm00001eb202260",2,"C2"
"Zm00001eb198430",6,"C1"
"Zm00001eb189530",6,"C1"
"Zm00001eb168440",2,"C2"
"Zm00001eb190450",2,"C2"
"Zm00001eb192110",7,"C6"
"Zm00001eb198950",6,"C1"
"Zm00001eb175030",5,"C5"
"Zm00001eb193300",3,"C4"
"Zm00001eb174710",5,"C5"
"Zm00001eb202650",6,"C1"
"Zm00001eb179710",7,"C6"
"Zm00001eb166790",2,"C2"
"Zm00001eb174450",2,"C2"
"Zm00001eb194690",3,"C4"
"Zm00001eb200740",2,"C2"
"Zm00001eb178320",7,"C6"
"Zm00001eb168820",3,"C4"
"Zm00001eb174090",6,"C1"
"Zm00001eb201850",1,"C7"
"Zm00001eb174320",6,"C1"
"Zm00001eb192940",6,"C1"
"Zm00001eb194800",3,"C4"
"Zm00001eb175980",3,"C4"
"Zm00001eb200620",7,"C6"
"Zm00001eb195640",3,"C4"
"Zm00001eb191060",1,"C7"
"Zm00001eb193530",2,"C2"
"Zm00001eb202310",2,"C2"
"Zm00001eb173660",2,"C2"
"Zm00001eb168550",5,"C5"
"Zm00001eb173270",6,"C1"
"Zm00001eb167340",1,"C7"
"Zm00001eb169910",2,"C2"
"Zm00001eb175220",2,"C2"
"Zm00001eb169580",2,"C2"
"Zm00001eb199320",1,"C7"
"Zm00001eb192800",2,"C2"
"Zm00001eb190500",3,"C4"
"Zm00001eb188380",7,"C6"
"Zm00001eb190140",3,"C4"
"Zm00001eb183590",3,"C4"
"Zm00001eb185730",2,"C2"
"Zm00001eb167770",1,"C7"
"Zm00001eb181160",6,"C1"
"Zm00001eb199770",2,"C2"
"Zm00001eb189150",7,"C6"
"Zm00001eb184620",6,"C1"
"Zm00001eb185100",3,"C4"
"Zm00001eb168840",5,"C5"
"Zm00001eb196520",2,"C2"
"Zm00001eb170000",3,"C4"
"Zm00001eb170750",7,"C6"
"Zm00001eb186920",2,"C2"
"Zm00001eb175180",6,"C1"
"Zm00001eb197620",3,"C4"
"Zm00001eb203570",6,"C1"
"Zm00001eb200050",1,"C7"
"Zm00001eb204180",3,"C4"
"Zm00001eb176520",2,"C2"
"Zm00001eb187400",2,"C2"
"Zm00001eb200940",2,"C2"
"Zm00001eb187170",5,"C5"
"Zm00001eb171810",3,"C4"
"Zm00001eb171110",2,"C2"
"Zm00001eb168880",3,"C4"
"Zm00001eb186140",2,"C2"
"Zm00001eb168190",7,"C6"
"Zm00001eb165550",1,"C7"
"Zm00001eb192350",3,"C4"
"Zm00001eb194970",6,"C1"
"Zm00001eb177440",2,"C2"
"Zm00001eb168510",2,"C2"
"Zm00001eb207940",2,"C2"
"Zm00001eb185070",6,"C1"
"Zm00001eb199140",2,"C2"
"Zm00001eb175880",6,"C1"
"Zm00001eb170740",2,"C2"
"Zm00001eb170360",3,"C4"
"Zm00001eb207120",6,"C1"
"Zm00001eb182000",6,"C1"
"Zm00001eb183380",2,"C2"
"Zm00001eb205600",4,"C3"
"Zm00001eb197810",6,"C1"
"Zm00001eb179810",6,"C1"
"Zm00001eb208970",3,"C4"
"Zm00001eb189190",2,"C2"
"Zm00001eb176360",3,"C4"
"Zm00001eb205030",3,"C4"
"Zm00001eb196100",5,"C5"
"Zm00001eb182940",6,"C1"
"Zm00001eb182310",2,"C2"
"Zm00001eb185970",6,"C1"
"Zm00001eb174630",2,"C2"
"Zm00001eb171700",5,"C5"
"Zm00001eb198690",6,"C1"
"Zm00001eb190580",7,"C6"
"Zm00001eb174590",2,"C2"
"Zm00001eb185570",2,"C2"
"Zm00001eb174210",3,"C4"
"Zm00001eb207820",3,"C4"
"Zm00001eb177180",2,"C2"
"Zm00001eb209450",2,"C2"
"Zm00001eb208070",2,"C2"
"Zm00001eb209190",3,"C4"
"Zm00001eb177290",3,"C4"
"Zm00001eb172640",2,"C2"
"Zm00001eb180150",2,"C2"
"Zm00001eb186120",6,"C1"
"Zm00001eb204920",2,"C2"
"Zm00001eb169410",6,"C1"
"Zm00001eb193640",4,"C3"
"Zm00001eb182070",2,"C2"
"Zm00001eb176810",7,"C6"
"Zm00001eb196590",2,"C2"
"Zm00001eb191590",1,"C7"
"Zm00001eb195450",3,"C4"
"Zm00001eb187760",2,"C2"
"Zm00001eb188240",6,"C1"
"Zm00001eb190700",2,"C2"
"Zm00001eb200060",2,"C2"
"Zm00001eb199020",3,"C4"
"Zm00001eb178770",2,"C2"
"Zm00001eb203200",2,"C2"
"Zm00001eb175810",2,"C2"
"Zm00001eb207310",2,"C2"
"Zm00001eb170190",7,"C6"
"Zm00001eb185530",6,"C1"
"Zm00001eb177450",3,"C4"
"Zm00001eb176090",6,"C1"
"Zm00001eb174770",1,"C7"
"Zm00001eb188720",3,"C4"
"Zm00001eb173070",3,"C4"
"Zm00001eb190970",2,"C2"
"Zm00001eb193690",1,"C7"
"Zm00001eb170800",2,"C2"
"Zm00001eb167250",2,"C2"
"Zm00001eb206420",6,"C1"
"Zm00001eb167010",2,"C2"
"Zm00001eb175610",2,"C2"
"Zm00001eb173540",2,"C2"
"Zm00001eb170650",6,"C1"
"Zm00001eb172980",2,"C2"
"Zm00001eb207010",6,"C1"
"Zm00001eb167840",2,"C2"
"Zm00001eb204150",7,"C6"
"Zm00001eb171230",7,"C6"
"Zm00001eb165310",2,"C2"
"Zm00001eb191320",2,"C2"
"Zm00001eb167290",5,"C5"
"Zm00001eb168410",2,"C2"
"Zm00001eb203240",5,"C5"
"Zm00001eb203870",2,"C2"
"Zm00001eb174330",3,"C4"
"Zm00001eb182260",3,"C4"
"Zm00001eb184480",2,"C2"
"Zm00001eb174750",5,"C5"
"Zm00001eb177300",6,"C1"
"Zm00001eb188180",2,"C2"
"Zm00001eb199620",6,"C1"
"Zm00001eb201060",2,"C2"
"Zm00001eb190260",3,"C4"
"Zm00001eb198140",7,"C6"
"Zm00001eb178580",5,"C5"
"Zm00001eb189390",6,"C1"
"Zm00001eb180440",6,"C1"
"Zm00001eb165420",2,"C2"
"Zm00001eb170980",5,"C5"
"Zm00001eb200130",7,"C6"
"Zm00001eb176930",2,"C2"
"Zm00001eb200430",1,"C7"
"Zm00001eb192690",5,"C5"
"Zm00001eb203260",6,"C1"
"Zm00001eb195160",3,"C4"
"Zm00001eb181740",2,"C2"
"Zm00001eb184010",7,"C6"
"Zm00001eb200610",2,"C2"
"Zm00001eb197120",3,"C4"
"Zm00001eb190110",3,"C4"
"Zm00001eb194020",7,"C6"
"Zm00001eb206750",2,"C2"
"Zm00001eb198250",3,"C4"
"Zm00001eb183610",2,"C2"
"Zm00001eb181040",2,"C2"
"Zm00001eb190750",6,"C1"
"Zm00001eb193190",3,"C4"
"Zm00001eb185690",3,"C4"
"Zm00001eb169940",2,"C2"
"Zm00001eb178330",3,"C4"
"Zm00001eb201100",1,"C7"
"Zm00001eb172160",7,"C6"
"Zm00001eb210100",2,"C2"
"Zm00001eb193030",2,"C2"
"Zm00001eb185220",1,"C7"
"Zm00001eb168070",6,"C1"
"Zm00001eb178010",7,"C6"
"Zm00001eb172120",2,"C2"
"Zm00001eb172770",3,"C4"
"Zm00001eb177410",2,"C2"
"Zm00001eb177930",7,"C6"
"Zm00001eb186820",7,"C6"
"Zm00001eb188050",3,"C4"
"Zm00001eb205840",3,"C4"
"Zm00001eb208390",2,"C2"
"Zm00001eb181510",2,"C2"
"Zm00001eb184850",3,"C4"
"Zm00001eb199700",2,"C2"
"Zm00001eb188140",2,"C2"
"Zm00001eb187110",6,"C1"
"Zm00001eb194590",3,"C4"
"Zm00001eb191720",5,"C5"
"Zm00001eb174080",2,"C2"
"Zm00001eb165580",7,"C6"
"Zm00001eb173130",2,"C2"
"Zm00001eb179840",3,"C4"
"Zm00001eb198280",6,"C1"
"Zm00001eb197940",6,"C1"
"Zm00001eb208820",3,"C4"
"Zm00001eb167530",5,"C5"
"Zm00001eb209780",2,"C2"
"Zm00001eb203450",3,"C4"
"Zm00001eb208440",2,"C2"
"Zm00001eb207690",3,"C4"
"Zm00001eb209610",2,"C2"
"Zm00001eb209630",3,"C4"
"Zm00001eb202360",1,"C7"
"Zm00001eb167690",1,"C7"
"Zm00001eb166550",7,"C6"
"Zm00001eb187690",3,"C4"
"Zm00001eb189300",5,"C5"
"Zm00001eb183710",6,"C1"
"Zm00001eb192550",2,"C2"
"Zm00001eb206330",2,"C2"
"Zm00001eb198600",2,"C2"
"Zm00001eb205590",3,"C4"
"Zm00001eb195500",6,"C1"
"Zm00001eb190790",3,"C4"
"Zm00001eb166180",3,"C4"
"Zm00001eb195200",5,"C5"
"Zm00001eb170020",1,"C7"
"Zm00001eb196380",7,"C6"
"Zm00001eb188320",2,"C2"
"Zm00001eb194140",2,"C2"
"Zm00001eb195690",6,"C1"
"Zm00001eb171030",7,"C6"
"Zm00001eb202810",6,"C1"
"Zm00001eb173190",6,"C1"
"Zm00001eb189210",3,"C4"
"Zm00001eb199530",6,"C1"
"Zm00001eb201140",2,"C2"
"Zm00001eb190510",6,"C1"
"Zm00001eb190150",6,"C1"
"Zm00001eb179600",5,"C5"
"Zm00001eb184420",3,"C4"
"Zm00001eb170990",3,"C4"
"Zm00001eb183750",3,"C4"
"Zm00001eb185030",5,"C5"
"Zm00001eb187410",6,"C1"
"Zm00001eb191420",3,"C4"
"Zm00001eb185470",5,"C5"
"Zm00001eb188610",5,"C5"
"Zm00001eb194150",6,"C1"
"Zm00001eb180350",6,"C1"
"Zm00001eb199960",7,"C6"
"Zm00001eb166260",2,"C2"
"Zm00001eb178040",7,"C6"
"Zm00001eb183410",3,"C4"
"Zm00001eb189510",3,"C4"
"Zm00001eb174170",2,"C2"
"Zm00001eb201080",2,"C2"
"Zm00001eb201570",2,"C2"
"Zm00001eb178750",7,"C6"
"Zm00001eb204230",3,"C4"
"Zm00001eb208840",2,"C2"
"Zm00001eb188900",1,"C7"
"Zm00001eb173380",2,"C2"
"Zm00001eb189890",3,"C4"
"Zm00001eb182490",2,"C2"
"Zm00001eb198810",6,"C1"
"Zm00001eb176680",6,"C1"
"Zm00001eb200880",1,"C7"
"Zm00001eb192960",3,"C4"
"Zm00001eb187710",3,"C4"
"Zm00001eb194980",3,"C4"
"Zm00001eb190280",7,"C6"
"Zm00001eb186170",5,"C5"
"Zm00001eb173520",3,"C4"
"Zm00001eb193590",2,"C2"
"Zm00001eb202450",2,"C2"
"Zm00001eb169930",2,"C2"
"Zm00001eb179750",2,"C2"
"Zm00001eb172290",7,"C6"
"Zm00001eb184040",6,"C1"
"Zm00001eb178820",3,"C4"
"Zm00001eb204770",3,"C4"
"Zm00001eb164740",5,"C5"
"Zm00001eb177100",6,"C1"
"Zm00001eb193830",6,"C1"
"Zm00001eb200250",6,"C1"
"Zm00001eb184630",3,"C4"
"Zm00001eb198700",2,"C2"
"Zm00001eb170350",6,"C1"
"Zm00001eb204370",2,"C2"
"Zm00001eb179120",2,"C2"
"Zm00001eb173260",2,"C2"
"Zm00001eb189280",3,"C4"
"Zm00001eb190820",3,"C4"
"Zm00001eb205020",2,"C2"
"Zm00001eb188220",3,"C4"
"Zm00001eb175230",3,"C4"
"Zm00001eb208310",6,"C1"
"Zm00001eb176770",2,"C2"
"Zm00001eb205820",2,"C2"
"Zm00001eb201290",7,"C6"
"Zm00001eb207840",2,"C2"
"Zm00001eb181120",2,"C2"
"Zm00001eb169400",6,"C1"
"Zm00001eb192490",1,"C7"
"Zm00001eb193510",3,"C4"
"Zm00001eb200470",2,"C2"
"Zm00001eb209480",2,"C2"
"Zm00001eb172450",6,"C1"
"Zm00001eb180420",2,"C2"
"Zm00001eb209200",2,"C2"
"Zm00001eb167240",2,"C2"
"Zm00001eb167310",6,"C1"
"Zm00001eb188520",3,"C4"
"Zm00001eb174440",3,"C4"
"Zm00001eb194650",2,"C2"
"Zm00001eb174360",2,"C2"
"Zm00001eb170900",2,"C2"
"Zm00001eb174030",5,"C5"
"Zm00001eb180060",1,"C7"
"Zm00001eb205190",5,"C5"
"Zm00001eb205140",5,"C5"
"Zm00001eb168100",1,"C7"
"Zm00001eb200760",6,"C1"
"Zm00001eb173050",2,"C2"
"Zm00001eb201770",7,"C6"
"Zm00001eb177390",3,"C4"
"Zm00001eb171210",2,"C2"
"Zm00001eb176760",3,"C4"
"Zm00001eb198030",1,"C7"
"Zm00001eb170730",5,"C5"
"Zm00001eb191230",2,"C2"
"Zm00001eb174200",2,"C2"
"Zm00001eb191500",2,"C2"
"Zm00001eb171780",2,"C2"
"Zm00001eb194220",6,"C1"
"Zm00001eb181710",7,"C6"
"Zm00001eb200300",2,"C2"
"Zm00001eb168310",2,"C2"
"Zm00001eb185980",2,"C2"
"Zm00001eb174100",2,"C2"
"Zm00001eb188830",3,"C4"
"Zm00001eb188660",3,"C4"
"Zm00001eb188580",5,"C5"
"Zm00001eb185660",2,"C2"
"Zm00001eb177820",2,"C2"
"Zm00001eb202870",1,"C7"
"Zm00001eb195700",2,"C2"
"Zm00001eb173790",2,"C2"
"Zm00001eb177310",7,"C6"
"Zm00001eb205830",3,"C4"
"Zm00001eb196650",6,"C1"
"Zm00001eb184540",2,"C2"
"Zm00001eb185620",2,"C2"
"Zm00001eb180920",7,"C6"
"Zm00001eb164530",6,"C1"
"Zm00001eb195380",3,"C4"
"Zm00001eb170340",6,"C1"
"Zm00001eb182740",1,"C7"
"Zm00001eb169610",2,"C2"
"Zm00001eb191980",3,"C4"
"Zm00001eb196410",2,"C2"
"Zm00001eb193320",2,"C2"
"Zm00001eb190910",7,"C6"
"Zm00001eb199580",6,"C1"
"Zm00001eb191260",2,"C2"
"Zm00001eb204420",6,"C1"
"Zm00001eb204710",6,"C1"
"Zm00001eb188400",2,"C2"
"Zm00001eb169450",7,"C6"
"Zm00001eb183200",5,"C5"
"Zm00001eb198180",3,"C4"
"Zm00001eb178140",2,"C2"
"Zm00001eb196640",1,"C7"
"Zm00001eb177920",6,"C1"
"Zm00001eb197990",3,"C4"
"Zm00001eb192660",5,"C5"
"Zm00001eb165490",7,"C6"
"Zm00001eb173410",7,"C6"
"Zm00001eb191190",3,"C4"
"Zm00001eb175540",1,"C7"
"Zm00001eb197800",3,"C4"
"Zm00001eb208790",2,"C2"
"Zm00001eb173700",6,"C1"
"Zm00001eb193040",2,"C2"
"Zm00001eb184600",2,"C2"
"Zm00001eb201210",2,"C2"
"Zm00001eb205050",5,"C5"
"Zm00001eb205990",6,"C1"
"Zm00001eb189840",2,"C2"
"Zm00001eb204980",2,"C2"
"Zm00001eb194190",7,"C6"
"Zm00001eb209420",2,"C2"
"Zm00001eb191730",3,"C4"
"Zm00001eb198300",2,"C2"
"Zm00001eb177480",6,"C1"
"Zm00001eb186850",3,"C4"
"Zm00001eb206210",6,"C1"
"Zm00001eb165530",3,"C4"
"Zm00001eb187020",3,"C4"
"Zm00001eb165950",6,"C1"
"Zm00001eb175430",5,"C5"
"Zm00001eb201710",2,"C2"
"Zm00001eb200870",2,"C2"
"Zm00001eb189350",6,"C1"
"Zm00001eb200510",7,"C6"
"Zm00001eb208830",5,"C5"
"Zm00001eb202730",2,"C2"
"Zm00001eb199840",5,"C5"
"Zm00001eb207520",6,"C1"
"Zm00001eb197640",6,"C1"
"Zm00001eb171340",2,"C2"
"Zm00001eb188330",3,"C4"
"Zm00001eb169240",2,"C2"
"Zm00001eb186420",2,"C2"
"Zm00001eb176250",2,"C2"
"Zm00001eb169350",6,"C1"
"Zm00001eb187060",2,"C2"
"Zm00001eb201220",3,"C4"
"Zm00001eb175460",2,"C2"
"Zm00001eb166810",2,"C2"
"Zm00001eb178180",7,"C6"
"Zm00001eb205760",2,"C2"
"Zm00001eb179510",5,"C5"
"Zm00001eb171100",2,"C2"
"Zm00001eb177560",2,"C2"
"Zm00001eb199430",2,"C2"
"Zm00001eb181760",3,"C4"
"Zm00001eb186950",7,"C6"
"Zm00001eb186000",3,"C4"
"Zm00001eb171190",5,"C5"
"Zm00001eb206900",2,"C2"
"Zm00001eb194040",3,"C4"
"Zm00001eb207020",6,"C1"
"Zm00001eb191400",3,"C4"
"Zm00001eb185040",1,"C7"
"Zm00001eb195600",2,"C2"
"Zm00001eb169540",2,"C2"
"Zm00001eb167360",1,"C7"
"Zm00001eb193290",3,"C4"
"Zm00001eb169100",2,"C2"
"Zm00001eb175550",2,"C2"
"Zm00001eb175670",6,"C1"
"Zm00001eb171770",2,"C2"
"Zm00001eb178210",2,"C2"
"Zm00001eb165630",3,"C4"
"Zm00001eb202200",5,"C5"
"Zm00001eb207430",6,"C1"
"Zm00001eb207390",2,"C2"
"Zm00001eb164610",7,"C6"
"Zm00001eb197410",1,"C7"
"Zm00001eb186900",5,"C5"
"Zm00001eb203950",7,"C6"
"Zm00001eb201520",1,"C7"
"Zm00001eb192920",2,"C2"
"Zm00001eb179690",5,"C5"
"Zm00001eb203250",3,"C4"
"Zm00001eb206440",2,"C2"
"Zm00001eb200730",6,"C1"
"Zm00001eb193960",2,"C2"
"Zm00001eb192080",3,"C4"
"Zm00001eb206030",5,"C5"
"Zm00001eb192820",2,"C2"
"Zm00001eb187890",2,"C2"
"Zm00001eb209230",2,"C2"
"Zm00001eb186290",2,"C2"
"Zm00001eb172620",3,"C4"
"Zm00001eb179090",6,"C1"
"Zm00001eb203940",5,"C5"
"Zm00001eb179340",6,"C1"
"Zm00001eb209800",2,"C2"
"Zm00001eb170540",2,"C2"
"Zm00001eb188680",2,"C2"
"Zm00001eb205810",7,"C6"
"Zm00001eb205430",7,"C6"
"Zm00001eb208710",2,"C2"
"Zm00001eb202110",3,"C4"
"Zm00001eb203110",2,"C2"
"Zm00001eb183100",2,"C2"
"Zm00001eb204950",2,"C2"
"Zm00001eb200460",6,"C1"
"Zm00001eb202580",2,"C2"
"Zm00001eb170930",3,"C4"
"Zm00001eb190360",3,"C4"
"Zm00001eb194240",7,"C6"
"Zm00001eb178450",3,"C4"
"Zm00001eb182330",2,"C2"
"Zm00001eb205070",2,"C2"
"Zm00001eb193130",2,"C2"
"Zm00001eb193720",1,"C7"
"Zm00001eb186570",1,"C7"
"Zm00001eb209350",5,"C5"
"Zm00001eb173060",5,"C5"
"Zm00001eb174900",5,"C5"
"Zm00001eb191620",3,"C4"
"Zm00001eb167230",7,"C6"
"Zm00001eb184560",2,"C2"
"Zm00001eb179530",3,"C4"
"Zm00001eb209110",6,"C1"
"Zm00001eb207850",2,"C2"
"Zm00001eb196360",2,"C2"
"Zm00001eb196990",6,"C1"
"Zm00001eb195980",7,"C6"
"Zm00001eb167140",2,"C2"
"Zm00001eb180520",2,"C2"
"Zm00001eb165600",2,"C2"
"Zm00001eb181370",7,"C6"
"Zm00001eb201030",3,"C4"
"Zm00001eb186220",6,"C1"
"Zm00001eb186700",6,"C1"
"Zm00001eb206760",2,"C2"
"Zm00001eb185950",6,"C1"
"Zm00001eb188510",2,"C2"
"Zm00001eb184150",3,"C4"
"Zm00001eb174610",2,"C2"
"Zm00001eb190990",6,"C1"
"Zm00001eb178620",6,"C1"
"Zm00001eb177060",2,"C2"
"Zm00001eb178470",6,"C1"
"Zm00001eb178290",7,"C6"
"Zm00001eb208540",1,"C7"
"Zm00001eb179390",7,"C6"
"Zm00001eb197400",2,"C2"
"Zm00001eb197740",3,"C4"
"Zm00001eb167650",6,"C1"
"Zm00001eb206360",6,"C1"
"Zm00001eb178780",6,"C1"
"Zm00001eb201230",3,"C4"
"Zm00001eb208760",3,"C4"
"Zm00001eb179040",3,"C4"
"Zm00001eb178590",2,"C2"
"Zm00001eb177670",1,"C7"
"Zm00001eb205500",2,"C2"
"Zm00001eb196240",6,"C1"
"Zm00001eb210150",2,"C2"
"Zm00001eb204850",3,"C4"
"Zm00001eb196220",2,"C2"
"Zm00001eb200890",2,"C2"
"Zm00001eb209280",2,"C2"
"Zm00001eb180800",3,"C4"
"Zm00001eb194730",2,"C2"
"Zm00001eb173150",2,"C2"
"Zm00001eb190410",2,"C2"
"Zm00001eb205210",4,"C3"
"Zm00001eb209910",2,"C2"
"Zm00001eb164780",7,"C6"
"Zm00001eb174990",2,"C2"
"Zm00001eb173440",3,"C4"
"Zm00001eb176120",2,"C2"
"Zm00001eb206700",3,"C4"
"Zm00001eb208150",3,"C4"
"Zm00001eb205230",2,"C2"
"Zm00001eb176670",3,"C4"
"Zm00001eb195620",6,"C1"
"Zm00001eb197320",3,"C4"
"Zm00001eb183530",6,"C1"
"Zm00001eb184520",2,"C2"
"Zm00001eb196630",1,"C7"
"Zm00001eb210000",1,"C7"
"Zm00001eb195550",6,"C1"
"Zm00001eb202610",6,"C1"
"Zm00001eb165400",6,"C1"
"Zm00001eb203840",6,"C1"
"Zm00001eb207760",2,"C2"
"Zm00001eb180080",1,"C7"
"Zm00001eb178930",2,"C2"
"Zm00001eb206340",2,"C2"
"Zm00001eb194210",6,"C1"
"Zm00001eb201410",6,"C1"
"Zm00001eb209380",2,"C2"
"Zm00001eb183250",3,"C4"
"Zm00001eb167000",2,"C2"
"Zm00001eb187670",2,"C2"
"Zm00001eb179010",2,"C2"
"Zm00001eb189410",2,"C2"
"Zm00001eb192710",2,"C2"
"Zm00001eb199300",2,"C2"
"Zm00001eb208860",2,"C2"
"Zm00001eb169230",7,"C6"
"Zm00001eb189100",6,"C1"
"Zm00001eb189080",2,"C2"
"Zm00001eb205480",2,"C2"
"Zm00001eb186450",2,"C2"
"Zm00001eb194990",2,"C2"
"Zm00001eb188890",6,"C1"
"Zm00001eb205250",2,"C2"
"Zm00001eb196320",6,"C1"
"Zm00001eb199900",6,"C1"
"Zm00001eb187430",2,"C2"
"Zm00001eb201580",7,"C6"
"Zm00001eb188600",5,"C5"
"Zm00001eb202910",2,"C2"
"Zm00001eb187040",2,"C2"
"Zm00001eb165610",1,"C7"
"Zm00001eb178690",7,"C6"
"Zm00001eb169770",6,"C1"
"Zm00001eb208190",2,"C2"
"Zm00001eb195030",5,"C5"
"Zm00001eb197920",2,"C2"
"Zm00001eb182750",2,"C2"
"Zm00001eb209880",2,"C2"
"Zm00001eb165770",3,"C4"
"Zm00001eb192260",3,"C4"
"Zm00001eb203600",2,"C2"
"Zm00001eb182290",3,"C4"
"Zm00001eb204200",2,"C2"
"Zm00001eb178500",2,"C2"
"Zm00001eb181790",2,"C2"
"Zm00001eb202860",3,"C4"
"Zm00001eb165440",2,"C2"
"Zm00001eb190350",6,"C1"
"Zm00001eb177880",5,"C5"
"Zm00001eb164460",3,"C4"
"Zm00001eb187140",6,"C1"
"Zm00001eb172900",3,"C4"
"Zm00001eb193920",4,"C3"
"Zm00001eb183950",7,"C6"
"Zm00001eb172300",3,"C4"
"Zm00001eb206240",2,"C2"
"Zm00001eb172630",3,"C4"
"Zm00001eb175060",6,"C1"
"Zm00001eb192050",2,"C2"
"Zm00001eb209440",2,"C2"
"Zm00001eb179680",1,"C7"
"Zm00001eb164650",3,"C4"
"Zm00001eb187120",5,"C5"
"Zm00001eb180670",3,"C4"
"Zm00001eb182130",5,"C5"
"Zm00001eb170720",2,"C2"
"Zm00001eb177430",3,"C4"
"Zm00001eb164810",6,"C1"
"Zm00001eb174270",3,"C4"
"Zm00001eb207530",7,"C6"
"Zm00001eb192570",6,"C1"
"Zm00001eb178120",2,"C2"
"Zm00001eb188340",5,"C5"
"Zm00001eb200010",6,"C1"
"Zm00001eb203360",6,"C1"
"Zm00001eb168810",2,"C2"
"Zm00001eb170230",4,"C3"
"Zm00001eb182460",2,"C2"
"Zm00001eb169800",5,"C5"
"Zm00001eb167370",3,"C4"
"Zm00001eb209160",3,"C4"
"Zm00001eb191920",5,"C5"
"Zm00001eb173350",6,"C1"
"Zm00001eb197020",6,"C1"
"Zm00001eb205350",3,"C4"
"Zm00001eb189180",3,"C4"
"Zm00001eb207930",2,"C2"
"Zm00001eb186540",6,"C1"
"Zm00001eb181940",2,"C2"
"Zm00001eb181400",5,"C5"
"Zm00001eb171260",6,"C1"
"Zm00001eb180740",2,"C2"
"Zm00001eb203850",2,"C2"
"Zm00001eb185310",3,"C4"
"Zm00001eb183910",5,"C5"
"Zm00001eb205450",2,"C2"
"Zm00001eb199780",6,"C1"
"Zm00001eb175630",7,"C6"
"Zm00001eb176050",2,"C2"
"Zm00001eb168760",2,"C2"
"Zm00001eb188560",2,"C2"
"Zm00001eb187980",3,"C4"
"Zm00001eb206660",2,"C2"
"Zm00001eb164720",3,"C4"
"Zm00001eb173640",2,"C2"
"Zm00001eb191560",2,"C2"
"Zm00001eb200710",6,"C1"
"Zm00001eb165700",3,"C4"
"Zm00001eb177010",2,"C2"
"Zm00001eb201720",2,"C2"
"Zm00001eb176160",7,"C6"
"Zm00001eb172700",2,"C2"
"Zm00001eb206070",2,"C2"
"Zm00001eb180290",2,"C2"
"Zm00001eb209740",2,"C2"
"Zm00001eb199150",2,"C2"
"Zm00001eb196510",2,"C2"
"Zm00001eb179020",3,"C4"
"Zm00001eb204890",6,"C1"
"Zm00001eb168830",7,"C6"
"Zm00001eb181690",3,"C4"
"Zm00001eb191540",6,"C1"
"Zm00001eb183270",2,"C2"
"Zm00001eb197180",5,"C5"
"Zm00001eb184100",2,"C2"
"Zm00001eb176270",7,"C6"
"Zm00001eb173290",6,"C1"
"Zm00001eb207090",3,"C4"
"Zm00001eb194130",3,"C4"
"Zm00001eb196280",2,"C2"
"Zm00001eb185710",2,"C2"
"Zm00001eb178130",2,"C2"
"Zm00001eb200230",1,"C7"
"Zm00001eb191080",5,"C5"
"Zm00001eb210160",3,"C4"
"Zm00001eb173360",2,"C2"
"Zm00001eb188390",2,"C2"
"Zm00001eb169920",7,"C6"
"Zm00001eb181150",2,"C2"
"Zm00001eb194110",7,"C6"
"Zm00001eb187010",5,"C5"
"Zm00001eb196030",7,"C6"
"Zm00001eb188190",2,"C2"
"Zm00001eb203990",2,"C2"
"Zm00001eb189950",3,"C4"
"Zm00001eb199100",2,"C2"
"Zm00001eb196060",2,"C2"
"Zm00001eb182620",2,"C2"
"Zm00001eb208570",3,"C4"
"Zm00001eb190330",3,"C4"
"Zm00001eb191930",7,"C6"
"Zm00001eb204480",2,"C2"
"Zm00001eb205960",7,"C6"
"Zm00001eb196900",2,"C2"
"Zm00001eb185960",3,"C4"
"Zm00001eb207080",1,"C7"
"Zm00001eb189420",2,"C2"
"Zm00001eb208880",3,"C4"
"Zm00001eb194230",2,"C2"
"Zm00001eb205470",3,"C4"
"Zm00001eb169490",3,"C4"
"Zm00001eb197070",3,"C4"
"Zm00001eb170460",6,"C1"
"Zm00001eb195760",4,"C3"
"Zm00001eb167560",6,"C1"
"Zm00001eb210140",3,"C4"
"Zm00001eb170760",6,"C1"
"Zm00001eb190770",2,"C2"
"Zm00001eb179540",2,"C2"
"Zm00001eb199880",6,"C1"
"Zm00001eb165030",1,"C7"
"Zm00001eb197610",6,"C1"
"Zm00001eb190610",6,"C1"
"Zm00001eb175840",2,"C2"
"Zm00001eb182090",2,"C2"
"Zm00001eb192340",6,"C1"
"Zm00001eb206370",2,"C2"
"Zm00001eb200150",5,"C5"
"Zm00001eb167710",7,"C6"
"Zm00001eb175140",2,"C2"
"Zm00001eb175470",3,"C4"
"Zm00001eb180220",2,"C2"
"Zm00001eb198210",6,"C1"
"Zm00001eb168340",2,"C2"
"Zm00001eb179280",2,"C2"
"Zm00001eb164630",6,"C1"
"Zm00001eb168520",2,"C2"
"Zm00001eb187910",1,"C7"
"Zm00001eb200750",6,"C1"
"Zm00001eb191360",3,"C4"
"Zm00001eb174420",7,"C6"
"Zm00001eb194680",7,"C6"
"Zm00001eb208700",1,"C7"
"Zm00001eb199160",2,"C2"
"Zm00001eb194820",2,"C2"
"Zm00001eb187590",5,"C5"
"Zm00001eb187240",2,"C2"
"Zm00001eb175970",2,"C2"
"Zm00001eb200320",2,"C2"
"Zm00001eb209310",2,"C2"
"Zm00001eb165870",3,"C4"
"Zm00001eb168720",3,"C4"
"Zm00001eb178710",6,"C1"
"Zm00001eb206040",1,"C7"
"Zm00001eb201330",7,"C6"
"Zm00001eb207770",1,"C7"
"Zm00001eb189030",5,"C5"
"Zm00001eb185020",5,"C5"
"Zm00001eb189130",3,"C4"
"Zm00001eb205580",3,"C4"
"Zm00001eb191440",2,"C2"
"Zm00001eb169630",7,"C6"
"Zm00001eb174640",5,"C5"
"Zm00001eb180180",2,"C2"
"Zm00001eb207570",5,"C5"
"Zm00001eb182540",2,"C2"
"Zm00001eb209370",3,"C4"
"Zm00001eb198670",2,"C2"
"Zm00001eb173220",2,"C2"
"Zm00001eb184290",2,"C2"
"Zm00001eb168430",7,"C6"
"Zm00001eb206880",3,"C4"
"Zm00001eb179960",2,"C2"
"Zm00001eb196610",2,"C2"
"Zm00001eb186100",6,"C1"
"Zm00001eb183160",3,"C4"
"Zm00001eb208740",2,"C2"
"Zm00001eb198840",3,"C4"
"Zm00001eb175490",2,"C2"
"Zm00001eb186150",7,"C6"
"Zm00001eb203770",3,"C4"
"Zm00001eb189250",3,"C4"
"Zm00001eb192130",3,"C4"
"Zm00001eb188360",1,"C7"
"Zm00001eb183370",7,"C6"
"Zm00001eb190830",2,"C2"
"Zm00001eb191680",2,"C2"
"Zm00001eb207950",6,"C1"
"Zm00001eb207240",6,"C1"
"Zm00001eb187160",7,"C6"
"Zm00001eb204910",2,"C2"
"Zm00001eb172420",5,"C5"
"Zm00001eb168870",4,"C3"
"Zm00001eb172230",7,"C6"
"Zm00001eb196960",7,"C6"
"Zm00001eb171250",2,"C2"
"Zm00001eb193930",2,"C2"
"Zm00001eb208330",6,"C1"
"Zm00001eb182010",6,"C1"
"Zm00001eb166750",6,"C1"
"Zm00001eb207130",7,"C6"
"Zm00001eb185760",6,"C1"
"Zm00001eb183390",3,"C4"
"Zm00001eb181000",3,"C4"
"Zm00001eb208920",3,"C4"
"Zm00001eb198420",3,"C4"
"Zm00001eb183740",2,"C2"
"Zm00001eb184080",2,"C2"
"Zm00001eb188910",6,"C1"
"Zm00001eb209430",6,"C1"
"Zm00001eb200930",1,"C7"
"Zm00001eb194060",7,"C6"
"Zm00001eb184470",6,"C1"
"Zm00001eb195790",6,"C1"
"Zm00001eb179570",7,"C6"
"Zm00001eb166850",1,"C7"
"Zm00001eb170870",7,"C6"
"Zm00001eb167160",2,"C2"
"Zm00001eb186440",5,"C5"
"Zm00001eb164820",6,"C1"
"Zm00001eb175450",2,"C2"
"Zm00001eb191890",5,"C5"
"Zm00001eb194330",7,"C6"
"Zm00001eb181080",2,"C2"
"Zm00001eb204300",7,"C6"
"Zm00001eb169420",7,"C6"
"Zm00001eb192680",5,"C5"
"Zm00001eb203280",2,"C2"
"Zm00001eb173170",3,"C4"
"Zm00001eb198240",2,"C2"
"Zm00001eb182660",2,"C2"
"Zm00001eb188410",2,"C2"
"Zm00001eb196190",7,"C6"
"Zm00001eb198320",7,"C6"
"Zm00001eb173330",3,"C4"
"Zm00001eb195780",7,"C6"
"Zm00001eb208060",2,"C2"
"Zm00001eb167080",6,"C1"
"Zm00001eb186980",3,"C4"
"Zm00001eb180620",6,"C1"
"Zm00001eb180540",6,"C1"
"Zm00001eb199460",2,"C2"
"Zm00001eb178070",2,"C2"
"Zm00001eb185330",5,"C5"
"Zm00001eb207660",6,"C1"
"Zm00001eb185540",6,"C1"
"Zm00001eb177380",3,"C4"
"Zm00001eb177940",2,"C2"
"Zm00001eb206410",3,"C4"
"Zm00001eb197910",3,"C4"
"Zm00001eb172130",2,"C2"
"Zm00001eb208370",6,"C1"
"Zm00001eb169080",3,"C4"
"Zm00001eb204190",6,"C1"
"Zm00001eb206520",2,"C2"
"Zm00001eb205160",3,"C4"
"Zm00001eb178110",3,"C4"
"Zm00001eb206740",6,"C1"
"Zm00001eb209870",5,"C5"
"Zm00001eb170970",2,"C2"
"Zm00001eb184320",1,"C7"
"Zm00001eb172650",2,"C2"
"Zm00001eb190340",1,"C7"
"Zm00001eb206050",6,"C1"
"Zm00001eb199810",6,"C1"
"Zm00001eb203230",6,"C1"
"Zm00001eb164640",2,"C2"
"Zm00001eb206430",3,"C4"
"Zm00001eb200440",3,"C4"
"Zm00001eb172880",3,"C4"
"Zm00001eb202130",2,"C2"
"Zm00001eb190930",2,"C2"
"Zm00001eb172520",3,"C4"
"Zm00001eb171240",6,"C1"
"Zm00001eb184090",2,"C2"
"Zm00001eb205410",3,"C4"
"Zm00001eb192560",6,"C1"
"Zm00001eb202520",3,"C4"
"Zm00001eb178370",6,"C1"
"Zm00001eb166990",2,"C2"
"Zm00001eb191550",2,"C2"
"Zm00001eb192430",2,"C2"
"Zm00001eb175400",3,"C4"
"Zm00001eb203150",6,"C1"
"Zm00001eb198120",7,"C6"
"Zm00001eb190540",6,"C1"
"Zm00001eb174120",7,"C6"
"Zm00001eb175560",6,"C1"
"Zm00001eb167740",1,"C7"
"Zm00001eb208430",6,"C1"
"Zm00001eb177330",3,"C4"
"Zm00001eb179000",7,"C6"
"Zm00001eb199550",6,"C1"
"Zm00001eb202830",2,"C2"
"Zm00001eb195510",3,"C4"
"Zm00001eb195060",7,"C6"
"Zm00001eb164590",2,"C2"
"Zm00001eb203690",6,"C1"
"Zm00001eb165230",3,"C4"
"Zm00001eb171690",2,"C2"
"Zm00001eb169950",7,"C6"
"Zm00001eb196390",2,"C2"
"Zm00001eb173990",7,"C6"
"Zm00001eb198590",2,"C2"
"Zm00001eb203780",3,"C4"
"Zm00001eb188550",7,"C6"
"Zm00001eb179140",3,"C4"
"Zm00001eb164310",7,"C6"
"Zm00001eb204640",6,"C1"
"Zm00001eb210110",6,"C1"
"Zm00001eb175960",3,"C4"
"Zm00001eb172090",3,"C4"
"Zm00001eb193170",3,"C4"
"Zm00001eb188960",3,"C4"
"Zm00001eb194950",7,"C6"
"Zm00001eb201090",1,"C7"
"Zm00001eb188310",6,"C1"
"Zm00001eb175620",3,"C4"
"Zm00001eb198010",2,"C2"
"Zm00001eb187150",1,"C7"
"Zm00001eb181530",3,"C4"
"Zm00001eb164750",1,"C7"
"Zm00001eb178000",3,"C4"
"Zm00001eb200070",2,"C2"
"Zm00001eb205850",2,"C2"
"Zm00001eb178650",2,"C2"
"Zm00001eb200530",2,"C2"
"Zm00001eb187970",3,"C4"
"Zm00001eb185390",3,"C4"
"Zm00001eb205080",2,"C2"
"Zm00001eb202180",2,"C2"
"Zm00001eb176310",2,"C2"
"Zm00001eb206560",2,"C2"
"Zm00001eb172540",2,"C2"
"Zm00001eb170530",6,"C1"
"Zm00001eb208120",7,"C6"
"Zm00001eb180850",3,"C4"
"Zm00001eb193810",6,"C1"
"Zm00001eb193490",3,"C4"
"Zm00001eb171020",6,"C1"
"Zm00001eb187720",7,"C6"
"Zm00001eb186370",2,"C2"
"Zm00001eb206130",3,"C4"
"Zm00001eb185450",7,"C6"
"Zm00001eb195080",2,"C2"
"Zm00001eb176030",2,"C2"
"Zm00001eb183770",1,"C7"
"Zm00001eb177740",7,"C6"
"Zm00001eb199800",2,"C2"
"Zm00001eb194640",3,"C4"
"Zm00001eb201440",7,"C6"
"Zm00001eb198960",6,"C1"
"Zm00001eb190060",1,"C7"
"Zm00001eb190100",6,"C1"
"Zm00001eb167320",3,"C4"
"Zm00001eb191270",2,"C2"
"Zm00001eb169680",2,"C2"
"Zm00001eb178240",6,"C1"
"Zm00001eb207360",7,"C6"
"Zm00001eb177520",2,"C2"
"Zm00001eb202790",7,"C6"
"Zm00001eb209250",2,"C2"
"Zm00001eb168470",7,"C6"
"Zm00001eb184110",7,"C6"
"Zm00001eb183830",7,"C6"
"Zm00001eb188750",6,"C1"
"Zm00001eb206510",3,"C4"
"Zm00001eb178160",2,"C2"
"Zm00001eb165620",7,"C6"
"Zm00001eb181420",1,"C7"
"Zm00001eb205130",2,"C2"
"Zm00001eb178670",2,"C2"
"Zm00001eb173180",3,"C4"
"Zm00001eb209220",3,"C4"
"Zm00001eb169280",3,"C4"
"Zm00001eb191530",2,"C2"
"Zm00001eb208030",2,"C2"
"Zm00001eb193380",6,"C1"
"Zm00001eb196870",2,"C2"
"Zm00001eb200650",2,"C2"
"Zm00001eb207560",2,"C2"
"Zm00001eb192500",2,"C2"
"Zm00001eb196080",6,"C1"
"Zm00001eb191430",6,"C1"
"Zm00001eb194070",1,"C7"
"Zm00001eb200170",3,"C4"
"Zm00001eb204020",3,"C4"
"Zm00001eb203310",6,"C1"
"Zm00001eb168090",2,"C2"
"Zm00001eb175070",2,"C2"
"Zm00001eb175590",7,"C6"
"Zm00001eb171080",2,"C2"
"Zm00001eb200990",2,"C2"
"Zm00001eb177340",3,"C4"
"Zm00001eb202470",6,"C1"
"Zm00001eb207490",7,"C6"
"Zm00001eb179440",6,"C1"
"Zm00001eb178030",2,"C2"
"Zm00001eb202370",2,"C2"
"Zm00001eb168750",6,"C1"
"Zm00001eb208220",5,"C5"
"Zm00001eb188370",6,"C1"
"Zm00001eb202700",2,"C2"
"Zm00001eb205780",7,"C6"
"Zm00001eb197630",3,"C4"
"Zm00001eb194420",2,"C2"
"Zm00001eb190630",2,"C2"
"Zm00001eb181270",3,"C4"
"Zm00001eb199190",6,"C1"
"Zm00001eb164620",6,"C1"
"Zm00001eb181960",2,"C2"
"Zm00001eb202590",2,"C2"
"Zm00001eb174370",6,"C1"
"Zm00001eb192060",2,"C2"
"Zm00001eb205890",5,"C5"
"Zm00001eb193850",3,"C4"
"Zm00001eb198350",2,"C2"
"Zm00001eb209820",7,"C6"
"Zm00001eb201150",2,"C2"
"Zm00001eb194930",2,"C2"
"Zm00001eb181820",2,"C2"
"Zm00001eb178960",2,"C2"
"Zm00001eb191220",7,"C6"
"Zm00001eb207300",5,"C5"
"Zm00001eb192980",6,"C1"
"Zm00001eb208480",1,"C7"
"Zm00001eb172200",3,"C4"
"Zm00001eb193820",5,"C5"
"Zm00001eb165900",6,"C1"
"Zm00001eb195480",3,"C4"
"Zm00001eb166480",6,"C1"
"Zm00001eb192730",2,"C2"
"Zm00001eb203810",3,"C4"
"Zm00001eb177120",7,"C6"
"Zm00001eb206380",3,"C4"
"Zm00001eb181230",3,"C4"
"Zm00001eb184070",6,"C1"
"Zm00001eb201340",2,"C2"
"Zm00001eb168000",7,"C6"
"Zm00001eb188530",2,"C2"
"Zm00001eb201120",2,"C2"
"Zm00001eb203380",2,"C2"
"Zm00001eb168910",3,"C4"
"Zm00001eb204590",5,"C5"
"Zm00001eb164300",7,"C6"
"Zm00001eb186600",2,"C2"
"Zm00001eb175750",6,"C1"
"Zm00001eb186320",7,"C6"
"Zm00001eb208580",7,"C6"
"Zm00001eb164860",1,"C7"
"Zm00001eb196340",6,"C1"
"Zm00001eb201260",2,"C2"
"Zm00001eb193470",2,"C2"
"Zm00001eb194500",6,"C1"
"Zm00001eb209080",3,"C4"
"Zm00001eb184160",3,"C4"
"Zm00001eb208780",3,"C4"
"Zm00001eb169140",2,"C2"
"Zm00001eb173560",3,"C4"
"Zm00001eb192310",2,"C2"
"Zm00001eb185610",6,"C1"
"Zm00001eb192590",5,"C5"
"Zm00001eb183420",2,"C2"
"Zm00001eb173880",2,"C2"
"Zm00001eb184510",3,"C4"
"Zm00001eb199950",3,"C4"
"Zm00001eb197300",6,"C1"
"Zm00001eb205090",5,"C5"
"Zm00001eb177870",6,"C1"
"Zm00001eb180340",6,"C1"
"Zm00001eb199520",2,"C2"
"Zm00001eb185650",3,"C4"
"Zm00001eb173230",6,"C1"
"Zm00001eb183560",2,"C2"
"Zm00001eb206810",2,"C2"
"Zm00001eb191180",7,"C6"
"Zm00001eb209570",1,"C7"
"Zm00001eb184840",2,"C2"
"Zm00001eb207400",3,"C4"
"Zm00001eb169050",2,"C2"
"Zm00001eb196980",7,"C6"
"Zm00001eb165360",3,"C4"
"Zm00001eb176350",6,"C1"
"Zm00001eb176710",3,"C4"
"Zm00001eb181990",7,"C6"
"Zm00001eb204010",7,"C6"
"Zm00001eb189980",7,"C6"
"Zm00001eb170950",7,"C6"
"Zm00001eb193160",2,"C2"
"Zm00001eb206090",4,"C3"
"Zm00001eb201810",6,"C1"
"Zm00001eb171050",7,"C6"
"Zm00001eb185090",7,"C6"
"Zm00001eb174530",1,"C7"
"Zm00001eb172550",2,"C2"
"Zm00001eb195120",2,"C2"
"Zm00001eb191370",2,"C2"
"Zm00001eb209020",3,"C4"
"Zm00001eb205700",2,"C2"
"Zm00001eb195860",5,"C5"
"Zm00001eb174970",6,"C1"
"Zm00001eb165270",2,"C2"
"Zm00001eb179200",2,"C2"
"Zm00001eb172410",5,"C5"
"Zm00001eb171480",2,"C2"
"Zm00001eb174130",2,"C2"
"Zm00001eb188350",2,"C2"
"Zm00001eb189830",6,"C1"
"Zm00001eb189020",3,"C4"
"Zm00001eb183780",2,"C2"
"Zm00001eb176200",2,"C2"
"Zm00001eb192470",1,"C7"
"Zm00001eb187610",6,"C1"
"Zm00001eb169620",5,"C5"
"Zm00001eb190550",2,"C2"
"Zm00001eb197030",2,"C2"
"Zm00001eb191350",1,"C7"
"Zm00001eb176300",3,"C4"
"Zm00001eb208490",2,"C2"
"Zm00001eb169740",3,"C4"
"Zm00001eb182780",5,"C5"
"Zm00001eb169480",5,"C5"
"Zm00001eb179470",3,"C4"
"Zm00001eb166980",3,"C4"
"Zm00001eb196600",6,"C1"
"Zm00001eb191990",6,"C1"
"Zm00001eb183880",7,"C6"
"Zm00001eb204560",2,"C2"
"Zm00001eb173470",6,"C1"
"Zm00001eb204970",6,"C1"
"Zm00001eb173710",2,"C2"
"Zm00001eb209860",6,"C1"
"Zm00001eb165940",2,"C2"
"Zm00001eb207270",2,"C2"
"Zm00001eb181800",6,"C1"
"Zm00001eb191640",2,"C2"
"Zm00001eb186910",2,"C2"
"Zm00001eb182820",7,"C6"
"Zm00001eb179700",2,"C2"
"Zm00001eb208530",6,"C1"
"Zm00001eb171840",2,"C2"
"Zm00001eb192070",2,"C2"
"Zm00001eb187900",6,"C1"
"Zm00001eb193370",7,"C6"
"Zm00001eb202760",3,"C4"
"Zm00001eb170630",3,"C4"
"Zm00001eb189290",5,"C5"
"Zm00001eb165480",3,"C4"
"Zm00001eb166820",6,"C1"
"Zm00001eb194940",6,"C1"
"Zm00001eb206100",5,"C5"
"Zm00001eb195010",3,"C4"
"Zm00001eb191710",7,"C6"
"Zm00001eb193790",2,"C2"
"Zm00001eb165710",2,"C2"
"Zm00001eb184000",5,"C5"
"Zm00001eb181550",5,"C5"
"Zm00001eb180330",7,"C6"
"Zm00001eb196560",7,"C6"
"Zm00001eb209490",3,"C4"
"Zm00001eb201740",1,"C7"
"Zm00001eb194300",2,"C2"
"Zm00001eb206220",7,"C6"
"Zm00001eb171710",2,"C2"
"Zm00001eb200900",2,"C2"
"Zm00001eb195220",6,"C1"
"Zm00001eb199570",2,"C2"
"Zm00001eb207540",2,"C2"
"Zm00001eb185930",5,"C5"
"Zm00001eb184940",7,"C6"
"Zm00001eb208910",2,"C2"
"Zm00001eb204360",7,"C6"
"Zm00001eb198730",6,"C1"
"Zm00001eb175120",2,"C2"
"Zm00001eb189860",2,"C2"
"Zm00001eb194340",7,"C6"
"Zm00001eb198910",7,"C6"
"Zm00001eb204160",2,"C2"
"Zm00001eb177230",6,"C1"
"Zm00001eb196170",2,"C2"
"Zm00001eb188540",2,"C2"
"Zm00001eb200080",7,"C6"
"Zm00001eb191790",2,"C2"
"Zm00001eb193140",7,"C6"
"Zm00001eb169130",6,"C1"
"Zm00001eb203800",2,"C2"
"Zm00001eb195970",4,"C3"
"Zm00001eb204030",2,"C2"
"Zm00001eb165340",3,"C4"
"Zm00001eb166190",2,"C2"
"Zm00001eb205660",6,"C1"
"Zm00001eb186240",6,"C1"
"Zm00001eb189140",6,"C1"
"Zm00001eb179160",3,"C4"
"Zm00001eb192020",2,"C2"
"Zm00001eb183760",7,"C6"
"Zm00001eb174620",2,"C2"
"Zm00001eb165560",7,"C6"
"Zm00001eb167660",3,"C4"
"Zm00001eb183700",6,"C1"
"Zm00001eb169990",1,"C7"
"Zm00001eb190960",6,"C1"
"Zm00001eb167430",5,"C5"
"Zm00001eb172860",3,"C4"
"Zm00001eb167830",5,"C5"
"Zm00001eb201380",3,"C4"
"Zm00001eb168450",3,"C4"
"Zm00001eb191700",2,"C2"
"Zm00001eb195650",2,"C2"
"Zm00001eb170550",6,"C1"
"Zm00001eb208940",3,"C4"
"Zm00001eb204940",3,"C4"
"Zm00001eb197580",2,"C2"
"Zm00001eb182560",2,"C2"
"Zm00001eb185130",4,"C3"
"Zm00001eb201450",2,"C2"
"Zm00001eb182920",6,"C1"
"Zm00001eb172680",2,"C2"
"Zm00001eb185370",5,"C5"
"Zm00001eb169160",7,"C6"
"Zm00001eb203140",2,"C2"
"Zm00001eb186660",3,"C4"
"Zm00001eb197890",5,"C5"
"Zm00001eb187730",3,"C4"
"Zm00001eb194440",7,"C6"
"Zm00001eb192090",3,"C4"
"Zm00001eb182550",2,"C2"
"Zm00001eb185290",2,"C2"
"Zm00001eb190590",5,"C5"
"Zm00001eb208420",2,"C2"
"Zm00001eb188040",2,"C2"
"Zm00001eb207290",2,"C2"
"Zm00001eb169570",2,"C2"
"Zm00001eb183320",3,"C4"
"Zm00001eb209000",5,"C5"
"Zm00001eb166870",5,"C5"
"Zm00001eb168920",3,"C4"
"Zm00001eb185560",3,"C4"
"Zm00001eb171140",2,"C2"
"Zm00001eb196880",6,"C1"
"Zm00001eb192780",3,"C4"
"Zm00001eb183600",3,"C4"
"Zm00001eb206400",6,"C1"
"Zm00001eb207650",2,"C2"
"Zm00001eb201010",3,"C4"
"Zm00001eb196470",7,"C6"
"Zm00001eb171400",3,"C4"
"Zm00001eb195130",2,"C2"
"Zm00001eb192700",2,"C2"
"Zm00001eb207980",7,"C6"
"Zm00001eb190740",2,"C2"
"Zm00001eb194200",6,"C1"
"Zm00001eb209040",2,"C2"
"Zm00001eb200450",2,"C2"
"Zm00001eb192460",7,"C6"
"Zm00001eb208250",6,"C1"
"Zm00001eb176900",3,"C4"
"Zm00001eb209090",6,"C1"
"Zm00001eb202690",3,"C4"
"Zm00001eb189090",2,"C2"
"Zm00001eb189070",2,"C2"
"Zm00001eb190230",6,"C1"
"Zm00001eb207780",2,"C2"
"Zm00001eb205710",2,"C2"
"Zm00001eb189400",5,"C5"
"Zm00001eb172350",3,"C4"
"Zm00001eb193700",7,"C6"
"Zm00001eb194550",7,"C6"
"Zm00001eb166380",2,"C2"
"Zm00001eb196270",6,"C1"
"Zm00001eb193940",7,"C6"
"Zm00001eb194830",6,"C1"
"Zm00001eb183860",5,"C5"
"Zm00001eb182380",3,"C4"
"Zm00001eb202120",3,"C4"
"Zm00001eb174500",5,"C5"
"Zm00001eb173480",6,"C1"
"Zm00001eb186330",2,"C2"
"Zm00001eb200370",2,"C2"
"Zm00001eb180900",6,"C1"
"Zm00001eb183490",2,"C2"
"Zm00001eb190390",2,"C2"
"Zm00001eb203350",6,"C1"
"Zm00001eb172070",7,"C6"
"Zm00001eb172570",2,"C2"
"Zm00001eb175760",3,"C4"
"Zm00001eb207060",7,"C6"
"Zm00001eb204490",7,"C6"
"Zm00001eb200840",4,"C3"
"Zm00001eb188700",2,"C2"
"Zm00001eb175270",6,"C1"
"Zm00001eb194770",2,"C2"
"Zm00001eb187260",2,"C2"
"Zm00001eb171320",2,"C2"
"Zm00001eb179820",6,"C1"
"Zm00001eb166710",6,"C1"
"Zm00001eb176690",2,"C2"
"Zm00001eb199660",7,"C6"
"Zm00001eb178520",2,"C2"
"Zm00001eb195910",6,"C1"
"Zm00001eb188570",2,"C2"
"Zm00001eb172970",7,"C6"
"Zm00001eb200000",6,"C1"
"Zm00001eb184240",6,"C1"
"Zm00001eb182680",2,"C2"
"Zm00001eb194480",3,"C4"
"Zm00001eb204600",7,"C6"
"Zm00001eb177490",5,"C5"
"Zm00001eb209150",2,"C2"
"Zm00001eb197600",3,"C4"
"Zm00001eb166460",6,"C1"
"Zm00001eb199090",3,"C4"
"Zm00001eb169790",3,"C4"
"Zm00001eb186610",2,"C2"
"Zm00001eb170220",7,"C6"
"Zm00001eb168790",2,"C2"
"Zm00001eb198740",3,"C4"
"Zm00001eb176610",2,"C2"
"Zm00001eb187630",2,"C2"
"Zm00001eb191070",2,"C2"
"Zm00001eb184830",3,"C4"
"Zm00001eb174010",3,"C4"
"Zm00001eb169970",6,"C1"
"Zm00001eb209960",6,"C1"
"Zm00001eb191340",2,"C2"
"Zm00001eb179490",6,"C1"
"Zm00001eb202040",1,"C7"
"Zm00001eb164790",2,"C2"
"Zm00001eb198260",2,"C2"
"Zm00001eb205490",2,"C2"
"Zm00001eb208500",3,"C4"
"Zm00001eb206250",3,"C4"
"Zm00001eb204320",2,"C2"
"Zm00001eb172000",2,"C2"
"Zm00001eb178340",3,"C4"
"Zm00001eb208350",5,"C5"
"Zm00001eb209640",6,"C1"
"Zm00001eb205920",2,"C2"
"Zm00001eb167580",6,"C1"
"Zm00001eb205630",2,"C2"
"Zm00001eb206800",3,"C4"
"Zm00001eb204050",2,"C2"
"Zm00001eb183580",3,"C4"
"Zm00001eb198460",2,"C2"
"Zm00001eb198850",2,"C2"
"Zm00001eb202420",2,"C2"
"Zm00001eb165450",6,"C1"
"Zm00001eb206110",6,"C1"
"Zm00001eb165590",7,"C6"
"Zm00001eb200590",2,"C2"
"Zm00001eb179210",2,"C2"
"Zm00001eb195020",2,"C2"
"Zm00001eb165260",3,"C4"
"Zm00001eb203860",2,"C2"
"Zm00001eb173820",6,"C1"
"Zm00001eb183340",4,"C3"
"Zm00001eb186130",2,"C2"
"Zm00001eb166540",5,"C5"
"Zm00001eb208100",2,"C2"
"Zm00001eb190180",6,"C1"
"Zm00001eb205290",6,"C1"
"Zm00001eb176340",2,"C2"
"Zm00001eb169190",6,"C1"
"Zm00001eb170890",6,"C1"
"Zm00001eb194350",1,"C7"
"Zm00001eb188160",6,"C1"
"Zm00001eb194120",6,"C1"
"Zm00001eb185700",2,"C2"
"Zm00001eb196530",2,"C2"
"Zm00001eb196930",2,"C2"
"Zm00001eb194100",2,"C2"
"Zm00001eb187000",5,"C5"
"Zm00001eb199330",2,"C2"
"Zm00001eb181880",7,"C6"
"Zm00001eb183310",2,"C2"
"Zm00001eb203040",6,"C1"
"Zm00001eb182590",6,"C1"
"Zm00001eb171040",2,"C2"
"Zm00001eb203980",2,"C2"
"Zm00001eb184340",2,"C2"
"Zm00001eb206930",7,"C6"
"Zm00001eb205560",3,"C4"
"Zm00001eb192530",6,"C1"
"Zm00001eb188980",3,"C4"
"Zm00001eb207900",3,"C4"
"Zm00001eb198220",2,"C2"
"Zm00001eb209330",6,"C1"
"Zm00001eb199110",2,"C2"
"Zm00001eb172110",7,"C6"
"Zm00001eb188200",2,"C2"
"Zm00001eb207600",3,"C4"
"Zm00001eb189940",3,"C4"
"Zm00001eb206500",7,"C6"
"Zm00001eb165300",2,"C2"
"Zm00001eb200700",2,"C2"
"Zm00001eb185240",7,"C6"
"Zm00001eb206910",3,"C4"
"Zm00001eb204550",2,"C2"
"Zm00001eb188450",2,"C2"
"Zm00001eb209010",2,"C2"
"Zm00001eb168270",2,"C2"
"Zm00001eb199410",5,"C5"
"Zm00001eb166150",3,"C4"
"Zm00001eb164660",5,"C5"
"Zm00001eb202980",2,"C2"
"Zm00001eb205200",2,"C2"
"Zm00001eb202410",3,"C4"
"Zm00001eb176170",2,"C2"
"Zm00001eb202280",7,"C6"
"Zm00001eb199230",3,"C4"
"Zm00001eb201920",2,"C2"
"Zm00001eb176040",6,"C1"
"Zm00001eb174550",6,"C1"
"Zm00001eb203960",3,"C4"
"Zm00001eb188070",6,"C1"
"Zm00001eb171180",2,"C2"
"Zm00001eb201940",2,"C2"
"Zm00001eb195280",6,"C1"
"Zm00001eb179870",6,"C1"
"Zm00001eb176850",7,"C6"
"Zm00001eb189870",6,"C1"
"Zm00001eb168260",2,"C2"
"Zm00001eb202400",3,"C4"
"Zm00001eb172280",6,"C1"
"Zm00001eb206300",6,"C1"
"Zm00001eb198820",2,"C2"
"Zm00001eb205010",2,"C2"
"Zm00001eb190810",7,"C6"
"Zm00001eb179290",6,"C1"
"Zm00001eb180930",2,"C2"
"Zm00001eb197480",2,"C2"
"Zm00001eb172580",2,"C2"
"Zm00001eb168730",5,"C5"
"Zm00001eb192370",6,"C1"
"Zm00001eb181860",3,"C4"
"Zm00001eb201750",2,"C2"
"Zm00001eb171440",5,"C5"
"Zm00001eb194880",2,"C2"
"Zm00001eb187580",2,"C2"
"Zm00001eb189200",3,"C4"
"Zm00001eb170390",2,"C2"
"Zm00001eb199670",2,"C2"
"Zm00001eb175280",2,"C2"
"Zm00001eb171790",2,"C2"
"Zm00001eb173730",2,"C2"
"Zm00001eb176390",6,"C1"
"Zm00001eb172180",2,"C2"
"Zm00001eb188690",1,"C7"
"Zm00001eb189260",2,"C2"
"Zm00001eb191940",1,"C7"
"Zm00001eb196200",6,"C1"
"Zm00001eb199540",2,"C2"
"Zm00001eb187250",3,"C4"
"Zm00001eb169520",7,"C6"
"Zm00001eb184920",2,"C2"
"Zm00001eb197150",7,"C6"
"Zm00001eb179130",2,"C2"
"Zm00001eb198710",6,"C1"
"Zm00001eb203400",2,"C2"
"Zm00001eb191510",2,"C2"
"Zm00001eb165460",6,"C1"
"Zm00001eb180360",2,"C2"
"Zm00001eb177000",3,"C4"
"Zm00001eb189900",7,"C6"
"Zm00001eb209100",3,"C4"
"Zm00001eb185870",6,"C1"
"Zm00001eb192330",2,"C2"
"Zm00001eb199970",2,"C2"
"Zm00001eb206490",2,"C2"
"Zm00001eb192120",6,"C1"
"Zm00001eb187440",2,"C2"
"Zm00001eb208010",2,"C2"
"Zm00001eb202960",2,"C2"
"Zm00001eb176800",6,"C1"
"Zm00001eb192860",2,"C2"
"Zm00001eb173320",3,"C4"
"Zm00001eb167300",2,"C2"
"Zm00001eb204210",6,"C1"
"Zm00001eb170170",5,"C5"
"Zm00001eb198470",2,"C2"
"Zm00001eb169310",7,"C6"
"Zm00001eb181980",3,"C4"
"Zm00001eb187750",2,"C2"
"Zm00001eb184310",2,"C2"
"Zm00001eb192150",2,"C2"
"Zm00001eb200770",3,"C4"
"Zm00001eb208320",2,"C2"
"Zm00001eb176620",7,"C6"
"Zm00001eb173680",6,"C1"
"Zm00001eb170810",6,"C1"
"Zm00001eb206790",2,"C2"
"Zm00001eb188030",2,"C2"
"Zm00001eb185340",2,"C2"
"Zm00001eb194670",2,"C2"
"Zm00001eb194450",5,"C5"
"Zm00001eb210120",6,"C1"
"Zm00001eb209270",6,"C1"
"Zm00001eb174670",6,"C1"
"Zm00001eb176000",2,"C2"
"Zm00001eb165880",2,"C2"
"Zm00001eb197870",4,"C3"
"Zm00001eb187850",3,"C4"
"Zm00001eb171750",2,"C2"
"Zm00001eb191480",1,"C7"
"Zm00001eb194260",2,"C2"
"Zm00001eb188990",2,"C2"
"Zm00001eb186970",6,"C1"
"Zm00001eb201910",2,"C2"
"Zm00001eb165060",2,"C2"
"Zm00001eb185800",7,"C6"
"Zm00001eb168170",6,"C1"
"Zm00001eb198100",2,"C2"
"Zm00001eb181100",3,"C4"
"Zm00001eb183010",2,"C2"
"Zm00001eb171060",3,"C4"
"Zm00001eb208240",5,"C5"
"Zm00001eb176210",7,"C6"
"Zm00001eb197590",2,"C2"
"Zm00001eb190620",2,"C2"
"Zm00001eb190840",2,"C2"
"Zm00001eb200140",2,"C2"
"Zm00001eb177150",6,"C1"
"Zm00001eb191030",2,"C2"
"Zm00001eb181170",3,"C4"
"Zm00001eb180790",2,"C2"
"Zm00001eb191660",3,"C4"
"Zm00001eb174310",2,"C2"
"Zm00001eb197710",3,"C4"
"Zm00001eb184610",2,"C2"
"Zm00001eb193760",7,"C6"
"Zm00001eb165960",3,"C4"
"Zm00001eb169640",2,"C2"
"Zm00001eb185250",1,"C7"
"Zm00001eb193330",2,"C2"
"Zm00001eb183500",2,"C2"
"Zm00001eb172890",3,"C4"
"Zm00001eb196230",2,"C2"
"Zm00001eb205930",6,"C1"
"Zm00001eb209390",6,"C1"
"Zm00001eb193090",3,"C4"
"Zm00001eb194920",2,"C2"
"Zm00001eb173490",3,"C4"
"Zm00001eb187770",2,"C2"
"Zm00001eb203130",2,"C2"
"Zm00001eb200920",2,"C2"
"Zm00001eb187200",3,"C4"
"Zm00001eb205970",6,"C1"
"Zm00001eb171990",7,"C6"
"Zm00001eb209770",7,"C6"
"Zm00001eb179170",7,"C6"
"Zm00001eb179940",2,"C2"
"Zm00001eb207410",2,"C2"
"Zm00001eb202380",2,"C2"
"Zm00001eb190920",3,"C4"
"Zm00001eb198650",2,"C2"
"Zm00001eb205240",2,"C2"
"Zm00001eb204410",1,"C7"
"Zm00001eb207790",2,"C2"
"Zm00001eb194510",2,"C2"
"Zm00001eb188950",2,"C2"
"Zm00001eb191130",2,"C2"
"Zm00001eb184450",6,"C1"
"Zm00001eb185670",3,"C4"
"Zm00001eb167520",3,"C4"
"Zm00001eb208800",6,"C1"
"Zm00001eb167980",3,"C4"
"Zm00001eb185630",3,"C4"
"Zm00001eb190190",2,"C2"
"Zm00001eb174730",2,"C2"
"Zm00001eb189850",3,"C4"
"Zm00001eb176070",2,"C2"
"Zm00001eb172140",7,"C6"
"Zm00001eb207920",2,"C2"
"Zm00001eb208050",2,"C2"
"Zm00001eb169120",3,"C4"
"Zm00001eb195420",6,"C1"
"Zm00001eb205540",2,"C2"
"Zm00001eb170040",7,"C6"
"Zm00001eb186530",7,"C6"
"Zm00001eb196400",2,"C2"
"Zm00001eb188800",3,"C4"
"Zm00001eb198580",7,"C6"
"Zm00001eb199590",2,"C2"
"Zm00001eb185550",6,"C1"
"Zm00001eb176370",3,"C4"
"Zm00001eb199470",7,"C6"
"Zm00001eb198310",5,"C5"
"Zm00001eb204700",7,"C6"
"Zm00001eb195190",2,"C2"
"Zm00001eb174650",2,"C2"
"Zm00001eb164330",5,"C5"
"Zm00001eb177690",7,"C6"
"Zm00001eb178540",2,"C2"
"Zm00001eb176740",6,"C1"
"Zm00001eb193180",2,"C2"
"Zm00001eb172100",2,"C2"
"Zm00001eb176590",7,"C6"
"Zm00001eb179550",5,"C5"
"Zm00001eb209950",2,"C2"
"Zm00001eb207380",2,"C2"
"Zm00001eb192140",5,"C5"
"Zm00001eb199820",2,"C2"
"Zm00001eb185510",2,"C2"
"Zm00001eb209550",7,"C6"
"Zm00001eb186940",6,"C1"
"Zm00001eb191290",6,"C1"
"Zm00001eb177630",5,"C5"
"Zm00001eb194270",3,"C4"
"Zm00001eb193970",1,"C7"
"Zm00001eb200720",1,"C7"
"Zm00001eb202440",5,"C5"
"Zm00001eb181430",2,"C2"
"Zm00001eb193480",7,"C6"
"Zm00001eb205770",2,"C2"
"Zm00001eb204830",6,"C1"
"Zm00001eb170610",2,"C2"
"Zm00001eb172040",3,"C4"
"Zm00001eb198450",2,"C2"
"Zm00001eb192840",6,"C1"
"Zm00001eb209170",6,"C1"
"Zm00001eb176260",3,"C4"
"Zm00001eb193560",6,"C1"
"Zm00001eb196710",5,"C5"
"Zm00001eb173930",2,"C2"
"Zm00001eb182020",3,"C4"
"Zm00001eb189050",5,"C5"
"Zm00001eb173650",2,"C2"
"Zm00001eb166800",2,"C2"
"Zm00001eb171410",1,"C7"
"Zm00001eb178560",2,"C2"
"Zm00001eb198110",6,"C1"
"Zm00001eb206870",3,"C4"
"Zm00001eb167850",3,"C4"
"Zm00001eb195840",6,"C1"
"Zm00001eb169960",5,"C5"
"Zm00001eb208510",6,"C1"
"Zm00001eb169590",7,"C6"
"Zm00001eb205620",2,"C2"
"Zm00001eb193650",3,"C4"
"Zm00001eb176440",6,"C1"
"Zm00001eb207720",5,"C5"
"Zm00001eb207450",3,"C4"
"Zm00001eb167750",7,"C6"
"Zm00001eb171090",6,"C1"
"Zm00001eb181030",3,"C4"
"Zm00001eb194780",6,"C1"
"Zm00001eb200630",5,"C5"
"Zm00001eb190130",6,"C1"
"Zm00001eb096110",7,"C6"
"Zm00001eb080260",2,"C2"
"Zm00001eb088910",2,"C2"
"Zm00001eb115290",3,"C4"
"Zm00001eb070520",7,"C6"
"Zm00001eb081690",7,"C6"
"Zm00001eb105850",6,"C1"
"Zm00001eb114740",2,"C2"
"Zm00001eb101440",2,"C2"
"Zm00001eb082860",3,"C4"
"Zm00001eb110390",5,"C5"
"Zm00001eb077390",6,"C1"
"Zm00001eb101680",2,"C2"
"Zm00001eb085240",6,"C1"
"Zm00001eb104840",3,"C4"
"Zm00001eb108490",2,"C2"
"Zm00001eb065940",2,"C2"
"Zm00001eb114320",2,"C2"
"Zm00001eb090990",2,"C2"
"Zm00001eb114260",6,"C1"
"Zm00001eb078190",6,"C1"
"Zm00001eb097240",6,"C1"
"Zm00001eb065580",7,"C6"
"Zm00001eb099390",2,"C2"
"Zm00001eb066630",5,"C5"
"Zm00001eb080480",2,"C2"
"Zm00001eb071720",6,"C1"
"Zm00001eb112040",6,"C1"
"Zm00001eb067550",7,"C6"
"Zm00001eb118330",2,"C2"
"Zm00001eb105690",2,"C2"
"Zm00001eb091870",2,"C2"
"Zm00001eb107970",7,"C6"
"Zm00001eb097550",1,"C7"
"Zm00001eb113950",2,"C2"
"Zm00001eb097300",6,"C1"
"Zm00001eb100830",3,"C4"
"Zm00001eb106150",2,"C2"
"Zm00001eb103400",2,"C2"
"Zm00001eb079940",2,"C2"
"Zm00001eb109820",2,"C2"
"Zm00001eb079300",2,"C2"
"Zm00001eb109440",6,"C1"
"Zm00001eb079080",3,"C4"
"Zm00001eb112630",2,"C2"
"Zm00001eb073490",3,"C4"
"Zm00001eb110610",7,"C6"
"Zm00001eb098370",5,"C5"
"Zm00001eb072880",2,"C2"
"Zm00001eb112750",5,"C5"
"Zm00001eb092900",2,"C2"
"Zm00001eb111070",7,"C6"
"Zm00001eb066820",2,"C2"
"Zm00001eb080680",3,"C4"
"Zm00001eb108070",5,"C5"
"Zm00001eb075670",1,"C7"
"Zm00001eb115000",3,"C4"
"Zm00001eb102220",5,"C5"
"Zm00001eb111970",2,"C2"
"Zm00001eb078580",5,"C5"
"Zm00001eb097830",2,"C2"
"Zm00001eb084550",2,"C2"
"Zm00001eb102380",2,"C2"
"Zm00001eb111740",2,"C2"
"Zm00001eb093870",2,"C2"
"Zm00001eb102610",2,"C2"
"Zm00001eb107420",6,"C1"
"Zm00001eb107230",3,"C4"
"Zm00001eb095110",7,"C6"
"Zm00001eb095790",7,"C6"
"Zm00001eb086840",7,"C6"
"Zm00001eb097080",2,"C2"
"Zm00001eb116920",6,"C1"
"Zm00001eb074460",3,"C4"
"Zm00001eb110520",3,"C4"
"Zm00001eb077540",3,"C4"
"Zm00001eb106840",7,"C6"
"Zm00001eb103220",2,"C2"
"Zm00001eb116770",2,"C2"
"Zm00001eb085730",3,"C4"
"Zm00001eb110340",2,"C2"
"Zm00001eb081260",2,"C2"
"Zm00001eb069350",3,"C4"
"Zm00001eb082220",2,"C2"
"Zm00001eb092810",6,"C1"
"Zm00001eb094370",2,"C2"
"Zm00001eb104780",3,"C4"
"Zm00001eb109570",7,"C6"
"Zm00001eb099550",6,"C1"
"Zm00001eb098410",3,"C4"
"Zm00001eb100960",6,"C1"
"Zm00001eb105410",3,"C4"
"Zm00001eb102920",7,"C6"
"Zm00001eb078130",2,"C2"
"Zm00001eb066470",2,"C2"
"Zm00001eb099090",3,"C4"
"Zm00001eb091400",5,"C5"
"Zm00001eb092720",6,"C1"
"Zm00001eb114430",3,"C4"
"Zm00001eb082080",6,"C1"
"Zm00001eb068100",2,"C2"
"Zm00001eb089740",2,"C2"
"Zm00001eb086700",1,"C7"
"Zm00001eb101200",5,"C5"
"Zm00001eb105580",1,"C7"
"Zm00001eb090170",7,"C6"
"Zm00001eb102200",7,"C6"
"Zm00001eb070410",7,"C6"
"Zm00001eb085610",6,"C1"
"Zm00001eb073630",6,"C1"
"Zm00001eb065720",3,"C4"
"Zm00001eb096750",6,"C1"
"Zm00001eb095980",2,"C2"
"Zm00001eb091530",3,"C4"
"Zm00001eb096970",7,"C6"
"Zm00001eb067150",3,"C4"
"Zm00001eb082620",2,"C2"
"Zm00001eb070790",2,"C2"
"Zm00001eb094970",2,"C2"
"Zm00001eb075190",1,"C7"
"Zm00001eb071830",2,"C2"
"Zm00001eb103800",7,"C6"
"Zm00001eb069700",5,"C5"
"Zm00001eb073240",2,"C2"
"Zm00001eb108230",2,"C2"
"Zm00001eb109190",7,"C6"
"Zm00001eb092570",2,"C2"
"Zm00001eb106470",6,"C1"
"Zm00001eb093300",3,"C4"
"Zm00001eb082750",3,"C4"
"Zm00001eb092550",7,"C6"
"Zm00001eb094730",3,"C4"
"Zm00001eb069090",2,"C2"
"Zm00001eb098990",7,"C6"
"Zm00001eb110930",2,"C2"
"Zm00001eb103050",6,"C1"
"Zm00001eb078830",2,"C2"
"Zm00001eb099570",6,"C1"
"Zm00001eb086030",1,"C7"
"Zm00001eb085290",2,"C2"
"Zm00001eb082910",2,"C2"
"Zm00001eb078330",5,"C5"
"Zm00001eb111670",6,"C1"
"Zm00001eb066960",7,"C6"
"Zm00001eb089660",7,"C6"
"Zm00001eb076590",2,"C2"
"Zm00001eb095800",3,"C4"
"Zm00001eb085320",3,"C4"
"Zm00001eb100710",5,"C5"
"Zm00001eb075740",1,"C7"
"Zm00001eb108570",2,"C2"
"Zm00001eb096170",3,"C4"
"Zm00001eb103540",7,"C6"
"Zm00001eb067700",7,"C6"
"Zm00001eb111640",3,"C4"
"Zm00001eb066050",2,"C2"
"Zm00001eb085100",2,"C2"
"Zm00001eb110010",2,"C2"
"Zm00001eb068040",1,"C7"
"Zm00001eb098460",3,"C4"
"Zm00001eb067520",2,"C2"
"Zm00001eb110880",7,"C6"
"Zm00001eb100680",3,"C4"
"Zm00001eb089960",2,"C2"
"Zm00001eb104060",6,"C1"
"Zm00001eb065630",1,"C7"
"Zm00001eb082560",6,"C1"
"Zm00001eb089600",2,"C2"
"Zm00001eb093900",6,"C1"
"Zm00001eb089800",7,"C6"
"Zm00001eb092240",5,"C5"
"Zm00001eb102970",7,"C6"
"Zm00001eb116420",2,"C2"
"Zm00001eb115240",3,"C4"
"Zm00001eb074880",6,"C1"
"Zm00001eb083180",1,"C7"
"Zm00001eb098700",2,"C2"
"Zm00001eb066690",2,"C2"
"Zm00001eb113170",4,"C3"
"Zm00001eb110100",3,"C4"
"Zm00001eb066320",6,"C1"
"Zm00001eb101900",5,"C5"
"Zm00001eb116930",2,"C2"
"Zm00001eb091420",5,"C5"
"Zm00001eb081720",3,"C4"
"Zm00001eb104560",6,"C1"
"Zm00001eb117610",2,"C2"
"Zm00001eb077220",7,"C6"
"Zm00001eb113290",3,"C4"
"Zm00001eb110450",2,"C2"
"Zm00001eb107170",5,"C5"
"Zm00001eb103510",2,"C2"
"Zm00001eb083840",5,"C5"
"Zm00001eb106740",6,"C1"
"Zm00001eb070970",3,"C4"
"Zm00001eb075050",2,"C2"
"Zm00001eb117130",7,"C6"
"Zm00001eb076160",5,"C5"
"Zm00001eb074520",2,"C2"
"Zm00001eb098570",3,"C4"
"Zm00001eb089420",2,"C2"
"Zm00001eb113090",1,"C7"
"Zm00001eb079110",2,"C2"
"Zm00001eb092090",6,"C1"
"Zm00001eb101500",6,"C1"
"Zm00001eb109520",6,"C1"
"Zm00001eb068600",7,"C6"
"Zm00001eb106660",1,"C7"
"Zm00001eb071140",3,"C4"
"Zm00001eb067340",6,"C1"
"Zm00001eb075960",1,"C7"
"Zm00001eb078390",6,"C1"
"Zm00001eb070250",7,"C6"
"Zm00001eb106940",6,"C1"
"Zm00001eb117400",6,"C1"
"Zm00001eb104400",2,"C2"
"Zm00001eb111380",6,"C1"
"Zm00001eb066770",2,"C2"
"Zm00001eb105750",2,"C2"
"Zm00001eb073910",6,"C1"
"Zm00001eb089370",6,"C1"
"Zm00001eb088460",2,"C2"
"Zm00001eb084570",3,"C4"
"Zm00001eb088970",6,"C1"
"Zm00001eb079510",2,"C2"
"Zm00001eb077450",2,"C2"
"Zm00001eb108030",2,"C2"
"Zm00001eb103320",6,"C1"
"Zm00001eb077640",6,"C1"
"Zm00001eb068370",1,"C7"
"Zm00001eb107560",1,"C7"
"Zm00001eb073300",3,"C4"
"Zm00001eb084040",6,"C1"
"Zm00001eb073400",2,"C2"
"Zm00001eb073200",2,"C2"
"Zm00001eb077720",2,"C2"
"Zm00001eb066990",6,"C1"
"Zm00001eb086560",2,"C2"
"Zm00001eb078960",2,"C2"
"Zm00001eb106530",2,"C2"
"Zm00001eb076240",7,"C6"
"Zm00001eb082930",2,"C2"
"Zm00001eb078890",2,"C2"
"Zm00001eb107800",3,"C4"
"Zm00001eb065850",2,"C2"
"Zm00001eb084760",7,"C6"
"Zm00001eb117060",6,"C1"
"Zm00001eb095290",2,"C2"
"Zm00001eb103080",6,"C1"
"Zm00001eb113050",6,"C1"
"Zm00001eb108120",5,"C5"
"Zm00001eb074240",6,"C1"
"Zm00001eb069040",3,"C4"
"Zm00001eb100250",6,"C1"
"Zm00001eb107080",3,"C4"
"Zm00001eb103560",3,"C4"
"Zm00001eb093980",2,"C2"
"Zm00001eb096060",3,"C4"
"Zm00001eb080120",3,"C4"
"Zm00001eb100340",6,"C1"
"Zm00001eb099480",7,"C6"
"Zm00001eb104980",6,"C1"
"Zm00001eb105310",6,"C1"
"Zm00001eb115340",2,"C2"
"Zm00001eb083940",7,"C6"
"Zm00001eb080310",2,"C2"
"Zm00001eb100620",2,"C2"
"Zm00001eb106510",5,"C5"
"Zm00001eb100020",6,"C1"
"Zm00001eb071750",3,"C4"
"Zm00001eb102580",2,"C2"
"Zm00001eb066190",5,"C5"
"Zm00001eb117510",7,"C6"
"Zm00001eb112430",7,"C6"
"Zm00001eb076490",2,"C2"
"Zm00001eb084870",2,"C2"
"Zm00001eb073510",7,"C6"
"Zm00001eb107020",6,"C1"
"Zm00001eb108280",7,"C6"
"Zm00001eb067580",6,"C1"
"Zm00001eb086910",7,"C6"
"Zm00001eb099960",2,"C2"
"Zm00001eb071550",2,"C2"
"Zm00001eb100000",1,"C7"
"Zm00001eb109370",3,"C4"
"Zm00001eb075840",7,"C6"
"Zm00001eb082710",2,"C2"
"Zm00001eb107920",6,"C1"
"Zm00001eb073430",2,"C2"
"Zm00001eb105560",2,"C2"
"Zm00001eb092480",6,"C1"
"Zm00001eb077140",2,"C2"
"Zm00001eb088080",2,"C2"
"Zm00001eb072840",6,"C1"
"Zm00001eb114790",3,"C4"
"Zm00001eb083770",3,"C4"
"Zm00001eb117330",2,"C2"
"Zm00001eb104460",2,"C2"
"Zm00001eb104260",3,"C4"
"Zm00001eb112720",7,"C6"
"Zm00001eb072290",7,"C6"
"Zm00001eb102260",5,"C5"
"Zm00001eb104040",5,"C5"
"Zm00001eb104130",7,"C6"
"Zm00001eb084020",3,"C4"
"Zm00001eb067530",3,"C4"
"Zm00001eb069120",2,"C2"
"Zm00001eb093130",2,"C2"
"Zm00001eb106810",3,"C4"
"Zm00001eb108920",6,"C1"
"Zm00001eb109110",6,"C1"
"Zm00001eb094580",7,"C6"
"Zm00001eb110380",3,"C4"
"Zm00001eb102520",3,"C4"
"Zm00001eb066230",5,"C5"
"Zm00001eb067030",6,"C1"
"Zm00001eb096920",2,"C2"
"Zm00001eb103170",6,"C1"
"Zm00001eb100410",2,"C2"
"Zm00001eb070750",6,"C1"
"Zm00001eb083170",6,"C1"
"Zm00001eb108220",2,"C2"
"Zm00001eb082960",2,"C2"
"Zm00001eb098610",6,"C1"
"Zm00001eb107590",7,"C6"
"Zm00001eb106950",2,"C2"
"Zm00001eb116580",2,"C2"
"Zm00001eb100540",3,"C4"
"Zm00001eb067200",2,"C2"
"Zm00001eb083670",6,"C1"
"Zm00001eb118010",5,"C5"
"Zm00001eb091640",7,"C6"
"Zm00001eb066260",3,"C4"
"Zm00001eb103010",7,"C6"
"Zm00001eb082070",6,"C1"
"Zm00001eb116890",6,"C1"
"Zm00001eb078000",2,"C2"
"Zm00001eb085850",1,"C7"
"Zm00001eb101530",3,"C4"
"Zm00001eb068660",1,"C7"
"Zm00001eb117350",7,"C6"
"Zm00001eb066060",3,"C4"
"Zm00001eb113490",2,"C2"
"Zm00001eb085330",4,"C3"
"Zm00001eb105790",7,"C6"
"Zm00001eb109800",5,"C5"
"Zm00001eb114770",5,"C5"
"Zm00001eb092870",3,"C4"
"Zm00001eb105300",3,"C4"
"Zm00001eb069140",5,"C5"
"Zm00001eb113010",3,"C4"
"Zm00001eb117520",5,"C5"
"Zm00001eb089840",3,"C4"
"Zm00001eb075540",2,"C2"
"Zm00001eb103260",7,"C6"
"Zm00001eb100920",3,"C4"
"Zm00001eb091130",3,"C4"
"Zm00001eb101820",3,"C4"
"Zm00001eb106060",2,"C2"
"Zm00001eb105610",1,"C7"
"Zm00001eb099240",5,"C5"
"Zm00001eb102210",7,"C6"
"Zm00001eb106580",7,"C6"
"Zm00001eb067290",3,"C4"
"Zm00001eb082690",2,"C2"
"Zm00001eb113280",3,"C4"
"Zm00001eb112220",6,"C1"
"Zm00001eb095710",2,"C2"
"Zm00001eb098500",1,"C7"
"Zm00001eb093510",5,"C5"
"Zm00001eb079410",2,"C2"
"Zm00001eb090980",7,"C6"
"Zm00001eb107720",6,"C1"
"Zm00001eb087460",2,"C2"
"Zm00001eb078850",2,"C2"
"Zm00001eb087670",2,"C2"
"Zm00001eb089260",2,"C2"
"Zm00001eb072360",5,"C5"
"Zm00001eb069390",2,"C2"
"Zm00001eb068300",6,"C1"
"Zm00001eb102230",3,"C4"
"Zm00001eb113880",2,"C2"
"Zm00001eb116280",6,"C1"
"Zm00001eb110530",2,"C2"
"Zm00001eb081270",3,"C4"
"Zm00001eb069020",3,"C4"
"Zm00001eb105220",2,"C2"
"Zm00001eb080970",2,"C2"
"Zm00001eb070110",2,"C2"
"Zm00001eb111590",7,"C6"
"Zm00001eb103720",2,"C2"
"Zm00001eb105030",1,"C7"
"Zm00001eb108650",2,"C2"
"Zm00001eb066640",4,"C3"
"Zm00001eb106010",2,"C2"
"Zm00001eb104850",7,"C6"
"Zm00001eb086360",2,"C2"
"Zm00001eb071050",1,"C7"
"Zm00001eb114830",2,"C2"
"Zm00001eb115110",3,"C4"
"Zm00001eb104810",6,"C1"
"Zm00001eb104370",6,"C1"
"Zm00001eb078460",7,"C6"
"Zm00001eb107350",3,"C4"
"Zm00001eb115250",6,"C1"
"Zm00001eb105680",2,"C2"
"Zm00001eb073010",3,"C4"
"Zm00001eb081090",3,"C4"
"Zm00001eb073120",2,"C2"
"Zm00001eb114140",6,"C1"
"Zm00001eb081800",6,"C1"
"Zm00001eb101340",2,"C2"
"Zm00001eb073830",4,"C3"
"Zm00001eb076780",5,"C5"
"Zm00001eb075030",7,"C6"
"Zm00001eb093400",3,"C4"
"Zm00001eb083820",2,"C2"
"Zm00001eb078640",7,"C6"
"Zm00001eb071480",3,"C4"
"Zm00001eb080320",3,"C4"
"Zm00001eb093670",4,"C3"
"Zm00001eb071470",2,"C2"
"Zm00001eb090830",1,"C7"
"Zm00001eb116830",2,"C2"
"Zm00001eb104530",2,"C2"
"Zm00001eb095410",3,"C4"
"Zm00001eb096950",7,"C6"
"Zm00001eb107220",6,"C1"
"Zm00001eb091670",7,"C6"
"Zm00001eb074730",5,"C5"
"Zm00001eb099100",2,"C2"
"Zm00001eb117460",2,"C2"
"Zm00001eb070180",2,"C2"
"Zm00001eb095840",3,"C4"
"Zm00001eb109020",2,"C2"
"Zm00001eb068670",3,"C4"
"Zm00001eb085560",2,"C2"
"Zm00001eb111180",6,"C1"
"Zm00001eb100110",2,"C2"
"Zm00001eb095500",3,"C4"
"Zm00001eb110760",2,"C2"
"Zm00001eb107980",3,"C4"
"Zm00001eb100650",2,"C2"
"Zm00001eb088830",1,"C7"
"Zm00001eb110560",2,"C2"
"Zm00001eb081630",4,"C3"
"Zm00001eb095330",3,"C4"
"Zm00001eb076560",2,"C2"
"Zm00001eb096890",2,"C2"
"Zm00001eb093890",3,"C4"
"Zm00001eb076530",2,"C2"
"Zm00001eb069420",2,"C2"
"Zm00001eb076700",2,"C2"
"Zm00001eb070630",2,"C2"
"Zm00001eb092850",2,"C2"
"Zm00001eb077250",6,"C1"
"Zm00001eb077860",2,"C2"
"Zm00001eb068910",7,"C6"
"Zm00001eb082320",3,"C4"
"Zm00001eb081460",5,"C5"
"Zm00001eb089580",2,"C2"
"Zm00001eb107660",3,"C4"
"Zm00001eb066580",3,"C4"
"Zm00001eb109770",6,"C1"
"Zm00001eb111980",3,"C4"
"Zm00001eb108690",2,"C2"
"Zm00001eb104970",6,"C1"
"Zm00001eb078780",2,"C2"
"Zm00001eb078900",6,"C1"
"Zm00001eb075140",3,"C4"
"Zm00001eb115800",7,"C6"
"Zm00001eb068270",3,"C4"
"Zm00001eb112590",1,"C7"
"Zm00001eb068540",6,"C1"
"Zm00001eb079640",3,"C4"
"Zm00001eb070940",5,"C5"
"Zm00001eb069080",4,"C3"
"Zm00001eb106640",3,"C4"
"Zm00001eb079540",6,"C1"
"Zm00001eb103190",5,"C5"
"Zm00001eb094340",2,"C2"
"Zm00001eb082670",7,"C6"
"Zm00001eb117140",5,"C5"
"Zm00001eb108890",5,"C5"
"Zm00001eb070480",7,"C6"
"Zm00001eb071360",7,"C6"
"Zm00001eb072750",6,"C1"
"Zm00001eb116650",7,"C6"
"Zm00001eb110720",6,"C1"
"Zm00001eb091000",5,"C5"
"Zm00001eb083400",2,"C2"
"Zm00001eb116730",2,"C2"
"Zm00001eb075170",5,"C5"
"Zm00001eb073990",2,"C2"
"Zm00001eb074140",2,"C2"
"Zm00001eb112380",3,"C4"
"Zm00001eb093110",2,"C2"
"Zm00001eb094940",3,"C4"
"Zm00001eb097330",3,"C4"
"Zm00001eb110000",7,"C6"
"Zm00001eb116530",2,"C2"
"Zm00001eb087050",4,"C3"
"Zm00001eb084970",2,"C2"
"Zm00001eb106440",6,"C1"
"Zm00001eb110020",7,"C6"
"Zm00001eb068400",1,"C7"
"Zm00001eb068290",4,"C3"
"Zm00001eb066310",3,"C4"
"Zm00001eb080770",3,"C4"
"Zm00001eb111720",2,"C2"
"Zm00001eb102140",2,"C2"
"Zm00001eb104610",7,"C6"
"Zm00001eb094050",2,"C2"
"Zm00001eb072900",1,"C7"
"Zm00001eb084260",7,"C6"
"Zm00001eb101330",2,"C2"
"Zm00001eb065770",2,"C2"
"Zm00001eb076930",2,"C2"
"Zm00001eb116240",2,"C2"
"Zm00001eb073330",2,"C2"
"Zm00001eb080560",6,"C1"
"Zm00001eb092220",5,"C5"
"Zm00001eb114240",6,"C1"
"Zm00001eb076420",6,"C1"
"Zm00001eb104900",2,"C2"
"Zm00001eb085640",5,"C5"
"Zm00001eb084370",1,"C7"
"Zm00001eb081640",6,"C1"
"Zm00001eb080110",5,"C5"
"Zm00001eb077980",5,"C5"
"Zm00001eb074080",2,"C2"
"Zm00001eb065950",2,"C2"
"Zm00001eb107180",3,"C4"
"Zm00001eb089390",7,"C6"
"Zm00001eb098430",3,"C4"
"Zm00001eb074710",3,"C4"
"Zm00001eb088740",6,"C1"
"Zm00001eb083370",3,"C4"
"Zm00001eb077400",3,"C4"
"Zm00001eb109620",2,"C2"
"Zm00001eb104420",5,"C5"
"Zm00001eb098770",2,"C2"
"Zm00001eb066180",3,"C4"
"Zm00001eb116460",7,"C6"
"Zm00001eb089410",6,"C1"
"Zm00001eb078110",7,"C6"
"Zm00001eb085860",2,"C2"
"Zm00001eb117190",3,"C4"
"Zm00001eb070760",5,"C5"
"Zm00001eb094390",2,"C2"
"Zm00001eb115230",7,"C6"
"Zm00001eb106040",2,"C2"
"Zm00001eb067130",2,"C2"
"Zm00001eb117530",6,"C1"
"Zm00001eb117870",2,"C2"
"Zm00001eb068440",2,"C2"
"Zm00001eb078060",2,"C2"
"Zm00001eb113240",3,"C4"
"Zm00001eb084300",2,"C2"
"Zm00001eb073150",2,"C2"
"Zm00001eb107110",2,"C2"
"Zm00001eb071210",2,"C2"
"Zm00001eb096580",2,"C2"
"Zm00001eb077610",6,"C1"
"Zm00001eb093160",2,"C2"
"Zm00001eb098510",2,"C2"
"Zm00001eb070390",2,"C2"
"Zm00001eb073660",2,"C2"
"Zm00001eb094960",2,"C2"
"Zm00001eb083380",2,"C2"
"Zm00001eb106500",2,"C2"
"Zm00001eb068750",6,"C1"
"Zm00001eb099980",6,"C1"
"Zm00001eb072790",2,"C2"
"Zm00001eb069580",2,"C2"
"Zm00001eb071580",5,"C5"
"Zm00001eb111440",6,"C1"
"Zm00001eb069110",1,"C7"
"Zm00001eb070900",2,"C2"
"Zm00001eb106160",3,"C4"
"Zm00001eb092690",3,"C4"
"Zm00001eb107930",7,"C6"
"Zm00001eb067720",3,"C4"
"Zm00001eb069280",6,"C1"
"Zm00001eb078650",3,"C4"
"Zm00001eb101190",2,"C2"
"Zm00001eb068020",2,"C2"
"Zm00001eb092180",2,"C2"
"Zm00001eb090480",4,"C3"
"Zm00001eb103020",3,"C4"
"Zm00001eb101470",3,"C4"
"Zm00001eb076610",3,"C4"
"Zm00001eb096040",6,"C1"
"Zm00001eb096090",3,"C4"
"Zm00001eb084750",7,"C6"
"Zm00001eb102720",5,"C5"
"Zm00001eb107550",6,"C1"
"Zm00001eb091540",6,"C1"
"Zm00001eb079730",1,"C7"
"Zm00001eb085230",3,"C4"
"Zm00001eb101280",3,"C4"
"Zm00001eb073370",2,"C2"
"Zm00001eb093500",6,"C1"
"Zm00001eb075780",6,"C1"
"Zm00001eb072000",2,"C2"
"Zm00001eb103240",6,"C1"
"Zm00001eb105290",2,"C2"
"Zm00001eb078210",2,"C2"
"Zm00001eb115220",2,"C2"
"Zm00001eb106720",6,"C1"
"Zm00001eb070100",7,"C6"
"Zm00001eb116950",2,"C2"
"Zm00001eb105090",2,"C2"
"Zm00001eb077790",2,"C2"
"Zm00001eb105830",2,"C2"
"Zm00001eb076820",3,"C4"
"Zm00001eb113700",2,"C2"
"Zm00001eb080890",7,"C6"
"Zm00001eb109790",6,"C1"
"Zm00001eb074040",3,"C4"
"Zm00001eb099250",3,"C4"
"Zm00001eb105670",6,"C1"
"Zm00001eb104290",2,"C2"
"Zm00001eb118200",3,"C4"
"Zm00001eb114280",3,"C4"
"Zm00001eb097590",6,"C1"
"Zm00001eb083830",6,"C1"
"Zm00001eb103030",2,"C2"
"Zm00001eb082890",6,"C1"
"Zm00001eb086820",2,"C2"
"Zm00001eb104870",2,"C2"
"Zm00001eb101080",5,"C5"
"Zm00001eb117900",2,"C2"
"Zm00001eb083210",1,"C7"
"Zm00001eb112020",6,"C1"
"Zm00001eb082720",2,"C2"
"Zm00001eb065690",2,"C2"
"Zm00001eb072100",6,"C1"
"Zm00001eb093540",2,"C2"
"Zm00001eb077670",2,"C2"
"Zm00001eb071300",2,"C2"
"Zm00001eb084180",6,"C1"
"Zm00001eb114150",2,"C2"
"Zm00001eb075980",2,"C2"
"Zm00001eb076010",6,"C1"
"Zm00001eb070810",6,"C1"
"Zm00001eb117150",2,"C2"
"Zm00001eb111050",1,"C7"
"Zm00001eb104210",3,"C4"
"Zm00001eb102790",3,"C4"
"Zm00001eb095530",2,"C2"
"Zm00001eb091620",2,"C2"
"Zm00001eb092280",3,"C4"
"Zm00001eb074610",3,"C4"
"Zm00001eb093750",3,"C4"
"Zm00001eb110070",6,"C1"
"Zm00001eb067370",1,"C7"
"Zm00001eb106960",5,"C5"
"Zm00001eb112820",1,"C7"
"Zm00001eb075380",6,"C1"
"Zm00001eb101750",2,"C2"
"Zm00001eb094540",2,"C2"
"Zm00001eb070240",2,"C2"
"Zm00001eb102640",6,"C1"
"Zm00001eb103830",3,"C4"
"Zm00001eb085410",2,"C2"
"Zm00001eb105390",6,"C1"
"Zm00001eb076570",2,"C2"
"Zm00001eb102030",6,"C1"
"Zm00001eb106120",2,"C2"
"Zm00001eb103300",3,"C4"
"Zm00001eb103340",7,"C6"
"Zm00001eb077230",1,"C7"
"Zm00001eb099170",3,"C4"
"Zm00001eb067270",6,"C1"
"Zm00001eb103730",5,"C5"
"Zm00001eb098910",6,"C1"
"Zm00001eb070070",6,"C1"
"Zm00001eb089060",2,"C2"
"Zm00001eb085510",7,"C6"
"Zm00001eb093390",3,"C4"
"Zm00001eb100980",3,"C4"
"Zm00001eb072780",3,"C4"
"Zm00001eb076710",6,"C1"
"Zm00001eb095700",2,"C2"
"Zm00001eb076390",6,"C1"
"Zm00001eb068410",7,"C6"
"Zm00001eb105100",3,"C4"
"Zm00001eb116010",1,"C7"
"Zm00001eb104960",6,"C1"
"Zm00001eb081450",3,"C4"
"Zm00001eb084110",2,"C2"
"Zm00001eb096080",2,"C2"
"Zm00001eb066590",7,"C6"
"Zm00001eb069270",2,"C2"
"Zm00001eb101770",7,"C6"
"Zm00001eb111690",2,"C2"
"Zm00001eb105120",2,"C2"
"Zm00001eb103610",3,"C4"
"Zm00001eb076340",6,"C1"
"Zm00001eb082380",2,"C2"
"Zm00001eb078360",5,"C5"
"Zm00001eb107670",6,"C1"
"Zm00001eb070720",6,"C1"
"Zm00001eb092590",3,"C4"
"Zm00001eb091010",6,"C1"
"Zm00001eb085170",6,"C1"
"Zm00001eb096680",7,"C6"
"Zm00001eb067800",4,"C3"
"Zm00001eb089680",6,"C1"
"Zm00001eb118070",6,"C1"
"Zm00001eb107030",2,"C2"
"Zm00001eb075390",5,"C5"
"Zm00001eb097040",6,"C1"
"Zm00001eb071280",6,"C1"
"Zm00001eb094350",6,"C1"
"Zm00001eb081790",2,"C2"
"Zm00001eb072850",2,"C2"
"Zm00001eb072190",2,"C2"
"Zm00001eb102560",2,"C2"
"Zm00001eb075920",2,"C2"
"Zm00001eb099640",2,"C2"
"Zm00001eb106230",6,"C1"
"Zm00001eb110640",1,"C7"
"Zm00001eb074410",2,"C2"
"Zm00001eb071390",3,"C4"
"Zm00001eb066540",7,"C6"
"Zm00001eb116250",2,"C2"
"Zm00001eb110750",2,"C2"
"Zm00001eb103900",7,"C6"
"Zm00001eb080440",2,"C2"
"Zm00001eb098680",2,"C2"
"Zm00001eb096280",3,"C4"
"Zm00001eb107940",5,"C5"
"Zm00001eb112360",7,"C6"
"Zm00001eb106460",2,"C2"
"Zm00001eb110920",2,"C2"
"Zm00001eb080820",2,"C2"
"Zm00001eb106320",3,"C4"
"Zm00001eb104660",5,"C5"
"Zm00001eb090920",6,"C1"
"Zm00001eb082100",3,"C4"
"Zm00001eb077210",6,"C1"
"Zm00001eb068880",4,"C3"
"Zm00001eb108430",6,"C1"
"Zm00001eb080710",2,"C2"
"Zm00001eb116440",2,"C2"
"Zm00001eb083600",7,"C6"
"Zm00001eb100890",3,"C4"
"Zm00001eb066290",2,"C2"
"Zm00001eb093630",6,"C1"
"Zm00001eb075460",6,"C1"
"Zm00001eb105890",3,"C4"
"Zm00001eb101320",2,"C2"
"Zm00001eb101040",2,"C2"
"Zm00001eb079220",1,"C7"
"Zm00001eb100880",6,"C1"
"Zm00001eb107090",5,"C5"
"Zm00001eb104590",7,"C6"
"Zm00001eb090850",2,"C2"
"Zm00001eb082980",2,"C2"
"Zm00001eb070680",3,"C4"
"Zm00001eb102590",2,"C2"
"Zm00001eb109870",2,"C2"
"Zm00001eb081380",5,"C5"
"Zm00001eb110430",5,"C5"
"Zm00001eb091230",6,"C1"
"Zm00001eb110250",2,"C2"
"Zm00001eb074820",6,"C1"
"Zm00001eb079180",2,"C2"
"Zm00001eb066510",3,"C4"
"Zm00001eb081580",3,"C4"
"Zm00001eb086380",2,"C2"
"Zm00001eb111230",2,"C2"
"Zm00001eb110710",2,"C2"
"Zm00001eb075330",6,"C1"
"Zm00001eb114880",2,"C2"
"Zm00001eb076640",6,"C1"
"Zm00001eb070950",2,"C2"
"Zm00001eb113350",7,"C6"
"Zm00001eb071120",3,"C4"
"Zm00001eb069070",3,"C4"
"Zm00001eb110540",7,"C6"
"Zm00001eb105740",2,"C2"
"Zm00001eb070320",2,"C2"
"Zm00001eb117310",6,"C1"
"Zm00001eb066920",3,"C4"
"Zm00001eb117600",5,"C5"
"Zm00001eb072110",3,"C4"
"Zm00001eb107280",3,"C4"
"Zm00001eb100100",3,"C4"
"Zm00001eb087960",7,"C6"
"Zm00001eb071990",2,"C2"
"Zm00001eb114250",2,"C2"
"Zm00001eb082790",1,"C7"
"Zm00001eb093200",3,"C4"
"Zm00001eb099910",2,"C2"
"Zm00001eb095260",6,"C1"
"Zm00001eb075580",7,"C6"
"Zm00001eb116590",2,"C2"
"Zm00001eb081320",7,"C6"
"Zm00001eb102500",2,"C2"
"Zm00001eb085440",3,"C4"
"Zm00001eb075060",2,"C2"
"Zm00001eb094040",2,"C2"
"Zm00001eb075940",2,"C2"
"Zm00001eb081910",7,"C6"
"Zm00001eb108060",2,"C2"
"Zm00001eb078600",3,"C4"
"Zm00001eb088880",2,"C2"
"Zm00001eb101940",2,"C2"
"Zm00001eb095920",2,"C2"
"Zm00001eb102800",6,"C1"
"Zm00001eb072810",7,"C6"
"Zm00001eb078570",3,"C4"
"Zm00001eb097070",5,"C5"
"Zm00001eb110820",2,"C2"
"Zm00001eb109980",2,"C2"
"Zm00001eb079750",2,"C2"
"Zm00001eb098230",2,"C2"
"Zm00001eb079770",3,"C4"
"Zm00001eb070130",2,"C2"
"Zm00001eb066970",7,"C6"
"Zm00001eb103950",2,"C2"
"Zm00001eb113610",2,"C2"
"Zm00001eb101670",7,"C6"
"Zm00001eb069000",7,"C6"
"Zm00001eb071290",2,"C2"
"Zm00001eb075710",7,"C6"
"Zm00001eb096990",6,"C1"
"Zm00001eb106630",7,"C6"
"Zm00001eb081330",5,"C5"
"Zm00001eb080780",2,"C2"
"Zm00001eb103210",2,"C2"
"Zm00001eb079610",2,"C2"
"Zm00001eb068110",5,"C5"
"Zm00001eb115370",7,"C6"
"Zm00001eb091360",5,"C5"
"Zm00001eb082680",3,"C4"
"Zm00001eb083300",6,"C1"
"Zm00001eb099080",2,"C2"
"Zm00001eb102090",2,"C2"
"Zm00001eb077380",2,"C2"
"Zm00001eb108940",2,"C2"
"Zm00001eb112580",2,"C2"
"Zm00001eb080830",2,"C2"
"Zm00001eb095240",2,"C2"
"Zm00001eb111490",2,"C2"
"Zm00001eb067750",5,"C5"
"Zm00001eb112400",2,"C2"
"Zm00001eb104790",2,"C2"
"Zm00001eb109300",3,"C4"
"Zm00001eb085050",1,"C7"
"Zm00001eb108440",2,"C2"
"Zm00001eb072740",2,"C2"
"Zm00001eb076810",2,"C2"
"Zm00001eb094520",2,"C2"
"Zm00001eb075270",5,"C5"
"Zm00001eb078520",5,"C5"
"Zm00001eb074100",3,"C4"
"Zm00001eb094990",2,"C2"
"Zm00001eb096340",2,"C2"
"Zm00001eb067410",6,"C1"
"Zm00001eb076650",6,"C1"
"Zm00001eb081110",2,"C2"
"Zm00001eb076870",7,"C6"
"Zm00001eb086990",7,"C6"
"Zm00001eb072220",5,"C5"
"Zm00001eb091510",3,"C4"
"Zm00001eb065750",2,"C2"
"Zm00001eb110870",2,"C2"
"Zm00001eb098560",6,"C1"
"Zm00001eb094560",6,"C1"
"Zm00001eb111130",1,"C7"
"Zm00001eb085940",2,"C2"
"Zm00001eb075600",2,"C2"
"Zm00001eb096980",7,"C6"
"Zm00001eb110160",3,"C4"
"Zm00001eb074350",7,"C6"
"Zm00001eb079330",7,"C6"
"Zm00001eb100180",2,"C2"
"Zm00001eb109030",2,"C2"
"Zm00001eb088930",3,"C4"
"Zm00001eb089010",1,"C7"
"Zm00001eb073750",5,"C5"
"Zm00001eb092750",2,"C2"
"Zm00001eb073880",3,"C4"
"Zm00001eb066790",6,"C1"
"Zm00001eb091100",2,"C2"
"Zm00001eb068780",7,"C6"
"Zm00001eb074440",2,"C2"
"Zm00001eb112080",6,"C1"
"Zm00001eb072330",7,"C6"
"Zm00001eb073360",6,"C1"
"Zm00001eb107040",2,"C2"
"Zm00001eb097310",2,"C2"
"Zm00001eb076730",2,"C2"
"Zm00001eb105540",2,"C2"
"Zm00001eb083720",2,"C2"
"Zm00001eb097400",2,"C2"
"Zm00001eb082640",5,"C5"
"Zm00001eb072520",2,"C2"
"Zm00001eb080860",2,"C2"
"Zm00001eb109500",2,"C2"
"Zm00001eb070770",6,"C1"
"Zm00001eb081200",7,"C6"
"Zm00001eb076230",2,"C2"
"Zm00001eb107640",6,"C1"
"Zm00001eb111330",2,"C2"
"Zm00001eb110230",3,"C4"
"Zm00001eb089570",2,"C2"
"Zm00001eb069290",6,"C1"
"Zm00001eb081610",7,"C6"
"Zm00001eb112850",2,"C2"
"Zm00001eb066680",7,"C6"
"Zm00001eb092880",3,"C4"
"Zm00001eb117180",7,"C6"
"Zm00001eb071490",2,"C2"
"Zm00001eb111760",2,"C2"
"Zm00001eb068580",7,"C6"
"Zm00001eb104750",2,"C2"
"Zm00001eb103140",2,"C2"
"Zm00001eb108720",6,"C1"
"Zm00001eb085830",2,"C2"
"Zm00001eb086710",2,"C2"
"Zm00001eb111830",5,"C5"
"Zm00001eb071860",3,"C4"
"Zm00001eb066570",1,"C7"
"Zm00001eb066480",1,"C7"
"Zm00001eb080510",7,"C6"
"Zm00001eb101930",2,"C2"
"Zm00001eb081700",2,"C2"
"Zm00001eb087500",7,"C6"
"Zm00001eb077440",5,"C5"
"Zm00001eb095960",2,"C2"
"Zm00001eb098280",2,"C2"
"Zm00001eb072660",7,"C6"
"Zm00001eb095390",1,"C7"
"Zm00001eb102180",2,"C2"
"Zm00001eb094840",2,"C2"
"Zm00001eb073250",2,"C2"
"Zm00001eb066560",2,"C2"
"Zm00001eb068860",2,"C2"
"Zm00001eb113550",2,"C2"
"Zm00001eb074280",3,"C4"
"Zm00001eb108330",2,"C2"
"Zm00001eb075520",6,"C1"
"Zm00001eb089860",6,"C1"
"Zm00001eb082590",6,"C1"
"Zm00001eb074170",1,"C7"
"Zm00001eb111650",7,"C6"
"Zm00001eb072730",6,"C1"
"Zm00001eb067980",3,"C4"
"Zm00001eb071760",2,"C2"
"Zm00001eb084420",5,"C5"
"Zm00001eb118180",2,"C2"
"Zm00001eb070840",6,"C1"
"Zm00001eb067610",2,"C2"
"Zm00001eb117170",2,"C2"
"Zm00001eb075850",3,"C4"
"Zm00001eb088090",2,"C2"
"Zm00001eb111020",3,"C4"
"Zm00001eb099520",6,"C1"
"Zm00001eb094160",3,"C4"
"Zm00001eb068610",6,"C1"
"Zm00001eb107540",3,"C4"
"Zm00001eb089620",2,"C2"
"Zm00001eb071630",3,"C4"
"Zm00001eb102850",2,"C2"
"Zm00001eb083610",3,"C4"
"Zm00001eb113790",2,"C2"
"Zm00001eb095000",2,"C2"
"Zm00001eb110300",7,"C6"
"Zm00001eb107010",3,"C4"
"Zm00001eb081900",2,"C2"
"Zm00001eb067080",2,"C2"
"Zm00001eb102830",2,"C2"
"Zm00001eb066360",3,"C4"
"Zm00001eb117830",2,"C2"
"Zm00001eb080580",3,"C4"
"Zm00001eb104880",1,"C7"
"Zm00001eb114520",2,"C2"
"Zm00001eb116410",2,"C2"
"Zm00001eb077630",3,"C4"
"Zm00001eb104630",7,"C6"
"Zm00001eb108820",6,"C1"
"Zm00001eb079150",3,"C4"
"Zm00001eb077960",2,"C2"
"Zm00001eb081370",3,"C4"
"Zm00001eb086540",6,"C1"
"Zm00001eb068620",3,"C4"
"Zm00001eb091300",6,"C1"
"Zm00001eb108590",2,"C2"
"Zm00001eb109690",2,"C2"
"Zm00001eb084900",2,"C2"
"Zm00001eb083880",2,"C2"
"Zm00001eb080940",6,"C1"
"Zm00001eb069200",7,"C6"
"Zm00001eb067180",3,"C4"
"Zm00001eb068650",1,"C7"
"Zm00001eb114780",2,"C2"
"Zm00001eb088370",6,"C1"
"Zm00001eb082290",3,"C4"
"Zm00001eb091700",2,"C2"
"Zm00001eb074340",2,"C2"
"Zm00001eb075990",2,"C2"
"Zm00001eb104550",6,"C1"
"Zm00001eb107290",3,"C4"
"Zm00001eb117980",2,"C2"
"Zm00001eb099070",2,"C2"
"Zm00001eb085190",2,"C2"
"Zm00001eb082060",6,"C1"
"Zm00001eb109510",7,"C6"
"Zm00001eb084450",6,"C1"
"Zm00001eb104090",7,"C6"
"Zm00001eb109040",2,"C2"
"Zm00001eb079280",2,"C2"
"Zm00001eb071400",6,"C1"
"Zm00001eb101090",3,"C4"
"Zm00001eb079380",7,"C6"
"Zm00001eb071440",6,"C1"
"Zm00001eb110330",3,"C4"
"Zm00001eb106680",2,"C2"
"Zm00001eb116150",6,"C1"
"Zm00001eb110780",2,"C2"
"Zm00001eb089190",1,"C7"
"Zm00001eb086730",3,"C4"
"Zm00001eb110910",2,"C2"
"Zm00001eb098760",2,"C2"
"Zm00001eb100430",2,"C2"
"Zm00001eb104430",5,"C5"
"Zm00001eb066780",6,"C1"
"Zm00001eb068460",2,"C2"
"Zm00001eb081680",6,"C1"
"Zm00001eb076990",2,"C2"
"Zm00001eb111290",2,"C2"
"Zm00001eb109270",2,"C2"
"Zm00001eb096590",2,"C2"
"Zm00001eb116800",2,"C2"
"Zm00001eb114310",2,"C2"
"Zm00001eb076410",7,"C6"
"Zm00001eb102150",2,"C2"
"Zm00001eb095690",5,"C5"
"Zm00001eb106130",5,"C5"
"Zm00001eb108370",6,"C1"
"Zm00001eb067600",6,"C1"
"Zm00001eb073760",2,"C2"
"Zm00001eb118250",7,"C6"
"Zm00001eb067480",3,"C4"
"Zm00001eb089590",7,"C6"
"Zm00001eb079970",2,"C2"
"Zm00001eb076540",7,"C6"
"Zm00001eb075160",2,"C2"
"Zm00001eb096070",7,"C6"
"Zm00001eb105800",3,"C4"
"Zm00001eb081250",2,"C2"
"Zm00001eb085310",2,"C2"
"Zm00001eb114970",3,"C4"
"Zm00001eb070920",2,"C2"
"Zm00001eb105340",2,"C2"
"Zm00001eb101780",6,"C1"
"Zm00001eb117670",7,"C6"
"Zm00001eb068050",2,"C2"
"Zm00001eb106990",6,"C1"
"Zm00001eb079130",6,"C1"
"Zm00001eb099470",2,"C2"
"Zm00001eb107690",7,"C6"
"Zm00001eb070430",7,"C6"
"Zm00001eb090670",2,"C2"
"Zm00001eb077870",3,"C4"
"Zm00001eb091470",5,"C5"
"Zm00001eb097200",2,"C2"
"Zm00001eb066600",2,"C2"
"Zm00001eb088860",2,"C2"
"Zm00001eb102240",6,"C1"
"Zm00001eb092450",2,"C2"
"Zm00001eb071100",2,"C2"
"Zm00001eb102420",6,"C1"
"Zm00001eb070360",6,"C1"
"Zm00001eb083540",1,"C7"
"Zm00001eb100530",3,"C4"
"Zm00001eb089980",3,"C4"
"Zm00001eb104690",5,"C5"
"Zm00001eb100200",1,"C7"
"Zm00001eb086100",7,"C6"
"Zm00001eb106620",2,"C2"
"Zm00001eb084850",3,"C4"
"Zm00001eb066350",3,"C4"
"Zm00001eb076380",3,"C4"
"Zm00001eb105070",2,"C2"
"Zm00001eb102530",2,"C2"
"Zm00001eb099850",2,"C2"
"Zm00001eb104120",1,"C7"
"Zm00001eb113030",6,"C1"
"Zm00001eb102250",2,"C2"
"Zm00001eb116850",2,"C2"
"Zm00001eb096850",2,"C2"
"Zm00001eb112930",2,"C2"
"Zm00001eb115830",2,"C2"
"Zm00001eb095350",7,"C6"
"Zm00001eb093730",2,"C2"
"Zm00001eb091240",3,"C4"
"Zm00001eb069330",5,"C5"
"Zm00001eb105870",2,"C2"
"Zm00001eb076670",6,"C1"
"Zm00001eb106770",2,"C2"
"Zm00001eb078950",2,"C2"
"Zm00001eb067660",3,"C4"
"Zm00001eb104380",2,"C2"
"Zm00001eb086980",3,"C4"
"Zm00001eb094870",3,"C4"
"Zm00001eb100450",5,"C5"
"Zm00001eb094460",2,"C2"
"Zm00001eb070220",2,"C2"
"Zm00001eb085630",2,"C2"
"Zm00001eb087950",1,"C7"
"Zm00001eb110810",1,"C7"
"Zm00001eb078480",2,"C2"
"Zm00001eb097130",3,"C4"
"Zm00001eb071850",6,"C1"
"Zm00001eb075210",7,"C6"
"Zm00001eb103840",2,"C2"
"Zm00001eb088050",7,"C6"
"Zm00001eb086320",2,"C2"
"Zm00001eb093640",7,"C6"
"Zm00001eb074560",3,"C4"
"Zm00001eb088270",2,"C2"
"Zm00001eb101520",6,"C1"
"Zm00001eb108930",2,"C2"
"Zm00001eb110730",2,"C2"
"Zm00001eb081510",2,"C2"
"Zm00001eb104250",2,"C2"
"Zm00001eb106140",5,"C5"
"Zm00001eb098580",5,"C5"
"Zm00001eb118020",5,"C5"
"Zm00001eb086880",2,"C2"
"Zm00001eb116160",1,"C7"
"Zm00001eb116620",2,"C2"
"Zm00001eb067210",2,"C2"
"Zm00001eb075360",6,"C1"
"Zm00001eb070120",3,"C4"
"Zm00001eb114500",2,"C2"
"Zm00001eb106020",2,"C2"
"Zm00001eb093210",5,"C5"
"Zm00001eb073900",2,"C2"
"Zm00001eb118370",6,"C1"
"Zm00001eb083310",2,"C2"
"Zm00001eb099530",6,"C1"
"Zm00001eb082470",6,"C1"
"Zm00001eb088500",1,"C7"
"Zm00001eb071040",1,"C7"
"Zm00001eb109880",3,"C4"
"Zm00001eb066460",3,"C4"
"Zm00001eb065920",6,"C1"
"Zm00001eb085840",7,"C6"
"Zm00001eb109560",3,"C4"
"Zm00001eb074890",1,"C7"
"Zm00001eb101980",5,"C5"
"Zm00001eb096520",6,"C1"
"Zm00001eb073130",2,"C2"
"Zm00001eb106100",3,"C4"
"Zm00001eb068330",2,"C2"
"Zm00001eb113530",3,"C4"
"Zm00001eb093380",2,"C2"
"Zm00001eb113870",6,"C1"
"Zm00001eb091900",2,"C2"
"Zm00001eb094210",6,"C1"
"Zm00001eb113780",7,"C6"
"Zm00001eb108320",3,"C4"
"Zm00001eb078760",6,"C1"
"Zm00001eb077760",2,"C2"
"Zm00001eb071590",2,"C2"
"Zm00001eb081060",1,"C7"
"Zm00001eb107710",2,"C2"
"Zm00001eb089020",7,"C6"
"Zm00001eb110680",3,"C4"
"Zm00001eb068770",3,"C4"
"Zm00001eb072370",3,"C4"
"Zm00001eb084990",2,"C2"
"Zm00001eb097650",2,"C2"
"Zm00001eb108830",2,"C2"
"Zm00001eb102440",6,"C1"
"Zm00001eb097050",5,"C5"
"Zm00001eb067280",3,"C4"
"Zm00001eb078440",1,"C7"
"Zm00001eb102710",2,"C2"
"Zm00001eb114060",2,"C2"
"Zm00001eb116480",3,"C4"
"Zm00001eb068590",2,"C2"
"Zm00001eb068640",2,"C2"
"Zm00001eb083980",3,"C4"
"Zm00001eb100730",3,"C4"
"Zm00001eb114820",2,"C2"
"Zm00001eb066890",7,"C6"
"Zm00001eb084910",2,"C2"
"Zm00001eb095560",2,"C2"
"Zm00001eb075810",3,"C4"
"Zm00001eb118140",2,"C2"
"Zm00001eb073350",2,"C2"
"Zm00001eb097730",1,"C7"
"Zm00001eb089520",3,"C4"
"Zm00001eb086640",5,"C5"
"Zm00001eb088330",6,"C1"
"Zm00001eb068130",6,"C1"
"Zm00001eb070780",5,"C5"
"Zm00001eb070050",2,"C2"
"Zm00001eb091260",2,"C2"
"Zm00001eb067690",6,"C1"
"Zm00001eb069570",3,"C4"
"Zm00001eb093610",2,"C2"
"Zm00001eb072570",3,"C4"
"Zm00001eb077560",3,"C4"
"Zm00001eb079820",2,"C2"
"Zm00001eb100490",2,"C2"
"Zm00001eb098070",2,"C2"
"Zm00001eb070740",6,"C1"
"Zm00001eb086160",2,"C2"
"Zm00001eb092840",3,"C4"
"Zm00001eb112830",6,"C1"
"Zm00001eb118220",2,"C2"
"Zm00001eb108410",2,"C2"
"Zm00001eb066520",6,"C1"
"Zm00001eb105420",2,"C2"
"Zm00001eb078040",2,"C2"
"Zm00001eb109780",2,"C2"
"Zm00001eb102930",6,"C1"
"Zm00001eb105710",6,"C1"
"Zm00001eb097180",2,"C2"
"Zm00001eb103160",3,"C4"
"Zm00001eb093560",3,"C4"
"Zm00001eb082820",6,"C1"
"Zm00001eb108680",3,"C4"
"Zm00001eb112560",6,"C1"
"Zm00001eb111810",2,"C2"
"Zm00001eb070450",6,"C1"
"Zm00001eb087160",4,"C3"
"Zm00001eb078770",7,"C6"
"Zm00001eb101120",4,"C3"
"Zm00001eb067620",1,"C7"
"Zm00001eb095620",2,"C2"
"Zm00001eb082300",6,"C1"
"Zm00001eb111250",2,"C2"
"Zm00001eb107210",3,"C4"
"Zm00001eb083680",1,"C7"
"Zm00001eb118290",2,"C2"
"Zm00001eb068530",5,"C5"
"Zm00001eb070260",6,"C1"
"Zm00001eb066900",2,"C2"
"Zm00001eb104520",2,"C2"
"Zm00001eb079800",3,"C4"
"Zm00001eb089090",7,"C6"
"Zm00001eb078620",2,"C2"
"Zm00001eb094930",3,"C4"
"Zm00001eb091850",2,"C2"
"Zm00001eb066370",2,"C2"
"Zm00001eb097160",3,"C4"
"Zm00001eb094170",3,"C4"
"Zm00001eb084510",3,"C4"
"Zm00001eb088350",1,"C7"
"Zm00001eb111280",2,"C2"
"Zm00001eb095080",3,"C4"
"Zm00001eb111160",2,"C2"
"Zm00001eb067440",2,"C2"
"Zm00001eb078170",2,"C2"
"Zm00001eb085270",2,"C2"
"Zm00001eb068390",7,"C6"
"Zm00001eb065780",2,"C2"
"Zm00001eb116310",2,"C2"
"Zm00001eb104190",7,"C6"
"Zm00001eb071500",2,"C2"
"Zm00001eb088390",3,"C4"
"Zm00001eb107750",1,"C7"
"Zm00001eb080570",7,"C6"
"Zm00001eb096510",7,"C6"
"Zm00001eb103760",5,"C5"
"Zm00001eb111360",3,"C4"
"Zm00001eb068280",3,"C4"
"Zm00001eb096560",2,"C2"
"Zm00001eb109290",4,"C3"
"Zm00001eb067740",3,"C4"
"Zm00001eb102050",3,"C4"
"Zm00001eb071780",3,"C4"
"Zm00001eb075150",3,"C4"
"Zm00001eb094420",2,"C2"
"Zm00001eb085030",2,"C2"
"Zm00001eb075100",6,"C1"
"Zm00001eb081750",7,"C6"
"Zm00001eb103630",2,"C2"
"Zm00001eb089380",2,"C2"
"Zm00001eb095660",2,"C2"
"Zm00001eb066860",3,"C4"
"Zm00001eb091350",2,"C2"
"Zm00001eb116810",2,"C2"
"Zm00001eb113580",6,"C1"
"Zm00001eb088960",6,"C1"
"Zm00001eb102470",1,"C7"
"Zm00001eb105960",6,"C1"
"Zm00001eb106650",2,"C2"
"Zm00001eb079210",6,"C1"
"Zm00001eb079550",6,"C1"
"Zm00001eb109340",3,"C4"
"Zm00001eb080920",3,"C4"
"Zm00001eb093260",3,"C4"
"Zm00001eb077550",6,"C1"
"Zm00001eb091710",2,"C2"
"Zm00001eb097780",6,"C1"
"Zm00001eb112150",3,"C4"
"Zm00001eb075800",7,"C6"
"Zm00001eb109970",2,"C2"
"Zm00001eb111560",6,"C1"
"Zm00001eb083450",6,"C1"
"Zm00001eb082870",6,"C1"
"Zm00001eb090510",3,"C4"
"Zm00001eb094770",6,"C1"
"Zm00001eb107700",5,"C5"
"Zm00001eb101660",1,"C7"
"Zm00001eb085500",6,"C1"
"Zm00001eb094000",2,"C2"
"Zm00001eb108260",3,"C4"
"Zm00001eb088190",3,"C4"
"Zm00001eb106430",1,"C7"
"Zm00001eb069500",5,"C5"
"Zm00001eb110400",1,"C7"
"Zm00001eb101100",2,"C2"
"Zm00001eb103960",2,"C2"
"Zm00001eb116510",6,"C1"
"Zm00001eb074150",2,"C2"
"Zm00001eb093490",7,"C6"
"Zm00001eb079270",2,"C2"
"Zm00001eb070860",1,"C7"
"Zm00001eb097690",3,"C4"
"Zm00001eb068980",7,"C6"
"Zm00001eb072710",2,"C2"
"Zm00001eb069300",2,"C2"
"Zm00001eb110030",3,"C4"
"Zm00001eb074430",6,"C1"
"Zm00001eb102770",3,"C4"
"Zm00001eb110770",2,"C2"
"Zm00001eb085570",2,"C2"
"Zm00001eb112740",2,"C2"
"Zm00001eb066810",2,"C2"
"Zm00001eb098380",6,"C1"
"Zm00001eb099600",2,"C2"
"Zm00001eb083790",5,"C5"
"Zm00001eb099930",2,"C2"
"Zm00001eb108360",7,"C6"
"Zm00001eb108840",6,"C1"
"Zm00001eb085200",6,"C1"
"Zm00001eb080090",3,"C4"
"Zm00001eb074930",7,"C6"
"Zm00001eb072700",3,"C4"
"Zm00001eb080810",3,"C4"
"Zm00001eb096100",2,"C2"
"Zm00001eb070150",7,"C6"
"Zm00001eb094610",2,"C2"
"Zm00001eb112600",3,"C4"
"Zm00001eb104270",2,"C2"
"Zm00001eb113690",2,"C2"
"Zm00001eb068630",2,"C2"
"Zm00001eb093580",6,"C1"
"Zm00001eb114050",5,"C5"
"Zm00001eb080280",5,"C5"
"Zm00001eb105230",2,"C2"
"Zm00001eb069310",7,"C6"
"Zm00001eb117970",2,"C2"
"Zm00001eb074010",1,"C7"
"Zm00001eb109480",7,"C6"
"Zm00001eb106850",7,"C6"
"Zm00001eb105840",2,"C2"
"Zm00001eb065930",2,"C2"
"Zm00001eb079930",2,"C2"
"Zm00001eb080490",2,"C2"
"Zm00001eb097230",2,"C2"
"Zm00001eb117220",2,"C2"
"Zm00001eb066500",7,"C6"
"Zm00001eb082850",2,"C2"
"Zm00001eb082570",2,"C2"
"Zm00001eb108100",3,"C4"
"Zm00001eb078090",3,"C4"
"Zm00001eb065890",6,"C1"
"Zm00001eb096310",2,"C2"
"Zm00001eb108310",6,"C1"
"Zm00001eb109810",2,"C2"
"Zm00001eb095300",2,"C2"
"Zm00001eb079230",3,"C4"
"Zm00001eb105360",6,"C1"
"Zm00001eb114270",6,"C1"
"Zm00001eb077900",3,"C4"
"Zm00001eb068830",2,"C2"
"Zm00001eb097580",6,"C1"
"Zm00001eb092540",1,"C7"
"Zm00001eb075080",6,"C1"
"Zm00001eb116910",3,"C4"
"Zm00001eb072800",3,"C4"
"Zm00001eb102350",6,"C1"
"Zm00001eb076030",3,"C4"
"Zm00001eb067640",2,"C2"
"Zm00001eb096130",2,"C2"
"Zm00001eb089650",3,"C4"
"Zm00001eb103880",3,"C4"
"Zm00001eb094740",6,"C1"
"Zm00001eb106490",7,"C6"
"Zm00001eb098850",2,"C2"
"Zm00001eb098250",2,"C2"
"Zm00001eb081650",2,"C2"
"Zm00001eb117500",2,"C2"
"Zm00001eb100210",1,"C7"
"Zm00001eb093290",2,"C2"
"Zm00001eb100060",6,"C1"
"Zm00001eb108600",2,"C2"
"Zm00001eb075730",3,"C4"
"Zm00001eb100720",5,"C5"
"Zm00001eb108960",2,"C2"
"Zm00001eb078370",2,"C2"
"Zm00001eb106590",2,"C2"
"Zm00001eb112090",3,"C4"
"Zm00001eb116720",6,"C1"
"Zm00001eb106240",7,"C6"
"Zm00001eb070730",2,"C2"
"Zm00001eb095030",1,"C7"
"Zm00001eb073540",2,"C2"
"Zm00001eb091060",3,"C4"
"Zm00001eb110320",2,"C2"
"Zm00001eb068560",2,"C2"
"Zm00001eb084670",2,"C2"
"Zm00001eb113220",7,"C6"
"Zm00001eb084540",6,"C1"
"Zm00001eb065800",6,"C1"
"Zm00001eb086040",2,"C2"
"Zm00001eb081430",3,"C4"
"Zm00001eb111510",2,"C2"
"Zm00001eb109610",2,"C2"
"Zm00001eb110080",5,"C5"
"Zm00001eb067730",2,"C2"
"Zm00001eb082360",2,"C2"
"Zm00001eb077770",6,"C1"
"Zm00001eb070040",3,"C4"
"Zm00001eb094300",3,"C4"
"Zm00001eb070570",2,"C2"
"Zm00001eb097530",3,"C4"
"Zm00001eb113410",1,"C7"
"Zm00001eb080350",6,"C1"
"Zm00001eb094380",2,"C2"
"Zm00001eb113740",6,"C1"
"Zm00001eb117740",3,"C4"
"Zm00001eb098980",3,"C4"
"Zm00001eb086830",2,"C2"
"Zm00001eb101220",3,"C4"
"Zm00001eb071190",7,"C6"
"Zm00001eb065710",4,"C3"
"Zm00001eb109710",5,"C5"
"Zm00001eb066140",3,"C4"
"Zm00001eb114990",2,"C2"
"Zm00001eb082730",6,"C1"
"Zm00001eb084730",2,"C2"
"Zm00001eb084350",3,"C4"
"Zm00001eb089070",1,"C7"
"Zm00001eb079870",2,"C2"
"Zm00001eb110580",5,"C5"
"Zm00001eb071350",6,"C1"
"Zm00001eb098220",6,"C1"
"Zm00001eb111860",2,"C2"
"Zm00001eb096860",2,"C2"
"Zm00001eb101130",2,"C2"
"Zm00001eb103250",5,"C5"
"Zm00001eb103580",6,"C1"
"Zm00001eb070820",2,"C2"
"Zm00001eb100930",3,"C4"
"Zm00001eb076950",6,"C1"
"Zm00001eb106890",2,"C2"
"Zm00001eb102550",5,"C5"
"Zm00001eb076680",1,"C7"
"Zm00001eb074530",4,"C3"
"Zm00001eb117590",3,"C4"
"Zm00001eb094220",3,"C4"
"Zm00001eb111350",7,"C6"
"Zm00001eb070200",2,"C2"
"Zm00001eb112000",1,"C7"
"Zm00001eb110840",3,"C4"
"Zm00001eb069220",5,"C5"
"Zm00001eb069260",3,"C4"
"Zm00001eb076120",7,"C6"
"Zm00001eb086500",2,"C2"
"Zm00001eb097740",6,"C1"
"Zm00001eb093250",6,"C1"
"Zm00001eb071130",5,"C5"
"Zm00001eb092080",3,"C4"
"Zm00001eb065900",6,"C1"
"Zm00001eb081930",2,"C2"
"Zm00001eb109890",2,"C2"
"Zm00001eb073720",6,"C1"
"Zm00001eb103740",6,"C1"
"Zm00001eb068720",6,"C1"
"Zm00001eb100190",7,"C6"
"Zm00001eb102780",3,"C4"
"Zm00001eb110650",5,"C5"
"Zm00001eb106050",2,"C2"
"Zm00001eb104410",6,"C1"
"Zm00001eb099720",5,"C5"
"Zm00001eb074940",1,"C7"
"Zm00001eb091500",2,"C2"
"Zm00001eb098520",3,"C4"
"Zm00001eb084560",3,"C4"
"Zm00001eb079360",3,"C4"
"Zm00001eb069620",2,"C2"
"Zm00001eb067490",2,"C2"
"Zm00001eb111400",6,"C1"
"Zm00001eb071460",7,"C6"
"Zm00001eb073920",2,"C2"
"Zm00001eb097100",5,"C5"
"Zm00001eb078800",3,"C4"
"Zm00001eb070670",6,"C1"
"Zm00001eb065610",2,"C2"
"Zm00001eb108530",7,"C6"
"Zm00001eb089790",2,"C2"
"Zm00001eb080540",3,"C4"
"Zm00001eb100170",6,"C1"
"Zm00001eb080840",1,"C7"
"Zm00001eb103750",2,"C2"
"Zm00001eb116960",1,"C7"
"Zm00001eb101060",7,"C6"
"Zm00001eb071820",5,"C5"
"Zm00001eb067960",6,"C1"
"Zm00001eb080070",2,"C2"
"Zm00001eb079950",6,"C1"
"Zm00001eb096500",3,"C4"
"Zm00001eb103310",3,"C4"
"Zm00001eb083200",3,"C4"
"Zm00001eb066660",7,"C6"
"Zm00001eb106300",6,"C1"
"Zm00001eb072120",6,"C1"
"Zm00001eb102980",3,"C4"
"Zm00001eb067350",6,"C1"
"Zm00001eb071240",3,"C4"
"Zm00001eb104070",3,"C4"
"Zm00001eb102460",6,"C1"
"Zm00001eb096690",2,"C2"
"Zm00001eb066420",2,"C2"
"Zm00001eb105900",5,"C5"
"Zm00001eb079340",4,"C3"
"Zm00001eb117070",2,"C2"
"Zm00001eb103370",3,"C4"
"Zm00001eb081140",7,"C6"
"Zm00001eb070310",7,"C6"
"Zm00001eb092070",3,"C4"
"Zm00001eb084860",3,"C4"
"Zm00001eb071740",2,"C2"
"Zm00001eb107530",3,"C4"
"Zm00001eb101380",6,"C1"
"Zm00001eb072270",2,"C2"
"Zm00001eb072860",6,"C1"
"Zm00001eb083760",6,"C1"
"Zm00001eb111480",3,"C4"
"Zm00001eb100350",2,"C2"
"Zm00001eb086680",5,"C5"
"Zm00001eb073790",6,"C1"
"Zm00001eb073580",6,"C1"
"Zm00001eb106180",2,"C2"
"Zm00001eb104710",7,"C6"
"Zm00001eb083870",7,"C6"
"Zm00001eb114030",6,"C1"
"Zm00001eb080380",1,"C7"
"Zm00001eb107900",3,"C4"
"Zm00001eb086800",2,"C2"
"Zm00001eb071650",7,"C6"
"Zm00001eb078590",6,"C1"
"Zm00001eb113310",5,"C5"
"Zm00001eb089630",3,"C4"
"Zm00001eb079470",6,"C1"
"Zm00001eb095270",3,"C4"
"Zm00001eb069130",3,"C4"
"Zm00001eb086050",2,"C2"
"Zm00001eb115900",5,"C5"
"Zm00001eb094690",2,"C2"
"Zm00001eb076830",2,"C2"
"Zm00001eb099970",6,"C1"
"Zm00001eb094880",3,"C4"
"Zm00001eb111000",3,"C4"
"Zm00001eb112260",3,"C4"
"Zm00001eb099490",3,"C4"
"Zm00001eb082370",2,"C2"
"Zm00001eb102400",6,"C1"
"Zm00001eb109360",3,"C4"
"Zm00001eb074210",1,"C7"
"Zm00001eb111920",3,"C4"
"Zm00001eb117770",3,"C4"
"Zm00001eb115980",2,"C2"
"Zm00001eb095930",7,"C6"
"Zm00001eb116230",1,"C7"
"Zm00001eb091780",7,"C6"
"Zm00001eb073180",6,"C1"
"Zm00001eb105640",3,"C4"
"Zm00001eb112550",6,"C1"
"Zm00001eb105550",3,"C4"
"Zm00001eb108420",3,"C4"
"Zm00001eb116430",6,"C1"
"Zm00001eb101950",3,"C4"
"Zm00001eb075570",2,"C2"
"Zm00001eb077710",2,"C2"
"Zm00001eb107490",7,"C6"
"Zm00001eb112900",6,"C1"
"Zm00001eb105510",3,"C4"
"Zm00001eb110350",2,"C2"
"Zm00001eb080640",2,"C2"
"Zm00001eb082660",5,"C5"
"Zm00001eb096930",4,"C3"
"Zm00001eb103820",2,"C2"
"Zm00001eb084770",2,"C2"
"Zm00001eb071010",5,"C5"
"Zm00001eb086520",2,"C2"
"Zm00001eb075250",7,"C6"
"Zm00001eb109130",6,"C1"
"Zm00001eb096260",6,"C1"
"Zm00001eb108610",2,"C2"
"Zm00001eb098730",6,"C1"
"Zm00001eb078100",2,"C2"
"Zm00001eb068340",2,"C2"
"Zm00001eb082310",6,"C1"
"Zm00001eb079170",7,"C6"
"Zm00001eb068760",6,"C1"
"Zm00001eb082230",2,"C2"
"Zm00001eb096490",7,"C6"
"Zm00001eb085130",5,"C5"
"Zm00001eb097710",3,"C4"
"Zm00001eb065760",3,"C4"
"Zm00001eb068570",2,"C2"
"Zm00001eb099820",7,"C6"
"Zm00001eb109900",3,"C4"
"Zm00001eb102740",2,"C2"
"Zm00001eb108300",3,"C4"
"Zm00001eb110460",5,"C5"
"Zm00001eb074120",3,"C4"
"Zm00001eb112480",7,"C6"
"Zm00001eb071540",2,"C2"
"Zm00001eb079310",2,"C2"
"Zm00001eb111890",2,"C2"
"Zm00001eb071070",2,"C2"
"Zm00001eb104730",1,"C7"
"Zm00001eb093800",6,"C1"
"Zm00001eb095730",2,"C2"
"Zm00001eb117030",2,"C2"
"Zm00001eb110890",2,"C2"
"Zm00001eb113730",3,"C4"
"Zm00001eb081120",2,"C2"
"Zm00001eb090390",6,"C1"
"Zm00001eb078510",2,"C2"
"Zm00001eb106080",6,"C1"
"Zm00001eb084360",1,"C7"
"Zm00001eb069190",3,"C4"
"Zm00001eb095640",2,"C2"
"Zm00001eb066940",2,"C2"
"Zm00001eb097290",3,"C4"
"Zm00001eb073980",5,"C5"
"Zm00001eb078970",3,"C4"
"Zm00001eb072310",6,"C1"
"Zm00001eb066870",2,"C2"
"Zm00001eb077920",3,"C4"
"Zm00001eb079760",3,"C4"
"Zm00001eb079780",1,"C7"
"Zm00001eb097360",2,"C2"
"Zm00001eb108390",6,"C1"
"Zm00001eb111630",2,"C2"
"Zm00001eb102300",2,"C2"
"Zm00001eb097000",3,"C4"
"Zm00001eb082970",2,"C2"
"Zm00001eb081350",3,"C4"
"Zm00001eb101920",2,"C2"
"Zm00001eb113970",2,"C2"
"Zm00001eb076460",2,"C2"
"Zm00001eb103180",2,"C2"
"Zm00001eb070980",5,"C5"
"Zm00001eb073810",2,"C2"
"Zm00001eb109140",3,"C4"
"Zm00001eb070500",6,"C1"
"Zm00001eb111900",2,"C2"
"Zm00001eb099120",2,"C2"
"Zm00001eb095440",2,"C2"
"Zm00001eb096140",3,"C4"
"Zm00001eb116340",2,"C2"
"Zm00001eb069010",3,"C4"
"Zm00001eb103570",2,"C2"
"Zm00001eb118150",2,"C2"
"Zm00001eb100750",2,"C2"
"Zm00001eb104860",3,"C4"
"Zm00001eb086530",3,"C4"
"Zm00001eb116570",2,"C2"
"Zm00001eb105780",2,"C2"
"Zm00001eb093420",2,"C2"
"Zm00001eb116970",6,"C1"
"Zm00001eb084530",2,"C2"
"Zm00001eb100550",6,"C1"
"Zm00001eb111820",2,"C2"
"Zm00001eb067460",2,"C2"
"Zm00001eb093140",7,"C6"
"Zm00001eb115510",2,"C2"
"Zm00001eb066000",1,"C7"
"Zm00001eb091580",3,"C4"
"Zm00001eb097850",6,"C1"
"Zm00001eb080410",2,"C2"
"Zm00001eb078010",7,"C6"
"Zm00001eb080500",6,"C1"
"Zm00001eb114370",2,"C2"
"Zm00001eb101700",5,"C5"
"Zm00001eb101420",3,"C4"
"Zm00001eb113140",3,"C4"
"Zm00001eb096610",2,"C2"
"Zm00001eb112540",6,"C1"
"Zm00001eb075120",2,"C2"
"Zm00001eb079260",3,"C4"
"Zm00001eb077430",2,"C2"
"Zm00001eb078940",2,"C2"
"Zm00001eb092100",2,"C2"
"Zm00001eb100140",7,"C6"
"Zm00001eb096870",1,"C7"
"Zm00001eb066340",2,"C2"
"Zm00001eb065650",2,"C2"
"Zm00001eb066150",2,"C2"
"Zm00001eb110790",5,"C5"
"Zm00001eb094310",3,"C4"
"Zm00001eb088290",3,"C4"
"Zm00001eb102360",3,"C4"
"Zm00001eb095230",7,"C6"
"Zm00001eb082840",2,"C2"
"Zm00001eb079320",6,"C1"
"Zm00001eb099870",3,"C4"
"Zm00001eb085950",3,"C4"
"Zm00001eb117430",7,"C6"
"Zm00001eb095190",3,"C4"
"Zm00001eb074870",5,"C5"
"Zm00001eb116350",6,"C1"
"Zm00001eb078560",2,"C2"
"Zm00001eb070400",3,"C4"
"Zm00001eb086280",2,"C2"
"Zm00001eb099670",3,"C4"
"Zm00001eb088940",6,"C1"
"Zm00001eb073740",6,"C1"
"Zm00001eb110630",1,"C7"
"Zm00001eb109660",2,"C2"
"Zm00001eb103700",7,"C6"
"Zm00001eb111340",6,"C1"
"Zm00001eb106360",3,"C4"
"Zm00001eb067220",6,"C1"
"Zm00001eb066800",2,"C2"
"Zm00001eb075420",7,"C6"
"Zm00001eb117100",6,"C1"
"Zm00001eb082630",6,"C1"
"Zm00001eb080850",3,"C4"
"Zm00001eb097940",2,"C2"
"Zm00001eb109490",2,"C2"
"Zm00001eb101880",7,"C6"
"Zm00001eb098540",2,"C2"
"Zm00001eb081280",1,"C7"
"Zm00001eb112310",3,"C4"
"Zm00001eb104760",3,"C4"
"Zm00001eb067650",2,"C2"
"Zm00001eb107990",7,"C6"
"Zm00001eb113600",3,"C4"
"Zm00001eb097390",2,"C2"
"Zm00001eb107050",3,"C4"
"Zm00001eb092190",2,"C2"
"Zm00001eb080520",6,"C1"
"Zm00001eb074540",2,"C2"
"Zm00001eb108950",2,"C2"
"Zm00001eb100660",2,"C2"
"Zm00001eb082760",3,"C4"
"Zm00001eb094480",2,"C2"
"Zm00001eb091720",2,"C2"
"Zm00001eb085010",6,"C1"
"Zm00001eb085870",2,"C2"
"Zm00001eb065860",2,"C2"
"Zm00001eb115120",2,"C2"
"Zm00001eb108620",2,"C2"
"Zm00001eb077840",6,"C1"
"Zm00001eb076130",3,"C4"
"Zm00001eb072680",5,"C5"
"Zm00001eb072940",3,"C4"
"Zm00001eb085340",3,"C4"
"Zm00001eb068960",2,"C2"
"Zm00001eb111910",6,"C1"
"Zm00001eb108550",1,"C7"
"Zm00001eb117230",3,"C4"
"Zm00001eb104950",2,"C2"
"Zm00001eb103060",6,"C1"
"Zm00001eb086000",6,"C1"
"Zm00001eb098840",7,"C6"
"Zm00001eb078140",6,"C1"
"Zm00001eb067160",2,"C2"
"Zm00001eb101630",3,"C4"
"Zm00001eb104680",7,"C6"
"Zm00001eb071020",3,"C4"
"Zm00001eb104720",2,"C2"
"Zm00001eb078990",2,"C2"
"Zm00001eb103490",6,"C1"
"Zm00001eb068350",2,"C2"
"Zm00001eb112950",2,"C2"
"Zm00001eb091920",7,"C6"
"Zm00001eb081030",1,"C7"
"Zm00001eb117080",2,"C2"
"Zm00001eb082150",2,"C2"
"Zm00001eb092040",6,"C1"
"Zm00001eb109680",6,"C1"
"Zm00001eb116740",7,"C6"
"Zm00001eb090540",6,"C1"
"Zm00001eb103480",6,"C1"
"Zm00001eb069320",7,"C6"
"Zm00001eb103990",6,"C1"
"Zm00001eb100950",7,"C6"
"Zm00001eb118100",2,"C2"
"Zm00001eb111850",3,"C4"
"Zm00001eb066010",2,"C2"
"Zm00001eb100600",2,"C2"
"Zm00001eb086340",2,"C2"
"Zm00001eb094750",7,"C6"
"Zm00001eb071770",3,"C4"
"Zm00001eb083630",3,"C4"
"Zm00001eb110830",6,"C1"
"Zm00001eb107520",3,"C4"
"Zm00001eb094240",2,"C2"
"Zm00001eb094630",2,"C2"
"Zm00001eb085520",5,"C5"
"Zm00001eb068710",2,"C2"
"Zm00001eb115680",3,"C4"
"Zm00001eb099500",3,"C4"
"Zm00001eb073410",6,"C1"
"Zm00001eb106370",7,"C6"
"Zm00001eb068000",1,"C7"
"Zm00001eb110510",6,"C1"
"Zm00001eb107480",1,"C7"
"Zm00001eb093320",2,"C2"
"Zm00001eb066670",2,"C2"
"Zm00001eb081230",2,"C2"
"Zm00001eb069520",6,"C1"
"Zm00001eb106450",2,"C2"
"Zm00001eb091980",3,"C4"
"Zm00001eb069630",1,"C7"
"Zm00001eb096760",3,"C4"
"Zm00001eb098490",2,"C2"
"Zm00001eb095200",2,"C2"
"Zm00001eb099030",2,"C2"
"Zm00001eb067500",2,"C2"
"Zm00001eb075630",1,"C7"
"Zm00001eb077120",2,"C2"
"Zm00001eb076770",2,"C2"
"Zm00001eb099280",2,"C2"
"Zm00001eb118240",1,"C7"
"Zm00001eb100440",6,"C1"
"Zm00001eb097220",3,"C4"
"Zm00001eb102840",2,"C2"
"Zm00001eb078220",5,"C5"
"Zm00001eb085760",2,"C2"
"Zm00001eb095370",6,"C1"
"Zm00001eb066950",3,"C4"
"Zm00001eb086780",2,"C2"
"Zm00001eb097480",6,"C1"
"Zm00001eb079980",5,"C5"
"Zm00001eb090590",2,"C2"
"Zm00001eb107400",6,"C1"
"Zm00001eb090730",2,"C2"
"Zm00001eb108170",6,"C1"
"Zm00001eb079290",2,"C2"
"Zm00001eb092230",6,"C1"
"Zm00001eb105530",6,"C1"
"Zm00001eb085680",7,"C6"
"Zm00001eb095070",2,"C2"
"Zm00001eb105810",3,"C4"
"Zm00001eb111990",7,"C6"
"Zm00001eb088470",2,"C2"
"Zm00001eb078070",4,"C3"
"Zm00001eb068240",2,"C2"
"Zm00001eb066610",6,"C1"
"Zm00001eb114360",2,"C2"
"Zm00001eb098030",3,"C4"
"Zm00001eb070910",2,"C2"
"Zm00001eb098450",6,"C1"
"Zm00001eb077530",3,"C4"
"Zm00001eb104540",2,"C2"
"Zm00001eb081190",2,"C2"
"Zm00001eb103200",7,"C6"
"Zm00001eb107190",6,"C1"
"Zm00001eb097950",7,"C6"
"Zm00001eb067190",7,"C6"
"Zm00001eb107250",6,"C1"
"Zm00001eb068550",2,"C2"
"Zm00001eb072460",5,"C5"
"Zm00001eb112700",3,"C4"
"Zm00001eb110260",2,"C2"
"Zm00001eb082280",5,"C5"
"Zm00001eb095540",2,"C2"
"Zm00001eb109550",3,"C4"
"Zm00001eb066850",6,"C1"
"Zm00001eb117640",3,"C4"
"Zm00001eb117850",2,"C2"
"Zm00001eb106900",2,"C2"
"Zm00001eb093120",3,"C4"
"Zm00001eb071430",7,"C6"
"Zm00001eb110370",6,"C1"
"Zm00001eb111790",2,"C2"
"Zm00001eb077010",3,"C4"
"Zm00001eb090760",3,"C4"
"Zm00001eb074650",3,"C4"
"Zm00001eb087130",2,"C2"
"Zm00001eb070060",2,"C2"
"Zm00001eb095880",6,"C1"
"Zm00001eb072540",6,"C1"
"Zm00001eb111300",2,"C2"
"Zm00001eb110980",5,"C5"
"Zm00001eb087930",2,"C2"
"Zm00001eb090910",5,"C5"
"Zm00001eb073670",2,"C2"
"Zm00001eb066840",3,"C4"
"Zm00001eb088250",2,"C2"
"Zm00001eb079910",2,"C2"
"Zm00001eb066730",2,"C2"
"Zm00001eb078410",6,"C1"
"Zm00001eb101480",6,"C1"
"Zm00001eb103470",6,"C1"
"Zm00001eb093280",2,"C2"
"Zm00001eb091070",3,"C4"
"Zm00001eb084940",6,"C1"
"Zm00001eb093150",2,"C2"
"Zm00001eb072890",5,"C5"
"Zm00001eb067920",3,"C4"
"Zm00001eb098340",7,"C6"
"Zm00001eb082830",2,"C2"
"Zm00001eb074070",6,"C1"
"Zm00001eb111730",6,"C1"
"Zm00001eb082050",7,"C6"
"Zm00001eb106420",6,"C1"
"Zm00001eb095100",2,"C2"
"Zm00001eb111960",2,"C2"
"Zm00001eb094910",5,"C5"
"Zm00001eb107910",7,"C6"
"Zm00001eb090500",2,"C2"
"Zm00001eb101270",3,"C4"
"Zm00001eb083570",5,"C5"
"Zm00001eb065560",7,"C6"
"Zm00001eb115650",2,"C2"
"Zm00001eb095770",6,"C1"
"Zm00001eb073520",2,"C2"
"Zm00001eb097790",2,"C2"
"Zm00001eb082920",2,"C2"
"Zm00001eb075450",6,"C1"
"Zm00001eb075760",1,"C7"
"Zm00001eb112170",5,"C5"
"Zm00001eb098040",2,"C2"
"Zm00001eb066830",3,"C4"
"Zm00001eb082210",2,"C2"
"Zm00001eb078120",3,"C4"
"Zm00001eb085770",7,"C6"
"Zm00001eb084080",2,"C2"
"Zm00001eb073870",3,"C4"
"Zm00001eb102430",2,"C2"
"Zm00001eb117930",2,"C2"
"Zm00001eb066620",2,"C2"
"Zm00001eb115870",6,"C1"
"Zm00001eb104990",6,"C1"
"Zm00001eb107810",7,"C6"
"Zm00001eb103090",2,"C2"
"Zm00001eb116400",2,"C2"
"Zm00001eb109640",3,"C4"
"Zm00001eb098590",6,"C1"
"Zm00001eb080370",2,"C2"
"Zm00001eb101360",5,"C5"
"Zm00001eb084290",1,"C7"
"Zm00001eb115490",2,"C2"
"Zm00001eb092730",3,"C4"
"Zm00001eb067560",6,"C1"
"Zm00001eb115010",3,"C4"
"Zm00001eb102540",7,"C6"
"Zm00001eb082540",7,"C6"
"Zm00001eb076020",3,"C4"
"Zm00001eb084630",7,"C6"
"Zm00001eb080610",7,"C6"
"Zm00001eb104670",2,"C2"
"Zm00001eb084590",5,"C5"
"Zm00001eb094700",5,"C5"
"Zm00001eb094400",2,"C2"
"Zm00001eb076840",3,"C4"
"Zm00001eb094320",3,"C4"
"Zm00001eb102120",3,"C4"
"Zm00001eb081810",3,"C4"
"Zm00001eb085350",2,"C2"
"Zm00001eb110960",6,"C1"
"Zm00001eb069600",2,"C2"
"Zm00001eb069450",6,"C1"
"Zm00001eb081070",5,"C5"
"Zm00001eb070230",2,"C2"
"Zm00001eb103410",2,"C2"
"Zm00001eb106910",7,"C6"
"Zm00001eb114070",6,"C1"
"Zm00001eb104220",2,"C2"
"Zm00001eb086400",2,"C2"
"Zm00001eb111660",7,"C6"
"Zm00001eb104510",6,"C1"
"Zm00001eb072050",3,"C4"
"Zm00001eb104280",2,"C2"
"Zm00001eb111120",2,"C2"
"Zm00001eb083810",2,"C2"
"Zm00001eb099580",7,"C6"
"Zm00001eb075370",7,"C6"
"Zm00001eb067380",1,"C7"
"Zm00001eb086860",3,"C4"
"Zm00001eb097750",2,"C2"
"Zm00001eb095510",7,"C6"
"Zm00001eb071150",6,"C1"
"Zm00001eb094250",2,"C2"
"Zm00001eb094550",2,"C2"
"Zm00001eb076600",7,"C6"
"Zm00001eb113710",2,"C2"
"Zm00001eb084410",2,"C2"
"Zm00001eb067710",1,"C7"
"Zm00001eb084430",7,"C6"
"Zm00001eb089170",6,"C1"
"Zm00001eb077160",7,"C6"
"Zm00001eb071730",6,"C1"
"Zm00001eb084920",2,"C2"
"Zm00001eb093090",7,"C6"
"Zm00001eb100460",5,"C5"
"Zm00001eb078200",2,"C2"
"Zm00001eb107620",3,"C4"
"Zm00001eb086060",3,"C4"
"Zm00001eb111200",2,"C2"
"Zm00001eb074030",3,"C4"
"Zm00001eb101860",7,"C6"
"Zm00001eb090700",7,"C6"
"Zm00001eb066100",7,"C6"
"Zm00001eb074680",2,"C2"
"Zm00001eb116750",3,"C4"
"Zm00001eb098110",2,"C2"
"Zm00001eb086790",2,"C2"
"Zm00001eb100310",2,"C2"
"Zm00001eb083750",6,"C1"
"Zm00001eb110600",2,"C2"
"Zm00001eb106750",2,"C2"
"Zm00001eb096290",2,"C2"
"Zm00001eb096530",3,"C4"
"Zm00001eb065870",2,"C2"
"Zm00001eb100230",4,"C3"
"Zm00001eb096900",5,"C5"
"Zm00001eb117040",6,"C1"
"Zm00001eb118210",2,"C2"
"Zm00001eb112030",2,"C2"
"Zm00001eb099000",2,"C2"
"Zm00001eb065570",3,"C4"
"Zm00001eb095630",2,"C2"
"Zm00001eb078490",3,"C4"
"Zm00001eb077780",2,"C2"
"Zm00001eb101990",3,"C4"
"Zm00001eb075200",3,"C4"
"Zm00001eb076050",3,"C4"
"Zm00001eb073310",3,"C4"
"Zm00001eb075310",5,"C5"
"Zm00001eb110620",6,"C1"
"Zm00001eb086650",2,"C2"
"Zm00001eb078350",2,"C2"
"Zm00001eb077100",6,"C1"
"Zm00001eb071940",6,"C1"
"Zm00001eb111600",2,"C2"
"Zm00001eb082000",6,"C1"
"Zm00001eb097990",6,"C1"
"Zm00001eb097030",2,"C2"
"Zm00001eb070960",6,"C1"
"Zm00001eb068520",2,"C2"
"Zm00001eb079200",6,"C1"
"Zm00001eb101890",2,"C2"
"Zm00001eb067810",2,"C2"
"Zm00001eb085420",3,"C4"
"Zm00001eb116020",2,"C2"
"Zm00001eb089670",7,"C6"
"Zm00001eb079590",2,"C2"
"Zm00001eb094670",2,"C2"
"Zm00001eb093460",2,"C2"
"Zm00001eb108470",2,"C2"
"Zm00001eb087060",2,"C2"
"Zm00001eb109330",3,"C4"
"Zm00001eb087280",6,"C1"
"Zm00001eb069640",2,"C2"
"Zm00001eb088630",2,"C2"
"Zm00001eb084890",2,"C2"
"Zm00001eb117470",2,"C2"
"Zm00001eb088180",6,"C1"
"Zm00001eb110590",6,"C1"
"Zm00001eb105060",2,"C2"
"Zm00001eb114200",6,"C1"
"Zm00001eb075910",3,"C4"
"Zm00001eb103890",2,"C2"
"Zm00001eb084660",2,"C2"
"Zm00001eb092800",2,"C2"
"Zm00001eb116370",2,"C2"
"Zm00001eb116270",6,"C1"
"Zm00001eb094410",7,"C6"
"Zm00001eb101410",5,"C5"
"Zm00001eb072560",2,"C2"
"Zm00001eb107760",1,"C7"
"Zm00001eb113470",2,"C2"
"Zm00001eb085820",7,"C6"
"Zm00001eb107890",7,"C6"
"Zm00001eb100840",5,"C5"
"Zm00001eb087020",2,"C2"
"Zm00001eb066530",1,"C7"
"Zm00001eb065790",7,"C6"
"Zm00001eb089720",6,"C1"
"Zm00001eb067450",6,"C1"
"Zm00001eb066330",3,"C4"
"Zm00001eb110270",2,"C2"
"Zm00001eb080950",5,"C5"
"Zm00001eb071170",3,"C4"
"Zm00001eb108400",2,"C2"
"Zm00001eb065970",3,"C4"
"Zm00001eb074060",2,"C2"
"Zm00001eb083240",2,"C2"
"Zm00001eb073620",6,"C1"
"Zm00001eb097890",2,"C2"
"Zm00001eb105970",7,"C6"
"Zm00001eb066650",6,"C1"
"Zm00001eb101710",3,"C4"
"Zm00001eb086720",2,"C2"
"Zm00001eb066020",2,"C2"
"Zm00001eb105020",7,"C6"
"Zm00001eb097670",7,"C6"
"Zm00001eb115270",6,"C1"
"Zm00001eb105130",2,"C2"
"Zm00001eb117560",2,"C2"
"Zm00001eb082130",4,"C3"
"Zm00001eb107730",3,"C4"
"Zm00001eb083950",3,"C4"
"Zm00001eb093550",2,"C2"
"Zm00001eb084120",2,"C2"
"Zm00001eb095480",2,"C2"
"Zm00001eb087380",3,"C4"
"Zm00001eb118030",3,"C4"
"Zm00001eb071110",3,"C4"
"Zm00001eb111570",2,"C2"
"Zm00001eb105490",6,"C1"
"Zm00001eb100610",6,"C1"
"Zm00001eb083640",2,"C2"
"Zm00001eb075320",4,"C3"
"Zm00001eb103500",2,"C2"
"Zm00001eb085110",2,"C2"
"Zm00001eb093270",3,"C4"
"Zm00001eb067320",2,"C2"
"Zm00001eb070550",7,"C6"
"Zm00001eb070280",1,"C7"
"Zm00001eb076190",1,"C7"
"Zm00001eb118340",6,"C1"
"Zm00001eb102310",2,"C2"
"Zm00001eb071030",2,"C2"
"Zm00001eb077910",2,"C2"
"Zm00001eb116880",4,"C3"
"Zm00001eb079790",1,"C7"
"Zm00001eb117050",3,"C4"
"Zm00001eb105730",2,"C2"
"Zm00001eb111390",5,"C5"
"Zm00001eb078810",3,"C4"
"Zm00001eb075610",2,"C2"
"Zm00001eb071930",5,"C5"
"Zm00001eb100130",7,"C6"
"Zm00001eb108090",2,"C2"
"Zm00001eb106830",7,"C6"
"Zm00001eb097150",2,"C2"
"Zm00001eb069490",6,"C1"
"Zm00001eb084520",1,"C7"
"Zm00001eb085380",6,"C1"
"Zm00001eb118450",3,"C4"
"Zm00001eb104480",6,"C1"
"Zm00001eb073440",2,"C2"
"Zm00001eb102760",2,"C2"
"Zm00001eb074580",6,"C1"
"Zm00001eb084160",2,"C2"
"Zm00001eb102480",7,"C6"
"Zm00001eb078400",3,"C4"
"Zm00001eb111100",2,"C2"
"Zm00001eb093020",6,"C1"
"Zm00001eb118400",3,"C4"
"Zm00001eb086200",5,"C5"
"Zm00001eb079000",5,"C5"
"Zm00001eb081870",2,"C2"
"Zm00001eb096030",7,"C6"
"Zm00001eb109830",2,"C2"
"Zm00001eb104350",6,"C1"
"Zm00001eb115200",5,"C5"
"Zm00001eb112760",3,"C4"
"Zm00001eb067010",3,"C4"
"Zm00001eb066110",3,"C4"
"Zm00001eb091270",5,"C5"
"Zm00001eb070190",2,"C2"
"Zm00001eb071800",3,"C4"
"Zm00001eb088520",6,"C1"
"Zm00001eb075500",2,"C2"
"Zm00001eb082500",6,"C1"
"Zm00001eb101050",3,"C4"
"Zm00001eb111370",3,"C4"
"Zm00001eb101640",2,"C2"
"Zm00001eb117300",6,"C1"
"Zm00001eb068160",5,"C5"
"Zm00001eb082160",5,"C5"
"Zm00001eb108290",2,"C2"
"Zm00001eb073930",6,"C1"
"Zm00001eb093590",5,"C5"
"Zm00001eb083520",2,"C2"
"Zm00001eb092890",2,"C2"
"Zm00001eb102600",6,"C1"
"Zm00001eb105880",4,"C3"
"Zm00001eb083160",1,"C7"
"Zm00001eb100260",7,"C6"
"Zm00001eb093970",2,"C2"
"Zm00001eb117210",2,"C2"
"Zm00001eb115300",2,"C2"
"Zm00001eb081660",3,"C4"
"Zm00001eb096480",1,"C7"
"Zm00001eb110280",6,"C1"
"Zm00001eb078080",2,"C2"
"Zm00001eb086170",3,"C4"
"Zm00001eb103070",3,"C4"
"Zm00001eb155150",2,"C2"
"Zm00001eb144800",2,"C2"
"Zm00001eb128910",5,"C5"
"Zm00001eb139430",2,"C2"
"Zm00001eb124560",3,"C4"
"Zm00001eb152560",7,"C6"
"Zm00001eb144930",1,"C7"
"Zm00001eb137550",2,"C2"
"Zm00001eb120370",6,"C1"
"Zm00001eb143700",7,"C6"
"Zm00001eb123660",2,"C2"
"Zm00001eb122690",6,"C1"
"Zm00001eb155060",1,"C7"
"Zm00001eb126700",2,"C2"
"Zm00001eb153590",6,"C1"
"Zm00001eb158220",2,"C2"
"Zm00001eb139640",3,"C4"
"Zm00001eb151550",2,"C2"
"Zm00001eb141270",1,"C7"
"Zm00001eb150180",3,"C4"
"Zm00001eb122210",3,"C4"
"Zm00001eb131310",6,"C1"
"Zm00001eb152190",2,"C2"
"Zm00001eb130270",6,"C1"
"Zm00001eb138190",2,"C2"
"Zm00001eb141060",3,"C4"
"Zm00001eb148670",3,"C4"
"Zm00001eb142430",7,"C6"
"Zm00001eb132310",3,"C4"
"Zm00001eb138900",6,"C1"
"Zm00001eb140590",3,"C4"
"Zm00001eb149430",6,"C1"
"Zm00001eb155640",2,"C2"
"Zm00001eb135190",2,"C2"
"Zm00001eb149230",7,"C6"
"Zm00001eb144080",3,"C4"
"Zm00001eb120910",7,"C6"
"Zm00001eb127090",2,"C2"
"Zm00001eb154110",3,"C4"
"Zm00001eb137020",6,"C1"
"Zm00001eb152490",2,"C2"
"Zm00001eb136890",7,"C6"
"Zm00001eb128260",2,"C2"
"Zm00001eb146090",6,"C1"
"Zm00001eb163290",6,"C1"
"Zm00001eb140970",2,"C2"
"Zm00001eb133430",6,"C1"
"Zm00001eb129090",2,"C2"
"Zm00001eb154520",2,"C2"
"Zm00001eb138850",2,"C2"
"Zm00001eb158320",3,"C4"
"Zm00001eb125210",7,"C6"
"Zm00001eb162010",6,"C1"
"Zm00001eb157580",2,"C2"
"Zm00001eb137600",2,"C2"
"Zm00001eb121110",2,"C2"
"Zm00001eb134810",2,"C2"
"Zm00001eb122160",2,"C2"
"Zm00001eb126310",6,"C1"
"Zm00001eb151450",3,"C4"
"Zm00001eb159570",6,"C1"
"Zm00001eb139700",6,"C1"
"Zm00001eb145790",5,"C5"
"Zm00001eb156370",2,"C2"
"Zm00001eb148730",2,"C2"
"Zm00001eb153840",3,"C4"
"Zm00001eb144410",6,"C1"
"Zm00001eb120570",2,"C2"
"Zm00001eb156550",2,"C2"
"Zm00001eb162220",3,"C4"
"Zm00001eb130390",1,"C7"
"Zm00001eb119480",6,"C1"
"Zm00001eb161000",6,"C1"
"Zm00001eb140490",3,"C4"
"Zm00001eb131070",5,"C5"
"Zm00001eb128680",2,"C2"
"Zm00001eb163330",2,"C2"
"Zm00001eb137760",3,"C4"
"Zm00001eb136840",3,"C4"
"Zm00001eb144560",4,"C3"
"Zm00001eb155390",2,"C2"
"Zm00001eb162700",2,"C2"
"Zm00001eb140390",2,"C2"
"Zm00001eb153200",2,"C2"
"Zm00001eb157120",3,"C4"
"Zm00001eb148330",2,"C2"
"Zm00001eb160700",6,"C1"
"Zm00001eb144290",5,"C5"
"Zm00001eb148910",7,"C6"
"Zm00001eb133890",2,"C2"
"Zm00001eb140280",2,"C2"
"Zm00001eb162920",2,"C2"
"Zm00001eb139010",2,"C2"
"Zm00001eb145680",1,"C7"
"Zm00001eb133640",3,"C4"
"Zm00001eb144220",2,"C2"
"Zm00001eb124810",6,"C1"
"Zm00001eb139520",2,"C2"
"Zm00001eb129580",2,"C2"
"Zm00001eb133110",7,"C6"
"Zm00001eb127900",2,"C2"
"Zm00001eb138650",1,"C7"
"Zm00001eb142830",2,"C2"
"Zm00001eb120030",4,"C3"
"Zm00001eb141920",3,"C4"
"Zm00001eb132380",3,"C4"
"Zm00001eb127740",2,"C2"
"Zm00001eb151650",3,"C4"
"Zm00001eb150720",6,"C1"
"Zm00001eb145380",3,"C4"
"Zm00001eb140160",3,"C4"
"Zm00001eb125780",6,"C1"
"Zm00001eb143990",2,"C2"
"Zm00001eb135380",6,"C1"
"Zm00001eb162880",2,"C2"
"Zm00001eb118820",7,"C6"
"Zm00001eb147340",6,"C1"
"Zm00001eb122280",3,"C4"
"Zm00001eb122660",2,"C2"
"Zm00001eb143180",6,"C1"
"Zm00001eb154860",3,"C4"
"Zm00001eb144980",3,"C4"
"Zm00001eb121200",1,"C7"
"Zm00001eb119160",6,"C1"
"Zm00001eb134200",6,"C1"
"Zm00001eb155980",2,"C2"
"Zm00001eb137040",3,"C4"
"Zm00001eb138710",3,"C4"
"Zm00001eb152000",3,"C4"
"Zm00001eb133700",6,"C1"
"Zm00001eb140540",6,"C1"
"Zm00001eb126510",5,"C5"
"Zm00001eb130500",1,"C7"
"Zm00001eb146230",6,"C1"
"Zm00001eb157590",6,"C1"
"Zm00001eb130040",3,"C4"
"Zm00001eb147720",3,"C4"
"Zm00001eb136530",5,"C5"
"Zm00001eb150010",3,"C4"
"Zm00001eb120900",7,"C6"
"Zm00001eb143950",2,"C2"
"Zm00001eb138180",3,"C4"
"Zm00001eb139760",3,"C4"
"Zm00001eb121890",3,"C4"
"Zm00001eb128940",2,"C2"
"Zm00001eb141210",5,"C5"
"Zm00001eb162160",2,"C2"
"Zm00001eb123570",6,"C1"
"Zm00001eb156000",1,"C7"
"Zm00001eb147430",2,"C2"
"Zm00001eb163630",3,"C4"
"Zm00001eb146770",2,"C2"
"Zm00001eb149970",6,"C1"
"Zm00001eb137990",7,"C6"
"Zm00001eb139890",2,"C2"
"Zm00001eb156260",2,"C2"
"Zm00001eb164150",3,"C4"
"Zm00001eb128160",6,"C1"
"Zm00001eb119570",3,"C4"
"Zm00001eb161730",2,"C2"
"Zm00001eb148830",2,"C2"
"Zm00001eb143350",2,"C2"
"Zm00001eb142610",2,"C2"
"Zm00001eb149090",3,"C4"
"Zm00001eb143110",6,"C1"
"Zm00001eb159810",3,"C4"
"Zm00001eb140440",6,"C1"
"Zm00001eb157640",3,"C4"
"Zm00001eb126770",3,"C4"
"Zm00001eb160760",6,"C1"
"Zm00001eb154130",6,"C1"
"Zm00001eb124170",1,"C7"
"Zm00001eb151610",6,"C1"
"Zm00001eb135450",2,"C2"
"Zm00001eb147110",1,"C7"
"Zm00001eb127670",2,"C2"
"Zm00001eb161050",5,"C5"
"Zm00001eb136860",2,"C2"
"Zm00001eb153640",2,"C2"
"Zm00001eb127780",2,"C2"
"Zm00001eb157740",2,"C2"
"Zm00001eb159040",2,"C2"
"Zm00001eb118470",3,"C4"
"Zm00001eb146660",5,"C5"
"Zm00001eb135790",3,"C4"
"Zm00001eb161360",2,"C2"
"Zm00001eb155240",3,"C4"
"Zm00001eb127130",2,"C2"
"Zm00001eb152680",2,"C2"
"Zm00001eb156920",7,"C6"
"Zm00001eb135050",2,"C2"
"Zm00001eb125400",5,"C5"
"Zm00001eb138420",3,"C4"
"Zm00001eb130850",6,"C1"
"Zm00001eb129740",2,"C2"
"Zm00001eb149830",3,"C4"
"Zm00001eb154480",1,"C7"
"Zm00001eb162380",2,"C2"
"Zm00001eb156450",6,"C1"
"Zm00001eb120630",2,"C2"
"Zm00001eb134530",3,"C4"
"Zm00001eb161290",3,"C4"
"Zm00001eb159720",3,"C4"
"Zm00001eb162140",2,"C2"
"Zm00001eb133000",2,"C2"
"Zm00001eb139960",2,"C2"
"Zm00001eb164250",6,"C1"
"Zm00001eb152420",2,"C2"
"Zm00001eb136060",2,"C2"
"Zm00001eb139140",1,"C7"
"Zm00001eb131590",5,"C5"
"Zm00001eb139090",3,"C4"
"Zm00001eb123240",1,"C7"
"Zm00001eb144650",2,"C2"
"Zm00001eb160050",1,"C7"
"Zm00001eb139650",2,"C2"
"Zm00001eb149540",3,"C4"
"Zm00001eb155140",6,"C1"
"Zm00001eb158290",1,"C7"
"Zm00001eb122440",2,"C2"
"Zm00001eb122900",2,"C2"
"Zm00001eb126560",2,"C2"
"Zm00001eb147220",4,"C3"
"Zm00001eb123350",2,"C2"
"Zm00001eb161590",3,"C4"
"Zm00001eb160820",1,"C7"
"Zm00001eb133590",2,"C2"
"Zm00001eb139570",5,"C5"
"Zm00001eb119320",7,"C6"
"Zm00001eb147390",1,"C7"
"Zm00001eb138080",2,"C2"
"Zm00001eb153360",3,"C4"
"Zm00001eb141130",1,"C7"
"Zm00001eb121580",6,"C1"
"Zm00001eb157380",2,"C2"
"Zm00001eb138070",1,"C7"
"Zm00001eb151620",2,"C2"
"Zm00001eb156010",2,"C2"
"Zm00001eb137170",2,"C2"
"Zm00001eb161610",1,"C7"
"Zm00001eb151340",3,"C4"
"Zm00001eb158170",7,"C6"
"Zm00001eb157150",2,"C2"
"Zm00001eb121040",6,"C1"
"Zm00001eb163500",6,"C1"
"Zm00001eb132420",3,"C4"
"Zm00001eb127970",6,"C1"
"Zm00001eb152820",6,"C1"
"Zm00001eb160220",3,"C4"
"Zm00001eb124740",6,"C1"
"Zm00001eb162810",2,"C2"
"Zm00001eb145950",5,"C5"
"Zm00001eb150500",1,"C7"
"Zm00001eb155560",3,"C4"
"Zm00001eb128860",3,"C4"
"Zm00001eb158760",3,"C4"
"Zm00001eb137680",3,"C4"
"Zm00001eb155000",6,"C1"
"Zm00001eb138270",3,"C4"
"Zm00001eb136960",5,"C5"
"Zm00001eb141610",6,"C1"
"Zm00001eb159520",7,"C6"
"Zm00001eb149840",3,"C4"
"Zm00001eb160330",5,"C5"
"Zm00001eb141560",2,"C2"
"Zm00001eb145510",3,"C4"
"Zm00001eb149110",3,"C4"
"Zm00001eb120100",7,"C6"
"Zm00001eb163930",2,"C2"
"Zm00001eb133420",2,"C2"
"Zm00001eb140660",7,"C6"
"Zm00001eb129730",6,"C1"
"Zm00001eb161830",7,"C6"
"Zm00001eb162400",1,"C7"
"Zm00001eb121400",2,"C2"
"Zm00001eb126740",2,"C2"
"Zm00001eb128780",2,"C2"
"Zm00001eb142560",2,"C2"
"Zm00001eb147170",2,"C2"
"Zm00001eb143270",7,"C6"
"Zm00001eb134090",3,"C4"
"Zm00001eb159630",2,"C2"
"Zm00001eb118790",2,"C2"
"Zm00001eb151120",3,"C4"
"Zm00001eb158680",6,"C1"
"Zm00001eb156210",6,"C1"
"Zm00001eb129510",2,"C2"
"Zm00001eb143320",4,"C3"
"Zm00001eb147780",7,"C6"
"Zm00001eb127640",5,"C5"
"Zm00001eb161570",2,"C2"
"Zm00001eb134520",7,"C6"
"Zm00001eb123620",6,"C1"
"Zm00001eb131990",3,"C4"
"Zm00001eb122120",2,"C2"
"Zm00001eb152600",2,"C2"
"Zm00001eb162110",2,"C2"
"Zm00001eb128470",2,"C2"
"Zm00001eb137870",6,"C1"
"Zm00001eb131550",5,"C5"
"Zm00001eb143650",2,"C2"
"Zm00001eb130180",6,"C1"
"Zm00001eb136040",2,"C2"
"Zm00001eb120850",2,"C2"
"Zm00001eb127300",5,"C5"
"Zm00001eb134870",4,"C3"
"Zm00001eb142570",6,"C1"
"Zm00001eb147610",3,"C4"
"Zm00001eb163210",7,"C6"
"Zm00001eb157310",7,"C6"
"Zm00001eb147510",5,"C5"
"Zm00001eb159710",3,"C4"
"Zm00001eb159450",2,"C2"
"Zm00001eb133500",6,"C1"
"Zm00001eb149720",7,"C6"
"Zm00001eb144760",2,"C2"
"Zm00001eb138460",7,"C6"
"Zm00001eb151920",2,"C2"
"Zm00001eb152840",3,"C4"
"Zm00001eb125980",7,"C6"
"Zm00001eb135290",6,"C1"
"Zm00001eb142440",7,"C6"
"Zm00001eb120700",4,"C3"
"Zm00001eb137030",3,"C4"
"Zm00001eb163150",6,"C1"
"Zm00001eb148130",5,"C5"
"Zm00001eb157860",2,"C2"
"Zm00001eb119990",1,"C7"
"Zm00001eb140430",1,"C7"
"Zm00001eb163640",3,"C4"
"Zm00001eb130260",3,"C4"
"Zm00001eb161270",2,"C2"
"Zm00001eb158740",5,"C5"
"Zm00001eb127210",6,"C1"
"Zm00001eb145640",2,"C2"
"Zm00001eb151150",6,"C1"
"Zm00001eb128010",2,"C2"
"Zm00001eb125670",2,"C2"
"Zm00001eb129440",7,"C6"
"Zm00001eb135020",5,"C5"
"Zm00001eb125560",4,"C3"
"Zm00001eb141720",2,"C2"
"Zm00001eb137010",6,"C1"
"Zm00001eb127690",1,"C7"
"Zm00001eb150630",7,"C6"
"Zm00001eb126710",2,"C2"
"Zm00001eb154140",2,"C2"
"Zm00001eb130470",2,"C2"
"Zm00001eb157450",2,"C2"
"Zm00001eb142820",2,"C2"
"Zm00001eb131160",3,"C4"
"Zm00001eb130600",6,"C1"
"Zm00001eb151060",3,"C4"
"Zm00001eb152020",2,"C2"
"Zm00001eb119470",6,"C1"
"Zm00001eb120360",3,"C4"
"Zm00001eb141230",6,"C1"
"Zm00001eb159350",3,"C4"
"Zm00001eb160470",5,"C5"
"Zm00001eb143150",3,"C4"
"Zm00001eb135990",2,"C2"
"Zm00001eb159120",2,"C2"
"Zm00001eb147740",2,"C2"
"Zm00001eb163980",5,"C5"
"Zm00001eb133900",2,"C2"
"Zm00001eb150400",5,"C5"
"Zm00001eb153900",2,"C2"
"Zm00001eb156740",5,"C5"
"Zm00001eb150320",2,"C2"
"Zm00001eb136750",1,"C7"
"Zm00001eb140560",7,"C6"
"Zm00001eb126370",5,"C5"
"Zm00001eb161030",2,"C2"
"Zm00001eb127840",3,"C4"
"Zm00001eb122460",7,"C6"
"Zm00001eb129770",2,"C2"
"Zm00001eb119210",2,"C2"
"Zm00001eb122260",2,"C2"
"Zm00001eb150860",3,"C4"
"Zm00001eb145690",3,"C4"
"Zm00001eb143660",2,"C2"
"Zm00001eb153580",6,"C1"
"Zm00001eb122860",7,"C6"
"Zm00001eb147230",2,"C2"
"Zm00001eb160650",3,"C4"
"Zm00001eb153350",2,"C2"
"Zm00001eb123510",2,"C2"
"Zm00001eb125730",2,"C2"
"Zm00001eb153060",6,"C1"
"Zm00001eb136920",2,"C2"
"Zm00001eb145960",2,"C2"
"Zm00001eb151870",3,"C4"
"Zm00001eb125140",3,"C4"
"Zm00001eb156300",6,"C1"
"Zm00001eb154260",2,"C2"
"Zm00001eb148920",7,"C6"
"Zm00001eb152500",2,"C2"
"Zm00001eb127450",3,"C4"
"Zm00001eb152750",2,"C2"
"Zm00001eb150560",7,"C6"
"Zm00001eb148850",6,"C1"
"Zm00001eb135530",2,"C2"
"Zm00001eb149510",2,"C2"
"Zm00001eb125540",3,"C4"
"Zm00001eb125390",4,"C3"
"Zm00001eb126690",7,"C6"
"Zm00001eb141600",5,"C5"
"Zm00001eb155340",1,"C7"
"Zm00001eb147810",3,"C4"
"Zm00001eb138230",3,"C4"
"Zm00001eb143080",6,"C1"
"Zm00001eb144900",2,"C2"
"Zm00001eb135110",3,"C4"
"Zm00001eb130750",1,"C7"
"Zm00001eb150740",2,"C2"
"Zm00001eb131770",2,"C2"
"Zm00001eb140400",6,"C1"
"Zm00001eb146170",6,"C1"
"Zm00001eb152880",2,"C2"
"Zm00001eb154870",2,"C2"
"Zm00001eb144350",5,"C5"
"Zm00001eb150170",5,"C5"
"Zm00001eb142190",2,"C2"
"Zm00001eb159620",2,"C2"
"Zm00001eb138590",2,"C2"
"Zm00001eb157010",5,"C5"
"Zm00001eb162120",3,"C4"
"Zm00001eb123520",3,"C4"
"Zm00001eb156910",2,"C2"
"Zm00001eb139110",2,"C2"
"Zm00001eb121070",7,"C6"
"Zm00001eb123270",2,"C2"
"Zm00001eb135710",2,"C2"
"Zm00001eb131140",7,"C6"
"Zm00001eb160120",3,"C4"
"Zm00001eb148880",5,"C5"
"Zm00001eb141890",2,"C2"
"Zm00001eb140480",2,"C2"
"Zm00001eb153560",2,"C2"
"Zm00001eb148820",6,"C1"
"Zm00001eb124270",1,"C7"
"Zm00001eb160260",2,"C2"
"Zm00001eb155670",2,"C2"
"Zm00001eb150130",5,"C5"
"Zm00001eb142790",6,"C1"
"Zm00001eb155410",3,"C4"
"Zm00001eb162910",2,"C2"
"Zm00001eb136540",3,"C4"
"Zm00001eb135500",3,"C4"
"Zm00001eb147420",2,"C2"
"Zm00001eb124450",2,"C2"
"Zm00001eb163310",6,"C1"
"Zm00001eb136360",3,"C4"
"Zm00001eb143720",6,"C1"
"Zm00001eb145090",6,"C1"
"Zm00001eb155250",6,"C1"
"Zm00001eb138970",2,"C2"
"Zm00001eb135240",6,"C1"
"Zm00001eb133030",2,"C2"
"Zm00001eb118830",7,"C6"
"Zm00001eb118920",6,"C1"
"Zm00001eb127580",3,"C4"
"Zm00001eb122370",2,"C2"
"Zm00001eb128300",5,"C5"
"Zm00001eb158470",2,"C2"
"Zm00001eb124530",2,"C2"
"Zm00001eb156780",7,"C6"
"Zm00001eb123200",6,"C1"
"Zm00001eb133830",2,"C2"
"Zm00001eb131320",3,"C4"
"Zm00001eb142150",7,"C6"
"Zm00001eb137540",2,"C2"
"Zm00001eb137720",6,"C1"
"Zm00001eb161690",2,"C2"
"Zm00001eb127930",2,"C2"
"Zm00001eb148110",6,"C1"
"Zm00001eb163570",2,"C2"
"Zm00001eb157900",5,"C5"
"Zm00001eb128590",3,"C4"
"Zm00001eb144430",2,"C2"
"Zm00001eb159060",3,"C4"
"Zm00001eb144960",1,"C7"
"Zm00001eb141360",2,"C2"
"Zm00001eb120780",2,"C2"
"Zm00001eb155320",6,"C1"
"Zm00001eb140360",7,"C6"
"Zm00001eb135570",7,"C6"
"Zm00001eb119170",3,"C4"
"Zm00001eb145730",6,"C1"
"Zm00001eb122250",6,"C1"
"Zm00001eb129080",2,"C2"
"Zm00001eb119790",2,"C2"
"Zm00001eb121880",2,"C2"
"Zm00001eb146720",3,"C4"
"Zm00001eb131760",2,"C2"
"Zm00001eb122170",2,"C2"
"Zm00001eb136230",2,"C2"
"Zm00001eb132080",5,"C5"
"Zm00001eb137800",6,"C1"
"Zm00001eb140080",3,"C4"
"Zm00001eb152120",7,"C6"
"Zm00001eb126980",7,"C6"
"Zm00001eb148280",5,"C5"
"Zm00001eb162630",5,"C5"
"Zm00001eb152900",2,"C2"
"Zm00001eb139710",2,"C2"
"Zm00001eb150410",3,"C4"
"Zm00001eb144260",5,"C5"
"Zm00001eb132890",3,"C4"
"Zm00001eb156600",2,"C2"
"Zm00001eb152450",5,"C5"
"Zm00001eb119450",3,"C4"
"Zm00001eb143410",3,"C4"
"Zm00001eb156220",6,"C1"
"Zm00001eb151670",2,"C2"
"Zm00001eb143580",3,"C4"
"Zm00001eb131080",3,"C4"
"Zm00001eb163160",2,"C2"
"Zm00001eb156130",2,"C2"
"Zm00001eb149330",3,"C4"
"Zm00001eb142350",2,"C2"
"Zm00001eb142210",2,"C2"
"Zm00001eb124320",3,"C4"
"Zm00001eb127310",7,"C6"
"Zm00001eb156750",2,"C2"
"Zm00001eb149650",5,"C5"
"Zm00001eb146740",2,"C2"
"Zm00001eb163120",1,"C7"
"Zm00001eb135320",2,"C2"
"Zm00001eb122960",5,"C5"
"Zm00001eb127850",5,"C5"
"Zm00001eb123220",7,"C6"
"Zm00001eb129040",7,"C6"
"Zm00001eb136170",3,"C4"
"Zm00001eb153760",5,"C5"
"Zm00001eb145770",2,"C2"
"Zm00001eb154790",1,"C7"
"Zm00001eb140990",3,"C4"
"Zm00001eb147840",3,"C4"
"Zm00001eb130330",6,"C1"
"Zm00001eb152700",7,"C6"
"Zm00001eb163400",2,"C2"
"Zm00001eb151970",2,"C2"
"Zm00001eb123170",2,"C2"
"Zm00001eb151400",3,"C4"
"Zm00001eb162550",7,"C6"
"Zm00001eb164010",6,"C1"
"Zm00001eb162820",2,"C2"
"Zm00001eb139070",3,"C4"
"Zm00001eb161470",2,"C2"
"Zm00001eb135810",2,"C2"
"Zm00001eb161820",2,"C2"
"Zm00001eb159740",2,"C2"
"Zm00001eb157870",2,"C2"
"Zm00001eb147090",6,"C1"
"Zm00001eb127920",2,"C2"
"Zm00001eb158750",5,"C5"
"Zm00001eb118970",6,"C1"
"Zm00001eb140630",2,"C2"
"Zm00001eb145400",3,"C4"
"Zm00001eb138370",6,"C1"
"Zm00001eb142500",3,"C4"
"Zm00001eb142960",6,"C1"
"Zm00001eb150360",2,"C2"
"Zm00001eb144910",1,"C7"
"Zm00001eb155080",2,"C2"
"Zm00001eb143790",2,"C2"
"Zm00001eb120350",6,"C1"
"Zm00001eb133140",3,"C4"
"Zm00001eb122420",3,"C4"
"Zm00001eb120860",2,"C2"
"Zm00001eb122780",2,"C2"
"Zm00001eb118870",1,"C7"
"Zm00001eb127650",2,"C2"
"Zm00001eb146520",2,"C2"
"Zm00001eb146400",7,"C6"
"Zm00001eb163240",6,"C1"
"Zm00001eb137200",5,"C5"
"Zm00001eb157660",1,"C7"
"Zm00001eb125300",3,"C4"
"Zm00001eb128180",2,"C2"
"Zm00001eb145330",2,"C2"
"Zm00001eb142400",7,"C6"
"Zm00001eb140570",7,"C6"
"Zm00001eb128970",7,"C6"
"Zm00001eb131510",3,"C4"
"Zm00001eb154730",6,"C1"
"Zm00001eb124350",3,"C4"
"Zm00001eb119980",2,"C2"
"Zm00001eb132150",3,"C4"
"Zm00001eb145820",7,"C6"
"Zm00001eb140260",2,"C2"
"Zm00001eb144460",3,"C4"
"Zm00001eb127020",2,"C2"
"Zm00001eb123260",7,"C6"
"Zm00001eb122470",2,"C2"
"Zm00001eb119400",5,"C5"
"Zm00001eb132320",2,"C2"
"Zm00001eb135880",3,"C4"
"Zm00001eb126340",3,"C4"
"Zm00001eb138300",1,"C7"
"Zm00001eb125050",7,"C6"
"Zm00001eb158730",5,"C5"
"Zm00001eb161080",3,"C4"
"Zm00001eb142580",3,"C4"
"Zm00001eb126630",3,"C4"
"Zm00001eb122680",6,"C1"
"Zm00001eb162830",6,"C1"
"Zm00001eb128190",2,"C2"
"Zm00001eb145600",3,"C4"
"Zm00001eb159640",3,"C4"
"Zm00001eb159590",2,"C2"
"Zm00001eb157840",3,"C4"
"Zm00001eb124040",6,"C1"
"Zm00001eb143290",7,"C6"
"Zm00001eb150950",2,"C2"
"Zm00001eb162060",7,"C6"
"Zm00001eb151710",5,"C5"
"Zm00001eb157960",6,"C1"
"Zm00001eb160160",6,"C1"
"Zm00001eb134340",7,"C6"
"Zm00001eb141160",7,"C6"
"Zm00001eb162950",2,"C2"
"Zm00001eb155010",2,"C2"
"Zm00001eb145440",3,"C4"
"Zm00001eb139480",2,"C2"
"Zm00001eb152470",3,"C4"
"Zm00001eb161890",2,"C2"
"Zm00001eb144680",7,"C6"
"Zm00001eb129820",1,"C7"
"Zm00001eb163970",6,"C1"
"Zm00001eb121380",5,"C5"
"Zm00001eb146880",2,"C2"
"Zm00001eb120180",3,"C4"
"Zm00001eb130830",2,"C2"
"Zm00001eb143930",3,"C4"
"Zm00001eb140370",7,"C6"
"Zm00001eb127190",2,"C2"
"Zm00001eb135120",5,"C5"
"Zm00001eb154580",5,"C5"
"Zm00001eb150350",2,"C2"
"Zm00001eb122560",2,"C2"
"Zm00001eb161970",3,"C4"
"Zm00001eb127860",3,"C4"
"Zm00001eb119830",2,"C2"
"Zm00001eb120730",3,"C4"
"Zm00001eb162230",6,"C1"
"Zm00001eb144630",7,"C6"
"Zm00001eb139460",6,"C1"
"Zm00001eb150380",2,"C2"
"Zm00001eb146180",2,"C2"
"Zm00001eb136710",2,"C2"
"Zm00001eb150730",7,"C6"
"Zm00001eb150440",6,"C1"
"Zm00001eb134560",5,"C5"
"Zm00001eb128420",2,"C2"
"Zm00001eb149490",2,"C2"
"Zm00001eb149690",2,"C2"
"Zm00001eb151440",7,"C6"
"Zm00001eb147330",2,"C2"
"Zm00001eb127710",6,"C1"
"Zm00001eb152410",2,"C2"
"Zm00001eb130200",2,"C2"
"Zm00001eb139680",6,"C1"
"Zm00001eb133210",2,"C2"
"Zm00001eb156530",5,"C5"
"Zm00001eb159420",6,"C1"
"Zm00001eb122880",2,"C2"
"Zm00001eb151790",3,"C4"
"Zm00001eb119000",6,"C1"
"Zm00001eb120380",6,"C1"
"Zm00001eb127000",6,"C1"
"Zm00001eb155260",3,"C4"
"Zm00001eb152290",3,"C4"
"Zm00001eb134290",7,"C6"
"Zm00001eb149340",1,"C7"
"Zm00001eb125530",7,"C6"
"Zm00001eb151050",2,"C2"
"Zm00001eb148930",3,"C4"
"Zm00001eb152660",3,"C4"
"Zm00001eb149620",3,"C4"
"Zm00001eb163130",2,"C2"
"Zm00001eb141010",1,"C7"
"Zm00001eb164130",5,"C5"
"Zm00001eb148250",2,"C2"
"Zm00001eb119890",7,"C6"
"Zm00001eb155990",2,"C2"
"Zm00001eb153090",2,"C2"
"Zm00001eb141350",2,"C2"
"Zm00001eb151530",2,"C2"
"Zm00001eb134790",2,"C2"
"Zm00001eb151100",2,"C2"
"Zm00001eb160590",3,"C4"
"Zm00001eb126670",7,"C6"
"Zm00001eb138260",6,"C1"
"Zm00001eb119340",2,"C2"
"Zm00001eb159960",2,"C2"
"Zm00001eb131220",6,"C1"
"Zm00001eb151490",3,"C4"
"Zm00001eb126140",2,"C2"
"Zm00001eb133150",2,"C2"
"Zm00001eb151280",5,"C5"
"Zm00001eb153880",2,"C2"
"Zm00001eb151770",2,"C2"
"Zm00001eb162210",5,"C5"
"Zm00001eb155860",6,"C1"
"Zm00001eb121310",1,"C7"
"Zm00001eb148940",5,"C5"
"Zm00001eb148540",2,"C2"
"Zm00001eb139420",6,"C1"
"Zm00001eb125220",5,"C5"
"Zm00001eb149520",6,"C1"
"Zm00001eb138040",6,"C1"
"Zm00001eb122180",2,"C2"
"Zm00001eb162620",1,"C7"
"Zm00001eb150650",2,"C2"
"Zm00001eb163350",6,"C1"
"Zm00001eb148890",3,"C4"
"Zm00001eb156280",2,"C2"
"Zm00001eb162030",5,"C5"
"Zm00001eb126680",6,"C1"
"Zm00001eb125590",7,"C6"
"Zm00001eb124570",3,"C4"
"Zm00001eb147410",2,"C2"
"Zm00001eb136280",2,"C2"
"Zm00001eb135900",3,"C4"
"Zm00001eb147990",1,"C7"
"Zm00001eb144310",2,"C2"
"Zm00001eb119280",6,"C1"
"Zm00001eb140420",2,"C2"
"Zm00001eb159020",1,"C7"
"Zm00001eb138630",3,"C4"
"Zm00001eb129520",7,"C6"
"Zm00001eb159550",2,"C2"
"Zm00001eb141710",3,"C4"
"Zm00001eb125440",6,"C1"
"Zm00001eb161870",1,"C7"
"Zm00001eb143850",2,"C2"
"Zm00001eb137390",1,"C7"
"Zm00001eb159510",3,"C4"
"Zm00001eb140040",2,"C2"
"Zm00001eb124470",2,"C2"
"Zm00001eb160620",7,"C6"
"Zm00001eb154490",1,"C7"
"Zm00001eb163710",7,"C6"
"Zm00001eb157810",3,"C4"
"Zm00001eb152140",2,"C2"
"Zm00001eb155580",5,"C5"
"Zm00001eb147060",6,"C1"
"Zm00001eb160740",3,"C4"
"Zm00001eb125880",7,"C6"
"Zm00001eb143050",2,"C2"
"Zm00001eb128530",2,"C2"
"Zm00001eb154640",7,"C6"
"Zm00001eb153130",6,"C1"
"Zm00001eb126950",6,"C1"
"Zm00001eb156360",3,"C4"
"Zm00001eb161860",2,"C2"
"Zm00001eb120310",6,"C1"
"Zm00001eb163100",6,"C1"
"Zm00001eb153890",2,"C2"
"Zm00001eb144000",3,"C4"
"Zm00001eb130620",7,"C6"
"Zm00001eb151510",2,"C2"
"Zm00001eb161920",3,"C4"
"Zm00001eb139780",2,"C2"
"Zm00001eb138890",1,"C7"
"Zm00001eb122410",5,"C5"
"Zm00001eb150940",6,"C1"
"Zm00001eb143460",3,"C4"
"Zm00001eb162020",2,"C2"
"Zm00001eb136620",2,"C2"
"Zm00001eb153030",5,"C5"
"Zm00001eb144840",6,"C1"
"Zm00001eb142010",2,"C2"
"Zm00001eb133060",2,"C2"
"Zm00001eb144500",3,"C4"
"Zm00001eb138360",6,"C1"
"Zm00001eb163960",6,"C1"
"Zm00001eb158300",7,"C6"
"Zm00001eb161340",6,"C1"
"Zm00001eb148610",2,"C2"
"Zm00001eb134390",6,"C1"
"Zm00001eb141670",2,"C2"
"Zm00001eb122600",3,"C4"
"Zm00001eb146220",3,"C4"
"Zm00001eb158930",2,"C2"
"Zm00001eb123450",2,"C2"
"Zm00001eb140340",2,"C2"
"Zm00001eb152080",2,"C2"
"Zm00001eb131540",3,"C4"
"Zm00001eb163700",2,"C2"
"Zm00001eb140070",2,"C2"
"Zm00001eb147480",5,"C5"
"Zm00001eb144670",2,"C2"
"Zm00001eb146700",2,"C2"
"Zm00001eb163750",2,"C2"
"Zm00001eb119770",2,"C2"
"Zm00001eb140530",7,"C6"
"Zm00001eb159160",2,"C2"
"Zm00001eb137780",3,"C4"
"Zm00001eb145320",2,"C2"
"Zm00001eb134780",2,"C2"
"Zm00001eb138680",1,"C7"
"Zm00001eb140100",6,"C1"
"Zm00001eb149030",2,"C2"
"Zm00001eb163730",2,"C2"
"Zm00001eb135000",6,"C1"
"Zm00001eb138750",2,"C2"
"Zm00001eb136970",6,"C1"
"Zm00001eb145570",6,"C1"
"Zm00001eb150880",3,"C4"
"Zm00001eb137290",6,"C1"
"Zm00001eb158770",2,"C2"
"Zm00001eb128880",3,"C4"
"Zm00001eb148030",3,"C4"
"Zm00001eb142740",3,"C4"
"Zm00001eb127160",3,"C4"
"Zm00001eb128810",6,"C1"
"Zm00001eb152460",6,"C1"
"Zm00001eb128320",2,"C2"
"Zm00001eb158110",2,"C2"
"Zm00001eb145390",3,"C4"
"Zm00001eb143560",2,"C2"
"Zm00001eb118770",2,"C2"
"Zm00001eb132300",2,"C2"
"Zm00001eb154180",2,"C2"
"Zm00001eb159850",3,"C4"
"Zm00001eb128490",3,"C4"
"Zm00001eb143890",6,"C1"
"Zm00001eb162420",2,"C2"
"Zm00001eb161420",2,"C2"
"Zm00001eb149310",3,"C4"
"Zm00001eb139870",2,"C2"
"Zm00001eb155230",2,"C2"
"Zm00001eb149640",7,"C6"
"Zm00001eb161980",5,"C5"
"Zm00001eb161040",2,"C2"
"Zm00001eb162130",2,"C2"
"Zm00001eb154010",3,"C4"
"Zm00001eb123050",2,"C2"
"Zm00001eb122700",2,"C2"
"Zm00001eb151900",2,"C2"
"Zm00001eb126990",2,"C2"
"Zm00001eb139160",6,"C1"
"Zm00001eb143510",3,"C4"
"Zm00001eb150550",2,"C2"
"Zm00001eb143000",2,"C2"
"Zm00001eb121570",6,"C1"
"Zm00001eb162530",3,"C4"
"Zm00001eb160020",2,"C2"
"Zm00001eb163690",6,"C1"
"Zm00001eb125130",3,"C4"
"Zm00001eb120320",6,"C1"
"Zm00001eb155380",6,"C1"
"Zm00001eb160790",1,"C7"
"Zm00001eb151950",5,"C5"
"Zm00001eb119910",1,"C7"
"Zm00001eb130190",3,"C4"
"Zm00001eb149860",7,"C6"
"Zm00001eb153770",2,"C2"
"Zm00001eb119140",3,"C4"
"Zm00001eb156330",6,"C1"
"Zm00001eb152790",2,"C2"
"Zm00001eb163720",3,"C4"
"Zm00001eb153530",2,"C2"
"Zm00001eb126430",6,"C1"
"Zm00001eb156380",2,"C2"
"Zm00001eb157470",6,"C1"
"Zm00001eb163990",2,"C2"
"Zm00001eb161950",2,"C2"
"Zm00001eb125810",3,"C4"
"Zm00001eb155750",2,"C2"
"Zm00001eb156610",2,"C2"
"Zm00001eb124060",3,"C4"
"Zm00001eb153460",7,"C6"
"Zm00001eb142940",2,"C2"
"Zm00001eb145660",2,"C2"
"Zm00001eb150960",3,"C4"
"Zm00001eb154690",2,"C2"
"Zm00001eb124480",2,"C2"
"Zm00001eb149180",2,"C2"
"Zm00001eb158490",2,"C2"
"Zm00001eb127990",2,"C2"
"Zm00001eb148350",3,"C4"
"Zm00001eb163190",1,"C7"
"Zm00001eb120650",5,"C5"
"Zm00001eb152360",2,"C2"
"Zm00001eb125600",1,"C7"
"Zm00001eb140380",6,"C1"
"Zm00001eb161510",3,"C4"
"Zm00001eb155300",5,"C5"
"Zm00001eb142220",1,"C7"
"Zm00001eb151590",6,"C1"
"Zm00001eb141330",2,"C2"
"Zm00001eb152100",2,"C2"
"Zm00001eb142540",2,"C2"
"Zm00001eb163250",2,"C2"
"Zm00001eb148980",3,"C4"
"Zm00001eb144450",7,"C6"
"Zm00001eb136160",3,"C4"
"Zm00001eb145800",2,"C2"
"Zm00001eb147710",3,"C4"
"Zm00001eb118910",2,"C2"
"Zm00001eb156340",2,"C2"
"Zm00001eb139180",2,"C2"
"Zm00001eb119150",6,"C1"
"Zm00001eb138430",6,"C1"
"Zm00001eb124390",6,"C1"
"Zm00001eb154080",6,"C1"
"Zm00001eb163810",6,"C1"
"Zm00001eb142530",2,"C2"
"Zm00001eb131100",2,"C2"
"Zm00001eb148240",5,"C5"
"Zm00001eb137700",3,"C4"
"Zm00001eb146690",3,"C4"
"Zm00001eb163540",2,"C2"
"Zm00001eb120810",2,"C2"
"Zm00001eb143060",6,"C1"
"Zm00001eb144600",2,"C2"
"Zm00001eb122020",2,"C2"
"Zm00001eb150460",7,"C6"
"Zm00001eb120750",2,"C2"
"Zm00001eb136630",3,"C4"
"Zm00001eb144530",7,"C6"
"Zm00001eb138120",2,"C2"
"Zm00001eb118980",7,"C6"
"Zm00001eb120820",2,"C2"
"Zm00001eb153710",5,"C5"
"Zm00001eb118510",6,"C1"
"Zm00001eb148620",3,"C4"
"Zm00001eb162670",2,"C2"
"Zm00001eb156190",7,"C6"
"Zm00001eb137840",5,"C5"
"Zm00001eb139750",3,"C4"
"Zm00001eb151750",1,"C7"
"Zm00001eb160040",6,"C1"
"Zm00001eb125860",3,"C4"
"Zm00001eb127030",7,"C6"
"Zm00001eb125700",3,"C4"
"Zm00001eb141120",3,"C4"
"Zm00001eb159540",3,"C4"
"Zm00001eb128930",3,"C4"
"Zm00001eb119100",1,"C7"
"Zm00001eb128110",2,"C2"
"Zm00001eb128040",7,"C6"
"Zm00001eb121650",7,"C6"
"Zm00001eb147940",2,"C2"
"Zm00001eb127680",3,"C4"
"Zm00001eb119630",7,"C6"
"Zm00001eb122720",3,"C4"
"Zm00001eb158090",2,"C2"
"Zm00001eb124200",7,"C6"
"Zm00001eb163140",2,"C2"
"Zm00001eb130450",2,"C2"
"Zm00001eb124750",2,"C2"
"Zm00001eb152670",2,"C2"
"Zm00001eb160170",2,"C2"
"Zm00001eb143430",7,"C6"
"Zm00001eb142710",3,"C4"
"Zm00001eb134110",5,"C5"
"Zm00001eb158840",3,"C4"
"Zm00001eb133330",6,"C1"
"Zm00001eb142980",2,"C2"
"Zm00001eb130080",3,"C4"
"Zm00001eb119540",2,"C2"
"Zm00001eb146070",7,"C6"
"Zm00001eb148690",7,"C6"
"Zm00001eb136390",1,"C7"
"Zm00001eb164230",4,"C3"
"Zm00001eb157610",3,"C4"
"Zm00001eb160100",6,"C1"
"Zm00001eb153280",6,"C1"
"Zm00001eb141530",2,"C2"
"Zm00001eb129380",5,"C5"
"Zm00001eb157300",2,"C2"
"Zm00001eb147530",3,"C4"
"Zm00001eb162780",6,"C1"
"Zm00001eb152710",6,"C1"
"Zm00001eb155830",3,"C4"
"Zm00001eb138330",6,"C1"
"Zm00001eb144210",2,"C2"
"Zm00001eb123250",2,"C2"
"Zm00001eb137900",2,"C2"
"Zm00001eb137580",3,"C4"
"Zm00001eb157040",3,"C4"
"Zm00001eb143480",6,"C1"
"Zm00001eb121790",3,"C4"
"Zm00001eb162410",2,"C2"
"Zm00001eb123830",2,"C2"
"Zm00001eb136720",4,"C3"
"Zm00001eb118570",2,"C2"
"Zm00001eb139270",2,"C2"
"Zm00001eb147830",7,"C6"
"Zm00001eb162990",2,"C2"
"Zm00001eb130060",5,"C5"
"Zm00001eb146280",2,"C2"
"Zm00001eb132130",3,"C4"
"Zm00001eb148530",2,"C2"
"Zm00001eb163260",2,"C2"
"Zm00001eb126080",6,"C1"
"Zm00001eb123330",6,"C1"
"Zm00001eb120880",6,"C1"
"Zm00001eb149390",2,"C2"
"Zm00001eb156510",2,"C2"
"Zm00001eb159440",7,"C6"
"Zm00001eb134400",3,"C4"
"Zm00001eb142310",5,"C5"
"Zm00001eb144740",2,"C2"
"Zm00001eb148000",4,"C3"
"Zm00001eb120200",1,"C7"
"Zm00001eb147490",2,"C2"
"Zm00001eb157430",7,"C6"
"Zm00001eb143140",4,"C3"
"Zm00001eb123710",2,"C2"
"Zm00001eb125330",2,"C2"
"Zm00001eb135720",2,"C2"
"Zm00001eb153240",3,"C4"
"Zm00001eb157680",3,"C4"
"Zm00001eb162800",2,"C2"
"Zm00001eb127420",2,"C2"
"Zm00001eb163070",2,"C2"
"Zm00001eb150510",3,"C4"
"Zm00001eb130280",6,"C1"
"Zm00001eb128210",2,"C2"
"Zm00001eb151800",2,"C2"
"Zm00001eb145630",3,"C4"
"Zm00001eb138730",5,"C5"
"Zm00001eb126250",2,"C2"
"Zm00001eb136080",3,"C4"
"Zm00001eb151690",2,"C2"
"Zm00001eb159830",6,"C1"
"Zm00001eb154420",2,"C2"
"Zm00001eb152980",2,"C2"
"Zm00001eb127630",2,"C2"
"Zm00001eb129000",3,"C4"
"Zm00001eb138930",2,"C2"
"Zm00001eb160460",2,"C2"
"Zm00001eb123630",6,"C1"
"Zm00001eb121590",2,"C2"
"Zm00001eb153450",6,"C1"
"Zm00001eb126760",5,"C5"
"Zm00001eb147960",3,"C4"
"Zm00001eb151200",5,"C5"
"Zm00001eb124690",2,"C2"
"Zm00001eb133930",7,"C6"
"Zm00001eb148780",5,"C5"
"Zm00001eb160070",2,"C2"
"Zm00001eb160340",2,"C2"
"Zm00001eb161710",5,"C5"
"Zm00001eb158860",1,"C7"
"Zm00001eb139980",3,"C4"
"Zm00001eb157370",2,"C2"
"Zm00001eb145940",6,"C1"
"Zm00001eb143260",3,"C4"
"Zm00001eb134100",2,"C2"
"Zm00001eb141550",7,"C6"
"Zm00001eb160480",5,"C5"
"Zm00001eb121020",7,"C6"
"Zm00001eb144720",2,"C2"
"Zm00001eb155270",3,"C4"
"Zm00001eb126930",2,"C2"
"Zm00001eb132020",2,"C2"
"Zm00001eb127790",2,"C2"
"Zm00001eb148640",5,"C5"
"Zm00001eb145920",2,"C2"
"Zm00001eb152920",1,"C7"
"Zm00001eb151890",5,"C5"
"Zm00001eb139450",7,"C6"
"Zm00001eb148210",7,"C6"
"Zm00001eb157800",2,"C2"
"Zm00001eb119420",2,"C2"
"Zm00001eb120330",5,"C5"
"Zm00001eb144480",2,"C2"
"Zm00001eb149880",3,"C4"
"Zm00001eb153490",2,"C2"
"Zm00001eb153780",7,"C6"
"Zm00001eb118650",6,"C1"
"Zm00001eb147310",6,"C1"
"Zm00001eb159090",6,"C1"
"Zm00001eb130300",2,"C2"
"Zm00001eb134990",2,"C2"
"Zm00001eb164030",2,"C2"
"Zm00001eb136220",5,"C5"
"Zm00001eb137300",2,"C2"
"Zm00001eb129710",3,"C4"
"Zm00001eb153650",7,"C6"
"Zm00001eb130940",5,"C5"
"Zm00001eb118850",6,"C1"
"Zm00001eb157850",1,"C7"
"Zm00001eb125360",3,"C4"
"Zm00001eb154440",6,"C1"
"Zm00001eb119030",2,"C2"
"Zm00001eb154600",7,"C6"
"Zm00001eb156320",6,"C1"
"Zm00001eb144120",3,"C4"
"Zm00001eb142450",2,"C2"
"Zm00001eb140050",2,"C2"
"Zm00001eb148440",5,"C5"
"Zm00001eb142950",2,"C2"
"Zm00001eb128000",5,"C5"
"Zm00001eb128020",2,"C2"
"Zm00001eb125450",6,"C1"
"Zm00001eb159010",2,"C2"
"Zm00001eb134890",5,"C5"
"Zm00001eb150620",7,"C6"
"Zm00001eb139790",2,"C2"
"Zm00001eb137150",2,"C2"
"Zm00001eb131200",3,"C4"
"Zm00001eb135700",5,"C5"
"Zm00001eb156700",5,"C5"
"Zm00001eb132960",6,"C1"
"Zm00001eb138100",1,"C7"
"Zm00001eb155940",7,"C6"
"Zm00001eb120840",2,"C2"
"Zm00001eb145370",2,"C2"
"Zm00001eb157190",2,"C2"
"Zm00001eb142810",3,"C4"
"Zm00001eb130610",2,"C2"
"Zm00001eb151070",2,"C2"
"Zm00001eb143670",3,"C4"
"Zm00001eb153940",6,"C1"
"Zm00001eb163800",3,"C4"
"Zm00001eb157730",3,"C4"
"Zm00001eb146500",7,"C6"
"Zm00001eb153790",2,"C2"
"Zm00001eb160710",3,"C4"
"Zm00001eb140790",2,"C2"
"Zm00001eb120010",4,"C3"
"Zm00001eb122030",2,"C2"
"Zm00001eb135130",3,"C4"
"Zm00001eb160550",1,"C7"
"Zm00001eb144880",2,"C2"
"Zm00001eb156150",1,"C7"
"Zm00001eb119500",2,"C2"
"Zm00001eb152940",6,"C1"
"Zm00001eb135520",6,"C1"
"Zm00001eb131020",2,"C2"
"Zm00001eb130990",5,"C5"
"Zm00001eb141460",6,"C1"
"Zm00001eb121520",3,"C4"
"Zm00001eb162180",3,"C4"
"Zm00001eb122740",3,"C4"
"Zm00001eb126900",7,"C6"
"Zm00001eb123190",5,"C5"
"Zm00001eb137890",3,"C4"
"Zm00001eb160640",3,"C4"
"Zm00001eb138600",1,"C7"
"Zm00001eb129860",6,"C1"
"Zm00001eb123540",2,"C2"
"Zm00001eb131600",3,"C4"
"Zm00001eb132880",2,"C2"
"Zm00001eb147550",3,"C4"
"Zm00001eb128130",6,"C1"
"Zm00001eb136500",2,"C2"
"Zm00001eb145430",3,"C4"
"Zm00001eb133450",7,"C6"
"Zm00001eb152530",2,"C2"
"Zm00001eb126070",2,"C2"
"Zm00001eb121460",1,"C7"
"Zm00001eb137180",6,"C1"
"Zm00001eb144360",6,"C1"
"Zm00001eb145550",5,"C5"
"Zm00001eb156500",6,"C1"
"Zm00001eb145840",6,"C1"
"Zm00001eb125150",3,"C4"
"Zm00001eb132660",2,"C2"
"Zm00001eb159150",6,"C1"
"Zm00001eb138210",2,"C2"
"Zm00001eb126620",3,"C4"
"Zm00001eb130810",2,"C2"
"Zm00001eb150530",1,"C7"
"Zm00001eb126230",7,"C6"
"Zm00001eb158270",7,"C6"
"Zm00001eb131190",6,"C1"
"Zm00001eb145150",2,"C2"
"Zm00001eb119810",6,"C1"
"Zm00001eb150420",7,"C6"
"Zm00001eb136200",7,"C6"
"Zm00001eb122810",2,"C2"
"Zm00001eb137710",3,"C4"
"Zm00001eb139840",7,"C6"
"Zm00001eb123430",6,"C1"
"Zm00001eb152050",3,"C4"
"Zm00001eb154300",2,"C2"
"Zm00001eb127550",7,"C6"
"Zm00001eb131090",2,"C2"
"Zm00001eb119690",2,"C2"
"Zm00001eb153010",7,"C6"
"Zm00001eb131170",5,"C5"
"Zm00001eb137820",3,"C4"
"Zm00001eb145720",2,"C2"
"Zm00001eb152090",7,"C6"
"Zm00001eb137370",1,"C7"
"Zm00001eb154050",6,"C1"
"Zm00001eb144250",3,"C4"
"Zm00001eb119260",2,"C2"
"Zm00001eb121100",2,"C2"
"Zm00001eb157520",2,"C2"
"Zm00001eb132010",6,"C1"
"Zm00001eb139250",6,"C1"
"Zm00001eb120970",3,"C4"
"Zm00001eb146760",3,"C4"
"Zm00001eb155420",3,"C4"
"Zm00001eb155680",5,"C5"
"Zm00001eb118950",2,"C2"
"Zm00001eb150270",2,"C2"
"Zm00001eb126270",5,"C5"
"Zm00001eb136350",2,"C2"
"Zm00001eb154550",6,"C1"
"Zm00001eb120410",5,"C5"
"Zm00001eb139690",2,"C2"
"Zm00001eb120110",2,"C2"
"Zm00001eb151470",7,"C6"
"Zm00001eb155950",6,"C1"
"Zm00001eb140090",2,"C2"
"Zm00001eb139060",5,"C5"
"Zm00001eb163300",6,"C1"
"Zm00001eb162760",2,"C2"
"Zm00001eb156690",7,"C6"
"Zm00001eb161790",2,"C2"
"Zm00001eb124300",7,"C6"
"Zm00001eb158190",2,"C2"
"Zm00001eb151380",2,"C2"
"Zm00001eb155310",7,"C6"
"Zm00001eb160190",3,"C4"
"Zm00001eb122320",7,"C6"
"Zm00001eb143420",6,"C1"
"Zm00001eb143330",2,"C2"
"Zm00001eb142000",5,"C5"
"Zm00001eb148100",3,"C4"
"Zm00001eb150680",2,"C2"
"Zm00001eb132350",3,"C4"
"Zm00001eb142760",2,"C2"
"Zm00001eb142720",5,"C5"
"Zm00001eb147040",6,"C1"
"Zm00001eb160510",7,"C6"
"Zm00001eb159560",2,"C2"
"Zm00001eb145210",2,"C2"
"Zm00001eb154510",2,"C2"
"Zm00001eb125480",2,"C2"
"Zm00001eb148290",3,"C4"
"Zm00001eb144320",3,"C4"
"Zm00001eb128250",3,"C4"
"Zm00001eb128340",2,"C2"
"Zm00001eb119070",2,"C2"
"Zm00001eb135750",2,"C2"
"Zm00001eb149460",1,"C7"
"Zm00001eb154220",3,"C4"
"Zm00001eb121210",2,"C2"
"Zm00001eb134330",7,"C6"
"Zm00001eb136900",3,"C4"
"Zm00001eb149660",6,"C1"
"Zm00001eb132050",3,"C4"
"Zm00001eb150820",5,"C5"
"Zm00001eb149890",2,"C2"
"Zm00001eb158500",6,"C1"
"Zm00001eb128720",2,"C2"
"Zm00001eb147950",5,"C5"
"Zm00001eb160610",2,"C2"
"Zm00001eb134850",5,"C5"
"Zm00001eb124670",2,"C2"
"Zm00001eb135920",7,"C6"
"Zm00001eb158100",1,"C7"
"Zm00001eb153620",7,"C6"
"Zm00001eb150670",3,"C4"
"Zm00001eb162000",3,"C4"
"Zm00001eb161810",7,"C6"
"Zm00001eb119020",2,"C2"
"Zm00001eb155910",6,"C1"
"Zm00001eb155660",7,"C6"
"Zm00001eb119590",3,"C4"
"Zm00001eb120920",3,"C4"
"Zm00001eb137950",3,"C4"
"Zm00001eb158210",1,"C7"
"Zm00001eb151240",2,"C2"
"Zm00001eb131470",2,"C2"
"Zm00001eb123690",7,"C6"
"Zm00001eb127010",2,"C2"
"Zm00001eb125200",2,"C2"
"Zm00001eb154950",3,"C4"
"Zm00001eb144810",2,"C2"
"Zm00001eb129100",5,"C5"
"Zm00001eb150250",3,"C4"
"Zm00001eb146960",2,"C2"
"Zm00001eb152370",3,"C4"
"Zm00001eb146130",2,"C2"
"Zm00001eb126150",2,"C2"
"Zm00001eb156040",7,"C6"
"Zm00001eb144140",6,"C1"
"Zm00001eb157070",5,"C5"
"Zm00001eb133050",7,"C6"
"Zm00001eb148740",6,"C1"
"Zm00001eb122040",6,"C1"
"Zm00001eb163830",1,"C7"
"Zm00001eb121780",1,"C7"
"Zm00001eb145100",7,"C6"
"Zm00001eb147910",2,"C2"
"Zm00001eb119610",3,"C4"
"Zm00001eb122970",2,"C2"
"Zm00001eb159100",5,"C5"
"Zm00001eb157950",3,"C4"
"Zm00001eb164020",2,"C2"
"Zm00001eb154910",2,"C2"
"Zm00001eb131030",2,"C2"
"Zm00001eb121490",5,"C5"
"Zm00001eb139850",3,"C4"
"Zm00001eb137100",6,"C1"
"Zm00001eb124410",7,"C6"
"Zm00001eb143020",6,"C1"
"Zm00001eb138200",2,"C2"
"Zm00001eb159650",6,"C1"
"Zm00001eb162710",4,"C3"
"Zm00001eb124730",3,"C4"
"Zm00001eb153260",2,"C2"
"Zm00001eb158710",2,"C2"
"Zm00001eb161490",7,"C6"
"Zm00001eb161460",7,"C6"
"Zm00001eb162930",7,"C6"
"Zm00001eb137750",3,"C4"
"Zm00001eb128670",3,"C4"
"Zm00001eb157130",2,"C2"
"Zm00001eb124380",6,"C1"
"Zm00001eb135540",3,"C4"
"Zm00001eb145580",7,"C6"
"Zm00001eb120390",2,"C2"
"Zm00001eb123160",5,"C5"
"Zm00001eb124820",6,"C1"
"Zm00001eb121140",3,"C4"
"Zm00001eb152950",3,"C4"
"Zm00001eb148310",1,"C7"
"Zm00001eb153100",2,"C2"
"Zm00001eb120990",6,"C1"
"Zm00001eb137500",2,"C2"
"Zm00001eb136300",2,"C2"
"Zm00001eb141930",7,"C6"
"Zm00001eb120260",2,"C2"
"Zm00001eb162890",5,"C5"
"Zm00001eb141420",2,"C2"
"Zm00001eb138110",2,"C2"
"Zm00001eb136110",2,"C2"
"Zm00001eb122330",5,"C5"
"Zm00001eb143980",2,"C2"
"Zm00001eb132260",3,"C4"
"Zm00001eb143070",2,"C2"
"Zm00001eb129030",5,"C5"
"Zm00001eb123370",2,"C2"
"Zm00001eb134970",1,"C7"
"Zm00001eb148770",3,"C4"
"Zm00001eb130880",1,"C7"
"Zm00001eb152320",3,"C4"
"Zm00001eb131690",7,"C6"
"Zm00001eb144610",7,"C6"
"Zm00001eb120760",2,"C2"
"Zm00001eb141310",6,"C1"
"Zm00001eb146420",6,"C1"
"Zm00001eb160990",2,"C2"
"Zm00001eb150450",2,"C2"
"Zm00001eb156560",2,"C2"
"Zm00001eb162300",2,"C2"
"Zm00001eb154700",2,"C2"
"Zm00001eb142420",2,"C2"
"Zm00001eb144400",1,"C7"
"Zm00001eb133880",2,"C2"
"Zm00001eb138690",1,"C7"
"Zm00001eb140320",7,"C6"
"Zm00001eb162240",2,"C2"
"Zm00001eb148010",6,"C1"
"Zm00001eb131520",6,"C1"
"Zm00001eb144570",5,"C5"
"Zm00001eb151720",3,"C4"
"Zm00001eb121640",6,"C1"
"Zm00001eb157540",2,"C2"
"Zm00001eb162970",3,"C4"
"Zm00001eb133350",7,"C6"
"Zm00001eb138800",3,"C4"
"Zm00001eb163860",1,"C7"
"Zm00001eb153480",2,"C2"
"Zm00001eb161850",7,"C6"
"Zm00001eb163480",3,"C4"
"Zm00001eb119930",3,"C4"
"Zm00001eb158030",6,"C1"
"Zm00001eb160770",6,"C1"
"Zm00001eb155590",2,"C2"
"Zm00001eb126640",2,"C2"
"Zm00001eb160200",5,"C5"
"Zm00001eb152650",6,"C1"
"Zm00001eb137410",1,"C7"
"Zm00001eb161530",6,"C1"
"Zm00001eb142630",1,"C7"
"Zm00001eb128830",6,"C1"
"Zm00001eb142060",3,"C4"
"Zm00001eb125850",2,"C2"
"Zm00001eb154230",5,"C5"
"Zm00001eb151630",6,"C1"
"Zm00001eb138940",3,"C4"
"Zm00001eb127750",2,"C2"
"Zm00001eb136450",6,"C1"
"Zm00001eb158050",6,"C1"
"Zm00001eb139880",5,"C5"
"Zm00001eb162370",2,"C2"
"Zm00001eb159750",2,"C2"
"Zm00001eb149800",2,"C2"
"Zm00001eb160080",6,"C1"
"Zm00001eb135960",2,"C2"
"Zm00001eb150040",5,"C5"
"Zm00001eb119010",6,"C1"
"Zm00001eb148060",2,"C2"
"Zm00001eb138700",2,"C2"
"Zm00001eb127460",2,"C2"
"Zm00001eb160600",2,"C2"
"Zm00001eb131900",7,"C6"
"Zm00001eb136190",3,"C4"
"Zm00001eb151930",6,"C1"
"Zm00001eb134690",2,"C2"
"Zm00001eb132980",2,"C2"
"Zm00001eb131620",5,"C5"
"Zm00001eb153980",2,"C2"
"Zm00001eb138030",3,"C4"
"Zm00001eb153300",2,"C2"
"Zm00001eb128200",2,"C2"
"Zm00001eb121810",2,"C2"
"Zm00001eb123040",3,"C4"
"Zm00001eb120470",5,"C5"
"Zm00001eb135860",3,"C4"
"Zm00001eb162330",2,"C2"
"Zm00001eb128410",2,"C2"
"Zm00001eb131870",3,"C4"
"Zm00001eb163880",1,"C7"
"Zm00001eb128960",3,"C4"
"Zm00001eb140940",2,"C2"
"Zm00001eb145420",6,"C1"
"Zm00001eb148430",2,"C2"
"Zm00001eb142510",6,"C1"
"Zm00001eb159400",2,"C2"
"Zm00001eb129360",3,"C4"
"Zm00001eb123790",2,"C2"
"Zm00001eb137140",6,"C1"
"Zm00001eb130650",6,"C1"
"Zm00001eb161580",2,"C2"
"Zm00001eb128620",1,"C7"
"Zm00001eb121120",3,"C4"
"Zm00001eb138500",2,"C2"
"Zm00001eb139770",6,"C1"
"Zm00001eb149940",2,"C2"
"Zm00001eb136120",2,"C2"
"Zm00001eb121410",5,"C5"
"Zm00001eb146610",6,"C1"
"Zm00001eb130130",6,"C1"
"Zm00001eb152990",2,"C2"
"Zm00001eb157160",6,"C1"
"Zm00001eb161900",5,"C5"
"Zm00001eb163550",3,"C4"
"Zm00001eb143200",6,"C1"
"Zm00001eb163950",7,"C6"
"Zm00001eb126920",3,"C4"
"Zm00001eb158370",2,"C2"
"Zm00001eb138670",2,"C2"
"Zm00001eb120740",3,"C4"
"Zm00001eb123150",5,"C5"
"Zm00001eb124830",2,"C2"
"Zm00001eb158950",1,"C7"
"Zm00001eb154570",5,"C5"
"Zm00001eb161520",6,"C1"
"Zm00001eb132400",3,"C4"
"Zm00001eb161450",2,"C2"
"Zm00001eb162560",7,"C6"
"Zm00001eb136980",1,"C7"
"Zm00001eb137740",1,"C7"
"Zm00001eb134800",2,"C2"
"Zm00001eb151110",2,"C2"
"Zm00001eb119510",2,"C2"
"Zm00001eb120600",6,"C1"
"Zm00001eb146670",7,"C6"
"Zm00001eb125350",2,"C2"
"Zm00001eb144640",5,"C5"
"Zm00001eb163790",2,"C2"
"Zm00001eb121870",2,"C2"
"Zm00001eb140620",5,"C5"
"Zm00001eb154850",5,"C5"
"Zm00001eb148520",5,"C5"
"Zm00001eb149750",7,"C6"
"Zm00001eb153800",6,"C1"
"Zm00001eb119330",2,"C2"
"Zm00001eb153730",2,"C2"
"Zm00001eb153950",2,"C2"
"Zm00001eb136770",2,"C2"
"Zm00001eb134480",2,"C2"
"Zm00001eb118880",2,"C2"
"Zm00001eb150640",2,"C2"
"Zm00001eb146330",2,"C2"
"Zm00001eb134900",6,"C1"
"Zm00001eb137860",2,"C2"
"Zm00001eb142230",6,"C1"
"Zm00001eb123410",3,"C4"
"Zm00001eb128150",3,"C4"
"Zm00001eb139660",5,"C5"
"Zm00001eb146510",1,"C7"
"Zm00001eb152060",2,"C2"
"Zm00001eb158920",2,"C2"
"Zm00001eb121920",2,"C2"
"Zm00001eb154460",2,"C2"
"Zm00001eb151250",5,"C5"
"Zm00001eb123460",2,"C2"
"Zm00001eb140180",3,"C4"
"Zm00001eb122050",2,"C2"
"Zm00001eb157080",6,"C1"
"Zm00001eb139720",2,"C2"
"Zm00001eb129230",2,"C2"
"Zm00001eb137420",1,"C7"
"Zm00001eb122110",2,"C2"
"Zm00001eb122990",7,"C6"
"Zm00001eb147460",7,"C6"
"Zm00001eb160030",2,"C2"
"Zm00001eb144580",5,"C5"
"Zm00001eb149730",5,"C5"
"Zm00001eb146730",2,"C2"
"Zm00001eb140330",2,"C2"
"Zm00001eb124420",1,"C7"
"Zm00001eb130870",1,"C7"
"Zm00001eb161310",5,"C5"
"Zm00001eb118940",2,"C2"
"Zm00001eb119780",2,"C2"
"Zm00001eb128290",6,"C1"
"Zm00001eb130700",2,"C2"
"Zm00001eb153170",1,"C7"
"Zm00001eb135740",6,"C1"
"Zm00001eb148300",2,"C2"
"Zm00001eb119080",5,"C5"
"Zm00001eb154630",3,"C4"
"Zm00001eb124020",3,"C4"
"Zm00001eb124440",2,"C2"
"Zm00001eb130760",3,"C4"
"Zm00001eb159200",3,"C4"
"Zm00001eb133570",2,"C2"
"Zm00001eb148160",2,"C2"
"Zm00001eb160500",5,"C5"
"Zm00001eb125470",7,"C6"
"Zm00001eb124790",6,"C1"
"Zm00001eb154280",1,"C7"
"Zm00001eb120710",3,"C4"
"Zm00001eb130640",7,"C6"
"Zm00001eb142300",3,"C4"
"Zm00001eb143240",2,"C2"
"Zm00001eb149900",6,"C1"
"Zm00001eb150810",3,"C4"
"Zm00001eb145520",5,"C5"
"Zm00001eb133530",6,"C1"
"Zm00001eb156640",2,"C2"
"Zm00001eb158420",7,"C6"
"Zm00001eb159970",2,"C2"
"Zm00001eb150290",7,"C6"
"Zm00001eb160250",2,"C2"
"Zm00001eb147380",3,"C4"
"Zm00001eb147200",3,"C4"
"Zm00001eb146560",6,"C1"
"Zm00001eb154040",6,"C1"
"Zm00001eb143450",7,"C6"
"Zm00001eb123340",2,"C2"
"Zm00001eb126880",7,"C6"
"Zm00001eb146270",2,"C2"
"Zm00001eb163000",5,"C5"
"Zm00001eb137060",6,"C1"
"Zm00001eb147750",1,"C7"
"Zm00001eb153910",6,"C1"
"Zm00001eb121270",2,"C2"
"Zm00001eb143370",2,"C2"
"Zm00001eb126360",3,"C4"
"Zm00001eb122000",6,"C1"
"Zm00001eb159470",2,"C2"
"Zm00001eb140700",2,"C2"
"Zm00001eb160010",2,"C2"
"Zm00001eb130690",6,"C1"
"Zm00001eb146890",6,"C1"
"Zm00001eb159140",2,"C2"
"Zm00001eb162250",3,"C4"
"Zm00001eb131370",2,"C2"
"Zm00001eb150160",6,"C1"
"Zm00001eb158650",7,"C6"
"Zm00001eb152510",2,"C2"
"Zm00001eb136880",7,"C6"
"Zm00001eb130510",7,"C6"
"Zm00001eb133840",3,"C4"
"Zm00001eb163910",1,"C7"
"Zm00001eb142730",3,"C4"
"Zm00001eb141990",2,"C2"
"Zm00001eb159840",3,"C4"
"Zm00001eb124510",6,"C1"
"Zm00001eb120890",3,"C4"
"Zm00001eb145870",5,"C5"
"Zm00001eb132450",3,"C4"
"Zm00001eb160780",2,"C2"
"Zm00001eb131280",7,"C6"
"Zm00001eb155550",7,"C6"
"Zm00001eb152970",2,"C2"
"Zm00001eb133750",3,"C4"
"Zm00001eb151170",1,"C7"
"Zm00001eb136940",2,"C2"
"Zm00001eb159790",2,"C2"
"Zm00001eb144690",6,"C1"
"Zm00001eb161660",1,"C7"
"Zm00001eb157350",1,"C7"
"Zm00001eb159530",6,"C1"
"Zm00001eb141220",2,"C2"
"Zm00001eb136490",6,"C1"
"Zm00001eb127430",2,"C2"
"Zm00001eb163370",3,"C4"
"Zm00001eb144870",3,"C4"
"Zm00001eb149980",7,"C6"
"Zm00001eb119240",6,"C1"
"Zm00001eb160360",3,"C4"
"Zm00001eb143620",3,"C4"
"Zm00001eb145740",6,"C1"
"Zm00001eb152270",6,"C1"
"Zm00001eb128890",5,"C5"
"Zm00001eb126830",3,"C4"
"Zm00001eb148020",3,"C4"
"Zm00001eb139860",7,"C6"
"Zm00001eb158550",2,"C2"
"Zm00001eb140930",5,"C5"
"Zm00001eb163520",7,"C6"
"Zm00001eb147970",6,"C1"
"Zm00001eb138450",3,"C4"
"Zm00001eb148070",2,"C2"
"Zm00001eb121420",7,"C6"
"Zm00001eb157270",2,"C2"
"Zm00001eb147890",2,"C2"
"Zm00001eb154830",6,"C1"
"Zm00001eb159780",2,"C2"
"Zm00001eb145810",7,"C6"
"Zm00001eb123000",1,"C7"
"Zm00001eb146680",6,"C1"
"Zm00001eb154710",2,"C2"
"Zm00001eb141290",3,"C4"
"Zm00001eb148320",6,"C1"
"Zm00001eb140500",2,"C2"
"Zm00001eb159080",1,"C7"
"Zm00001eb126790",6,"C1"
"Zm00001eb121000",5,"C5"
"Zm00001eb135060",2,"C2"
"Zm00001eb142250",5,"C5"
"Zm00001eb144540",2,"C2"
"Zm00001eb120450",1,"C7"
"Zm00001eb161770",7,"C6"
"Zm00001eb139130",3,"C4"
"Zm00001eb137480",1,"C7"
"Zm00001eb156070",2,"C2"
"Zm00001eb151640",7,"C6"
"Zm00001eb121820",6,"C1"
"Zm00001eb134430",2,"C2"
"Zm00001eb157100",3,"C4"
"Zm00001eb160270",6,"C1"
"Zm00001eb126400",2,"C2"
"Zm00001eb144730",2,"C2"
"Zm00001eb138980",7,"C6"
"Zm00001eb141970",2,"C2"
"Zm00001eb162720",6,"C1"
"Zm00001eb153520",2,"C2"
"Zm00001eb153850",2,"C2"
"Zm00001eb142180",2,"C2"
"Zm00001eb157530",7,"C6"
"Zm00001eb155040",2,"C2"
"Zm00001eb140840",7,"C6"
"Zm00001eb124070",2,"C2"
"Zm00001eb146430",2,"C2"
"Zm00001eb121760",6,"C1"
"Zm00001eb159670",2,"C2"
"Zm00001eb155280",2,"C2"
"Zm00001eb149170",6,"C1"
"Zm00001eb152210",3,"C4"
"Zm00001eb123210",3,"C4"
"Zm00001eb127490",2,"C2"
"Zm00001eb157400",2,"C2"
"Zm00001eb156100",6,"C1"
"Zm00001eb118930",7,"C6"
"Zm00001eb127940",2,"C2"
"Zm00001eb157170",2,"C2"
"Zm00001eb156650",2,"C2"
"Zm00001eb154090",6,"C1"
"Zm00001eb153270",2,"C2"
"Zm00001eb140740",2,"C2"
"Zm00001eb135550",7,"C6"
"Zm00001eb129920",2,"C2"
"Zm00001eb145290",2,"C2"
"Zm00001eb153320",6,"C1"
"Zm00001eb143210",3,"C4"
"Zm00001eb126820",2,"C2"
"Zm00001eb139410",3,"C4"
"Zm00001eb149010",5,"C5"
"Zm00001eb118540",3,"C4"
"Zm00001eb124960",7,"C6"
"Zm00001eb134470",3,"C4"
"Zm00001eb163280",3,"C4"
"Zm00001eb144770",1,"C7"
"Zm00001eb138610",5,"C5"
"Zm00001eb155170",2,"C2"
"Zm00001eb120500",2,"C2"
"Zm00001eb152250",7,"C6"
"Zm00001eb129320",7,"C6"
"Zm00001eb134910",2,"C2"
"Zm00001eb146310",3,"C4"
"Zm00001eb124940",3,"C4"
"Zm00001eb135460",3,"C4"
"Zm00001eb134010",3,"C4"
"Zm00001eb155530",3,"C4"
"Zm00001eb133070",3,"C4"
"Zm00001eb143710",2,"C2"
"Zm00001eb132750",2,"C2"
"Zm00001eb130730",1,"C7"
"Zm00001eb155850",2,"C2"
"Zm00001eb141830",1,"C7"
"Zm00001eb128070",5,"C5"
"Zm00001eb148790",3,"C4"
"Zm00001eb122910",2,"C2"
"Zm00001eb137590",2,"C2"
"Zm00001eb119640",3,"C4"
"Zm00001eb149950",2,"C2"
"Zm00001eb122200",3,"C4"
"Zm00001eb136130",2,"C2"
"Zm00001eb138480",2,"C2"
"Zm00001eb157890",2,"C2"
"Zm00001eb121180",6,"C1"
"Zm00001eb137000",2,"C2"
"Zm00001eb154370",2,"C2"
"Zm00001eb158070",6,"C1"
"Zm00001eb125230",3,"C4"
"Zm00001eb138910",5,"C5"
"Zm00001eb149120",1,"C7"
"Zm00001eb145970",5,"C5"
"Zm00001eb142200",7,"C6"
"Zm00001eb128220",2,"C2"
"Zm00001eb158830",2,"C2"
"Zm00001eb119040",7,"C6"
"Zm00001eb157620",2,"C2"
"Zm00001eb157440",2,"C2"
"Zm00001eb129370",3,"C4"
"Zm00001eb137120",2,"C2"
"Zm00001eb159320",6,"C1"
"Zm00001eb133580",3,"C4"
"Zm00001eb135800",2,"C2"
"Zm00001eb154100",3,"C4"
"Zm00001eb124340",3,"C4"
"Zm00001eb141980",3,"C4"
"Zm00001eb142460",2,"C2"
"Zm00001eb142770",2,"C2"
"Zm00001eb148380",3,"C4"
"Zm00001eb128690",6,"C1"
"Zm00001eb159000",5,"C5"
"Zm00001eb138150",2,"C2"
"Zm00001eb155160",3,"C4"
"Zm00001eb142170",7,"C6"
"Zm00001eb159730",3,"C4"
"Zm00001eb135370",2,"C2"
"Zm00001eb140450",2,"C2"
"Zm00001eb146080",2,"C2"
"Zm00001eb153500",2,"C2"
"Zm00001eb142490",3,"C4"
"Zm00001eb160810",2,"C2"
"Zm00001eb140980",6,"C1"
"Zm00001eb120090",3,"C4"
"Zm00001eb152830",5,"C5"
"Zm00001eb145850",6,"C1"
"Zm00001eb139050",3,"C4"
"Zm00001eb121010",3,"C4"
"Zm00001eb147900",2,"C2"
"Zm00001eb154930",6,"C1"
"Zm00001eb160720",7,"C6"
"Zm00001eb124290",6,"C1"
"Zm00001eb145750",1,"C7"
"Zm00001eb148120",5,"C5"
"Zm00001eb134600",2,"C2"
"Zm00001eb127880",2,"C2"
"Zm00001eb146970",3,"C4"
"Zm00001eb156580",6,"C1"
"Zm00001eb151660",3,"C4"
"Zm00001eb128730",1,"C7"
"Zm00001eb135220",2,"C2"
"Zm00001eb153600",2,"C2"
"Zm00001eb131060",6,"C1"
"Zm00001eb160350",7,"C6"
"Zm00001eb123280",7,"C6"
"Zm00001eb130860",6,"C1"
"Zm00001eb155870",2,"C2"
"Zm00001eb140640",6,"C1"
"Zm00001eb155350",2,"C2"
"Zm00001eb122190",4,"C3"
"Zm00001eb152180",6,"C1"
"Zm00001eb157140",2,"C2"
"Zm00001eb147760",3,"C4"
"Zm00001eb145240",6,"C1"
"Zm00001eb119970",2,"C2"
"Zm00001eb131360",7,"C6"
"Zm00001eb118900",4,"C3"
"Zm00001eb144280",7,"C6"
"Zm00001eb123970",2,"C2"
"Zm00001eb130340",3,"C4"
"Zm00001eb146490",2,"C2"
"Zm00001eb156770",6,"C1"
"Zm00001eb140580",7,"C6"
"Zm00001eb133280",2,"C2"
"Zm00001eb153380",2,"C2"
"Zm00001eb140720",3,"C4"
"Zm00001eb144420",2,"C2"
"Zm00001eb148900",3,"C4"
"Zm00001eb141700",2,"C2"
"Zm00001eb120830",2,"C2"
"Zm00001eb137730",2,"C2"
"Zm00001eb119410",3,"C4"
"Zm00001eb138920",6,"C1"
"Zm00001eb145530",3,"C4"
"Zm00001eb158970",2,"C2"
"Zm00001eb146450",3,"C4"
"Zm00001eb140270",3,"C4"
"Zm00001eb143390",2,"C2"
"Zm00001eb157980",2,"C2"
"Zm00001eb159760",3,"C4"
"Zm00001eb160490",3,"C4"
"Zm00001eb158850",7,"C6"
"Zm00001eb128800",6,"C1"
"Zm00001eb161700",2,"C2"
"Zm00001eb121060",2,"C2"
"Zm00001eb118810",5,"C5"
"Zm00001eb162090",6,"C1"
"Zm00001eb124210",7,"C6"
"Zm00001eb139930",2,"C2"
"Zm00001eb156020",1,"C7"
"Zm00001eb124680",3,"C4"
"Zm00001eb122270",3,"C4"
"Zm00001eb121470",2,"C2"
"Zm00001eb157830",2,"C2"
"Zm00001eb143300",2,"C2"
"Zm00001eb137960",3,"C4"
"Zm00001eb147370",3,"C4"
"Zm00001eb163470",2,"C2"
"Zm00001eb129790",5,"C5"
"Zm00001eb149130",3,"C4"
"Zm00001eb155920",2,"C2"
"Zm00001eb150840",5,"C5"
"Zm00001eb132140",3,"C4"
"Zm00001eb152340",3,"C4"
"Zm00001eb135650",1,"C7"
"Zm00001eb161550",2,"C2"
"Zm00001eb157090",6,"C1"
"Zm00001eb160680",2,"C2"
"Zm00001eb143680",3,"C4"
"Zm00001eb137430",1,"C7"
"Zm00001eb143520",5,"C5"
"Zm00001eb121370",5,"C5"
"Zm00001eb144170",2,"C2"
"Zm00001eb124920",7,"C6"
"Zm00001eb132940",2,"C2"
"Zm00001eb150970",6,"C1"
"Zm00001eb129960",2,"C2"
"Zm00001eb162960",3,"C4"
"Zm00001eb146190",2,"C2"
"Zm00001eb161320",2,"C2"
"Zm00001eb124430",2,"C2"
"Zm00001eb127760",6,"C1"
"Zm00001eb157790",6,"C1"
"Zm00001eb153340",5,"C5"
"Zm00001eb163390",6,"C1"
"Zm00001eb157650",6,"C1"
"Zm00001eb141480",2,"C2"
"Zm00001eb150090",6,"C1"
"Zm00001eb128990",2,"C2"
"Zm00001eb122980",1,"C7"
"Zm00001eb153830",5,"C5"
"Zm00001eb121910",1,"C7"
"Zm00001eb123730",2,"C2"
"Zm00001eb149700",6,"C1"
"Zm00001eb143960",2,"C2"
"Zm00001eb135470",6,"C1"
"Zm00001eb133480",3,"C4"
"Zm00001eb125990",6,"C1"
"Zm00001eb160380",2,"C2"
"Zm00001eb146550",2,"C2"
"Zm00001eb127720",5,"C5"
"Zm00001eb138410",6,"C1"
"Zm00001eb137280",1,"C7"
"Zm00001eb164040",7,"C6"
"Zm00001eb124630",5,"C5"
"Zm00001eb141910",7,"C6"
"Zm00001eb140890",6,"C1"
"Zm00001eb161170",2,"C2"
"Zm00001eb161640",2,"C2"
"Zm00001eb149960",3,"C4"
"Zm00001eb164120",4,"C3"
"Zm00001eb139400",2,"C2"
"Zm00001eb159110",5,"C5"
"Zm00001eb122920",2,"C2"
"Zm00001eb124780",2,"C2"
"Zm00001eb147080",2,"C2"
"Zm00001eb127150",1,"C7"
"Zm00001eb135840",3,"C4"
"Zm00001eb144240",7,"C6"
"Zm00001eb119820",2,"C2"
"Zm00001eb145140",2,"C2"
"Zm00001eb119060",5,"C5"
"Zm00001eb128570",2,"C2"
"Zm00001eb130220",2,"C2"
"Zm00001eb144300",3,"C4"
"Zm00001eb156710",6,"C1"
"Zm00001eb162270",2,"C2"
"Zm00001eb135590",3,"C4"
"Zm00001eb127200",2,"C2"
"Zm00001eb122670",6,"C1"
"Zm00001eb122340",2,"C2"
"Zm00001eb130820",5,"C5"
"Zm00001eb148090",3,"C4"
"Zm00001eb147290",3,"C4"
"Zm00001eb152010",3,"C4"
"Zm00001eb143170",2,"C2"
"Zm00001eb153180",6,"C1"
"Zm00001eb126500",2,"C2"
"Zm00001eb153700",5,"C5"
"Zm00001eb141040",7,"C6"
"Zm00001eb141940",2,"C2"
"Zm00001eb146250",2,"C2"
"Zm00001eb131050",2,"C2"
"Zm00001eb132680",6,"C1"
"Zm00001eb149270",6,"C1"
"Zm00001eb150370",7,"C6"
"Zm00001eb121390",5,"C5"
"Zm00001eb150020",6,"C1"
"Zm00001eb131880",2,"C2"
"Zm00001eb125460",7,"C6"
"Zm00001eb121900",7,"C6"
"Zm00001eb149610",6,"C1"
"Zm00001eb153930",2,"C2"
"Zm00001eb140730",3,"C4"
"Zm00001eb145490",3,"C4"
"Zm00001eb164240",2,"C2"
"Zm00001eb160660",2,"C2"
"Zm00001eb144370",2,"C2"
"Zm00001eb161780",6,"C1"
"Zm00001eb148220",5,"C5"
"Zm00001eb152520",2,"C2"
"Zm00001eb153040",2,"C2"
"Zm00001eb127110",6,"C1"
"Zm00001eb122290",3,"C4"
"Zm00001eb140030",3,"C4"
"Zm00001eb149920",2,"C2"
"Zm00001eb143640",1,"C7"
"Zm00001eb148950",2,"C2"
"Zm00001eb132610",6,"C1"
"Zm00001eb145560",2,"C2"
"Zm00001eb158200",6,"C1"
"Zm00001eb157720",3,"C4"
"Zm00001eb154290",2,"C2"
"Zm00001eb121050",4,"C3"
"Zm00001eb153330",7,"C6"
"Zm00001eb137610",3,"C4"
"Zm00001eb136460",5,"C5"
"Zm00001eb127770",7,"C6"
"Zm00001eb160750",6,"C1"
"Zm00001eb154530",6,"C1"
"Zm00001eb156870",7,"C6"
"Zm00001eb159820",3,"C4"
"Zm00001eb125340",7,"C6"
"Zm00001eb151360",2,"C2"
"Zm00001eb121540",2,"C2"
"Zm00001eb122950",2,"C2"
"Zm00001eb134700",1,"C7"
"Zm00001eb119880",3,"C4"
"Zm00001eb127280",3,"C4"
"Zm00001eb149820",3,"C4"
"Zm00001eb135400",2,"C2"
"Zm00001eb151300",5,"C5"
"Zm00001eb135930",3,"C4"
"Zm00001eb152350",6,"C1"
"Zm00001eb119710",2,"C2"
"Zm00001eb131230",2,"C2"
"Zm00001eb151480",5,"C5"
"Zm00001eb151540",5,"C5"
"Zm00001eb156930",7,"C6"
"Zm00001eb126840",2,"C2"
"Zm00001eb121510",2,"C2"
"Zm00001eb156060",6,"C1"
"Zm00001eb121480",2,"C2"
"Zm00001eb159890",7,"C6"
"Zm00001eb146160",2,"C2"
"Zm00001eb147320",2,"C2"
"Zm00001eb149680",2,"C2"
"Zm00001eb152860",2,"C2"
"Zm00001eb121300",2,"C2"
"Zm00001eb149530",2,"C2"
"Zm00001eb162790",2,"C2"
"Zm00001eb150100",3,"C4"
"Zm00001eb131790",6,"C1"
"Zm00001eb157570",3,"C4"
"Zm00001eb122750",2,"C2"
"Zm00001eb163530",3,"C4"
"Zm00001eb147050",3,"C4"
"Zm00001eb150150",3,"C4"
"Zm00001eb146620",2,"C2"
"Zm00001eb122890",6,"C1"
"Zm00001eb145500",6,"C1"
"Zm00001eb249910",2,"C2"
"Zm00001eb222310",6,"C1"
"Zm00001eb256350",5,"C5"
"Zm00001eb224250",2,"C2"
"Zm00001eb229070",6,"C1"
"Zm00001eb232140",2,"C2"
"Zm00001eb210550",2,"C2"
"Zm00001eb217790",6,"C1"
"Zm00001eb233510",5,"C5"
"Zm00001eb239050",3,"C4"
"Zm00001eb232400",6,"C1"
"Zm00001eb233060",3,"C4"
"Zm00001eb244130",2,"C2"
"Zm00001eb223290",7,"C6"
"Zm00001eb249680",7,"C6"
"Zm00001eb254410",5,"C5"
"Zm00001eb218020",6,"C1"
"Zm00001eb216910",3,"C4"
"Zm00001eb258210",3,"C4"
"Zm00001eb222860",7,"C6"
"Zm00001eb233200",2,"C2"
"Zm00001eb213430",4,"C3"
"Zm00001eb258320",2,"C2"
"Zm00001eb217550",2,"C2"
"Zm00001eb257390",5,"C5"
"Zm00001eb233350",2,"C2"
"Zm00001eb226150",2,"C2"
"Zm00001eb227930",6,"C1"
"Zm00001eb246600",1,"C7"
"Zm00001eb219750",7,"C6"
"Zm00001eb216680",6,"C1"
"Zm00001eb213700",2,"C2"
"Zm00001eb246740",2,"C2"
"Zm00001eb211960",7,"C6"
"Zm00001eb214580",6,"C1"
"Zm00001eb216080",3,"C4"
"Zm00001eb250140",3,"C4"
"Zm00001eb226870",5,"C5"
"Zm00001eb251410",6,"C1"
"Zm00001eb253500",2,"C2"
"Zm00001eb250800",3,"C4"
"Zm00001eb258600",7,"C6"
"Zm00001eb247040",6,"C1"
"Zm00001eb222650",2,"C2"
"Zm00001eb242340",2,"C2"
"Zm00001eb213250",3,"C4"
"Zm00001eb245110",2,"C2"
"Zm00001eb228830",2,"C2"
"Zm00001eb253570",6,"C1"
"Zm00001eb259470",2,"C2"
"Zm00001eb214290",2,"C2"
"Zm00001eb231830",2,"C2"
"Zm00001eb255550",3,"C4"
"Zm00001eb218540",6,"C1"
"Zm00001eb223160",6,"C1"
"Zm00001eb258950",7,"C6"
"Zm00001eb224730",5,"C5"
"Zm00001eb257920",5,"C5"
"Zm00001eb216240",2,"C2"
"Zm00001eb244010",7,"C6"
"Zm00001eb221870",6,"C1"
"Zm00001eb241290",6,"C1"
"Zm00001eb210780",7,"C6"
"Zm00001eb228620",2,"C2"
"Zm00001eb259400",2,"C2"
"Zm00001eb230550",2,"C2"
"Zm00001eb230480",2,"C2"
"Zm00001eb210470",2,"C2"
"Zm00001eb235980",1,"C7"
"Zm00001eb233820",5,"C5"
"Zm00001eb219580",1,"C7"
"Zm00001eb246870",3,"C4"
"Zm00001eb238370",1,"C7"
"Zm00001eb244230",7,"C6"
"Zm00001eb241130",2,"C2"
"Zm00001eb248880",7,"C6"
"Zm00001eb234500",6,"C1"
"Zm00001eb229500",3,"C4"
"Zm00001eb250760",4,"C3"
"Zm00001eb225650",4,"C3"
"Zm00001eb242460",6,"C1"
"Zm00001eb215290",5,"C5"
"Zm00001eb211390",6,"C1"
"Zm00001eb232960",2,"C2"
"Zm00001eb235200",3,"C4"
"Zm00001eb223390",6,"C1"
"Zm00001eb231500",3,"C4"
"Zm00001eb256740",4,"C3"
"Zm00001eb246040",6,"C1"
"Zm00001eb220850",2,"C2"
"Zm00001eb222340",2,"C2"
"Zm00001eb221620",2,"C2"
"Zm00001eb246800",2,"C2"
"Zm00001eb244410",3,"C4"
"Zm00001eb211690",7,"C6"
"Zm00001eb236990",2,"C2"
"Zm00001eb245590",2,"C2"
"Zm00001eb214670",6,"C1"
"Zm00001eb212990",2,"C2"
"Zm00001eb212270",7,"C6"
"Zm00001eb216850",6,"C1"
"Zm00001eb225410",7,"C6"
"Zm00001eb212760",7,"C6"
"Zm00001eb225840",2,"C2"
"Zm00001eb245390",2,"C2"
"Zm00001eb214840",2,"C2"
"Zm00001eb250030",7,"C6"
"Zm00001eb234860",7,"C6"
"Zm00001eb250100",2,"C2"
"Zm00001eb214070",7,"C6"
"Zm00001eb249870",6,"C1"
"Zm00001eb226210",2,"C2"
"Zm00001eb242690",5,"C5"
"Zm00001eb227320",7,"C6"
"Zm00001eb245160",6,"C1"
"Zm00001eb249160",7,"C6"
"Zm00001eb220360",2,"C2"
"Zm00001eb225130",5,"C5"
"Zm00001eb255570",3,"C4"
"Zm00001eb255110",7,"C6"
"Zm00001eb229660",2,"C2"
"Zm00001eb248580",3,"C4"
"Zm00001eb219240",3,"C4"
"Zm00001eb221150",2,"C2"
"Zm00001eb226320",1,"C7"
"Zm00001eb226390",5,"C5"
"Zm00001eb227040",2,"C2"
"Zm00001eb210460",5,"C5"
"Zm00001eb224040",3,"C4"
"Zm00001eb228930",5,"C5"
"Zm00001eb251910",2,"C2"
"Zm00001eb251310",3,"C4"
"Zm00001eb252390",7,"C6"
"Zm00001eb212030",2,"C2"
"Zm00001eb255780",2,"C2"
"Zm00001eb232170",2,"C2"
"Zm00001eb210540",1,"C7"
"Zm00001eb226830",2,"C2"
"Zm00001eb250480",7,"C6"
"Zm00001eb231610",2,"C2"
"Zm00001eb237590",6,"C1"
"Zm00001eb222840",2,"C2"
"Zm00001eb249700",6,"C1"
"Zm00001eb252060",2,"C2"
"Zm00001eb246750",2,"C2"
"Zm00001eb229260",6,"C1"
"Zm00001eb246430",6,"C1"
"Zm00001eb246180",3,"C4"
"Zm00001eb245240",3,"C4"
"Zm00001eb246360",6,"C1"
"Zm00001eb227850",2,"C2"
"Zm00001eb256520",7,"C6"
"Zm00001eb233500",3,"C4"
"Zm00001eb259140",2,"C2"
"Zm00001eb233030",2,"C2"
"Zm00001eb217060",3,"C4"
"Zm00001eb258770",2,"C2"
"Zm00001eb217950",2,"C2"
"Zm00001eb235230",2,"C2"
"Zm00001eb217240",3,"C4"
"Zm00001eb214860",2,"C2"
"Zm00001eb213500",3,"C4"
"Zm00001eb253970",2,"C2"
"Zm00001eb218190",2,"C2"
"Zm00001eb247590",7,"C6"
"Zm00001eb254350",6,"C1"
"Zm00001eb219510",3,"C4"
"Zm00001eb254950",6,"C1"
"Zm00001eb216280",2,"C2"
"Zm00001eb241510",2,"C2"
"Zm00001eb214970",6,"C1"
"Zm00001eb232240",2,"C2"
"Zm00001eb231050",2,"C2"
"Zm00001eb215210",2,"C2"
"Zm00001eb222880",7,"C6"
"Zm00001eb257000",3,"C4"
"Zm00001eb252880",2,"C2"
"Zm00001eb214520",6,"C1"
"Zm00001eb216540",1,"C7"
"Zm00001eb246220",6,"C1"
"Zm00001eb225540",2,"C2"
"Zm00001eb229290",2,"C2"
"Zm00001eb218590",3,"C4"
"Zm00001eb248310",2,"C2"
"Zm00001eb237930",2,"C2"
"Zm00001eb219400",3,"C4"
"Zm00001eb223190",5,"C5"
"Zm00001eb230510",6,"C1"
"Zm00001eb226730",2,"C2"
"Zm00001eb240380",6,"C1"
"Zm00001eb212300",2,"C2"
"Zm00001eb220940",3,"C4"
"Zm00001eb259280",6,"C1"
"Zm00001eb241310",2,"C2"
"Zm00001eb257640",5,"C5"
"Zm00001eb257770",2,"C2"
"Zm00001eb253190",6,"C1"
"Zm00001eb211500",2,"C2"
"Zm00001eb210510",2,"C2"
"Zm00001eb213820",6,"C1"
"Zm00001eb249940",7,"C6"
"Zm00001eb226660",3,"C4"
"Zm00001eb232410",3,"C4"
"Zm00001eb256290",2,"C2"
"Zm00001eb229640",5,"C5"
"Zm00001eb249840",3,"C4"
"Zm00001eb238060",2,"C2"
"Zm00001eb215710",2,"C2"
"Zm00001eb217230",3,"C4"
"Zm00001eb253050",2,"C2"
"Zm00001eb240970",6,"C1"
"Zm00001eb223850",3,"C4"
"Zm00001eb215430",2,"C2"
"Zm00001eb257160",2,"C2"
"Zm00001eb233290",5,"C5"
"Zm00001eb212010",5,"C5"
"Zm00001eb232520",2,"C2"
"Zm00001eb258820",2,"C2"
"Zm00001eb230050",5,"C5"
"Zm00001eb215300",2,"C2"
"Zm00001eb258180",2,"C2"
"Zm00001eb219330",3,"C4"
"Zm00001eb224050",3,"C4"
"Zm00001eb257480",3,"C4"
"Zm00001eb210650",5,"C5"
"Zm00001eb254630",2,"C2"
"Zm00001eb250230",5,"C5"
"Zm00001eb233650",7,"C6"
"Zm00001eb244600",1,"C7"
"Zm00001eb210560",2,"C2"
"Zm00001eb230820",7,"C6"
"Zm00001eb217860",2,"C2"
"Zm00001eb224520",2,"C2"
"Zm00001eb251210",5,"C5"
"Zm00001eb235420",5,"C5"
"Zm00001eb212410",6,"C1"
"Zm00001eb211700",5,"C5"
"Zm00001eb245580",3,"C4"
"Zm00001eb238890",2,"C2"
"Zm00001eb239300",5,"C5"
"Zm00001eb231370",2,"C2"
"Zm00001eb216000",6,"C1"
"Zm00001eb236410",3,"C4"
"Zm00001eb226060",1,"C7"
"Zm00001eb259270",2,"C2"
"Zm00001eb226240",2,"C2"
"Zm00001eb232610",6,"C1"
"Zm00001eb241010",6,"C1"
"Zm00001eb249290",7,"C6"
"Zm00001eb233600",5,"C5"
"Zm00001eb243590",3,"C4"
"Zm00001eb240100",2,"C2"
"Zm00001eb227780",5,"C5"
"Zm00001eb247020",6,"C1"
"Zm00001eb223630",6,"C1"
"Zm00001eb231490",2,"C2"
"Zm00001eb221650",5,"C5"
"Zm00001eb256560",5,"C5"
"Zm00001eb248610",2,"C2"
"Zm00001eb241400",5,"C5"
"Zm00001eb257250",2,"C2"
"Zm00001eb245690",6,"C1"
"Zm00001eb227220",2,"C2"
"Zm00001eb227030",2,"C2"
"Zm00001eb224550",6,"C1"
"Zm00001eb225850",2,"C2"
"Zm00001eb226120",6,"C1"
"Zm00001eb249030",6,"C1"
"Zm00001eb246390",6,"C1"
"Zm00001eb212190",2,"C2"
"Zm00001eb238900",7,"C6"
"Zm00001eb238120",3,"C4"
"Zm00001eb226600",2,"C2"
"Zm00001eb243530",6,"C1"
"Zm00001eb249220",7,"C6"
"Zm00001eb234620",3,"C4"
"Zm00001eb259070",3,"C4"
"Zm00001eb224610",7,"C6"
"Zm00001eb255600",3,"C4"
"Zm00001eb212960",3,"C4"
"Zm00001eb257620",2,"C2"
"Zm00001eb217140",2,"C2"
"Zm00001eb242630",7,"C6"
"Zm00001eb214440",6,"C1"
"Zm00001eb234960",2,"C2"
"Zm00001eb252010",7,"C6"
"Zm00001eb216550",3,"C4"
"Zm00001eb228860",7,"C6"
"Zm00001eb259670",2,"C2"
"Zm00001eb259380",2,"C2"
"Zm00001eb225320",2,"C2"
"Zm00001eb215000",2,"C2"
"Zm00001eb218630",2,"C2"
"Zm00001eb241810",3,"C4"
"Zm00001eb252850",5,"C5"
"Zm00001eb241660",7,"C6"
"Zm00001eb217210",6,"C1"
"Zm00001eb212340",3,"C4"
"Zm00001eb213660",3,"C4"
"Zm00001eb258390",7,"C6"
"Zm00001eb219960",3,"C4"
"Zm00001eb243050",2,"C2"
"Zm00001eb210680",2,"C2"
"Zm00001eb231170",6,"C1"
"Zm00001eb211410",3,"C4"
"Zm00001eb244030",6,"C1"
"Zm00001eb241240",3,"C4"
"Zm00001eb216420",2,"C2"
"Zm00001eb220840",2,"C2"
"Zm00001eb238670",7,"C6"
"Zm00001eb221810",6,"C1"
"Zm00001eb212420",2,"C2"
"Zm00001eb218710",3,"C4"
"Zm00001eb243380",7,"C6"
"Zm00001eb236320",2,"C2"
"Zm00001eb216780",3,"C4"
"Zm00001eb214330",4,"C3"
"Zm00001eb244200",7,"C6"
"Zm00001eb229510",2,"C2"
"Zm00001eb211220",2,"C2"
"Zm00001eb239740",2,"C2"
"Zm00001eb238510",6,"C1"
"Zm00001eb246170",3,"C4"
"Zm00001eb232710",7,"C6"
"Zm00001eb217070",3,"C4"
"Zm00001eb218750",2,"C2"
"Zm00001eb230750",3,"C4"
"Zm00001eb247320",5,"C5"
"Zm00001eb213540",3,"C4"
"Zm00001eb216810",2,"C2"
"Zm00001eb256610",3,"C4"
"Zm00001eb236520",6,"C1"
"Zm00001eb246760",2,"C2"
"Zm00001eb246120",5,"C5"
"Zm00001eb242720",2,"C2"
"Zm00001eb244080",7,"C6"
"Zm00001eb232220",2,"C2"
"Zm00001eb255120",7,"C6"
"Zm00001eb238990",7,"C6"
"Zm00001eb247810",3,"C4"
"Zm00001eb259130",3,"C4"
"Zm00001eb221140",2,"C2"
"Zm00001eb253090",3,"C4"
"Zm00001eb229250",7,"C6"
"Zm00001eb225390",2,"C2"
"Zm00001eb249260",5,"C5"
"Zm00001eb235330",1,"C7"
"Zm00001eb252050",2,"C2"
"Zm00001eb227700",6,"C1"
"Zm00001eb211170",2,"C2"
"Zm00001eb210980",2,"C2"
"Zm00001eb216260",7,"C6"
"Zm00001eb248020",3,"C4"
"Zm00001eb253510",2,"C2"
"Zm00001eb236910",2,"C2"
"Zm00001eb258100",7,"C6"
"Zm00001eb258130",6,"C1"
"Zm00001eb230110",2,"C2"
"Zm00001eb257010",2,"C2"
"Zm00001eb211720",6,"C1"
"Zm00001eb227730",2,"C2"
"Zm00001eb256550",2,"C2"
"Zm00001eb247070",3,"C4"
"Zm00001eb212900",2,"C2"
"Zm00001eb246650",2,"C2"
"Zm00001eb259310",5,"C5"
"Zm00001eb224170",6,"C1"
"Zm00001eb249350",2,"C2"
"Zm00001eb246730",5,"C5"
"Zm00001eb224490",1,"C7"
"Zm00001eb228190",3,"C4"
"Zm00001eb241910",6,"C1"
"Zm00001eb234610",2,"C2"
"Zm00001eb239390",1,"C7"
"Zm00001eb240010",5,"C5"
"Zm00001eb230230",6,"C1"
"Zm00001eb251580",2,"C2"
"Zm00001eb233090",2,"C2"
"Zm00001eb254090",2,"C2"
"Zm00001eb232030",3,"C4"
"Zm00001eb251100",2,"C2"
"Zm00001eb257880",2,"C2"
"Zm00001eb231410",3,"C4"
"Zm00001eb247720",4,"C3"
"Zm00001eb210530",3,"C4"
"Zm00001eb253780",5,"C5"
"Zm00001eb251040",3,"C4"
"Zm00001eb221850",3,"C4"
"Zm00001eb250280",2,"C2"
"Zm00001eb220010",2,"C2"
"Zm00001eb215220",2,"C2"
"Zm00001eb215440",6,"C1"
"Zm00001eb222550",2,"C2"
"Zm00001eb229740",6,"C1"
"Zm00001eb211480",6,"C1"
"Zm00001eb252240",2,"C2"
"Zm00001eb257130",6,"C1"
"Zm00001eb238380",2,"C2"
"Zm00001eb231770",3,"C4"
"Zm00001eb231220",5,"C5"
"Zm00001eb246000",7,"C6"
"Zm00001eb259110",2,"C2"
"Zm00001eb226720",3,"C4"
"Zm00001eb223040",6,"C1"
"Zm00001eb246250",2,"C2"
"Zm00001eb219770",7,"C6"
"Zm00001eb218000",1,"C7"
"Zm00001eb212840",2,"C2"
"Zm00001eb212470",3,"C4"
"Zm00001eb256900",2,"C2"
"Zm00001eb225620",3,"C4"
"Zm00001eb244100",2,"C2"
"Zm00001eb246990",2,"C2"
"Zm00001eb227660",2,"C2"
"Zm00001eb212250",3,"C4"
"Zm00001eb212930",5,"C5"
"Zm00001eb255340",3,"C4"
"Zm00001eb219670",6,"C1"
"Zm00001eb253890",1,"C7"
"Zm00001eb211900",2,"C2"
"Zm00001eb228570",7,"C6"
"Zm00001eb229140",6,"C1"
"Zm00001eb231880",7,"C6"
"Zm00001eb253250",2,"C2"
"Zm00001eb254940",7,"C6"
"Zm00001eb223090",6,"C1"
"Zm00001eb221180",6,"C1"
"Zm00001eb223860",1,"C7"
"Zm00001eb228010",3,"C4"
"Zm00001eb218880",6,"C1"
"Zm00001eb215900",5,"C5"
"Zm00001eb229460",1,"C7"
"Zm00001eb210450",2,"C2"
"Zm00001eb249060",7,"C6"
"Zm00001eb228120",5,"C5"
"Zm00001eb250670",1,"C7"
"Zm00001eb257690",2,"C2"
"Zm00001eb242730",2,"C2"
"Zm00001eb232070",6,"C1"
"Zm00001eb210740",2,"C2"
"Zm00001eb228700",3,"C4"
"Zm00001eb232580",7,"C6"
"Zm00001eb251500",7,"C6"
"Zm00001eb224950",3,"C4"
"Zm00001eb243890",2,"C2"
"Zm00001eb234080",3,"C4"
"Zm00001eb259480",1,"C7"
"Zm00001eb233690",6,"C1"
"Zm00001eb215030",5,"C5"
"Zm00001eb239500",3,"C4"
"Zm00001eb240820",2,"C2"
"Zm00001eb239770",2,"C2"
"Zm00001eb229410",2,"C2"
"Zm00001eb221600",5,"C5"
"Zm00001eb211440",6,"C1"
"Zm00001eb253800",5,"C5"
"Zm00001eb242870",3,"C4"
"Zm00001eb246300",6,"C1"
"Zm00001eb256450",2,"C2"
"Zm00001eb252940",2,"C2"
"Zm00001eb253850",2,"C2"
"Zm00001eb258830",2,"C2"
"Zm00001eb225020",2,"C2"
"Zm00001eb248940",2,"C2"
"Zm00001eb250630",2,"C2"
"Zm00001eb218390",3,"C4"
"Zm00001eb232950",3,"C4"
"Zm00001eb210380",2,"C2"
"Zm00001eb244760",6,"C1"
"Zm00001eb255530",6,"C1"
"Zm00001eb248590",2,"C2"
"Zm00001eb247170",2,"C2"
"Zm00001eb243010",3,"C4"
"Zm00001eb214910",3,"C4"
"Zm00001eb250390",5,"C5"
"Zm00001eb218090",2,"C2"
"Zm00001eb220120",3,"C4"
"Zm00001eb230770",2,"C2"
"Zm00001eb212720",2,"C2"
"Zm00001eb246080",3,"C4"
"Zm00001eb231120",2,"C2"
"Zm00001eb227380",5,"C5"
"Zm00001eb229120",2,"C2"
"Zm00001eb218320",7,"C6"
"Zm00001eb237700",2,"C2"
"Zm00001eb221340",3,"C4"
"Zm00001eb220750",6,"C1"
"Zm00001eb254280",4,"C3"
"Zm00001eb236360",3,"C4"
"Zm00001eb249360",6,"C1"
"Zm00001eb255970",5,"C5"
"Zm00001eb258990",2,"C2"
"Zm00001eb258440",2,"C2"
"Zm00001eb227950",2,"C2"
"Zm00001eb255690",2,"C2"
"Zm00001eb215970",3,"C4"
"Zm00001eb240640",3,"C4"
"Zm00001eb246210",2,"C2"
"Zm00001eb231250",7,"C6"
"Zm00001eb246010",2,"C2"
"Zm00001eb254850",2,"C2"
"Zm00001eb220800",7,"C6"
"Zm00001eb215320",3,"C4"
"Zm00001eb224440",2,"C2"
"Zm00001eb256650",3,"C4"
"Zm00001eb258230",2,"C2"
"Zm00001eb214610",2,"C2"
"Zm00001eb247060",7,"C6"
"Zm00001eb237060",6,"C1"
"Zm00001eb253280",7,"C6"
"Zm00001eb237390",7,"C6"
"Zm00001eb231620",2,"C2"
"Zm00001eb250740",3,"C4"
"Zm00001eb211610",6,"C1"
"Zm00001eb221560",6,"C1"
"Zm00001eb228510",1,"C7"
"Zm00001eb215610",3,"C4"
"Zm00001eb258900",2,"C2"
"Zm00001eb215420",2,"C2"
"Zm00001eb215920",2,"C2"
"Zm00001eb242930",3,"C4"
"Zm00001eb231020",2,"C2"
"Zm00001eb241300",7,"C6"
"Zm00001eb237820",6,"C1"
"Zm00001eb237200",2,"C2"
"Zm00001eb213050",2,"C2"
"Zm00001eb239880",3,"C4"
"Zm00001eb255830",5,"C5"
"Zm00001eb223670",2,"C2"
"Zm00001eb214870",2,"C2"
"Zm00001eb257380",3,"C4"
"Zm00001eb248630",2,"C2"
"Zm00001eb251230",3,"C4"
"Zm00001eb243920",2,"C2"
"Zm00001eb222330",2,"C2"
"Zm00001eb229400",2,"C2"
"Zm00001eb254060",7,"C6"
"Zm00001eb217340",2,"C2"
"Zm00001eb229520",5,"C5"
"Zm00001eb210820",6,"C1"
"Zm00001eb250580",2,"C2"
"Zm00001eb241230",2,"C2"
"Zm00001eb242450",2,"C2"
"Zm00001eb257300",1,"C7"
"Zm00001eb251190",2,"C2"
"Zm00001eb243040",1,"C7"
"Zm00001eb238770",2,"C2"
"Zm00001eb215450",3,"C4"
"Zm00001eb214000",7,"C6"
"Zm00001eb231180",2,"C2"
"Zm00001eb225570",7,"C6"
"Zm00001eb239560",2,"C2"
"Zm00001eb232720",2,"C2"
"Zm00001eb227400",3,"C4"
"Zm00001eb220370",2,"C2"
"Zm00001eb233920",2,"C2"
"Zm00001eb233770",3,"C4"
"Zm00001eb221820",2,"C2"
"Zm00001eb244090",2,"C2"
"Zm00001eb228970",3,"C4"
"Zm00001eb239170",2,"C2"
"Zm00001eb253080",5,"C5"
"Zm00001eb212200",2,"C2"
"Zm00001eb243840",3,"C4"
"Zm00001eb237190",3,"C4"
"Zm00001eb219220",3,"C4"
"Zm00001eb247330",2,"C2"
"Zm00001eb224370",6,"C1"
"Zm00001eb222730",2,"C2"
"Zm00001eb238080",6,"C1"
"Zm00001eb221130",2,"C2"
"Zm00001eb221290",3,"C4"
"Zm00001eb240700",7,"C6"
"Zm00001eb221100",6,"C1"
"Zm00001eb228410",4,"C3"
"Zm00001eb250590",4,"C3"
"Zm00001eb247890",2,"C2"
"Zm00001eb227130",7,"C6"
"Zm00001eb232190",6,"C1"
"Zm00001eb258170",2,"C2"
"Zm00001eb250190",2,"C2"
"Zm00001eb240960",2,"C2"
"Zm00001eb221690",6,"C1"
"Zm00001eb211430",6,"C1"
"Zm00001eb249960",4,"C3"
"Zm00001eb212180",6,"C1"
"Zm00001eb231290",3,"C4"
"Zm00001eb258110",2,"C2"
"Zm00001eb230100",2,"C2"
"Zm00001eb222710",6,"C1"
"Zm00001eb234390",5,"C5"
"Zm00001eb243540",3,"C4"
"Zm00001eb253410",2,"C2"
"Zm00001eb217970",1,"C7"
"Zm00001eb255590",2,"C2"
"Zm00001eb217750",5,"C5"
"Zm00001eb248720",2,"C2"
"Zm00001eb256540",5,"C5"
"Zm00001eb224290",6,"C1"
"Zm00001eb258550",2,"C2"
"Zm00001eb219320",2,"C2"
"Zm00001eb257850",6,"C1"
"Zm00001eb222220",2,"C2"
"Zm00001eb259660",2,"C2"
"Zm00001eb210660",2,"C2"
"Zm00001eb220820",1,"C7"
"Zm00001eb229310",3,"C4"
"Zm00001eb259300",2,"C2"
"Zm00001eb243750",2,"C2"
"Zm00001eb237760",3,"C4"
"Zm00001eb244110",2,"C2"
"Zm00001eb217080",3,"C4"
"Zm00001eb210520",2,"C2"
"Zm00001eb210610",2,"C2"
"Zm00001eb227070",2,"C2"
"Zm00001eb230780",6,"C1"
"Zm00001eb232230",2,"C2"
"Zm00001eb215130",3,"C4"
"Zm00001eb237480",2,"C2"
"Zm00001eb229050",2,"C2"
"Zm00001eb235860",6,"C1"
"Zm00001eb233880",4,"C3"
"Zm00001eb212700",2,"C2"
"Zm00001eb211330",2,"C2"
"Zm00001eb249040",2,"C2"
"Zm00001eb225000",6,"C1"
"Zm00001eb216070",2,"C2"
"Zm00001eb259080",3,"C4"
"Zm00001eb211050",2,"C2"
"Zm00001eb241110",6,"C1"
"Zm00001eb216390",7,"C6"
"Zm00001eb217290",2,"C2"
"Zm00001eb232490",6,"C1"
"Zm00001eb231230",2,"C2"
"Zm00001eb223270",6,"C1"
"Zm00001eb227540",2,"C2"
"Zm00001eb239920",7,"C6"
"Zm00001eb245220",6,"C1"
"Zm00001eb236830",5,"C5"
"Zm00001eb246560",5,"C5"
"Zm00001eb242600",5,"C5"
"Zm00001eb244520",3,"C4"
"Zm00001eb250780",3,"C4"
"Zm00001eb233240",6,"C1"
"Zm00001eb256270",3,"C4"
"Zm00001eb248040",2,"C2"
"Zm00001eb224720",6,"C1"
"Zm00001eb231700",6,"C1"
"Zm00001eb211910",5,"C5"
"Zm00001eb234770",2,"C2"
"Zm00001eb233830",6,"C1"
"Zm00001eb228140",6,"C1"
"Zm00001eb243440",3,"C4"
"Zm00001eb210760",6,"C1"
"Zm00001eb240160",6,"C1"
"Zm00001eb240020",2,"C2"
"Zm00001eb233490",6,"C1"
"Zm00001eb244920",2,"C2"
"Zm00001eb256500",2,"C2"
"Zm00001eb210850",2,"C2"
"Zm00001eb212330",6,"C1"
"Zm00001eb212610",2,"C2"
"Zm00001eb258470",2,"C2"
"Zm00001eb241920",1,"C7"
"Zm00001eb223430",2,"C2"
"Zm00001eb259540",2,"C2"
"Zm00001eb228300",2,"C2"
"Zm00001eb212530",6,"C1"
"Zm00001eb241150",3,"C4"
"Zm00001eb254430",3,"C4"
"Zm00001eb257590",3,"C4"
"Zm00001eb243970",1,"C7"
"Zm00001eb249690",5,"C5"
"Zm00001eb224940",6,"C1"
"Zm00001eb226450",7,"C6"
"Zm00001eb251880",3,"C4"
"Zm00001eb215670",2,"C2"
"Zm00001eb220090",6,"C1"
"Zm00001eb215380",5,"C5"
"Zm00001eb213610",6,"C1"
"Zm00001eb246230",3,"C4"
"Zm00001eb230170",2,"C2"
"Zm00001eb219360",2,"C2"
"Zm00001eb210370",2,"C2"
"Zm00001eb243740",2,"C2"
"Zm00001eb233450",1,"C7"
"Zm00001eb214040",3,"C4"
"Zm00001eb212970",3,"C4"
"Zm00001eb221590",5,"C5"
"Zm00001eb250730",7,"C6"
"Zm00001eb231810",7,"C6"
"Zm00001eb228040",6,"C1"
"Zm00001eb253700",2,"C2"
"Zm00001eb237810",6,"C1"
"Zm00001eb257320",4,"C3"
"Zm00001eb245740",2,"C2"
"Zm00001eb244840",3,"C4"
"Zm00001eb255190",2,"C2"
"Zm00001eb235400",2,"C2"
"Zm00001eb243580",2,"C2"
"Zm00001eb215480",3,"C4"
"Zm00001eb221160",3,"C4"
"Zm00001eb232160",6,"C1"
"Zm00001eb228270",2,"C2"
"Zm00001eb232660",2,"C2"
"Zm00001eb218110",2,"C2"
"Zm00001eb224120",7,"C6"
"Zm00001eb254040",3,"C4"
"Zm00001eb244220",6,"C1"
"Zm00001eb246630",2,"C2"
"Zm00001eb255090",2,"C2"
"Zm00001eb217180",2,"C2"
"Zm00001eb251320",2,"C2"
"Zm00001eb223200",7,"C6"
"Zm00001eb259000",6,"C1"
"Zm00001eb218890",6,"C1"
"Zm00001eb236370",5,"C5"
"Zm00001eb240670",2,"C2"
"Zm00001eb228160",5,"C5"
"Zm00001eb251620",2,"C2"
"Zm00001eb215890",7,"C6"
"Zm00001eb211660",2,"C2"
"Zm00001eb259680",7,"C6"
"Zm00001eb230250",3,"C4"
"Zm00001eb214240",5,"C5"
"Zm00001eb258750",1,"C7"
"Zm00001eb257110",2,"C2"
"Zm00001eb251380",5,"C5"
"Zm00001eb210730",7,"C6"
"Zm00001eb210960",3,"C4"
"Zm00001eb242740",1,"C7"
"Zm00001eb211150",5,"C5"
"Zm00001eb213980",3,"C4"
"Zm00001eb210200",6,"C1"
"Zm00001eb225150",7,"C6"
"Zm00001eb213960",1,"C7"
"Zm00001eb245340",3,"C4"
"Zm00001eb241390",5,"C5"
"Zm00001eb225920",2,"C2"
"Zm00001eb250050",7,"C6"
"Zm00001eb248070",2,"C2"
"Zm00001eb231860",2,"C2"
"Zm00001eb227790",2,"C2"
"Zm00001eb228500",1,"C7"
"Zm00001eb231960",6,"C1"
"Zm00001eb221780",2,"C2"
"Zm00001eb249130",5,"C5"
"Zm00001eb219040",6,"C1"
"Zm00001eb259160",5,"C5"
"Zm00001eb213020",2,"C2"
"Zm00001eb240190",3,"C4"
"Zm00001eb223450",3,"C4"
"Zm00001eb221240",3,"C4"
"Zm00001eb253860",6,"C1"
"Zm00001eb220240",2,"C2"
"Zm00001eb224790",3,"C4"
"Zm00001eb258260",3,"C4"
"Zm00001eb230220",7,"C6"
"Zm00001eb212810",2,"C2"
"Zm00001eb214350",5,"C5"
"Zm00001eb214990",2,"C2"
"Zm00001eb237900",3,"C4"
"Zm00001eb243510",5,"C5"
"Zm00001eb246150",2,"C2"
"Zm00001eb244550",3,"C4"
"Zm00001eb236850",1,"C7"
"Zm00001eb231040",3,"C4"
"Zm00001eb214380",6,"C1"
"Zm00001eb256190",2,"C2"
"Zm00001eb250950",7,"C6"
"Zm00001eb252530",5,"C5"
"Zm00001eb243930",5,"C5"
"Zm00001eb219570",5,"C5"
"Zm00001eb221500",2,"C2"
"Zm00001eb233000",2,"C2"
"Zm00001eb235450",2,"C2"
"Zm00001eb214490",2,"C2"
"Zm00001eb229240",2,"C2"
"Zm00001eb255720",2,"C2"
"Zm00001eb226260",2,"C2"
"Zm00001eb250750",2,"C2"
"Zm00001eb252990",6,"C1"
"Zm00001eb259490",2,"C2"
"Zm00001eb226740",6,"C1"
"Zm00001eb232260",2,"C2"
"Zm00001eb246450",2,"C2"
"Zm00001eb227430",2,"C2"
"Zm00001eb237890",2,"C2"
"Zm00001eb259050",6,"C1"
"Zm00001eb255240",1,"C7"
"Zm00001eb242170",2,"C2"
"Zm00001eb246190",1,"C7"
"Zm00001eb228070",2,"C2"
"Zm00001eb234370",6,"C1"
"Zm00001eb257510",7,"C6"
"Zm00001eb214930",2,"C2"
"Zm00001eb229930",5,"C5"
"Zm00001eb256360",2,"C2"
"Zm00001eb225030",3,"C4"
"Zm00001eb234920",2,"C2"
"Zm00001eb234680",6,"C1"
"Zm00001eb220640",2,"C2"
"Zm00001eb211730",2,"C2"
"Zm00001eb217630",7,"C6"
"Zm00001eb223920",3,"C4"
"Zm00001eb210630",2,"C2"
"Zm00001eb226820",2,"C2"
"Zm00001eb224640",1,"C7"
"Zm00001eb215040",6,"C1"
"Zm00001eb247050",2,"C2"
"Zm00001eb257750",3,"C4"
"Zm00001eb245410",2,"C2"
"Zm00001eb215550",2,"C2"
"Zm00001eb253710",2,"C2"
"Zm00001eb213480",3,"C4"
"Zm00001eb241090",2,"C2"
"Zm00001eb245840",5,"C5"
"Zm00001eb248350",2,"C2"
"Zm00001eb213930",2,"C2"
"Zm00001eb210220",2,"C2"
"Zm00001eb253560",6,"C1"
"Zm00001eb243450",6,"C1"
"Zm00001eb233580",5,"C5"
"Zm00001eb234600",7,"C6"
"Zm00001eb244720",5,"C5"
"Zm00001eb251630",3,"C4"
"Zm00001eb230070",5,"C5"
"Zm00001eb229620",2,"C2"
"Zm00001eb250810",3,"C4"
"Zm00001eb242790",3,"C4"
"Zm00001eb255140",5,"C5"
"Zm00001eb211190",6,"C1"
"Zm00001eb216460",1,"C7"
"Zm00001eb258890",6,"C1"
"Zm00001eb245640",2,"C2"
"Zm00001eb232010",2,"C2"
"Zm00001eb242490",3,"C4"
"Zm00001eb219590",5,"C5"
"Zm00001eb237960",3,"C4"
"Zm00001eb220900",2,"C2"
"Zm00001eb252920",6,"C1"
"Zm00001eb252510",2,"C2"
"Zm00001eb238820",2,"C2"
"Zm00001eb245560",7,"C6"
"Zm00001eb221750",2,"C2"
"Zm00001eb232310",2,"C2"
"Zm00001eb216060",2,"C2"
"Zm00001eb219070",6,"C1"
"Zm00001eb233070",7,"C6"
"Zm00001eb245720",2,"C2"
"Zm00001eb211320",2,"C2"
"Zm00001eb244190",6,"C1"
"Zm00001eb250240",2,"C2"
"Zm00001eb215280",3,"C4"
"Zm00001eb211740",7,"C6"
"Zm00001eb248780",2,"C2"
"Zm00001eb224830",5,"C5"
"Zm00001eb218140",3,"C4"
"Zm00001eb217840",3,"C4"
"Zm00001eb231430",2,"C2"
"Zm00001eb226080",6,"C1"
"Zm00001eb236880",5,"C5"
"Zm00001eb250300",2,"C2"
"Zm00001eb243690",5,"C5"
"Zm00001eb229760",2,"C2"
"Zm00001eb250070",2,"C2"
"Zm00001eb242260",7,"C6"
"Zm00001eb246620",3,"C4"
"Zm00001eb237440",3,"C4"
"Zm00001eb240740",6,"C1"
"Zm00001eb211350",6,"C1"
"Zm00001eb246270",3,"C4"
"Zm00001eb242480",7,"C6"
"Zm00001eb222160",2,"C2"
"Zm00001eb227920",2,"C2"
"Zm00001eb211530",3,"C4"
"Zm00001eb255560",6,"C1"
"Zm00001eb233720",7,"C6"
"Zm00001eb215010",7,"C6"
"Zm00001eb241840",2,"C2"
"Zm00001eb217740",2,"C2"
"Zm00001eb219230",6,"C1"
"Zm00001eb242030",2,"C2"
"Zm00001eb226840",1,"C7"
"Zm00001eb227480",3,"C4"
"Zm00001eb216520",2,"C2"
"Zm00001eb249440",7,"C6"
"Zm00001eb226220",2,"C2"
"Zm00001eb234830",3,"C4"
"Zm00001eb231330",2,"C2"
"Zm00001eb236490",2,"C2"
"Zm00001eb257660",3,"C4"
"Zm00001eb250110",2,"C2"
"Zm00001eb227090",6,"C1"
"Zm00001eb210720",6,"C1"
"Zm00001eb256090",3,"C4"
"Zm00001eb251370",2,"C2"
"Zm00001eb256330",2,"C2"
"Zm00001eb220740",1,"C7"
"Zm00001eb224920",2,"C2"
"Zm00001eb256160",2,"C2"
"Zm00001eb220910",1,"C7"
"Zm00001eb221440",6,"C1"
"Zm00001eb218530",2,"C2"
"Zm00001eb256840",3,"C4"
"Zm00001eb253830",3,"C4"
"Zm00001eb218900",6,"C1"
"Zm00001eb215850",6,"C1"
"Zm00001eb234980",5,"C5"
"Zm00001eb210940",3,"C4"
"Zm00001eb212150",2,"C2"
"Zm00001eb249200",5,"C5"
"Zm00001eb216960",4,"C3"
"Zm00001eb252400",2,"C2"
"Zm00001eb219490",2,"C2"
"Zm00001eb214900",3,"C4"
"Zm00001eb226930",2,"C2"
"Zm00001eb214360",2,"C2"
"Zm00001eb236900",1,"C7"
"Zm00001eb254320",2,"C2"
"Zm00001eb256950",2,"C2"
"Zm00001eb249800",3,"C4"
"Zm00001eb239670",1,"C7"
"Zm00001eb216310",6,"C1"
"Zm00001eb224770",5,"C5"
"Zm00001eb228020",7,"C6"
"Zm00001eb259210",6,"C1"
"Zm00001eb251870",3,"C4"
"Zm00001eb246810",2,"C2"
"Zm00001eb246860",7,"C6"
"Zm00001eb214180",6,"C1"
"Zm00001eb220110",6,"C1"
"Zm00001eb257070",2,"C2"
"Zm00001eb231150",6,"C1"
"Zm00001eb229480",2,"C2"
"Zm00001eb253420",2,"C2"
"Zm00001eb229430",2,"C2"
"Zm00001eb259150",5,"C5"
"Zm00001eb216880",2,"C2"
"Zm00001eb217540",2,"C2"
"Zm00001eb241950",2,"C2"
"Zm00001eb254160",2,"C2"
"Zm00001eb211680",3,"C4"
"Zm00001eb222690",2,"C2"
"Zm00001eb246410",6,"C1"
"Zm00001eb258790",2,"C2"
"Zm00001eb252030",6,"C1"
"Zm00001eb239550",2,"C2"
"Zm00001eb234660",3,"C4"
"Zm00001eb213510",2,"C2"
"Zm00001eb221610",3,"C4"
"Zm00001eb225830",2,"C2"
"Zm00001eb258240",2,"C2"
"Zm00001eb243870",6,"C1"
"Zm00001eb210320",6,"C1"
"Zm00001eb240230",2,"C2"
"Zm00001eb252170",2,"C2"
"Zm00001eb256530",2,"C2"
"Zm00001eb236450",5,"C5"
"Zm00001eb255710",2,"C2"
"Zm00001eb230840",6,"C1"
"Zm00001eb226170",6,"C1"
"Zm00001eb212870",3,"C4"
"Zm00001eb255410",7,"C6"
"Zm00001eb244960",3,"C4"
"Zm00001eb259330",2,"C2"
"Zm00001eb239510",2,"C2"
"Zm00001eb228170",5,"C5"
"Zm00001eb229720",3,"C4"
"Zm00001eb249150",5,"C5"
"Zm00001eb210620",2,"C2"
"Zm00001eb211770",6,"C1"
"Zm00001eb242280",5,"C5"
"Zm00001eb212500",1,"C7"
"Zm00001eb241370",2,"C2"
"Zm00001eb240400",2,"C2"
"Zm00001eb225260",2,"C2"
"Zm00001eb224630",3,"C4"
"Zm00001eb251710",2,"C2"
"Zm00001eb227240",2,"C2"
"Zm00001eb226810",2,"C2"
"Zm00001eb247090",6,"C1"
"Zm00001eb255610",1,"C7"
"Zm00001eb220630",2,"C2"
"Zm00001eb223890",3,"C4"
"Zm00001eb233520",6,"C1"
"Zm00001eb253470",7,"C6"
"Zm00001eb217610",2,"C2"
"Zm00001eb243650",6,"C1"
"Zm00001eb213280",7,"C6"
"Zm00001eb253200",3,"C4"
"Zm00001eb216610",3,"C4"
"Zm00001eb249830",2,"C2"
"Zm00001eb222430",5,"C5"
"Zm00001eb239890",2,"C2"
"Zm00001eb220420",6,"C1"
"Zm00001eb241780",6,"C1"
"Zm00001eb247310",2,"C2"
"Zm00001eb218730",2,"C2"
"Zm00001eb215510",6,"C1"
"Zm00001eb232320",6,"C1"
"Zm00001eb231900",1,"C7"
"Zm00001eb220650",2,"C2"
"Zm00001eb244380",2,"C2"
"Zm00001eb251030",6,"C1"
"Zm00001eb217400",3,"C4"
"Zm00001eb218980",2,"C2"
"Zm00001eb210800",6,"C1"
"Zm00001eb222890",6,"C1"
"Zm00001eb253760",3,"C4"
"Zm00001eb252830",3,"C4"
"Zm00001eb244180",2,"C2"
"Zm00001eb220220",3,"C4"
"Zm00001eb243330",6,"C1"
"Zm00001eb212550",7,"C6"
"Zm00001eb224280",2,"C2"
"Zm00001eb224060",2,"C2"
"Zm00001eb230520",2,"C2"
"Zm00001eb248750",6,"C1"
"Zm00001eb226480",6,"C1"
"Zm00001eb242070",2,"C2"
"Zm00001eb247500",2,"C2"
"Zm00001eb258370",1,"C7"
"Zm00001eb234970",2,"C2"
"Zm00001eb257630",1,"C7"
"Zm00001eb219690",2,"C2"
"Zm00001eb213140",2,"C2"
"Zm00001eb212060",1,"C7"
"Zm00001eb243290",2,"C2"
"Zm00001eb220920",6,"C1"
"Zm00001eb213760",2,"C2"
"Zm00001eb246550",2,"C2"
"Zm00001eb249950",3,"C4"
"Zm00001eb218620",5,"C5"
"Zm00001eb246310",6,"C1"
"Zm00001eb213680",3,"C4"
"Zm00001eb228330",1,"C7"
"Zm00001eb244650",1,"C7"
"Zm00001eb211140",2,"C2"
"Zm00001eb251300",2,"C2"
"Zm00001eb259650",3,"C4"
"Zm00001eb249900",2,"C2"
"Zm00001eb232420",5,"C5"
"Zm00001eb229830",2,"C2"
"Zm00001eb247490",2,"C2"
"Zm00001eb240940",6,"C1"
"Zm00001eb212950",3,"C4"
"Zm00001eb243400",2,"C2"
"Zm00001eb256300",2,"C2"
"Zm00001eb253230",2,"C2"
"Zm00001eb257270",3,"C4"
"Zm00001eb249330",3,"C4"
"Zm00001eb250660",2,"C2"
"Zm00001eb228370",1,"C7"
"Zm00001eb225720",2,"C2"
"Zm00001eb214110",7,"C6"
"Zm00001eb244810",6,"C1"
"Zm00001eb222460",2,"C2"
"Zm00001eb227390",6,"C1"
"Zm00001eb215120",1,"C7"
"Zm00001eb220770",2,"C2"
"Zm00001eb214630",3,"C4"
"Zm00001eb220780",2,"C2"
"Zm00001eb233300",7,"C6"
"Zm00001eb234400",6,"C1"
"Zm00001eb232360",2,"C2"
"Zm00001eb211990",6,"C1"
"Zm00001eb216840",2,"C2"
"Zm00001eb238680",7,"C6"
"Zm00001eb250220",7,"C6"
"Zm00001eb222850",3,"C4"
"Zm00001eb221110",5,"C5"
"Zm00001eb216690",2,"C2"
"Zm00001eb232050",6,"C1"
"Zm00001eb249230",5,"C5"
"Zm00001eb214120",3,"C4"
"Zm00001eb218770",2,"C2"
"Zm00001eb218120",2,"C2"
"Zm00001eb242100",7,"C6"
"Zm00001eb258190",3,"C4"
"Zm00001eb224960",2,"C2"
"Zm00001eb230870",1,"C7"
"Zm00001eb254260",2,"C2"
"Zm00001eb237720",2,"C2"
"Zm00001eb256150",7,"C6"
"Zm00001eb258660",2,"C2"
"Zm00001eb236070",2,"C2"
"Zm00001eb240660",3,"C4"
"Zm00001eb250930",2,"C2"
"Zm00001eb244000",1,"C7"
"Zm00001eb241530",2,"C2"
"Zm00001eb250650",5,"C5"
"Zm00001eb242440",3,"C4"
"Zm00001eb214300",3,"C4"
"Zm00001eb238650",2,"C2"
"Zm00001eb254200",2,"C2"
"Zm00001eb257170",6,"C1"
"Zm00001eb236340",2,"C2"
"Zm00001eb258730",2,"C2"
"Zm00001eb222300",2,"C2"
"Zm00001eb245280",6,"C1"
"Zm00001eb250310",2,"C2"
"Zm00001eb210690",6,"C1"
"Zm00001eb228660",5,"C5"
"Zm00001eb232990",2,"C2"
"Zm00001eb221360",2,"C2"
"Zm00001eb224910",5,"C5"
"Zm00001eb234120",7,"C6"
"Zm00001eb212640",6,"C1"
"Zm00001eb216430",6,"C1"
"Zm00001eb226800",2,"C2"
"Zm00001eb215180",6,"C1"
"Zm00001eb241560",3,"C4"
"Zm00001eb253810",2,"C2"
"Zm00001eb241080",3,"C4"
"Zm00001eb215560",3,"C4"
"Zm00001eb245400",2,"C2"
"Zm00001eb252000",3,"C4"
"Zm00001eb229610",5,"C5"
"Zm00001eb211970",1,"C7"
"Zm00001eb217440",2,"C2"
"Zm00001eb257970",2,"C2"
"Zm00001eb256480",2,"C2"
"Zm00001eb229690",2,"C2"
"Zm00001eb215640",2,"C2"
"Zm00001eb215820",2,"C2"
"Zm00001eb211520",2,"C2"
"Zm00001eb258670",3,"C4"
"Zm00001eb224560",6,"C1"
"Zm00001eb257360",3,"C4"
"Zm00001eb212820",2,"C2"
"Zm00001eb236270",2,"C2"
"Zm00001eb236510",2,"C2"
"Zm00001eb250470",3,"C4"
"Zm00001eb211070",2,"C2"
"Zm00001eb218820",4,"C3"
"Zm00001eb243910",2,"C2"
"Zm00001eb213190",6,"C1"
"Zm00001eb246400",5,"C5"
"Zm00001eb218650",2,"C2"
"Zm00001eb247210",2,"C2"
"Zm00001eb248240",3,"C4"
"Zm00001eb234310",6,"C1"
"Zm00001eb215080",3,"C4"
"Zm00001eb216180",3,"C4"
"Zm00001eb226640",2,"C2"
"Zm00001eb245180",6,"C1"
"Zm00001eb247140",1,"C7"
"Zm00001eb229030",2,"C2"
"Zm00001eb230760",1,"C7"
"Zm00001eb256240",5,"C5"
"Zm00001eb259060",6,"C1"
"Zm00001eb257730",1,"C7"
"Zm00001eb230040",1,"C7"
"Zm00001eb225190",2,"C2"
"Zm00001eb259570",2,"C2"
"Zm00001eb229450",1,"C7"
"Zm00001eb252790",2,"C2"
"Zm00001eb216590",1,"C7"
"Zm00001eb254450",7,"C6"
"Zm00001eb240430",2,"C2"
"Zm00001eb218840",1,"C7"
"Zm00001eb213670",1,"C7"
"Zm00001eb227420",2,"C2"
"Zm00001eb259360",7,"C6"
"Zm00001eb237980",3,"C4"
"Zm00001eb252860",5,"C5"
"Zm00001eb217200",2,"C2"
"Zm00001eb250150",7,"C6"
"Zm00001eb258450",3,"C4"
"Zm00001eb248980",3,"C4"
"Zm00001eb252300",2,"C2"
"Zm00001eb250180",5,"C5"
"Zm00001eb235790",3,"C4"
"Zm00001eb221840",2,"C2"
"Zm00001eb254490",6,"C1"
"Zm00001eb222870",2,"C2"
"Zm00001eb258800",2,"C2"
"Zm00001eb228690",2,"C2"
"Zm00001eb257570",3,"C4"
"Zm00001eb256430",2,"C2"
"Zm00001eb250610",7,"C6"
"Zm00001eb217900",2,"C2"
"Zm00001eb251050",2,"C2"
"Zm00001eb258000",6,"C1"
"Zm00001eb237800",2,"C2"
"Zm00001eb229950",6,"C1"
"Zm00001eb214660",2,"C2"
"Zm00001eb219990",7,"C6"
"Zm00001eb245320",1,"C7"
"Zm00001eb255430",5,"C5"
"Zm00001eb252640",2,"C2"
"Zm00001eb256730",6,"C1"
"Zm00001eb255310",2,"C2"
"Zm00001eb223060",3,"C4"
"Zm00001eb235260",2,"C2"
"Zm00001eb237090",6,"C1"
"Zm00001eb253040",2,"C2"
"Zm00001eb212750",3,"C4"
"Zm00001eb224220",6,"C1"
"Zm00001eb240210",2,"C2"
"Zm00001eb237430",2,"C2"
"Zm00001eb252410",5,"C5"
"Zm00001eb238620",2,"C2"
"Zm00001eb252210",6,"C1"
"Zm00001eb244070",2,"C2"
"Zm00001eb247390",2,"C2"
"Zm00001eb258860",2,"C2"
"Zm00001eb224410",5,"C5"
"Zm00001eb258090",2,"C2"
"Zm00001eb211040",6,"C1"
"Zm00001eb234260",3,"C4"
"Zm00001eb253390",2,"C2"
"Zm00001eb247350",2,"C2"
"Zm00001eb212260",3,"C4"
"Zm00001eb213890",7,"C6"
"Zm00001eb227560",3,"C4"
"Zm00001eb240620",7,"C6"
"Zm00001eb253100",6,"C1"
"Zm00001eb251360",6,"C1"
"Zm00001eb257420",3,"C4"
"Zm00001eb227100",6,"C1"
"Zm00001eb226440",2,"C2"
"Zm00001eb247460",6,"C1"
"Zm00001eb241420",7,"C6"
"Zm00001eb230130",2,"C2"
"Zm00001eb218920",5,"C5"
"Zm00001eb257080",3,"C4"
"Zm00001eb231420",5,"C5"
"Zm00001eb232120",6,"C1"
"Zm00001eb229730",3,"C4"
"Zm00001eb258570",2,"C2"
"Zm00001eb232690",3,"C4"
"Zm00001eb259320",6,"C1"
"Zm00001eb253120",5,"C5"
"Zm00001eb217160",6,"C1"
"Zm00001eb246660",3,"C4"
"Zm00001eb234160",3,"C4"
"Zm00001eb226710",2,"C2"
"Zm00001eb245620",1,"C7"
"Zm00001eb223140",6,"C1"
"Zm00001eb248700",2,"C2"
"Zm00001eb239260",7,"C6"
"Zm00001eb234380",2,"C2"
"Zm00001eb233960",2,"C2"
"Zm00001eb225250",3,"C4"
"Zm00001eb217620",2,"C2"
"Zm00001eb225700",2,"C2"
"Zm00001eb254910",3,"C4"
"Zm00001eb220480",5,"C5"
"Zm00001eb212770",3,"C4"
"Zm00001eb228130",3,"C4"
"Zm00001eb258280",2,"C2"
"Zm00001eb222190",2,"C2"
"Zm00001eb236650",2,"C2"
"Zm00001eb245810",2,"C2"
"Zm00001eb248950",6,"C1"
"Zm00001eb221310",6,"C1"
"Zm00001eb250640",6,"C1"
"Zm00001eb223320",7,"C6"
"Zm00001eb222060",2,"C2"
"Zm00001eb239790",2,"C2"
"Zm00001eb255290",7,"C6"
"Zm00001eb216620",6,"C1"
"Zm00001eb215110",2,"C2"
"Zm00001eb216160",3,"C4"
"Zm00001eb253840",2,"C2"
"Zm00001eb214620",3,"C4"
"Zm00001eb244240",2,"C2"
"Zm00001eb250380",3,"C4"
"Zm00001eb252650",6,"C1"
"Zm00001eb214730",3,"C4"
"Zm00001eb221920",6,"C1"
"Zm00001eb234930",7,"C6"
"Zm00001eb255520",2,"C2"
"Zm00001eb224150",2,"C2"
"Zm00001eb238540",1,"C7"
"Zm00001eb241190",6,"C1"
"Zm00001eb256880",3,"C4"
"Zm00001eb212590",2,"C2"
"Zm00001eb242060",2,"C2"
"Zm00001eb244530",6,"C1"
"Zm00001eb244170",6,"C1"
"Zm00001eb218870",2,"C2"
"Zm00001eb237240",5,"C5"
"Zm00001eb253220",3,"C4"
"Zm00001eb228320",2,"C2"
"Zm00001eb234690",7,"C6"
"Zm00001eb228090",6,"C1"
"Zm00001eb242380",6,"C1"
"Zm00001eb234200",3,"C4"
"Zm00001eb247190",2,"C2"
"Zm00001eb240810",7,"C6"
"Zm00001eb213160",6,"C1"
"Zm00001eb221190",2,"C2"
"Zm00001eb228580",2,"C2"
"Zm00001eb257610",5,"C5"
"Zm00001eb259030",2,"C2"
"Zm00001eb247530",4,"C3"
"Zm00001eb249100",7,"C6"
"Zm00001eb240920",3,"C4"
"Zm00001eb217000",2,"C2"
"Zm00001eb241860",2,"C2"
"Zm00001eb237510",6,"C1"
"Zm00001eb219270",7,"C6"
"Zm00001eb248190",6,"C1"
"Zm00001eb228650",6,"C1"
"Zm00001eb251700",2,"C2"
"Zm00001eb228180",2,"C2"
"Zm00001eb215310",7,"C6"
"Zm00001eb229900",2,"C2"
"Zm00001eb237180",6,"C1"
"Zm00001eb235930",3,"C4"
"Zm00001eb234270",3,"C4"
"Zm00001eb225470",2,"C2"
"Zm00001eb252440",3,"C4"
"Zm00001eb212230",2,"C2"
"Zm00001eb211090",2,"C2"
"Zm00001eb239610",2,"C2"
"Zm00001eb237050",6,"C1"
"Zm00001eb210500",3,"C4"
"Zm00001eb218420",2,"C2"
"Zm00001eb257410",2,"C2"
"Zm00001eb239680",2,"C2"
"Zm00001eb219700",3,"C4"
"Zm00001eb237210",2,"C2"
"Zm00001eb246290",3,"C4"
"Zm00001eb215750",2,"C2"
"Zm00001eb226920",2,"C2"
"Zm00001eb213630",6,"C1"
"Zm00001eb224850",2,"C2"
"Zm00001eb223540",5,"C5"
"Zm00001eb251860",3,"C4"
"Zm00001eb233120",2,"C2"
"Zm00001eb247420",6,"C1"
"Zm00001eb222140",7,"C6"
"Zm00001eb243180",7,"C6"
"Zm00001eb222480",6,"C1"
"Zm00001eb218270",3,"C4"
"Zm00001eb218130",2,"C2"
"Zm00001eb224680",7,"C6"
"Zm00001eb234790",3,"C4"
"Zm00001eb210830",2,"C2"
"Zm00001eb238320",2,"C2"
"Zm00001eb218460",2,"C2"
"Zm00001eb210360",2,"C2"
"Zm00001eb222420",7,"C6"
"Zm00001eb243130",2,"C2"
"Zm00001eb236130",2,"C2"
"Zm00001eb253820",5,"C5"
"Zm00001eb235840",6,"C1"
"Zm00001eb210280",2,"C2"
"Zm00001eb229390",7,"C6"
"Zm00001eb255980",2,"C2"
"Zm00001eb224070",3,"C4"
"Zm00001eb240650",2,"C2"
"Zm00001eb221410",6,"C1"
"Zm00001eb252260",6,"C1"
"Zm00001eb258220",6,"C1"
"Zm00001eb248730",2,"C2"
"Zm00001eb242300",5,"C5"
"Zm00001eb248670",3,"C4"
"Zm00001eb255700",3,"C4"
"Zm00001eb237160",5,"C5"
"Zm00001eb220460",6,"C1"
"Zm00001eb226550",5,"C5"
"Zm00001eb221900",2,"C2"
"Zm00001eb233930",6,"C1"
"Zm00001eb247840",2,"C2"
"Zm00001eb210240",2,"C2"
"Zm00001eb228990",6,"C1"
"Zm00001eb218500",5,"C5"
"Zm00001eb255050",7,"C6"
"Zm00001eb254580",6,"C1"
"Zm00001eb243810",7,"C6"
"Zm00001eb244780",6,"C1"
"Zm00001eb249120",3,"C4"
"Zm00001eb225060",7,"C6"
"Zm00001eb213990",6,"C1"
"Zm00001eb224430",1,"C7"
"Zm00001eb251510",7,"C6"
"Zm00001eb219200",5,"C5"
"Zm00001eb210180",2,"C2"
"Zm00001eb211020",3,"C4"
"Zm00001eb240170",2,"C2"
"Zm00001eb213000",6,"C1"
"Zm00001eb234410",2,"C2"
"Zm00001eb216800",2,"C2"
"Zm00001eb257820",2,"C2"
"Zm00001eb219790",1,"C7"
"Zm00001eb221710",5,"C5"
"Zm00001eb220610",3,"C4"
"Zm00001eb214560",7,"C6"
"Zm00001eb248460",3,"C4"
"Zm00001eb257680",7,"C6"
"Zm00001eb227810",2,"C2"
"Zm00001eb216830",2,"C2"
"Zm00001eb227500",6,"C1"
"Zm00001eb210410",3,"C4"
"Zm00001eb251350",2,"C2"
"Zm00001eb213780",2,"C2"
"Zm00001eb254990",3,"C4"
"Zm00001eb255680",2,"C2"
"Zm00001eb228080",2,"C2"
"Zm00001eb230470",2,"C2"
"Zm00001eb229190",1,"C7"
"Zm00001eb239180",2,"C2"
"Zm00001eb235630",2,"C2"
"Zm00001eb227410",2,"C2"
"Zm00001eb213150",2,"C2"
"Zm00001eb229320",2,"C2"
"Zm00001eb257930",7,"C6"
"Zm00001eb229940",3,"C4"
"Zm00001eb257050",2,"C2"
"Zm00001eb216980",2,"C2"
"Zm00001eb221000",1,"C7"
"Zm00001eb245610",1,"C7"
"Zm00001eb217800",3,"C4"
"Zm00001eb212120",7,"C6"
"Zm00001eb258960",6,"C1"
"Zm00001eb241980",2,"C2"
"Zm00001eb257530",3,"C4"
"Zm00001eb245000",7,"C6"
"Zm00001eb228050",5,"C5"
"Zm00001eb235970",2,"C2"
"Zm00001eb223170",2,"C2"
"Zm00001eb210790",3,"C4"
"Zm00001eb230540",2,"C2"
"Zm00001eb242050",6,"C1"
"Zm00001eb228610",2,"C2"
"Zm00001eb213770",2,"C2"
"Zm00001eb255490",2,"C2"
"Zm00001eb249570",2,"C2"
"Zm00001eb259410",2,"C2"
"Zm00001eb216010",2,"C2"
"Zm00001eb216480",2,"C2"
"Zm00001eb242770",2,"C2"
"Zm00001eb248650",2,"C2"
"Zm00001eb216290",2,"C2"
"Zm00001eb251070",7,"C6"
"Zm00001eb220000",2,"C2"
"Zm00001eb252630",6,"C1"
"Zm00001eb243950",3,"C4"
"Zm00001eb241790",7,"C6"
"Zm00001eb226270",2,"C2"
"Zm00001eb211400",3,"C4"
"Zm00001eb238230",5,"C5"
"Zm00001eb232100",6,"C1"
"Zm00001eb234050",2,"C2"
"Zm00001eb213420",3,"C4"
"Zm00001eb229060",6,"C1"
"Zm00001eb237500",2,"C2"
"Zm00001eb254330",2,"C2"
"Zm00001eb239690",7,"C6"
"Zm00001eb217780",2,"C2"
"Zm00001eb231550",2,"C2"
"Zm00001eb255760",1,"C7"
"Zm00001eb258870",2,"C2"
"Zm00001eb223950",3,"C4"
"Zm00001eb228960",2,"C2"
"Zm00001eb242810",2,"C2"
"Zm00001eb252120",5,"C5"
"Zm00001eb249420",2,"C2"
"Zm00001eb225500",6,"C1"
"Zm00001eb226900",6,"C1"
"Zm00001eb257200",2,"C2"
"Zm00001eb239380",6,"C1"
"Zm00001eb243850",1,"C7"
"Zm00001eb216600",2,"C2"
"Zm00001eb254180",7,"C6"
"Zm00001eb224990",6,"C1"
"Zm00001eb216900",2,"C2"
"Zm00001eb237270",3,"C4"
"Zm00001eb217560",3,"C4"
"Zm00001eb256890",6,"C1"
"Zm00001eb218510",2,"C2"
"Zm00001eb228790",5,"C5"
"Zm00001eb225790",2,"C2"
"Zm00001eb246940",2,"C2"
"Zm00001eb245230",5,"C5"
"Zm00001eb237650",7,"C6"
"Zm00001eb236820",2,"C2"
"Zm00001eb227310",1,"C7"
"Zm00001eb250790",3,"C4"
"Zm00001eb244510",2,"C2"
"Zm00001eb228780",5,"C5"
"Zm00001eb248250",7,"C6"
"Zm00001eb227340",1,"C7"
"Zm00001eb245730",2,"C2"
"Zm00001eb230300",2,"C2"
"Zm00001eb255360",2,"C2"
"Zm00001eb258330",5,"C5"
"Zm00001eb246590",2,"C2"
"Zm00001eb229670",2,"C2"
"Zm00001eb258480",3,"C4"
"Zm00001eb233540",3,"C4"
"Zm00001eb227350",2,"C2"
"Zm00001eb219160",3,"C4"
"Zm00001eb231840",2,"C2"
"Zm00001eb222210",2,"C2"
"Zm00001eb216210",5,"C5"
"Zm00001eb229000",2,"C2"
"Zm00001eb238000",5,"C5"
"Zm00001eb228000",1,"C7"
"Zm00001eb214210",2,"C2"
"Zm00001eb211010",3,"C4"
"Zm00001eb232670",6,"C1"
"Zm00001eb251900",2,"C2"
"Zm00001eb223810",3,"C4"
"Zm00001eb226010",2,"C2"
"Zm00001eb228310",6,"C1"
"Zm00001eb244930",3,"C4"
"Zm00001eb228940",6,"C1"
"Zm00001eb234490",3,"C4"
"Zm00001eb255730",2,"C2"
"Zm00001eb246060",2,"C2"
"Zm00001eb217020",7,"C6"
"Zm00001eb238760",3,"C4"
"Zm00001eb212540",6,"C1"
"Zm00001eb224010",2,"C2"
"Zm00001eb252720",3,"C4"
"Zm00001eb233020",1,"C7"
"Zm00001eb233140",2,"C2"
"Zm00001eb216170",2,"C2"
"Zm00001eb251490",2,"C2"
"Zm00001eb253320",5,"C5"
"Zm00001eb249470",7,"C6"
"Zm00001eb241060",2,"C2"
"Zm00001eb221300",5,"C5"
"Zm00001eb224480",2,"C2"
"Zm00001eb228480",1,"C7"
"Zm00001eb237020",6,"C1"
"Zm00001eb215650",5,"C5"
"Zm00001eb214080",1,"C7"
"Zm00001eb227940",5,"C5"
"Zm00001eb239370",2,"C2"
"Zm00001eb222610",5,"C5"
"Zm00001eb220400",6,"C1"
"Zm00001eb231010",3,"C4"
"Zm00001eb232880",2,"C2"
"Zm00001eb256470",7,"C6"
"Zm00001eb238610",2,"C2"
"Zm00001eb213580",3,"C4"
"Zm00001eb238570",7,"C6"
"Zm00001eb257980",7,"C6"
"Zm00001eb213560",1,"C7"
"Zm00001eb243260",6,"C1"
"Zm00001eb217190",1,"C7"
"Zm00001eb257760",5,"C5"
"Zm00001eb219390",2,"C2"
"Zm00001eb213180",7,"C6"
"Zm00001eb252870",7,"C6"
"Zm00001eb229920",2,"C2"
"Zm00001eb230260",6,"C1"
"Zm00001eb227770",6,"C1"
"Zm00001eb213830",3,"C4"
"Zm00001eb218600",3,"C4"
"Zm00001eb259370",3,"C4"
"Zm00001eb217270",6,"C1"
"Zm00001eb212380",2,"C2"
"Zm00001eb214790",6,"C1"
"Zm00001eb259430",7,"C6"
"Zm00001eb258360",2,"C2"
"Zm00001eb255960",7,"C6"
"Zm00001eb229980",2,"C2"
"Zm00001eb246350",5,"C5"
"Zm00001eb226650",5,"C5"
"Zm00001eb213310",6,"C1"
"Zm00001eb231800",3,"C4"
"Zm00001eb220970",2,"C2"
"Zm00001eb233440",2,"C2"
"Zm00001eb223560",6,"C1"
"Zm00001eb248450",2,"C2"
"Zm00001eb212630",2,"C2"
"Zm00001eb214960",7,"C6"
"Zm00001eb216400",2,"C2"
"Zm00001eb214650",2,"C2"
"Zm00001eb246160",3,"C4"
"Zm00001eb216870",4,"C3"
"Zm00001eb259230",2,"C2"
"Zm00001eb226030",7,"C6"
"Zm00001eb254250",6,"C1"
"Zm00001eb215660",2,"C2"
"Zm00001eb216140",2,"C2"
"Zm00001eb230910",2,"C2"
"Zm00001eb249710",4,"C3"
"Zm00001eb247920",3,"C4"
"Zm00001eb241770",3,"C4"
"Zm00001eb210950",3,"C4"
"Zm00001eb253690",2,"C2"
"Zm00001eb242820",1,"C7"
"Zm00001eb241500",1,"C7"
"Zm00001eb247630",1,"C7"
"Zm00001eb227600",2,"C2"
"Zm00001eb237310",2,"C2"
"Zm00001eb224710",2,"C2"
"Zm00001eb244420",3,"C4"
"Zm00001eb256990",1,"C7"
"Zm00001eb222000",6,"C1"
"Zm00001eb252430",3,"C4"
"Zm00001eb241600",7,"C6"
"Zm00001eb258590",6,"C1"
"Zm00001eb257230",3,"C4"
"Zm00001eb252770",4,"C3"
"Zm00001eb242420",6,"C1"
"Zm00001eb239530",2,"C2"
"Zm00001eb259240",2,"C2"
"Zm00001eb217960",6,"C1"
"Zm00001eb243500",6,"C1"
"Zm00001eb214510",1,"C7"
"Zm00001eb210600",2,"C2"
"Zm00001eb216500",6,"C1"
"Zm00001eb215400",7,"C6"
"Zm00001eb256970",7,"C6"
"Zm00001eb218280",5,"C5"
"Zm00001eb234530",1,"C7"
"Zm00001eb233610",2,"C2"
"Zm00001eb259350",3,"C4"
"Zm00001eb257910",7,"C6"
"Zm00001eb255650",2,"C2"
"Zm00001eb248760",6,"C1"
"Zm00001eb246980",6,"C1"
"Zm00001eb234170",6,"C1"
"Zm00001eb234030",2,"C2"
"Zm00001eb230310",3,"C4"
"Zm00001eb231360",3,"C4"
"Zm00001eb254050",5,"C5"
"Zm00001eb259260",2,"C2"
"Zm00001eb226070",6,"C1"
"Zm00001eb216990",2,"C2"
"Zm00001eb220590",7,"C6"
"Zm00001eb231460",5,"C5"
"Zm00001eb258270",5,"C5"
"Zm00001eb235460",6,"C1"
"Zm00001eb235000",2,"C2"
"Zm00001eb218850",4,"C3"
"Zm00001eb248600",2,"C2"
"Zm00001eb248360",7,"C6"
"Zm00001eb225860",6,"C1"
"Zm00001eb255160",6,"C1"
"Zm00001eb228910",7,"C6"
"Zm00001eb213950",7,"C6"
"Zm00001eb258050",5,"C5"
"Zm00001eb227180",2,"C2"
"Zm00001eb224620",5,"C5"
"Zm00001eb226990",3,"C4"
"Zm00001eb248200",2,"C2"
"Zm00001eb259620",5,"C5"
"Zm00001eb235700",2,"C2"
"Zm00001eb211870",2,"C2"
"Zm00001eb258710",3,"C4"
"Zm00001eb224740",3,"C4"
"Zm00001eb219030",2,"C2"
"Zm00001eb211270",2,"C2"
"Zm00001eb253180",2,"C2"
"Zm00001eb230950",2,"C2"
"Zm00001eb227690",2,"C2"
"Zm00001eb217320",2,"C2"
"Zm00001eb212210",6,"C1"
"Zm00001eb230060",2,"C2"
"Zm00001eb252910",2,"C2"
"Zm00001eb219310",2,"C2"
"Zm00001eb258740",7,"C6"
"Zm00001eb238930",2,"C2"
"Zm00001eb212800",6,"C1"
"Zm00001eb224360",6,"C1"
"Zm00001eb236980",6,"C1"
"Zm00001eb211650",2,"C2"
"Zm00001eb213260",7,"C6"
"Zm00001eb252680",6,"C1"
"Zm00001eb233640",2,"C2"
"Zm00001eb246530",7,"C6"
"Zm00001eb244590",6,"C1"
"Zm00001eb219820",2,"C2"
"Zm00001eb224180",7,"C6"
"Zm00001eb220040",2,"C2"
"Zm00001eb236430",1,"C7"
"Zm00001eb239990",3,"C4"
"Zm00001eb226230",2,"C2"
"Zm00001eb257330",2,"C2"
"Zm00001eb229790",5,"C5"
"Zm00001eb220880",3,"C4"
"Zm00001eb251010",7,"C6"
"Zm00001eb251200",4,"C3"
"Zm00001eb251180",3,"C4"
"Zm00001eb223980",4,"C3"
"Zm00001eb235580",2,"C2"
"Zm00001eb245710",2,"C2"
"Zm00001eb214090",2,"C2"
"Zm00001eb234060",3,"C4"
"Zm00001eb257440",1,"C7"
"Zm00001eb212430",3,"C4"
"Zm00001eb233910",3,"C4"
"Zm00001eb246850",3,"C4"
"Zm00001eb238340",2,"C2"
"Zm00001eb233280",2,"C2"
"Zm00001eb235270",3,"C4"
"Zm00001eb212740",3,"C4"
"Zm00001eb258880",5,"C5"
"Zm00001eb213570",3,"C4"
"Zm00001eb219900",2,"C2"
"Zm00001eb228550",2,"C2"
"Zm00001eb254190",3,"C4"
"Zm00001eb249390",5,"C5"
"Zm00001eb252760",2,"C2"
"Zm00001eb223330",3,"C4"
"Zm00001eb250080",3,"C4"
"Zm00001eb257810",2,"C2"
"Zm00001eb252620",5,"C5"
"Zm00001eb240730",2,"C2"
"Zm00001eb255670",2,"C2"
"Zm00001eb249850",2,"C2"
"Zm00001eb238250",6,"C1"
"Zm00001eb226110",2,"C2"
"Zm00001eb226490",1,"C7"
"Zm00001eb219850",2,"C2"
"Zm00001eb231630",2,"C2"
"Zm00001eb256170",2,"C2"
"Zm00001eb249250",7,"C6"
"Zm00001eb225380",3,"C4"
"Zm00001eb220600",7,"C6"
"Zm00001eb225110",3,"C4"
"Zm00001eb227760",1,"C7"
"Zm00001eb243460",3,"C4"
"Zm00001eb230080",2,"C2"
"Zm00001eb211200",2,"C2"
"Zm00001eb232910",2,"C2"
"Zm00001eb254080",4,"C3"
"Zm00001eb246710",7,"C6"
"Zm00001eb236680",3,"C4"
"Zm00001eb248150",1,"C7"
"Zm00001eb226850",2,"C2"
"Zm00001eb251980",5,"C5"
"Zm00001eb237880",4,"C3"
"Zm00001eb213920",2,"C2"
"Zm00001eb243060",3,"C4"
"Zm00001eb256920",6,"C1"
"Zm00001eb215800",2,"C2"
"Zm00001eb238460",1,"C7"
"Zm00001eb232290",2,"C2"
"Zm00001eb216450",2,"C2"
"Zm00001eb258380",3,"C4"
"Zm00001eb254510",1,"C7"
"Zm00001eb233630",3,"C4"
"Zm00001eb250370",3,"C4"
"Zm00001eb246580",6,"C1"
"Zm00001eb232020",2,"C2"
"Zm00001eb217130",2,"C2"
"Zm00001eb239210",2,"C2"
"Zm00001eb217570",2,"C2"
"Zm00001eb255450",2,"C2"
"Zm00001eb216020",3,"C4"
"Zm00001eb233380",6,"C1"
"Zm00001eb257060",2,"C2"
"Zm00001eb252930",6,"C1"
"Zm00001eb251520",1,"C7"
"Zm00001eb241970",2,"C2"
"Zm00001eb250910",2,"C2"
"Zm00001eb236160",3,"C4"
"Zm00001eb254360",2,"C2"
"Zm00001eb238170",7,"C6"
"Zm00001eb212660",5,"C5"
"Zm00001eb214320",3,"C4"
"Zm00001eb251090",3,"C4"
"Zm00001eb243000",2,"C2"
"Zm00001eb252090",2,"C2"
"Zm00001eb244770",7,"C6"
"Zm00001eb216320",2,"C2"
"Zm00001eb249490",6,"C1"
"Zm00001eb232600",3,"C4"
"Zm00001eb230930",5,"C5"
"Zm00001eb259220",6,"C1"
"Zm00001eb258680",6,"C1"
"Zm00001eb222280",6,"C1"
"Zm00001eb241960",3,"C4"
"Zm00001eb211340",2,"C2"
"Zm00001eb222570",5,"C5"
"Zm00001eb213060",2,"C2"
"Zm00001eb225760",6,"C1"
"Zm00001eb230240",2,"C2"
"Zm00001eb243610",2,"C2"
"Zm00001eb211510",3,"C4"
"Zm00001eb252020",2,"C2"
"Zm00001eb242920",6,"C1"
"Zm00001eb232860",2,"C2"
"Zm00001eb256110",3,"C4"
"Zm00001eb246090",1,"C7"
"Zm00001eb245020",6,"C1"
"Zm00001eb240870",2,"C2"
"Zm00001eb212020",2,"C2"
"Zm00001eb239090",3,"C4"
"Zm00001eb221860",3,"C4"
"Zm00001eb219250",3,"C4"
"Zm00001eb242020",2,"C2"
"Zm00001eb225010",3,"C4"
"Zm00001eb233800",2,"C2"
"Zm00001eb228800",2,"C2"
"Zm00001eb242710",2,"C2"
"Zm00001eb226780",3,"C4"
"Zm00001eb219890",6,"C1"
"Zm00001eb250120",5,"C5"
"Zm00001eb219500",2,"C2"
"Zm00001eb257670",7,"C6"
"Zm00001eb257120",2,"C2"
"Zm00001eb243350",7,"C6"
"Zm00001eb245910",2,"C2"
"Zm00001eb227470",6,"C1"
"Zm00001eb257720",3,"C4"
"Zm00001eb248270",3,"C4"
"Zm00001eb216890",2,"C2"
"Zm00001eb245370",3,"C4"
"Zm00001eb237640",2,"C2"
"Zm00001eb258780",3,"C4"
"Zm00001eb240120",7,"C6"
"Zm00001eb235510",7,"C6"
"Zm00001eb229180",5,"C5"
"Zm00001eb259450",5,"C5"
"Zm00001eb228440",4,"C3"
"Zm00001eb218560",2,"C2"
"Zm00001eb234090",3,"C4"
"Zm00001eb246420",6,"C1"
"Zm00001eb212160",2,"C2"
"Zm00001eb231850",6,"C1"
"Zm00001eb259390",6,"C1"
"Zm00001eb216220",3,"C4"
"Zm00001eb228290",3,"C4"
"Zm00001eb254390",7,"C6"
"Zm00001eb210930",2,"C2"
"Zm00001eb233730",2,"C2"
"Zm00001eb251590",2,"C2"
"Zm00001eb227980",3,"C4"
"Zm00001eb215910",2,"C2"
"Zm00001eb218450",3,"C4"
"Zm00001eb232850",6,"C1"
"Zm00001eb226040",2,"C2"
"Zm00001eb252230",2,"C2"
"Zm00001eb225770",7,"C6"
"Zm00001eb232560",3,"C4"
"Zm00001eb234870",6,"C1"
"Zm00001eb235810",7,"C6"
"Zm00001eb249240",3,"C4"
"Zm00001eb243880",2,"C2"
"Zm00001eb224870",7,"C6"
"Zm00001eb256690",3,"C4"
"Zm00001eb225230",7,"C6"
"Zm00001eb211110",2,"C2"
"Zm00001eb244500",2,"C2"
"Zm00001eb218400",7,"C6"
"Zm00001eb257430",5,"C5"
"Zm00001eb215780",2,"C2"
"Zm00001eb229850",2,"C2"
"Zm00001eb210810",3,"C4"
"Zm00001eb246330",2,"C2"
"Zm00001eb251930",7,"C6"
"Zm00001eb253330",3,"C4"
"Zm00001eb249970",6,"C1"
"Zm00001eb229650",3,"C4"
"Zm00001eb227610",3,"C4"
"Zm00001eb240720",3,"C4"
"Zm00001eb227820",2,"C2"
"Zm00001eb217390",1,"C7"
"Zm00001eb232980",6,"C1"
"Zm00001eb242230",2,"C2"
"Zm00001eb225610",2,"C2"
"Zm00001eb212040",2,"C2"
"Zm00001eb218720",2,"C2"
"Zm00001eb242410",5,"C5"
"Zm00001eb246820",1,"C7"
"Zm00001eb211470",3,"C4"
"Zm00001eb235710",3,"C4"
"Zm00001eb240350",2,"C2"
"Zm00001eb216510",6,"C1"
"Zm00001eb230920",5,"C5"
"Zm00001eb247440",6,"C1"
"Zm00001eb254270",2,"C2"
"Zm00001eb210590",2,"C2"
"Zm00001eb211640",2,"C2"
"Zm00001eb251960",5,"C5"
"Zm00001eb217880",2,"C2"
"Zm00001eb223970",6,"C1"
"Zm00001eb258540",6,"C1"
"Zm00001eb257890",6,"C1"
"Zm00001eb219860",2,"C2"
"Zm00001eb259340",5,"C5"
"Zm00001eb252780",6,"C1"
"Zm00001eb211000",2,"C2"
"Zm00001eb220140",2,"C2"
"Zm00001eb214850",2,"C2"
"Zm00001eb236440",6,"C1"
"Zm00001eb219090",2,"C2"
"Zm00001eb246700",6,"C1"
"Zm00001eb242080",2,"C2"
"Zm00001eb220530",2,"C2"
"Zm00001eb227910",6,"C1"
"Zm00001eb239520",1,"C7"
"Zm00001eb225820",1,"C7"
"Zm00001eb253530",2,"C2"
"Zm00001eb233390",2,"C2"
"Zm00001eb231310",2,"C2"
"Zm00001eb233170",7,"C6"
"Zm00001eb219170",7,"C6"
"Zm00001eb213320",2,"C2"
"Zm00001eb251610",3,"C4"
"Zm00001eb248290",2,"C2"
"Zm00001eb246020",3,"C4"
"Zm00001eb229020",7,"C6"
"Zm00001eb258940",7,"C6"
"Zm00001eb216720",6,"C1"
"Zm00001eb223220",2,"C2"
"Zm00001eb244860",5,"C5"
"Zm00001eb222830",2,"C2"
"Zm00001eb226560",2,"C2"
"Zm00001eb253620",2,"C2"
"Zm00001eb232250",3,"C4"
"Zm00001eb216860",6,"C1"
"Zm00001eb228900",2,"C2"
"Zm00001eb215620",2,"C2"
"Zm00001eb247000",7,"C6"
"Zm00001eb225360",2,"C2"
"Zm00001eb243830",2,"C2"
"Zm00001eb231570",7,"C6"
"Zm00001eb223680",7,"C6"
"Zm00001eb229100",3,"C4"
"Zm00001eb218200",3,"C4"
"Zm00001eb215190",2,"C2"
"Zm00001eb214800",3,"C4"
"Zm00001eb244150",2,"C2"
"Zm00001eb250330",6,"C1"
"Zm00001eb220020",2,"C2"
"Zm00001eb214130",3,"C4"
"Zm00001eb214310",2,"C2"
"Zm00001eb215170",2,"C2"
"Zm00001eb217930",2,"C2"
"Zm00001eb254860",2,"C2"
"Zm00001eb251920",2,"C2"
"Zm00001eb238660",2,"C2"
"Zm00001eb248620",2,"C2"
"Zm00001eb241550",2,"C2"
"Zm00001eb232780",2,"C2"
"Zm00001eb252040",6,"C1"
"Zm00001eb240760",2,"C2"
"Zm00001eb250700",7,"C6"
"Zm00001eb219680",7,"C6"
"Zm00001eb259630",6,"C1"
"Zm00001eb229530",2,"C2"
"Zm00001eb212370",2,"C2"
"Zm00001eb247510",2,"C2"
"Zm00001eb241620",7,"C6"
"Zm00001eb222030",2,"C2"
"Zm00001eb241880",3,"C4"
"Zm00001eb228670",6,"C1"
"Zm00001eb218610",2,"C2"
"Zm00001eb249380",6,"C1"
"Zm00001eb237260",3,"C4"
"Zm00001eb233890",2,"C2"
"Zm00001eb240410",3,"C4"
"Zm00001eb243270",2,"C2"
"Zm00001eb220930",3,"C4"
"Zm00001eb217420",2,"C2"
"Zm00001eb251290",2,"C2"
"Zm00001eb246370",5,"C5"
"Zm00001eb233840",2,"C2"
"Zm00001eb239070",2,"C2"
"Zm00001eb213750",5,"C5"
"Zm00001eb217350",7,"C6"
"Zm00001eb247160",2,"C2"
"Zm00001eb212080",1,"C7"
"Zm00001eb233320",2,"C2"
"Zm00001eb220790",7,"C6"
"Zm00001eb229550",3,"C4"
"Zm00001eb248440",6,"C1"
"Zm00001eb251400",2,"C2"
"Zm00001eb232210",2,"C2"
"Zm00001eb210890",2,"C2"
"Zm00001eb223100",2,"C2"
"Zm00001eb226160",2,"C2"
"Zm00001eb227460",5,"C5"
"Zm00001eb215350",2,"C2"
"Zm00001eb248340",2,"C2"
"Zm00001eb216130",2,"C2"
"Zm00001eb227200",2,"C2"
"Zm00001eb217310",2,"C2"
"Zm00001eb217360",6,"C1"
"Zm00001eb215870",2,"C2"
"Zm00001eb258460",5,"C5"
"Zm00001eb253130",7,"C6"
"Zm00001eb231790",2,"C2"
"Zm00001eb242610",6,"C1"
"Zm00001eb226770",3,"C4"
"Zm00001eb211860",3,"C4"
"Zm00001eb250210",7,"C6"
"Zm00001eb225200",5,"C5"
"Zm00001eb254800",2,"C2"
"Zm00001eb212510",5,"C5"
"Zm00001eb256020",7,"C6"
"Zm00001eb243140",7,"C6"
"Zm00001eb237460",2,"C2"
"Zm00001eb214540",1,"C7"
"Zm00001eb257860",6,"C1"
"Zm00001eb255990",2,"C2"
"Zm00001eb243360",6,"C1"
"Zm00001eb244680",2,"C2"
"Zm00001eb242010",2,"C2"
"Zm00001eb258070",3,"C4"
"Zm00001eb222640",3,"C4"
"Zm00001eb245200",2,"C2"
"Zm00001eb232450",6,"C1"
"Zm00001eb232700",2,"C2"
"Zm00001eb240440",3,"C4"
"Zm00001eb228280",2,"C2"
"Zm00001eb216090",2,"C2"
"Zm00001eb241000",2,"C2"
"Zm00001eb219300",7,"C6"
"Zm00001eb216230",3,"C4"
"Zm00001eb236840",3,"C4"
"Zm00001eb250570",2,"C2"
"Zm00001eb215950",6,"C1"
"Zm00001eb240130",5,"C5"
"Zm00001eb255370",3,"C4"
"Zm00001eb214280",4,"C3"
"Zm00001eb255540",2,"C2"
"Zm00001eb256570",2,"C2"
"Zm00001eb229990",2,"C2"
"Zm00001eb222930",2,"C2"
"Zm00001eb244910",5,"C5"
"Zm00001eb240630",6,"C1"
"Zm00001eb218300",6,"C1"
"Zm00001eb259290",2,"C2"
"Zm00001eb222240",2,"C2"
"Zm00001eb227160",2,"C2"
"Zm00001eb219720",3,"C4"
"Zm00001eb251060",2,"C2"
"Zm00001eb237120",2,"C2"
"Zm00001eb226290",3,"C4"
"Zm00001eb220060",7,"C6"
"Zm00001eb238780",7,"C6"
"Zm00001eb224690",2,"C2"
"Zm00001eb220380",3,"C4"
"Zm00001eb210840",2,"C2"
"Zm00001eb222320",6,"C1"
"Zm00001eb224200",5,"C5"
"Zm00001eb215370",7,"C6"
"Zm00001eb254570",7,"C6"
"Zm00001eb210900",2,"C2"
"Zm00001eb231070",3,"C4"
"Zm00001eb232200",2,"C2"
"Zm00001eb244120",7,"C6"
"Zm00001eb211130",6,"C1"
"Zm00001eb231820",2,"C2"
"Zm00001eb250620",6,"C1"
"Zm00001eb212400",6,"C1"
"Zm00001eb252690",7,"C6"
"Zm00001eb235490",5,"C5"
"Zm00001eb238590",5,"C5"
"Zm00001eb243600",6,"C1"
"Zm00001eb246340",1,"C7"
"Zm00001eb239130",3,"C4"
"Zm00001eb230940",3,"C4"
"Zm00001eb212170",5,"C5"
"Zm00001eb252330",6,"C1"
"Zm00001eb238050",2,"C2"
"Zm00001eb228060",6,"C1"
"Zm00001eb237170",2,"C2"
"Zm00001eb213380",2,"C2"
"Zm00001eb241630",1,"C7"
"Zm00001eb253380",7,"C6"
"Zm00001eb224450",3,"C4"
"Zm00001eb256600",4,"C3"
"Zm00001eb228920",7,"C6"
"Zm00001eb237040",3,"C4"
"Zm00001eb230090",6,"C1"
"Zm00001eb224570",7,"C6"
"Zm00001eb253150",3,"C4"
"Zm00001eb248160",2,"C2"
"Zm00001eb255580",3,"C4"
"Zm00001eb247910",3,"C4"
"Zm00001eb224700",7,"C6"
"Zm00001eb210860",7,"C6"
"Zm00001eb212620",2,"C2"
"Zm00001eb214720",7,"C6"
"Zm00001eb234250",2,"C2"
"Zm00001eb215980",7,"C6"
"Zm00001eb237570",3,"C4"
"Zm00001eb247450",4,"C3"
"Zm00001eb221790",3,"C4"
"Zm00001eb217370",3,"C4"
"Zm00001eb245770",7,"C6"
"Zm00001eb214530",6,"C1"
"Zm00001eb220340",5,"C5"
"Zm00001eb218740",3,"C4"
"Zm00001eb213200",5,"C5"
"Zm00001eb211450",2,"C2"
"Zm00001eb248520",1,"C7"
"Zm00001eb232740",5,"C5"
"Zm00001eb257650",2,"C2"
"Zm00001eb256490",1,"C7"
"Zm00001eb211370",2,"C2"
"Zm00001eb213170",2,"C2"
"Zm00001eb257580",2,"C2"
"Zm00001eb227080",6,"C1"
"Zm00001eb219080",3,"C4"
"Zm00001eb256420",2,"C2"
"Zm00001eb210770",6,"C1"
"Zm00001eb212690",2,"C2"
"Zm00001eb215070",7,"C6"
"Zm00001eb234150",3,"C4"
"Zm00001eb226380",3,"C4"
"Zm00001eb221680",6,"C1"
"Zm00001eb236700",2,"C2"
"Zm00001eb249550",2,"C2"
"Zm00001eb230490",2,"C2"
"Zm00001eb228530",2,"C2"
"Zm00001eb242360",5,"C5"
"Zm00001eb220980",3,"C4"
"Zm00001eb239190",2,"C2"
"Zm00001eb246720",4,"C3"
"Zm00001eb248280",2,"C2"
"Zm00001eb216660",2,"C2"
"Zm00001eb228680",6,"C1"
"Zm00001eb215580",2,"C2"
"Zm00001eb211100",2,"C2"
"Zm00001eb252570",2,"C2"
"Zm00001eb254290",2,"C2"
"Zm00001eb237750",7,"C6"
"Zm00001eb242750",1,"C7"
"Zm00001eb245930",2,"C2"
"Zm00001eb235880",2,"C2"
"Zm00001eb212440",3,"C4"
"Zm00001eb216440",1,"C7"
"Zm00001eb218810",6,"C1"
"Zm00001eb235350",6,"C1"
"Zm00001eb233230",4,"C3"
"Zm00001eb231640",2,"C2"
"Zm00001eb213730",5,"C5"
"Zm00001eb227830",7,"C6"
"Zm00001eb244400",2,"C2"
"Zm00001eb235320",2,"C2"
"Zm00001eb216380",3,"C4"
"Zm00001eb256910",7,"C6"
"Zm00001eb252320",5,"C5"
"Zm00001eb241690",7,"C6"
"Zm00001eb257450",2,"C2"
"Zm00001eb245170",3,"C4"
"Zm00001eb239020",3,"C4"
"Zm00001eb235800",5,"C5"
"Zm00001eb252420",2,"C2"
"Zm00001eb257840",2,"C2"
"Zm00001eb243470",7,"C6"
"Zm00001eb234190",6,"C1"
"Zm00001eb219260",6,"C1"
"Zm00001eb258850",6,"C1"
"Zm00001eb217010",3,"C4"
"Zm00001eb238020",6,"C1"
"Zm00001eb232640",2,"C2"
"Zm00001eb257040",2,"C2"
"Zm00001eb216930",3,"C4"
"Zm00001eb230400",2,"C2"
"Zm00001eb217110",2,"C2"
"Zm00001eb237920",6,"C1"
"Zm00001eb247860",5,"C5"
"Zm00001eb219520",2,"C2"
"Zm00001eb249340",3,"C4"
"Zm00001eb255040",3,"C4"
"Zm00001eb216120",2,"C2"
"Zm00001eb213970",2,"C2"
"Zm00001eb248330",3,"C4"
"Zm00001eb219880",2,"C2"
"Zm00001eb254530",6,"C1"
"Zm00001eb255100",6,"C1"
"Zm00001eb249430",2,"C2"
"Zm00001eb250770",3,"C4"
"Zm00001eb251390",2,"C2"
"Zm00001eb236930",6,"C1"
"Zm00001eb229010",2,"C2"
"Zm00001eb246440",3,"C4"
"Zm00001eb245310",5,"C5"
"Zm00001eb221070",2,"C2"
"Zm00001eb258930",2,"C2"
"Zm00001eb227670",2,"C2"
"Zm00001eb258010",5,"C5"
"Zm00001eb252180",2,"C2"
"Zm00001eb254680",2,"C2"
"Zm00001eb213600",2,"C2"
"Zm00001eb224470",6,"C1"
"Zm00001eb213120",2,"C2"
"Zm00001eb229200",6,"C1"
"Zm00001eb221580",3,"C4"
"Zm00001eb241990",2,"C2"
"Zm00001eb253900",2,"C2"
"Zm00001eb258290",7,"C6"
"Zm00001eb229540",6,"C1"
"Zm00001eb248640",2,"C2"
"Zm00001eb257310",3,"C4"
"Zm00001eb251280",7,"C6"
"Zm00001eb221260",2,"C2"
"Zm00001eb234510",2,"C2"
"Zm00001eb224110",2,"C2"
"Zm00001eb253140",2,"C2"
"Zm00001eb222270",2,"C2"
"Zm00001eb213080",2,"C2"
"Zm00001eb211780",6,"C1"
"Zm00001eb212480",2,"C2"
"Zm00001eb231060",6,"C1"
"Zm00001eb252660",2,"C2"
"Zm00001eb246070",3,"C4"
"Zm00001eb215470",2,"C2"
"Zm00001eb220030",7,"C6"
"Zm00001eb248840",7,"C6"
"Zm00001eb212670",5,"C5"
"Zm00001eb245950",2,"C2"
"Zm00001eb255320",5,"C5"
"Zm00001eb218860",7,"C6"
"Zm00001eb240090",2,"C2"
"Zm00001eb240790",4,"C3"
"Zm00001eb223490",6,"C1"
"Zm00001eb259460",3,"C4"
"Zm00001eb215990",3,"C4"
"Zm00001eb233940",6,"C1"
"Zm00001eb221480",6,"C1"
"Zm00001eb225160",2,"C2"
"Zm00001eb249600",7,"C6"
"Zm00001eb254480",3,"C4"
"Zm00001eb257960",3,"C4"
"Zm00001eb249730",2,"C2"
"Zm00001eb213330",5,"C5"
"Zm00001eb258510",2,"C2"
"Zm00001eb243900",2,"C2"
"Zm00001eb228540",6,"C1"
"Zm00001eb221890",6,"C1"
"Zm00001eb253990",5,"C5"
"Zm00001eb224900",7,"C6"
"Zm00001eb252890",5,"C5"
"Zm00001eb227740",1,"C7"
"Zm00001eb251680",7,"C6"
"Zm00001eb215060",2,"C2"
"Zm00001eb254590",3,"C4"
"Zm00001eb256700",3,"C4"
"Zm00001eb257500",2,"C2"
"Zm00001eb227710",2,"C2"
"Zm00001eb255460",3,"C4"
"Zm00001eb230740",6,"C1"
"Zm00001eb234730",5,"C5"
"Zm00001eb232150",2,"C2"
"Zm00001eb238330",1,"C7"
"Zm00001eb215540",2,"C2"
"Zm00001eb229170",3,"C4"
"Zm00001eb219190",5,"C5"
"Zm00001eb256370",2,"C2"
"Zm00001eb222980",2,"C2"
"Zm00001eb212580",2,"C2"
"Zm00001eb218690",6,"C1"
"Zm00001eb213650",2,"C2"
"Zm00001eb253720",2,"C2"
"Zm00001eb246770",2,"C2"
"Zm00001eb253070",6,"C1"
"Zm00001eb217220",2,"C2"
"Zm00001eb229270",2,"C2"
"Zm00001eb246280",6,"C1"
"Zm00001eb248920",3,"C4"
"Zm00001eb216920",2,"C2"
"Zm00001eb232530",2,"C2"
"Zm00001eb210420",6,"C1"
"Zm00001eb218410",2,"C2"
"Zm00001eb213450",2,"C2"
"Zm00001eb258970",2,"C2"
"Zm00001eb237910",7,"C6"
"Zm00001eb223840",6,"C1"
"Zm00001eb231100",6,"C1"
"Zm00001eb244560",1,"C7"
"Zm00001eb210570",5,"C5"
"Zm00001eb214920",6,"C1"
"Zm00001eb241520",2,"C2"
"Zm00001eb211460",2,"C2"
"Zm00001eb233270",2,"C2"
"Zm00001eb231340",6,"C1"
"Zm00001eb237680",2,"C2"
"Zm00001eb251820",6,"C1"
"Zm00001eb252250",5,"C5"
"Zm00001eb242890",2,"C2"
"Zm00001eb235620",2,"C2"
"Zm00001eb257900",2,"C2"
"Zm00001eb232970",2,"C2"
"Zm00001eb233100",6,"C1"
"Zm00001eb236140",2,"C2"
"Zm00001eb245760",2,"C2"
"Zm00001eb321680",2,"C2"
"Zm00001eb314140",6,"C1"
"Zm00001eb306400",7,"C6"
"Zm00001eb317720",2,"C2"
"Zm00001eb298570",7,"C6"
"Zm00001eb323840",2,"C2"
"Zm00001eb331240",6,"C1"
"Zm00001eb331160",2,"C2"
"Zm00001eb319330",6,"C1"
"Zm00001eb330180",3,"C4"
"Zm00001eb298670",7,"C6"
"Zm00001eb309260",1,"C7"
"Zm00001eb325040",3,"C4"
"Zm00001eb305670",3,"C4"
"Zm00001eb320270",3,"C4"
"Zm00001eb331770",1,"C7"
"Zm00001eb311790",3,"C4"
"Zm00001eb317540",1,"C7"
"Zm00001eb321420",6,"C1"
"Zm00001eb314660",1,"C7"
"Zm00001eb306060",2,"C2"
"Zm00001eb326830",2,"C2"
"Zm00001eb306100",3,"C4"
"Zm00001eb321070",1,"C7"
"Zm00001eb307520",2,"C2"
"Zm00001eb317810",2,"C2"
"Zm00001eb325580",2,"C2"
"Zm00001eb327880",2,"C2"
"Zm00001eb316120",3,"C4"
"Zm00001eb318220",3,"C4"
"Zm00001eb298480",7,"C6"
"Zm00001eb307400",7,"C6"
"Zm00001eb312170",7,"C6"
"Zm00001eb330480",2,"C2"
"Zm00001eb314440",6,"C1"
"Zm00001eb307310",3,"C4"
"Zm00001eb318820",7,"C6"
"Zm00001eb301490",1,"C7"
"Zm00001eb315320",2,"C2"
"Zm00001eb304600",2,"C2"
"Zm00001eb302260",3,"C4"
"Zm00001eb300730",5,"C5"
"Zm00001eb323120",2,"C2"
"Zm00001eb311020",2,"C2"
"Zm00001eb317070",5,"C5"
"Zm00001eb328680",6,"C1"
"Zm00001eb325820",7,"C6"
"Zm00001eb314540",2,"C2"
"Zm00001eb327620",3,"C4"
"Zm00001eb321750",2,"C2"
"Zm00001eb309760",2,"C2"
"Zm00001eb322630",2,"C2"
"Zm00001eb320900",7,"C6"
"Zm00001eb313310",3,"C4"
"Zm00001eb325970",3,"C4"
"Zm00001eb318630",6,"C1"
"Zm00001eb317210",3,"C4"
"Zm00001eb299040",6,"C1"
"Zm00001eb324000",6,"C1"
"Zm00001eb329520",1,"C7"
"Zm00001eb311850",3,"C4"
"Zm00001eb330380",7,"C6"
"Zm00001eb310490",2,"C2"
"Zm00001eb303850",2,"C2"
"Zm00001eb314470",5,"C5"
"Zm00001eb317110",6,"C1"
"Zm00001eb298620",3,"C4"
"Zm00001eb310450",2,"C2"
"Zm00001eb305620",5,"C5"
"Zm00001eb320360",2,"C2"
"Zm00001eb323470",6,"C1"
"Zm00001eb299760",7,"C6"
"Zm00001eb320860",2,"C2"
"Zm00001eb301320",2,"C2"
"Zm00001eb325710",6,"C1"
"Zm00001eb314240",6,"C1"
"Zm00001eb310560",3,"C4"
"Zm00001eb326080",2,"C2"
"Zm00001eb312720",2,"C2"
"Zm00001eb316410",6,"C1"
"Zm00001eb312070",1,"C7"
"Zm00001eb316700",1,"C7"
"Zm00001eb313160",2,"C2"
"Zm00001eb313460",7,"C6"
"Zm00001eb320530",2,"C2"
"Zm00001eb308560",2,"C2"
"Zm00001eb316920",7,"C6"
"Zm00001eb319970",7,"C6"
"Zm00001eb328900",2,"C2"
"Zm00001eb323310",7,"C6"
"Zm00001eb321620",2,"C2"
"Zm00001eb300160",2,"C2"
"Zm00001eb324500",1,"C7"
"Zm00001eb309310",3,"C4"
"Zm00001eb326230",6,"C1"
"Zm00001eb321050",3,"C4"
"Zm00001eb327340",3,"C4"
"Zm00001eb320190",1,"C7"
"Zm00001eb329780",6,"C1"
"Zm00001eb320130",2,"C2"
"Zm00001eb314040",6,"C1"
"Zm00001eb318320",2,"C2"
"Zm00001eb300880",3,"C4"
"Zm00001eb327750",2,"C2"
"Zm00001eb304930",6,"C1"
"Zm00001eb316070",2,"C2"
"Zm00001eb312630",3,"C4"
"Zm00001eb325840",7,"C6"
"Zm00001eb322690",1,"C7"
"Zm00001eb309610",3,"C4"
"Zm00001eb302880",2,"C2"
"Zm00001eb327120",2,"C2"
"Zm00001eb330080",2,"C2"
"Zm00001eb303410",2,"C2"
"Zm00001eb302140",7,"C6"
"Zm00001eb305860",2,"C2"
"Zm00001eb297990",5,"C5"
"Zm00001eb303690",2,"C2"
"Zm00001eb326620",2,"C2"
"Zm00001eb303740",3,"C4"
"Zm00001eb320090",6,"C1"
"Zm00001eb327970",6,"C1"
"Zm00001eb301580",6,"C1"
"Zm00001eb310710",2,"C2"
"Zm00001eb324930",2,"C2"
"Zm00001eb308280",2,"C2"
"Zm00001eb300770",2,"C2"
"Zm00001eb305370",3,"C4"
"Zm00001eb300710",2,"C2"
"Zm00001eb322180",3,"C4"
"Zm00001eb297970",2,"C2"
"Zm00001eb305940",6,"C1"
"Zm00001eb316440",3,"C4"
"Zm00001eb330510",2,"C2"
"Zm00001eb331370",3,"C4"
"Zm00001eb323600",2,"C2"
"Zm00001eb330280",2,"C2"
"Zm00001eb330450",2,"C2"
"Zm00001eb301630",2,"C2"
"Zm00001eb303040",6,"C1"
"Zm00001eb301160",2,"C2"
"Zm00001eb307170",2,"C2"
"Zm00001eb322440",5,"C5"
"Zm00001eb323280",3,"C4"
"Zm00001eb301000",2,"C2"
"Zm00001eb323810",2,"C2"
"Zm00001eb330230",6,"C1"
"Zm00001eb312700",7,"C6"
"Zm00001eb314600",5,"C5"
"Zm00001eb311900",5,"C5"
"Zm00001eb328110",2,"C2"
"Zm00001eb321790",1,"C7"
"Zm00001eb319730",2,"C2"
"Zm00001eb329490",7,"C6"
"Zm00001eb316510",3,"C4"
"Zm00001eb306480",6,"C1"
"Zm00001eb314570",1,"C7"
"Zm00001eb331610",6,"C1"
"Zm00001eb322130",6,"C1"
"Zm00001eb309360",2,"C2"
"Zm00001eb322950",3,"C4"
"Zm00001eb300920",3,"C4"
"Zm00001eb309160",2,"C2"
"Zm00001eb325090",1,"C7"
"Zm00001eb306410",3,"C4"
"Zm00001eb304740",3,"C4"
"Zm00001eb324260",6,"C1"
"Zm00001eb322300",6,"C1"
"Zm00001eb328280",6,"C1"
"Zm00001eb322060",2,"C2"
"Zm00001eb329840",2,"C2"
"Zm00001eb318300",3,"C4"
"Zm00001eb300010",2,"C2"
"Zm00001eb307100",3,"C4"
"Zm00001eb330100",2,"C2"
"Zm00001eb327460",6,"C1"
"Zm00001eb308350",2,"C2"
"Zm00001eb325340",7,"C6"
"Zm00001eb306020",6,"C1"
"Zm00001eb304070",2,"C2"
"Zm00001eb311820",2,"C2"
"Zm00001eb329920",6,"C1"
"Zm00001eb311560",7,"C6"
"Zm00001eb327810",2,"C2"
"Zm00001eb329540",2,"C2"
"Zm00001eb300120",7,"C6"
"Zm00001eb326880",3,"C4"
"Zm00001eb315870",5,"C5"
"Zm00001eb329390",3,"C4"
"Zm00001eb331750",3,"C4"
"Zm00001eb330650",6,"C1"
"Zm00001eb315450",2,"C2"
"Zm00001eb329740",2,"C2"
"Zm00001eb328000",6,"C1"
"Zm00001eb298130",6,"C1"
"Zm00001eb303720",2,"C2"
"Zm00001eb316030",6,"C1"
"Zm00001eb328430",7,"C6"
"Zm00001eb313890",6,"C1"
"Zm00001eb318540",6,"C1"
"Zm00001eb323030",6,"C1"
"Zm00001eb319050",7,"C6"
"Zm00001eb302370",3,"C4"
"Zm00001eb307770",6,"C1"
"Zm00001eb314010",3,"C4"
"Zm00001eb319790",6,"C1"
"Zm00001eb311400",3,"C4"
"Zm00001eb331000",5,"C5"
"Zm00001eb320430",3,"C4"
"Zm00001eb307070",5,"C5"
"Zm00001eb311660",3,"C4"
"Zm00001eb304750",3,"C4"
"Zm00001eb332090",2,"C2"
"Zm00001eb326510",2,"C2"
"Zm00001eb309490",2,"C2"
"Zm00001eb305010",2,"C2"
"Zm00001eb299750",4,"C3"
"Zm00001eb302250",2,"C2"
"Zm00001eb308620",2,"C2"
"Zm00001eb311180",2,"C2"
"Zm00001eb299920",7,"C6"
"Zm00001eb327170",2,"C2"
"Zm00001eb312180",3,"C4"
"Zm00001eb313690",6,"C1"
"Zm00001eb322020",2,"C2"
"Zm00001eb306870",2,"C2"
"Zm00001eb319950",1,"C7"
"Zm00001eb308420",3,"C4"
"Zm00001eb298270",7,"C6"
"Zm00001eb322380",2,"C2"
"Zm00001eb324690",6,"C1"
"Zm00001eb323550",2,"C2"
"Zm00001eb315040",2,"C2"
"Zm00001eb327240",2,"C2"
"Zm00001eb309200",3,"C4"
"Zm00001eb327480",2,"C2"
"Zm00001eb302190",2,"C2"
"Zm00001eb318990",7,"C6"
"Zm00001eb304550",2,"C2"
"Zm00001eb323590",7,"C6"
"Zm00001eb309520",6,"C1"
"Zm00001eb312980",2,"C2"
"Zm00001eb329250",6,"C1"
"Zm00001eb308000",2,"C2"
"Zm00001eb312740",2,"C2"
"Zm00001eb316450",7,"C6"
"Zm00001eb312560",2,"C2"
"Zm00001eb326410",2,"C2"
"Zm00001eb314270",6,"C1"
"Zm00001eb307130",6,"C1"
"Zm00001eb310960",6,"C1"
"Zm00001eb316800",2,"C2"
"Zm00001eb300940",2,"C2"
"Zm00001eb324510",2,"C2"
"Zm00001eb308690",5,"C5"
"Zm00001eb323830",2,"C2"
"Zm00001eb326670",2,"C2"
"Zm00001eb315910",2,"C2"
"Zm00001eb330750",2,"C2"
"Zm00001eb311680",5,"C5"
"Zm00001eb315610",2,"C2"
"Zm00001eb317040",1,"C7"
"Zm00001eb312330",7,"C6"
"Zm00001eb309300",3,"C4"
"Zm00001eb320020",2,"C2"
"Zm00001eb327450",7,"C6"
"Zm00001eb331890",2,"C2"
"Zm00001eb329080",2,"C2"
"Zm00001eb324620",2,"C2"
"Zm00001eb317740",2,"C2"
"Zm00001eb325550",3,"C4"
"Zm00001eb323480",6,"C1"
"Zm00001eb316960",5,"C5"
"Zm00001eb325500",2,"C2"
"Zm00001eb326540",7,"C6"
"Zm00001eb321200",2,"C2"
"Zm00001eb327390",3,"C4"
"Zm00001eb323150",5,"C5"
"Zm00001eb300060",7,"C6"
"Zm00001eb321580",2,"C2"
"Zm00001eb299740",6,"C1"
"Zm00001eb329290",2,"C2"
"Zm00001eb304060",2,"C2"
"Zm00001eb303810",6,"C1"
"Zm00001eb303370",6,"C1"
"Zm00001eb314350",5,"C5"
"Zm00001eb321380",7,"C6"
"Zm00001eb303500",7,"C6"
"Zm00001eb325110",5,"C5"
"Zm00001eb309730",3,"C4"
"Zm00001eb324250",5,"C5"
"Zm00001eb315410",7,"C6"
"Zm00001eb324530",2,"C2"
"Zm00001eb311010",2,"C2"
"Zm00001eb332060",3,"C4"
"Zm00001eb315760",2,"C2"
"Zm00001eb304500",6,"C1"
"Zm00001eb317280",2,"C2"
"Zm00001eb317590",3,"C4"
"Zm00001eb302270",2,"C2"
"Zm00001eb317160",2,"C2"
"Zm00001eb298260",6,"C1"
"Zm00001eb305710",5,"C5"
"Zm00001eb331030",2,"C2"
"Zm00001eb315240",3,"C4"
"Zm00001eb330680",6,"C1"
"Zm00001eb312870",3,"C4"
"Zm00001eb319280",3,"C4"
"Zm00001eb303580",2,"C2"
"Zm00001eb319590",7,"C6"
"Zm00001eb307760",2,"C2"
"Zm00001eb312260",2,"C2"
"Zm00001eb320450",6,"C1"
"Zm00001eb307530",6,"C1"
"Zm00001eb328050",3,"C4"
"Zm00001eb319110",2,"C2"
"Zm00001eb314170",2,"C2"
"Zm00001eb314430",2,"C2"
"Zm00001eb311430",1,"C7"
"Zm00001eb325830",7,"C6"
"Zm00001eb330810",6,"C1"
"Zm00001eb319140",1,"C7"
"Zm00001eb328590",5,"C5"
"Zm00001eb301750",2,"C2"
"Zm00001eb328240",6,"C1"
"Zm00001eb328090",3,"C4"
"Zm00001eb313010",2,"C2"
"Zm00001eb313430",2,"C2"
"Zm00001eb304890",7,"C6"
"Zm00001eb325100",2,"C2"
"Zm00001eb331630",2,"C2"
"Zm00001eb325920",7,"C6"
"Zm00001eb300780",2,"C2"
"Zm00001eb299190",2,"C2"
"Zm00001eb326040",3,"C4"
"Zm00001eb327960",6,"C1"
"Zm00001eb322510",2,"C2"
"Zm00001eb322600",1,"C7"
"Zm00001eb312400",3,"C4"
"Zm00001eb306290",6,"C1"
"Zm00001eb318810",3,"C4"
"Zm00001eb329660",2,"C2"
"Zm00001eb306880",2,"C2"
"Zm00001eb304630",3,"C4"
"Zm00001eb317060",6,"C1"
"Zm00001eb331960",6,"C1"
"Zm00001eb300750",3,"C4"
"Zm00001eb320120",3,"C4"
"Zm00001eb325410",1,"C7"
"Zm00001eb309380",2,"C2"
"Zm00001eb305180",6,"C1"
"Zm00001eb302830",2,"C2"
"Zm00001eb318160",6,"C1"
"Zm00001eb307680",6,"C1"
"Zm00001eb313370",2,"C2"
"Zm00001eb325080",2,"C2"
"Zm00001eb310330",7,"C6"
"Zm00001eb308780",2,"C2"
"Zm00001eb306510",2,"C2"
"Zm00001eb324440",6,"C1"
"Zm00001eb329210",2,"C2"
"Zm00001eb320950",2,"C2"
"Zm00001eb326640",2,"C2"
"Zm00001eb314790",2,"C2"
"Zm00001eb308070",7,"C6"
"Zm00001eb331450",7,"C6"
"Zm00001eb311440",6,"C1"
"Zm00001eb311390",6,"C1"
"Zm00001eb319410",2,"C2"
"Zm00001eb309530",2,"C2"
"Zm00001eb326460",3,"C4"
"Zm00001eb306670",6,"C1"
"Zm00001eb314250",2,"C2"
"Zm00001eb317930",6,"C1"
"Zm00001eb306370",2,"C2"
"Zm00001eb304250",1,"C7"
"Zm00001eb317090",7,"C6"
"Zm00001eb330030",5,"C5"
"Zm00001eb305290",6,"C1"
"Zm00001eb303090",2,"C2"
"Zm00001eb300970",2,"C2"
"Zm00001eb312360",2,"C2"
"Zm00001eb299290",2,"C2"
"Zm00001eb301040",3,"C4"
"Zm00001eb327250",3,"C4"
"Zm00001eb330800",6,"C1"
"Zm00001eb330350",2,"C2"
"Zm00001eb331930",5,"C5"
"Zm00001eb298040",6,"C1"
"Zm00001eb304770",2,"C2"
"Zm00001eb306570",2,"C2"
"Zm00001eb305170",2,"C2"
"Zm00001eb307360",5,"C5"
"Zm00001eb322150",2,"C2"
"Zm00001eb327990",2,"C2"
"Zm00001eb312010",4,"C3"
"Zm00001eb314120",5,"C5"
"Zm00001eb303080",2,"C2"
"Zm00001eb320510",7,"C6"
"Zm00001eb329400",6,"C1"
"Zm00001eb325270",3,"C4"
"Zm00001eb299990",1,"C7"
"Zm00001eb305490",3,"C4"
"Zm00001eb310980",2,"C2"
"Zm00001eb316050",2,"C2"
"Zm00001eb302680",2,"C2"
"Zm00001eb316810",3,"C4"
"Zm00001eb318390",2,"C2"
"Zm00001eb308540",3,"C4"
"Zm00001eb322740",7,"C6"
"Zm00001eb325020",3,"C4"
"Zm00001eb319550",2,"C2"
"Zm00001eb328410",7,"C6"
"Zm00001eb319030",2,"C2"
"Zm00001eb317580",2,"C2"
"Zm00001eb320420",6,"C1"
"Zm00001eb330830",6,"C1"
"Zm00001eb322290",7,"C6"
"Zm00001eb318720",2,"C2"
"Zm00001eb316620",7,"C6"
"Zm00001eb315920",2,"C2"
"Zm00001eb326860",6,"C1"
"Zm00001eb308220",2,"C2"
"Zm00001eb325380",3,"C4"
"Zm00001eb331790",3,"C4"
"Zm00001eb307290",2,"C2"
"Zm00001eb321360",6,"C1"
"Zm00001eb327820",2,"C2"
"Zm00001eb310820",6,"C1"
"Zm00001eb315030",6,"C1"
"Zm00001eb322350",2,"C2"
"Zm00001eb321890",2,"C2"
"Zm00001eb327320",2,"C2"
"Zm00001eb315840",2,"C2"
"Zm00001eb326520",6,"C1"
"Zm00001eb315330",2,"C2"
"Zm00001eb331880",6,"C1"
"Zm00001eb327060",3,"C4"
"Zm00001eb329790",6,"C1"
"Zm00001eb313850",7,"C6"
"Zm00001eb304560",7,"C6"
"Zm00001eb308990",2,"C2"
"Zm00001eb322040",3,"C4"
"Zm00001eb323140",5,"C5"
"Zm00001eb330600",7,"C6"
"Zm00001eb322900",2,"C2"
"Zm00001eb321960",6,"C1"
"Zm00001eb303610",3,"C4"
"Zm00001eb306580",2,"C2"
"Zm00001eb326030",3,"C4"
"Zm00001eb304160",6,"C1"
"Zm00001eb329030",2,"C2"
"Zm00001eb310390",2,"C2"
"Zm00001eb314300",1,"C7"
"Zm00001eb305840",2,"C2"
"Zm00001eb321830",3,"C4"
"Zm00001eb302210",2,"C2"
"Zm00001eb318620",6,"C1"
"Zm00001eb326920",2,"C2"
"Zm00001eb299960",2,"C2"
"Zm00001eb311420",5,"C5"
"Zm00001eb303990",2,"C2"
"Zm00001eb321770",3,"C4"
"Zm00001eb322660",6,"C1"
"Zm00001eb317860",6,"C1"
"Zm00001eb316390",3,"C4"
"Zm00001eb316950",3,"C4"
"Zm00001eb319000",5,"C5"
"Zm00001eb300250",7,"C6"
"Zm00001eb320330",5,"C5"
"Zm00001eb306610",1,"C7"
"Zm00001eb318770",2,"C2"
"Zm00001eb320580",5,"C5"
"Zm00001eb323920",5,"C5"
"Zm00001eb301250",3,"C4"
"Zm00001eb331590",2,"C2"
"Zm00001eb322430",3,"C4"
"Zm00001eb329860",2,"C2"
"Zm00001eb300900",6,"C1"
"Zm00001eb309080",2,"C2"
"Zm00001eb308380",2,"C2"
"Zm00001eb298020",6,"C1"
"Zm00001eb325480",5,"C5"
"Zm00001eb310570",2,"C2"
"Zm00001eb326960",7,"C6"
"Zm00001eb327790",2,"C2"
"Zm00001eb300740",3,"C4"
"Zm00001eb327950",2,"C2"
"Zm00001eb316290",1,"C7"
"Zm00001eb312040",5,"C5"
"Zm00001eb331390",5,"C5"
"Zm00001eb332010",2,"C2"
"Zm00001eb298080",6,"C1"
"Zm00001eb327640",3,"C4"
"Zm00001eb302330",3,"C4"
"Zm00001eb325060",6,"C1"
"Zm00001eb309600",3,"C4"
"Zm00001eb312530",3,"C4"
"Zm00001eb314490",1,"C7"
"Zm00001eb308430",3,"C4"
"Zm00001eb331970",6,"C1"
"Zm00001eb320650",5,"C5"
"Zm00001eb314020",3,"C4"
"Zm00001eb329270",5,"C5"
"Zm00001eb314060",1,"C7"
"Zm00001eb318350",7,"C6"
"Zm00001eb328350",7,"C6"
"Zm00001eb301520",5,"C5"
"Zm00001eb303710",3,"C4"
"Zm00001eb323520",2,"C2"
"Zm00001eb325000",3,"C4"
"Zm00001eb331470",6,"C1"
"Zm00001eb315470",2,"C2"
"Zm00001eb311800",2,"C2"
"Zm00001eb331340",2,"C2"
"Zm00001eb321180",6,"C1"
"Zm00001eb322530",3,"C4"
"Zm00001eb300690",6,"C1"
"Zm00001eb327290",2,"C2"
"Zm00001eb321060",2,"C2"
"Zm00001eb302580",3,"C4"
"Zm00001eb308530",2,"C2"
"Zm00001eb317450",2,"C2"
"Zm00001eb329950",3,"C4"
"Zm00001eb310730",2,"C2"
"Zm00001eb322610",2,"C2"
"Zm00001eb330160",2,"C2"
"Zm00001eb321900",7,"C6"
"Zm00001eb301860",3,"C4"
"Zm00001eb331740",2,"C2"
"Zm00001eb322940",2,"C2"
"Zm00001eb323530",3,"C4"
"Zm00001eb320810",2,"C2"
"Zm00001eb322370",2,"C2"
"Zm00001eb305590",2,"C2"
"Zm00001eb315020",7,"C6"
"Zm00001eb330260",2,"C2"
"Zm00001eb331950",3,"C4"
"Zm00001eb321530",3,"C4"
"Zm00001eb329710",2,"C2"
"Zm00001eb309020",1,"C7"
"Zm00001eb306940",6,"C1"
"Zm00001eb312160",2,"C2"
"Zm00001eb322340",6,"C1"
"Zm00001eb298400",6,"C1"
"Zm00001eb330190",7,"C6"
"Zm00001eb319010",7,"C6"
"Zm00001eb298950",2,"C2"
"Zm00001eb301440",2,"C2"
"Zm00001eb307420",2,"C2"
"Zm00001eb326740",2,"C2"
"Zm00001eb317510",7,"C6"
"Zm00001eb307510",6,"C1"
"Zm00001eb322080",3,"C4"
"Zm00001eb318210",2,"C2"
"Zm00001eb326060",7,"C6"
"Zm00001eb324540",3,"C4"
"Zm00001eb319240",7,"C6"
"Zm00001eb314580",4,"C3"
"Zm00001eb320640",2,"C2"
"Zm00001eb314310",6,"C1"
"Zm00001eb316300",7,"C6"
"Zm00001eb315660",7,"C6"
"Zm00001eb329680",5,"C5"
"Zm00001eb318750",5,"C5"
"Zm00001eb313290",3,"C4"
"Zm00001eb322750",6,"C1"
"Zm00001eb320850",2,"C2"
"Zm00001eb319680",6,"C1"
"Zm00001eb323710",1,"C7"
"Zm00001eb321990",6,"C1"
"Zm00001eb331780",2,"C2"
"Zm00001eb329060",2,"C2"
"Zm00001eb320910",2,"C2"
"Zm00001eb309100",2,"C2"
"Zm00001eb317800",7,"C6"
"Zm00001eb323070",7,"C6"
"Zm00001eb329510",3,"C4"
"Zm00001eb318610",1,"C7"
"Zm00001eb325850",2,"C2"
"Zm00001eb307700",3,"C4"
"Zm00001eb325310",3,"C4"
"Zm00001eb303360",2,"C2"
"Zm00001eb305960",3,"C4"
"Zm00001eb330760",3,"C4"
"Zm00001eb317640",1,"C7"
"Zm00001eb309480",2,"C2"
"Zm00001eb329870",5,"C5"
"Zm00001eb305410",2,"C2"
"Zm00001eb304990",6,"C1"
"Zm00001eb324850",6,"C1"
"Zm00001eb322400",2,"C2"
"Zm00001eb305690",2,"C2"
"Zm00001eb310830",2,"C2"
"Zm00001eb327330",2,"C2"
"Zm00001eb300000",6,"C1"
"Zm00001eb301430",3,"C4"
"Zm00001eb298010",3,"C4"
"Zm00001eb318560",3,"C4"
"Zm00001eb331300",2,"C2"
"Zm00001eb329410",7,"C6"
"Zm00001eb323460",3,"C4"
"Zm00001eb320520",5,"C5"
"Zm00001eb315430",2,"C2"
"Zm00001eb329220",2,"C2"
"Zm00001eb329360",2,"C2"
"Zm00001eb329590",6,"C1"
"Zm00001eb328950",2,"C2"
"Zm00001eb305810",2,"C2"
"Zm00001eb309620",2,"C2"
"Zm00001eb323570",3,"C4"
"Zm00001eb308400",1,"C7"
"Zm00001eb298700",2,"C2"
"Zm00001eb309580",1,"C7"
"Zm00001eb301240",2,"C2"
"Zm00001eb331120",6,"C1"
"Zm00001eb312600",3,"C4"
"Zm00001eb303220",6,"C1"
"Zm00001eb318410",5,"C5"
"Zm00001eb314690",7,"C6"
"Zm00001eb306380",7,"C6"
"Zm00001eb320730",5,"C5"
"Zm00001eb308480",2,"C2"
"Zm00001eb321710",6,"C1"
"Zm00001eb321260",2,"C2"
"Zm00001eb309720",2,"C2"
"Zm00001eb325880",6,"C1"
"Zm00001eb319500",6,"C1"
"Zm00001eb306790",3,"C4"
"Zm00001eb299510",2,"C2"
"Zm00001eb324710",6,"C1"
"Zm00001eb320540",3,"C4"
"Zm00001eb328490",7,"C6"
"Zm00001eb306930",3,"C4"
"Zm00001eb304260",1,"C7"
"Zm00001eb298320",1,"C7"
"Zm00001eb312910",4,"C3"
"Zm00001eb327510",3,"C4"
"Zm00001eb301780",6,"C1"
"Zm00001eb304540",3,"C4"
"Zm00001eb325800",7,"C6"
"Zm00001eb309540",3,"C4"
"Zm00001eb320820",5,"C5"
"Zm00001eb322620",6,"C1"
"Zm00001eb330740",5,"C5"
"Zm00001eb327220",2,"C2"
"Zm00001eb309320",6,"C1"
"Zm00001eb298290",2,"C2"
"Zm00001eb330170",3,"C4"
"Zm00001eb304320",3,"C4"
"Zm00001eb303420",3,"C4"
"Zm00001eb320280",3,"C4"
"Zm00001eb305680",2,"C2"
"Zm00001eb317460",1,"C7"
"Zm00001eb309880",3,"C4"
"Zm00001eb303030",7,"C6"
"Zm00001eb302700",3,"C4"
"Zm00001eb322110",2,"C2"
"Zm00001eb306040",3,"C4"
"Zm00001eb327580",6,"C1"
"Zm00001eb300410",1,"C7"
"Zm00001eb325640",1,"C7"
"Zm00001eb298600",6,"C1"
"Zm00001eb329770",2,"C2"
"Zm00001eb301010",2,"C2"
"Zm00001eb325010",5,"C5"
"Zm00001eb300170",5,"C5"
"Zm00001eb319990",2,"C2"
"Zm00001eb328390",3,"C4"
"Zm00001eb328580",2,"C2"
"Zm00001eb315970",2,"C2"
"Zm00001eb331520",2,"C2"
"Zm00001eb303240",2,"C2"
"Zm00001eb299880",1,"C7"
"Zm00001eb311870",6,"C1"
"Zm00001eb317920",3,"C4"
"Zm00001eb328260",2,"C2"
"Zm00001eb326000",5,"C5"
"Zm00001eb327740",7,"C6"
"Zm00001eb325900",6,"C1"
"Zm00001eb318080",5,"C5"
"Zm00001eb324210",5,"C5"
"Zm00001eb331990",4,"C3"
"Zm00001eb313920",2,"C2"
"Zm00001eb320660",2,"C2"
"Zm00001eb318730",6,"C1"
"Zm00001eb314050",6,"C1"
"Zm00001eb324160",5,"C5"
"Zm00001eb309230",2,"C2"
"Zm00001eb319820",7,"C6"
"Zm00001eb301380",5,"C5"
"Zm00001eb326930",5,"C5"
"Zm00001eb326610",2,"C2"
"Zm00001eb321330",6,"C1"
"Zm00001eb317760",6,"C1"
"Zm00001eb320150",3,"C4"
"Zm00001eb327410",6,"C1"
"Zm00001eb312300",7,"C6"
"Zm00001eb298980",5,"C5"
"Zm00001eb318180",7,"C6"
"Zm00001eb325610",6,"C1"
"Zm00001eb323440",3,"C4"
"Zm00001eb330460",1,"C7"
"Zm00001eb300910",2,"C2"
"Zm00001eb299520",7,"C6"
"Zm00001eb310770",2,"C2"
"Zm00001eb304110",6,"C1"
"Zm00001eb325180",2,"C2"
"Zm00001eb303280",3,"C4"
"Zm00001eb316420",2,"C2"
"Zm00001eb328460",5,"C5"
"Zm00001eb305450",2,"C2"
"Zm00001eb317310",2,"C2"
"Zm00001eb303480",2,"C2"
"Zm00001eb325360",2,"C2"
"Zm00001eb328750",2,"C2"
"Zm00001eb307260",2,"C2"
"Zm00001eb321400",6,"C1"
"Zm00001eb312990",5,"C5"
"Zm00001eb328710",2,"C2"
"Zm00001eb304710",2,"C2"
"Zm00001eb311380",6,"C1"
"Zm00001eb321030",4,"C3"
"Zm00001eb298650",3,"C4"
"Zm00001eb326490",3,"C4"
"Zm00001eb323880",2,"C2"
"Zm00001eb311810",2,"C2"
"Zm00001eb325760",6,"C1"
"Zm00001eb319610",3,"C4"
"Zm00001eb317830",2,"C2"
"Zm00001eb314390",7,"C6"
"Zm00001eb331260",2,"C2"
"Zm00001eb318760",3,"C4"
"Zm00001eb316500",2,"C2"
"Zm00001eb305930",3,"C4"
"Zm00001eb313030",2,"C2"
"Zm00001eb308830",3,"C4"
"Zm00001eb326330",7,"C6"
"Zm00001eb315770",6,"C1"
"Zm00001eb314680",2,"C2"
"Zm00001eb318480",2,"C2"
"Zm00001eb301030",6,"C1"
"Zm00001eb328770",6,"C1"
"Zm00001eb306430",3,"C4"
"Zm00001eb313530",7,"C6"
"Zm00001eb302930",6,"C1"
"Zm00001eb302310",1,"C7"
"Zm00001eb327780",7,"C6"
"Zm00001eb313000",6,"C1"
"Zm00001eb319670",2,"C2"
"Zm00001eb324750",3,"C4"
"Zm00001eb306210",1,"C7"
"Zm00001eb326360",3,"C4"
"Zm00001eb331510",2,"C2"
"Zm00001eb327150",3,"C4"
"Zm00001eb319760",2,"C2"
"Zm00001eb307230",6,"C1"
"Zm00001eb325150",3,"C4"
"Zm00001eb311950",2,"C2"
"Zm00001eb326870",2,"C2"
"Zm00001eb319060",4,"C3"
"Zm00001eb312220",2,"C2"
"Zm00001eb322840",2,"C2"
"Zm00001eb311650",7,"C6"
"Zm00001eb316170",6,"C1"
"Zm00001eb311320",2,"C2"
"Zm00001eb298370",2,"C2"
"Zm00001eb328740",2,"C2"
"Zm00001eb308610",1,"C7"
"Zm00001eb325590",2,"C2"
"Zm00001eb317190",1,"C7"
"Zm00001eb310760",2,"C2"
"Zm00001eb321910",7,"C6"
"Zm00001eb308160",2,"C2"
"Zm00001eb313400",2,"C2"
"Zm00001eb331290",1,"C7"
"Zm00001eb308340",6,"C1"
"Zm00001eb323380",2,"C2"
"Zm00001eb322320",2,"C2"
"Zm00001eb328540",2,"C2"
"Zm00001eb321340",2,"C2"
"Zm00001eb316480",7,"C6"
"Zm00001eb327550",2,"C2"
"Zm00001eb318030",2,"C2"
"Zm00001eb321470",3,"C4"
"Zm00001eb302400",5,"C5"
"Zm00001eb329730",4,"C3"
"Zm00001eb298410",6,"C1"
"Zm00001eb319220",2,"C2"
"Zm00001eb327800",7,"C6"
"Zm00001eb299480",2,"C2"
"Zm00001eb319520",6,"C1"
"Zm00001eb301730",3,"C4"
"Zm00001eb321280",6,"C1"
"Zm00001eb324100",7,"C6"
"Zm00001eb324180",3,"C4"
"Zm00001eb303780",6,"C1"
"Zm00001eb317500",3,"C4"
"Zm00001eb306680",3,"C4"
"Zm00001eb331130",2,"C2"
"Zm00001eb313570",2,"C2"
"Zm00001eb320750",7,"C6"
"Zm00001eb319380",2,"C2"
"Zm00001eb306280",6,"C1"
"Zm00001eb309830",6,"C1"
"Zm00001eb329090",2,"C2"
"Zm00001eb329240",2,"C2"
"Zm00001eb305760",3,"C4"
"Zm00001eb327710",2,"C2"
"Zm00001eb329450",2,"C2"
"Zm00001eb327840",3,"C4"
"Zm00001eb327270",2,"C2"
"Zm00001eb313720",2,"C2"
"Zm00001eb314720",7,"C6"
"Zm00001eb300950",6,"C1"
"Zm00001eb303770",7,"C6"
"Zm00001eb326420",6,"C1"
"Zm00001eb327690",2,"C2"
"Zm00001eb300310",5,"C5"
"Zm00001eb329150",5,"C5"
"Zm00001eb304280",2,"C2"
"Zm00001eb324700",7,"C6"
"Zm00001eb319960",2,"C2"
"Zm00001eb327430",3,"C4"
"Zm00001eb325420",6,"C1"
"Zm00001eb303120",5,"C5"
"Zm00001eb329230",2,"C2"
"Zm00001eb300930",2,"C2"
"Zm00001eb316640",1,"C7"
"Zm00001eb309010",3,"C4"
"Zm00001eb298050",6,"C1"
"Zm00001eb322390",5,"C5"
"Zm00001eb331410",6,"C1"
"Zm00001eb327230",2,"C2"
"Zm00001eb322880",2,"C2"
"Zm00001eb316530",3,"C4"
"Zm00001eb311610",5,"C5"
"Zm00001eb310620",2,"C2"
"Zm00001eb300100",3,"C4"
"Zm00001eb315880",2,"C2"
"Zm00001eb316740",2,"C2"
"Zm00001eb302800",3,"C4"
"Zm00001eb320500",2,"C2"
"Zm00001eb322760",2,"C2"
"Zm00001eb304510",6,"C1"
"Zm00001eb329320",6,"C1"
"Zm00001eb332000",7,"C6"
"Zm00001eb315290",5,"C5"
"Zm00001eb324240",1,"C7"
"Zm00001eb324390",3,"C4"
"Zm00001eb324090",3,"C4"
"Zm00001eb331540",2,"C2"
"Zm00001eb326130",5,"C5"
"Zm00001eb320670",5,"C5"
"Zm00001eb322850",3,"C4"
"Zm00001eb326680",6,"C1"
"Zm00001eb328970",7,"C6"
"Zm00001eb306350",1,"C7"
"Zm00001eb320460",3,"C4"
"Zm00001eb321720",2,"C2"
"Zm00001eb314840",5,"C5"
"Zm00001eb313660",2,"C2"
"Zm00001eb298440",6,"C1"
"Zm00001eb312900",7,"C6"
"Zm00001eb302940",2,"C2"
"Zm00001eb321010",2,"C2"
"Zm00001eb315930",6,"C1"
"Zm00001eb328370",2,"C2"
"Zm00001eb312820",7,"C6"
"Zm00001eb321600",3,"C4"
"Zm00001eb329980",7,"C6"
"Zm00001eb323500",2,"C2"
"Zm00001eb315380",6,"C1"
"Zm00001eb326730",3,"C4"
"Zm00001eb310300",6,"C1"
"Zm00001eb305060",6,"C1"
"Zm00001eb305460",6,"C1"
"Zm00001eb317680",7,"C6"
"Zm00001eb312210",3,"C4"
"Zm00001eb299310",2,"C2"
"Zm00001eb310840",7,"C6"
"Zm00001eb328400",5,"C5"
"Zm00001eb331200",6,"C1"
"Zm00001eb317480",3,"C4"
"Zm00001eb322360",2,"C2"
"Zm00001eb330440",2,"C2"
"Zm00001eb312450",1,"C7"
"Zm00001eb313730",2,"C2"
"Zm00001eb321560",2,"C2"
"Zm00001eb300320",5,"C5"
"Zm00001eb316790",2,"C2"
"Zm00001eb319460",6,"C1"
"Zm00001eb309060",2,"C2"
"Zm00001eb328330",3,"C4"
"Zm00001eb320980",2,"C2"
"Zm00001eb312930",2,"C2"
"Zm00001eb317230",6,"C1"
"Zm00001eb312430",6,"C1"
"Zm00001eb307090",6,"C1"
"Zm00001eb298990",5,"C5"
"Zm00001eb300400",2,"C2"
"Zm00001eb317300",2,"C2"
"Zm00001eb320030",5,"C5"
"Zm00001eb331250",2,"C2"
"Zm00001eb308720",3,"C4"
"Zm00001eb321870",2,"C2"
"Zm00001eb319620",2,"C2"
"Zm00001eb329690",2,"C2"
"Zm00001eb306650",7,"C6"
"Zm00001eb309390",6,"C1"
"Zm00001eb329200",2,"C2"
"Zm00001eb324310",2,"C2"
"Zm00001eb326900",1,"C7"
"Zm00001eb303200",2,"C2"
"Zm00001eb310700",2,"C2"
"Zm00001eb308950",6,"C1"
"Zm00001eb316870",2,"C2"
"Zm00001eb324640",5,"C5"
"Zm00001eb329630",1,"C7"
"Zm00001eb323740",2,"C2"
"Zm00001eb306530",2,"C2"
"Zm00001eb318200",6,"C1"
"Zm00001eb298860",3,"C4"
"Zm00001eb304130",2,"C2"
"Zm00001eb320600",2,"C2"
"Zm00001eb301450",6,"C1"
"Zm00001eb300050",2,"C2"
"Zm00001eb309980",7,"C6"
"Zm00001eb316730",7,"C6"
"Zm00001eb312490",7,"C6"
"Zm00001eb299790",3,"C4"
"Zm00001eb303400",5,"C5"
"Zm00001eb327530",5,"C5"
"Zm00001eb304970",2,"C2"
"Zm00001eb311750",3,"C4"
"Zm00001eb320490",3,"C4"
"Zm00001eb327680",7,"C6"
"Zm00001eb327260",1,"C7"
"Zm00001eb328080",2,"C2"
"Zm00001eb320310",2,"C2"
"Zm00001eb312020",6,"C1"
"Zm00001eb322480",2,"C2"
"Zm00001eb299240",3,"C4"
"Zm00001eb301620",2,"C2"
"Zm00001eb301050",5,"C5"
"Zm00001eb310790",3,"C4"
"Zm00001eb299670",2,"C2"
"Zm00001eb299300",2,"C2"
"Zm00001eb310520",6,"C1"
"Zm00001eb318830",6,"C1"
"Zm00001eb307320",2,"C2"
"Zm00001eb319480",5,"C5"
"Zm00001eb312410",6,"C1"
"Zm00001eb309450",3,"C4"
"Zm00001eb310410",2,"C2"
"Zm00001eb303060",2,"C2"
"Zm00001eb304420",2,"C2"
"Zm00001eb301480",5,"C5"
"Zm00001eb323110",7,"C6"
"Zm00001eb331210",3,"C4"
"Zm00001eb300720",2,"C2"
"Zm00001eb320610",2,"C2"
"Zm00001eb308130",2,"C2"
"Zm00001eb321690",6,"C1"
"Zm00001eb320760",2,"C2"
"Zm00001eb319630",3,"C4"
"Zm00001eb328690",2,"C2"
"Zm00001eb306330",7,"C6"
"Zm00001eb312810",6,"C1"
"Zm00001eb328530",6,"C1"
"Zm00001eb316200",5,"C5"
"Zm00001eb315710",2,"C2"
"Zm00001eb330020",3,"C4"
"Zm00001eb332020",2,"C2"
"Zm00001eb311780",6,"C1"
"Zm00001eb302200",2,"C2"
"Zm00001eb301330",6,"C1"
"Zm00001eb326180",3,"C4"
"Zm00001eb327920",2,"C2"
"Zm00001eb311840",2,"C2"
"Zm00001eb304010",3,"C4"
"Zm00001eb310180",2,"C2"
"Zm00001eb315990",5,"C5"
"Zm00001eb300590",1,"C7"
"Zm00001eb318230",2,"C2"
"Zm00001eb320870",2,"C2"
"Zm00001eb322570",6,"C1"
"Zm00001eb320470",7,"C6"
"Zm00001eb299540",3,"C4"
"Zm00001eb313250",5,"C5"
"Zm00001eb317490",6,"C1"
"Zm00001eb310480",2,"C2"
"Zm00001eb298610",2,"C2"
"Zm00001eb308150",2,"C2"
"Zm00001eb310970",3,"C4"
"Zm00001eb301280",6,"C1"
"Zm00001eb306550",2,"C2"
"Zm00001eb328640",2,"C2"
"Zm00001eb300080",6,"C1"
"Zm00001eb330150",6,"C1"
"Zm00001eb301790",6,"C1"
"Zm00001eb299830",2,"C2"
"Zm00001eb315100",5,"C5"
"Zm00001eb316580",2,"C2"
"Zm00001eb307440",6,"C1"
"Zm00001eb301840",2,"C2"
"Zm00001eb307960",3,"C4"
"Zm00001eb329530",6,"C1"
"Zm00001eb316520",7,"C6"
"Zm00001eb329130",2,"C2"
"Zm00001eb315340",6,"C1"
"Zm00001eb331500",3,"C4"
"Zm00001eb309900",2,"C2"
"Zm00001eb304920",6,"C1"
"Zm00001eb314450",6,"C1"
"Zm00001eb314530",4,"C3"
"Zm00001eb324400",2,"C2"
"Zm00001eb306240",6,"C1"
"Zm00001eb331170",2,"C2"
"Zm00001eb300260",7,"C6"
"Zm00001eb330210",6,"C1"
"Zm00001eb319660",1,"C7"
"Zm00001eb306630",5,"C5"
"Zm00001eb316180",6,"C1"
"Zm00001eb317100",2,"C2"
"Zm00001eb314380",3,"C4"
"Zm00001eb299910",7,"C6"
"Zm00001eb320680",2,"C2"
"Zm00001eb327030",6,"C1"
"Zm00001eb307280",3,"C4"
"Zm00001eb322100",3,"C4"
"Zm00001eb323330",3,"C4"
"Zm00001eb311480",2,"C2"
"Zm00001eb320890",7,"C6"
"Zm00001eb320350",2,"C2"
"Zm00001eb313320",7,"C6"
"Zm00001eb318710",5,"C5"
"Zm00001eb312280",2,"C2"
"Zm00001eb316710",6,"C1"
"Zm00001eb330690",2,"C2"
"Zm00001eb300510",6,"C1"
"Zm00001eb308660",3,"C4"
"Zm00001eb328480",2,"C2"
"Zm00001eb325230",7,"C6"
"Zm00001eb316080",2,"C2"
"Zm00001eb299450",1,"C7"
"Zm00001eb303680",2,"C2"
"Zm00001eb308290",3,"C4"
"Zm00001eb327280",2,"C2"
"Zm00001eb327860",3,"C4"
"Zm00001eb311740",5,"C5"
"Zm00001eb302810",6,"C1"
"Zm00001eb320550",2,"C2"
"Zm00001eb301590",7,"C6"
"Zm00001eb330500",3,"C4"
"Zm00001eb316840",2,"C2"
"Zm00001eb311620",7,"C6"
"Zm00001eb330270",2,"C2"
"Zm00001eb302640",3,"C4"
"Zm00001eb313590",2,"C2"
"Zm00001eb329850",5,"C5"
"Zm00001eb316660",3,"C4"
"Zm00001eb323760",1,"C7"
"Zm00001eb300700",2,"C2"
"Zm00001eb324900",7,"C6"
"Zm00001eb322160",5,"C5"
"Zm00001eb304430",2,"C2"
"Zm00001eb316910",3,"C4"
"Zm00001eb326940",5,"C5"
"Zm00001eb331700",1,"C7"
"Zm00001eb309660",6,"C1"
"Zm00001eb304290",2,"C2"
"Zm00001eb313960",5,"C5"
"Zm00001eb331900",3,"C4"
"Zm00001eb306200",6,"C1"
"Zm00001eb320240",2,"C2"
"Zm00001eb303620",1,"C7"
"Zm00001eb325160",7,"C6"
"Zm00001eb306470",7,"C6"
"Zm00001eb327720",2,"C2"
"Zm00001eb326630",5,"C5"
"Zm00001eb302870",2,"C2"
"Zm00001eb314700",2,"C2"
"Zm00001eb324570",2,"C2"
"Zm00001eb300890",2,"C2"
"Zm00001eb328500",2,"C2"
"Zm00001eb331090",3,"C4"
"Zm00001eb320790",7,"C6"
"Zm00001eb322650",2,"C2"
"Zm00001eb325750",7,"C6"
"Zm00001eb307010",6,"C1"
"Zm00001eb315350",2,"C2"
"Zm00001eb311490",6,"C1"
"Zm00001eb302390",3,"C4"
"Zm00001eb331600",2,"C2"
"Zm00001eb314080",2,"C2"
"Zm00001eb298460",5,"C5"
"Zm00001eb323510",7,"C6"
"Zm00001eb298510",6,"C1"
"Zm00001eb330040",5,"C5"
"Zm00001eb318780",3,"C4"
"Zm00001eb315900",3,"C4"
"Zm00001eb303290",5,"C5"
"Zm00001eb298300",7,"C6"
"Zm00001eb315060",1,"C7"
"Zm00001eb310530",2,"C2"
"Zm00001eb301060",2,"C2"
"Zm00001eb300990",1,"C7"
"Zm00001eb322310",7,"C6"
"Zm00001eb317990",2,"C2"
"Zm00001eb318590",2,"C2"
"Zm00001eb299530",3,"C4"
"Zm00001eb331570",2,"C2"
"Zm00001eb318880",2,"C2"
"Zm00001eb301230",2,"C2"
"Zm00001eb321970",3,"C4"
"Zm00001eb329040",2,"C2"
"Zm00001eb299860",2,"C2"
"Zm00001eb324590",7,"C6"
"Zm00001eb313540",3,"C4"
"Zm00001eb327200",6,"C1"
"Zm00001eb322720",2,"C2"
"Zm00001eb319720",6,"C1"
"Zm00001eb315650",5,"C5"
"Zm00001eb311910",2,"C2"
"Zm00001eb298180",6,"C1"
"Zm00001eb324470",6,"C1"
"Zm00001eb324730",3,"C4"
"Zm00001eb307730",2,"C2"
"Zm00001eb327760",2,"C2"
"Zm00001eb321440",7,"C6"
"Zm00001eb305570",2,"C2"
"Zm00001eb320920",6,"C1"
"Zm00001eb314750",6,"C1"
"Zm00001eb328850",2,"C2"
"Zm00001eb319230",6,"C1"
"Zm00001eb314590",3,"C4"
"Zm00001eb309950",6,"C1"
"Zm00001eb323970",6,"C1"
"Zm00001eb300360",1,"C7"
"Zm00001eb321980",2,"C2"
"Zm00001eb303210",6,"C1"
"Zm00001eb324670",3,"C4"
"Zm00001eb323700",6,"C1"
"Zm00001eb322820",6,"C1"
"Zm00001eb317030",7,"C6"
"Zm00001eb306800",6,"C1"
"Zm00001eb321220",5,"C5"
"Zm00001eb309370",2,"C2"
"Zm00001eb330880",2,"C2"
"Zm00001eb329070",2,"C2"
"Zm00001eb305600",5,"C5"
"Zm00001eb322470",2,"C2"
"Zm00001eb328320",3,"C4"
"Zm00001eb312420",7,"C6"
"Zm00001eb302760",5,"C5"
"Zm00001eb325940",6,"C1"
"Zm00001eb315460",1,"C7"
"Zm00001eb327470",2,"C2"
"Zm00001eb329890",2,"C2"
"Zm00001eb322910",3,"C4"
"Zm00001eb304530",1,"C7"
"Zm00001eb324970",5,"C5"
"Zm00001eb312080",7,"C6"
"Zm00001eb298390",3,"C4"
"Zm00001eb304620",2,"C2"
"Zm00001eb325320",3,"C4"
"Zm00001eb300270",3,"C4"
"Zm00001eb329910",2,"C2"
"Zm00001eb301640",2,"C2"
"Zm00001eb304780",2,"C2"
"Zm00001eb305750",5,"C5"
"Zm00001eb321550",7,"C6"
"Zm00001eb314620",7,"C6"
"Zm00001eb302230",3,"C4"
"Zm00001eb311960",3,"C4"
"Zm00001eb323580",3,"C4"
"Zm00001eb316460",1,"C7"
"Zm00001eb314220",7,"C6"
"Zm00001eb307860",2,"C2"
"Zm00001eb301680",2,"C2"
"Zm00001eb310060",2,"C2"
"Zm00001eb308470",2,"C2"
"Zm00001eb318400",2,"C2"
"Zm00001eb331180",3,"C4"
"Zm00001eb328520",6,"C1"
"Zm00001eb319650",6,"C1"
"Zm00001eb328920",2,"C2"
"Zm00001eb322580",7,"C6"
"Zm00001eb323170",6,"C1"
"Zm00001eb302900",5,"C5"
"Zm00001eb319090",4,"C3"
"Zm00001eb321700",6,"C1"
"Zm00001eb316150",6,"C1"
"Zm00001eb319780",2,"C2"
"Zm00001eb311470",5,"C5"
"Zm00001eb315420",3,"C4"
"Zm00001eb319510",7,"C6"
"Zm00001eb324630",2,"C2"
"Zm00001eb298880",3,"C4"
"Zm00001eb320200",2,"C2"
"Zm00001eb304090",6,"C1"
"Zm00001eb315750",3,"C4"
"Zm00001eb306760",3,"C4"
"Zm00001eb305950",6,"C1"
"Zm00001eb324080",2,"C2"
"Zm00001eb318240",6,"C1"
"Zm00001eb320010",3,"C4"
"Zm00001eb298280",2,"C2"
"Zm00001eb310810",2,"C2"
"Zm00001eb305390",2,"C2"
"Zm00001eb299980",3,"C4"
"Zm00001eb328650",3,"C4"
"Zm00001eb301880",6,"C1"
"Zm00001eb329550",1,"C7"
"Zm00001eb305250",3,"C4"
"Zm00001eb330840",3,"C4"
"Zm00001eb321250",2,"C2"
"Zm00001eb323690",6,"C1"
"Zm00001eb301420",2,"C2"
"Zm00001eb304580",5,"C5"
"Zm00001eb310550",2,"C2"
"Zm00001eb302280",6,"C1"
"Zm00001eb325910",3,"C4"
"Zm00001eb304680",2,"C2"
"Zm00001eb312440",6,"C1"
"Zm00001eb316630",7,"C6"
"Zm00001eb319210",3,"C4"
"Zm00001eb306030",7,"C6"
"Zm00001eb304310",7,"C6"
"Zm00001eb327010",6,"C1"
"Zm00001eb301020",2,"C2"
"Zm00001eb312390",1,"C7"
"Zm00001eb303010",6,"C1"
"Zm00001eb301300",3,"C4"
"Zm00001eb315620",6,"C1"
"Zm00001eb320800",7,"C6"
"Zm00001eb312480",2,"C2"
"Zm00001eb311860",3,"C4"
"Zm00001eb326010",2,"C2"
"Zm00001eb312620",6,"C1"
"Zm00001eb324660",6,"C1"
"Zm00001eb316210",6,"C1"
"Zm00001eb309210",6,"C1"
"Zm00001eb330920",2,"C2"
"Zm00001eb309560",3,"C4"
"Zm00001eb318070",6,"C1"
"Zm00001eb313900",6,"C1"
"Zm00001eb302360",3,"C4"
"Zm00001eb317910",3,"C4"
"Zm00001eb320050",6,"C1"
"Zm00001eb319350",3,"C4"
"Zm00001eb315200",7,"C6"
"Zm00001eb319710",7,"C6"
"Zm00001eb306260",7,"C6"
"Zm00001eb328250",6,"C1"
"Zm00001eb326090",2,"C2"
"Zm00001eb325220",2,"C2"
"Zm00001eb316100",2,"C2"
"Zm00001eb314090",5,"C5"
"Zm00001eb325810",6,"C1"
"Zm00001eb299200",2,"C2"
"Zm00001eb306590",2,"C2"
"Zm00001eb318170",1,"C7"
"Zm00001eb319930",2,"C2"
"Zm00001eb317350",7,"C6"
"Zm00001eb303380",2,"C2"
"Zm00001eb332130",6,"C1"
"Zm00001eb325120",2,"C2"
"Zm00001eb323860",7,"C6"
"Zm00001eb322500",1,"C7"
"Zm00001eb323770",3,"C4"
"Zm00001eb299000",3,"C4"
"Zm00001eb321610",5,"C5"
"Zm00001eb324480",2,"C2"
"Zm00001eb321170",2,"C2"
"Zm00001eb326340",2,"C2"
"Zm00001eb306850",2,"C2"
"Zm00001eb317630",2,"C2"
"Zm00001eb325370",3,"C4"
"Zm00001eb328450",2,"C2"
"Zm00001eb306910",2,"C2"
"Zm00001eb303800",2,"C2"
"Zm00001eb323940",2,"C2"
"Zm00001eb328720",2,"C2"
"Zm00001eb310870",2,"C2"
"Zm00001eb318020",2,"C2"
"Zm00001eb307250",6,"C1"
"Zm00001eb312000",2,"C2"
"Zm00001eb302650",6,"C1"
"Zm00001eb318340",6,"C1"
"Zm00001eb324450",3,"C4"
"Zm00001eb320210",2,"C2"
"Zm00001eb306360",2,"C2"
"Zm00001eb298660",2,"C2"
"Zm00001eb314710",2,"C2"
"Zm00001eb306990",2,"C2"
"Zm00001eb321450",1,"C7"
"Zm00001eb317380",5,"C5"
"Zm00001eb308770",2,"C2"
"Zm00001eb307790",3,"C4"
"Zm00001eb315780",2,"C2"
"Zm00001eb321670",1,"C7"
"Zm00001eb326710",2,"C2"
"Zm00001eb324720",3,"C4"
"Zm00001eb326590",6,"C1"
"Zm00001eb307410",6,"C1"
"Zm00001eb324200",6,"C1"
"Zm00001eb331270",3,"C4"
"Zm00001eb331760",5,"C5"
"Zm00001eb301890",2,"C2"
"Zm00001eb314160",4,"C3"
"Zm00001eb320990",2,"C2"
"Zm00001eb319770",4,"C3"
"Zm00001eb320180",3,"C4"
"Zm00001eb323180",3,"C4"
"Zm00001eb315130",7,"C6"
"Zm00001eb322240",3,"C4"
"Zm00001eb327870",2,"C2"
"Zm00001eb330470",2,"C2"
"Zm00001eb321320",3,"C4"
"Zm00001eb304020",3,"C4"
"Zm00001eb297980",2,"C2"
"Zm00001eb306980",5,"C5"
"Zm00001eb298490",6,"C1"
"Zm00001eb331920",2,"C2"
"Zm00001eb320340",6,"C1"
"Zm00001eb299080",2,"C2"
"Zm00001eb324300",2,"C2"
"Zm00001eb311700",2,"C2"
"Zm00001eb310170",6,"C1"
"Zm00001eb306520",5,"C5"
"Zm00001eb306890",2,"C2"
"Zm00001eb304590",2,"C2"
"Zm00001eb311460",6,"C1"
"Zm00001eb329830",2,"C2"
"Zm00001eb310930",2,"C2"
"Zm00001eb301310",2,"C2"
"Zm00001eb299230",2,"C2"
"Zm00001eb312940",2,"C2"
"Zm00001eb315170",7,"C6"
"Zm00001eb317080",7,"C6"
"Zm00001eb324430",5,"C5"
"Zm00001eb307650",7,"C6"
"Zm00001eb317710",7,"C6"
"Zm00001eb326720",3,"C4"
"Zm00001eb313300",2,"C2"
"Zm00001eb331140",3,"C4"
"Zm00001eb328990",2,"C2"
"Zm00001eb327770",2,"C2"
"Zm00001eb301470",5,"C5"
"Zm00001eb317940",2,"C2"
"Zm00001eb327000",5,"C5"
"Zm00001eb327160",7,"C6"
"Zm00001eb309910",1,"C7"
"Zm00001eb306220",2,"C2"
"Zm00001eb300960",7,"C6"
"Zm00001eb303110",7,"C6"
"Zm00001eb325430",6,"C1"
"Zm00001eb331850",2,"C2"
"Zm00001eb305550",5,"C5"
"Zm00001eb327420",2,"C2"
"Zm00001eb326850",7,"C6"
"Zm00001eb321740",6,"C1"
"Zm00001eb312350",5,"C5"
"Zm00001eb318800",3,"C4"
"Zm00001eb329440",6,"C1"
"Zm00001eb330340",2,"C2"
"Zm00001eb304410",3,"C4"
"Zm00001eb317420",2,"C2"
"Zm00001eb302670",2,"C2"
"Zm00001eb321350",3,"C4"
"Zm00001eb300870",2,"C2"
"Zm00001eb303540",2,"C2"
"Zm00001eb318310",2,"C2"
"Zm00001eb306000",3,"C4"
"Zm00001eb325570",3,"C4"
"Zm00001eb330720",2,"C2"
"Zm00001eb311000",6,"C1"
"Zm00001eb324270",7,"C6"
"Zm00001eb330790",2,"C2"
"Zm00001eb303730",2,"C2"
"Zm00001eb306070",1,"C7"
"Zm00001eb329800",2,"C2"
"Zm00001eb311940",5,"C5"
"Zm00001eb306310",3,"C4"
"Zm00001eb298150",7,"C6"
"Zm00001eb326530",2,"C2"
"Zm00001eb302520",2,"C2"
"Zm00001eb327610",3,"C4"
"Zm00001eb314820",6,"C1"
"Zm00001eb327830",2,"C2"
"Zm00001eb320100",3,"C4"
"Zm00001eb299970",6,"C1"
"Zm00001eb322280",2,"C2"
"Zm00001eb317180",2,"C2"
"Zm00001eb309960",2,"C2"
"Zm00001eb301210",7,"C6"
"Zm00001eb313950",5,"C5"
"Zm00001eb332050",1,"C7"
"Zm00001eb323050",5,"C5"
"Zm00001eb304330",2,"C2"
"Zm00001eb328420",2,"C2"
"Zm00001eb304520",1,"C7"
"Zm00001eb329420",3,"C4"
"Zm00001eb302950",2,"C2"
"Zm00001eb329190",2,"C2"
"Zm00001eb312830",3,"C4"
"Zm00001eb317470",3,"C4"
"Zm00001eb321000",2,"C2"
"Zm00001eb311260",3,"C4"
"Zm00001eb301070",2,"C2"
"Zm00001eb329970",2,"C2"
"Zm00001eb324490",2,"C2"
"Zm00001eb331580",2,"C2"
"Zm00001eb326020",2,"C2"
"Zm00001eb299550",5,"C5"
"Zm00001eb303530",2,"C2"
"Zm00001eb327980",6,"C1"
"Zm00001eb301150",7,"C6"
"Zm00001eb328070",3,"C4"
"Zm00001eb303190",1,"C7"
"Zm00001eb322050",2,"C2"
"Zm00001eb312190",2,"C2"
"Zm00001eb317330",6,"C1"
"Zm00001eb302980",3,"C4"
"Zm00001eb298350",3,"C4"
"Zm00001eb306620",6,"C1"
"Zm00001eb331360",5,"C5"
"Zm00001eb303830",7,"C6"
"Zm00001eb309070",2,"C2"
"Zm00001eb326820",2,"C2"
"Zm00001eb331550",3,"C4"
"Zm00001eb306900",6,"C1"
"Zm00001eb324600",1,"C7"
"Zm00001eb301170",4,"C3"
"Zm00001eb320590",3,"C4"
"Zm00001eb322560",2,"C2"
"Zm00001eb323490",2,"C2"
"Zm00001eb310290",6,"C1"
"Zm00001eb304170",3,"C4"
"Zm00001eb311450",5,"C5"
"Zm00001eb322860",2,"C2"
"Zm00001eb314260",5,"C5"
"Zm00001eb311090",3,"C4"
"Zm00001eb303700",2,"C2"
"Zm00001eb324990",2,"C2"
"Zm00001eb300350",3,"C4"
"Zm00001eb300480",7,"C6"
"Zm00001eb298940",3,"C4"
"Zm00001eb316990",7,"C6"
"Zm00001eb331350",2,"C2"
"Zm00001eb323100",7,"C6"
"Zm00001eb301540",2,"C2"
"Zm00001eb331400",6,"C1"
"Zm00001eb301850",2,"C2"
"Zm00001eb318870",6,"C1"
"Zm00001eb329570",2,"C2"
"Zm00001eb300680",2,"C2"
"Zm00001eb322450",5,"C5"
"Zm00001eb327130",2,"C2"
"Zm00001eb323620",7,"C6"
"Zm00001eb319740",2,"C2"
"Zm00001eb313980",6,"C1"
"Zm00001eb329960",2,"C2"
"Zm00001eb313820",2,"C2"
"Zm00001eb322540",2,"C2"
"Zm00001eb314630",3,"C4"
"Zm00001eb310990",7,"C6"
"Zm00001eb317140",2,"C2"
"Zm00001eb310400",6,"C1"
"Zm00001eb328980",2,"C2"
"Zm00001eb332040",6,"C1"
"Zm00001eb298090",2,"C2"
"Zm00001eb329760",2,"C2"
"Zm00001eb307330",2,"C2"
"Zm00001eb308440",6,"C1"
"Zm00001eb316260",2,"C2"
"Zm00001eb314500",2,"C2"
"Zm00001eb314860",6,"C1"
"Zm00001eb309590",6,"C1"
"Zm00001eb315530",6,"C1"
"Zm00001eb318370",6,"C1"
"Zm00001eb303910",2,"C2"
"Zm00001eb329280",5,"C5"
"Zm00001eb323790",5,"C5"
"Zm00001eb345510",2,"C2"
"Zm00001eb338570",6,"C1"
"Zm00001eb336250",7,"C6"
"Zm00001eb359720",3,"C4"
"Zm00001eb360570",5,"C5"
"Zm00001eb366820",6,"C1"
"Zm00001eb343850",3,"C4"
"Zm00001eb371270",2,"C2"
"Zm00001eb365590",6,"C1"
"Zm00001eb356140",2,"C2"
"Zm00001eb343620",5,"C5"
"Zm00001eb337510",2,"C2"
"Zm00001eb364820",3,"C4"
"Zm00001eb333540",6,"C1"
"Zm00001eb358720",3,"C4"
"Zm00001eb360190",1,"C7"
"Zm00001eb353180",7,"C6"
"Zm00001eb362190",3,"C4"
"Zm00001eb364370",2,"C2"
"Zm00001eb365680",7,"C6"
"Zm00001eb349040",3,"C4"
"Zm00001eb334100",2,"C2"
"Zm00001eb345230",6,"C1"
"Zm00001eb367650",7,"C6"
"Zm00001eb340900",2,"C2"
"Zm00001eb350340",2,"C2"
"Zm00001eb342510",2,"C2"
"Zm00001eb347150",3,"C4"
"Zm00001eb339000",2,"C2"
"Zm00001eb346120",3,"C4"
"Zm00001eb363100",7,"C6"
"Zm00001eb354280",2,"C2"
"Zm00001eb352310",2,"C2"
"Zm00001eb363960",7,"C6"
"Zm00001eb369690",2,"C2"
"Zm00001eb369610",3,"C4"
"Zm00001eb368030",5,"C5"
"Zm00001eb367780",5,"C5"
"Zm00001eb351690",2,"C2"
"Zm00001eb370860",2,"C2"
"Zm00001eb337150",5,"C5"
"Zm00001eb338220",7,"C6"
"Zm00001eb357520",3,"C4"
"Zm00001eb370170",2,"C2"
"Zm00001eb340140",2,"C2"
"Zm00001eb360320",3,"C4"
"Zm00001eb370090",6,"C1"
"Zm00001eb335200",2,"C2"
"Zm00001eb355080",3,"C4"
"Zm00001eb356870",6,"C1"
"Zm00001eb370720",7,"C6"
"Zm00001eb369780",6,"C1"
"Zm00001eb358600",2,"C2"
"Zm00001eb369470",6,"C1"
"Zm00001eb358860",5,"C5"
"Zm00001eb370700",2,"C2"
"Zm00001eb348890",3,"C4"
"Zm00001eb365810",7,"C6"
"Zm00001eb371370",2,"C2"
"Zm00001eb342340",6,"C1"
"Zm00001eb333270",6,"C1"
"Zm00001eb359310",3,"C4"
"Zm00001eb366040",7,"C6"
"Zm00001eb337450",6,"C1"
"Zm00001eb361410",6,"C1"
"Zm00001eb354310",2,"C2"
"Zm00001eb356100",3,"C4"
"Zm00001eb353540",6,"C1"
"Zm00001eb369140",2,"C2"
"Zm00001eb357330",2,"C2"
"Zm00001eb371210",3,"C4"
"Zm00001eb332890",2,"C2"
"Zm00001eb370490",2,"C2"
"Zm00001eb337340",7,"C6"
"Zm00001eb360360",7,"C6"
"Zm00001eb358100",2,"C2"
"Zm00001eb368310",5,"C5"
"Zm00001eb336790",1,"C7"
"Zm00001eb350620",7,"C6"
"Zm00001eb345670",3,"C4"
"Zm00001eb357110",2,"C2"
"Zm00001eb358500",6,"C1"
"Zm00001eb354060",2,"C2"
"Zm00001eb336670",2,"C2"
"Zm00001eb340350",2,"C2"
"Zm00001eb335740",2,"C2"
"Zm00001eb350560",3,"C4"
"Zm00001eb365940",2,"C2"
"Zm00001eb370480",1,"C7"
"Zm00001eb356970",2,"C2"
"Zm00001eb342040",3,"C4"
"Zm00001eb369390",6,"C1"
"Zm00001eb334590",2,"C2"
"Zm00001eb355030",5,"C5"
"Zm00001eb345280",2,"C2"
"Zm00001eb367960",3,"C4"
"Zm00001eb337790",2,"C2"
"Zm00001eb362230",3,"C4"
"Zm00001eb361330",6,"C1"
"Zm00001eb344020",1,"C7"
"Zm00001eb360750",7,"C6"
"Zm00001eb334430",1,"C7"
"Zm00001eb343290",2,"C2"
"Zm00001eb333950",6,"C1"
"Zm00001eb336130",6,"C1"
"Zm00001eb348140",3,"C4"
"Zm00001eb336920",2,"C2"
"Zm00001eb356520",1,"C7"
"Zm00001eb341540",2,"C2"
"Zm00001eb333010",5,"C5"
"Zm00001eb366710",2,"C2"
"Zm00001eb354110",2,"C2"
"Zm00001eb367900",5,"C5"
"Zm00001eb365640",3,"C4"
"Zm00001eb361500",1,"C7"
"Zm00001eb347460",6,"C1"
"Zm00001eb354830",2,"C2"
"Zm00001eb348580",6,"C1"
"Zm00001eb358170",7,"C6"
"Zm00001eb359510",2,"C2"
"Zm00001eb350800",4,"C3"
"Zm00001eb332480",3,"C4"
"Zm00001eb369330",2,"C2"
"Zm00001eb357940",7,"C6"
"Zm00001eb352100",2,"C2"
"Zm00001eb357970",7,"C6"
"Zm00001eb351630",2,"C2"
"Zm00001eb346110",3,"C4"
"Zm00001eb341970",3,"C4"
"Zm00001eb338420",2,"C2"
"Zm00001eb364090",2,"C2"
"Zm00001eb357710",2,"C2"
"Zm00001eb368820",2,"C2"
"Zm00001eb357000",7,"C6"
"Zm00001eb363970",3,"C4"
"Zm00001eb365340",3,"C4"
"Zm00001eb340890",7,"C6"
"Zm00001eb339450",2,"C2"
"Zm00001eb362000",2,"C2"
"Zm00001eb370990",7,"C6"
"Zm00001eb339230",2,"C2"
"Zm00001eb356170",7,"C6"
"Zm00001eb367930",3,"C4"
"Zm00001eb346910",3,"C4"
"Zm00001eb365390",3,"C4"
"Zm00001eb351060",6,"C1"
"Zm00001eb340670",3,"C4"
"Zm00001eb337650",6,"C1"
"Zm00001eb352030",2,"C2"
"Zm00001eb360500",2,"C2"
"Zm00001eb337800",2,"C2"
"Zm00001eb342500",5,"C5"
"Zm00001eb361120",3,"C4"
"Zm00001eb355240",7,"C6"
"Zm00001eb336750",5,"C5"
"Zm00001eb334840",6,"C1"
"Zm00001eb358290",2,"C2"
"Zm00001eb359660",3,"C4"
"Zm00001eb370370",3,"C4"
"Zm00001eb358270",4,"C3"
"Zm00001eb332700",5,"C5"
"Zm00001eb350390",5,"C5"
"Zm00001eb360650",3,"C4"
"Zm00001eb370620",7,"C6"
"Zm00001eb368060",7,"C6"
"Zm00001eb335800",6,"C1"
"Zm00001eb359080",2,"C2"
"Zm00001eb353450",3,"C4"
"Zm00001eb368990",7,"C6"
"Zm00001eb332570",6,"C1"
"Zm00001eb370130",2,"C2"
"Zm00001eb345070",2,"C2"
"Zm00001eb350710",5,"C5"
"Zm00001eb366560",6,"C1"
"Zm00001eb347660",1,"C7"
"Zm00001eb358460",6,"C1"
"Zm00001eb354730",2,"C2"
"Zm00001eb353840",7,"C6"
"Zm00001eb345350",2,"C2"
"Zm00001eb343390",2,"C2"
"Zm00001eb350030",3,"C4"
"Zm00001eb332150",3,"C4"
"Zm00001eb364660",2,"C2"
"Zm00001eb361750",2,"C2"
"Zm00001eb361140",6,"C1"
"Zm00001eb356300",5,"C5"
"Zm00001eb370440",6,"C1"
"Zm00001eb349080",7,"C6"
"Zm00001eb371100",2,"C2"
"Zm00001eb360070",2,"C2"
"Zm00001eb337970",5,"C5"
"Zm00001eb365870",1,"C7"
"Zm00001eb345740",7,"C6"
"Zm00001eb341650",2,"C2"
"Zm00001eb363430",1,"C7"
"Zm00001eb340410",3,"C4"
"Zm00001eb347770",2,"C2"
"Zm00001eb354520",6,"C1"
"Zm00001eb359210",6,"C1"
"Zm00001eb351910",5,"C5"
"Zm00001eb354610",2,"C2"
"Zm00001eb334140",1,"C7"
"Zm00001eb370410",2,"C2"
"Zm00001eb356130",5,"C5"
"Zm00001eb352850",6,"C1"
"Zm00001eb365000",2,"C2"
"Zm00001eb336450",3,"C4"
"Zm00001eb342350",2,"C2"
"Zm00001eb362420",6,"C1"
"Zm00001eb337020",3,"C4"
"Zm00001eb348670",2,"C2"
"Zm00001eb369560",6,"C1"
"Zm00001eb366890",3,"C4"
"Zm00001eb334390",2,"C2"
"Zm00001eb343250",2,"C2"
"Zm00001eb337600",2,"C2"
"Zm00001eb341940",2,"C2"
"Zm00001eb338780",2,"C2"
"Zm00001eb336420",6,"C1"
"Zm00001eb333140",3,"C4"
"Zm00001eb332860",2,"C2"
"Zm00001eb358630",2,"C2"
"Zm00001eb337830",5,"C5"
"Zm00001eb362410",3,"C4"
"Zm00001eb362250",6,"C1"
"Zm00001eb349800",2,"C2"
"Zm00001eb347110",6,"C1"
"Zm00001eb360880",2,"C2"
"Zm00001eb351120",2,"C2"
"Zm00001eb370580",2,"C2"
"Zm00001eb350830",5,"C5"
"Zm00001eb355980",1,"C7"
"Zm00001eb354100",3,"C4"
"Zm00001eb344160",3,"C4"
"Zm00001eb348690",2,"C2"
"Zm00001eb368380",7,"C6"
"Zm00001eb336160",2,"C2"
"Zm00001eb347020",6,"C1"
"Zm00001eb343520",6,"C1"
"Zm00001eb363310",2,"C2"
"Zm00001eb356330",2,"C2"
"Zm00001eb336580",1,"C7"
"Zm00001eb342240",6,"C1"
"Zm00001eb365790",7,"C6"
"Zm00001eb339500",5,"C5"
"Zm00001eb358220",6,"C1"
"Zm00001eb371250",6,"C1"
"Zm00001eb336470",6,"C1"
"Zm00001eb361970",2,"C2"
"Zm00001eb348740",5,"C5"
"Zm00001eb359500",3,"C4"
"Zm00001eb352390",5,"C5"
"Zm00001eb357790",2,"C2"
"Zm00001eb359440",6,"C1"
"Zm00001eb358930",3,"C4"
"Zm00001eb334210",7,"C6"
"Zm00001eb348710",3,"C4"
"Zm00001eb368970",5,"C5"
"Zm00001eb336700",7,"C6"
"Zm00001eb355840",6,"C1"
"Zm00001eb337350",2,"C2"
"Zm00001eb332510",3,"C4"
"Zm00001eb338880",6,"C1"
"Zm00001eb369320",1,"C7"
"Zm00001eb360620",6,"C1"
"Zm00001eb369240",2,"C2"
"Zm00001eb368100",3,"C4"
"Zm00001eb353700",2,"C2"
"Zm00001eb366990",6,"C1"
"Zm00001eb356420",2,"C2"
"Zm00001eb335860",2,"C2"
"Zm00001eb332950",2,"C2"
"Zm00001eb335090",3,"C4"
"Zm00001eb333860",6,"C1"
"Zm00001eb366950",5,"C5"
"Zm00001eb334480",2,"C2"
"Zm00001eb334280",2,"C2"
"Zm00001eb351310",6,"C1"
"Zm00001eb360590",7,"C6"
"Zm00001eb339890",2,"C2"
"Zm00001eb337700",7,"C6"
"Zm00001eb358730",3,"C4"
"Zm00001eb367130",2,"C2"
"Zm00001eb343050",2,"C2"
"Zm00001eb369700",5,"C5"
"Zm00001eb355420",5,"C5"
"Zm00001eb332630",1,"C7"
"Zm00001eb346980",5,"C5"
"Zm00001eb352950",2,"C2"
"Zm00001eb343950",5,"C5"
"Zm00001eb366930",2,"C2"
"Zm00001eb366090",2,"C2"
"Zm00001eb342670",6,"C1"
"Zm00001eb339040",2,"C2"
"Zm00001eb360090",3,"C4"
"Zm00001eb359370",3,"C4"
"Zm00001eb364110",3,"C4"
"Zm00001eb333130",6,"C1"
"Zm00001eb364960",6,"C1"
"Zm00001eb343440",3,"C4"
"Zm00001eb357530",2,"C2"
"Zm00001eb339300",7,"C6"
"Zm00001eb361990",3,"C4"
"Zm00001eb345110",3,"C4"
"Zm00001eb367660",2,"C2"
"Zm00001eb348980",6,"C1"
"Zm00001eb348390",6,"C1"
"Zm00001eb349640",2,"C2"
"Zm00001eb350740",3,"C4"
"Zm00001eb358430",7,"C6"
"Zm00001eb342010",3,"C4"
"Zm00001eb339080",3,"C4"
"Zm00001eb341680",6,"C1"
"Zm00001eb354890",2,"C2"
"Zm00001eb364730",5,"C5"
"Zm00001eb359730",3,"C4"
"Zm00001eb352920",5,"C5"
"Zm00001eb354850",2,"C2"
"Zm00001eb344790",2,"C2"
"Zm00001eb351230",3,"C4"
"Zm00001eb340940",2,"C2"
"Zm00001eb347070",3,"C4"
"Zm00001eb350970",2,"C2"
"Zm00001eb342970",5,"C5"
"Zm00001eb353070",6,"C1"
"Zm00001eb364580",2,"C2"
"Zm00001eb371000",3,"C4"
"Zm00001eb362240",7,"C6"
"Zm00001eb352860",3,"C4"
"Zm00001eb345660",3,"C4"
"Zm00001eb358210",2,"C2"
"Zm00001eb360690",3,"C4"
"Zm00001eb364280",2,"C2"
"Zm00001eb365820",6,"C1"
"Zm00001eb340370",7,"C6"
"Zm00001eb336490",5,"C5"
"Zm00001eb344900",6,"C1"
"Zm00001eb337900",3,"C4"
"Zm00001eb338680",3,"C4"
"Zm00001eb333570",7,"C6"
"Zm00001eb344230",2,"C2"
"Zm00001eb340490",7,"C6"
"Zm00001eb351930",6,"C1"
"Zm00001eb345460",3,"C4"
"Zm00001eb335210",7,"C6"
"Zm00001eb355010",2,"C2"
"Zm00001eb347530",3,"C4"
"Zm00001eb346150",7,"C6"
"Zm00001eb352220",7,"C6"
"Zm00001eb370120",2,"C2"
"Zm00001eb356860",3,"C4"
"Zm00001eb354420",7,"C6"
"Zm00001eb366330",2,"C2"
"Zm00001eb367740",6,"C1"
"Zm00001eb368890",5,"C5"
"Zm00001eb333170",5,"C5"
"Zm00001eb354360",2,"C2"
"Zm00001eb347780",6,"C1"
"Zm00001eb365200",7,"C6"
"Zm00001eb334260",2,"C2"
"Zm00001eb337050",6,"C1"
"Zm00001eb356500",2,"C2"
"Zm00001eb348480",6,"C1"
"Zm00001eb342360",7,"C6"
"Zm00001eb343900",1,"C7"
"Zm00001eb339850",1,"C7"
"Zm00001eb362300",2,"C2"
"Zm00001eb352130",2,"C2"
"Zm00001eb332290",3,"C4"
"Zm00001eb346940",6,"C1"
"Zm00001eb369190",6,"C1"
"Zm00001eb334070",1,"C7"
"Zm00001eb339070",2,"C2"
"Zm00001eb347730",3,"C4"
"Zm00001eb341670",3,"C4"
"Zm00001eb361180",6,"C1"
"Zm00001eb353740",2,"C2"
"Zm00001eb359850",7,"C6"
"Zm00001eb361220",2,"C2"
"Zm00001eb338020",2,"C2"
"Zm00001eb357840",7,"C6"
"Zm00001eb344090",6,"C1"
"Zm00001eb365570",3,"C4"
"Zm00001eb349830",2,"C2"
"Zm00001eb343610",6,"C1"
"Zm00001eb365100",2,"C2"
"Zm00001eb366290",7,"C6"
"Zm00001eb356540",2,"C2"
"Zm00001eb343680",7,"C6"
"Zm00001eb339970",7,"C6"
"Zm00001eb357620",2,"C2"
"Zm00001eb351830",5,"C5"
"Zm00001eb347000",6,"C1"
"Zm00001eb362660",3,"C4"
"Zm00001eb332780",5,"C5"
"Zm00001eb365610",2,"C2"
"Zm00001eb359140",7,"C6"
"Zm00001eb366030",3,"C4"
"Zm00001eb369070",2,"C2"
"Zm00001eb361450",2,"C2"
"Zm00001eb333980",2,"C2"
"Zm00001eb362540",6,"C1"
"Zm00001eb343980",2,"C2"
"Zm00001eb366460",6,"C1"
"Zm00001eb351750",3,"C4"
"Zm00001eb335790",3,"C4"
"Zm00001eb356910",1,"C7"
"Zm00001eb349240",6,"C1"
"Zm00001eb338610",2,"C2"
"Zm00001eb352700",1,"C7"
"Zm00001eb358410",6,"C1"
"Zm00001eb359840",6,"C1"
"Zm00001eb335830",2,"C2"
"Zm00001eb363580",6,"C1"
"Zm00001eb361390",6,"C1"
"Zm00001eb332720",3,"C4"
"Zm00001eb351270",2,"C2"
"Zm00001eb347680",2,"C2"
"Zm00001eb363120",5,"C5"
"Zm00001eb337210",2,"C2"
"Zm00001eb332930",5,"C5"
"Zm00001eb366810",7,"C6"
"Zm00001eb332210",5,"C5"
"Zm00001eb353560",7,"C6"
"Zm00001eb350500",2,"C2"
"Zm00001eb347850",1,"C7"
"Zm00001eb344740",6,"C1"
"Zm00001eb362590",2,"C2"
"Zm00001eb352990",2,"C2"
"Zm00001eb341250",6,"C1"
"Zm00001eb357440",2,"C2"
"Zm00001eb355820",3,"C4"
"Zm00001eb365780",3,"C4"
"Zm00001eb353960",7,"C6"
"Zm00001eb361600",2,"C2"
"Zm00001eb354270",7,"C6"
"Zm00001eb333500",2,"C2"
"Zm00001eb336090",7,"C6"
"Zm00001eb368360",3,"C4"
"Zm00001eb334060",6,"C1"
"Zm00001eb342230",6,"C1"
"Zm00001eb356710",2,"C2"
"Zm00001eb356320",7,"C6"
"Zm00001eb366850",3,"C4"
"Zm00001eb363940",5,"C5"
"Zm00001eb366200",5,"C5"
"Zm00001eb364480",3,"C4"
"Zm00001eb338300",3,"C4"
"Zm00001eb361870",3,"C4"
"Zm00001eb370530",3,"C4"
"Zm00001eb356280",7,"C6"
"Zm00001eb356880",6,"C1"
"Zm00001eb368330",3,"C4"
"Zm00001eb368980",2,"C2"
"Zm00001eb355170",6,"C1"
"Zm00001eb357090",3,"C4"
"Zm00001eb361900",6,"C1"
"Zm00001eb336310",2,"C2"
"Zm00001eb357340",2,"C2"
"Zm00001eb333320",2,"C2"
"Zm00001eb332190",6,"C1"
"Zm00001eb360340",6,"C1"
"Zm00001eb353270",3,"C4"
"Zm00001eb361260",5,"C5"
"Zm00001eb338450",3,"C4"
"Zm00001eb351790",6,"C1"
"Zm00001eb336850",3,"C4"
"Zm00001eb363200",5,"C5"
"Zm00001eb345540",7,"C6"
"Zm00001eb344300",4,"C3"
"Zm00001eb355740",7,"C6"
"Zm00001eb335850",2,"C2"
"Zm00001eb336890",2,"C2"
"Zm00001eb366080",5,"C5"
"Zm00001eb346810",3,"C4"
"Zm00001eb370460",6,"C1"
"Zm00001eb367970",3,"C4"
"Zm00001eb333940",7,"C6"
"Zm00001eb365710",2,"C2"
"Zm00001eb354940",2,"C2"
"Zm00001eb349090",6,"C1"
"Zm00001eb353460",3,"C4"
"Zm00001eb355540",2,"C2"
"Zm00001eb368390",2,"C2"
"Zm00001eb339240",7,"C6"
"Zm00001eb342690",6,"C1"
"Zm00001eb343270",7,"C6"
"Zm00001eb368220",5,"C5"
"Zm00001eb351010",3,"C4"
"Zm00001eb351870",3,"C4"
"Zm00001eb333870",2,"C2"
"Zm00001eb343580",3,"C4"
"Zm00001eb370790",3,"C4"
"Zm00001eb353140",5,"C5"
"Zm00001eb350820",1,"C7"
"Zm00001eb343670",2,"C2"
"Zm00001eb369310",7,"C6"
"Zm00001eb361980",2,"C2"
"Zm00001eb334170",3,"C4"
"Zm00001eb334080",2,"C2"
"Zm00001eb339310",3,"C4"
"Zm00001eb367670",3,"C4"
"Zm00001eb350650",3,"C4"
"Zm00001eb334940",2,"C2"
"Zm00001eb363750",2,"C2"
"Zm00001eb348750",2,"C2"
"Zm00001eb355850",3,"C4"
"Zm00001eb357920",3,"C4"
"Zm00001eb352960",3,"C4"
"Zm00001eb344700",2,"C2"
"Zm00001eb362030",7,"C6"
"Zm00001eb356090",6,"C1"
"Zm00001eb361710",2,"C2"
"Zm00001eb356410",2,"C2"
"Zm00001eb342840",5,"C5"
"Zm00001eb349330",6,"C1"
"Zm00001eb338980",3,"C4"
"Zm00001eb369250",2,"C2"
"Zm00001eb347480",2,"C2"
"Zm00001eb364310",7,"C6"
"Zm00001eb352080",6,"C1"
"Zm00001eb340870",3,"C4"
"Zm00001eb338800",1,"C7"
"Zm00001eb364290",6,"C1"
"Zm00001eb366660",3,"C4"
"Zm00001eb350630",2,"C2"
"Zm00001eb365410",7,"C6"
"Zm00001eb365530",5,"C5"
"Zm00001eb336990",1,"C7"
"Zm00001eb335080",1,"C7"
"Zm00001eb345200",2,"C2"
"Zm00001eb335510",2,"C2"
"Zm00001eb334820",2,"C2"
"Zm00001eb332960",2,"C2"
"Zm00001eb341630",7,"C6"
"Zm00001eb356840",6,"C1"
"Zm00001eb353590",1,"C7"
"Zm00001eb347540",7,"C6"
"Zm00001eb369510",2,"C2"
"Zm00001eb360120",3,"C4"
"Zm00001eb357390",7,"C6"
"Zm00001eb349200",2,"C2"
"Zm00001eb334470",6,"C1"
"Zm00001eb367810",2,"C2"
"Zm00001eb364940",2,"C2"
"Zm00001eb349880",3,"C4"
"Zm00001eb355670",7,"C6"
"Zm00001eb344070",7,"C6"
"Zm00001eb338040",6,"C1"
"Zm00001eb365850",2,"C2"
"Zm00001eb369050",2,"C2"
"Zm00001eb334930",6,"C1"
"Zm00001eb333150",2,"C2"
"Zm00001eb351740",7,"C6"
"Zm00001eb338260",3,"C4"
"Zm00001eb344850",7,"C6"
"Zm00001eb336270",6,"C1"
"Zm00001eb362350",2,"C2"
"Zm00001eb341220",7,"C6"
"Zm00001eb340080",2,"C2"
"Zm00001eb353390",3,"C4"
"Zm00001eb362110",3,"C4"
"Zm00001eb350700",6,"C1"
"Zm00001eb350870",2,"C2"
"Zm00001eb360160",2,"C2"
"Zm00001eb347090",6,"C1"
"Zm00001eb338920",2,"C2"
"Zm00001eb366320",6,"C1"
"Zm00001eb359800",6,"C1"
"Zm00001eb370560",2,"C2"
"Zm00001eb352870",2,"C2"
"Zm00001eb361610",7,"C6"
"Zm00001eb355020",3,"C4"
"Zm00001eb349110",7,"C6"
"Zm00001eb336660",5,"C5"
"Zm00001eb347050",7,"C6"
"Zm00001eb358420",2,"C2"
"Zm00001eb355290",2,"C2"
"Zm00001eb332820",3,"C4"
"Zm00001eb363740",2,"C2"
"Zm00001eb345130",2,"C2"
"Zm00001eb341290",3,"C4"
"Zm00001eb351400",6,"C1"
"Zm00001eb343470",2,"C2"
"Zm00001eb347320",2,"C2"
"Zm00001eb357490",6,"C1"
"Zm00001eb343320",2,"C2"
"Zm00001eb367170",2,"C2"
"Zm00001eb342330",6,"C1"
"Zm00001eb360350",6,"C1"
"Zm00001eb342640",6,"C1"
"Zm00001eb340320",2,"C2"
"Zm00001eb362830",3,"C4"
"Zm00001eb346680",2,"C2"
"Zm00001eb341840",5,"C5"
"Zm00001eb348660",2,"C2"
"Zm00001eb367310",3,"C4"
"Zm00001eb349030",2,"C2"
"Zm00001eb343030",7,"C6"
"Zm00001eb336390",3,"C4"
"Zm00001eb361010",5,"C5"
"Zm00001eb369130",1,"C7"
"Zm00001eb365190",3,"C4"
"Zm00001eb346800",1,"C7"
"Zm00001eb362600",6,"C1"
"Zm00001eb350510",2,"C2"
"Zm00001eb343340",2,"C2"
"Zm00001eb370210",6,"C1"
"Zm00001eb344140",3,"C4"
"Zm00001eb349520",7,"C6"
"Zm00001eb360520",2,"C2"
"Zm00001eb337140",2,"C2"
"Zm00001eb358310",3,"C4"
"Zm00001eb350000",6,"C1"
"Zm00001eb353850",1,"C7"
"Zm00001eb359540",7,"C6"
"Zm00001eb361790",6,"C1"
"Zm00001eb345270",3,"C4"
"Zm00001eb339260",2,"C2"
"Zm00001eb349530",2,"C2"
"Zm00001eb370160",3,"C4"
"Zm00001eb357750",3,"C4"
"Zm00001eb346660",3,"C4"
"Zm00001eb370590",2,"C2"
"Zm00001eb340450",1,"C7"
"Zm00001eb338370",1,"C7"
"Zm00001eb340800",2,"C2"
"Zm00001eb342370",5,"C5"
"Zm00001eb343350",3,"C4"
"Zm00001eb348780",1,"C7"
"Zm00001eb333830",6,"C1"
"Zm00001eb339360",6,"C1"
"Zm00001eb366610",5,"C5"
"Zm00001eb362270",6,"C1"
"Zm00001eb368270",7,"C6"
"Zm00001eb362550",2,"C2"
"Zm00001eb361310",3,"C4"
"Zm00001eb370270",2,"C2"
"Zm00001eb336190",2,"C2"
"Zm00001eb358750",1,"C7"
"Zm00001eb333020",6,"C1"
"Zm00001eb340280",7,"C6"
"Zm00001eb351640",2,"C2"
"Zm00001eb353970",1,"C7"
"Zm00001eb344600",7,"C6"
"Zm00001eb342730",3,"C4"
"Zm00001eb365080",2,"C2"
"Zm00001eb340650",6,"C1"
"Zm00001eb338670",2,"C2"
"Zm00001eb371080",2,"C2"
"Zm00001eb342930",2,"C2"
"Zm00001eb339710",2,"C2"
"Zm00001eb350910",6,"C1"
"Zm00001eb354080",2,"C2"
"Zm00001eb344890",2,"C2"
"Zm00001eb334990",2,"C2"
"Zm00001eb361070",7,"C6"
"Zm00001eb365770",7,"C6"
"Zm00001eb363810",2,"C2"
"Zm00001eb347570",2,"C2"
"Zm00001eb360480",2,"C2"
"Zm00001eb370150",5,"C5"
"Zm00001eb363520",1,"C7"
"Zm00001eb354210",2,"C2"
"Zm00001eb362740",6,"C1"
"Zm00001eb359330",2,"C2"
"Zm00001eb357240",2,"C2"
"Zm00001eb367840",3,"C4"
"Zm00001eb346160",2,"C2"
"Zm00001eb344950",1,"C7"
"Zm00001eb351980",2,"C2"
"Zm00001eb363590",4,"C3"
"Zm00001eb357700",2,"C2"
"Zm00001eb338590",7,"C6"
"Zm00001eb369750",7,"C6"
"Zm00001eb333220",2,"C2"
"Zm00001eb354480",7,"C6"
"Zm00001eb348600",2,"C2"
"Zm00001eb346230",6,"C1"
"Zm00001eb336800",2,"C2"
"Zm00001eb345880",7,"C6"
"Zm00001eb367890",7,"C6"
"Zm00001eb366440",2,"C2"
"Zm00001eb370180",7,"C6"
"Zm00001eb351700",2,"C2"
"Zm00001eb347420",2,"C2"
"Zm00001eb351280",7,"C6"
"Zm00001eb358060",3,"C4"
"Zm00001eb342190",3,"C4"
"Zm00001eb339860",2,"C2"
"Zm00001eb353660",6,"C1"
"Zm00001eb335070",1,"C7"
"Zm00001eb357140",2,"C2"
"Zm00001eb345620",3,"C4"
"Zm00001eb356560",2,"C2"
"Zm00001eb342310",7,"C6"
"Zm00001eb368940",2,"C2"
"Zm00001eb336960",7,"C6"
"Zm00001eb349130",7,"C6"
"Zm00001eb360110",6,"C1"
"Zm00001eb364970",2,"C2"
"Zm00001eb334050",3,"C4"
"Zm00001eb346090",2,"C2"
"Zm00001eb362570",2,"C2"
"Zm00001eb370850",6,"C1"
"Zm00001eb369060",7,"C6"
"Zm00001eb368090",3,"C4"
"Zm00001eb365880",2,"C2"
"Zm00001eb355350",2,"C2"
"Zm00001eb368680",1,"C7"
"Zm00001eb339100",7,"C6"
"Zm00001eb347670",3,"C4"
"Zm00001eb354820",7,"C6"
"Zm00001eb334950",2,"C2"
"Zm00001eb365580",3,"C4"
"Zm00001eb336070",2,"C2"
"Zm00001eb368490",6,"C1"
"Zm00001eb363390",6,"C1"
"Zm00001eb348960",2,"C2"
"Zm00001eb363770",3,"C4"
"Zm00001eb358890",2,"C2"
"Zm00001eb342070",5,"C5"
"Zm00001eb363850",5,"C5"
"Zm00001eb363080",2,"C2"
"Zm00001eb343630",7,"C6"
"Zm00001eb342910",2,"C2"
"Zm00001eb360180",5,"C5"
"Zm00001eb353330",1,"C7"
"Zm00001eb350760",2,"C2"
"Zm00001eb349450",5,"C5"
"Zm00001eb365690",7,"C6"
"Zm00001eb361960",2,"C2"
"Zm00001eb362200",2,"C2"
"Zm00001eb362650",3,"C4"
"Zm00001eb366640",6,"C1"
"Zm00001eb337520",7,"C6"
"Zm00001eb353050",2,"C2"
"Zm00001eb350930",5,"C5"
"Zm00001eb347600",3,"C4"
"Zm00001eb332790",2,"C2"
"Zm00001eb359360",1,"C7"
"Zm00001eb355120",7,"C6"
"Zm00001eb348200",3,"C4"
"Zm00001eb350050",6,"C1"
"Zm00001eb352580",7,"C6"
"Zm00001eb370100",3,"C4"
"Zm00001eb337250",3,"C4"
"Zm00001eb369890",5,"C5"
"Zm00001eb356340",6,"C1"
"Zm00001eb335220",1,"C7"
"Zm00001eb358660",5,"C5"
"Zm00001eb368810",3,"C4"
"Zm00001eb355710",5,"C5"
"Zm00001eb346760",5,"C5"
"Zm00001eb349710",6,"C1"
"Zm00001eb358380",5,"C5"
"Zm00001eb339680",2,"C2"
"Zm00001eb368400",2,"C2"
"Zm00001eb332910",2,"C2"
"Zm00001eb342630",2,"C2"
"Zm00001eb335130",2,"C2"
"Zm00001eb342430",5,"C5"
"Zm00001eb333780",4,"C3"
"Zm00001eb335600",6,"C1"
"Zm00001eb363330",7,"C6"
"Zm00001eb364810",2,"C2"
"Zm00001eb338030",6,"C1"
"Zm00001eb360020",6,"C1"
"Zm00001eb333590",2,"C2"
"Zm00001eb353520",6,"C1"
"Zm00001eb332710",6,"C1"
"Zm00001eb357830",3,"C4"
"Zm00001eb339390",6,"C1"
"Zm00001eb358910",2,"C2"
"Zm00001eb335710",5,"C5"
"Zm00001eb341390",2,"C2"
"Zm00001eb351820",6,"C1"
"Zm00001eb370380",3,"C4"
"Zm00001eb354320",2,"C2"
"Zm00001eb360560",7,"C6"
"Zm00001eb364850",5,"C5"
"Zm00001eb359400",5,"C5"
"Zm00001eb344440",2,"C2"
"Zm00001eb366860",7,"C6"
"Zm00001eb369980",2,"C2"
"Zm00001eb360330",7,"C6"
"Zm00001eb352760",7,"C6"
"Zm00001eb368280",6,"C1"
"Zm00001eb366530",3,"C4"
"Zm00001eb340790",7,"C6"
"Zm00001eb370520",4,"C3"
"Zm00001eb359970",3,"C4"
"Zm00001eb347310",3,"C4"
"Zm00001eb332530",7,"C6"
"Zm00001eb340520",3,"C4"
"Zm00001eb361080",5,"C5"
"Zm00001eb364510",6,"C1"
"Zm00001eb350460",5,"C5"
"Zm00001eb337980",2,"C2"
"Zm00001eb359130",6,"C1"
"Zm00001eb365370",3,"C4"
"Zm00001eb367450",3,"C4"
"Zm00001eb354090",6,"C1"
"Zm00001eb362520",5,"C5"
"Zm00001eb343100",3,"C4"
"Zm00001eb347710",6,"C1"
"Zm00001eb366410",7,"C6"
"Zm00001eb355050",5,"C5"
"Zm00001eb355680",7,"C6"
"Zm00001eb365950",2,"C2"
"Zm00001eb368460",6,"C1"
"Zm00001eb359930",3,"C4"
"Zm00001eb342140",3,"C4"
"Zm00001eb333510",6,"C1"
"Zm00001eb352260",6,"C1"
"Zm00001eb360910",2,"C2"
"Zm00001eb342050",7,"C6"
"Zm00001eb368000",7,"C6"
"Zm00001eb338270",3,"C4"
"Zm00001eb352360",7,"C6"
"Zm00001eb368720",3,"C4"
"Zm00001eb349920",7,"C6"
"Zm00001eb334850",2,"C2"
"Zm00001eb337550",1,"C7"
"Zm00001eb356760",2,"C2"
"Zm00001eb334290",2,"C2"
"Zm00001eb370980",7,"C6"
"Zm00001eb362210",6,"C1"
"Zm00001eb334200",3,"C4"
"Zm00001eb332560",3,"C4"
"Zm00001eb367680",6,"C1"
"Zm00001eb333190",5,"C5"
"Zm00001eb357070",5,"C5"
"Zm00001eb344260",4,"C3"
"Zm00001eb345770",5,"C5"
"Zm00001eb334910",4,"C3"
"Zm00001eb341370",2,"C2"
"Zm00001eb363830",2,"C2"
"Zm00001eb354240",2,"C2"
"Zm00001eb354870",6,"C1"
"Zm00001eb347400",2,"C2"
"Zm00001eb365730",2,"C2"
"Zm00001eb359090",6,"C1"
"Zm00001eb364910",3,"C4"
"Zm00001eb360100",1,"C7"
"Zm00001eb358080",3,"C4"
"Zm00001eb349360",7,"C6"
"Zm00001eb335880",7,"C6"
"Zm00001eb359610",7,"C6"
"Zm00001eb338280",2,"C2"
"Zm00001eb361490",7,"C6"
"Zm00001eb342880",6,"C1"
"Zm00001eb351330",3,"C4"
"Zm00001eb334130",2,"C2"
"Zm00001eb340720",7,"C6"
"Zm00001eb356360",2,"C2"
"Zm00001eb342490",3,"C4"
"Zm00001eb348450",5,"C5"
"Zm00001eb350430",5,"C5"
"Zm00001eb369540",2,"C2"
"Zm00001eb369950",3,"C4"
"Zm00001eb340170",3,"C4"
"Zm00001eb354250",6,"C1"
"Zm00001eb332520",6,"C1"
"Zm00001eb356780",6,"C1"
"Zm00001eb367770",3,"C4"
"Zm00001eb369800",3,"C4"
"Zm00001eb355620",3,"C4"
"Zm00001eb361150",2,"C2"
"Zm00001eb352800",2,"C2"
"Zm00001eb360170",3,"C4"
"Zm00001eb355110",2,"C2"
"Zm00001eb332340",6,"C1"
"Zm00001eb352410",2,"C2"
"Zm00001eb349480",2,"C2"
"Zm00001eb349670",6,"C1"
"Zm00001eb364750",2,"C2"
"Zm00001eb347080",5,"C5"
"Zm00001eb356460",7,"C6"
"Zm00001eb339480",3,"C4"
"Zm00001eb359420",6,"C1"
"Zm00001eb335340",2,"C2"
"Zm00001eb344620",2,"C2"
"Zm00001eb368510",7,"C6"
"Zm00001eb343460",2,"C2"
"Zm00001eb348180",6,"C1"
"Zm00001eb364010",2,"C2"
"Zm00001eb353760",5,"C5"
"Zm00001eb335590",7,"C6"
"Zm00001eb343200",6,"C1"
"Zm00001eb346900",6,"C1"
"Zm00001eb371300",6,"C1"
"Zm00001eb361760",3,"C4"
"Zm00001eb348760",6,"C1"
"Zm00001eb369670",6,"C1"
"Zm00001eb356210",2,"C2"
"Zm00001eb367110",6,"C1"
"Zm00001eb359430",2,"C2"
"Zm00001eb348770",2,"C2"
"Zm00001eb345420",2,"C2"
"Zm00001eb362010",3,"C4"
"Zm00001eb360960",5,"C5"
"Zm00001eb334740",6,"C1"
"Zm00001eb360030",7,"C6"
"Zm00001eb370030",2,"C2"
"Zm00001eb338460",7,"C6"
"Zm00001eb371240",3,"C4"
"Zm00001eb363860",2,"C2"
"Zm00001eb370670",2,"C2"
"Zm00001eb358300",3,"C4"
"Zm00001eb336460",3,"C4"
"Zm00001eb334790",3,"C4"
"Zm00001eb335330",2,"C2"
"Zm00001eb334960",7,"C6"
"Zm00001eb355660",6,"C1"
"Zm00001eb341310",2,"C2"
"Zm00001eb347490",2,"C2"
"Zm00001eb357900",2,"C2"
"Zm00001eb334240",2,"C2"
"Zm00001eb355580",2,"C2"
"Zm00001eb357510",6,"C1"
"Zm00001eb347260",6,"C1"
"Zm00001eb357770",3,"C4"
"Zm00001eb350920",3,"C4"
"Zm00001eb364040",3,"C4"
"Zm00001eb365760",6,"C1"
"Zm00001eb354530",3,"C4"
"Zm00001eb370810",2,"C2"
"Zm00001eb344820",1,"C7"
"Zm00001eb351300",2,"C2"
"Zm00001eb366360",5,"C5"
"Zm00001eb360610",1,"C7"
"Zm00001eb344210",6,"C1"
"Zm00001eb337840",6,"C1"
"Zm00001eb349870",1,"C7"
"Zm00001eb352240",2,"C2"
"Zm00001eb335570",7,"C6"
"Zm00001eb358050",7,"C6"
"Zm00001eb332660",6,"C1"
"Zm00001eb334800",2,"C2"
"Zm00001eb357210",2,"C2"
"Zm00001eb369960",3,"C4"
"Zm00001eb342320",1,"C7"
"Zm00001eb356450",2,"C2"
"Zm00001eb345630",2,"C2"
"Zm00001eb370290",1,"C7"
"Zm00001eb355990",1,"C7"
"Zm00001eb351100",2,"C2"
"Zm00001eb337010",2,"C2"
"Zm00001eb368700",3,"C4"
"Zm00001eb341010",7,"C6"
"Zm00001eb342660",2,"C2"
"Zm00001eb371110",2,"C2"
"Zm00001eb348990",2,"C2"
"Zm00001eb339290",2,"C2"
"Zm00001eb363070",2,"C2"
"Zm00001eb335650",2,"C2"
"Zm00001eb351220",3,"C4"
"Zm00001eb353800",3,"C4"
"Zm00001eb333620",3,"C4"
"Zm00001eb339090",6,"C1"
"Zm00001eb342620",2,"C2"
"Zm00001eb364210",6,"C1"
"Zm00001eb343490",5,"C5"
"Zm00001eb364920",4,"C3"
"Zm00001eb353080",2,"C2"
"Zm00001eb344760",5,"C5"
"Zm00001eb351380",6,"C1"
"Zm00001eb362090",2,"C2"
"Zm00001eb360390",2,"C2"
"Zm00001eb363470",7,"C6"
"Zm00001eb345900",5,"C5"
"Zm00001eb340400",2,"C2"
"Zm00001eb359760",6,"C1"
"Zm00001eb344490",2,"C2"
"Zm00001eb355140",7,"C6"
"Zm00001eb356650",6,"C1"
"Zm00001eb361880",6,"C1"
"Zm00001eb336480",6,"C1"
"Zm00001eb357310",7,"C6"
"Zm00001eb346580",7,"C6"
"Zm00001eb333800",6,"C1"
"Zm00001eb359780",2,"C2"
"Zm00001eb346210",2,"C2"
"Zm00001eb342290",6,"C1"
"Zm00001eb366970",3,"C4"
"Zm00001eb342960",2,"C2"
"Zm00001eb365990",5,"C5"
"Zm00001eb357050",2,"C2"
"Zm00001eb354560",2,"C2"
"Zm00001eb356390",7,"C6"
"Zm00001eb356260",2,"C2"
"Zm00001eb363280",6,"C1"
"Zm00001eb345610",5,"C5"
"Zm00001eb367300",3,"C4"
"Zm00001eb351610",2,"C2"
"Zm00001eb337930",3,"C4"
"Zm00001eb333760",2,"C2"
"Zm00001eb345890",6,"C1"
"Zm00001eb348550",2,"C2"
"Zm00001eb368420",2,"C2"
"Zm00001eb367410",2,"C2"
"Zm00001eb357740",1,"C7"
"Zm00001eb366470",3,"C4"
"Zm00001eb362490",2,"C2"
"Zm00001eb360540",2,"C2"
"Zm00001eb332830",2,"C2"
"Zm00001eb356610",2,"C2"
"Zm00001eb361030",6,"C1"
"Zm00001eb354230",7,"C6"
"Zm00001eb356000",7,"C6"
"Zm00001eb334150",2,"C2"
"Zm00001eb353870",6,"C1"
"Zm00001eb365210",2,"C2"
"Zm00001eb345650",6,"C1"
"Zm00001eb360250",6,"C1"
"Zm00001eb340850",6,"C1"
"Zm00001eb345170",2,"C2"
"Zm00001eb357960",2,"C2"
"Zm00001eb361210",2,"C2"
"Zm00001eb363820",7,"C6"
"Zm00001eb349160",7,"C6"
"Zm00001eb339940",7,"C6"
"Zm00001eb335930",2,"C2"
"Zm00001eb340460",6,"C1"
"Zm00001eb359650",3,"C4"
"Zm00001eb336810",5,"C5"
"Zm00001eb348150",6,"C1"
"Zm00001eb335690",5,"C5"
"Zm00001eb343660",2,"C2"
"Zm00001eb336280",2,"C2"
"Zm00001eb360010",3,"C4"
"Zm00001eb358690",2,"C2"
"Zm00001eb364260",2,"C2"
"Zm00001eb344910",5,"C5"
"Zm00001eb359560",2,"C2"
"Zm00001eb341150",2,"C2"
"Zm00001eb368920",5,"C5"
"Zm00001eb352560",3,"C4"
"Zm00001eb333990",2,"C2"
"Zm00001eb365600",2,"C2"
"Zm00001eb357570",2,"C2"
"Zm00001eb350120",3,"C4"
"Zm00001eb346140",6,"C1"
"Zm00001eb351960",2,"C2"
"Zm00001eb369650",3,"C4"
"Zm00001eb344150",3,"C4"
"Zm00001eb342700",2,"C2"
"Zm00001eb369730",2,"C2"
"Zm00001eb363160",6,"C1"
"Zm00001eb369900",2,"C2"
"Zm00001eb348230",6,"C1"
"Zm00001eb334330",3,"C4"
"Zm00001eb367730",7,"C6"
"Zm00001eb365180",6,"C1"
"Zm00001eb357260",6,"C1"
"Zm00001eb334350",2,"C2"
"Zm00001eb353940",2,"C2"
"Zm00001eb354190",2,"C2"
"Zm00001eb347610",2,"C2"
"Zm00001eb360440",2,"C2"
"Zm00001eb337390",5,"C5"
"Zm00001eb344750",2,"C2"
"Zm00001eb368290",1,"C7"
"Zm00001eb361590",6,"C1"
"Zm00001eb363130",2,"C2"
"Zm00001eb356920",6,"C1"
"Zm00001eb362080",2,"C2"
"Zm00001eb338910",6,"C1"
"Zm00001eb371040",6,"C1"
"Zm00001eb333730",2,"C2"
"Zm00001eb347860",3,"C4"
"Zm00001eb355810",6,"C1"
"Zm00001eb363720",6,"C1"
"Zm00001eb355550",6,"C1"
"Zm00001eb348840",7,"C6"
"Zm00001eb343760",2,"C2"
"Zm00001eb354620",3,"C4"
"Zm00001eb332580",2,"C2"
"Zm00001eb335380",2,"C2"
"Zm00001eb354930",3,"C4"
"Zm00001eb351190",2,"C2"
"Zm00001eb369080",2,"C2"
"Zm00001eb367330",2,"C2"
"Zm00001eb341260",2,"C2"
"Zm00001eb345970",6,"C1"
"Zm00001eb354950",5,"C5"
"Zm00001eb359600",5,"C5"
"Zm00001eb356550",7,"C6"
"Zm00001eb362390",5,"C5"
"Zm00001eb365030",2,"C2"
"Zm00001eb360130",2,"C2"
"Zm00001eb343970",3,"C4"
"Zm00001eb351340",2,"C2"
"Zm00001eb370730",5,"C5"
"Zm00001eb370640",2,"C2"
"Zm00001eb346280",1,"C7"
"Zm00001eb360670",5,"C5"
"Zm00001eb351420",2,"C2"
"Zm00001eb339380",6,"C1"
"Zm00001eb350490",5,"C5"
"Zm00001eb346550",3,"C4"
"Zm00001eb333930",2,"C2"
"Zm00001eb352790",2,"C2"
"Zm00001eb367040",3,"C4"
"Zm00001eb370230",7,"C6"
"Zm00001eb333440",3,"C4"
"Zm00001eb363700",7,"C6"
"Zm00001eb369360",7,"C6"
"Zm00001eb336400",6,"C1"
"Zm00001eb351570",6,"C1"
"Zm00001eb337540",2,"C2"
"Zm00001eb367790",2,"C2"
"Zm00001eb358560",7,"C6"
"Zm00001eb348520",1,"C7"
"Zm00001eb354470",2,"C2"
"Zm00001eb333210",2,"C2"
"Zm00001eb338660",3,"C4"
"Zm00001eb336730",2,"C2"
"Zm00001eb344980",1,"C7"
"Zm00001eb370910",7,"C6"
"Zm00001eb350310",6,"C1"
"Zm00001eb336220",2,"C2"
"Zm00001eb352530",4,"C3"
"Zm00001eb333750",2,"C2"
"Zm00001eb344500",2,"C2"
"Zm00001eb369460",6,"C1"
"Zm00001eb335470",7,"C6"
"Zm00001eb346830",5,"C5"
"Zm00001eb351970",3,"C4"
"Zm00001eb362630",1,"C7"
"Zm00001eb346380",2,"C2"
"Zm00001eb353110",3,"C4"
"Zm00001eb335900",4,"C3"
"Zm00001eb353690",2,"C2"
"Zm00001eb358770",6,"C1"
"Zm00001eb360580",2,"C2"
"Zm00001eb333380",5,"C5"
"Zm00001eb338340",7,"C6"
"Zm00001eb348730",7,"C6"
"Zm00001eb353510",2,"C2"
"Zm00001eb349810",4,"C3"
"Zm00001eb363890",2,"C2"
"Zm00001eb364390",3,"C4"
"Zm00001eb365450",2,"C2"
"Zm00001eb344110",3,"C4"
"Zm00001eb339370",2,"C2"
"Zm00001eb355090",2,"C2"
"Zm00001eb335640",6,"C1"
"Zm00001eb370260",2,"C2"
"Zm00001eb361460",7,"C6"
"Zm00001eb368180",2,"C2"
"Zm00001eb359990",2,"C2"
"Zm00001eb344390",2,"C2"
"Zm00001eb340580",2,"C2"
"Zm00001eb347430",2,"C2"
"Zm00001eb340420",3,"C4"
"Zm00001eb358000",7,"C6"
"Zm00001eb350150",7,"C6"
"Zm00001eb367290",6,"C1"
"Zm00001eb369030",6,"C1"
"Zm00001eb333640",2,"C2"
"Zm00001eb364360",5,"C5"
"Zm00001eb366840",6,"C1"
"Zm00001eb356370",2,"C2"
"Zm00001eb357410",3,"C4"
"Zm00001eb369380",2,"C2"
"Zm00001eb352610",2,"C2"
"Zm00001eb357220",1,"C7"
"Zm00001eb347340",2,"C2"
"Zm00001eb355570",7,"C6"
"Zm00001eb368020",2,"C2"
"Zm00001eb348490",6,"C1"
"Zm00001eb342710",3,"C4"
"Zm00001eb346890",2,"C2"
"Zm00001eb346320",2,"C2"
"Zm00001eb359190",3,"C4"
"Zm00001eb342120",2,"C2"
"Zm00001eb359640",3,"C4"
"Zm00001eb354640",1,"C7"
"Zm00001eb345550",7,"C6"
"Zm00001eb358040",2,"C2"
"Zm00001eb352350",7,"C6"
"Zm00001eb343160",6,"C1"
"Zm00001eb366420",3,"C4"
"Zm00001eb356440",3,"C4"
"Zm00001eb352890",2,"C2"
"Zm00001eb362330",6,"C1"
"Zm00001eb357580",3,"C4"
"Zm00001eb334920",3,"C4"
"Zm00001eb352820",2,"C2"
"Zm00001eb334030",3,"C4"
"Zm00001eb362500",3,"C4"
"Zm00001eb334600",5,"C5"
"Zm00001eb358870",3,"C4"
"Zm00001eb348870",2,"C2"
"Zm00001eb359100",3,"C4"
"Zm00001eb363870",5,"C5"
"Zm00001eb343570",6,"C1"
"Zm00001eb334750",2,"C2"
"Zm00001eb341790",6,"C1"
"Zm00001eb333280",2,"C2"
"Zm00001eb344540",6,"C1"
"Zm00001eb338990",2,"C2"
"Zm00001eb338070",5,"C5"
"Zm00001eb332380",7,"C6"
"Zm00001eb369150",7,"C6"
"Zm00001eb366670",5,"C5"
"Zm00001eb370830",2,"C2"
"Zm00001eb342540",2,"C2"
"Zm00001eb360920",2,"C2"
"Zm00001eb332590",2,"C2"
"Zm00001eb345020",2,"C2"
"Zm00001eb355650",2,"C2"
"Zm00001eb338770",5,"C5"
"Zm00001eb369520",5,"C5"
"Zm00001eb352040",3,"C4"
"Zm00001eb368480",7,"C6"
"Zm00001eb357270",2,"C2"
"Zm00001eb357450",2,"C2"
"Zm00001eb358260",2,"C2"
"Zm00001eb332970",3,"C4"
"Zm00001eb333360",2,"C2"
"Zm00001eb369090",7,"C6"
"Zm00001eb348650",3,"C4"
"Zm00001eb347380",2,"C2"
"Zm00001eb346540",7,"C6"
"Zm00001eb340550",7,"C6"
"Zm00001eb339460",2,"C2"
"Zm00001eb370220",3,"C4"
"Zm00001eb333450",2,"C2"
"Zm00001eb337300",5,"C5"
"Zm00001eb346040",3,"C4"
"Zm00001eb351580",3,"C4"
"Zm00001eb334380",6,"C1"
"Zm00001eb367830",6,"C1"
"Zm00001eb352570",6,"C1"
"Zm00001eb349820",3,"C4"
"Zm00001eb357670",7,"C6"
"Zm00001eb366720",7,"C6"
"Zm00001eb350640",5,"C5"
"Zm00001eb371050",2,"C2"
"Zm00001eb343220",7,"C6"
"Zm00001eb350370",2,"C2"
"Zm00001eb361300",2,"C2"
"Zm00001eb362140",6,"C1"
"Zm00001eb363730",6,"C1"
"Zm00001eb336930",6,"C1"
"Zm00001eb352780",1,"C7"
"Zm00001eb364230",3,"C4"
"Zm00001eb351430",7,"C6"
"Zm00001eb347280",6,"C1"
"Zm00001eb353790",2,"C2"
"Zm00001eb343830",2,"C2"
"Zm00001eb342590",2,"C2"
"Zm00001eb366390",6,"C1"
"Zm00001eb336210",2,"C2"
"Zm00001eb335620",2,"C2"
"Zm00001eb336650",3,"C4"
"Zm00001eb362820",6,"C1"
"Zm00001eb333410",6,"C1"
"Zm00001eb360490",6,"C1"
"Zm00001eb356180",6,"C1"
"Zm00001eb359550",2,"C2"
"Zm00001eb358970",6,"C1"
"Zm00001eb346930",3,"C4"
"Zm00001eb365170",2,"C2"
"Zm00001eb332940",2,"C2"
"Zm00001eb356050",7,"C6"
"Zm00001eb342550",7,"C6"
"Zm00001eb366620",3,"C4"
"Zm00001eb361350",3,"C4"
"Zm00001eb370890",2,"C2"
"Zm00001eb343240",2,"C2"
"Zm00001eb359350",2,"C2"
"Zm00001eb356220",2,"C2"
"Zm00001eb334320",3,"C4"
"Zm00001eb342080",2,"C2"
"Zm00001eb367870",6,"C1"
"Zm00001eb351670",5,"C5"
"Zm00001eb369740",2,"C2"
"Zm00001eb345410",6,"C1"
"Zm00001eb353030",5,"C5"
"Zm00001eb351000",6,"C1"
"Zm00001eb358450",2,"C2"
"Zm00001eb370320",2,"C2"
"Zm00001eb348700",3,"C4"
"Zm00001eb366880",4,"C3"
"Zm00001eb345750",5,"C5"
"Zm00001eb332400",7,"C6"
"Zm00001eb349390",5,"C5"
"Zm00001eb354200",2,"C2"
"Zm00001eb338960",2,"C2"
"Zm00001eb363840",5,"C5"
"Zm00001eb362180",2,"C2"
"Zm00001eb363800",2,"C2"
"Zm00001eb368950",2,"C2"
"Zm00001eb349540",2,"C2"
"Zm00001eb349170",7,"C6"
"Zm00001eb363400",2,"C2"
"Zm00001eb336880",6,"C1"
"Zm00001eb353650",2,"C2"
"Zm00001eb360970",6,"C1"
"Zm00001eb371150",5,"C5"
"Zm00001eb348940",3,"C4"
"Zm00001eb345720",2,"C2"
"Zm00001eb336590",3,"C4"
"Zm00001eb361130",2,"C2"
"Zm00001eb333670",2,"C2"
"Zm00001eb352180",2,"C2"
"Zm00001eb360890",7,"C6"
"Zm00001eb338190",6,"C1"
"Zm00001eb345570",7,"C6"
"Zm00001eb353320",2,"C2"
"Zm00001eb355210",6,"C1"
"Zm00001eb332200",2,"C2"
"Zm00001eb348080",2,"C2"
"Zm00001eb336080",3,"C4"
"Zm00001eb362560",5,"C5"
"Zm00001eb334360",2,"C2"
"Zm00001eb338890",3,"C4"
"Zm00001eb357640",7,"C6"
"Zm00001eb362640",1,"C7"
"Zm00001eb347200",6,"C1"
"Zm00001eb361470",7,"C6"
"Zm00001eb349140",2,"C2"
"Zm00001eb333230",2,"C2"
"Zm00001eb363480",3,"C4"
"Zm00001eb342200",6,"C1"
"Zm00001eb347590",6,"C1"
"Zm00001eb369210",2,"C2"
"Zm00001eb345060",6,"C1"
"Zm00001eb355750",3,"C4"
"Zm00001eb339870",2,"C2"
"Zm00001eb337590",1,"C7"
"Zm00001eb352840",2,"C2"
"Zm00001eb343080",6,"C1"
"Zm00001eb337770",6,"C1"
"Zm00001eb337990",2,"C2"
"Zm00001eb336690",5,"C5"
"Zm00001eb342980",2,"C2"
"Zm00001eb336740",2,"C2"
"Zm00001eb336950",5,"C5"
"Zm00001eb335820",6,"C1"
"Zm00001eb346300",2,"C2"
"Zm00001eb333100",2,"C2"
"Zm00001eb366430",3,"C4"
"Zm00001eb365660",3,"C4"
"Zm00001eb346250",3,"C4"
"Zm00001eb339270",2,"C2"
"Zm00001eb361230",6,"C1"
"Zm00001eb365010",2,"C2"
"Zm00001eb366690",2,"C2"
"Zm00001eb355360",2,"C2"
"Zm00001eb348280",2,"C2"
"Zm00001eb345950",1,"C7"
"Zm00001eb360860",6,"C1"
"Zm00001eb353830",6,"C1"
"Zm00001eb334410",6,"C1"
"Zm00001eb335670",4,"C3"
"Zm00001eb362470",2,"C2"
"Zm00001eb349730",6,"C1"
"Zm00001eb337240",2,"C2"
"Zm00001eb333520",4,"C3"
"Zm00001eb335990",5,"C5"
"Zm00001eb344570",7,"C6"
"Zm00001eb362860",6,"C1"
"Zm00001eb343780",3,"C4"
"Zm00001eb337040",2,"C2"
"Zm00001eb369490",6,"C1"
"Zm00001eb339770",2,"C2"
"Zm00001eb340590",5,"C5"
"Zm00001eb334220",3,"C4"
"Zm00001eb366800",2,"C2"
"Zm00001eb346030",2,"C2"
"Zm00001eb370050",6,"C1"
"Zm00001eb354430",6,"C1"
"Zm00001eb349410",3,"C4"
"Zm00001eb369350",1,"C7"
"Zm00001eb346620",3,"C4"
"Zm00001eb335230",3,"C4"
"Zm00001eb369880",2,"C2"
"Zm00001eb362700",1,"C7"
"Zm00001eb367000",2,"C2"
"Zm00001eb340570",2,"C2"
"Zm00001eb336410",1,"C7"
"Zm00001eb349840",7,"C6"
"Zm00001eb346750",2,"C2"
"Zm00001eb357160",5,"C5"
"Zm00001eb332770",2,"C2"
"Zm00001eb363540",2,"C2"
"Zm00001eb354170",2,"C2"
"Zm00001eb369340",2,"C2"
"Zm00001eb366350",2,"C2"
"Zm00001eb354720",2,"C2"
"Zm00001eb365460",2,"C2"
"Zm00001eb337880",2,"C2"
"Zm00001eb369710",1,"C7"
"Zm00001eb344470",6,"C1"
"Zm00001eb370110",5,"C5"
"Zm00001eb363630",2,"C2"
"Zm00001eb335140",7,"C6"
"Zm00001eb358160",3,"C4"
"Zm00001eb356940",6,"C1"
"Zm00001eb336820",5,"C5"
"Zm00001eb361840",5,"C5"
"Zm00001eb369840",6,"C1"
"Zm00001eb341090",2,"C2"
"Zm00001eb364840",6,"C1"
"Zm00001eb340700",6,"C1"
"Zm00001eb362510",3,"C4"
"Zm00001eb354920",7,"C6"
"Zm00001eb363880",1,"C7"
"Zm00001eb349500",2,"C2"
"Zm00001eb350300",3,"C4"
"Zm00001eb350240",6,"C1"
"Zm00001eb353780",7,"C6"
"Zm00001eb366380",5,"C5"
"Zm00001eb332550",2,"C2"
"Zm00001eb364190",2,"C2"
"Zm00001eb347720",5,"C5"
"Zm00001eb369170",7,"C6"
"Zm00001eb353820",2,"C2"
"Zm00001eb371200",3,"C4"
"Zm00001eb355220",3,"C4"
"Zm00001eb334900",2,"C2"
"Zm00001eb356530",2,"C2"
"Zm00001eb361170",7,"C6"
"Zm00001eb334770",7,"C6"
"Zm00001eb364680",6,"C1"
"Zm00001eb333240",7,"C6"
"Zm00001eb364520",5,"C5"
"Zm00001eb345780",7,"C6"
"Zm00001eb365560",5,"C5"
"Zm00001eb365960",3,"C4"
"Zm00001eb333890",2,"C2"
"Zm00001eb370430",3,"C4"
"Zm00001eb362370",7,"C6"
"Zm00001eb361000",1,"C7"
"Zm00001eb342400",2,"C2"
"Zm00001eb365740",2,"C2"
"Zm00001eb362020",3,"C4"
"Zm00001eb356490",2,"C2"
"Zm00001eb352940",2,"C2"
"Zm00001eb363490",7,"C6"
"Zm00001eb338010",2,"C2"
"Zm00001eb343930",2,"C2"
"Zm00001eb339960",7,"C6"
"Zm00001eb363240",2,"C2"
"Zm00001eb333460",3,"C4"
"Zm00001eb343110",6,"C1"
"Zm00001eb337950",5,"C5"
"Zm00001eb352250",3,"C4"
"Zm00001eb346200",6,"C1"
"Zm00001eb367060",2,"C2"
"Zm00001eb350950",3,"C4"
"Zm00001eb357200",2,"C2"
"Zm00001eb356770",2,"C2"
"Zm00001eb370960",7,"C6"
"Zm00001eb368840",3,"C4"
"Zm00001eb347450",3,"C4"
"Zm00001eb367760",3,"C4"
"Zm00001eb339490",1,"C7"
"Zm00001eb349430",6,"C1"
"Zm00001eb364070",2,"C2"
"Zm00001eb371020",6,"C1"
"Zm00001eb368340",2,"C2"
"Zm00001eb359410",7,"C6"
"Zm00001eb353680",3,"C4"
"Zm00001eb363090",2,"C2"
"Zm00001eb352810",6,"C1"
"Zm00001eb350250",2,"C2"
"Zm00001eb353990",2,"C2"
"Zm00001eb334120",6,"C1"
"Zm00001eb347290",5,"C5"
"Zm00001eb343870",6,"C1"
"Zm00001eb350780",2,"C2"
"Zm00001eb334270",2,"C2"
"Zm00001eb364740",2,"C2"
"Zm00001eb357040",2,"C2"
"Zm00001eb369790",2,"C2"
"Zm00001eb339190",6,"C1"
"Zm00001eb366170",2,"C2"
"Zm00001eb343210",5,"C5"
"Zm00001eb361520",2,"C2"
"Zm00001eb363950",2,"C2"
"Zm00001eb335350",6,"C1"
"Zm00001eb351780",6,"C1"
"Zm00001eb357890",3,"C4"
"Zm00001eb371320",6,"C1"
"Zm00001eb353340",3,"C4"
"Zm00001eb355890",1,"C7"
"Zm00001eb370880",6,"C1"
"Zm00001eb370020",2,"C2"
"Zm00001eb344580",3,"C4"
"Zm00001eb361480",2,"C2"
"Zm00001eb336530",6,"C1"
"Zm00001eb340730",2,"C2"
"Zm00001eb341780",3,"C4"
"Zm00001eb366580",6,"C1"
"Zm00001eb368960",6,"C1"
"Zm00001eb348240",7,"C6"
"Zm00001eb344970",5,"C5"
"Zm00001eb352600",3,"C4"
"Zm00001eb348320",2,"C2"
"Zm00001eb337890",2,"C2"
"Zm00001eb356240",6,"C1"
"Zm00001eb370310",6,"C1"
"Zm00001eb338740",2,"C2"
"Zm00001eb368150",7,"C6"
"Zm00001eb368040",2,"C2"
"Zm00001eb369940",5,"C5"
"Zm00001eb349300",2,"C2"
"Zm00001eb369860",3,"C4"
"Zm00001eb349860",6,"C1"
"Zm00001eb351500",6,"C1"
"Zm00001eb333470",6,"C1"
"Zm00001eb366050",3,"C4"
"Zm00001eb332610",3,"C4"
"Zm00001eb334810",3,"C4"
"Zm00001eb339200",7,"C6"
"Zm00001eb333790",2,"C2"
"Zm00001eb353470",3,"C4"
"Zm00001eb362360",2,"C2"
"Zm00001eb348930",3,"C4"
"Zm00001eb365700",2,"C2"
"Zm00001eb351020",6,"C1"
"Zm00001eb366250",6,"C1"
"Zm00001eb367100",2,"C2"
"Zm00001eb343260",3,"C4"
"Zm00001eb359620",6,"C1"
"Zm00001eb365980",6,"C1"
"Zm00001eb363050",3,"C4"
"Zm00001eb356930",4,"C3"
"Zm00001eb347950",3,"C4"
"Zm00001eb370470",2,"C2"
"Zm00001eb368430",6,"C1"
"Zm00001eb360740",3,"C4"
"Zm00001eb338310",2,"C2"
"Zm00001eb364080",2,"C2"
"Zm00001eb371130",2,"C2"
"Zm00001eb354910",2,"C2"
"Zm00001eb345800",6,"C1"
"Zm00001eb366020",6,"C1"
"Zm00001eb369660",2,"C2"
"Zm00001eb371170",6,"C1"
"Zm00001eb351990",2,"C2"
"Zm00001eb355270",3,"C4"
"Zm00001eb366220",6,"C1"
"Zm00001eb345080",3,"C4"
"Zm00001eb339010",3,"C4"
"Zm00001eb364470",2,"C2"
"Zm00001eb355590",2,"C2"
"Zm00001eb348850",5,"C5"
"Zm00001eb361800",2,"C2"
"Zm00001eb337940",2,"C2"
"Zm00001eb353280",5,"C5"
"Zm00001eb371010",6,"C1"
"Zm00001eb352910",2,"C2"
"Zm00001eb362870",5,"C5"
"Zm00001eb349250",5,"C5"
"Zm00001eb357030",2,"C2"
"Zm00001eb333330",2,"C2"
"Zm00001eb361700",2,"C2"
"Zm00001eb340000",6,"C1"
"Zm00001eb349010",5,"C5"
"Zm00001eb348400",6,"C1"
"Zm00001eb335810",7,"C6"
"Zm00001eb346590",2,"C2"
"Zm00001eb357650",2,"C2"
"Zm00001eb369110",3,"C4"
"Zm00001eb332690",2,"C2"
"Zm00001eb349900",6,"C1"
"Zm00001eb369920",2,"C2"
"Zm00001eb348540",2,"C2"
"Zm00001eb333160",2,"C2"
"Zm00001eb356850",6,"C1"
"Zm00001eb353580",7,"C6"
"Zm00001eb360710",2,"C2"
"Zm00001eb334440",5,"C5"
"Zm00001eb362460",6,"C1"
"Zm00001eb351080",3,"C4"
"Zm00001eb343590",6,"C1"
"Zm00001eb346960",6,"C1"
"Zm00001eb341180",2,"C2"
"Zm00001eb346400",5,"C5"
"Zm00001eb370300",2,"C2"
"Zm00001eb332990",7,"C6"
"Zm00001eb341980",2,"C2"
"Zm00001eb354140",7,"C6"
"Zm00001eb353930",7,"C6"
"Zm00001eb345260",7,"C6"
"Zm00001eb335300",3,"C4"
"Zm00001eb336290",2,"C2"
"Zm00001eb358400",6,"C1"
"Zm00001eb351940",2,"C2"
"Zm00001eb361250",2,"C2"
"Zm00001eb345380",6,"C1"
"Zm00001eb370650",2,"C2"
"Zm00001eb347060",2,"C2"
"Zm00001eb348820",2,"C2"
"Zm00001eb361200",2,"C2"
"Zm00001eb356200",2,"C2"
"Zm00001eb335660",2,"C2"
"Zm00001eb336900",1,"C7"
"Zm00001eb356980",3,"C4"
"Zm00001eb352090",2,"C2"
"Zm00001eb346100",2,"C2"
"Zm00001eb363260",6,"C1"
"Zm00001eb345450",7,"C6"
"Zm00001eb369280",2,"C2"
"Zm00001eb369200",3,"C4"
"Zm00001eb354570",2,"C2"
"Zm00001eb343840",7,"C6"
"Zm00001eb340330",6,"C1"
"Zm00001eb350290",3,"C4"
"Zm00001eb365420",5,"C5"
"Zm00001eb350660",7,"C6"
"Zm00001eb334630",3,"C4"
"Zm00001eb364640",2,"C2"
"Zm00001eb359250",6,"C1"
"Zm00001eb351350",2,"C2"
"Zm00001eb366280",2,"C2"
"Zm00001eb369370",6,"C1"
"Zm00001eb359280",3,"C4"
"Zm00001eb336030",1,"C7"
"Zm00001eb365120",2,"C2"
"Zm00001eb365020",3,"C4"
"Zm00001eb355300",2,"C2"
"Zm00001eb341860",3,"C4"
"Zm00001eb349910",2,"C2"
"Zm00001eb337610",3,"C4"
"Zm00001eb366780",3,"C4"
"Zm00001eb354180",7,"C6"
"Zm00001eb336760",1,"C7"
"Zm00001eb367150",7,"C6"
"Zm00001eb344340",5,"C5"
"Zm00001eb359580",6,"C1"
"Zm00001eb356680",6,"C1"
"Zm00001eb337720",7,"C6"
"Zm00001eb349780",3,"C4"
"Zm00001eb369720",2,"C2"
"Zm00001eb360700",2,"C2"
"Zm00001eb357250",4,"C3"
"Zm00001eb368010",7,"C6"
"Zm00001eb342270",3,"C4"
"Zm00001eb347800",3,"C4"
"Zm00001eb366900",5,"C5"
"Zm00001eb332450",3,"C4"
"Zm00001eb360230",7,"C6"
"Zm00001eb351410",6,"C1"
"Zm00001eb362610",3,"C4"
"Zm00001eb333340",6,"C1"
"Zm00001eb350790",2,"C2"
"Zm00001eb371030",2,"C2"
"Zm00001eb362160",3,"C4"
"Zm00001eb350690",5,"C5"
"Zm00001eb349270",3,"C4"
"Zm00001eb370330",7,"C6"
"Zm00001eb359220",2,"C2"
"Zm00001eb350990",2,"C2"
"Zm00001eb337180",3,"C4"
"Zm00001eb367430",2,"C2"
"Zm00001eb347620",5,"C5"
"Zm00001eb347960",2,"C2"
"Zm00001eb352880",3,"C4"
"Zm00001eb334860",2,"C2"
"Zm00001eb360430",2,"C2"
"Zm00001eb354380",2,"C2"
"Zm00001eb336870",5,"C5"
"Zm00001eb364650",6,"C1"
"Zm00001eb361850",2,"C2"
"Zm00001eb369580",7,"C6"
"Zm00001eb371180",3,"C4"
"Zm00001eb341450",6,"C1"
"Zm00001eb352720",5,"C5"
"Zm00001eb360800",7,"C6"
"Zm00001eb343770",3,"C4"
"Zm00001eb338160",6,"C1"
"Zm00001eb363500",6,"C1"
"Zm00001eb371090",6,"C1"
"Zm00001eb338240",7,"C6"
"Zm00001eb363420",6,"C1"
"Zm00001eb356480",2,"C2"
"Zm00001eb347190",3,"C4"
"Zm00001eb345290",2,"C2"
"Zm00001eb367490",3,"C4"
"Zm00001eb368850",7,"C6"
"Zm00001eb346060",6,"C1"
"Zm00001eb337030",2,"C2"
"Zm00001eb370240",2,"C2"
"Zm00001eb336840",3,"C4"
"Zm00001eb350890",2,"C2"
"Zm00001eb351950",2,"C2"
"Zm00001eb367220",3,"C4"
"Zm00001eb362580",2,"C2"
"Zm00001eb355770",5,"C5"
"Zm00001eb335870",3,"C4"
"Zm00001eb337810",2,"C2"
"Zm00001eb352550",1,"C7"
"Zm00001eb370140",2,"C2"
"Zm00001eb366830",6,"C1"
"Zm00001eb348360",6,"C1"
"Zm00001eb339760",1,"C7"
"Zm00001eb359670",3,"C4"
"Zm00001eb358340",6,"C1"
"Zm00001eb332500",5,"C5"
"Zm00001eb363650",3,"C4"
"Zm00001eb363140",3,"C4"
"Zm00001eb355970",2,"C2"
"Zm00001eb360900",5,"C5"
"Zm00001eb333030",7,"C6"
"Zm00001eb364200",1,"C7"
"Zm00001eb334400",2,"C2"
"Zm00001eb361670",3,"C4"
"Zm00001eb340270",2,"C2"
"Zm00001eb359320",7,"C6"
"Zm00001eb346420",2,"C2"
"Zm00001eb358200",3,"C4"
"Zm00001eb333970",7,"C6"
"Zm00001eb363370",3,"C4"
"Zm00001eb365670",2,"C2"
"Zm00001eb337380",2,"C2"
"Zm00001eb357760",2,"C2"
"Zm00001eb339350",2,"C2"
"Zm00001eb353810",3,"C4"
"Zm00001eb364380",5,"C5"
"Zm00001eb343360",2,"C2"
"Zm00001eb341740",3,"C4"
"Zm00001eb345240",6,"C1"
"Zm00001eb362840",2,"C2"
"Zm00001eb364590",2,"C2"
"Zm00001eb332650",3,"C4"
"Zm00001eb345040",3,"C4"
"Zm00001eb365330",3,"C4"
"Zm00001eb333400",6,"C1"
"Zm00001eb348810",5,"C5"
"Zm00001eb346790",6,"C1"
"Zm00001eb281360",6,"C1"
"Zm00001eb274280",5,"C5"
"Zm00001eb276160",2,"C2"
"Zm00001eb279020",7,"C6"
"Zm00001eb264620",2,"C2"
"Zm00001eb266260",2,"C2"
"Zm00001eb278880",2,"C2"
"Zm00001eb271730",2,"C2"
"Zm00001eb266400",2,"C2"
"Zm00001eb269560",6,"C1"
"Zm00001eb265500",2,"C2"
"Zm00001eb272890",3,"C4"
"Zm00001eb289320",5,"C5"
"Zm00001eb275140",7,"C6"
"Zm00001eb272310",5,"C5"
"Zm00001eb279420",3,"C4"
"Zm00001eb283600",5,"C5"
"Zm00001eb277940",2,"C2"
"Zm00001eb290190",2,"C2"
"Zm00001eb280020",2,"C2"
"Zm00001eb282360",3,"C4"
"Zm00001eb275450",5,"C5"
"Zm00001eb292270",2,"C2"
"Zm00001eb260920",2,"C2"
"Zm00001eb260480",2,"C2"
"Zm00001eb281700",7,"C6"
"Zm00001eb273510",6,"C1"
"Zm00001eb297830",2,"C2"
"Zm00001eb280090",2,"C2"
"Zm00001eb281280",3,"C4"
"Zm00001eb293780",2,"C2"
"Zm00001eb290550",7,"C6"
"Zm00001eb265980",3,"C4"
"Zm00001eb284160",2,"C2"
"Zm00001eb279740",3,"C4"
"Zm00001eb293480",2,"C2"
"Zm00001eb277520",2,"C2"
"Zm00001eb280060",2,"C2"
"Zm00001eb290370",7,"C6"
"Zm00001eb285930",6,"C1"
"Zm00001eb261800",3,"C4"
"Zm00001eb281200",5,"C5"
"Zm00001eb269700",2,"C2"
"Zm00001eb296580",2,"C2"
"Zm00001eb271370",2,"C2"
"Zm00001eb296790",2,"C2"
"Zm00001eb294130",6,"C1"
"Zm00001eb281210",2,"C2"
"Zm00001eb289800",2,"C2"
"Zm00001eb282460",2,"C2"
"Zm00001eb289380",3,"C4"
"Zm00001eb264580",2,"C2"
"Zm00001eb274800",6,"C1"
"Zm00001eb291980",3,"C4"
"Zm00001eb283340",7,"C6"
"Zm00001eb294600",6,"C1"
"Zm00001eb273690",2,"C2"
"Zm00001eb265810",2,"C2"
"Zm00001eb267970",3,"C4"
"Zm00001eb273660",2,"C2"
"Zm00001eb273360",2,"C2"
"Zm00001eb273840",5,"C5"
"Zm00001eb268880",6,"C1"
"Zm00001eb277840",7,"C6"
"Zm00001eb273380",3,"C4"
"Zm00001eb288280",2,"C2"
"Zm00001eb293980",3,"C4"
"Zm00001eb272640",6,"C1"
"Zm00001eb294430",5,"C5"
"Zm00001eb272930",2,"C2"
"Zm00001eb296830",3,"C4"
"Zm00001eb289290",7,"C6"
"Zm00001eb272600",2,"C2"
"Zm00001eb282820",2,"C2"
"Zm00001eb279820",6,"C1"
"Zm00001eb287710",6,"C1"
"Zm00001eb284330",3,"C4"
"Zm00001eb286890",2,"C2"
"Zm00001eb268390",2,"C2"
"Zm00001eb290300",7,"C6"
"Zm00001eb281890",2,"C2"
"Zm00001eb270080",3,"C4"
"Zm00001eb284990",6,"C1"
"Zm00001eb265740",5,"C5"
"Zm00001eb288760",6,"C1"
"Zm00001eb270660",2,"C2"
"Zm00001eb260270",2,"C2"
"Zm00001eb264470",2,"C2"
"Zm00001eb295710",2,"C2"
"Zm00001eb265540",6,"C1"
"Zm00001eb293700",6,"C1"
"Zm00001eb273480",5,"C5"
"Zm00001eb297310",6,"C1"
"Zm00001eb291750",2,"C2"
"Zm00001eb295510",7,"C6"
"Zm00001eb282650",2,"C2"
"Zm00001eb286720",2,"C2"
"Zm00001eb285420",6,"C1"
"Zm00001eb268970",5,"C5"
"Zm00001eb292420",6,"C1"
"Zm00001eb265900",3,"C4"
"Zm00001eb273570",2,"C2"
"Zm00001eb264310",2,"C2"
"Zm00001eb266020",2,"C2"
"Zm00001eb295590",6,"C1"
"Zm00001eb260560",6,"C1"
"Zm00001eb268080",2,"C2"
"Zm00001eb291350",5,"C5"
"Zm00001eb287240",3,"C4"
"Zm00001eb278770",5,"C5"
"Zm00001eb296560",2,"C2"
"Zm00001eb289550",3,"C4"
"Zm00001eb287590",5,"C5"
"Zm00001eb268480",3,"C4"
"Zm00001eb280730",5,"C5"
"Zm00001eb274910",6,"C1"
"Zm00001eb296340",7,"C6"
"Zm00001eb274990",3,"C4"
"Zm00001eb285190",6,"C1"
"Zm00001eb280780",6,"C1"
"Zm00001eb285590",2,"C2"
"Zm00001eb291190",4,"C3"
"Zm00001eb279650",2,"C2"
"Zm00001eb293610",7,"C6"
"Zm00001eb297860",7,"C6"
"Zm00001eb269430",2,"C2"
"Zm00001eb280030",2,"C2"
"Zm00001eb274110",2,"C2"
"Zm00001eb286350",6,"C1"
"Zm00001eb284840",5,"C5"
"Zm00001eb267290",5,"C5"
"Zm00001eb295740",5,"C5"
"Zm00001eb285560",2,"C2"
"Zm00001eb282320",7,"C6"
"Zm00001eb296290",3,"C4"
"Zm00001eb284230",1,"C7"
"Zm00001eb295800",2,"C2"
"Zm00001eb265240",2,"C2"
"Zm00001eb278230",7,"C6"
"Zm00001eb297470",3,"C4"
"Zm00001eb276580",2,"C2"
"Zm00001eb266330",2,"C2"
"Zm00001eb284310",6,"C1"
"Zm00001eb279990",2,"C2"
"Zm00001eb284720",2,"C2"
"Zm00001eb265660",2,"C2"
"Zm00001eb288910",2,"C2"
"Zm00001eb273330",2,"C2"
"Zm00001eb290130",5,"C5"
"Zm00001eb284340",6,"C1"
"Zm00001eb275680",6,"C1"
"Zm00001eb269630",2,"C2"
"Zm00001eb295610",1,"C7"
"Zm00001eb294880",3,"C4"
"Zm00001eb296480",3,"C4"
"Zm00001eb265030",6,"C1"
"Zm00001eb267650",7,"C6"
"Zm00001eb287550",2,"C2"
"Zm00001eb291040",2,"C2"
"Zm00001eb294360",6,"C1"
"Zm00001eb272410",2,"C2"
"Zm00001eb291240",2,"C2"
"Zm00001eb278020",3,"C4"
"Zm00001eb280850",6,"C1"
"Zm00001eb267680",2,"C2"
"Zm00001eb297560",2,"C2"
"Zm00001eb292350",2,"C2"
"Zm00001eb269140",2,"C2"
"Zm00001eb297400",6,"C1"
"Zm00001eb270930",2,"C2"
"Zm00001eb261870",5,"C5"
"Zm00001eb273530",5,"C5"
"Zm00001eb259900",3,"C4"
"Zm00001eb288240",6,"C1"
"Zm00001eb285760",3,"C4"
"Zm00001eb283560",2,"C2"
"Zm00001eb265340",3,"C4"
"Zm00001eb274190",7,"C6"
"Zm00001eb286670",3,"C4"
"Zm00001eb277410",2,"C2"
"Zm00001eb269470",3,"C4"
"Zm00001eb292960",6,"C1"
"Zm00001eb272250",2,"C2"
"Zm00001eb275260",2,"C2"
"Zm00001eb279490",2,"C2"
"Zm00001eb280270",3,"C4"
"Zm00001eb297530",2,"C2"
"Zm00001eb270370",2,"C2"
"Zm00001eb266980",2,"C2"
"Zm00001eb271220",2,"C2"
"Zm00001eb264080",2,"C2"
"Zm00001eb297840",2,"C2"
"Zm00001eb291310",2,"C2"
"Zm00001eb276260",6,"C1"
"Zm00001eb285540",2,"C2"
"Zm00001eb281240",2,"C2"
"Zm00001eb285010",7,"C6"
"Zm00001eb287400",3,"C4"
"Zm00001eb275570",7,"C6"
"Zm00001eb280220",2,"C2"
"Zm00001eb285290",2,"C2"
"Zm00001eb282770",6,"C1"
"Zm00001eb266750",5,"C5"
"Zm00001eb287110",2,"C2"
"Zm00001eb277400",2,"C2"
"Zm00001eb261130",2,"C2"
"Zm00001eb284250",6,"C1"
"Zm00001eb275250",1,"C7"
"Zm00001eb293860",2,"C2"
"Zm00001eb276930",2,"C2"
"Zm00001eb292100",5,"C5"
"Zm00001eb283770",2,"C2"
"Zm00001eb265150",4,"C3"
"Zm00001eb270290",7,"C6"
"Zm00001eb283820",2,"C2"
"Zm00001eb286130",2,"C2"
"Zm00001eb261660",3,"C4"
"Zm00001eb285140",2,"C2"
"Zm00001eb264960",7,"C6"
"Zm00001eb268090",3,"C4"
"Zm00001eb270960",6,"C1"
"Zm00001eb284750",3,"C4"
"Zm00001eb294680",3,"C4"
"Zm00001eb272810",3,"C4"
"Zm00001eb281780",5,"C5"
"Zm00001eb293260",7,"C6"
"Zm00001eb291710",6,"C1"
"Zm00001eb289530",3,"C4"
"Zm00001eb260720",2,"C2"
"Zm00001eb284080",2,"C2"
"Zm00001eb280980",7,"C6"
"Zm00001eb289300",2,"C2"
"Zm00001eb282800",2,"C2"
"Zm00001eb276140",2,"C2"
"Zm00001eb290780",1,"C7"
"Zm00001eb260100",3,"C4"
"Zm00001eb286290",2,"C2"
"Zm00001eb290140",2,"C2"
"Zm00001eb293970",6,"C1"
"Zm00001eb297740",2,"C2"
"Zm00001eb284000",3,"C4"
"Zm00001eb264650",3,"C4"
"Zm00001eb286310",3,"C4"
"Zm00001eb293520",2,"C2"
"Zm00001eb283530",1,"C7"
"Zm00001eb278140",7,"C6"
"Zm00001eb278340",3,"C4"
"Zm00001eb297330",6,"C1"
"Zm00001eb294210",6,"C1"
"Zm00001eb279680",5,"C5"
"Zm00001eb273460",5,"C5"
"Zm00001eb275000",6,"C1"
"Zm00001eb267620",2,"C2"
"Zm00001eb279790",3,"C4"
"Zm00001eb286530",3,"C4"
"Zm00001eb283120",3,"C4"
"Zm00001eb280040",6,"C1"
"Zm00001eb269770",7,"C6"
"Zm00001eb297320",2,"C2"
"Zm00001eb280540",2,"C2"
"Zm00001eb282730",6,"C1"
"Zm00001eb260600",7,"C6"
"Zm00001eb295330",3,"C4"
"Zm00001eb287260",3,"C4"
"Zm00001eb278600",3,"C4"
"Zm00001eb284360",2,"C2"
"Zm00001eb294290",2,"C2"
"Zm00001eb282060",7,"C6"
"Zm00001eb269160",7,"C6"
"Zm00001eb276870",6,"C1"
"Zm00001eb295960",5,"C5"
"Zm00001eb286210",2,"C2"
"Zm00001eb273300",3,"C4"
"Zm00001eb259890",2,"C2"
"Zm00001eb272430",7,"C6"
"Zm00001eb280910",7,"C6"
"Zm00001eb266860",1,"C7"
"Zm00001eb260170",3,"C4"
"Zm00001eb288120",6,"C1"
"Zm00001eb277480",2,"C2"
"Zm00001eb289880",5,"C5"
"Zm00001eb273740",2,"C2"
"Zm00001eb285600",2,"C2"
"Zm00001eb289680",2,"C2"
"Zm00001eb267130",2,"C2"
"Zm00001eb284390",2,"C2"
"Zm00001eb271550",2,"C2"
"Zm00001eb261880",6,"C1"
"Zm00001eb293210",6,"C1"
"Zm00001eb270700",2,"C2"
"Zm00001eb291530",3,"C4"
"Zm00001eb292620",6,"C1"
"Zm00001eb278930",5,"C5"
"Zm00001eb260870",5,"C5"
"Zm00001eb260140",7,"C6"
"Zm00001eb281030",2,"C2"
"Zm00001eb284290",5,"C5"
"Zm00001eb294800",7,"C6"
"Zm00001eb280480",6,"C1"
"Zm00001eb273350",2,"C2"
"Zm00001eb270230",5,"C5"
"Zm00001eb287470",3,"C4"
"Zm00001eb294740",2,"C2"
"Zm00001eb294010",3,"C4"
"Zm00001eb292460",2,"C2"
"Zm00001eb281580",2,"C2"
"Zm00001eb261740",3,"C4"
"Zm00001eb286220",3,"C4"
"Zm00001eb289670",7,"C6"
"Zm00001eb272510",6,"C1"
"Zm00001eb284110",7,"C6"
"Zm00001eb285450",6,"C1"
"Zm00001eb291250",3,"C4"
"Zm00001eb274400",5,"C5"
"Zm00001eb269050",3,"C4"
"Zm00001eb271770",2,"C2"
"Zm00001eb273100",2,"C2"
"Zm00001eb268790",2,"C2"
"Zm00001eb297170",6,"C1"
"Zm00001eb260990",3,"C4"
"Zm00001eb294400",3,"C4"
"Zm00001eb291280",6,"C1"
"Zm00001eb290720",7,"C6"
"Zm00001eb280130",6,"C1"
"Zm00001eb285220",3,"C4"
"Zm00001eb292520",6,"C1"
"Zm00001eb277950",6,"C1"
"Zm00001eb278830",4,"C3"
"Zm00001eb273960",2,"C2"
"Zm00001eb294370",3,"C4"
"Zm00001eb293920",6,"C1"
"Zm00001eb287010",7,"C6"
"Zm00001eb288370",2,"C2"
"Zm00001eb296770",6,"C1"
"Zm00001eb266910",7,"C6"
"Zm00001eb292710",2,"C2"
"Zm00001eb292280",6,"C1"
"Zm00001eb265440",6,"C1"
"Zm00001eb266200",3,"C4"
"Zm00001eb291360",1,"C7"
"Zm00001eb281770",7,"C6"
"Zm00001eb291200",2,"C2"
"Zm00001eb280690",4,"C3"
"Zm00001eb280770",3,"C4"
"Zm00001eb279920",2,"C2"
"Zm00001eb287530",2,"C2"
"Zm00001eb271850",2,"C2"
"Zm00001eb262890",6,"C1"
"Zm00001eb288390",6,"C1"
"Zm00001eb296070",6,"C1"
"Zm00001eb265520",6,"C1"
"Zm00001eb294870",5,"C5"
"Zm00001eb296160",2,"C2"
"Zm00001eb287830",7,"C6"
"Zm00001eb272770",2,"C2"
"Zm00001eb290600",6,"C1"
"Zm00001eb294240",2,"C2"
"Zm00001eb271480",7,"C6"
"Zm00001eb286940",3,"C4"
"Zm00001eb294530",2,"C2"
"Zm00001eb288040",6,"C1"
"Zm00001eb268420",2,"C2"
"Zm00001eb267260",7,"C6"
"Zm00001eb281920",7,"C6"
"Zm00001eb291590",2,"C2"
"Zm00001eb273540",5,"C5"
"Zm00001eb278470",2,"C2"
"Zm00001eb287610",7,"C6"
"Zm00001eb294050",2,"C2"
"Zm00001eb281130",2,"C2"
"Zm00001eb260940",3,"C4"
"Zm00001eb267090",3,"C4"
"Zm00001eb276220",3,"C4"
"Zm00001eb269130",2,"C2"
"Zm00001eb272950",3,"C4"
"Zm00001eb261530",2,"C2"
"Zm00001eb285510",2,"C2"
"Zm00001eb272470",2,"C2"
"Zm00001eb288330",2,"C2"
"Zm00001eb289450",7,"C6"
"Zm00001eb292530",5,"C5"
"Zm00001eb289070",3,"C4"
"Zm00001eb275750",7,"C6"
"Zm00001eb295380",6,"C1"
"Zm00001eb292410",2,"C2"
"Zm00001eb274950",6,"C1"
"Zm00001eb288250",3,"C4"
"Zm00001eb294980",3,"C4"
"Zm00001eb295030",6,"C1"
"Zm00001eb283490",7,"C6"
"Zm00001eb277320",2,"C2"
"Zm00001eb291210",2,"C2"
"Zm00001eb288300",7,"C6"
"Zm00001eb288850",2,"C2"
"Zm00001eb260820",7,"C6"
"Zm00001eb262600",3,"C4"
"Zm00001eb278070",3,"C4"
"Zm00001eb296460",3,"C4"
"Zm00001eb287570",6,"C1"
"Zm00001eb297350",5,"C5"
"Zm00001eb269960",1,"C7"
"Zm00001eb265290",3,"C4"
"Zm00001eb289430",2,"C2"
"Zm00001eb282790",2,"C2"
"Zm00001eb264400",2,"C2"
"Zm00001eb272710",6,"C1"
"Zm00001eb281960",7,"C6"
"Zm00001eb275820",6,"C1"
"Zm00001eb265960",2,"C2"
"Zm00001eb277460",3,"C4"
"Zm00001eb273310",7,"C6"
"Zm00001eb267350",2,"C2"
"Zm00001eb273770",3,"C4"
"Zm00001eb278450",3,"C4"
"Zm00001eb275630",3,"C4"
"Zm00001eb278240",2,"C2"
"Zm00001eb292370",5,"C5"
"Zm00001eb280640",3,"C4"
"Zm00001eb288970",4,"C3"
"Zm00001eb293370",3,"C4"
"Zm00001eb277390",6,"C1"
"Zm00001eb264160",3,"C4"
"Zm00001eb292010",7,"C6"
"Zm00001eb283390",3,"C4"
"Zm00001eb292050",2,"C2"
"Zm00001eb290940",2,"C2"
"Zm00001eb286320",5,"C5"
"Zm00001eb292450",2,"C2"
"Zm00001eb294650",5,"C5"
"Zm00001eb269850",2,"C2"
"Zm00001eb286650",7,"C6"
"Zm00001eb268400",7,"C6"
"Zm00001eb292730",2,"C2"
"Zm00001eb297250",2,"C2"
"Zm00001eb288420",6,"C1"
"Zm00001eb287290",2,"C2"
"Zm00001eb268150",7,"C6"
"Zm00001eb286480",3,"C4"
"Zm00001eb286140",3,"C4"
"Zm00001eb288690",2,"C2"
"Zm00001eb260420",6,"C1"
"Zm00001eb265260",5,"C5"
"Zm00001eb267280",2,"C2"
"Zm00001eb264870",2,"C2"
"Zm00001eb289490",7,"C6"
"Zm00001eb296320",3,"C4"
"Zm00001eb294580",2,"C2"
"Zm00001eb266370",5,"C5"
"Zm00001eb289870",2,"C2"
"Zm00001eb260980",2,"C2"
"Zm00001eb273230",7,"C6"
"Zm00001eb282930",6,"C1"
"Zm00001eb292590",7,"C6"
"Zm00001eb292380",3,"C4"
"Zm00001eb260120",3,"C4"
"Zm00001eb271700",2,"C2"
"Zm00001eb261210",2,"C2"
"Zm00001eb260960",2,"C2"
"Zm00001eb280760",7,"C6"
"Zm00001eb289690",3,"C4"
"Zm00001eb281500",3,"C4"
"Zm00001eb284910",2,"C2"
"Zm00001eb297770",7,"C6"
"Zm00001eb277540",2,"C2"
"Zm00001eb279840",2,"C2"
"Zm00001eb297340",3,"C4"
"Zm00001eb282390",6,"C1"
"Zm00001eb291320",1,"C7"
"Zm00001eb287410",3,"C4"
"Zm00001eb260830",2,"C2"
"Zm00001eb287370",5,"C5"
"Zm00001eb296550",5,"C5"
"Zm00001eb281690",7,"C6"
"Zm00001eb280740",2,"C2"
"Zm00001eb283880",2,"C2"
"Zm00001eb292770",6,"C1"
"Zm00001eb264720",1,"C7"
"Zm00001eb268800",6,"C1"
"Zm00001eb287130",7,"C6"
"Zm00001eb294930",2,"C2"
"Zm00001eb295090",2,"C2"
"Zm00001eb279720",2,"C2"
"Zm00001eb270950",3,"C4"
"Zm00001eb295670",2,"C2"
"Zm00001eb272090",7,"C6"
"Zm00001eb286710",1,"C7"
"Zm00001eb280420",2,"C2"
"Zm00001eb286090",2,"C2"
"Zm00001eb293170",2,"C2"
"Zm00001eb284630",6,"C1"
"Zm00001eb276190",6,"C1"
"Zm00001eb283440",7,"C6"
"Zm00001eb277360",6,"C1"
"Zm00001eb290980",2,"C2"
"Zm00001eb295900",2,"C2"
"Zm00001eb267390",3,"C4"
"Zm00001eb297030",3,"C4"
"Zm00001eb292040",2,"C2"
"Zm00001eb289600",2,"C2"
"Zm00001eb288710",2,"C2"
"Zm00001eb287890",7,"C6"
"Zm00001eb294700",2,"C2"
"Zm00001eb278680",4,"C3"
"Zm00001eb297420",2,"C2"
"Zm00001eb282520",3,"C4"
"Zm00001eb289360",5,"C5"
"Zm00001eb272420",6,"C1"
"Zm00001eb264780",6,"C1"
"Zm00001eb287220",2,"C2"
"Zm00001eb282100",6,"C1"
"Zm00001eb292930",7,"C6"
"Zm00001eb281710",2,"C2"
"Zm00001eb267600",2,"C2"
"Zm00001eb283520",3,"C4"
"Zm00001eb289270",5,"C5"
"Zm00001eb295580",2,"C2"
"Zm00001eb293070",7,"C6"
"Zm00001eb284400",6,"C1"
"Zm00001eb293490",2,"C2"
"Zm00001eb260370",2,"C2"
"Zm00001eb286830",3,"C4"
"Zm00001eb270380",3,"C4"
"Zm00001eb280250",2,"C2"
"Zm00001eb296090",1,"C7"
"Zm00001eb275040",2,"C2"
"Zm00001eb296060",7,"C6"
"Zm00001eb283110",7,"C6"
"Zm00001eb283950",2,"C2"
"Zm00001eb291670",1,"C7"
"Zm00001eb260040",2,"C2"
"Zm00001eb269440",2,"C2"
"Zm00001eb275380",6,"C1"
"Zm00001eb279770",2,"C2"
"Zm00001eb265630",2,"C2"
"Zm00001eb272290",3,"C4"
"Zm00001eb272670",6,"C1"
"Zm00001eb267270",3,"C4"
"Zm00001eb266060",6,"C1"
"Zm00001eb279320",2,"C2"
"Zm00001eb267100",3,"C4"
"Zm00001eb282590",7,"C6"
"Zm00001eb289520",6,"C1"
"Zm00001eb271760",2,"C2"
"Zm00001eb277430",3,"C4"
"Zm00001eb261690",3,"C4"
"Zm00001eb285660",1,"C7"
"Zm00001eb294900",2,"C2"
"Zm00001eb287070",3,"C4"
"Zm00001eb271540",5,"C5"
"Zm00001eb264930",7,"C6"
"Zm00001eb291870",3,"C4"
"Zm00001eb283240",2,"C2"
"Zm00001eb289080",2,"C2"
"Zm00001eb286870",1,"C7"
"Zm00001eb272550",7,"C6"
"Zm00001eb293310",6,"C1"
"Zm00001eb291290",2,"C2"
"Zm00001eb287690",3,"C4"
"Zm00001eb297150",5,"C5"
"Zm00001eb267460",2,"C2"
"Zm00001eb286040",2,"C2"
"Zm00001eb287150",2,"C2"
"Zm00001eb285330",6,"C1"
"Zm00001eb282290",6,"C1"
"Zm00001eb283780",3,"C4"
"Zm00001eb261430",3,"C4"
"Zm00001eb279580",3,"C4"
"Zm00001eb269830",2,"C2"
"Zm00001eb278670",2,"C2"
"Zm00001eb269870",7,"C6"
"Zm00001eb264230",2,"C2"
"Zm00001eb297070",3,"C4"
"Zm00001eb266800",3,"C4"
"Zm00001eb286800",2,"C2"
"Zm00001eb283450",1,"C7"
"Zm00001eb261720",2,"C2"
"Zm00001eb295390",3,"C4"
"Zm00001eb265760",5,"C5"
"Zm00001eb297870",2,"C2"
"Zm00001eb278760",6,"C1"
"Zm00001eb275550",2,"C2"
"Zm00001eb276750",7,"C6"
"Zm00001eb281230",2,"C2"
"Zm00001eb272020",6,"C1"
"Zm00001eb294810",7,"C6"
"Zm00001eb272740",3,"C4"
"Zm00001eb297570",2,"C2"
"Zm00001eb284700",5,"C5"
"Zm00001eb293470",2,"C2"
"Zm00001eb283980",6,"C1"
"Zm00001eb275720",3,"C4"
"Zm00001eb274710",3,"C4"
"Zm00001eb292900",6,"C1"
"Zm00001eb276680",3,"C4"
"Zm00001eb289230",2,"C2"
"Zm00001eb279330",5,"C5"
"Zm00001eb295500",2,"C2"
"Zm00001eb293180",6,"C1"
"Zm00001eb282950",7,"C6"
"Zm00001eb279120",3,"C4"
"Zm00001eb268580",2,"C2"
"Zm00001eb268960",2,"C2"
"Zm00001eb272000",2,"C2"
"Zm00001eb289740",2,"C2"
"Zm00001eb276980",2,"C2"
"Zm00001eb287630",2,"C2"
"Zm00001eb293530",3,"C4"
"Zm00001eb295990",2,"C2"
"Zm00001eb295950",2,"C2"
"Zm00001eb261550",2,"C2"
"Zm00001eb281850",1,"C7"
"Zm00001eb273860",2,"C2"
"Zm00001eb270990",5,"C5"
"Zm00001eb288640",5,"C5"
"Zm00001eb279760",6,"C1"
"Zm00001eb270800",2,"C2"
"Zm00001eb273550",6,"C1"
"Zm00001eb266490",5,"C5"
"Zm00001eb280680",2,"C2"
"Zm00001eb283760",6,"C1"
"Zm00001eb293710",6,"C1"
"Zm00001eb281720",7,"C6"
"Zm00001eb284260",5,"C5"
"Zm00001eb293040",3,"C4"
"Zm00001eb267430",6,"C1"
"Zm00001eb290310",7,"C6"
"Zm00001eb269840",6,"C1"
"Zm00001eb274630",6,"C1"
"Zm00001eb285230",3,"C4"
"Zm00001eb286150",6,"C1"
"Zm00001eb295170",2,"C2"
"Zm00001eb271280",5,"C5"
"Zm00001eb273720",2,"C2"
"Zm00001eb267110",2,"C2"
"Zm00001eb295720",6,"C1"
"Zm00001eb284430",6,"C1"
"Zm00001eb277380",2,"C2"
"Zm00001eb296650",7,"C6"
"Zm00001eb272180",2,"C2"
"Zm00001eb285800",3,"C4"
"Zm00001eb287490",7,"C6"
"Zm00001eb278940",2,"C2"
"Zm00001eb293320",2,"C2"
"Zm00001eb273040",2,"C2"
"Zm00001eb269970",6,"C1"
"Zm00001eb264980",5,"C5"
"Zm00001eb287280",2,"C2"
"Zm00001eb297490",2,"C2"
"Zm00001eb282890",2,"C2"
"Zm00001eb291090",2,"C2"
"Zm00001eb297190",1,"C7"
"Zm00001eb291260",3,"C4"
"Zm00001eb264300",6,"C1"
"Zm00001eb272650",3,"C4"
"Zm00001eb288540",3,"C4"
"Zm00001eb273010",6,"C1"
"Zm00001eb291610",2,"C2"
"Zm00001eb261670",3,"C4"
"Zm00001eb285840",2,"C2"
"Zm00001eb272360",5,"C5"
"Zm00001eb279970",1,"C7"
"Zm00001eb282710",3,"C4"
"Zm00001eb277830",7,"C6"
"Zm00001eb272690",2,"C2"
"Zm00001eb294420",3,"C4"
"Zm00001eb291150",3,"C4"
"Zm00001eb280070",2,"C2"
"Zm00001eb289280",1,"C7"
"Zm00001eb291340",6,"C1"
"Zm00001eb282990",6,"C1"
"Zm00001eb280720",5,"C5"
"Zm00001eb281980",5,"C5"
"Zm00001eb291180",3,"C4"
"Zm00001eb294120",7,"C6"
"Zm00001eb266890",2,"C2"
"Zm00001eb279940",2,"C2"
"Zm00001eb286470",2,"C2"
"Zm00001eb284730",6,"C1"
"Zm00001eb289590",5,"C5"
"Zm00001eb265420",2,"C2"
"Zm00001eb268450",2,"C2"
"Zm00001eb288670",7,"C6"
"Zm00001eb296180",6,"C1"
"Zm00001eb260630",7,"C6"
"Zm00001eb292680",2,"C2"
"Zm00001eb296120",2,"C2"
"Zm00001eb271500",2,"C2"
"Zm00001eb269520",7,"C6"
"Zm00001eb297300",6,"C1"
"Zm00001eb292760",6,"C1"
"Zm00001eb266250",2,"C2"
"Zm00001eb278500",2,"C2"
"Zm00001eb296670",7,"C6"
"Zm00001eb265270",7,"C6"
"Zm00001eb270540",2,"C2"
"Zm00001eb294030",2,"C2"
"Zm00001eb286730",3,"C4"
"Zm00001eb289700",6,"C1"
"Zm00001eb260060",1,"C7"
"Zm00001eb270090",7,"C6"
"Zm00001eb295600",6,"C1"
"Zm00001eb276570",2,"C2"
"Zm00001eb288100",2,"C2"
"Zm00001eb268840",2,"C2"
"Zm00001eb283070",7,"C6"
"Zm00001eb292430",7,"C6"
"Zm00001eb273630",3,"C4"
"Zm00001eb287680",7,"C6"
"Zm00001eb293150",6,"C1"
"Zm00001eb288920",7,"C6"
"Zm00001eb261600",2,"C2"
"Zm00001eb275770",2,"C2"
"Zm00001eb286860",2,"C2"
"Zm00001eb266050",2,"C2"
"Zm00001eb279260",2,"C2"
"Zm00001eb260890",2,"C2"
"Zm00001eb293340",6,"C1"
"Zm00001eb285200",2,"C2"
"Zm00001eb261440",1,"C7"
"Zm00001eb287420",2,"C2"
"Zm00001eb282210",5,"C5"
"Zm00001eb293190",7,"C6"
"Zm00001eb271600",3,"C4"
"Zm00001eb294960",6,"C1"
"Zm00001eb282510",3,"C4"
"Zm00001eb264730",2,"C2"
"Zm00001eb292360",3,"C4"
"Zm00001eb285530",2,"C2"
"Zm00001eb283180",3,"C4"
"Zm00001eb292740",6,"C1"
"Zm00001eb274770",7,"C6"
"Zm00001eb269450",2,"C2"
"Zm00001eb297960",2,"C2"
"Zm00001eb293510",2,"C2"
"Zm00001eb281730",6,"C1"
"Zm00001eb278300",7,"C6"
"Zm00001eb271240",2,"C2"
"Zm00001eb273260",2,"C2"
"Zm00001eb294470",2,"C2"
"Zm00001eb266970",5,"C5"
"Zm00001eb272880",5,"C5"
"Zm00001eb286980",2,"C2"
"Zm00001eb279980",7,"C6"
"Zm00001eb275690",2,"C2"
"Zm00001eb294180",1,"C7"
"Zm00001eb288200",6,"C1"
"Zm00001eb295790",3,"C4"
"Zm00001eb290760",6,"C1"
"Zm00001eb260460",5,"C5"
"Zm00001eb268200",6,"C1"
"Zm00001eb263020",3,"C4"
"Zm00001eb287900",2,"C2"
"Zm00001eb272150",2,"C2"
"Zm00001eb278360",2,"C2"
"Zm00001eb271660",3,"C4"
"Zm00001eb281450",3,"C4"
"Zm00001eb289460",7,"C6"
"Zm00001eb295080",2,"C2"
"Zm00001eb270940",6,"C1"
"Zm00001eb260770",2,"C2"
"Zm00001eb261270",5,"C5"
"Zm00001eb284450",3,"C4"
"Zm00001eb295010",7,"C6"
"Zm00001eb292800",7,"C6"
"Zm00001eb288630",2,"C2"
"Zm00001eb295440",5,"C5"
"Zm00001eb287870",6,"C1"
"Zm00001eb292300",7,"C6"
"Zm00001eb285080",6,"C1"
"Zm00001eb283350",2,"C2"
"Zm00001eb296310",2,"C2"
"Zm00001eb287100",3,"C4"
"Zm00001eb264970",2,"C2"
"Zm00001eb288570",6,"C1"
"Zm00001eb289240",3,"C4"
"Zm00001eb292080",2,"C2"
"Zm00001eb293560",3,"C4"
"Zm00001eb271440",7,"C6"
"Zm00001eb273600",2,"C2"
"Zm00001eb287340",3,"C4"
"Zm00001eb285380",2,"C2"
"Zm00001eb270030",2,"C2"
"Zm00001eb283610",6,"C1"
"Zm00001eb271720",2,"C2"
"Zm00001eb289850",2,"C2"
"Zm00001eb295890",2,"C2"
"Zm00001eb279340",2,"C2"
"Zm00001eb287800",6,"C1"
"Zm00001eb268750",6,"C1"
"Zm00001eb295840",2,"C2"
"Zm00001eb297880",2,"C2"
"Zm00001eb266290",7,"C6"
"Zm00001eb282780",2,"C2"
"Zm00001eb277680",6,"C1"
"Zm00001eb271970",6,"C1"
"Zm00001eb272560",2,"C2"
"Zm00001eb274640",2,"C2"
"Zm00001eb286770",3,"C4"
"Zm00001eb289750",3,"C4"
"Zm00001eb261140",5,"C5"
"Zm00001eb280820",2,"C2"
"Zm00001eb268530",2,"C2"
"Zm00001eb275200",2,"C2"
"Zm00001eb260160",1,"C7"
"Zm00001eb277720",2,"C2"
"Zm00001eb295130",3,"C4"
"Zm00001eb283200",7,"C6"
"Zm00001eb289160",2,"C2"
"Zm00001eb278740",2,"C2"
"Zm00001eb261810",7,"C6"
"Zm00001eb267610",2,"C2"
"Zm00001eb272970",2,"C2"
"Zm00001eb283860",5,"C5"
"Zm00001eb291720",6,"C1"
"Zm00001eb269170",2,"C2"
"Zm00001eb278050",2,"C2"
"Zm00001eb268050",2,"C2"
"Zm00001eb282720",2,"C2"
"Zm00001eb286740",1,"C7"
"Zm00001eb273610",2,"C2"
"Zm00001eb275640",2,"C2"
"Zm00001eb283130",5,"C5"
"Zm00001eb285610",2,"C2"
"Zm00001eb268660",2,"C2"
"Zm00001eb269100",2,"C2"
"Zm00001eb295050",5,"C5"
"Zm00001eb273870",3,"C4"
"Zm00001eb281990",2,"C2"
"Zm00001eb264380",6,"C1"
"Zm00001eb294200",2,"C2"
"Zm00001eb274700",5,"C5"
"Zm00001eb292750",7,"C6"
"Zm00001eb288110",3,"C4"
"Zm00001eb296870",2,"C2"
"Zm00001eb275410",7,"C6"
"Zm00001eb282500",6,"C1"
"Zm00001eb270400",2,"C2"
"Zm00001eb270390",2,"C2"
"Zm00001eb268520",3,"C4"
"Zm00001eb289000",1,"C7"
"Zm00001eb280520",6,"C1"
"Zm00001eb292310",7,"C6"
"Zm00001eb284760",2,"C2"
"Zm00001eb288340",7,"C6"
"Zm00001eb291160",1,"C7"
"Zm00001eb260390",6,"C1"
"Zm00001eb295320",2,"C2"
"Zm00001eb295550",3,"C4"
"Zm00001eb285950",3,"C4"
"Zm00001eb279900",7,"C6"
"Zm00001eb265390",2,"C2"
"Zm00001eb284010",4,"C3"
"Zm00001eb294690",7,"C6"
"Zm00001eb260570",3,"C4"
"Zm00001eb272520",5,"C5"
"Zm00001eb267900",6,"C1"
"Zm00001eb289710",6,"C1"
"Zm00001eb291760",6,"C1"
"Zm00001eb287650",1,"C7"
"Zm00001eb283810",6,"C1"
"Zm00001eb266220",2,"C2"
"Zm00001eb282230",6,"C1"
"Zm00001eb272050",1,"C7"
"Zm00001eb272660",2,"C2"
"Zm00001eb291810",5,"C5"
"Zm00001eb286820",3,"C4"
"Zm00001eb289210",7,"C6"
"Zm00001eb261280",2,"C2"
"Zm00001eb288940",2,"C2"
"Zm00001eb286850",7,"C6"
"Zm00001eb281480",6,"C1"
"Zm00001eb297160",2,"C2"
"Zm00001eb291270",7,"C6"
"Zm00001eb287310",2,"C2"
"Zm00001eb277700",2,"C2"
"Zm00001eb293350",3,"C4"
"Zm00001eb292510",2,"C2"
"Zm00001eb278100",3,"C4"
"Zm00001eb279550",6,"C1"
"Zm00001eb266240",2,"C2"
"Zm00001eb270470",3,"C4"
"Zm00001eb268610",2,"C2"
"Zm00001eb285890",2,"C2"
"Zm00001eb286110",2,"C2"
"Zm00001eb295120",7,"C6"
"Zm00001eb270670",2,"C2"
"Zm00001eb288070",3,"C4"
"Zm00001eb296520",2,"C2"
"Zm00001eb296690",2,"C2"
"Zm00001eb294750",6,"C1"
"Zm00001eb284300",2,"C2"
"Zm00001eb277790",2,"C2"
"Zm00001eb293670",7,"C6"
"Zm00001eb267510",2,"C2"
"Zm00001eb260230",6,"C1"
"Zm00001eb281570",6,"C1"
"Zm00001eb282310",2,"C2"
"Zm00001eb296200",6,"C1"
"Zm00001eb261820",2,"C2"
"Zm00001eb277880",6,"C1"
"Zm00001eb266560",2,"C2"
"Zm00001eb273620",3,"C4"
"Zm00001eb261540",2,"C2"
"Zm00001eb290650",5,"C5"
"Zm00001eb275740",6,"C1"
"Zm00001eb267730",3,"C4"
"Zm00001eb278640",2,"C2"
"Zm00001eb283470",4,"C3"
"Zm00001eb286490",1,"C7"
"Zm00001eb290360",3,"C4"
"Zm00001eb272780",6,"C1"
"Zm00001eb293720",2,"C2"
"Zm00001eb285090",6,"C1"
"Zm00001eb291800",2,"C2"
"Zm00001eb270650",7,"C6"
"Zm00001eb295560",3,"C4"
"Zm00001eb264760",3,"C4"
"Zm00001eb275660",6,"C1"
"Zm00001eb266430",7,"C6"
"Zm00001eb261520",2,"C2"
"Zm00001eb294640",6,"C1"
"Zm00001eb296300",6,"C1"
"Zm00001eb289060",7,"C6"
"Zm00001eb264480",6,"C1"
"Zm00001eb295370",2,"C2"
"Zm00001eb259870",2,"C2"
"Zm00001eb286170",2,"C2"
"Zm00001eb289200",7,"C6"
"Zm00001eb288800",5,"C5"
"Zm00001eb272190",2,"C2"
"Zm00001eb280280",2,"C2"
"Zm00001eb296080",6,"C1"
"Zm00001eb296450",6,"C1"
"Zm00001eb260310",2,"C2"
"Zm00001eb282940",3,"C4"
"Zm00001eb285690",7,"C6"
"Zm00001eb278350",2,"C2"
"Zm00001eb280950",1,"C7"
"Zm00001eb288380",2,"C2"
"Zm00001eb288400",3,"C4"
"Zm00001eb291100",2,"C2"
"Zm00001eb274210",2,"C2"
"Zm00001eb274760",2,"C2"
"Zm00001eb295870",6,"C1"
"Zm00001eb267590",5,"C5"
"Zm00001eb279070",7,"C6"
"Zm00001eb271450",2,"C2"
"Zm00001eb280560",1,"C7"
"Zm00001eb296150",2,"C2"
"Zm00001eb266720",2,"C2"
"Zm00001eb263160",5,"C5"
"Zm00001eb287910",2,"C2"
"Zm00001eb267410",6,"C1"
"Zm00001eb269720",1,"C7"
"Zm00001eb279430",1,"C7"
"Zm00001eb297110",5,"C5"
"Zm00001eb281330",3,"C4"
"Zm00001eb280080",6,"C1"
"Zm00001eb261190",2,"C2"
"Zm00001eb280380",3,"C4"
"Zm00001eb291080",3,"C4"
"Zm00001eb271820",1,"C7"
"Zm00001eb279750",7,"C6"
"Zm00001eb284170",7,"C6"
"Zm00001eb281490",5,"C5"
"Zm00001eb261790",3,"C4"
"Zm00001eb295700",6,"C1"
"Zm00001eb292290",6,"C1"
"Zm00001eb285960",7,"C6"
"Zm00001eb284410",6,"C1"
"Zm00001eb291470",2,"C2"
"Zm00001eb278990",2,"C2"
"Zm00001eb282450",2,"C2"
"Zm00001eb278060",6,"C1"
"Zm00001eb265510",2,"C2"
"Zm00001eb264630",4,"C3"
"Zm00001eb277300",7,"C6"
"Zm00001eb261240",3,"C4"
"Zm00001eb289500",6,"C1"
"Zm00001eb295020",6,"C1"
"Zm00001eb297230",6,"C1"
"Zm00001eb278870",2,"C2"
"Zm00001eb278130",3,"C4"
"Zm00001eb296990",4,"C3"
"Zm00001eb295640",6,"C1"
"Zm00001eb276990",2,"C2"
"Zm00001eb287580",3,"C4"
"Zm00001eb272100",1,"C7"
"Zm00001eb282550",6,"C1"
"Zm00001eb271520",3,"C4"
"Zm00001eb282130",2,"C2"
"Zm00001eb289960",3,"C4"
"Zm00001eb287520",3,"C4"
"Zm00001eb272330",2,"C2"
"Zm00001eb295480",2,"C2"
"Zm00001eb284070",5,"C5"
"Zm00001eb290670",3,"C4"
"Zm00001eb275130",7,"C6"
"Zm00001eb277530",2,"C2"
"Zm00001eb288430",5,"C5"
"Zm00001eb294860",5,"C5"
"Zm00001eb290900",2,"C2"
"Zm00001eb268060",2,"C2"
"Zm00001eb269950",1,"C7"
"Zm00001eb283310",2,"C2"
"Zm00001eb281940",3,"C4"
"Zm00001eb287790",5,"C5"
"Zm00001eb279850",2,"C2"
"Zm00001eb270240",6,"C1"
"Zm00001eb276590",3,"C4"
"Zm00001eb289250",6,"C1"
"Zm00001eb260540",6,"C1"
"Zm00001eb279060",6,"C1"
"Zm00001eb293360",7,"C6"
"Zm00001eb266300",3,"C4"
"Zm00001eb275620",3,"C4"
"Zm00001eb293160",2,"C2"
"Zm00001eb292490",2,"C2"
"Zm00001eb295830",4,"C3"
"Zm00001eb277450",2,"C2"
"Zm00001eb287330",2,"C2"
"Zm00001eb290800",6,"C1"
"Zm00001eb284960",7,"C6"
"Zm00001eb269190",6,"C1"
"Zm00001eb280870",2,"C2"
"Zm00001eb264130",2,"C2"
"Zm00001eb260410",1,"C7"
"Zm00001eb286900",2,"C2"
"Zm00001eb289790",5,"C5"
"Zm00001eb294160",3,"C4"
"Zm00001eb273440",1,"C7"
"Zm00001eb297240",6,"C1"
"Zm00001eb280810",7,"C6"
"Zm00001eb296420",3,"C4"
"Zm00001eb265640",3,"C4"
"Zm00001eb293030",2,"C2"
"Zm00001eb274050",2,"C2"
"Zm00001eb287880",6,"C1"
"Zm00001eb276760",6,"C1"
"Zm00001eb282970",3,"C4"
"Zm00001eb289760",2,"C2"
"Zm00001eb288290",7,"C6"
"Zm00001eb270040",3,"C4"
"Zm00001eb287640",2,"C2"
"Zm00001eb273580",6,"C1"
"Zm00001eb271080",7,"C6"
"Zm00001eb273850",2,"C2"
"Zm00001eb288770",3,"C4"
"Zm00001eb274250",2,"C2"
"Zm00001eb273650",2,"C2"
"Zm00001eb294570",2,"C2"
"Zm00001eb274840",7,"C6"
"Zm00001eb273390",6,"C1"
"Zm00001eb282430",1,"C7"
"Zm00001eb274340",2,"C2"
"Zm00001eb293550",2,"C2"
"Zm00001eb279350",3,"C4"
"Zm00001eb281810",2,"C2"
"Zm00001eb293750",2,"C2"
"Zm00001eb285440",2,"C2"
"Zm00001eb280650",3,"C4"
"Zm00001eb278540",2,"C2"
"Zm00001eb267770",3,"C4"
"Zm00001eb280460",2,"C2"
"Zm00001eb287080",3,"C4"
"Zm00001eb293810",5,"C5"
"Zm00001eb282120",7,"C6"
"Zm00001eb268360",7,"C6"
"Zm00001eb269650",6,"C1"
"Zm00001eb277620",2,"C2"
"Zm00001eb284570",6,"C1"
"Zm00001eb269310",6,"C1"
"Zm00001eb282600",2,"C2"
"Zm00001eb276540",7,"C6"
"Zm00001eb292660",2,"C2"
"Zm00001eb268500",1,"C7"
"Zm00001eb280900",6,"C1"
"Zm00001eb290320",2,"C2"
"Zm00001eb283750",5,"C5"
"Zm00001eb260530",3,"C4"
"Zm00001eb279780",7,"C6"
"Zm00001eb292980",7,"C6"
"Zm00001eb284870",2,"C2"
"Zm00001eb267080",1,"C7"
"Zm00001eb280490",2,"C2"
"Zm00001eb265250",3,"C4"
"Zm00001eb297460",2,"C2"
"Zm00001eb290580",2,"C2"
"Zm00001eb284120",3,"C4"
"Zm00001eb297280",2,"C2"
"Zm00001eb295750",2,"C2"
"Zm00001eb297760",2,"C2"
"Zm00001eb285130",2,"C2"
"Zm00001eb289150",2,"C2"
"Zm00001eb267790",2,"C2"
"Zm00001eb285400",6,"C1"
"Zm00001eb267380",2,"C2"
"Zm00001eb274960",6,"C1"
"Zm00001eb284640",3,"C4"
"Zm00001eb283870",7,"C6"
"Zm00001eb266570",6,"C1"
"Zm00001eb288870",4,"C3"
"Zm00001eb289570",1,"C7"
"Zm00001eb264880",1,"C7"
"Zm00001eb274440",6,"C1"
"Zm00001eb283640",2,"C2"
"Zm00001eb259840",6,"C1"
"Zm00001eb271900",2,"C2"
"Zm00001eb294720",3,"C4"
"Zm00001eb278160",6,"C1"
"Zm00001eb278700",2,"C2"
"Zm00001eb272170",5,"C5"
"Zm00001eb295100",6,"C1"
"Zm00001eb288720",3,"C4"
"Zm00001eb260360",2,"C2"
"Zm00001eb280840",6,"C1"
"Zm00001eb296600",3,"C4"
"Zm00001eb272240",6,"C1"
"Zm00001eb270460",7,"C6"
"Zm00001eb293540",2,"C2"
"Zm00001eb297640",5,"C5"
"Zm00001eb271160",4,"C3"
"Zm00001eb270110",2,"C2"
"Zm00001eb286620",6,"C1"
"Zm00001eb274180",3,"C4"
"Zm00001eb272980",2,"C2"
"Zm00001eb283010",3,"C4"
"Zm00001eb289730",2,"C2"
"Zm00001eb283570",7,"C6"
"Zm00001eb292970",2,"C2"
"Zm00001eb278170",5,"C5"
"Zm00001eb282080",2,"C2"
"Zm00001eb293660",5,"C5"
"Zm00001eb274970",6,"C1"
"Zm00001eb278480",3,"C4"
"Zm00001eb267030",1,"C7"
"Zm00001eb283090",5,"C5"
"Zm00001eb294590",2,"C2"
"Zm00001eb267470",2,"C2"
"Zm00001eb271060",2,"C2"
"Zm00001eb275730",2,"C2"
"Zm00001eb297270",2,"C2"
"Zm00001eb260210",6,"C1"
"Zm00001eb266620",3,"C4"
"Zm00001eb288830",7,"C6"
"Zm00001eb273340",2,"C2"
"Zm00001eb292250",2,"C2"
"Zm00001eb289030",2,"C2"
"Zm00001eb265040",7,"C6"
"Zm00001eb286400",6,"C1"
"Zm00001eb294350",3,"C4"
"Zm00001eb285040",2,"C2"
"Zm00001eb285210",6,"C1"
"Zm00001eb279240",2,"C2"
"Zm00001eb296350",6,"C1"
"Zm00001eb287450",3,"C4"
"Zm00001eb287600",5,"C5"
"Zm00001eb269400",7,"C6"
"Zm00001eb260450",7,"C6"
"Zm00001eb292840",1,"C7"
"Zm00001eb297550",2,"C2"
"Zm00001eb265890",3,"C4"
"Zm00001eb292340",5,"C5"
"Zm00001eb294850",6,"C1"
"Zm00001eb272940",3,"C4"
"Zm00001eb260710",7,"C6"
"Zm00001eb285360",6,"C1"
"Zm00001eb289970",2,"C2"
"Zm00001eb289860",2,"C2"
"Zm00001eb287500",2,"C2"
"Zm00001eb282440",7,"C6"
"Zm00001eb264550",3,"C4"
"Zm00001eb279190",7,"C6"
"Zm00001eb260950",3,"C4"
"Zm00001eb274510",2,"C2"
"Zm00001eb269610",2,"C2"
"Zm00001eb267710",2,"C2"
"Zm00001eb295940",7,"C6"
"Zm00001eb292540",6,"C1"
"Zm00001eb289180",5,"C5"
"Zm00001eb276230",5,"C5"
"Zm00001eb281840",3,"C4"
"Zm00001eb270920",7,"C6"
"Zm00001eb277610",2,"C2"
"Zm00001eb277860",7,"C6"
"Zm00001eb271090",2,"C2"
"Zm00001eb260200",2,"C2"
"Zm00001eb284530",6,"C1"
"Zm00001eb268910",3,"C4"
"Zm00001eb286920",5,"C5"
"Zm00001eb275340",2,"C2"
"Zm00001eb297120",7,"C6"
"Zm00001eb278400",6,"C1"
"Zm00001eb278630",2,"C2"
"Zm00001eb274720",2,"C2"
"Zm00001eb280210",3,"C4"
"Zm00001eb265670",2,"C2"
"Zm00001eb296720",3,"C4"
"Zm00001eb283990",3,"C4"
"Zm00001eb282960",2,"C2"
"Zm00001eb296410",6,"C1"
"Zm00001eb278510",1,"C7"
"Zm00001eb271860",7,"C6"
"Zm00001eb268650",1,"C7"
"Zm00001eb265410",3,"C4"
"Zm00001eb295490",5,"C5"
"Zm00001eb275150",7,"C6"
"Zm00001eb269510",7,"C6"
"Zm00001eb289220",6,"C1"
"Zm00001eb288060",6,"C1"
"Zm00001eb291480",5,"C5"
"Zm00001eb293110",5,"C5"
"Zm00001eb294250",2,"C2"
"Zm00001eb284970",2,"C2"
"Zm00001eb265000",2,"C2"
"Zm00001eb273050",3,"C4"
"Zm00001eb280000",3,"C4"
"Zm00001eb288440",5,"C5"
"Zm00001eb294310",2,"C2"
"Zm00001eb291900",3,"C4"
"Zm00001eb265650",7,"C6"
"Zm00001eb297180",2,"C2"
"Zm00001eb297500",3,"C4"
"Zm00001eb294790",3,"C4"
"Zm00001eb282900",3,"C4"
"Zm00001eb284850",6,"C1"
"Zm00001eb283430",2,"C2"
"Zm00001eb272820",2,"C2"
"Zm00001eb288520",2,"C2"
"Zm00001eb273020",2,"C2"
"Zm00001eb295530",2,"C2"
"Zm00001eb279300",2,"C2"
"Zm00001eb288490",3,"C4"
"Zm00001eb293460",3,"C4"
"Zm00001eb295350",2,"C2"
"Zm00001eb263100",2,"C2"
"Zm00001eb272720",2,"C2"
"Zm00001eb284280",6,"C1"
"Zm00001eb277560",7,"C6"
"Zm00001eb288180",2,"C2"
"Zm00001eb265610",7,"C6"
"Zm00001eb287460",3,"C4"
"Zm00001eb273730",6,"C1"
"Zm00001eb269180",2,"C2"
"Zm00001eb279640",2,"C2"
"Zm00001eb276860",6,"C1"
"Zm00001eb293020",5,"C5"
"Zm00001eb293760",2,"C2"
"Zm00001eb275090",5,"C5"
"Zm00001eb274410",6,"C1"
"Zm00001eb282030",6,"C1"
"Zm00001eb297290",2,"C2"
"Zm00001eb280500",6,"C1"
"Zm00001eb273640",2,"C2"
"Zm00001eb277250",3,"C4"
"Zm00001eb290910",2,"C2"
"Zm00001eb296750",6,"C1"
"Zm00001eb279930",2,"C2"
"Zm00001eb267700",2,"C2"
"Zm00001eb295310",3,"C4"
"Zm00001eb280580",2,"C2"
"Zm00001eb288890",5,"C5"
"Zm00001eb285830",7,"C6"
"Zm00001eb277000",3,"C4"
"Zm00001eb269990",6,"C1"
"Zm00001eb288260",2,"C2"
"Zm00001eb272920",2,"C2"
"Zm00001eb283000",6,"C1"
"Zm00001eb288310",2,"C2"
"Zm00001eb278110",3,"C4"
"Zm00001eb277330",7,"C6"
"Zm00001eb279250",2,"C2"
"Zm00001eb285900",3,"C4"
"Zm00001eb295070",3,"C4"
"Zm00001eb293430",2,"C2"
"Zm00001eb268640",3,"C4"
"Zm00001eb293820",7,"C6"
"Zm00001eb260880",2,"C2"
"Zm00001eb295180",1,"C7"
"Zm00001eb290590",1,"C7"
"Zm00001eb290460",1,"C7"
"Zm00001eb284740",2,"C2"
"Zm00001eb271590",2,"C2"
"Zm00001eb269300",2,"C2"
"Zm00001eb293220",2,"C2"
"Zm00001eb294110",2,"C2"
"Zm00001eb289050",2,"C2"
"Zm00001eb296000",3,"C4"
"Zm00001eb271490",2,"C2"
"Zm00001eb283080",1,"C7"
"Zm00001eb275430",6,"C1"
"Zm00001eb268890",2,"C2"
"Zm00001eb283380",3,"C4"
"Zm00001eb296050",3,"C4"
"Zm00001eb274980",6,"C1"
"Zm00001eb272280",6,"C1"
"Zm00001eb289020",6,"C1"
"Zm00001eb296100",2,"C2"
"Zm00001eb279830",3,"C4"
"Zm00001eb273430",2,"C2"
"Zm00001eb260470",2,"C2"
"Zm00001eb276850",2,"C2"
"Zm00001eb268830",1,"C7"
"Zm00001eb281400",6,"C1"
"Zm00001eb273090",3,"C4"
"Zm00001eb293800",2,"C2"
"Zm00001eb271680",2,"C2"
"Zm00001eb294260",3,"C4"
"Zm00001eb289470",6,"C1"
"Zm00001eb286990",2,"C2"
"Zm00001eb275240",2,"C2"
"Zm00001eb272160",3,"C4"
"Zm00001eb293240",3,"C4"
"Zm00001eb274600",3,"C4"
"Zm00001eb280700",5,"C5"
"Zm00001eb278610",2,"C2"
"Zm00001eb292830",6,"C1"
"Zm00001eb270720",7,"C6"
"Zm00001eb278420",2,"C2"
"Zm00001eb261260",1,"C7"
"Zm00001eb294490",6,"C1"
"Zm00001eb261890",5,"C5"
"Zm00001eb274650",3,"C4"
"Zm00001eb287090",2,"C2"
"Zm00001eb285500",6,"C1"
"Zm00001eb265430",5,"C5"
"Zm00001eb295820",2,"C2"
"Zm00001eb280620",2,"C2"
"Zm00001eb289310",3,"C4"
"Zm00001eb295630",2,"C2"
"Zm00001eb283800",2,"C2"
"Zm00001eb297450",2,"C2"
"Zm00001eb292700",2,"C2"
"Zm00001eb278180",7,"C6"
"Zm00001eb297390",6,"C1"
"Zm00001eb296230",5,"C5"
"Zm00001eb287820",3,"C4"
"Zm00001eb279010",6,"C1"
"Zm00001eb291130",3,"C4"
"Zm00001eb295770",6,"C1"
"Zm00001eb295360",3,"C4"
"Zm00001eb260930",6,"C1"
"Zm00001eb286120",3,"C4"
"Zm00001eb286330",2,"C2"
"Zm00001eb292440",3,"C4"
"Zm00001eb283400",5,"C5"
"Zm00001eb286070",2,"C2"
"Zm00001eb292060",6,"C1"
"Zm00001eb297260",7,"C6"
"Zm00001eb261910",1,"C7"
"Zm00001eb286640",3,"C4"
"Zm00001eb296950",2,"C2"
"Zm00001eb293770",3,"C4"
"Zm00001eb268250",6,"C1"
"Zm00001eb268550",3,"C4"
"Zm00001eb278590",3,"C4"
"Zm00001eb283040",2,"C2"
"Zm00001eb290400",2,"C2"
"Zm00001eb291730",1,"C7"
"Zm00001eb278460",7,"C6"
"Zm00001eb291600",2,"C2"
"Zm00001eb273490",6,"C1"
"Zm00001eb294190",2,"C2"
"Zm00001eb287440",2,"C2"
"Zm00001eb274240",2,"C2"
"Zm00001eb260150",1,"C7"
"Zm00001eb267070",3,"C4"
"Zm00001eb260490",2,"C2"
"Zm00001eb271790",7,"C6"
"Zm00001eb269150",2,"C2"
"Zm00001eb268000",6,"C1"
"Zm00001eb270010",3,"C4"
"Zm00001eb292320",2,"C2"
"Zm00001eb294330",2,"C2"
"Zm00001eb287860",3,"C4"
"Zm00001eb289400",2,"C2"
"Zm00001eb274030",6,"C1"
"Zm00001eb285060",2,"C2"
"Zm00001eb285730",2,"C2"
"Zm00001eb292230",7,"C6"
"Zm00001eb271420",6,"C1"
"Zm00001eb277490",5,"C5"
"Zm00001eb264410",6,"C1"
"Zm00001eb267050",5,"C5"
"Zm00001eb261840",3,"C4"
"Zm00001eb287190",3,"C4"
"Zm00001eb261300",6,"C1"
"Zm00001eb273320",2,"C2"
"Zm00001eb274090",2,"C2"
"Zm00001eb294390",1,"C7"
"Zm00001eb277060",2,"C2"
"Zm00001eb273590",7,"C6"
"Zm00001eb288790",5,"C5"
"Zm00001eb294550",3,"C4"
"Zm00001eb276730",3,"C4"
"Zm00001eb273670",3,"C4"
"Zm00001eb275230",5,"C5"
"Zm00001eb277960",7,"C6"
"Zm00001eb274940",3,"C4"
"Zm00001eb284200",6,"C1"
"Zm00001eb281510",3,"C4"
"Zm00001eb293900",6,"C1"
"Zm00001eb281660",6,"C1"
"Zm00001eb260730",2,"C2"
"Zm00001eb284490",6,"C1"
"Zm00001eb281880",3,"C4"
"Zm00001eb280410",5,"C5"
"Zm00001eb287380",3,"C4"
"Zm00001eb281290",2,"C2"
"Zm00001eb288750",2,"C2"
"Zm00001eb277070",2,"C2"
"Zm00001eb274430",2,"C2"
"Zm00001eb285000",2,"C2"
"Zm00001eb294080",3,"C4"
"Zm00001eb294920",3,"C4"
"Zm00001eb285570",3,"C4"
"Zm00001eb283890",3,"C4"
"Zm00001eb265380",2,"C2"
"Zm00001eb260510",2,"C2"
"Zm00001eb264670",2,"C2"
"Zm00001eb284620",3,"C4"
"Zm00001eb291820",2,"C2"
"Zm00001eb262810",3,"C4"
"Zm00001eb294000",2,"C2"
"Zm00001eb289480",7,"C6"
"Zm00001eb287050",6,"C1"
"Zm00001eb264840",2,"C2"
"Zm00001eb260970",5,"C5"
"Zm00001eb289810",7,"C6"
"Zm00001eb264150",6,"C1"
"Zm00001eb278530",2,"C2"
"Zm00001eb295040",2,"C2"
"Zm00001eb290510",2,"C2"
"Zm00001eb276170",2,"C2"
"Zm00001eb280120",3,"C4"
"Zm00001eb282250",6,"C1"
"Zm00001eb260130",6,"C1"
"Zm00001eb282920",6,"C1"
"Zm00001eb270840",3,"C4"
"Zm00001eb285910",3,"C4"
"Zm00001eb273220",2,"C2"
"Zm00001eb290920",7,"C6"
"Zm00001eb286750",1,"C7"
"Zm00001eb268510",5,"C5"
"Zm00001eb280750",6,"C1"
"Zm00001eb288550",3,"C4"
"Zm00001eb293830",5,"C5"
"Zm00001eb267140",7,"C6"
"Zm00001eb274200",2,"C2"
"Zm00001eb273900",7,"C6"
"Zm00001eb293130",6,"C1"
"Zm00001eb295520",2,"C2"
"Zm00001eb282660",3,"C4"
"Zm00001eb260380",2,"C2"
"Zm00001eb283510",3,"C4"
"Zm00001eb295460",2,"C2"
"Zm00001eb296190",6,"C1"
"Zm00001eb288700",5,"C5"
"Zm00001eb260320",5,"C5"
"Zm00001eb281750",5,"C5"
"Zm00001eb271150",6,"C1"
"Zm00001eb294230",2,"C2"
"Zm00001eb275220",6,"C1"
"Zm00001eb264110",2,"C2"
"Zm00001eb280920",2,"C2"
"Zm00001eb284320",7,"C6"
"Zm00001eb292690",4,"C3"
"Zm00001eb260800",7,"C6"
"Zm00001eb293690",6,"C1"
"Zm00001eb297610",3,"C4"
"Zm00001eb280010",6,"C1"
"Zm00001eb295910",6,"C1"
"Zm00001eb296400",7,"C6"
"Zm00001eb288150",1,"C7"
"Zm00001eb260240",2,"C2"
"Zm00001eb270250",2,"C2"
"Zm00001eb282750",2,"C2"
"Zm00001eb279160",6,"C1"
"Zm00001eb281600",2,"C2"
"Zm00001eb291550",6,"C1"
"Zm00001eb297430",3,"C4"
"Zm00001eb295880",3,"C4"
"Zm00001eb289820",2,"C2"
"Zm00001eb287250",5,"C5"
"Zm00001eb289920",6,"C1"
"Zm00001eb264750",6,"C1"
"Zm00001eb294280",3,"C4"
"Zm00001eb265820",2,"C2"
"Zm00001eb294990",2,"C2"
"Zm00001eb262610",2,"C2"
"Zm00001eb289390",2,"C2"
"Zm00001eb261170",2,"C2"
"Zm00001eb281080",2,"C2"
"Zm00001eb272010",2,"C2"
"Zm00001eb264660",1,"C7"
"Zm00001eb287160",2,"C2"
"Zm00001eb286340",2,"C2"
"Zm00001eb285880",1,"C7"
"Zm00001eb278580",2,"C2"
"Zm00001eb281160",2,"C2"
"Zm00001eb280100",6,"C1"
"Zm00001eb291460",7,"C6"
"Zm00001eb267580",3,"C4"
"Zm00001eb279570",2,"C2"
"Zm00001eb287740",3,"C4"
"Zm00001eb266810",2,"C2"
"Zm00001eb265200",3,"C4"
"Zm00001eb296220",7,"C6"
"Zm00001eb269110",6,"C1"
"Zm00001eb261700",2,"C2"
"Zm00001eb282300",7,"C6"
"Zm00001eb294780",2,"C2"
"Zm00001eb291630",6,"C1"
"Zm00001eb291660",2,"C2"
"Zm00001eb281340",3,"C4"
"Zm00001eb274290",3,"C4"
"Zm00001eb275390",6,"C1"
"Zm00001eb285390",3,"C4"
"Zm00001eb290120",2,"C2"
"Zm00001eb285640",3,"C4"
"Zm00001eb277420",1,"C7"
"Zm00001eb271750",2,"C2"
"Zm00001eb285100",6,"C1"
"Zm00001eb272300",6,"C1"
"Zm00001eb277870",5,"C5"
"Zm00001eb278650",2,"C2"
"Zm00001eb287230",7,"C6"
"Zm00001eb278890",2,"C2"
"Zm00001eb270000",2,"C2"
"Zm00001eb296740",7,"C6"
"Zm00001eb264810",3,"C4"
"Zm00001eb296700",2,"C2"
"Zm00001eb277100",7,"C6"
"Zm00001eb286030",3,"C4"
"Zm00001eb270420",7,"C6"
"Zm00001eb260580",6,"C1"
"Zm00001eb288730",5,"C5"
"Zm00001eb272540",3,"C4"
"Zm00001eb395490",2,"C2"
"Zm00001eb387030",7,"C6"
"Zm00001eb394580",2,"C2"
"Zm00001eb403420",3,"C4"
"Zm00001eb400310",3,"C4"
"Zm00001eb402220",1,"C7"
"Zm00001eb378010",2,"C2"
"Zm00001eb388780",3,"C4"
"Zm00001eb386750",6,"C1"
"Zm00001eb390980",2,"C2"
"Zm00001eb385870",2,"C2"
"Zm00001eb382540",3,"C4"
"Zm00001eb400750",5,"C5"
"Zm00001eb400240",6,"C1"
"Zm00001eb376650",7,"C6"
"Zm00001eb377970",2,"C2"
"Zm00001eb373120",7,"C6"
"Zm00001eb374110",7,"C6"
"Zm00001eb394590",2,"C2"
"Zm00001eb401320",2,"C2"
"Zm00001eb381980",7,"C6"
"Zm00001eb397090",2,"C2"
"Zm00001eb390320",2,"C2"
"Zm00001eb390500",2,"C2"
"Zm00001eb404070",2,"C2"
"Zm00001eb393790",6,"C1"
"Zm00001eb379130",7,"C6"
"Zm00001eb399090",6,"C1"
"Zm00001eb401230",5,"C5"
"Zm00001eb391190",7,"C6"
"Zm00001eb385420",6,"C1"
"Zm00001eb375220",6,"C1"
"Zm00001eb402540",3,"C4"
"Zm00001eb377540",4,"C3"
"Zm00001eb397500",2,"C2"
"Zm00001eb377760",3,"C4"
"Zm00001eb378720",1,"C7"
"Zm00001eb383310",5,"C5"
"Zm00001eb396090",2,"C2"
"Zm00001eb385900",2,"C2"
"Zm00001eb372830",3,"C4"
"Zm00001eb373520",4,"C3"
"Zm00001eb394460",3,"C4"
"Zm00001eb374470",7,"C6"
"Zm00001eb404700",2,"C2"
"Zm00001eb401900",3,"C4"
"Zm00001eb379840",6,"C1"
"Zm00001eb394930",7,"C6"
"Zm00001eb399480",6,"C1"
"Zm00001eb388670",6,"C1"
"Zm00001eb389420",7,"C6"
"Zm00001eb387850",3,"C4"
"Zm00001eb386310",3,"C4"
"Zm00001eb398820",7,"C6"
"Zm00001eb404390",6,"C1"
"Zm00001eb401720",7,"C6"
"Zm00001eb372700",2,"C2"
"Zm00001eb401530",3,"C4"
"Zm00001eb397770",6,"C1"
"Zm00001eb388340",2,"C2"
"Zm00001eb397310",3,"C4"
"Zm00001eb372900",6,"C1"
"Zm00001eb374080",6,"C1"
"Zm00001eb388820",2,"C2"
"Zm00001eb386920",2,"C2"
"Zm00001eb397700",7,"C6"
"Zm00001eb388550",2,"C2"
"Zm00001eb390490",3,"C4"
"Zm00001eb403550",3,"C4"
"Zm00001eb403270",2,"C2"
"Zm00001eb393940",2,"C2"
"Zm00001eb384260",2,"C2"
"Zm00001eb385970",3,"C4"
"Zm00001eb379660",2,"C2"
"Zm00001eb401990",2,"C2"
"Zm00001eb398170",2,"C2"
"Zm00001eb380950",6,"C1"
"Zm00001eb396450",5,"C5"
"Zm00001eb389840",2,"C2"
"Zm00001eb399640",3,"C4"
"Zm00001eb389370",3,"C4"
"Zm00001eb372150",3,"C4"
"Zm00001eb389930",1,"C7"
"Zm00001eb394410",2,"C2"
"Zm00001eb402080",2,"C2"
"Zm00001eb390830",5,"C5"
"Zm00001eb387430",3,"C4"
"Zm00001eb401480",3,"C4"
"Zm00001eb376720",2,"C2"
"Zm00001eb395100",2,"C2"
"Zm00001eb379530",2,"C2"
"Zm00001eb387250",2,"C2"
"Zm00001eb402520",7,"C6"
"Zm00001eb380680",7,"C6"
"Zm00001eb378600",2,"C2"
"Zm00001eb374450",3,"C4"
"Zm00001eb399350",2,"C2"
"Zm00001eb400470",7,"C6"
"Zm00001eb378790",6,"C1"
"Zm00001eb376570",5,"C5"
"Zm00001eb386390",2,"C2"
"Zm00001eb389960",2,"C2"
"Zm00001eb383570",2,"C2"
"Zm00001eb392750",5,"C5"
"Zm00001eb403700",6,"C1"
"Zm00001eb374380",6,"C1"
"Zm00001eb374100",7,"C6"
"Zm00001eb389050",2,"C2"
"Zm00001eb392030",2,"C2"
"Zm00001eb372980",2,"C2"
"Zm00001eb377430",7,"C6"
"Zm00001eb399030",6,"C1"
"Zm00001eb398550",2,"C2"
"Zm00001eb387280",4,"C3"
"Zm00001eb390590",2,"C2"
"Zm00001eb393170",2,"C2"
"Zm00001eb393720",2,"C2"
"Zm00001eb388050",7,"C6"
"Zm00001eb402950",6,"C1"
"Zm00001eb380860",1,"C7"
"Zm00001eb398230",6,"C1"
"Zm00001eb375130",5,"C5"
"Zm00001eb391280",7,"C6"
"Zm00001eb401080",2,"C2"
"Zm00001eb391600",1,"C7"
"Zm00001eb401450",6,"C1"
"Zm00001eb389720",3,"C4"
"Zm00001eb398510",2,"C2"
"Zm00001eb387730",1,"C7"
"Zm00001eb378980",7,"C6"
"Zm00001eb374780",2,"C2"
"Zm00001eb401150",2,"C2"
"Zm00001eb385410",7,"C6"
"Zm00001eb402630",5,"C5"
"Zm00001eb375530",2,"C2"
"Zm00001eb398010",3,"C4"
"Zm00001eb402400",2,"C2"
"Zm00001eb386050",5,"C5"
"Zm00001eb399120",4,"C3"
"Zm00001eb373970",1,"C7"
"Zm00001eb376750",6,"C1"
"Zm00001eb396710",7,"C6"
"Zm00001eb393270",6,"C1"
"Zm00001eb403820",3,"C4"
"Zm00001eb401790",2,"C2"
"Zm00001eb380430",3,"C4"
"Zm00001eb394240",2,"C2"
"Zm00001eb384760",3,"C4"
"Zm00001eb395300",2,"C2"
"Zm00001eb396440",6,"C1"
"Zm00001eb394540",6,"C1"
"Zm00001eb386150",3,"C4"
"Zm00001eb389870",1,"C7"
"Zm00001eb404260",2,"C2"
"Zm00001eb398340",2,"C2"
"Zm00001eb386220",5,"C5"
"Zm00001eb394120",2,"C2"
"Zm00001eb385280",3,"C4"
"Zm00001eb390790",2,"C2"
"Zm00001eb390190",5,"C5"
"Zm00001eb404100",7,"C6"
"Zm00001eb399860",5,"C5"
"Zm00001eb393970",6,"C1"
"Zm00001eb395410",6,"C1"
"Zm00001eb400530",3,"C4"
"Zm00001eb400610",3,"C4"
"Zm00001eb385040",7,"C6"
"Zm00001eb393300",5,"C5"
"Zm00001eb374600",2,"C2"
"Zm00001eb390410",3,"C4"
"Zm00001eb404710",3,"C4"
"Zm00001eb373040",2,"C2"
"Zm00001eb373900",3,"C4"
"Zm00001eb384690",7,"C6"
"Zm00001eb390630",3,"C4"
"Zm00001eb372570",7,"C6"
"Zm00001eb387750",2,"C2"
"Zm00001eb393530",7,"C6"
"Zm00001eb373800",6,"C1"
"Zm00001eb378440",3,"C4"
"Zm00001eb375730",7,"C6"
"Zm00001eb395520",3,"C4"
"Zm00001eb401060",3,"C4"
"Zm00001eb373290",1,"C7"
"Zm00001eb398390",6,"C1"
"Zm00001eb403750",2,"C2"
"Zm00001eb397390",2,"C2"
"Zm00001eb378000",2,"C2"
"Zm00001eb392700",5,"C5"
"Zm00001eb386450",6,"C1"
"Zm00001eb376600",7,"C6"
"Zm00001eb403560",6,"C1"
"Zm00001eb386190",2,"C2"
"Zm00001eb379340",7,"C6"
"Zm00001eb377350",3,"C4"
"Zm00001eb387870",6,"C1"
"Zm00001eb383060",2,"C2"
"Zm00001eb395510",5,"C5"
"Zm00001eb394760",3,"C4"
"Zm00001eb400640",2,"C2"
"Zm00001eb400040",1,"C7"
"Zm00001eb398080",3,"C4"
"Zm00001eb402550",6,"C1"
"Zm00001eb380690",6,"C1"
"Zm00001eb385260",6,"C1"
"Zm00001eb400490",2,"C2"
"Zm00001eb378810",2,"C2"
"Zm00001eb379480",3,"C4"
"Zm00001eb380200",7,"C6"
"Zm00001eb404320",2,"C2"
"Zm00001eb403450",6,"C1"
"Zm00001eb404120",7,"C6"
"Zm00001eb402440",3,"C4"
"Zm00001eb383330",7,"C6"
"Zm00001eb403880",5,"C5"
"Zm00001eb394080",2,"C2"
"Zm00001eb396530",3,"C4"
"Zm00001eb389540",7,"C6"
"Zm00001eb389910",2,"C2"
"Zm00001eb395970",7,"C6"
"Zm00001eb400230",6,"C1"
"Zm00001eb372200",5,"C5"
"Zm00001eb379920",3,"C4"
"Zm00001eb377830",6,"C1"
"Zm00001eb374230",1,"C7"
"Zm00001eb397150",5,"C5"
"Zm00001eb396030",2,"C2"
"Zm00001eb393610",6,"C1"
"Zm00001eb386160",2,"C2"
"Zm00001eb374640",2,"C2"
"Zm00001eb380390",2,"C2"
"Zm00001eb378030",7,"C6"
"Zm00001eb390580",2,"C2"
"Zm00001eb394190",2,"C2"
"Zm00001eb391550",6,"C1"
"Zm00001eb396350",2,"C2"
"Zm00001eb399100",7,"C6"
"Zm00001eb375480",5,"C5"
"Zm00001eb390100",2,"C2"
"Zm00001eb372070",2,"C2"
"Zm00001eb372860",3,"C4"
"Zm00001eb379090",1,"C7"
"Zm00001eb387360",2,"C2"
"Zm00001eb387010",7,"C6"
"Zm00001eb394480",2,"C2"
"Zm00001eb392000",3,"C4"
"Zm00001eb402560",5,"C5"
"Zm00001eb401030",1,"C7"
"Zm00001eb398140",3,"C4"
"Zm00001eb398600",2,"C2"
"Zm00001eb404250",2,"C2"
"Zm00001eb402740",5,"C5"
"Zm00001eb390520",6,"C1"
"Zm00001eb387970",6,"C1"
"Zm00001eb402710",5,"C5"
"Zm00001eb395780",5,"C5"
"Zm00001eb404020",3,"C4"
"Zm00001eb389800",5,"C5"
"Zm00001eb382070",1,"C7"
"Zm00001eb382580",2,"C2"
"Zm00001eb404670",3,"C4"
"Zm00001eb378640",7,"C6"
"Zm00001eb403010",3,"C4"
"Zm00001eb381770",2,"C2"
"Zm00001eb376660",3,"C4"
"Zm00001eb394700",2,"C2"
"Zm00001eb373180",2,"C2"
"Zm00001eb388990",7,"C6"
"Zm00001eb373650",2,"C2"
"Zm00001eb387520",7,"C6"
"Zm00001eb382380",3,"C4"
"Zm00001eb401630",6,"C1"
"Zm00001eb392400",3,"C4"
"Zm00001eb372220",2,"C2"
"Zm00001eb396650",3,"C4"
"Zm00001eb377920",2,"C2"
"Zm00001eb400280",2,"C2"
"Zm00001eb395270",3,"C4"
"Zm00001eb392220",3,"C4"
"Zm00001eb404510",6,"C1"
"Zm00001eb400820",2,"C2"
"Zm00001eb374160",3,"C4"
"Zm00001eb384810",6,"C1"
"Zm00001eb377130",3,"C4"
"Zm00001eb374090",7,"C6"
"Zm00001eb386870",2,"C2"
"Zm00001eb380260",7,"C6"
"Zm00001eb381870",2,"C2"
"Zm00001eb381630",2,"C2"
"Zm00001eb401370",6,"C1"
"Zm00001eb389950",6,"C1"
"Zm00001eb385600",2,"C2"
"Zm00001eb402910",6,"C1"
"Zm00001eb388040",6,"C1"
"Zm00001eb378270",6,"C1"
"Zm00001eb378590",2,"C2"
"Zm00001eb396920",7,"C6"
"Zm00001eb374870",2,"C2"
"Zm00001eb379190",7,"C6"
"Zm00001eb383400",6,"C1"
"Zm00001eb395640",3,"C4"
"Zm00001eb386290",6,"C1"
"Zm00001eb404550",2,"C2"
"Zm00001eb394920",2,"C2"
"Zm00001eb391750",3,"C4"
"Zm00001eb378990",2,"C2"
"Zm00001eb393140",2,"C2"
"Zm00001eb394940",2,"C2"
"Zm00001eb387100",2,"C2"
"Zm00001eb384620",7,"C6"
"Zm00001eb377260",5,"C5"
"Zm00001eb394180",2,"C2"
"Zm00001eb397440",2,"C2"
"Zm00001eb399930",2,"C2"
"Zm00001eb375250",7,"C6"
"Zm00001eb403780",1,"C7"
"Zm00001eb400850",3,"C4"
"Zm00001eb395630",6,"C1"
"Zm00001eb389440",1,"C7"
"Zm00001eb390530",2,"C2"
"Zm00001eb387140",3,"C4"
"Zm00001eb375600",6,"C1"
"Zm00001eb380570",6,"C1"
"Zm00001eb392250",3,"C4"
"Zm00001eb397190",7,"C6"
"Zm00001eb399010",2,"C2"
"Zm00001eb383910",2,"C2"
"Zm00001eb372390",7,"C6"
"Zm00001eb397670",7,"C6"
"Zm00001eb400460",2,"C2"
"Zm00001eb382160",2,"C2"
"Zm00001eb372750",4,"C3"
"Zm00001eb399630",2,"C2"
"Zm00001eb394230",6,"C1"
"Zm00001eb403760",1,"C7"
"Zm00001eb385960",7,"C6"
"Zm00001eb397720",5,"C5"
"Zm00001eb404090",2,"C2"
"Zm00001eb402290",1,"C7"
"Zm00001eb379890",2,"C2"
"Zm00001eb376730",5,"C5"
"Zm00001eb389660",7,"C6"
"Zm00001eb387560",3,"C4"
"Zm00001eb397400",3,"C4"
"Zm00001eb375510",6,"C1"
"Zm00001eb385850",6,"C1"
"Zm00001eb399060",3,"C4"
"Zm00001eb401360",3,"C4"
"Zm00001eb402980",2,"C2"
"Zm00001eb394910",2,"C2"
"Zm00001eb386590",2,"C2"
"Zm00001eb396860",2,"C2"
"Zm00001eb404110",3,"C4"
"Zm00001eb376040",2,"C2"
"Zm00001eb393840",6,"C1"
"Zm00001eb399840",2,"C2"
"Zm00001eb390640",5,"C5"
"Zm00001eb376490",6,"C1"
"Zm00001eb399900",7,"C6"
"Zm00001eb394850",2,"C2"
"Zm00001eb403530",6,"C1"
"Zm00001eb394510",7,"C6"
"Zm00001eb392880",3,"C4"
"Zm00001eb386770",3,"C4"
"Zm00001eb389570",6,"C1"
"Zm00001eb376670",2,"C2"
"Zm00001eb380040",2,"C2"
"Zm00001eb376160",1,"C7"
"Zm00001eb392090",1,"C7"
"Zm00001eb395250",2,"C2"
"Zm00001eb374300",2,"C2"
"Zm00001eb391060",2,"C2"
"Zm00001eb400680",2,"C2"
"Zm00001eb374360",3,"C4"
"Zm00001eb379830",2,"C2"
"Zm00001eb397870",2,"C2"
"Zm00001eb400550",2,"C2"
"Zm00001eb397070",6,"C1"
"Zm00001eb394390",6,"C1"
"Zm00001eb393730",5,"C5"
"Zm00001eb372970",2,"C2"
"Zm00001eb398120",7,"C6"
"Zm00001eb396930",3,"C4"
"Zm00001eb396330",3,"C4"
"Zm00001eb402960",2,"C2"
"Zm00001eb390370",5,"C5"
"Zm00001eb399830",3,"C4"
"Zm00001eb375140",6,"C1"
"Zm00001eb378970",6,"C1"
"Zm00001eb395120",7,"C6"
"Zm00001eb403120",6,"C1"
"Zm00001eb398370",5,"C5"
"Zm00001eb374760",2,"C2"
"Zm00001eb382360",3,"C4"
"Zm00001eb388430",5,"C5"
"Zm00001eb394440",6,"C1"
"Zm00001eb382730",6,"C1"
"Zm00001eb371760",2,"C2"
"Zm00001eb384860",6,"C1"
"Zm00001eb378870",6,"C1"
"Zm00001eb401550",2,"C2"
"Zm00001eb387810",3,"C4"
"Zm00001eb398050",3,"C4"
"Zm00001eb382690",2,"C2"
"Zm00001eb374440",2,"C2"
"Zm00001eb379260",5,"C5"
"Zm00001eb378230",2,"C2"
"Zm00001eb378020",1,"C7"
"Zm00001eb372790",2,"C2"
"Zm00001eb404680",2,"C2"
"Zm00001eb379570",1,"C7"
"Zm00001eb374830",3,"C4"
"Zm00001eb404350",6,"C1"
"Zm00001eb403980",7,"C6"
"Zm00001eb403060",2,"C2"
"Zm00001eb393920",7,"C6"
"Zm00001eb398870",7,"C6"
"Zm00001eb382320",3,"C4"
"Zm00001eb398530",7,"C6"
"Zm00001eb385570",7,"C6"
"Zm00001eb381670",5,"C5"
"Zm00001eb378340",2,"C2"
"Zm00001eb386940",2,"C2"
"Zm00001eb393200",2,"C2"
"Zm00001eb381450",2,"C2"
"Zm00001eb372330",3,"C4"
"Zm00001eb388110",3,"C4"
"Zm00001eb383160",5,"C5"
"Zm00001eb394250",2,"C2"
"Zm00001eb377860",2,"C2"
"Zm00001eb395280",2,"C2"
"Zm00001eb385490",2,"C2"
"Zm00001eb373580",5,"C5"
"Zm00001eb389500",3,"C4"
"Zm00001eb387780",1,"C7"
"Zm00001eb402750",6,"C1"
"Zm00001eb402570",2,"C2"
"Zm00001eb394010",7,"C6"
"Zm00001eb392580",4,"C3"
"Zm00001eb397930",6,"C1"
"Zm00001eb391530",2,"C2"
"Zm00001eb377300",5,"C5"
"Zm00001eb375200",5,"C5"
"Zm00001eb378830",7,"C6"
"Zm00001eb380460",2,"C2"
"Zm00001eb398540",6,"C1"
"Zm00001eb400220",5,"C5"
"Zm00001eb374460",3,"C4"
"Zm00001eb380640",6,"C1"
"Zm00001eb403400",2,"C2"
"Zm00001eb403680",2,"C2"
"Zm00001eb403790",6,"C1"
"Zm00001eb399800",6,"C1"
"Zm00001eb400380",2,"C2"
"Zm00001eb372500",2,"C2"
"Zm00001eb375230",2,"C2"
"Zm00001eb382810",3,"C4"
"Zm00001eb397510",2,"C2"
"Zm00001eb395760",4,"C3"
"Zm00001eb388770",2,"C2"
"Zm00001eb397270",4,"C3"
"Zm00001eb385790",5,"C5"
"Zm00001eb404430",7,"C6"
"Zm00001eb392190",3,"C4"
"Zm00001eb394610",2,"C2"
"Zm00001eb392120",2,"C2"
"Zm00001eb371730",7,"C6"
"Zm00001eb390440",2,"C2"
"Zm00001eb402460",6,"C1"
"Zm00001eb397180",3,"C4"
"Zm00001eb396470",5,"C5"
"Zm00001eb398660",6,"C1"
"Zm00001eb374350",3,"C4"
"Zm00001eb393450",3,"C4"
"Zm00001eb404270",2,"C2"
"Zm00001eb382490",7,"C6"
"Zm00001eb379250",3,"C4"
"Zm00001eb395480",3,"C4"
"Zm00001eb371770",3,"C4"
"Zm00001eb384110",1,"C7"
"Zm00001eb400060",3,"C4"
"Zm00001eb395790",6,"C1"
"Zm00001eb384950",2,"C2"
"Zm00001eb401700",6,"C1"
"Zm00001eb400970",2,"C2"
"Zm00001eb380520",7,"C6"
"Zm00001eb376630",6,"C1"
"Zm00001eb375270",6,"C1"
"Zm00001eb389210",7,"C6"
"Zm00001eb395240",3,"C4"
"Zm00001eb402390",7,"C6"
"Zm00001eb388790",2,"C2"
"Zm00001eb391740",5,"C5"
"Zm00001eb376850",3,"C4"
"Zm00001eb378780",6,"C1"
"Zm00001eb401250",6,"C1"
"Zm00001eb379120",5,"C5"
"Zm00001eb386000",3,"C4"
"Zm00001eb388030",3,"C4"
"Zm00001eb375760",2,"C2"
"Zm00001eb371640",3,"C4"
"Zm00001eb379280",5,"C5"
"Zm00001eb375420",2,"C2"
"Zm00001eb379140",7,"C6"
"Zm00001eb391730",1,"C7"
"Zm00001eb388830",2,"C2"
"Zm00001eb389430",1,"C7"
"Zm00001eb379020",2,"C2"
"Zm00001eb391500",3,"C4"
"Zm00001eb397760",6,"C1"
"Zm00001eb398380",3,"C4"
"Zm00001eb392160",2,"C2"
"Zm00001eb390210",6,"C1"
"Zm00001eb379590",2,"C2"
"Zm00001eb402920",6,"C1"
"Zm00001eb397910",2,"C2"
"Zm00001eb376790",1,"C7"
"Zm00001eb374200",2,"C2"
"Zm00001eb386910",7,"C6"
"Zm00001eb374510",2,"C2"
"Zm00001eb383320",6,"C1"
"Zm00001eb381520",5,"C5"
"Zm00001eb397290",2,"C2"
"Zm00001eb394470",2,"C2"
"Zm00001eb397980",2,"C2"
"Zm00001eb394950",1,"C7"
"Zm00001eb399910",2,"C2"
"Zm00001eb386990",3,"C4"
"Zm00001eb377470",6,"C1"
"Zm00001eb401540",2,"C2"
"Zm00001eb387800",6,"C1"
"Zm00001eb381970",6,"C1"
"Zm00001eb404560",3,"C4"
"Zm00001eb397170",2,"C2"
"Zm00001eb397660",3,"C4"
"Zm00001eb393060",5,"C5"
"Zm00001eb387950",2,"C2"
"Zm00001eb399440",2,"C2"
"Zm00001eb399450",7,"C6"
"Zm00001eb400720",2,"C2"
"Zm00001eb378430",7,"C6"
"Zm00001eb400340",2,"C2"
"Zm00001eb375210",7,"C6"
"Zm00001eb400580",5,"C5"
"Zm00001eb386640",6,"C1"
"Zm00001eb400210",6,"C1"
"Zm00001eb403430",2,"C2"
"Zm00001eb375240",6,"C1"
"Zm00001eb385590",5,"C5"
"Zm00001eb372600",5,"C5"
"Zm00001eb386830",3,"C4"
"Zm00001eb386680",1,"C7"
"Zm00001eb387770",7,"C6"
"Zm00001eb376970",7,"C6"
"Zm00001eb401200",6,"C1"
"Zm00001eb383120",7,"C6"
"Zm00001eb379350",2,"C2"
"Zm00001eb389010",5,"C5"
"Zm00001eb398750",1,"C7"
"Zm00001eb403460",2,"C2"
"Zm00001eb387370",3,"C4"
"Zm00001eb376480",2,"C2"
"Zm00001eb400350",2,"C2"
"Zm00001eb398490",3,"C4"
"Zm00001eb395750",7,"C6"
"Zm00001eb377210",3,"C4"
"Zm00001eb390650",5,"C5"
"Zm00001eb400100",2,"C2"
"Zm00001eb397430",3,"C4"
"Zm00001eb382170",2,"C2"
"Zm00001eb404080",2,"C2"
"Zm00001eb399580",2,"C2"
"Zm00001eb404180",6,"C1"
"Zm00001eb386480",1,"C7"
"Zm00001eb388750",6,"C1"
"Zm00001eb393660",3,"C4"
"Zm00001eb403730",3,"C4"
"Zm00001eb404290",7,"C6"
"Zm00001eb404340",2,"C2"
"Zm00001eb391070",5,"C5"
"Zm00001eb402730",3,"C4"
"Zm00001eb403220",2,"C2"
"Zm00001eb393290",3,"C4"
"Zm00001eb398830",2,"C2"
"Zm00001eb389230",2,"C2"
"Zm00001eb397230",3,"C4"
"Zm00001eb397950",3,"C4"
"Zm00001eb403310",3,"C4"
"Zm00001eb395380",7,"C6"
"Zm00001eb386490",2,"C2"
"Zm00001eb378880",3,"C4"
"Zm00001eb385620",7,"C6"
"Zm00001eb373990",3,"C4"
"Zm00001eb372990",2,"C2"
"Zm00001eb386020",5,"C5"
"Zm00001eb374520",6,"C1"
"Zm00001eb396430",6,"C1"
"Zm00001eb383780",5,"C5"
"Zm00001eb393050",5,"C5"
"Zm00001eb375380",6,"C1"
"Zm00001eb397550",6,"C1"
"Zm00001eb398160",3,"C4"
"Zm00001eb400730",2,"C2"
"Zm00001eb402330",5,"C5"
"Zm00001eb380990",6,"C1"
"Zm00001eb403640",1,"C7"
"Zm00001eb396050",2,"C2"
"Zm00001eb402070",2,"C2"
"Zm00001eb399270",7,"C6"
"Zm00001eb391270",2,"C2"
"Zm00001eb383980",2,"C2"
"Zm00001eb373090",3,"C4"
"Zm00001eb396950",3,"C4"
"Zm00001eb394830",2,"C2"
"Zm00001eb393280",3,"C4"
"Zm00001eb380080",2,"C2"
"Zm00001eb377040",2,"C2"
"Zm00001eb393020",3,"C4"
"Zm00001eb397280",3,"C4"
"Zm00001eb401770",3,"C4"
"Zm00001eb388840",3,"C4"
"Zm00001eb386520",5,"C5"
"Zm00001eb394960",3,"C4"
"Zm00001eb389160",6,"C1"
"Zm00001eb403800",2,"C2"
"Zm00001eb378690",2,"C2"
"Zm00001eb392330",2,"C2"
"Zm00001eb401580",2,"C2"
"Zm00001eb392870",1,"C7"
"Zm00001eb374140",3,"C4"
"Zm00001eb375710",2,"C2"
"Zm00001eb400600",7,"C6"
"Zm00001eb404360",2,"C2"
"Zm00001eb380550",2,"C2"
"Zm00001eb400920",2,"C2"
"Zm00001eb375660",6,"C1"
"Zm00001eb387540",3,"C4"
"Zm00001eb396690",3,"C4"
"Zm00001eb397920",6,"C1"
"Zm00001eb379510",1,"C7"
"Zm00001eb385480",1,"C7"
"Zm00001eb373710",3,"C4"
"Zm00001eb404000",2,"C2"
"Zm00001eb401090",3,"C4"
"Zm00001eb394670",2,"C2"
"Zm00001eb395090",2,"C2"
"Zm00001eb389710",2,"C2"
"Zm00001eb378190",3,"C4"
"Zm00001eb398220",5,"C5"
"Zm00001eb383650",2,"C2"
"Zm00001eb404720",2,"C2"
"Zm00001eb384300",7,"C6"
"Zm00001eb384890",2,"C2"
"Zm00001eb373960",2,"C2"
"Zm00001eb372960",2,"C2"
"Zm00001eb398890",7,"C6"
"Zm00001eb387340",7,"C6"
"Zm00001eb389600",2,"C2"
"Zm00001eb377150",7,"C6"
"Zm00001eb395350",2,"C2"
"Zm00001eb390960",2,"C2"
"Zm00001eb389820",2,"C2"
"Zm00001eb391020",3,"C4"
"Zm00001eb400790",2,"C2"
"Zm00001eb399190",7,"C6"
"Zm00001eb380500",6,"C1"
"Zm00001eb388190",3,"C4"
"Zm00001eb394660",7,"C6"
"Zm00001eb377480",7,"C6"
"Zm00001eb404410",2,"C2"
"Zm00001eb376510",7,"C6"
"Zm00001eb380020",1,"C7"
"Zm00001eb397300",3,"C4"
"Zm00001eb400760",3,"C4"
"Zm00001eb402160",2,"C2"
"Zm00001eb396300",6,"C1"
"Zm00001eb382660",2,"C2"
"Zm00001eb394750",2,"C2"
"Zm00001eb375410",5,"C5"
"Zm00001eb396520",7,"C6"
"Zm00001eb400570",3,"C4"
"Zm00001eb400630",3,"C4"
"Zm00001eb376700",6,"C1"
"Zm00001eb389390",2,"C2"
"Zm00001eb402480",6,"C1"
"Zm00001eb401050",6,"C1"
"Zm00001eb393310",6,"C1"
"Zm00001eb379290",2,"C2"
"Zm00001eb403930",7,"C6"
"Zm00001eb378540",2,"C2"
"Zm00001eb376780",6,"C1"
"Zm00001eb395050",4,"C3"
"Zm00001eb392280",2,"C2"
"Zm00001eb394360",6,"C1"
"Zm00001eb402410",2,"C2"
"Zm00001eb379030",2,"C2"
"Zm00001eb379240",7,"C6"
"Zm00001eb373560",5,"C5"
"Zm00001eb398430",2,"C2"
"Zm00001eb393010",2,"C2"
"Zm00001eb398590",3,"C4"
"Zm00001eb371830",5,"C5"
"Zm00001eb399340",5,"C5"
"Zm00001eb387590",6,"C1"
"Zm00001eb392950",2,"C2"
"Zm00001eb379300",6,"C1"
"Zm00001eb374910",5,"C5"
"Zm00001eb377810",1,"C7"
"Zm00001eb395810",2,"C2"
"Zm00001eb386260",6,"C1"
"Zm00001eb377050",5,"C5"
"Zm00001eb374630",2,"C2"
"Zm00001eb376520",6,"C1"
"Zm00001eb378800",2,"C2"
"Zm00001eb402270",6,"C1"
"Zm00001eb393420",3,"C4"
"Zm00001eb375490",2,"C2"
"Zm00001eb403740",2,"C2"
"Zm00001eb399310",5,"C5"
"Zm00001eb385580",2,"C2"
"Zm00001eb403140",2,"C2"
"Zm00001eb389680",6,"C1"
"Zm00001eb404610",7,"C6"
"Zm00001eb394070",2,"C2"
"Zm00001eb386510",2,"C2"
"Zm00001eb389520",7,"C6"
"Zm00001eb379320",2,"C2"
"Zm00001eb396880",6,"C1"
"Zm00001eb400650",6,"C1"
"Zm00001eb403870",2,"C2"
"Zm00001eb404130",2,"C2"
"Zm00001eb394870",3,"C4"
"Zm00001eb371510",2,"C2"
"Zm00001eb403000",6,"C1"
"Zm00001eb392490",2,"C2"
"Zm00001eb380850",6,"C1"
"Zm00001eb386370",6,"C1"
"Zm00001eb375010",5,"C5"
"Zm00001eb392730",2,"C2"
"Zm00001eb392530",5,"C5"
"Zm00001eb378330",6,"C1"
"Zm00001eb385220",3,"C4"
"Zm00001eb378400",3,"C4"
"Zm00001eb389290",3,"C4"
"Zm00001eb403960",3,"C4"
"Zm00001eb396040",2,"C2"
"Zm00001eb404490",1,"C7"
"Zm00001eb392680",2,"C2"
"Zm00001eb386330",2,"C2"
"Zm00001eb390910",2,"C2"
"Zm00001eb380160",3,"C4"
"Zm00001eb389350",5,"C5"
"Zm00001eb387530",6,"C1"
"Zm00001eb384200",2,"C2"
"Zm00001eb403170",2,"C2"
"Zm00001eb396490",5,"C5"
"Zm00001eb394640",2,"C2"
"Zm00001eb400810",3,"C4"
"Zm00001eb389380",2,"C2"
"Zm00001eb397200",6,"C1"
"Zm00001eb402260",5,"C5"
"Zm00001eb376390",2,"C2"
"Zm00001eb379100",7,"C6"
"Zm00001eb397250",2,"C2"
"Zm00001eb402780",2,"C2"
"Zm00001eb384580",7,"C6"
"Zm00001eb382120",7,"C6"
"Zm00001eb376120",3,"C4"
"Zm00001eb373760",7,"C6"
"Zm00001eb390670",3,"C4"
"Zm00001eb389630",3,"C4"
"Zm00001eb401140",3,"C4"
"Zm00001eb388260",2,"C2"
"Zm00001eb399230",3,"C4"
"Zm00001eb402930",5,"C5"
"Zm00001eb376880",6,"C1"
"Zm00001eb373980",3,"C4"
"Zm00001eb403260",2,"C2"
"Zm00001eb383660",6,"C1"
"Zm00001eb398400",7,"C6"
"Zm00001eb391890",7,"C6"
"Zm00001eb385980",3,"C4"
"Zm00001eb401270",6,"C1"
"Zm00001eb390330",7,"C6"
"Zm00001eb403520",2,"C2"
"Zm00001eb384370",2,"C2"
"Zm00001eb395770",6,"C1"
"Zm00001eb391130",3,"C4"
"Zm00001eb373490",5,"C5"
"Zm00001eb402340",5,"C5"
"Zm00001eb385310",2,"C2"
"Zm00001eb377250",2,"C2"
"Zm00001eb390900",6,"C1"
"Zm00001eb390540",2,"C2"
"Zm00001eb378420",6,"C1"
"Zm00001eb375640",7,"C6"
"Zm00001eb396820",2,"C2"
"Zm00001eb389590",7,"C6"
"Zm00001eb384660",7,"C6"
"Zm00001eb382900",2,"C2"
"Zm00001eb374860",2,"C2"
"Zm00001eb380410",2,"C2"
"Zm00001eb392660",2,"C2"
"Zm00001eb380830",2,"C2"
"Zm00001eb388300",6,"C1"
"Zm00001eb387090",7,"C6"
"Zm00001eb396610",7,"C6"
"Zm00001eb382460",1,"C7"
"Zm00001eb400290",2,"C2"
"Zm00001eb394970",2,"C2"
"Zm00001eb385860",7,"C6"
"Zm00001eb391700",6,"C1"
"Zm00001eb384140",3,"C4"
"Zm00001eb395590",1,"C7"
"Zm00001eb376840",3,"C4"
"Zm00001eb371540",5,"C5"
"Zm00001eb398850",2,"C2"
"Zm00001eb385150",3,"C4"
"Zm00001eb384940",3,"C4"
"Zm00001eb399680",3,"C4"
"Zm00001eb398000",5,"C5"
"Zm00001eb382940",3,"C4"
"Zm00001eb381110",2,"C2"
"Zm00001eb402590",6,"C1"
"Zm00001eb387930",3,"C4"
"Zm00001eb404660",6,"C1"
"Zm00001eb402300",2,"C2"
"Zm00001eb382080",3,"C4"
"Zm00001eb389480",7,"C6"
"Zm00001eb391770",3,"C4"
"Zm00001eb378280",2,"C2"
"Zm00001eb374580",5,"C5"
"Zm00001eb395200",3,"C4"
"Zm00001eb375180",7,"C6"
"Zm00001eb388390",3,"C4"
"Zm00001eb379150",2,"C2"
"Zm00001eb387570",7,"C6"
"Zm00001eb397350",6,"C1"
"Zm00001eb386270",4,"C3"
"Zm00001eb389990",6,"C1"
"Zm00001eb382340",2,"C2"
"Zm00001eb376980",2,"C2"
"Zm00001eb393150",3,"C4"
"Zm00001eb402660",6,"C1"
"Zm00001eb378930",3,"C4"
"Zm00001eb376990",3,"C4"
"Zm00001eb385910",2,"C2"
"Zm00001eb401220",2,"C2"
"Zm00001eb401110",3,"C4"
"Zm00001eb388530",2,"C2"
"Zm00001eb404060",3,"C4"
"Zm00001eb400880",7,"C6"
"Zm00001eb389980",2,"C2"
"Zm00001eb395150",2,"C2"
"Zm00001eb386630",2,"C2"
"Zm00001eb402310",7,"C6"
"Zm00001eb377420",5,"C5"
"Zm00001eb378820",2,"C2"
"Zm00001eb398470",2,"C2"
"Zm00001eb379440",2,"C2"
"Zm00001eb377530",6,"C1"
"Zm00001eb392640",6,"C1"
"Zm00001eb395840",6,"C1"
"Zm00001eb384640",6,"C1"
"Zm00001eb377750",2,"C2"
"Zm00001eb372130",7,"C6"
"Zm00001eb386970",7,"C6"
"Zm00001eb403020",2,"C2"
"Zm00001eb395070",2,"C2"
"Zm00001eb374330",2,"C2"
"Zm00001eb387920",1,"C7"
"Zm00001eb382130",3,"C4"
"Zm00001eb399330",5,"C5"
"Zm00001eb389850",2,"C2"
"Zm00001eb396140",6,"C1"
"Zm00001eb400320",2,"C2"
"Zm00001eb395310",2,"C2"
"Zm00001eb388810",2,"C2"
"Zm00001eb394270",2,"C2"
"Zm00001eb395000",2,"C2"
"Zm00001eb387040",6,"C1"
"Zm00001eb402760",2,"C2"
"Zm00001eb394600",7,"C6"
"Zm00001eb381040",2,"C2"
"Zm00001eb400030",2,"C2"
"Zm00001eb398070",2,"C2"
"Zm00001eb378740",7,"C6"
"Zm00001eb401920",6,"C1"
"Zm00001eb388310",6,"C1"
"Zm00001eb399780",2,"C2"
"Zm00001eb382040",3,"C4"
"Zm00001eb384150",2,"C2"
"Zm00001eb372420",6,"C1"
"Zm00001eb402180",7,"C6"
"Zm00001eb392440",2,"C2"
"Zm00001eb397570",5,"C5"
"Zm00001eb373700",3,"C4"
"Zm00001eb393760",7,"C6"
"Zm00001eb382430",6,"C1"
"Zm00001eb397050",3,"C4"
"Zm00001eb401590",2,"C2"
"Zm00001eb373130",2,"C2"
"Zm00001eb390620",3,"C4"
"Zm00001eb394060",2,"C2"
"Zm00001eb397790",3,"C4"
"Zm00001eb379800",2,"C2"
"Zm00001eb379230",3,"C4"
"Zm00001eb403940",3,"C4"
"Zm00001eb398970",2,"C2"
"Zm00001eb396460",6,"C1"
"Zm00001eb379050",2,"C2"
"Zm00001eb401560",2,"C2"
"Zm00001eb394030",5,"C5"
"Zm00001eb376890",7,"C6"
"Zm00001eb384290",4,"C3"
"Zm00001eb402420",2,"C2"
"Zm00001eb375400",6,"C1"
"Zm00001eb388080",6,"C1"
"Zm00001eb392290",2,"C2"
"Zm00001eb392390",1,"C7"
"Zm00001eb390720",3,"C4"
"Zm00001eb378500",7,"C6"
"Zm00001eb381530",6,"C1"
"Zm00001eb403110",6,"C1"
"Zm00001eb377070",7,"C6"
"Zm00001eb400170",2,"C2"
"Zm00001eb397710",5,"C5"
"Zm00001eb395470",3,"C4"
"Zm00001eb402790",2,"C2"
"Zm00001eb371680",6,"C1"
"Zm00001eb393900",6,"C1"
"Zm00001eb379990",2,"C2"
"Zm00001eb388180",2,"C2"
"Zm00001eb395390",6,"C1"
"Zm00001eb400180",2,"C2"
"Zm00001eb375820",2,"C2"
"Zm00001eb397080",2,"C2"
"Zm00001eb386320",2,"C2"
"Zm00001eb381590",3,"C4"
"Zm00001eb401520",6,"C1"
"Zm00001eb380050",3,"C4"
"Zm00001eb404400",7,"C6"
"Zm00001eb373630",2,"C2"
"Zm00001eb377280",2,"C2"
"Zm00001eb390460",2,"C2"
"Zm00001eb397260",3,"C4"
"Zm00001eb373930",3,"C4"
"Zm00001eb394400",6,"C1"
"Zm00001eb379620",7,"C6"
"Zm00001eb377910",2,"C2"
"Zm00001eb383200",5,"C5"
"Zm00001eb377320",6,"C1"
"Zm00001eb383540",2,"C2"
"Zm00001eb373080",3,"C4"
"Zm00001eb373600",5,"C5"
"Zm00001eb396670",2,"C2"
"Zm00001eb403710",5,"C5"
"Zm00001eb392740",6,"C1"
"Zm00001eb375690",3,"C4"
"Zm00001eb381220",6,"C1"
"Zm00001eb392300",2,"C2"
"Zm00001eb378710",2,"C2"
"Zm00001eb371520",6,"C1"
"Zm00001eb376150",2,"C2"
"Zm00001eb371950",3,"C4"
"Zm00001eb371740",5,"C5"
"Zm00001eb395560",1,"C7"
"Zm00001eb390860",2,"C2"
"Zm00001eb400670",5,"C5"
"Zm00001eb400560",3,"C4"
"Zm00001eb403050",6,"C1"
"Zm00001eb375320",2,"C2"
"Zm00001eb398330",3,"C4"
"Zm00001eb401160",2,"C2"
"Zm00001eb390850",2,"C2"
"Zm00001eb400980",6,"C1"
"Zm00001eb393710",6,"C1"
"Zm00001eb387310",3,"C4"
"Zm00001eb388350",6,"C1"
"Zm00001eb375190",6,"C1"
"Zm00001eb398150",2,"C2"
"Zm00001eb389920",6,"C1"
"Zm00001eb378170",7,"C6"
"Zm00001eb403670",2,"C2"
"Zm00001eb385250",7,"C6"
"Zm00001eb379490",2,"C2"
"Zm00001eb401890",2,"C2"
"Zm00001eb385130",6,"C1"
"Zm00001eb393130",2,"C2"
"Zm00001eb400480",5,"C5"
"Zm00001eb391030",2,"C2"
"Zm00001eb394260",3,"C4"
"Zm00001eb372060",4,"C3"
"Zm00001eb386380",2,"C2"
"Zm00001eb371960",2,"C2"
"Zm00001eb400090",3,"C4"
"Zm00001eb386650",2,"C2"
"Zm00001eb404280",3,"C4"
"Zm00001eb390680",3,"C4"
"Zm00001eb394530",3,"C4"
"Zm00001eb393630",2,"C2"
"Zm00001eb399260",2,"C2"
"Zm00001eb394310",3,"C4"
"Zm00001eb387510",2,"C2"
"Zm00001eb378300",2,"C2"
"Zm00001eb373340",2,"C2"
"Zm00001eb403830",6,"C1"
"Zm00001eb399890",7,"C6"
"Zm00001eb373790",2,"C2"
"Zm00001eb375110",7,"C6"
"Zm00001eb379420",2,"C2"
"Zm00001eb377330",6,"C1"
"Zm00001eb385210",5,"C5"
"Zm00001eb389650",1,"C7"
"Zm00001eb397100",3,"C4"
"Zm00001eb381370",6,"C1"
"Zm00001eb402640",5,"C5"
"Zm00001eb375520",6,"C1"
"Zm00001eb401380",7,"C6"
"Zm00001eb401260",2,"C2"
"Zm00001eb396070",7,"C6"
"Zm00001eb376740",7,"C6"
"Zm00001eb381020",2,"C2"
"Zm00001eb396730",2,"C2"
"Zm00001eb404380",2,"C2"
"Zm00001eb376640",6,"C1"
"Zm00001eb403620",3,"C4"
"Zm00001eb372770",6,"C1"
"Zm00001eb392560",3,"C4"
"Zm00001eb393040",3,"C4"
"Zm00001eb373390",2,"C2"
"Zm00001eb376130",1,"C7"
"Zm00001eb375090",3,"C4"
"Zm00001eb397650",3,"C4"
"Zm00001eb397990",3,"C4"
"Zm00001eb376590",7,"C6"
"Zm00001eb386180",7,"C6"
"Zm00001eb388650",2,"C2"
"Zm00001eb399460",3,"C4"
"Zm00001eb372370",2,"C2"
"Zm00001eb397520",1,"C7"
"Zm00001eb392890",2,"C2"
"Zm00001eb396830",2,"C2"
"Zm00001eb386100",2,"C2"
"Zm00001eb402840",6,"C1"
"Zm00001eb388610",2,"C2"
"Zm00001eb385640",6,"C1"
"Zm00001eb397560",2,"C2"
"Zm00001eb380840",2,"C2"
"Zm00001eb387020",3,"C4"
"Zm00001eb397860",2,"C2"
"Zm00001eb388520",2,"C2"
"Zm00001eb378260",6,"C1"
"Zm00001eb388320",2,"C2"
"Zm00001eb391390",7,"C6"
"Zm00001eb397750",2,"C2"
"Zm00001eb375670",2,"C2"
"Zm00001eb397330",2,"C2"
"Zm00001eb379580",3,"C4"
"Zm00001eb402010",3,"C4"
"Zm00001eb374040",3,"C4"
"Zm00001eb378210",7,"C6"
"Zm00001eb386030",6,"C1"
"Zm00001eb390730",2,"C2"
"Zm00001eb386980",2,"C2"
"Zm00001eb395530",3,"C4"
"Zm00001eb384280",1,"C7"
"Zm00001eb399240",6,"C1"
"Zm00001eb378450",2,"C2"
"Zm00001eb390550",2,"C2"
"Zm00001eb372210",2,"C2"
"Zm00001eb399570",6,"C1"
"Zm00001eb375030",7,"C6"
"Zm00001eb377900",6,"C1"
"Zm00001eb372180",2,"C2"
"Zm00001eb394980",2,"C2"
"Zm00001eb399940",3,"C4"
"Zm00001eb400330",5,"C5"
"Zm00001eb388760",2,"C2"
"Zm00001eb401800",2,"C2"
"Zm00001eb398060",2,"C2"
"Zm00001eb404190",2,"C2"
"Zm00001eb392270",5,"C5"
"Zm00001eb402720",6,"C1"
"Zm00001eb397960",3,"C4"
"Zm00001eb372410",6,"C1"
"Zm00001eb397580",7,"C6"
"Zm00001eb397880",2,"C2"
"Zm00001eb387300",5,"C5"
"Zm00001eb379060",2,"C2"
"Zm00001eb398800",2,"C2"
"Zm00001eb384990",6,"C1"
"Zm00001eb375390",2,"C2"
"Zm00001eb395720",3,"C4"
"Zm00001eb386670",6,"C1"
"Zm00001eb388070",6,"C1"
"Zm00001eb401210",6,"C1"
"Zm00001eb404310",2,"C2"
"Zm00001eb391540",2,"C2"
"Zm00001eb383490",7,"C6"
"Zm00001eb395850",7,"C6"
"Zm00001eb395880",2,"C2"
"Zm00001eb396410",2,"C2"
"Zm00001eb388690",2,"C2"
"Zm00001eb396640",3,"C4"
"Zm00001eb400620",3,"C4"
"Zm00001eb381760",2,"C2"
"Zm00001eb376100",2,"C2"
"Zm00001eb380960",3,"C4"
"Zm00001eb399110",2,"C2"
"Zm00001eb402970",3,"C4"
"Zm00001eb402880",2,"C2"
"Zm00001eb373110",1,"C7"
"Zm00001eb402600",2,"C2"
"Zm00001eb397320",6,"C1"
"Zm00001eb399280",2,"C2"
"Zm00001eb387270",3,"C4"
"Zm00001eb373330",3,"C4"
"Zm00001eb382180",2,"C2"
"Zm00001eb404520",3,"C4"
"Zm00001eb378250",2,"C2"
"Zm00001eb403280",2,"C2"
"Zm00001eb393120",7,"C6"
"Zm00001eb392050",5,"C5"
"Zm00001eb392970",6,"C1"
"Zm00001eb374560",2,"C2"
"Zm00001eb396370",3,"C4"
"Zm00001eb377870",7,"C6"
"Zm00001eb403510",2,"C2"
"Zm00001eb389150",5,"C5"
"Zm00001eb404730",7,"C6"
"Zm00001eb371500",2,"C2"
"Zm00001eb393250",2,"C2"
"Zm00001eb390750",3,"C4"
"Zm00001eb402000",3,"C4"
"Zm00001eb403330",2,"C2"
"Zm00001eb390180",2,"C2"
"Zm00001eb383950",2,"C2"
"Zm00001eb400270",6,"C1"
"Zm00001eb404220",3,"C4"
"Zm00001eb381130",3,"C4"
"Zm00001eb381490",2,"C2"
"Zm00001eb395180",5,"C5"
"Zm00001eb394840",7,"C6"
"Zm00001eb385240",3,"C4"
"Zm00001eb375040",7,"C6"
"Zm00001eb389900",2,"C2"
"Zm00001eb375430",6,"C1"
"Zm00001eb399370",7,"C6"
"Zm00001eb382060",5,"C5"
"Zm00001eb397360",2,"C2"
"Zm00001eb403160",5,"C5"
"Zm00001eb389310",7,"C6"
"Zm00001eb381960",2,"C2"
"Zm00001eb377290",2,"C2"
"Zm00001eb372940",2,"C2"
"Zm00001eb402060",2,"C2"
"Zm00001eb396060",3,"C4"
"Zm00001eb376530",4,"C3"
"Zm00001eb378360",2,"C2"
"Zm00001eb398900",2,"C2"
"Zm00001eb400160",7,"C6"
"Zm00001eb404370",6,"C1"
"Zm00001eb374690",5,"C5"
"Zm00001eb390970",2,"C2"
"Zm00001eb400590",6,"C1"
"Zm00001eb385100",5,"C5"
"Zm00001eb402240",1,"C7"
"Zm00001eb379550",2,"C2"
"Zm00001eb374000",2,"C2"
"Zm00001eb401690",2,"C2"
"Zm00001eb375700",2,"C2"
"Zm00001eb396890",6,"C1"
"Zm00001eb383050",3,"C4"
"Zm00001eb404010",3,"C4"
"Zm00001eb374150",2,"C2"
"Zm00001eb373500",2,"C2"
"Zm00001eb385880",2,"C2"
"Zm00001eb386550",5,"C5"
"Zm00001eb403910",2,"C2"
"Zm00001eb387350",3,"C4"
"Zm00001eb399210",2,"C2"
"Zm00001eb398410",1,"C7"
"Zm00001eb378570",2,"C2"
"Zm00001eb390310",2,"C2"
"Zm00001eb379410",2,"C2"
"Zm00001eb374280",6,"C1"
"Zm00001eb397620",6,"C1"
"Zm00001eb400930",6,"C1"
"Zm00001eb402380",2,"C2"
"Zm00001eb393810",6,"C1"
"Zm00001eb395080",5,"C5"
"Zm00001eb389830",5,"C5"
"Zm00001eb379500",6,"C1"
"Zm00001eb383810",2,"C2"
"Zm00001eb392420",6,"C1"
"Zm00001eb375500",2,"C2"
"Zm00001eb401340",6,"C1"
"Zm00001eb391210",5,"C5"
"Zm00001eb382910",7,"C6"
"Zm00001eb389780",2,"C2"
"Zm00001eb403920",2,"C2"
"Zm00001eb378550",2,"C2"
"Zm00001eb381600",2,"C2"
"Zm00001eb382260",2,"C2"
"Zm00001eb399850",3,"C4"
"Zm00001eb380580",2,"C2"
"Zm00001eb381470",2,"C2"
"Zm00001eb387110",6,"C1"
"Zm00001eb376020",6,"C1"
"Zm00001eb396970",3,"C4"
"Zm00001eb374670",2,"C2"
"Zm00001eb377000",2,"C2"
"Zm00001eb404630",6,"C1"
"Zm00001eb397240",3,"C4"
"Zm00001eb380240",5,"C5"
"Zm00001eb394520",3,"C4"
"Zm00001eb400130",2,"C2"
"Zm00001eb374270",7,"C6"
"Zm00001eb391720",1,"C7"
"Zm00001eb398630",2,"C2"
"Zm00001eb378370",6,"C1"
"Zm00001eb394380",6,"C1"
"Zm00001eb395950",2,"C2"
"Zm00001eb404640",2,"C2"
"Zm00001eb386530",5,"C5"
"Zm00001eb396400",2,"C2"
"Zm00001eb377270",3,"C4"
"Zm00001eb392570",5,"C5"
"Zm00001eb403210",2,"C2"
"Zm00001eb396750",6,"C1"
"Zm00001eb386900",2,"C2"
"Zm00001eb397730",1,"C7"
"Zm00001eb403040",3,"C4"
"Zm00001eb402500",6,"C1"
"Zm00001eb400990",2,"C2"
"Zm00001eb379470",2,"C2"
"Zm00001eb373420",3,"C4"
"Zm00001eb390480",6,"C1"
"Zm00001eb374750",6,"C1"
"Zm00001eb373150",7,"C6"
"Zm00001eb400510",2,"C2"
"Zm00001eb392990",6,"C1"
"Zm00001eb379070",7,"C6"
"Zm00001eb404040",7,"C6"
"Zm00001eb378460",3,"C4"
"Zm00001eb393500",7,"C6"
"Zm00001eb402990",6,"C1"
"Zm00001eb382720",6,"C1"
"Zm00001eb393930",6,"C1"
"Zm00001eb377120",6,"C1"
"Zm00001eb379270",2,"C2"
"Zm00001eb402020",7,"C6"
"Zm00001eb383930",6,"C1"
"Zm00001eb385810",2,"C2"
"Zm00001eb386210",6,"C1"
"Zm00001eb396540",2,"C2"
"Zm00001eb401910",6,"C1"
"Zm00001eb380650",2,"C2"
"Zm00001eb398680",5,"C5"
"Zm00001eb400010",3,"C4"
"Zm00001eb387070",1,"C7"
"Zm00001eb394650",3,"C4"
"Zm00001eb398130",3,"C4"
"Zm00001eb396940",6,"C1"
"Zm00001eb403660",2,"C2"
"Zm00001eb374920",6,"C1"
"Zm00001eb373140",3,"C4"
"Zm00001eb374120",2,"C2"
"Zm00001eb380420",2,"C2"
"Zm00001eb371560",6,"C1"
"Zm00001eb403860",2,"C2"
"Zm00001eb399040",2,"C2"
"Zm00001eb388440",5,"C5"
"Zm00001eb371780",2,"C2"
"Zm00001eb394430",2,"C2"
"Zm00001eb393160",3,"C4"
"Zm00001eb397610",6,"C1"
"Zm00001eb384240",3,"C4"
"Zm00001eb388060",6,"C1"
"Zm00001eb373510",6,"C1"
"Zm00001eb386560",6,"C1"
"Zm00001eb386840",2,"C2"
"Zm00001eb376680",5,"C5"
"Zm00001eb388680",6,"C1"
"Zm00001eb404240",3,"C4"
"Zm00001eb398420",2,"C2"
"Zm00001eb403130",5,"C5"
"Zm00001eb401400",6,"C1"
"Zm00001eb373200",6,"C1"
"Zm00001eb390260",2,"C2"
"Zm00001eb386300",7,"C6"
"Zm00001eb379560",2,"C2"
"Zm00001eb395610",7,"C6"
"Zm00001eb378390",2,"C2"
"Zm00001eb398520",4,"C3"
"Zm00001eb384230",2,"C2"
"Zm00001eb385070",3,"C4"
"Zm00001eb400420",3,"C4"
"Zm00001eb394570",2,"C2"
"Zm00001eb375680",2,"C2"
"Zm00001eb384820",3,"C4"
"Zm00001eb392910",2,"C2"
"Zm00001eb398020",7,"C6"
"Zm00001eb380180",2,"C2"
"Zm00001eb377790",1,"C7"
"Zm00001eb402770",6,"C1"
"Zm00001eb371900",2,"C2"
"Zm00001eb403500",2,"C2"
"Zm00001eb404500",2,"C2"
"Zm00001eb373300",6,"C1"
"Zm00001eb396510",7,"C6"
"Zm00001eb395290",2,"C2"
"Zm00001eb382240",7,"C6"
"Zm00001eb387290",3,"C4"
"Zm00001eb377550",2,"C2"
"Zm00001eb401240",2,"C2"
"Zm00001eb378900",2,"C2"
"Zm00001eb395220",5,"C5"
"Zm00001eb403080",3,"C4"
"Zm00001eb375840",5,"C5"
"Zm00001eb384970",5,"C5"
"Zm00001eb371720",3,"C4"
"Zm00001eb380630",6,"C1"
"Zm00001eb399700",3,"C4"
"Zm00001eb398100",2,"C2"
"Zm00001eb398860",6,"C1"
"Zm00001eb373010",6,"C1"
"Zm00001eb371940",2,"C2"
"Zm00001eb389940",2,"C2"
"Zm00001eb396480",6,"C1"
"Zm00001eb401510",2,"C2"
"Zm00001eb397020",2,"C2"
"Zm00001eb377380",2,"C2"
"Zm00001eb380150",7,"C6"
"Zm00001eb402510",3,"C4"
"Zm00001eb373670",2,"C2"
"Zm00001eb400000",2,"C2"
"Zm00001eb390450",2,"C2"
"Zm00001eb390820",1,"C7"
"Zm00001eb400520",3,"C4"
"Zm00001eb400800",7,"C6"
"Zm00001eb394630",2,"C2"
"Zm00001eb423050",2,"C2"
"Zm00001eb426990",2,"C2"
"Zm00001eb416890",6,"C1"
"Zm00001eb426420",2,"C2"
"Zm00001eb407550",2,"C2"
"Zm00001eb416050",2,"C2"
"Zm00001eb427850",2,"C2"
"Zm00001eb419790",5,"C5"
"Zm00001eb420820",3,"C4"
"Zm00001eb413870",6,"C1"
"Zm00001eb418760",2,"C2"
"Zm00001eb417200",7,"C6"
"Zm00001eb407180",6,"C1"
"Zm00001eb409090",7,"C6"
"Zm00001eb415950",2,"C2"
"Zm00001eb408440",2,"C2"
"Zm00001eb405040",5,"C5"
"Zm00001eb428430",2,"C2"
"Zm00001eb405570",2,"C2"
"Zm00001eb409170",6,"C1"
"Zm00001eb411320",2,"C2"
"Zm00001eb410870",6,"C1"
"Zm00001eb419100",3,"C4"
"Zm00001eb426970",6,"C1"
"Zm00001eb422840",2,"C2"
"Zm00001eb410600",3,"C4"
"Zm00001eb413580",2,"C2"
"Zm00001eb434590",1,"C7"
"Zm00001eb433710",2,"C2"
"Zm00001eb431350",2,"C2"
"Zm00001eb421140",5,"C5"
"Zm00001eb415520",6,"C1"
"Zm00001eb417970",2,"C2"
"Zm00001eb426330",6,"C1"
"Zm00001eb419270",2,"C2"
"Zm00001eb410250",2,"C2"
"Zm00001eb433020",2,"C2"
"Zm00001eb422190",2,"C2"
"Zm00001eb418040",7,"C6"
"Zm00001eb421460",5,"C5"
"Zm00001eb415470",7,"C6"
"Zm00001eb424280",1,"C7"
"Zm00001eb405800",2,"C2"
"Zm00001eb432300",2,"C2"
"Zm00001eb408600",2,"C2"
"Zm00001eb423330",3,"C4"
"Zm00001eb430990",6,"C1"
"Zm00001eb410660",2,"C2"
"Zm00001eb415460",7,"C6"
"Zm00001eb420220",6,"C1"
"Zm00001eb429190",4,"C3"
"Zm00001eb430170",1,"C7"
"Zm00001eb413220",6,"C1"
"Zm00001eb411390",6,"C1"
"Zm00001eb416540",6,"C1"
"Zm00001eb424560",2,"C2"
"Zm00001eb433370",6,"C1"
"Zm00001eb404780",1,"C7"
"Zm00001eb428060",6,"C1"
"Zm00001eb433470",2,"C2"
"Zm00001eb428530",2,"C2"
"Zm00001eb427060",3,"C4"
"Zm00001eb430440",2,"C2"
"Zm00001eb416130",2,"C2"
"Zm00001eb411000",1,"C7"
"Zm00001eb429850",2,"C2"
"Zm00001eb418960",3,"C4"
"Zm00001eb422570",6,"C1"
"Zm00001eb422980",3,"C4"
"Zm00001eb409440",2,"C2"
"Zm00001eb431260",2,"C2"
"Zm00001eb414260",3,"C4"
"Zm00001eb416150",3,"C4"
"Zm00001eb430290",2,"C2"
"Zm00001eb409360",2,"C2"
"Zm00001eb428660",7,"C6"
"Zm00001eb434270",2,"C2"
"Zm00001eb427700",3,"C4"
"Zm00001eb404940",2,"C2"
"Zm00001eb424390",2,"C2"
"Zm00001eb425250",2,"C2"
"Zm00001eb427910",2,"C2"
"Zm00001eb434410",2,"C2"
"Zm00001eb406460",5,"C5"
"Zm00001eb407840",7,"C6"
"Zm00001eb415690",2,"C2"
"Zm00001eb417820",2,"C2"
"Zm00001eb412540",6,"C1"
"Zm00001eb422640",3,"C4"
"Zm00001eb428680",6,"C1"
"Zm00001eb434070",7,"C6"
"Zm00001eb428770",6,"C1"
"Zm00001eb415710",2,"C2"
"Zm00001eb408860",6,"C1"
"Zm00001eb434360",2,"C2"
"Zm00001eb434560",6,"C1"
"Zm00001eb410890",2,"C2"
"Zm00001eb431800",1,"C7"
"Zm00001eb424600",2,"C2"
"Zm00001eb408640",2,"C2"
"Zm00001eb432420",3,"C4"
"Zm00001eb433660",7,"C6"
"Zm00001eb434150",1,"C7"
"Zm00001eb426600",2,"C2"
"Zm00001eb422450",2,"C2"
"Zm00001eb432330",6,"C1"
"Zm00001eb429100",7,"C6"
"Zm00001eb431710",3,"C4"
"Zm00001eb413740",3,"C4"
"Zm00001eb424820",2,"C2"
"Zm00001eb406310",3,"C4"
"Zm00001eb407680",2,"C2"
"Zm00001eb428570",4,"C3"
"Zm00001eb425570",3,"C4"
"Zm00001eb429300",2,"C2"
"Zm00001eb429900",7,"C6"
"Zm00001eb411140",2,"C2"
"Zm00001eb422950",3,"C4"
"Zm00001eb409790",6,"C1"
"Zm00001eb405410",3,"C4"
"Zm00001eb406960",3,"C4"
"Zm00001eb433220",7,"C6"
"Zm00001eb420640",7,"C6"
"Zm00001eb421610",3,"C4"
"Zm00001eb406860",3,"C4"
"Zm00001eb424930",3,"C4"
"Zm00001eb421700",6,"C1"
"Zm00001eb416980",2,"C2"
"Zm00001eb421940",6,"C1"
"Zm00001eb413810",2,"C2"
"Zm00001eb421000",2,"C2"
"Zm00001eb408430",5,"C5"
"Zm00001eb408220",2,"C2"
"Zm00001eb432170",7,"C6"
"Zm00001eb408620",3,"C4"
"Zm00001eb418870",5,"C5"
"Zm00001eb425150",2,"C2"
"Zm00001eb412000",3,"C4"
"Zm00001eb426500",7,"C6"
"Zm00001eb434510",2,"C2"
"Zm00001eb422560",3,"C4"
"Zm00001eb431140",2,"C2"
"Zm00001eb416430",2,"C2"
"Zm00001eb406950",4,"C3"
"Zm00001eb428510",2,"C2"
"Zm00001eb405880",6,"C1"
"Zm00001eb404790",1,"C7"
"Zm00001eb430450",2,"C2"
"Zm00001eb418980",5,"C5"
"Zm00001eb433610",1,"C7"
"Zm00001eb419260",6,"C1"
"Zm00001eb418370",2,"C2"
"Zm00001eb429740",2,"C2"
"Zm00001eb414270",6,"C1"
"Zm00001eb433100",2,"C2"
"Zm00001eb424850",5,"C5"
"Zm00001eb411200",2,"C2"
"Zm00001eb428890",2,"C2"
"Zm00001eb420320",2,"C2"
"Zm00001eb433860",2,"C2"
"Zm00001eb420990",6,"C1"
"Zm00001eb408730",3,"C4"
"Zm00001eb423980",5,"C5"
"Zm00001eb409470",7,"C6"
"Zm00001eb427290",2,"C2"
"Zm00001eb431520",3,"C4"
"Zm00001eb414000",7,"C6"
"Zm00001eb432020",3,"C4"
"Zm00001eb417800",2,"C2"
"Zm00001eb422500",1,"C7"
"Zm00001eb422090",5,"C5"
"Zm00001eb430090",2,"C2"
"Zm00001eb430600",6,"C1"
"Zm00001eb430530",2,"C2"
"Zm00001eb428040",2,"C2"
"Zm00001eb419430",2,"C2"
"Zm00001eb424350",5,"C5"
"Zm00001eb434090",3,"C4"
"Zm00001eb408520",7,"C6"
"Zm00001eb414970",3,"C4"
"Zm00001eb404860",2,"C2"
"Zm00001eb432500",7,"C6"
"Zm00001eb420880",2,"C2"
"Zm00001eb408790",7,"C6"
"Zm00001eb413410",6,"C1"
"Zm00001eb433030",6,"C1"
"Zm00001eb413160",7,"C6"
"Zm00001eb433820",2,"C2"
"Zm00001eb415410",3,"C4"
"Zm00001eb418340",1,"C7"
"Zm00001eb427180",2,"C2"
"Zm00001eb418900",3,"C4"
"Zm00001eb425860",3,"C4"
"Zm00001eb426920",7,"C6"
"Zm00001eb429950",3,"C4"
"Zm00001eb407780",3,"C4"
"Zm00001eb431960",1,"C7"
"Zm00001eb420510",3,"C4"
"Zm00001eb408350",5,"C5"
"Zm00001eb430620",3,"C4"
"Zm00001eb417090",3,"C4"
"Zm00001eb412690",1,"C7"
"Zm00001eb427920",2,"C2"
"Zm00001eb431210",2,"C2"
"Zm00001eb421340",2,"C2"
"Zm00001eb410020",6,"C1"
"Zm00001eb431910",7,"C6"
"Zm00001eb432780",2,"C2"
"Zm00001eb431340",2,"C2"
"Zm00001eb429930",2,"C2"
"Zm00001eb416550",3,"C4"
"Zm00001eb421860",3,"C4"
"Zm00001eb429610",5,"C5"
"Zm00001eb411460",7,"C6"
"Zm00001eb433110",2,"C2"
"Zm00001eb427680",5,"C5"
"Zm00001eb407520",7,"C6"
"Zm00001eb430740",7,"C6"
"Zm00001eb405230",6,"C1"
"Zm00001eb410700",2,"C2"
"Zm00001eb427270",6,"C1"
"Zm00001eb426210",2,"C2"
"Zm00001eb409430",6,"C1"
"Zm00001eb413550",2,"C2"
"Zm00001eb409890",3,"C4"
"Zm00001eb420360",2,"C2"
"Zm00001eb421950",5,"C5"
"Zm00001eb433960",1,"C7"
"Zm00001eb431540",6,"C1"
"Zm00001eb408240",2,"C2"
"Zm00001eb422460",2,"C2"
"Zm00001eb433320",6,"C1"
"Zm00001eb433770",2,"C2"
"Zm00001eb416420",2,"C2"
"Zm00001eb421730",3,"C4"
"Zm00001eb418180",2,"C2"
"Zm00001eb407020",5,"C5"
"Zm00001eb431310",6,"C1"
"Zm00001eb417950",2,"C2"
"Zm00001eb413270",2,"C2"
"Zm00001eb420300",3,"C4"
"Zm00001eb430040",2,"C2"
"Zm00001eb431120",7,"C6"
"Zm00001eb416230",5,"C5"
"Zm00001eb413820",2,"C2"
"Zm00001eb422600",5,"C5"
"Zm00001eb424310",2,"C2"
"Zm00001eb417790",3,"C4"
"Zm00001eb405120",2,"C2"
"Zm00001eb429410",6,"C1"
"Zm00001eb434370",2,"C2"
"Zm00001eb432120",6,"C1"
"Zm00001eb408690",2,"C2"
"Zm00001eb411380",7,"C6"
"Zm00001eb431440",2,"C2"
"Zm00001eb408960",6,"C1"
"Zm00001eb415620",2,"C2"
"Zm00001eb423520",2,"C2"
"Zm00001eb430650",2,"C2"
"Zm00001eb408020",7,"C6"
"Zm00001eb417520",3,"C4"
"Zm00001eb423400",5,"C5"
"Zm00001eb419950",6,"C1"
"Zm00001eb410330",6,"C1"
"Zm00001eb406830",2,"C2"
"Zm00001eb420150",3,"C4"
"Zm00001eb414080",3,"C4"
"Zm00001eb409000",2,"C2"
"Zm00001eb423040",6,"C1"
"Zm00001eb410170",7,"C6"
"Zm00001eb425970",2,"C2"
"Zm00001eb430100",2,"C2"
"Zm00001eb424970",2,"C2"
"Zm00001eb412500",2,"C2"
"Zm00001eb407800",2,"C2"
"Zm00001eb431930",2,"C2"
"Zm00001eb406180",2,"C2"
"Zm00001eb416220",3,"C4"
"Zm00001eb414550",3,"C4"
"Zm00001eb413730",6,"C1"
"Zm00001eb430510",2,"C2"
"Zm00001eb409020",2,"C2"
"Zm00001eb431700",2,"C2"
"Zm00001eb431060",6,"C1"
"Zm00001eb417410",2,"C2"
"Zm00001eb429790",2,"C2"
"Zm00001eb413630",7,"C6"
"Zm00001eb419470",3,"C4"
"Zm00001eb434280",2,"C2"
"Zm00001eb418940",4,"C3"
"Zm00001eb425720",6,"C1"
"Zm00001eb420250",2,"C2"
"Zm00001eb432060",3,"C4"
"Zm00001eb415230",2,"C2"
"Zm00001eb424960",2,"C2"
"Zm00001eb416960",2,"C2"
"Zm00001eb421870",2,"C2"
"Zm00001eb415420",2,"C2"
"Zm00001eb433000",2,"C2"
"Zm00001eb431490",5,"C5"
"Zm00001eb417990",3,"C4"
"Zm00001eb410530",2,"C2"
"Zm00001eb414640",7,"C6"
"Zm00001eb421120",2,"C2"
"Zm00001eb433850",6,"C1"
"Zm00001eb420700",2,"C2"
"Zm00001eb411420",3,"C4"
"Zm00001eb410680",2,"C2"
"Zm00001eb408110",5,"C5"
"Zm00001eb420400",3,"C4"
"Zm00001eb413440",2,"C2"
"Zm00001eb405260",2,"C2"
"Zm00001eb408630",6,"C1"
"Zm00001eb411120",2,"C2"
"Zm00001eb425530",3,"C4"
"Zm00001eb410800",2,"C2"
"Zm00001eb423450",2,"C2"
"Zm00001eb417930",2,"C2"
"Zm00001eb411910",7,"C6"
"Zm00001eb406340",6,"C1"
"Zm00001eb410110",2,"C2"
"Zm00001eb417000",2,"C2"
"Zm00001eb417370",7,"C6"
"Zm00001eb432840",2,"C2"
"Zm00001eb416210",2,"C2"
"Zm00001eb428030",5,"C5"
"Zm00001eb411190",6,"C1"
"Zm00001eb410730",2,"C2"
"Zm00001eb405200",2,"C2"
"Zm00001eb430350",3,"C4"
"Zm00001eb424650",3,"C4"
"Zm00001eb420660",2,"C2"
"Zm00001eb419780",3,"C4"
"Zm00001eb428880",2,"C2"
"Zm00001eb411820",2,"C2"
"Zm00001eb428230",6,"C1"
"Zm00001eb407480",3,"C4"
"Zm00001eb413150",2,"C2"
"Zm00001eb413700",5,"C5"
"Zm00001eb412620",2,"C2"
"Zm00001eb430680",2,"C2"
"Zm00001eb417810",3,"C4"
"Zm00001eb424290",7,"C6"
"Zm00001eb408760",7,"C6"
"Zm00001eb410230",2,"C2"
"Zm00001eb408490",3,"C4"
"Zm00001eb423510",2,"C2"
"Zm00001eb429720",2,"C2"
"Zm00001eb426580",2,"C2"
"Zm00001eb407050",2,"C2"
"Zm00001eb434530",6,"C1"
"Zm00001eb415930",2,"C2"
"Zm00001eb430940",6,"C1"
"Zm00001eb431170",1,"C7"
"Zm00001eb422060",3,"C4"
"Zm00001eb416340",2,"C2"
"Zm00001eb421930",3,"C4"
"Zm00001eb407660",2,"C2"
"Zm00001eb406480",5,"C5"
"Zm00001eb407700",6,"C1"
"Zm00001eb432770",6,"C1"
"Zm00001eb413540",6,"C1"
"Zm00001eb433350",2,"C2"
"Zm00001eb406060",3,"C4"
"Zm00001eb413940",6,"C1"
"Zm00001eb417610",3,"C4"
"Zm00001eb418250",2,"C2"
"Zm00001eb427780",2,"C2"
"Zm00001eb411430",4,"C3"
"Zm00001eb427660",2,"C2"
"Zm00001eb420280",2,"C2"
"Zm00001eb433950",5,"C5"
"Zm00001eb421370",2,"C2"
"Zm00001eb418030",2,"C2"
"Zm00001eb420520",2,"C2"
"Zm00001eb410120",6,"C1"
"Zm00001eb407990",6,"C1"
"Zm00001eb431240",3,"C4"
"Zm00001eb425590",6,"C1"
"Zm00001eb422370",7,"C6"
"Zm00001eb432920",3,"C4"
"Zm00001eb414460",1,"C7"
"Zm00001eb419210",3,"C4"
"Zm00001eb409770",3,"C4"
"Zm00001eb420920",7,"C6"
"Zm00001eb411760",2,"C2"
"Zm00001eb431730",5,"C5"
"Zm00001eb409480",3,"C4"
"Zm00001eb404800",1,"C7"
"Zm00001eb420070",3,"C4"
"Zm00001eb414720",2,"C2"
"Zm00001eb433160",2,"C2"
"Zm00001eb415630",7,"C6"
"Zm00001eb412950",2,"C2"
"Zm00001eb412040",2,"C2"
"Zm00001eb423840",7,"C6"
"Zm00001eb417070",2,"C2"
"Zm00001eb413000",6,"C1"
"Zm00001eb411080",2,"C2"
"Zm00001eb409280",2,"C2"
"Zm00001eb424460",6,"C1"
"Zm00001eb433200",3,"C4"
"Zm00001eb424410",5,"C5"
"Zm00001eb434390",2,"C2"
"Zm00001eb413340",7,"C6"
"Zm00001eb432460",5,"C5"
"Zm00001eb419510",3,"C4"
"Zm00001eb410670",3,"C4"
"Zm00001eb408250",5,"C5"
"Zm00001eb431790",4,"C3"
"Zm00001eb423420",2,"C2"
"Zm00001eb413300",3,"C4"
"Zm00001eb433530",3,"C4"
"Zm00001eb425810",7,"C6"
"Zm00001eb425270",1,"C7"
"Zm00001eb418440",1,"C7"
"Zm00001eb419560",2,"C2"
"Zm00001eb431010",3,"C4"
"Zm00001eb419910",2,"C2"
"Zm00001eb408230",1,"C7"
"Zm00001eb419390",7,"C6"
"Zm00001eb408280",2,"C2"
"Zm00001eb434170",5,"C5"
"Zm00001eb411340",3,"C4"
"Zm00001eb422820",6,"C1"
"Zm00001eb408310",2,"C2"
"Zm00001eb419960",2,"C2"
"Zm00001eb412590",3,"C4"
"Zm00001eb427720",7,"C6"
"Zm00001eb406520",2,"C2"
"Zm00001eb410420",2,"C2"
"Zm00001eb426050",5,"C5"
"Zm00001eb428910",2,"C2"
"Zm00001eb418850",3,"C4"
"Zm00001eb428100",2,"C2"
"Zm00001eb408100",2,"C2"
"Zm00001eb434240",2,"C2"
"Zm00001eb421590",6,"C1"
"Zm00001eb423870",6,"C1"
"Zm00001eb430800",5,"C5"
"Zm00001eb433400",2,"C2"
"Zm00001eb416950",2,"C2"
"Zm00001eb412420",5,"C5"
"Zm00001eb405350",6,"C1"
"Zm00001eb414950",5,"C5"
"Zm00001eb409880",2,"C2"
"Zm00001eb415660",3,"C4"
"Zm00001eb430750",1,"C7"
"Zm00001eb431690",6,"C1"
"Zm00001eb425190",6,"C1"
"Zm00001eb430340",3,"C4"
"Zm00001eb416780",6,"C1"
"Zm00001eb424000",2,"C2"
"Zm00001eb433410",2,"C2"
"Zm00001eb426240",1,"C7"
"Zm00001eb425440",2,"C2"
"Zm00001eb433060",2,"C2"
"Zm00001eb431070",3,"C4"
"Zm00001eb430180",3,"C4"
"Zm00001eb419670",6,"C1"
"Zm00001eb429080",2,"C2"
"Zm00001eb428400",2,"C2"
"Zm00001eb423310",6,"C1"
"Zm00001eb404830",5,"C5"
"Zm00001eb431180",2,"C2"
"Zm00001eb419620",6,"C1"
"Zm00001eb425160",3,"C4"
"Zm00001eb418000",3,"C4"
"Zm00001eb413780",2,"C2"
"Zm00001eb422630",6,"C1"
"Zm00001eb421150",2,"C2"
"Zm00001eb416110",6,"C1"
"Zm00001eb426320",1,"C7"
"Zm00001eb427580",2,"C2"
"Zm00001eb407890",2,"C2"
"Zm00001eb416560",2,"C2"
"Zm00001eb414050",5,"C5"
"Zm00001eb413930",1,"C7"
"Zm00001eb430630",6,"C1"
"Zm00001eb429860",3,"C4"
"Zm00001eb421630",3,"C4"
"Zm00001eb428330",6,"C1"
"Zm00001eb423320",3,"C4"
"Zm00001eb404850",3,"C4"
"Zm00001eb410930",7,"C6"
"Zm00001eb417220",6,"C1"
"Zm00001eb412280",2,"C2"
"Zm00001eb415760",2,"C2"
"Zm00001eb409840",6,"C1"
"Zm00001eb418990",7,"C6"
"Zm00001eb430160",2,"C2"
"Zm00001eb433430",2,"C2"
"Zm00001eb420350",2,"C2"
"Zm00001eb406820",2,"C2"
"Zm00001eb420170",2,"C2"
"Zm00001eb409950",3,"C4"
"Zm00001eb420600",2,"C2"
"Zm00001eb429450",2,"C2"
"Zm00001eb433390",2,"C2"
"Zm00001eb409620",2,"C2"
"Zm00001eb407650",3,"C4"
"Zm00001eb432000",3,"C4"
"Zm00001eb431360",2,"C2"
"Zm00001eb422180",6,"C1"
"Zm00001eb418160",6,"C1"
"Zm00001eb432830",6,"C1"
"Zm00001eb430470",5,"C5"
"Zm00001eb408010",1,"C7"
"Zm00001eb420050",6,"C1"
"Zm00001eb422700",6,"C1"
"Zm00001eb432390",3,"C4"
"Zm00001eb413080",2,"C2"
"Zm00001eb411540",2,"C2"
"Zm00001eb431990",1,"C7"
"Zm00001eb425740",3,"C4"
"Zm00001eb408260",6,"C1"
"Zm00001eb425310",2,"C2"
"Zm00001eb417650",2,"C2"
"Zm00001eb434320",6,"C1"
"Zm00001eb428470",3,"C4"
"Zm00001eb410990",2,"C2"
"Zm00001eb415730",7,"C6"
"Zm00001eb409450",7,"C6"
"Zm00001eb428450",7,"C6"
"Zm00001eb427480",2,"C2"
"Zm00001eb413280",6,"C1"
"Zm00001eb425300",3,"C4"
"Zm00001eb412560",6,"C1"
"Zm00001eb430070",3,"C4"
"Zm00001eb419400",5,"C5"
"Zm00001eb426980",7,"C6"
"Zm00001eb433880",6,"C1"
"Zm00001eb431420",2,"C2"
"Zm00001eb434470",2,"C2"
"Zm00001eb424990",3,"C4"
"Zm00001eb416490",2,"C2"
"Zm00001eb420740",2,"C2"
"Zm00001eb432090",6,"C1"
"Zm00001eb421500",2,"C2"
"Zm00001eb431840",2,"C2"
"Zm00001eb406890",2,"C2"
"Zm00001eb430580",3,"C4"
"Zm00001eb412490",6,"C1"
"Zm00001eb414960",2,"C2"
"Zm00001eb426440",2,"C2"
"Zm00001eb411260",5,"C5"
"Zm00001eb433050",2,"C2"
"Zm00001eb426250",3,"C4"
"Zm00001eb421360",2,"C2"
"Zm00001eb427900",2,"C2"
"Zm00001eb410560",2,"C2"
"Zm00001eb431190",6,"C1"
"Zm00001eb411450",2,"C2"
"Zm00001eb413390",3,"C4"
"Zm00001eb408330",5,"C5"
"Zm00001eb407120",2,"C2"
"Zm00001eb417440",3,"C4"
"Zm00001eb417900",2,"C2"
"Zm00001eb405420",2,"C2"
"Zm00001eb412930",2,"C2"
"Zm00001eb406740",4,"C3"
"Zm00001eb426670",1,"C7"
"Zm00001eb406370",2,"C2"
"Zm00001eb427790",2,"C2"
"Zm00001eb406990",2,"C2"
"Zm00001eb429210",5,"C5"
"Zm00001eb415400",5,"C5"
"Zm00001eb432760",5,"C5"
"Zm00001eb418970",1,"C7"
"Zm00001eb405020",3,"C4"
"Zm00001eb429910",2,"C2"
"Zm00001eb424620",2,"C2"
"Zm00001eb405270",2,"C2"
"Zm00001eb405210",2,"C2"
"Zm00001eb427470",4,"C3"
"Zm00001eb412050",2,"C2"
"Zm00001eb406730",6,"C1"
"Zm00001eb415580",2,"C2"
"Zm00001eb413680",2,"C2"
"Zm00001eb405860",6,"C1"
"Zm00001eb430230",3,"C4"
"Zm00001eb434030",1,"C7"
"Zm00001eb430730",7,"C6"
"Zm00001eb413290",4,"C3"
"Zm00001eb406300",6,"C1"
"Zm00001eb433700",2,"C2"
"Zm00001eb406010",3,"C4"
"Zm00001eb404980",2,"C2"
"Zm00001eb415610",3,"C4"
"Zm00001eb423070",1,"C7"
"Zm00001eb410970",2,"C2"
"Zm00001eb425090",3,"C4"
"Zm00001eb426630",3,"C4"
"Zm00001eb418010",3,"C4"
"Zm00001eb423410",2,"C2"
"Zm00001eb431780",3,"C4"
"Zm00001eb407690",2,"C2"
"Zm00001eb425230",6,"C1"
"Zm00001eb430820",2,"C2"
"Zm00001eb422170",5,"C5"
"Zm00001eb418950",5,"C5"
"Zm00001eb429310",7,"C6"
"Zm00001eb408000",7,"C6"
"Zm00001eb426070",2,"C2"
"Zm00001eb405790",2,"C2"
"Zm00001eb428080",3,"C4"
"Zm00001eb408070",2,"C2"
"Zm00001eb405030",5,"C5"
"Zm00001eb415000",2,"C2"
"Zm00001eb413110",6,"C1"
"Zm00001eb423540",7,"C6"
"Zm00001eb423640",2,"C2"
"Zm00001eb414870",3,"C4"
"Zm00001eb424340",7,"C6"
"Zm00001eb408710",3,"C4"
"Zm00001eb405560",5,"C5"
"Zm00001eb412320",2,"C2"
"Zm00001eb423960",2,"C2"
"Zm00001eb414740",2,"C2"
"Zm00001eb430880",2,"C2"
"Zm00001eb421320",3,"C4"
"Zm00001eb423570",7,"C6"
"Zm00001eb434100",6,"C1"
"Zm00001eb414990",2,"C2"
"Zm00001eb433870",7,"C6"
"Zm00001eb423990",5,"C5"
"Zm00001eb432800",6,"C1"
"Zm00001eb420470",3,"C4"
"Zm00001eb419050",6,"C1"
"Zm00001eb434500",7,"C6"
"Zm00001eb429330",1,"C7"
"Zm00001eb410410",6,"C1"
"Zm00001eb425600",7,"C6"
"Zm00001eb422140",2,"C2"
"Zm00001eb409230",2,"C2"
"Zm00001eb417730",6,"C1"
"Zm00001eb425180",3,"C4"
"Zm00001eb406130",2,"C2"
"Zm00001eb418480",6,"C1"
"Zm00001eb416450",3,"C4"
"Zm00001eb419680",2,"C2"
"Zm00001eb407750",3,"C4"
"Zm00001eb416800",6,"C1"
"Zm00001eb427640",3,"C4"
"Zm00001eb405460",2,"C2"
"Zm00001eb433090",3,"C4"
"Zm00001eb420110",3,"C4"
"Zm00001eb407030",2,"C2"
"Zm00001eb411880",2,"C2"
"Zm00001eb427930",2,"C2"
"Zm00001eb432260",2,"C2"
"Zm00001eb419890",6,"C1"
"Zm00001eb416720",3,"C4"
"Zm00001eb414690",7,"C6"
"Zm00001eb421240",6,"C1"
"Zm00001eb424450",2,"C2"
"Zm00001eb434230",4,"C3"
"Zm00001eb427440",3,"C4"
"Zm00001eb410030",2,"C2"
"Zm00001eb421350",3,"C4"
"Zm00001eb406570",1,"C7"
"Zm00001eb409980",3,"C4"
"Zm00001eb412020",2,"C2"
"Zm00001eb432450",6,"C1"
"Zm00001eb420410",2,"C2"
"Zm00001eb404870",3,"C4"
"Zm00001eb410210",6,"C1"
"Zm00001eb420890",6,"C1"
"Zm00001eb422340",3,"C4"
"Zm00001eb408800",2,"C2"
"Zm00001eb405770",5,"C5"
"Zm00001eb431850",2,"C2"
"Zm00001eb417010",6,"C1"
"Zm00001eb410760",2,"C2"
"Zm00001eb420950",7,"C6"
"Zm00001eb414340",7,"C6"
"Zm00001eb419200",3,"C4"
"Zm00001eb422800",3,"C4"
"Zm00001eb414030",7,"C6"
"Zm00001eb433190",6,"C1"
"Zm00001eb417500",2,"C2"
"Zm00001eb426650",4,"C3"
"Zm00001eb427200",2,"C2"
"Zm00001eb417780",3,"C4"
"Zm00001eb418920",5,"C5"
"Zm00001eb433450",2,"C2"
"Zm00001eb421550",2,"C2"
"Zm00001eb421290",5,"C5"
"Zm00001eb418020",5,"C5"
"Zm00001eb417390",2,"C2"
"Zm00001eb412190",2,"C2"
"Zm00001eb421110",2,"C2"
"Zm00001eb426130",7,"C6"
"Zm00001eb416240",6,"C1"
"Zm00001eb411740",2,"C2"
"Zm00001eb427610",2,"C2"
"Zm00001eb409220",7,"C6"
"Zm00001eb431430",2,"C2"
"Zm00001eb410430",2,"C2"
"Zm00001eb425710",2,"C2"
"Zm00001eb427800",2,"C2"
"Zm00001eb429400",6,"C1"
"Zm00001eb410830",4,"C3"
"Zm00001eb415970",2,"C2"
"Zm00001eb432130",6,"C1"
"Zm00001eb424220",2,"C2"
"Zm00001eb432480",4,"C3"
"Zm00001eb423930",2,"C2"
"Zm00001eb417710",2,"C2"
"Zm00001eb417150",2,"C2"
"Zm00001eb424630",5,"C5"
"Zm00001eb415600",2,"C2"
"Zm00001eb411630",2,"C2"
"Zm00001eb407530",3,"C4"
"Zm00001eb430920",6,"C1"
"Zm00001eb430770",2,"C2"
"Zm00001eb426230",7,"C6"
"Zm00001eb415640",5,"C5"
"Zm00001eb416370",2,"C2"
"Zm00001eb422790",6,"C1"
"Zm00001eb432940",7,"C6"
"Zm00001eb431200",5,"C5"
"Zm00001eb428540",5,"C5"
"Zm00001eb425660",2,"C2"
"Zm00001eb433670",2,"C2"
"Zm00001eb409040",1,"C7"
"Zm00001eb432380",6,"C1"
"Zm00001eb431090",3,"C4"
"Zm00001eb433980",2,"C2"
"Zm00001eb428370",2,"C2"
"Zm00001eb421310",6,"C1"
"Zm00001eb413480",2,"C2"
"Zm00001eb404900",2,"C2"
"Zm00001eb405650",5,"C5"
"Zm00001eb417380",6,"C1"
"Zm00001eb424480",5,"C5"
"Zm00001eb407220",6,"C1"
"Zm00001eb432550",2,"C2"
"Zm00001eb427870",1,"C7"
"Zm00001eb421130",3,"C4"
"Zm00001eb417460",2,"C2"
"Zm00001eb427020",3,"C4"
"Zm00001eb409580",3,"C4"
"Zm00001eb424420",7,"C6"
"Zm00001eb414860",2,"C2"
"Zm00001eb430240",6,"C1"
"Zm00001eb405870",7,"C6"
"Zm00001eb428130",2,"C2"
"Zm00001eb407810",2,"C2"
"Zm00001eb425980",2,"C2"
"Zm00001eb411490",7,"C6"
"Zm00001eb419490",5,"C5"
"Zm00001eb420800",2,"C2"
"Zm00001eb414090",2,"C2"
"Zm00001eb431760",5,"C5"
"Zm00001eb413560",2,"C2"
"Zm00001eb418930",3,"C4"
"Zm00001eb417940",1,"C7"
"Zm00001eb428340",2,"C2"
"Zm00001eb427140",6,"C1"
"Zm00001eb430640",7,"C6"
"Zm00001eb420940",7,"C6"
"Zm00001eb415650",2,"C2"
"Zm00001eb434210",2,"C2"
"Zm00001eb425240",2,"C2"
"Zm00001eb420010",5,"C5"
"Zm00001eb432370",6,"C1"
"Zm00001eb422680",2,"C2"
"Zm00001eb424770",2,"C2"
"Zm00001eb419770",2,"C2"
"Zm00001eb431040",2,"C2"
"Zm00001eb412290",2,"C2"
"Zm00001eb416660",6,"C1"
"Zm00001eb416160",6,"C1"
"Zm00001eb405190",7,"C6"
"Zm00001eb430890",3,"C4"
"Zm00001eb425930",2,"C2"
"Zm00001eb416360",2,"C2"
"Zm00001eb417160",2,"C2"
"Zm00001eb405640",2,"C2"
"Zm00001eb427750",2,"C2"
"Zm00001eb434050",6,"C1"
"Zm00001eb411300",1,"C7"
"Zm00001eb427000",6,"C1"
"Zm00001eb424940",5,"C5"
"Zm00001eb423580",3,"C4"
"Zm00001eb418750",3,"C4"
"Zm00001eb427460",1,"C7"
"Zm00001eb419310",6,"C1"
"Zm00001eb420570",2,"C2"
"Zm00001eb404990",7,"C6"
"Zm00001eb434520",2,"C2"
"Zm00001eb425420",7,"C6"
"Zm00001eb433270",3,"C4"
"Zm00001eb423880",6,"C1"
"Zm00001eb405760",5,"C5"
"Zm00001eb423140",5,"C5"
"Zm00001eb413880",2,"C2"
"Zm00001eb419800",2,"C2"
"Zm00001eb405060",7,"C6"
"Zm00001eb422350",6,"C1"
"Zm00001eb428440",3,"C4"
"Zm00001eb431860",2,"C2"
"Zm00001eb433550",6,"C1"
"Zm00001eb425450",2,"C2"
"Zm00001eb433460",4,"C3"
"Zm00001eb431740",2,"C2"
"Zm00001eb434220",7,"C6"
"Zm00001eb419690",2,"C2"
"Zm00001eb420370",2,"C2"
"Zm00001eb429840",6,"C1"
"Zm00001eb430360",6,"C1"
"Zm00001eb431270",2,"C2"
"Zm00001eb410280",2,"C2"
"Zm00001eb425400",2,"C2"
"Zm00001eb432880",2,"C2"
"Zm00001eb426300",6,"C1"
"Zm00001eb406760",6,"C1"
"Zm00001eb427070",6,"C1"
"Zm00001eb405290",2,"C2"
"Zm00001eb415360",3,"C4"
"Zm00001eb407570",6,"C1"
"Zm00001eb432590",2,"C2"
"Zm00001eb411670",5,"C5"
"Zm00001eb409740",6,"C1"
"Zm00001eb427380",2,"C2"
"Zm00001eb428840",5,"C5"
"Zm00001eb406350",2,"C2"
"Zm00001eb420210",3,"C4"
"Zm00001eb425830",3,"C4"
"Zm00001eb411700",5,"C5"
"Zm00001eb407240",2,"C2"
"Zm00001eb419590",3,"C4"
"Zm00001eb430930",5,"C5"
"Zm00001eb424060",2,"C2"
"Zm00001eb419190",7,"C6"
"Zm00001eb425140",6,"C1"
"Zm00001eb413950",2,"C2"
"Zm00001eb419550",7,"C6"
"Zm00001eb433910",2,"C2"
"Zm00001eb409850",6,"C1"
"Zm00001eb434000",2,"C2"
"Zm00001eb422670",2,"C2"
"Zm00001eb427450",6,"C1"
"Zm00001eb433650",5,"C5"
"Zm00001eb426610",2,"C2"
"Zm00001eb428460",2,"C2"
"Zm00001eb406900",7,"C6"
"Zm00001eb434080",3,"C4"
"Zm00001eb413370",3,"C4"
"Zm00001eb414040",3,"C4"
"Zm00001eb419700",7,"C6"
"Zm00001eb405990",3,"C4"
"Zm00001eb419500",6,"C1"
"Zm00001eb417510",1,"C7"
"Zm00001eb407730",6,"C1"
"Zm00001eb421060",3,"C4"
"Zm00001eb426890",2,"C2"
"Zm00001eb418690",2,"C2"
"Zm00001eb411150",2,"C2"
"Zm00001eb432440",3,"C4"
"Zm00001eb434140",7,"C6"
"Zm00001eb424740",2,"C2"
"Zm00001eb413890",2,"C2"
"Zm00001eb433330",5,"C5"
"Zm00001eb408460",2,"C2"
"Zm00001eb433970",6,"C1"
"Zm00001eb430840",6,"C1"
"Zm00001eb427880",3,"C4"
"Zm00001eb405340",2,"C2"
"Zm00001eb412800",5,"C5"
"Zm00001eb427430",6,"C1"
"Zm00001eb434300",6,"C1"
"Zm00001eb427510",3,"C4"
"Zm00001eb409500",2,"C2"
"Zm00001eb418410",3,"C4"
"Zm00001eb406100",1,"C7"
"Zm00001eb405580",3,"C4"
"Zm00001eb433230",2,"C2"
"Zm00001eb407440",2,"C2"
"Zm00001eb424010",5,"C5"
"Zm00001eb433420",7,"C6"
"Zm00001eb433490",2,"C2"
"Zm00001eb421100",2,"C2"
"Zm00001eb433500",3,"C4"
"Zm00001eb419600",7,"C6"
"Zm00001eb424890",2,"C2"
"Zm00001eb410080",6,"C1"
"Zm00001eb427100",2,"C2"
"Zm00001eb411250",6,"C1"
"Zm00001eb434430",7,"C6"
"Zm00001eb424700",3,"C4"
"Zm00001eb419580",1,"C7"
"Zm00001eb424640",2,"C2"
"Zm00001eb418460",1,"C7"
"Zm00001eb416990",7,"C6"
"Zm00001eb427810",6,"C1"
"Zm00001eb431000",2,"C2"
"Zm00001eb433680",3,"C4"
"Zm00001eb420200",2,"C2"
"Zm00001eb408540",3,"C4"
"Zm00001eb418860",5,"C5"
"Zm00001eb410820",3,"C4"
"Zm00001eb425560",3,"C4"
"Zm00001eb406800",2,"C2"
"Zm00001eb405250",6,"C1"
"Zm00001eb414730",6,"C1"
"Zm00001eb417140",6,"C1"
"Zm00001eb406320",5,"C5"
"Zm00001eb407610",2,"C2"
"Zm00001eb431510",5,"C5"
"Zm00001eb427600",7,"C6"
"Zm00001eb411050",3,"C4"
"Zm00001eb409800",3,"C4"
"Zm00001eb424780",6,"C1"
"Zm00001eb427420",2,"C2"
"Zm00001eb404840",5,"C5"
"Zm00001eb432530",6,"C1"
"Zm00001eb415220",2,"C2"
"Zm00001eb433250",2,"C2"
"Zm00001eb419000",6,"C1"
"Zm00001eb433890",2,"C2"
"Zm00001eb421090",2,"C2"
"Zm00001eb405440",2,"C2"
"Zm00001eb421600",5,"C5"
"Zm00001eb409630",2,"C2"
"Zm00001eb430250",6,"C1"
"Zm00001eb432990",5,"C5"
"Zm00001eb410960",7,"C6"
"Zm00001eb433440",2,"C2"
"Zm00001eb407390",6,"C1"
"Zm00001eb429870",7,"C6"
"Zm00001eb425850",2,"C2"
"Zm00001eb426510",1,"C7"
"Zm00001eb432230",2,"C2"
"Zm00001eb418630",2,"C2"
"Zm00001eb431870",2,"C2"
"Zm00001eb421400",2,"C2"
"Zm00001eb431050",7,"C6"
"Zm00001eb417470",6,"C1"
"Zm00001eb413710",2,"C2"
"Zm00001eb408360",5,"C5"
"Zm00001eb410190",3,"C4"
"Zm00001eb412460",7,"C6"
"Zm00001eb417550",7,"C6"
"Zm00001eb410050",1,"C7"
"Zm00001eb417120",2,"C2"
"Zm00001eb410920",2,"C2"
"Zm00001eb423920",1,"C7"
"Zm00001eb421170",7,"C6"
"Zm00001eb423600",2,"C2"
"Zm00001eb431410",6,"C1"
"Zm00001eb416090",3,"C4"
"Zm00001eb424380",2,"C2"
"Zm00001eb434130",7,"C6"
"Zm00001eb419130",2,"C2"
"Zm00001eb420720",2,"C2"
"Zm00001eb413320",6,"C1"
"Zm00001eb407710",1,"C7"
"Zm00001eb420610",7,"C6"
"Zm00001eb434290",2,"C2"
"Zm00001eb430080",3,"C4"
"Zm00001eb422860",5,"C5"
"Zm00001eb410350",7,"C6"
"Zm00001eb424840",5,"C5"
"Zm00001eb426270",2,"C2"
"Zm00001eb412370",7,"C6"
"Zm00001eb433900",2,"C2"
"Zm00001eb426700",2,"C2"
"Zm00001eb417640",2,"C2"
"Zm00001eb409570",3,"C4"
"Zm00001eb409060",6,"C1"
"Zm00001eb418350",6,"C1"
"Zm00001eb429120",7,"C6"
"Zm00001eb413790",7,"C6"
"Zm00001eb432360",7,"C6"
"Zm00001eb425750",2,"C2"
"Zm00001eb409930",2,"C2"
"Zm00001eb415740",6,"C1"
"Zm00001eb425920",2,"C2"
"Zm00001eb434550",1,"C7"
"Zm00001eb415700",3,"C4"
"Zm00001eb416740",6,"C1"
"Zm00001eb432470",6,"C1"
"Zm00001eb417870",6,"C1"
"Zm00001eb406750",2,"C2"
"Zm00001eb418680",3,"C4"
"Zm00001eb422440",2,"C2"
"Zm00001eb417890",2,"C2"
"Zm00001eb427540",6,"C1"
"Zm00001eb405630",2,"C2"
"Zm00001eb427030",5,"C5"
"Zm00001eb407510",7,"C6"
"Zm00001eb410780",3,"C4"
"Zm00001eb424610",6,"C1"
"Zm00001eb405850",2,"C2"
"Zm00001eb429920",7,"C6"
"Zm00001eb418910",7,"C6"
"Zm00001eb407790",2,"C2"
"Zm00001eb409420",2,"C2"
"Zm00001eb431600",6,"C1"
"Zm00001eb419710",3,"C4"
"Zm00001eb410510",5,"C5"
"Zm00001eb427080",2,"C2"
"Zm00001eb410070",2,"C2"
"Zm00001eb413360",6,"C1"
"Zm00001eb417960",2,"C2"
"Zm00001eb434450",3,"C4"
"Zm00001eb414500",6,"C1"
"Zm00001eb432950",2,"C2"
"Zm00001eb414760",5,"C5"
"Zm00001eb411590",6,"C1"
"Zm00001eb433540",1,"C7"
"Zm00001eb418170",2,"C2"
"Zm00001eb430260",2,"C2"
"Zm00001eb428220",3,"C4"
"Zm00001eb434490",3,"C4"
"Zm00001eb429430",7,"C6"
"Zm00001eb427110",2,"C2"
"Zm00001eb424710",2,"C2"
"Zm00001eb419480",2,"C2"
"Zm00001eb410850",2,"C2"
"Zm00001eb426150",6,"C1"
"Zm00001eb430560",2,"C2"
"Zm00001eb409400",5,"C5"
"Zm00001eb405390",1,"C7"
"Zm00001eb422280",6,"C1"
"Zm00001eb413100",2,"C2"
"Zm00001eb413670",6,"C1"
"Zm00001eb431330",2,"C2"
"Zm00001eb407450",2,"C2"
"Zm00001eb415530",2,"C2"
"Zm00001eb410440",6,"C1"
"Zm00001eb432070",3,"C4"
"Zm00001eb431460",6,"C1"
"Zm00001eb421200",7,"C6"
"Zm00001eb415010",6,"C1"
"Zm00001eb423370",6,"C1"
"Zm00001eb434010",2,"C2"
"Zm00001eb429690",2,"C2"
"Zm00001eb421330",2,"C2"
"Zm00001eb427820",2,"C2"
"Zm00001eb416750",3,"C4"
"Zm00001eb423180",6,"C1"
"Zm00001eb425070",6,"C1"
"Zm00001eb432580",3,"C4"
"Zm00001eb406840",1,"C7"
"Zm00001eb406600",6,"C1"
"Zm00001eb421010",2,"C2"
"Zm00001eb411230",6,"C1"
"Zm00001eb433120",6,"C1"
"Zm00001eb432350",2,"C2"
"Zm00001eb413910",3,"C4"
"Zm00001eb407720",2,"C2"
"Zm00001eb416410",3,"C4"
"Zm00001eb407100",2,"C2"
"Zm00001eb431300",2,"C2"
"Zm00001eb430480",7,"C6"
"Zm00001eb418330",2,"C2"
"Zm00001eb404760",1,"C7"
"Zm00001eb422490",2,"C2"
"Zm00001eb432730",5,"C5"
"Zm00001eb425680",5,"C5"
"Zm00001eb406440",3,"C4"
"Zm00001eb418470",3,"C4"
"Zm00001eb423440",2,"C2"
"Zm00001eb427210",7,"C6"
"Zm00001eb432050",6,"C1"
"Zm00001eb417050",3,"C4"
"Zm00001eb425170",3,"C4"
"Zm00001eb404750",5,"C5"
"Zm00001eb406850",6,"C1"
"Zm00001eb409080",1,"C7"
"Zm00001eb404970",2,"C2"
"Zm00001eb428010",5,"C5"
"Zm00001eb414570",7,"C6"
"Zm00001eb430500",3,"C4"
"Zm00001eb433480",3,"C4"
"Zm00001eb407080",5,"C5"
"Zm00001eb413050",6,"C1"
"Zm00001eb408080",3,"C4"
"Zm00001eb416790",2,"C2"
"Zm00001eb413920",1,"C7"
"Zm00001eb406810",7,"C6"
"Zm00001eb428160",2,"C2"
"Zm00001eb419440",3,"C4"
"Zm00001eb410840",6,"C1"
"Zm00001eb410260",1,"C7"
"Zm00001eb420390",2,"C2"
"Zm00001eb406420",6,"C1"
"Zm00001eb426690",5,"C5"
"Zm00001eb409530",7,"C6"
"Zm00001eb410000",2,"C2"
"Zm00001eb414750",2,"C2"
"Zm00001eb414310",2,"C2"
"Zm00001eb415450",7,"C6"
"Zm00001eb420850",3,"C4"
"Zm00001eb415480",2,"C2"
"Zm00001eb424550",2,"C2"
"Zm00001eb422870",2,"C2"
"Zm00001eb408590",6,"C1"
"Zm00001eb425520",3,"C4"
"Zm00001eb405740",6,"C1"
"Zm00001eb429350",3,"C4"
"Zm00001eb410630",1,"C7"
"Zm00001eb420230",3,"C4"
"Zm00001eb407150",5,"C5"
"Zm00001eb406930",3,"C4"
"Zm00001eb433750",7,"C6"
"Zm00001eb419530",1,"C7"
"Zm00001eb408990",2,"C2"
"Zm00001eb409190",7,"C6"
"Zm00001eb431130",3,"C4"
"Zm00001eb415390",2,"C2"
"Zm00001eb420290",2,"C2"
"Zm00001eb430300",6,"C1"
"Zm00001eb414790",2,"C2"
"Zm00001eb406880",7,"C6"
"Zm00001eb425700",2,"C2"
"Zm00001eb433940",2,"C2"
"Zm00001eb414020",2,"C2"
"Zm00001eb433180",2,"C2"
"Zm00001eb412610",6,"C1"
"Zm00001eb434540",6,"C1"
"Zm00001eb429480",1,"C7"
"Zm00001eb418310",3,"C4"
"Zm00001eb430670",2,"C2"
"Zm00001eb410570",5,"C5"
"Zm00001eb417020",2,"C2"
"Zm00001eb408670",2,"C2"
"Zm00001eb410220",3,"C4"
"Zm00001eb421850",5,"C5"
"Zm00001eb433310",7,"C6"
"Zm00001eb427560",5,"C5"
"Zm00001eb416530",6,"C1"
"Zm00001eb421220",4,"C3"
"Zm00001eb428750",2,"C2"
"Zm00001eb417060",2,"C2"
"Zm00001eb420500",2,"C2"
"Zm00001eb427190",6,"C1"
"Zm00001eb425840",2,"C2"
"Zm00001eb428940",2,"C2"
"Zm00001eb408880",3,"C4"
"Zm00001eb416760",2,"C2"
"Zm00001eb434400",7,"C6"
"Zm00001eb421160",6,"C1"
"Zm00001eb424720",2,"C2"
"Zm00001eb410550",5,"C5"
"Zm00001eb417400",3,"C4"
"Zm00001eb427320",4,"C3"
"Zm00001eb422480",3,"C4"
"Zm00001eb431950",2,"C2"
"Zm00001eb406450",2,"C2"
"Zm00001eb426720",6,"C1"
"Zm00001eb421180",3,"C4"
"Zm00001eb417480",1,"C7"
"Zm00001eb430490",2,"C2"
"Zm00001eb414700",7,"C6"
"Zm00001eb421890",2,"C2"
"Zm00001eb425580",7,"C6"
"Zm00001eb425990",3,"C4"
"Zm00001eb406780",2,"C2"
"Zm00001eb429110",3,"C4"
"Zm00001eb425460",2,"C2"
"Zm00001eb432790",2,"C2"
"Zm00001eb429200",2,"C2"
"Zm00001eb431290",2,"C2"
"Zm00001eb426220",6,"C1"
"Zm00001eb419110",1,"C7"
"Zm00001eb426160",3,"C4"
"Zm00001eb409870",2,"C2"
"Zm00001eb434200",2,"C2"
"Zm00001eb414780",3,"C4"
"Zm00001eb430780",5,"C5"
"Zm00001eb418070",6,"C1"
"Zm00001eb419720",6,"C1"
"Zm00001eb427250",2,"C2"
"Zm00001eb416290",2,"C2"
"Zm00001eb421690",2,"C2"
"Zm00001eb425120",2,"C2"
"Zm00001eb424590",3,"C4"
"Zm00001eb414530",3,"C4"
"Zm00001eb414180",3,"C4"
"Zm00001eb421980",2,"C2"
"Zm00001eb431320",3,"C4"
"Zm00001eb408210",5,"C5"
"Zm00001eb428560",2,"C2"
"Zm00001eb408290",2,"C2"
"Zm00001eb422260",3,"C4"
"Zm00001eb434250",3,"C4"
"Zm00001eb409200",2,"C2"
"Zm00001eb432200",7,"C6"
"Zm00001eb418880",2,"C2"
"Zm00001eb419810",5,"C5"
"Zm00001eb426060",7,"C6"
"Zm00001eb413860",6,"C1"
"Zm00001eb421580",6,"C1"
"Zm00001eb405320",6,"C1"
"Zm00001eb409680",2,"C2"
"Zm00001eb423860",6,"C1"
"Zm00001eb413090",3,"C4"
"Zm00001eb420710",3,"C4"
"Zm00001eb405000",6,"C1"
"Zm00001eb422940",2,"C2"
"Zm00001eb434600",6,"C1"
"Zm00001eb435560",2,"C2"
"Zm00001eb435570",2,"C2"
"Zm00001eb435590",5,"C5"
"Zm00001eb439290",6,"C1"
"Zm00001eb439810",2,"C2"
"Zm00001eb440640",3,"C4"
"Zm00001eb440680",3,"C4"
"Zm00001eb440860",6,"C1"
"Zm00001eb441830",3,"C4"
"Zm00001eb442030",2,"C2"
"Zm00001eb442310",2,"C2"
"Zm00001eb442360",5,"C5"
"orf396-XLOC-043542",3,"C4"
"orf99-c-XLOC-043565",3,"C4"
"orf101-a-XLOC-043567",6,"C1"
"rrn26-XLOC-043610",7,"C6"
"nad4-XLOC-043641",6,"C1"
"orf99-d-XLOC-043654",3,"C4"
"rrn18-XLOC-043715",7,"C6"
"Zm00001eb032070",3,"C4"
"Zm00001eb040830",2,"C2"
"Zm00001eb020160",3,"C4"
"Zm00001eb053040",7,"C6"
"Zm00001eb053560",2,"C2"
"Zm00001eb015410",6,"C1"
"Zm00001eb029740",6,"C1"
"Zm00001eb040600",3,"C4"
"Zm00001eb047350",2,"C2"
"Zm00001eb041090",6,"C1"
"Zm00001eb060070",2,"C2"
"Zm00001eb047770",6,"C1"
"Zm00001eb057510",2,"C2"
"Zm00001eb020540",2,"C2"
"Zm00001eb004900",2,"C2"
"Zm00001eb006890",6,"C1"
"Zm00001eb040020",2,"C2"
"Zm00001eb032620",6,"C1"
"Zm00001eb018150",2,"C2"
"Zm00001eb052000",7,"C6"
"Zm00001eb007080",2,"C2"
"Zm00001eb198500",2,"C2"
"Zm00001eb207730",3,"C4"
"Zm00001eb186670",6,"C1"
"Zm00001eb207880",6,"C1"
"Zm00001eb206730",7,"C6"
"Zm00001eb195370",6,"C1"
"Zm00001eb207550",5,"C5"
"Zm00001eb194700",3,"C4"
"Zm00001eb190270",7,"C6"
"Zm00001eb169980",3,"C4"
"Zm00001eb081290",1,"C7"
"Zm00001eb076520",2,"C2"
"Zm00001eb078530",2,"C2"
"Zm00001eb078730",7,"C6"
"Zm00001eb087860",2,"C2"
"Zm00001eb085260",3,"C4"
"Zm00001eb112110",2,"C2"
"Zm00001eb114720",6,"C1"
"Zm00001eb158590",3,"C4"
"Zm00001eb121740",6,"C1"
"Zm00001eb146150",3,"C4"
"Zm00001eb137530",6,"C1"
"Zm00001eb139200",2,"C2"
"Zm00001eb121750",6,"C1"
"Zm00001eb145040",6,"C1"
"Zm00001eb152580",5,"C5"
"Zm00001eb162290",6,"C1"
"Zm00001eb253170",2,"C2"
"Zm00001eb214270",2,"C2"
"Zm00001eb234650",2,"C2"
"Zm00001eb210970",2,"C2"
"Zm00001eb223620",5,"C5"
"Zm00001eb223130",2,"C2"
"Zm00001eb230390",6,"C1"
"Zm00001eb232110",7,"C6"
"Zm00001eb211930",3,"C4"
"Zm00001eb327110",6,"C1"
"Zm00001eb329120",6,"C1"
"Zm00001eb310040",6,"C1"
"Zm00001eb316330",3,"C4"
"Zm00001eb307980",3,"C4"
"Zm00001eb323260",6,"C1"
"Zm00001eb301870",3,"C4"
"Zm00001eb316690",6,"C1"
"Zm00001eb310900",6,"C1"
"Zm00001eb307870",3,"C4"
"Zm00001eb319150",6,"C1"
"Zm00001eb323250",6,"C1"
"Zm00001eb304830",6,"C1"
"Zm00001eb330390",6,"C1"
"Zm00001eb307470",2,"C2"
"Zm00001eb338390",2,"C2"
"Zm00001eb367250",2,"C2"
"Zm00001eb351620",2,"C2"
"Zm00001eb352280",3,"C4"
"Zm00001eb360950",7,"C6"
"Zm00001eb341760",6,"C1"
"Zm00001eb287020",6,"C1"
"Zm00001eb293840",2,"C2"
"Zm00001eb276270",7,"C6"
"Zm00001eb272850",3,"C4"
"Zm00001eb288030",2,"C2"
"Zm00001eb268740",2,"C2"
"Zm00001eb291430",2,"C2"
"Zm00001eb270830",2,"C2"
"Zm00001eb274320",6,"C1"
"Zm00001eb292950",7,"C6"
"Zm00001eb378770",2,"C2"
"Zm00001eb398620",5,"C5"
"Zm00001eb400200",6,"C1"
"Zm00001eb386080",7,"C6"
"Zm00001eb386340",2,"C2"
"Zm00001eb380370",6,"C1"
"Zm00001eb411280",3,"C4"
"Zm00001eb433300",6,"C1"
"Zm00001eb406610",2,"C2"
"Zm00001eb421770",2,"C2"
"Zm00001eb410140",3,"C4"
"Zm00001eb170520",2,"C2"
"Zm00001eb167630",6,"C1"
"Zm00001eb180650",2,"C2"
"Zm00001eb096640",2,"C2"
"Zm00001eb116210",3,"C4"
"Zm00001eb105110",2,"C2"
"Zm00001eb088510",6,"C1"
"Zm00001eb085150",2,"C2"
"Zm00001eb106800",2,"C2"
"Zm00001eb068810",6,"C1"
"Zm00001eb137320",3,"C4"
"Zm00001eb141080",7,"C6"
"Zm00001eb318460",2,"C2"
"Zm00001eb345190",6,"C1"
"Zm00001eb336140",6,"C1"
"Zm00001eb277090",2,"C2"
"Zm00001eb283330",6,"C1"
"Zm00001eb276520",3,"C4"
"Zm00001eb401280",6,"C1"
"Zm00001eb383700",6,"C1"
"Zm00001eb401610",2,"C2"
"Zm00001eb433790",6,"C1"
"Zm00001eb048780",7,"C6"
"Zm00001eb179240",3,"C4"
"Zm00001eb104470",6,"C1"
"Zm00001eb073390",6,"C1"
"Zm00001eb131820",6,"C1"
"Zm00001eb141650",2,"C2"
"Zm00001eb159280",6,"C1"
"Zm00001eb239830",7,"C6"
"Zm00001eb247220",2,"C2"
"Zm00001eb316750",2,"C2"
"Zm00001eb373070",6,"C1"
"Zm00001eb404600",2,"C2"
"Zm00001eb420440",6,"C1"
"Zm00001eb411520",1,"C7"
"Zm00001eb431530",6,"C1"
"Zm00001eb040620",6,"C1"
"Zm00001eb110670",6,"C1"
"Zm00001eb038070",6,"C1"
"Zm00001eb358850",2,"C2"
