"gene","raw_cutree_cluster","trend_cluster","mean_SCT_expression"
"Zm00001eb055850",6,"C1",3.12430737291919
"Zm00001eb136490",6,"C1",2.48202458054181
"Zm00001eb269650",6,"C1",2.47551853823675
"Zm00001eb280100",6,"C1",2.35110730994162
"Zm00001eb285210",6,"C1",2.28979558834991
"Zm00001eb007860",6,"C1",2.25269870508553
"Zm00001eb018990",6,"C1",2.20735013919341
"Zm00001eb276860",6,"C1",2.16084325744631
"Zm00001eb027760",6,"C1",2.12891333025423
"Zm00001eb169970",6,"C1",2.0691445194649
"Zm00001eb331200",6,"C1",2.0417761375195
"Zm00001eb077840",6,"C1",2.01332810428471
"Zm00001eb313690",6,"C1",1.98750932122528
"Zm00001eb179490",6,"C1",1.97780594675498
"Zm00001eb042750",6,"C1",1.9723675898456
"Zm00001eb053330",6,"C1",1.96043102578187
"Zm00001eb015010",6,"C1",1.86999138961274
"Zm00001eb285450",6,"C1",1.86982848482592
"Zm00001eb203340",6,"C1",1.86206918629558
"Zm00001eb055330",6,"C1",1.859893548684
"Zm00001eb273510",6,"C1",1.79230446295162
"Zm00001eb013490",6,"C1",1.78065553241255
"Zm00001eb364680",6,"C1",1.72472502230381
"Zm00001eb291340",6,"C1",1.68516207273703
"Zm00001eb346230",6,"C1",1.67545155081999
"Zm00001eb069280",6,"C1",1.61467606807857
"Zm00001eb401250",6,"C1",1.58952293683184
"Zm00001eb352080",6,"C1",1.55690951191605
"Zm00001eb325880",6,"C1",1.55535857029577
"Zm00001eb252630",6,"C1",1.54037750887341
"Zm00001eb401700",6,"C1",1.52556116947564
"Zm00001eb208310",6,"C1",1.51356797466744
"Zm00001eb188910",6,"C1",1.50260875469883
"Zm00001eb284310",6,"C1",1.4848625709008
"Zm00001eb209960",6,"C1",1.47773757896172
"Zm00001eb309210",6,"C1",1.45547238339102
"Zm00001eb112040",6,"C1",1.44561842553284
"Zm00001eb351000",6,"C1",1.4200506011697
"Zm00001eb252780",6,"C1",1.41623171360807
"Zm00001eb391700",6,"C1",1.39023459491183
"Zm00001eb069290",6,"C1",1.38479824406344
"Zm00001eb227470",6,"C1",1.38042230568001
"Zm00001eb285090",6,"C1",1.36386069377803
"Zm00001eb270240",6,"C1",1.35138715056637
"Zm00001eb111910",6,"C1",1.32419910822174
"Zm00001eb312430",6,"C1",1.30807048973558
"Zm00001eb349240",6,"C1",1.30352595028367
"Zm00001eb313000",6,"C1",1.28870365754823
"Zm00001eb388350",6,"C1",1.26946352586093
"Zm00001eb434320",6,"C1",1.26428619093605
"Zm00001eb192900",6,"C1",1.25455379909006
"Zm00001eb042390",6,"C1",1.23837658792958
"Zm00001eb008550",6,"C1",1.23545301852196
"Zm00001eb419950",6,"C1",1.23212506794809
"Zm00001eb379500",6,"C1",1.2318531555054
"Zm00001eb008610",6,"C1",1.22395402303205
"Zm00001eb102400",6,"C1",1.22076771379369
"Zm00001eb200810",6,"C1",1.21738654623954
"Zm00001eb289700",6,"C1",1.21359555120105
"Zm00001eb211130",6,"C1",1.21089205943948
"Zm00001eb128810",6,"C1",1.20645923515233
"Zm00001eb345800",6,"C1",1.19808673298315
"Zm00001eb432370",6,"C1",1.19298958981255
"Zm00001eb157650",6,"C1",1.19262008565777
"Zm00001eb402840",6,"C1",1.18859472419779
"Zm00001eb422630",6,"C1",1.18106035814264
"Zm00001eb371250",6,"C1",1.17101721954312
"Zm00001eb159420",6,"C1",1.16913758932223
"Zm00001eb362250",6,"C1",1.15842592693393
"Zm00001eb156500",6,"C1",1.15452267552332
"Zm00001eb153940",6,"C1",1.1423501575948
"Zm00001eb351380",6,"C1",1.13953951459539
"Zm00001eb179440",6,"C1",1.1386060356334
"Zm00001eb233830",6,"C1",1.12401252475685
"Zm00001eb042670",6,"C1",1.120422979905
"Zm00001eb294130",6,"C1",1.1089998209119
"Zm00001eb431060",6,"C1",1.10861770256405
"Zm00001eb056550",6,"C1",1.10112465063529
"Zm00001eb128130",6,"C1",1.09941968754734
"Zm00001eb184450",6,"C1",1.09850413686485
"Zm00001eb403050",6,"C1",1.09461944853962
"Zm00001eb376020",6,"C1",1.08517640852395
"Zm00001eb243600",6,"C1",1.07716214328536
"Zm00001eb326230",6,"C1",1.07411961930725
"Zm00001eb303010",6,"C1",1.0683537911497
"Zm00001eb210720",6,"C1",1.06542655832344
"Zm00001eb054200",6,"C1",1.06113684557828
"Zm00001eb222320",6,"C1",1.06022483064579
"Zm00001eb394360",6,"C1",1.05944143425747
"Zm00001eb431690",6,"C1",1.05601684907334
"Zm00001eb281730",6,"C1",1.05509710139715
"Zm00001eb205990",6,"C1",1.05192602688457
"Zm00001eb116280",6,"C1",1.04896736551997
"Zm00001eb041200",6,"C1",1.04783354157886
"Zm00001eb086540",6,"C1",1.04574112782278
"Zm00001eb268750",6,"C1",1.04334304700841
"Zm00001eb196650",6,"C1",1.04206510523423
"Zm00001eb066650",6,"C1",1.03980879760965
"Zm00001eb423310",6,"C1",1.03777860583137
"Zm00001eb031900",6,"C1",1.03438575469206
"Zm00001eb140380",6,"C1",1.0325811172732
"Zm00001eb240160",6,"C1",1.02018620328867
"Zm00001eb234680",6,"C1",1.01130997969418
"Zm00001eb306480",6,"C1",1.01013325475029
"Zm00001eb332520",6,"C1",1.00821785891758
"Zm00001eb298130",6,"C1",1.00697326505689
"Zm00001eb294640",6,"C1",1.00523829347373
"Zm00001eb398860",6,"C1",1.00319946674882
"Zm00001eb347200",6,"C1",1.0030862015701
"Zm00001eb139250",6,"C1",1.0019057261899
"Zm00001eb332040",6,"C1",1.00044769286931
"Zm00001eb020690",6,"C1",0.999675119037283
"Zm00001eb181160",6,"C1",0.997443559569969
"Zm00001eb279060",6,"C1",0.990961019322555
"Zm00001eb154530",6,"C1",0.990626737964616
"Zm00001eb048800",6,"C1",0.989546532948358
"Zm00001eb058600",6,"C1",0.98434321968153
"Zm00001eb127760",6,"C1",0.983745377101391
"Zm00001eb126080",6,"C1",0.980887409135062
"Zm00001eb221810",6,"C1",0.978491089483957
"Zm00001eb011020",6,"C1",0.97735806158183
"Zm00001eb315530",6,"C1",0.9769808894828
"Zm00001eb331470",6,"C1",0.974278488523029
"Zm00001eb364840",6,"C1",0.963688704714415
"Zm00001eb049330",6,"C1",0.963579061881348
"Zm00001eb013640",6,"C1",0.962970129545765
"Zm00001eb138410",6,"C1",0.960034295083024
"Zm00001eb213630",6,"C1",0.958083242712434
"Zm00001eb034130",6,"C1",0.952268515261722
"Zm00001eb267430",6,"C1",0.951149893668257
"Zm00001eb418160",6,"C1",0.949671730004927
"Zm00001eb057720",6,"C1",0.949666935354659
"Zm00001eb038310",6,"C1",0.947187306169377
"Zm00001eb176350",6,"C1",0.945750238667718
"Zm00001eb085500",6,"C1",0.943366471892234
"Zm00001eb356880",6,"C1",0.940919309465548
"Zm00001eb168750",6,"C1",0.931713098405979
"Zm00001eb043910",6,"C1",0.930880624728567
"Zm00001eb224990",6,"C1",0.916967404383029
"Zm00001eb338570",6,"C1",0.916465065924266
"Zm00001eb059090",6,"C1",0.916338366838288
"Zm00001eb329250",6,"C1",0.911751754049041
"Zm00001eb297230",6,"C1",0.908849405164737
"Zm00001eb070260",6,"C1",0.90202763323716
"Zm00001eb131790",6,"C1",0.899517019796742
"Zm00001eb241290",6,"C1",0.894093270615977
"Zm00001eb369670",6,"C1",0.89100690647968
"Zm00001eb342640",6,"C1",0.889728311750133
"Zm00001eb356680",6,"C1",0.882620076045717
"Zm00001eb302810",6,"C1",0.88259507496284
"Zm00001eb240630",6,"C1",0.881179959462578
"Zm00001eb121180",6,"C1",0.874526396736148
"Zm00001eb060640",6,"C1",0.873863976229456
"Zm00001eb230780",6,"C1",0.869455321310028
"Zm00001eb137060",6,"C1",0.868025203543991
"Zm00001eb042990",6,"C1",0.865815663094189
"Zm00001eb335350",6,"C1",0.862772860989682
"Zm00001eb138330",6,"C1",0.860723988684731
"Zm00001eb400980",6,"C1",0.85576675612868
"Zm00001eb025130",6,"C1",0.855063116617974
"Zm00001eb241190",6,"C1",0.850387538716077
"Zm00001eb362860",6,"C1",0.850287438093554
"Zm00001eb396890",6,"C1",0.847044509826969
"Zm00001eb377530",6,"C1",0.839327747321116
"Zm00001eb325420",6,"C1",0.838087228204794
"Zm00001eb122690",6,"C1",0.837654302164915
"Zm00001eb287570",6,"C1",0.836403826562416
"Zm00001eb269840",6,"C1",0.833475702703912
"Zm00001eb359620",6,"C1",0.828352357412889
"Zm00001eb010400",6,"C1",0.827441771946022
"Zm00001eb215040",6,"C1",0.826672221021033
"Zm00001eb118920",6,"C1",0.826271487115766
"Zm00001eb108720",6,"C1",0.822926963154238
"Zm00001eb165950",6,"C1",0.822161882498047
"Zm00001eb327460",6,"C1",0.821675718494669
"Zm00001eb221180",6,"C1",0.819457226630142
"Zm00001eb283980",6,"C1",0.817786850876399
"Zm00001eb345240",6,"C1",0.816580492880842
"Zm00001eb047170",6,"C1",0.813446294943674
"Zm00001eb362330",6,"C1",0.811925648851484
"Zm00001eb067960",6,"C1",0.807159519877976
"Zm00001eb140890",6,"C1",0.805489114801543
"Zm00001eb356920",6,"C1",0.803902136957596
"Zm00001eb288200",6,"C1",0.803334231307924
"Zm00001eb110280",6,"C1",0.801903527337847
"Zm00001eb318200",6,"C1",0.800128579931995
"Zm00001eb066790",6,"C1",0.795364500689521
"Zm00001eb321330",6,"C1",0.794677376989703
"Zm00001eb267900",6,"C1",0.792686567935486
"Zm00001eb359420",6,"C1",0.791943032076627
"Zm00001eb023020",6,"C1",0.79173044836554
"Zm00001eb192570",6,"C1",0.790135200233557
"Zm00001eb076390",6,"C1",0.790049821691602
"Zm00001eb105310",6,"C1",0.785933299198667
"Zm00001eb383320",6,"C1",0.785823827306504
"Zm00001eb058230",6,"C1",0.781263426053242
"Zm00001eb004170",6,"C1",0.778887059917551
"Zm00001eb218300",6,"C1",0.775565969970056
"Zm00001eb178620",6,"C1",0.774597720485303
"Zm00001eb193560",6,"C1",0.774093421620284
"Zm00001eb356940",6,"C1",0.773153177931309
"Zm00001eb196350",6,"C1",0.77307080350205
"Zm00001eb041760",6,"C1",0.770447280650939
"Zm00001eb121760",6,"C1",0.770333270161341
"Zm00001eb291710",6,"C1",0.768067958647818
"Zm00001eb321990",6,"C1",0.767723413126919
"Zm00001eb096040",6,"C1",0.767463144110825
"Zm00001eb228990",6,"C1",0.766733089504907
"Zm00001eb358400",6,"C1",0.761607655562437
"Zm00001eb211480",6,"C1",0.761082485180808
"Zm00001eb375510",6,"C1",0.759709794158381
"Zm00001eb217160",6,"C1",0.759646460202287
"Zm00001eb175560",6,"C1",0.757177113239368
"Zm00001eb423880",6,"C1",0.756628564777675
"Zm00001eb084180",6,"C1",0.753567419510265
"Zm00001eb171240",6,"C1",0.752556406256151
"Zm00001eb304090",6,"C1",0.752233870664872
"Zm00001eb104510",6,"C1",0.751008504441324
"Zm00001eb174670",6,"C1",0.750715102985306
"Zm00001eb010150",6,"C1",0.75011890773067
"Zm00001eb346940",6,"C1",0.749962231883644
"Zm00001eb038490",6,"C1",0.748683176386686
"Zm00001eb046980",6,"C1",0.746413389642112
"Zm00001eb266570",6,"C1",0.746288894891685
"Zm00001eb180540",6,"C1",0.743956391211732
"Zm00001eb347110",6,"C1",0.74327146288102
"Zm00001eb240380",6,"C1",0.742972983329828
"Zm00001eb007170",6,"C1",0.742448893002599
"Zm00001eb329590",6,"C1",0.741348323328107
"Zm00001eb406760",6,"C1",0.737278265258352
"Zm00001eb169770",6,"C1",0.736812706213199
"Zm00001eb221440",6,"C1",0.735699495870282
"Zm00001eb390210",6,"C1",0.734796287805569
"Zm00001eb049840",6,"C1",0.730860762562509
"Zm00001eb052740",6,"C1",0.729586821501568
"Zm00001eb128160",6,"C1",0.727184772451454
"Zm00001eb061310",6,"C1",0.727182099818792
"Zm00001eb356180",6,"C1",0.724468937254433
"Zm00001eb158030",6,"C1",0.723269351799505
"Zm00001eb292060",6,"C1",0.723093235275578
"Zm00001eb209390",6,"C1",0.72162841071022
"Zm00001eb226740",6,"C1",0.720618543717223
"Zm00001eb166710",6,"C1",0.719588070094595
"Zm00001eb198280",6,"C1",0.71617283763993
"Zm00001eb346960",6,"C1",0.714212982443449
"Zm00001eb104960",6,"C1",0.709576226284925
"Zm00001eb222890",6,"C1",0.708981790882009
"Zm00001eb323470",6,"C1",0.708006928146952
"Zm00001eb178370",6,"C1",0.705434331922101
"Zm00001eb098450",6,"C1",0.70501593040256
"Zm00001eb126790",6,"C1",0.704844214629324
"Zm00001eb127970",6,"C1",0.704244903431321
"Zm00001eb331970",6,"C1",0.703887433024259
"Zm00001eb012330",6,"C1",0.702222375236459
"Zm00001eb413280",6,"C1",0.701160265280373
"Zm00001eb043920",6,"C1",0.699989773182337
"Zm00001eb346900",6,"C1",0.699615540410801
"Zm00001eb409430",6,"C1",0.698841169210417
"Zm00001eb169400",6,"C1",0.694992828851147
"Zm00001eb124390",6,"C1",0.69330653685878
"Zm00001eb039770",6,"C1",0.691072610975821
"Zm00001eb085010",6,"C1",0.689589782958462
"Zm00001eb040490",6,"C1",0.687860922899013
"Zm00001eb402460",6,"C1",0.685862972400511
"Zm00001eb360860",6,"C1",0.685726683829524
"Zm00001eb370090",6,"C1",0.683774390479959
"Zm00001eb114240",6,"C1",0.680685825749849
"Zm00001eb334120",6,"C1",0.676092518629232
"Zm00001eb055030",6,"C1",0.675949463403148
"Zm00001eb070840",6,"C1",0.670182785541498
"Zm00001eb142230",6,"C1",0.669422524608268
"Zm00001eb329790",6,"C1",0.668947128630361
"Zm00001eb398660",6,"C1",0.668062137308644
"Zm00001eb338190",6,"C1",0.667987235275438
"Zm00001eb276870",6,"C1",0.662569956106565
"Zm00001eb427430",6,"C1",0.662414719380872
"Zm00001eb062480",6,"C1",0.660342055403511
"Zm00001eb277360",6,"C1",0.658775044985763
"Zm00001eb065890",6,"C1",0.65827290877956
"Zm00001eb208430",6,"C1",0.656755259829907
"Zm00001eb196240",6,"C1",0.655758696887643
"Zm00001eb103580",6,"C1",0.653385269814665
"Zm00001eb186100",6,"C1",0.652657470727886
"Zm00001eb251410",6,"C1",0.650466802082884
"Zm00001eb337840",6,"C1",0.648420218166248
"Zm00001eb127210",6,"C1",0.64812724193897
"Zm00001eb174060",6,"C1",0.648001051358308
"Zm00001eb363160",6,"C1",0.646254741206231
"Zm00001eb031280",6,"C1",0.64274662422173
"Zm00001eb280130",6,"C1",0.641785476528276
"Zm00001eb214380",6,"C1",0.638603907477377
"Zm00001eb189120",6,"C1",0.637160545472094
"Zm00001eb295100",6,"C1",0.635544088409598
"Zm00001eb060380",6,"C1",0.635141778169148
"Zm00001eb111180",6,"C1",0.633753966795207
"Zm00001eb222000",6,"C1",0.633175426779756
"Zm00001eb275390",6,"C1",0.632652796233374
"Zm00001eb292290",6,"C1",0.629140315673322
"Zm00001eb229060",6,"C1",0.628830056578552
"Zm00001eb194780",6,"C1",0.628500080966624
"Zm00001eb205290",6,"C1",0.628011213878417
"Zm00001eb154130",6,"C1",0.627748917351014
"Zm00001eb062460",6,"C1",0.6243435779412
"Zm00001eb394540",6,"C1",0.621566597398073
"Zm00001eb146610",6,"C1",0.621154891671202
"Zm00001eb224360",6,"C1",0.620716076947959
"Zm00001eb082560",6,"C1",0.617187606878507
"Zm00001eb360250",6,"C1",0.616541533459124
"Zm00001eb079540",6,"C1",0.615892892219524
"Zm00001eb307680",6,"C1",0.615730323028008
"Zm00001eb292740",6,"C1",0.614178276356845
"Zm00001eb226900",6,"C1",0.61248067694637
"Zm00001eb090540",6,"C1",0.61243684923585
"Zm00001eb147090",6,"C1",0.612218525051339
"Zm00001eb265520",6,"C1",0.610347091872499
"Zm00001eb037640",6,"C1",0.60915824478146
"Zm00001eb206740",6,"C1",0.608119390331688
"Zm00001eb093250",6,"C1",0.60802079290429
"Zm00001eb194200",6,"C1",0.607492360594936
"Zm00001eb304110",6,"C1",0.606161926373268
"Zm00001eb288420",6,"C1",0.605980902707456
"Zm00001eb111730",6,"C1",0.605005542472641
"Zm00001eb114200",6,"C1",0.604423921743884
"Zm00001eb238510",6,"C1",0.604235092913942
"Zm00001eb105850",6,"C1",0.603025090950979
"Zm00001eb023860",6,"C1",0.602834122980979
"Zm00001eb006150",6,"C1",0.600166311759793
"Zm00001eb399240",6,"C1",0.599013568538458
"Zm00001eb430300",6,"C1",0.59476498699615
"Zm00001eb118850",6,"C1",0.594397670119201
"Zm00001eb403120",6,"C1",0.593938401931314
"Zm00001eb416110",6,"C1",0.593797097218384
"Zm00001eb354870",6,"C1",0.592692227104621
"Zm00001eb192980",6,"C1",0.592367711066329
"Zm00001eb053740",6,"C1",0.59207573488233
"Zm00001eb148820",6,"C1",0.590338774323161
"Zm00001eb047610",6,"C1",0.590281904938671
"Zm00001eb115270",6,"C1",0.59021579010696
"Zm00001eb410020",6,"C1",0.589938946434767
"Zm00001eb376640",6,"C1",0.589302491377206
"Zm00001eb028370",6,"C1",0.589193975663845
"Zm00001eb389160",6,"C1",0.588973873999928
"Zm00001eb023910",6,"C1",0.58696558468959
"Zm00001eb031400",6,"C1",0.584546265090831
"Zm00001eb371020",6,"C1",0.582371232429211
"Zm00001eb394400",6,"C1",0.580727935910721
"Zm00001eb264480",6,"C1",0.578722317812473
"Zm00001eb386560",6,"C1",0.578445452287485
"Zm00001eb076670",6,"C1",0.577367628678751
"Zm00001eb279760",6,"C1",0.576354647385249
"Zm00001eb433320",6,"C1",0.573871171078929
"Zm00001eb243530",6,"C1",0.572870781619521
"Zm00001eb326520",6,"C1",0.572300798912841
"Zm00001eb189870",6,"C1",0.571484696460657
"Zm00001eb380850",6,"C1",0.570266258761402
"Zm00001eb102930",6,"C1",0.568643361974717
"Zm00001eb334740",6,"C1",0.568637963685531
"Zm00001eb386290",6,"C1",0.568303439015889
"Zm00001eb269560",6,"C1",0.566217850977494
"Zm00001eb090920",6,"C1",0.5646424715562
"Zm00001eb343610",6,"C1",0.56384044296063
"Zm00001eb423370",6,"C1",0.563077530663924
"Zm00001eb233380",6,"C1",0.562944228901635
"Zm00001eb100550",6,"C1",0.56275964878204
"Zm00001eb258890",6,"C1",0.559529216361241
"Zm00001eb156210",6,"C1",0.559513483800904
"Zm00001eb174550",6,"C1",0.559328808760216
"Zm00001eb296070",6,"C1",0.557369264150871
"Zm00001eb363280",6,"C1",0.555688854251254
"Zm00001eb006850",6,"C1",0.555298937913443
"Zm00001eb043430",6,"C1",0.555295429922065
"Zm00001eb434050",6,"C1",0.5549120226984
"Zm00001eb271970",6,"C1",0.554800309536002
"Zm00001eb107670",6,"C1",0.554743863549065
"Zm00001eb324440",6,"C1",0.554638220613011
"Zm00001eb252330",6,"C1",0.554589036772832
"Zm00001eb179820",6,"C1",0.554543596520286
"Zm00001eb043690",6,"C1",0.553577893090184
"Zm00001eb225000",6,"C1",0.552721288087782
"Zm00001eb185070",6,"C1",0.551389073943965
"Zm00001eb348580",6,"C1",0.551180777036601
"Zm00001eb178470",6,"C1",0.549882477736474
"Zm00001eb220110",6,"C1",0.548607243836726
"Zm00001eb221890",6,"C1",0.548443456354316
"Zm00001eb238250",6,"C1",0.548101752359692
"Zm00001eb350050",6,"C1",0.546816888418032
"Zm00001eb019510",6,"C1",0.544965013749422
"Zm00001eb375430",6,"C1",0.544539730007152
"Zm00001eb061440",6,"C1",0.543142914015204
"Zm00001eb145240",6,"C1",0.54299699165709
"Zm00001eb012950",6,"C1",0.542887467424589
"Zm00001eb067220",6,"C1",0.542415334291321
"Zm00001eb324850",6,"C1",0.542320032917044
"Zm00001eb191380",6,"C1",0.541447445151873
"Zm00001eb298440",6,"C1",0.540375124034547
"Zm00001eb211780",6,"C1",0.540189447084736
"Zm00001eb284400",6,"C1",0.539628088709701
"Zm00001eb379840",6,"C1",0.539412195295303
"Zm00001eb409170",6,"C1",0.537681510769993
"Zm00001eb413320",6,"C1",0.535998134858154
"Zm00001eb356240",6,"C1",0.53416853512815
"Zm00001eb254250",6,"C1",0.532519974068946
"Zm00001eb405230",6,"C1",0.531689083937968
"Zm00001eb221690",6,"C1",0.528055411137827
"Zm00001eb167080",6,"C1",0.527743017800538
"Zm00001eb000670",6,"C1",0.527693478169789
"Zm00001eb249970",6,"C1",0.527382947977678
"Zm00001eb210820",6,"C1",0.524807208621746
"Zm00001eb025470",6,"C1",0.522879484486219
"Zm00001eb204210",6,"C1",0.521869937787552
"Zm00001eb234190",6,"C1",0.521156028056622
"Zm00001eb300000",6,"C1",0.521103505273106
"Zm00001eb008370",6,"C1",0.520863914937975
"Zm00001eb054330",6,"C1",0.520642215245455
"Zm00001eb118650",6,"C1",0.51917396875313
"Zm00001eb177920",6,"C1",0.519037696290066
"Zm00001eb007690",6,"C1",0.517534134515619
"Zm00001eb209170",6,"C1",0.516023262629685
"Zm00001eb076640",6,"C1",0.515887440015755
"Zm00001eb396460",6,"C1",0.51471550272127
"Zm00001eb325940",6,"C1",0.51456196957132
"Zm00001eb229740",6,"C1",0.513964815647281
"Zm00001eb012300",6,"C1",0.513828702521159
"Zm00001eb148850",6,"C1",0.5134307815842
"Zm00001eb044840",6,"C1",0.512967854867786
"Zm00001eb369780",6,"C1",0.512830034331735
"Zm00001eb137100",6,"C1",0.51275039550055
"Zm00001eb351410",6,"C1",0.512339283010185
"Zm00001eb429840",6,"C1",0.511956017308285
"Zm00001eb053500",6,"C1",0.511889354223269
"Zm00001eb062420",6,"C1",0.511480919951075
"Zm00001eb179090",6,"C1",0.511028965052563
"Zm00001eb208230",6,"C1",0.511027194178085
"Zm00001eb147970",6,"C1",0.510327866929781
"Zm00001eb331610",6,"C1",0.510026478550575
"Zm00001eb205970",6,"C1",0.509874403070799
"Zm00001eb358220",6,"C1",0.507530819818927
"Zm00001eb109520",6,"C1",0.505878815628058
"Zm00001eb013110",6,"C1",0.505627169184392
"Zm00001eb120880",6,"C1",0.504273513982521
"Zm00001eb268880",6,"C1",0.503379857033174
"Zm00001eb213310",6,"C1",0.503360798858917
"Zm00001eb295910",6,"C1",0.501640090919662
"Zm00001eb156450",6,"C1",0.501457933445167
"Zm00001eb198710",6,"C1",0.500878325683595
"Zm00001eb431310",6,"C1",0.500192242043323
"Zm00001eb039590",6,"C1",0.500012884939355
"Zm00001eb116270",6,"C1",0.499779412678674
"Zm00001eb428680",6,"C1",0.499423412420178
"Zm00001eb058860",6,"C1",0.498123651701917
"Zm00001eb064680",6,"C1",0.498049728813756
"Zm00001eb010950",6,"C1",0.497213047201087
"Zm00001eb155250",6,"C1",0.496890382198878
"Zm00001eb188370",6,"C1",0.496676556763956
"Zm00001eb299970",6,"C1",0.496608037501208
"Zm00001eb082080",6,"C1",0.496572918334051
"Zm00001eb193830",6,"C1",0.495646502510111
"Zm00001eb430360",6,"C1",0.495588648902068
"Zm00001eb234400",6,"C1",0.495181198991327
"Zm00001eb326590",6,"C1",0.494940126527574
"Zm00001eb004090",6,"C1",0.493761287726958
"Zm00001eb265540",6,"C1",0.492679844524535
"Zm00001eb238020",6,"C1",0.492406203993724
"Zm00001eb236520",6,"C1",0.491711132941938
"Zm00001eb031310",6,"C1",0.49071828407017
"Zm00001eb319790",6,"C1",0.490171446409674
"Zm00001eb198110",6,"C1",0.489482883043577
"Zm00001eb432470",6,"C1",0.489066229659145
"Zm00001eb173700",6,"C1",0.486432646629586
"Zm00001eb346200",6,"C1",0.486355160056197
"Zm00001eb387800",6,"C1",0.486196675920593
"Zm00001eb067410",6,"C1",0.486050546117304
"Zm00001eb242050",6,"C1",0.485577348443661
"Zm00001eb319500",6,"C1",0.485097968453993
"Zm00001eb401400",6,"C1",0.483931393113347
"Zm00001eb076340",6,"C1",0.483774356552056
"Zm00001eb207120",6,"C1",0.482997913692474
"Zm00001eb162230",6,"C1",0.481495104883397
"Zm00001eb330800",6,"C1",0.48102358474684
"Zm00001eb140640",6,"C1",0.480773218921755
"Zm00001eb070360",6,"C1",0.47861296271961
"Zm00001eb432770",6,"C1",0.478566201233892
"Zm00001eb269310",6,"C1",0.478088052790783
"Zm00001eb259220",6,"C1",0.47805981346823
"Zm00001eb005820",6,"C1",0.478014715392937
"Zm00001eb409060",6,"C1",0.477456052025635
"Zm00001eb035680",6,"C1",0.476892292265423
"Zm00001eb283000",6,"C1",0.476466236124236
"Zm00001eb335800",6,"C1",0.476123602571105
"Zm00001eb242380",6,"C1",0.475745047800722
"Zm00001eb220090",6,"C1",0.475586160707505
"Zm00001eb035640",6,"C1",0.474296780915875
"Zm00001eb106080",6,"C1",0.473485671118584
"Zm00001eb110070",6,"C1",0.473206690603295
"Zm00001eb335640",6,"C1",0.472124551104707
"Zm00001eb025800",6,"C1",0.471866378406274
"Zm00001eb259320",6,"C1",0.470418936753939
"Zm00001eb228060",6,"C1",0.469088112151555
"Zm00001eb185950",6,"C1",0.468333378387267
"Zm00001eb229950",6,"C1",0.468143023990217
"Zm00001eb426220",6,"C1",0.467168157003789
"Zm00001eb204710",6,"C1",0.466897216445503
"Zm00001eb117100",6,"C1",0.465872788394769
"Zm00001eb139680",6,"C1",0.465747897049703
"Zm00001eb292540",6,"C1",0.46246038691018
"Zm00001eb232070",6,"C1",0.461813768355588
"Zm00001eb133430",6,"C1",0.461377562110586
"Zm00001eb197610",6,"C1",0.461093641315871
"Zm00001eb309660",6,"C1",0.460760746401979
"Zm00001eb015930",6,"C1",0.46045236344551
"Zm00001eb164820",6,"C1",0.459932065293861
"Zm00001eb284280",6,"C1",0.459352101229576
"Zm00001eb026810",6,"C1",0.458212127722054
"Zm00001eb286400",6,"C1",0.45800771940751
"Zm00001eb106740",6,"C1",0.453281024925895
"Zm00001eb074070",6,"C1",0.452788526298494
"Zm00001eb120370",6,"C1",0.451608883934506
"Zm00001eb035320",6,"C1",0.451233036300314
"Zm00001eb074430",6,"C1",0.448187731257186
"Zm00001eb235840",6,"C1",0.448146638666739
"Zm00001eb083750",6,"C1",0.448070840868053
"Zm00001eb185540",6,"C1",0.448051228458346
"Zm00001eb088940",6,"C1",0.447811832197375
"Zm00001eb212180",6,"C1",0.447345994375154
"Zm00001eb094350",6,"C1",0.447228953716877
"Zm00001eb035790",6,"C1",0.447024398117606
"Zm00001eb161340",6,"C1",0.446402369372047
"Zm00001eb393610",6,"C1",0.446331302104833
"Zm00001eb154730",6,"C1",0.445117641816074
"Zm00001eb386640",6,"C1",0.44508857999685
"Zm00001eb213160",6,"C1",0.444281832975656
"Zm00001eb430250",6,"C1",0.443920990217598
"Zm00001eb316410",6,"C1",0.443157150802407
"Zm00001eb060050",6,"C1",0.441416091842752
"Zm00001eb053410",6,"C1",0.440454336286714
"Zm00001eb412490",6,"C1",0.440349711626651
"Zm00001eb355170",6,"C1",0.439913467596017
"Zm00001eb330830",6,"C1",0.439571987211545
"Zm00001eb036890",6,"C1",0.438751463432506
"Zm00001eb042120",6,"C1",0.437346795750719
"Zm00001eb278760",6,"C1",0.43730395738424
"Zm00001eb292960",6,"C1",0.436724186749957
"Zm00001eb090390",6,"C1",0.436285960602544
"Zm00001eb312810",6,"C1",0.434997427606841
"Zm00001eb040740",6,"C1",0.434706109440557
"Zm00001eb131310",6,"C1",0.434649680928416
"Zm00001eb004780",6,"C1",0.434396570387626
"Zm00001eb335820",6,"C1",0.432582935585088
"Zm00001eb203690",6,"C1",0.43169916020874
"Zm00001eb318240",6,"C1",0.430190787160958
"Zm00001eb055650",6,"C1",0.430091442555756
"Zm00001eb361180",6,"C1",0.429667474002602
"Zm00001eb064850",6,"C1",0.429165927898183
"Zm00001eb272780",6,"C1",0.429102585665076
"Zm00001eb409850",6,"C1",0.428367132863543
"Zm00001eb097300",6,"C1",0.428256335715382
"Zm00001eb221680",6,"C1",0.428218690877642
"Zm00001eb211990",6,"C1",0.427656662472242
"Zm00001eb048540",6,"C1",0.427515475327517
"Zm00001eb250330",6,"C1",0.427150212197492
"Zm00001eb182590",6,"C1",0.426429393288826
"Zm00001eb332710",6,"C1",0.425815857265375
"Zm00001eb059850",6,"C1",0.425613435676833
"Zm00001eb103080",6,"C1",0.425175639352838
"Zm00001eb039410",6,"C1",0.424580435755026
"Zm00001eb344900",6,"C1",0.424007512657332
"Zm00001eb323700",6,"C1",0.423574168733639
"Zm00001eb095880",6,"C1",0.423385735457236
"Zm00001eb100170",6,"C1",0.423105475617118
"Zm00001eb356870",6,"C1",0.422611314928011
"Zm00001eb205930",6,"C1",0.422356892557993
"Zm00001eb415520",6,"C1",0.422090295917029
"Zm00001eb103320",6,"C1",0.421370832394102
"Zm00001eb075780",6,"C1",0.421041201459319
"Zm00001eb094770",6,"C1",0.420871207681542
"Zm00001eb244170",6,"C1",0.419650937012953
"Zm00001eb206110",6,"C1",0.419559155888159
"Zm00001eb036350",6,"C1",0.418951713760618
"Zm00001eb007650",6,"C1",0.41819965569854
"Zm00001eb214530",6,"C1",0.417616290604066
"Zm00001eb246410",6,"C1",0.41585484423845
"Zm00001eb375190",6,"C1",0.415677434210671
"Zm00001eb027200",6,"C1",0.41549686089286
"Zm00001eb255160",6,"C1",0.41540555778177
"Zm00001eb244590",6,"C1",0.415180614460464
"Zm00001eb213000",6,"C1",0.415067276183675
"Zm00001eb254950",6,"C1",0.414991323805003
"Zm00001eb203040",6,"C1",0.414699791722572
"Zm00001eb322570",6,"C1",0.414639989342924
"Zm00001eb036050",6,"C1",0.413690885199822
"Zm00001eb427810",6,"C1",0.413323867056126
"Zm00001eb272710",6,"C1",0.41205299413816
"Zm00001eb421160",6,"C1",0.4119438511486
"Zm00001eb375140",6,"C1",0.411817032142988
"Zm00001eb422350",6,"C1",0.411600508377626
"Zm00001eb376880",6,"C1",0.411379316097002
"Zm00001eb289500",6,"C1",0.411108570465395
"Zm00001eb314050",6,"C1",0.411046248282207
"Zm00001eb136970",6,"C1",0.41058098687229
"Zm00001eb230230",6,"C1",0.410094439441154
"Zm00001eb343590",6,"C1",0.409984446261739
"Zm00001eb058450",6,"C1",0.408725830355803
"Zm00001eb085200",6,"C1",0.408626179121151
"Zm00001eb333540",6,"C1",0.408185887750365
"Zm00001eb210120",6,"C1",0.407520657160097
"Zm00001eb403110",6,"C1",0.407000648994947
"Zm00001eb128690",6,"C1",0.405448061447134
"Zm00001eb156320",6,"C1",0.404377098339241
"Zm00001eb052290",6,"C1",0.403951740748061
"Zm00001eb384860",6,"C1",0.403677764361689
"Zm00001eb156220",6,"C1",0.402893878936019
"Zm00001eb205660",6,"C1",0.402319804773481
"Zm00001eb110510",6,"C1",0.402279193262591
"Zm00001eb351570",6,"C1",0.401883870997364
"Zm00001eb397320",6,"C1",0.40174792224721
"Zm00001eb270940",6,"C1",0.401275042659821
"Zm00001eb292420",6,"C1",0.400900428981896
"Zm00001eb123620",6,"C1",0.400010930928268
"Zm00001eb432120",6,"C1",0.398950904550735
"Zm00001eb416660",6,"C1",0.398805792638844
"Zm00001eb402270",6,"C1",0.398315839736446
"Zm00001eb255560",6,"C1",0.39782748596964
"Zm00001eb062350",6,"C1",0.397458412836863
"Zm00001eb339190",6,"C1",0.396751071750989
"Zm00001eb144840",6,"C1",0.395391289602612
"Zm00001eb076650",6,"C1",0.394423503245945
"Zm00001eb160160",6,"C1",0.393863798252368
"Zm00001eb028280",6,"C1",0.39362434232619
"Zm00001eb355660",6,"C1",0.392839977037508
"Zm00001eb061320",6,"C1",0.392629561954825
"Zm00001eb029640",6,"C1",0.392104004744235
"Zm00001eb356340",6,"C1",0.390376936987566
"Zm00001eb218690",6,"C1",0.390276904312789
"Zm00001eb230510",6,"C1",0.390122817484363
"Zm00001eb018850",6,"C1",0.389447954172145
"Zm00001eb303810",6,"C1",0.389244632348536
"Zm00001eb411250",6,"C1",0.388816700468939
"Zm00001eb322340",6,"C1",0.388776916200551
"Zm00001eb128290",6,"C1",0.388263118905534
"Zm00001eb187140",6,"C1",0.387412569593677
"Zm00001eb320420",6,"C1",0.387300794433406
"Zm00001eb298180",6,"C1",0.387232041217258
"Zm00001eb044550",6,"C1",0.387191812440711
"Zm00001eb408630",6,"C1",0.3870007807534
"Zm00001eb223040",6,"C1",0.386884796023806
"Zm00001eb356090",6,"C1",0.386865304074142
"Zm00001eb039400",6,"C1",0.386049676424333
"Zm00001eb062940",6,"C1",0.385744388355535
"Zm00001eb058850",6,"C1",0.385445818859634
"Zm00001eb327200",6,"C1",0.385419832897148
"Zm00001eb260230",6,"C1",0.385368799643075
"Zm00001eb132960",6,"C1",0.385242718037538
"Zm00001eb395790",6,"C1",0.384215749926933
"Zm00001eb429410",6,"C1",0.383783198935941
"Zm00001eb061610",6,"C1",0.38378091472348
"Zm00001eb229260",6,"C1",0.383197782514274
"Zm00001eb102460",6,"C1",0.382843459258714
"Zm00001eb101480",6,"C1",0.382406744874623
"Zm00001eb128830",6,"C1",0.381115597093846
"Zm00001eb372410",6,"C1",0.381101374048616
"Zm00001eb145500",6,"C1",0.381089552186186
"Zm00001eb065520",6,"C1",0.380920520020467
"Zm00001eb388750",6,"C1",0.380018360283123
"Zm00001eb066780",6,"C1",0.379786531751503
"Zm00001eb028670",6,"C1",0.379448608398825
"Zm00001eb189240",6,"C1",0.378137763437322
"Zm00001eb048840",6,"C1",0.377767793484301
"Zm00001eb245020",6,"C1",0.377518086401399
"Zm00001eb323480",6,"C1",0.377113320112039
"Zm00001eb024330",6,"C1",0.377023129471677
"Zm00001eb362210",6,"C1",0.37665034475729
"Zm00001eb157470",6,"C1",0.376620945660411
"Zm00001eb067450",6,"C1",0.375922230210763
"Zm00001eb432130",6,"C1",0.375910554878911
"Zm00001eb393840",6,"C1",0.375692463262506
"Zm00001eb104350",6,"C1",0.374478663756792
"Zm00001eb282390",6,"C1",0.374254405340793
"Zm00001eb160760",6,"C1",0.37404979766812
"Zm00001eb185530",6,"C1",0.373803104935347
"Zm00001eb028250",6,"C1",0.373462869254974
"Zm00001eb107920",6,"C1",0.372624220563964
"Zm00001eb425720",6,"C1",0.372486652021099
"Zm00001eb334840",6,"C1",0.372387925797116
"Zm00001eb327010",6,"C1",0.37229001640195
"Zm00001eb403000",6,"C1",0.371923446472142
"Zm00001eb296750",6,"C1",0.371227021143686
"Zm00001eb057410",6,"C1",0.371174424066906
"Zm00001eb301780",6,"C1",0.370858362525568
"Zm00001eb310400",6,"C1",0.370572391054241
"Zm00001eb004400",6,"C1",0.369942336862843
"Zm00001eb076950",6,"C1",0.369698659484099
"Zm00001eb284630",6,"C1",0.369668003878993
"Zm00001eb077550",6,"C1",0.369409482615932
"Zm00001eb028310",6,"C1",0.36800364979352
"Zm00001eb122040",6,"C1",0.367020341074901
"Zm00001eb319680",6,"C1",0.366289415450485
"Zm00001eb220400",6,"C1",0.366114503165132
"Zm00001eb432330",6,"C1",0.366005857448505
"Zm00001eb295600",6,"C1",0.365439372893259
"Zm00001eb076010",6,"C1",0.365365304385962
"Zm00001eb138430",6,"C1",0.365109005645863
"Zm00001eb402770",6,"C1",0.365008443267719
"Zm00001eb089410",6,"C1",0.364744661062941
"Zm00001eb070960",6,"C1",0.364230005530607
"Zm00001eb396430",6,"C1",0.364133748372965
"Zm00001eb331960",6,"C1",0.362778542916882
"Zm00001eb194120",6,"C1",0.362401378461078
"Zm00001eb314270",6,"C1",0.361934344905491
"Zm00001eb011620",6,"C1",0.361934205623196
"Zm00001eb120600",6,"C1",0.361862131344174
"Zm00001eb389950",6,"C1",0.361744719190285
"Zm00001eb431600",6,"C1",0.361595885074583
"Zm00001eb073360",6,"C1",0.361439465247999
"Zm00001eb143480",6,"C1",0.361297434776579
"Zm00001eb318540",6,"C1",0.361187489034729
"Zm00001eb233100",6,"C1",0.360763248487045
"Zm00001eb393310",6,"C1",0.360662852187099
"Zm00001eb428230",6,"C1",0.360225106357256
"Zm00001eb373300",6,"C1",0.360217004769615
"Zm00001eb082500",6,"C1",0.360017727741102
"Zm00001eb322620",6,"C1",0.359409223715954
"Zm00001eb412610",6,"C1",0.359199542163295
"Zm00001eb272280",6,"C1",0.358134401600871
"Zm00001eb078900",6,"C1",0.357549113340374
"Zm00001eb356850",6,"C1",0.357457240186465
"Zm00001eb077390",6,"C1",0.357322705171876
"Zm00001eb399480",6,"C1",0.356518241583734
"Zm00001eb269190",6,"C1",0.355208377543839
"Zm00001eb246220",6,"C1",0.354990661199703
"Zm00001eb108920",6,"C1",0.354677757098332
"Zm00001eb182940",6,"C1",0.354012446610139
"Zm00001eb417380",6,"C1",0.353633381743373
"Zm00001eb179310",6,"C1",0.350950137901607
"Zm00001eb325760",6,"C1",0.350942691761762
"Zm00001eb382730",6,"C1",0.350560782275488
"Zm00001eb120320",6,"C1",0.350208932469466
"Zm00001eb333800",6,"C1",0.349395250118522
"Zm00001eb208800",6,"C1",0.348592789398693
"Zm00001eb284430",6,"C1",0.34827684705777
"Zm00001eb162090",6,"C1",0.348179991457712
"Zm00001eb307250",6,"C1",0.348134219364558
"Zm00001eb194830",6,"C1",0.347463212888892
"Zm00001eb133530",6,"C1",0.347317822080392
"Zm00001eb369390",6,"C1",0.346670989283504
"Zm00001eb058630",6,"C1",0.346592340131545
"Zm00001eb366990",6,"C1",0.346520685825851
"Zm00001eb210800",6,"C1",0.345293579076133
"Zm00001eb297330",6,"C1",0.345103999410663
"Zm00001eb348480",6,"C1",0.34447329392506
"Zm00001eb386750",6,"C1",0.342947471228733
"Zm00001eb394230",6,"C1",0.341988657343563
"Zm00001eb224220",6,"C1",0.341422202476335
"Zm00001eb156710",6,"C1",0.340830436447722
"Zm00001eb405000",6,"C1",0.340737323044851
"Zm00001eb203350",6,"C1",0.340445493998119
"Zm00001eb137290",6,"C1",0.339762356794967
"Zm00001eb434560",6,"C1",0.339223356396099
"Zm00001eb351930",6,"C1",0.339187207755306
"Zm00001eb419620",6,"C1",0.337670057936467
"Zm00001eb044760",6,"C1",0.337301239327288
"Zm00001eb060340",6,"C1",0.336487265539761
"Zm00001eb280900",6,"C1",0.336457759159857
"Zm00001eb400270",6,"C1",0.336251288773668
"Zm00001eb336880",6,"C1",0.336095835141568
"Zm00001eb000620",6,"C1",0.335889399178631
"Zm00001eb057160",6,"C1",0.33511868846739
"Zm00001eb094560",6,"C1",0.334793067845407
"Zm00001eb228650",6,"C1",0.334763284338603
"Zm00001eb189530",6,"C1",0.334649777156845
"Zm00001eb231060",6,"C1",0.334554340632075
"Zm00001eb062310",6,"C1",0.334123488736995
"Zm00001eb133330",6,"C1",0.333746270609997
"Zm00001eb139700",6,"C1",0.333410196549283
"Zm00001eb333270",6,"C1",0.333321354215254
"Zm00001eb124040",6,"C1",0.332837809486573
"Zm00001eb310290",6,"C1",0.332039621446982
"Zm00001eb059620",6,"C1",0.331643897264637
"Zm00001eb084540",6,"C1",0.331596252857724
"Zm00001eb246360",6,"C1",0.330788924426944
"Zm00001eb274950",6,"C1",0.330552070551474
"Zm00001eb390900",6,"C1",0.33035828655677
"Zm00001eb244530",6,"C1",0.329992527274027
"Zm00001eb182000",6,"C1",0.329421372597559
"Zm00001eb005740",6,"C1",0.329313675690814
"Zm00001eb114140",6,"C1",0.329261778531095
"Zm00001eb333400",6,"C1",0.329183552305794
"Zm00001eb219260",6,"C1",0.328822956619988
"Zm00001eb000590",6,"C1",0.328295345995583
"Zm00001eb385260",6,"C1",0.328083542801675
"Zm00001eb322750",6,"C1",0.32733967371472
"Zm00001eb046080",6,"C1",0.326661828665489
"Zm00001eb067580",6,"C1",0.326257869343236
"Zm00001eb059210",6,"C1",0.326224077030818
"Zm00001eb294490",6,"C1",0.325919725467435
"Zm00001eb302280",6,"C1",0.325814869329265
"Zm00001eb176800",6,"C1",0.325200015126938
"Zm00001eb206010",6,"C1",0.325178022679241
"Zm00001eb174980",6,"C1",0.324959872515294
"Zm00001eb053680",6,"C1",0.32480849648268
"Zm00001eb184470",6,"C1",0.324636647042939
"Zm00001eb096990",6,"C1",0.323863676213458
"Zm00001eb306290",6,"C1",0.323328084768534
"Zm00001eb156580",6,"C1",0.322252940615859
"Zm00001eb175750",6,"C1",0.322073320323612
"Zm00001eb068760",6,"C1",0.322041390899722
"Zm00001eb053460",6,"C1",0.321166545336085
"Zm00001eb341790",6,"C1",0.320684518591915
"Zm00001eb171020",6,"C1",0.320597874403074
"Zm00001eb289520",6,"C1",0.320370241323413
"Zm00001eb223490",6,"C1",0.320050600720918
"Zm00001eb112020",6,"C1",0.319612790641178
"Zm00001eb071720",6,"C1",0.319499966413879
"Zm00001eb194150",6,"C1",0.319259533537397
"Zm00001eb311780",6,"C1",0.319033263570602
"Zm00001eb307090",6,"C1",0.318810811083783
"Zm00001eb045630",6,"C1",0.318614748894476
"Zm00001eb296080",6,"C1",0.318564262698805
"Zm00001eb036170",6,"C1",0.318380471227754
"Zm00001eb088370",6,"C1",0.31826705778637
"Zm00001eb159530",6,"C1",0.318148700713884
"Zm00001eb208250",6,"C1",0.317837923725237
"Zm00001eb378970",6,"C1",0.317721108873996
"Zm00001eb057140",6,"C1",0.317579762933754
"Zm00001eb321360",6,"C1",0.317144613362368
"Zm00001eb097590",6,"C1",0.316386869438676
"Zm00001eb323170",6,"C1",0.316249326415828
"Zm00001eb198690",6,"C1",0.315496834160889
"Zm00001eb196600",6,"C1",0.314985079469814
"Zm00001eb366250",6,"C1",0.314958410796534
"Zm00001eb111400",6,"C1",0.314774987731188
"Zm00001eb109680",6,"C1",0.314568162673919
"Zm00001eb204640",6,"C1",0.31441326998607
"Zm00001eb432800",6,"C1",0.314194454996806
"Zm00001eb177480",6,"C1",0.313961504408867
"Zm00001eb238080",6,"C1",0.31385928769932
"Zm00001eb003540",6,"C1",0.313693764039165
"Zm00001eb289710",6,"C1",0.312908888969685
"Zm00001eb190150",6,"C1",0.312605592305055
"Zm00001eb334060",6,"C1",0.312509022894933
"Zm00001eb272670",6,"C1",0.312461685989442
"Zm00001eb254530",6,"C1",0.31240549213394
"Zm00001eb260390",6,"C1",0.311096958368285
"Zm00001eb415010",6,"C1",0.310867186493258
"Zm00001eb330210",6,"C1",0.310730517078693
"Zm00001eb151930",6,"C1",0.31020914994128
"Zm00001eb142790",6,"C1",0.310151620002802
"Zm00001eb295030",6,"C1",0.309379452499649
"Zm00001eb345230",6,"C1",0.30917256317538
"Zm00001eb404370",6,"C1",0.309172195322635
"Zm00001eb184240",6,"C1",0.308157580588139
"Zm00001eb105710",6,"C1",0.307877154121858
"Zm00001eb121570",6,"C1",0.307847292323438
"Zm00001eb424610",6,"C1",0.307406190556666
"Zm00001eb300510",6,"C1",0.307169864313656
"Zm00001eb381370",6,"C1",0.307075683873796
"Zm00001eb014740",6,"C1",0.306042635961357
"Zm00001eb329440",6,"C1",0.305146226984754
"Zm00001eb149610",6,"C1",0.304380616909318
"Zm00001eb062160",6,"C1",0.304324108307389
"Zm00001eb151630",6,"C1",0.304101831799397
"Zm00001eb213610",6,"C1",0.303635651930645
"Zm00001eb062010",6,"C1",0.303093185253567
"Zm00001eb250620",6,"C1",0.302816096818415
"Zm00001eb381970",6,"C1",0.302681418676775
"Zm00001eb331880",6,"C1",0.302400228911325
"Zm00001eb332660",6,"C1",0.302036566641514
"Zm00001eb041230",6,"C1",0.301983965896321
"Zm00001eb008380",6,"C1",0.301531435758779
"Zm00001eb411190",6,"C1",0.300983890371575
"Zm00001eb064770",6,"C1",0.300452166287726
"Zm00001eb190610",6,"C1",0.300306028535628
"Zm00001eb284200",6,"C1",0.300291021180306
"Zm00001eb343080",6,"C1",0.300163464388103
"Zm00001eb170350",6,"C1",0.299973783647769
"Zm00001eb112900",6,"C1",0.299787939500965
"Zm00001eb406340",6,"C1",0.299446187832179
"Zm00001eb194220",6,"C1",0.299065923638353
"Zm00001eb190750",6,"C1",0.298758204617413
"Zm00001eb347460",6,"C1",0.298637425510206
"Zm00001eb192940",6,"C1",0.298332892600013
"Zm00001eb400590",6,"C1",0.298241861927036
"Zm00001eb365590",6,"C1",0.297756043949409
"Zm00001eb208530",6,"C1",0.297676513665648
"Zm00001eb028220",6,"C1",0.297612628783144
"Zm00001eb390480",6,"C1",0.297185252005833
"Zm00001eb246700",6,"C1",0.297096247077496
"Zm00001eb359800",6,"C1",0.296886037836002
"Zm00001eb370440",6,"C1",0.296632277364784
"Zm00001eb421940",6,"C1",0.296012831062369
"Zm00001eb293710",6,"C1",0.295694468979406
"Zm00001eb366640",6,"C1",0.295573623550011
"Zm00001eb227770",6,"C1",0.295553532072369
"Zm00001eb253070",6,"C1",0.29533302688474
"Zm00001eb141230",6,"C1",0.295249642898912
"Zm00001eb205790",6,"C1",0.295208119403051
"Zm00001eb011750",6,"C1",0.295132121928671
"Zm00001eb237090",6,"C1",0.294870238090081
"Zm00001eb333950",6,"C1",0.29461682619904
"Zm00001eb274980",6,"C1",0.294417016447953
"Zm00001eb402720",6,"C1",0.294165677959541
"Zm00001eb008010",6,"C1",0.293858671481101
"Zm00001eb319650",6,"C1",0.293600014415545
"Zm00001eb044600",6,"C1",0.293522735664892
"Zm00001eb157160",6,"C1",0.293303214664789
"Zm00001eb364510",6,"C1",0.292748145686986
"Zm00001eb156060",6,"C1",0.292482735290023
"Zm00001eb198430",6,"C1",0.292177039289982
"Zm00001eb232450",6,"C1",0.292173592540738
"Zm00001eb034040",6,"C1",0.292157786360643
"Zm00001eb102600",6,"C1",0.291455049923088
"Zm00001eb149900",6,"C1",0.291398326876115
"Zm00001eb247460",6,"C1",0.290736118911819
"Zm00001eb112220",6,"C1",0.290383156226445
"Zm00001eb259280",6,"C1",0.290099266625018
"Zm00001eb343110",6,"C1",0.289002085564971
"Zm00001eb377830",6,"C1",0.288778741155941
"Zm00001eb147310",6,"C1",0.288172997075352
"Zm00001eb303040",6,"C1",0.288154330232481
"Zm00001eb214670",6,"C1",0.287536007025461
"Zm00001eb216310",6,"C1",0.287276568678652
"Zm00001eb425070",6,"C1",0.287225863545732
"Zm00001eb237810",6,"C1",0.286986170653651
"Zm00001eb103240",6,"C1",0.286807777660258
"Zm00001eb004370",6,"C1",0.286655392839153
"Zm00001eb075460",6,"C1",0.285965445507941
"Zm00001eb258590",6,"C1",0.285826361488222
"Zm00001eb100060",6,"C1",0.28581703467587
"Zm00001eb223560",6,"C1",0.285767017493961
"Zm00001eb317490",6,"C1",0.285756888812047
"Zm00001eb282730",6,"C1",0.285704791364696
"Zm00001eb185610",6,"C1",0.285644400434422
"Zm00001eb125450",6,"C1",0.285203093145475
"Zm00001eb017340",6,"C1",0.285035613991007
"Zm00001eb143020",6,"C1",0.285033340456797
"Zm00001eb021320",6,"C1",0.285019467279734
"Zm00001eb138360",6,"C1",0.284878884628212
"Zm00001eb227930",6,"C1",0.284332643753523
"Zm00001eb245690",6,"C1",0.283460487437301
"Zm00001eb266060",6,"C1",0.283320387503826
"Zm00001eb347260",6,"C1",0.283167341515659
"Zm00001eb274970",6,"C1",0.282792333571719
"Zm00001eb342290",6,"C1",0.282609827701226
"Zm00001eb184070",6,"C1",0.282225932602922
"Zm00001eb321690",6,"C1",0.282015394578731
"Zm00001eb305460",6,"C1",0.281441187941055
"Zm00001eb354090",6,"C1",0.281309971540029
"Zm00001eb336130",6,"C1",0.28117480524512
"Zm00001eb041370",6,"C1",0.280838352355225
"Zm00001eb107720",6,"C1",0.28083234328546
"Zm00001eb178250",6,"C1",0.280613760985569
"Zm00001eb402910",6,"C1",0.280516971257453
"Zm00001eb196270",6,"C1",0.280515930305021
"Zm00001eb348230",6,"C1",0.280437430202489
"Zm00001eb227090",6,"C1",0.279680682025527
"Zm00001eb232120",6,"C1",0.27966672786594
"Zm00001eb039830",6,"C1",0.279482812033284
"Zm00001eb318160",6,"C1",0.279423810587393
"Zm00001eb034090",6,"C1",0.27909990295507
"Zm00001eb375520",6,"C1",0.278683911584755
"Zm00001eb043310",6,"C1",0.278670732978008
"Zm00001eb360490",6,"C1",0.278594184380461
"Zm00001eb067270",6,"C1",0.278343026584321
"Zm00001eb178240",6,"C1",0.278126655487325
"Zm00001eb397620",6,"C1",0.277558574626078
"Zm00001eb204190",6,"C1",0.27747462403735
"Zm00001eb061500",6,"C1",0.277409945923238
"Zm00001eb059900",6,"C1",0.276668569349039
"Zm00001eb273490",6,"C1",0.276501324633364
"Zm00001eb345380",6,"C1",0.276494956716266
"Zm00001eb370210",6,"C1",0.276393407453058
"Zm00001eb331400",6,"C1",0.276274588063057
"Zm00001eb240940",6,"C1",0.276041848828574
"Zm00001eb033230",6,"C1",0.27581418559304
"Zm00001eb071280",6,"C1",0.275395573525889
"Zm00001eb328000",6,"C1",0.274453064187525
"Zm00001eb017910",6,"C1",0.273922953169493
"Zm00001eb348390",6,"C1",0.273878971542483
"Zm00001eb375400",6,"C1",0.273821803709899
"Zm00001eb218900",6,"C1",0.27370648266583
"Zm00001eb349430",6,"C1",0.273599455846858
"Zm00001eb003780",6,"C1",0.273365736790981
"Zm00001eb356780",6,"C1",0.272673113946123
"Zm00001eb372770",6,"C1",0.272598368275168
"Zm00001eb298600",6,"C1",0.272004200307992
"Zm00001eb017850",6,"C1",0.27196765091239
"Zm00001eb211610",6,"C1",0.271783639513302
"Zm00001eb135520",6,"C1",0.271377078211577
"Zm00001eb064540",6,"C1",0.271150705071929
"Zm00001eb357510",6,"C1",0.271074847667494
"Zm00001eb033910",6,"C1",0.27079683071291
"Zm00001eb040770",6,"C1",0.270579562019501
"Zm00001eb276760",6,"C1",0.270518208004066
"Zm00001eb212330",6,"C1",0.270403616698864
"Zm00001eb367290",6,"C1",0.269837048889801
"Zm00001eb161520",6,"C1",0.269465617105355
"Zm00001eb269990",6,"C1",0.269276682324218
"Zm00001eb175670",6,"C1",0.268731065400397
"Zm00001eb119150",6,"C1",0.26861176947536
"Zm00001eb170340",6,"C1",0.267720276378894
"Zm00001eb347000",6,"C1",0.267652317586795
"Zm00001eb173220",2,"C2",3.71562472853577
"Zm00001eb289680",2,"C2",3.56360162865648
"Zm00001eb344440",2,"C2",3.4755936632801
"Zm00001eb202910",2,"C2",3.41857051758742
"Zm00001eb003180",2,"C2",3.38550202532888
"Zm00001eb149490",2,"C2",3.3845766023507
"Zm00001eb352030",2,"C2",3.37226820656568
"Zm00001eb040460",2,"C2",3.34927878092155
"Zm00001eb023820",2,"C2",3.33609754682633
"Zm00001eb103500",2,"C2",3.3349041268201
"Zm00001eb207840",2,"C2",3.30208660324115
"Zm00001eb228620",2,"C2",3.2714966562322
"Zm00001eb291240",2,"C2",3.26355954683513
"Zm00001eb260880",2,"C2",3.25371354227973
"Zm00001eb397500",2,"C2",3.23253842875096
"Zm00001eb427180",2,"C2",3.22567169238493
"Zm00001eb072850",2,"C2",3.17441800582733
"Zm00001eb187430",2,"C2",3.17113859008074
"Zm00001eb108410",2,"C2",3.14990968733071
"Zm00001eb241550",2,"C2",3.13519435126
"Zm00001eb366710",2,"C2",3.1270361175504
"Zm00001eb020200",2,"C2",3.11786171639884
"Zm00001eb302250",2,"C2",3.09099440560033
"Zm00001eb365710",2,"C2",3.07694854085265
"Zm00001eb146770",2,"C2",3.06256171615371
"Zm00001eb049570",2,"C2",3.05823905457697
"Zm00001eb144760",2,"C2",3.03106561088299
"Zm00001eb174930",2,"C2",3.01474782988992
"Zm00001eb057690",2,"C2",3.01275767626509
"Zm00001eb160010",2,"C2",3.01092464328853
"Zm00001eb148830",2,"C2",3.00206439258245
"Zm00001eb400820",2,"C2",2.99506180487002
"Zm00001eb323490",2,"C2",2.99262296202607
"Zm00001eb346100",2,"C2",2.92559369258959
"Zm00001eb173790",2,"C2",2.89486713165659
"Zm00001eb215710",2,"C2",2.87304310055669
"Zm00001eb385900",2,"C2",2.86970997415399
"Zm00001eb369660",2,"C2",2.86634501044154
"Zm00001eb351700",2,"C2",2.8644011726932
"Zm00001eb268660",2,"C2",2.86039658811927
"Zm00001eb393200",2,"C2",2.85653030233721
"Zm00001eb402880",2,"C2",2.85518001063754
"Zm00001eb106150",2,"C2",2.84045584827963
"Zm00001eb192310",2,"C2",2.82840409769443
"Zm00001eb282790",2,"C2",2.82511086031149
"Zm00001eb301680",2,"C2",2.82456648334997
"Zm00001eb078210",2,"C2",2.82418476540687
"Zm00001eb433350",2,"C2",2.81785537983626
"Zm00001eb273650",2,"C2",2.80515876254741
"Zm00001eb378000",2,"C2",2.80419454767868
"Zm00001eb013750",2,"C2",2.80303986339656
"Zm00001eb225700",2,"C2",2.79801675001355
"Zm00001eb098510",2,"C2",2.78092555399581
"Zm00001eb036530",2,"C2",2.78086822171221
"Zm00001eb378250",2,"C2",2.77960600514676
"Zm00001eb070950",2,"C2",2.77424737286231
"Zm00001eb320870",2,"C2",2.76673694192204
"Zm00001eb317810",2,"C2",2.76600244144753
"Zm00001eb322940",2,"C2",2.76556647978572
"Zm00001eb320980",2,"C2",2.76526555029646
"Zm00001eb229690",2,"C2",2.75808430729511
"Zm00001eb109030",2,"C2",2.74819688761637
"Zm00001eb301010",2,"C2",2.74500394814766
"Zm00001eb329960",2,"C2",2.73875450624254
"Zm00001eb428040",2,"C2",2.73386203866452
"Zm00001eb063980",2,"C2",2.72669572947928
"Zm00001eb148540",2,"C2",2.71818528842467
"Zm00001eb335620",2,"C2",2.7139349028775
"Zm00001eb116850",2,"C2",2.71163695511085
"Zm00001eb163700",2,"C2",2.70718829899999
"Zm00001eb340580",2,"C2",2.70397877682565
"Zm00001eb319670",2,"C2",2.70108476041554
"Zm00001eb260960",2,"C2",2.69082689648049
"Zm00001eb053320",2,"C2",2.68850919530409
"Zm00001eb410730",2,"C2",2.67814101518398
"Zm00001eb212030",2,"C2",2.66274813538758
"Zm00001eb213760",2,"C2",2.66169316021764
"Zm00001eb104220",2,"C2",2.65796059778392
"Zm00001eb364750",2,"C2",2.65675794619998
"Zm00001eb177270",2,"C2",2.65572604549431
"Zm00001eb106450",2,"C2",2.65260669032618
"Zm00001eb034830",2,"C2",2.64967047600376
"Zm00001eb282450",2,"C2",2.62434008068289
"Zm00001eb342400",2,"C2",2.62263258336923
"Zm00001eb143000",2,"C2",2.62127900590211
"Zm00001eb330470",2,"C2",2.61950523647768
"Zm00001eb095960",2,"C2",2.61847669112385
"Zm00001eb095540",2,"C2",2.61168680522077
"Zm00001eb209740",2,"C2",2.60417109395465
"Zm00001eb086050",2,"C2",2.60404885091544
"Zm00001eb376150",2,"C2",2.59941406924775
"Zm00001eb430770",2,"C2",2.5948146103899
"Zm00001eb160340",2,"C2",2.57399286411518
"Zm00001eb219320",2,"C2",2.56009761695583
"Zm00001eb124750",2,"C2",2.5521863858396
"Zm00001eb361700",2,"C2",2.55181571481067
"Zm00001eb285610",2,"C2",2.5436020315507
"Zm00001eb374300",2,"C2",2.54329449947433
"Zm00001eb172570",2,"C2",2.53993466188405
"Zm00001eb210660",2,"C2",2.53753210009302
"Zm00001eb176000",2,"C2",2.53679116026794
"Zm00001eb327790",2,"C2",2.5323006195053
"Zm00001eb083380",2,"C2",2.5297481626113
"Zm00001eb313720",2,"C2",2.52633452817403
"Zm00001eb019230",2,"C2",2.51331360389172
"Zm00001eb327330",2,"C2",2.51049845370339
"Zm00001eb352180",2,"C2",2.50757488948157
"Zm00001eb415950",2,"C2",2.4947305326628
"Zm00001eb099930",2,"C2",2.49437171870915
"Zm00001eb364190",2,"C2",2.49313167938539
"Zm00001eb422490",2,"C2",2.48886124549269
"Zm00001eb060550",2,"C2",2.48792514312282
"Zm00001eb157400",2,"C2",2.47725848594044
"Zm00001eb219490",2,"C2",2.47388456763056
"Zm00001eb188570",2,"C2",2.46225132932155
"Zm00001eb175100",2,"C2",2.46157370255185
"Zm00001eb336310",2,"C2",2.45634603868054
"Zm00001eb343830",2,"C2",2.45160756099096
"Zm00001eb214650",2,"C2",2.44973688326381
"Zm00001eb093610",2,"C2",2.44653966666194
"Zm00001eb213080",2,"C2",2.44607464028696
"Zm00001eb304290",2,"C2",2.44192358522436
"Zm00001eb313730",2,"C2",2.44166872836845
"Zm00001eb199800",2,"C2",2.43760038627349
"Zm00001eb368020",2,"C2",2.43693106214774
"Zm00001eb073400",2,"C2",2.43575123385384
"Zm00001eb137500",2,"C2",2.42509395094295
"Zm00001eb317450",2,"C2",2.42461433275096
"Zm00001eb109610",2,"C2",2.4187290710099
"Zm00001eb312560",2,"C2",2.4170854296812
"Zm00001eb116930",2,"C2",2.40557835201453
"Zm00001eb173710",2,"C2",2.40353274928681
"Zm00001eb214990",2,"C2",2.40338857632982
"Zm00001eb396730",2,"C2",2.39911949990221
"Zm00001eb430450",2,"C2",2.39795651621275
"Zm00001eb386940",2,"C2",2.39127449931092
"Zm00001eb106460",2,"C2",2.38851939138848
"Zm00001eb373790",2,"C2",2.38817714845482
"Zm00001eb066940",2,"C2",2.37871841333002
"Zm00001eb303720",2,"C2",2.37573842101329
"Zm00001eb403860",2,"C2",2.37341198153885
"Zm00001eb351630",2,"C2",2.3688671235549
"Zm00001eb154510",2,"C2",2.3648375127697
"Zm00001eb303080",2,"C2",2.35553602301923
"Zm00001eb019730",2,"C2",2.34235021006715
"Zm00001eb296580",2,"C2",2.33855165036096
"Zm00001eb001460",2,"C2",2.33694217089338
"Zm00001eb039380",2,"C2",2.32104139355289
"Zm00001eb192860",2,"C2",2.32017994346223
"Zm00001eb026940",2,"C2",2.31445960297984
"Zm00001eb147170",2,"C2",2.30836804492567
"Zm00001eb124070",2,"C2",2.30613312683813
"Zm00001eb399010",2,"C2",2.30485547465306
"Zm00001eb084920",2,"C2",2.30109226398787
"Zm00001eb211090",2,"C2",2.29917561595018
"Zm00001eb368180",2,"C2",2.29621936921099
"Zm00001eb191090",2,"C2",2.29604636290499
"Zm00001eb136620",2,"C2",2.29524282196941
"Zm00001eb151050",2,"C2",2.29129151141729
"Zm00001eb191550",2,"C2",2.27769839393672
"Zm00001eb160020",2,"C2",2.27016362327821
"Zm00001eb232530",2,"C2",2.25314575570689
"Zm00001eb402790",2,"C2",2.24903327319408
"Zm00001eb422190",2,"C2",2.24352719396614
"Zm00001eb110750",2,"C2",2.23613259798511
"Zm00001eb083400",2,"C2",2.22281872763359
"Zm00001eb202830",2,"C2",2.22164629955191
"Zm00001eb394700",2,"C2",2.22154461127997
"Zm00001eb232520",2,"C2",2.22014864434462
"Zm00001eb188040",2,"C2",2.21683674754552
"Zm00001eb016600",2,"C2",2.21398587088953
"Zm00001eb245740",2,"C2",2.21190198540271
"Zm00001eb347380",2,"C2",2.21067287962557
"Zm00001eb339270",2,"C2",2.20590954635627
"Zm00001eb061060",2,"C2",2.20280058587163
"Zm00001eb037310",2,"C2",2.18599614654307
"Zm00001eb172130",2,"C2",2.18489647555465
"Zm00001eb224520",2,"C2",2.18359289872428
"Zm00001eb295950",2,"C2",2.17645354089055
"Zm00001eb369510",2,"C2",2.17175249101237
"Zm00001eb356490",2,"C2",2.17142458065781
"Zm00001eb306370",2,"C2",2.16330654204733
"Zm00001eb402570",2,"C2",2.15864919171567
"Zm00001eb221500",2,"C2",2.15353984025049
"Zm00001eb281810",2,"C2",2.15033720234703
"Zm00001eb201570",2,"C2",2.14732308686866
"Zm00001eb222240",2,"C2",2.14321957796824
"Zm00001eb392290",2,"C2",2.14182224876784
"Zm00001eb102500",2,"C2",2.13448028386079
"Zm00001eb431270",2,"C2",2.13337211927904
"Zm00001eb258730",2,"C2",2.13038571567892
"Zm00001eb105120",2,"C2",2.11825212292469
"Zm00001eb181740",2,"C2",2.1086369343491
"Zm00001eb123370",2,"C2",2.10737923879978
"Zm00001eb015330",2,"C2",2.10362613296377
"Zm00001eb330480",2,"C2",2.09748973639451
"Zm00001eb042830",2,"C2",2.09717314097271
"Zm00001eb183420",2,"C2",2.09299438027566
"Zm00001eb296700",2,"C2",2.08710186344343
"Zm00001eb204910",2,"C2",2.08309493367567
"Zm00001eb379270",2,"C2",2.08106552743976
"Zm00001eb285290",2,"C2",2.08038439535339
"Zm00001eb041780",2,"C2",2.07414645189235
"Zm00001eb064570",2,"C2",2.06538119845962
"Zm00001eb101750",2,"C2",2.06304245603962
"Zm00001eb004730",2,"C2",2.0585745792934
"Zm00001eb000420",2,"C2",2.05685165751514
"Zm00001eb082850",2,"C2",2.05398883613846
"Zm00001eb050060",2,"C2",2.05281953323701
"Zm00001eb099910",2,"C2",2.04609514346586
"Zm00001eb416760",2,"C2",2.0402599847925
"Zm00001eb322650",2,"C2",2.0397569294764
"Zm00001eb278610",2,"C2",2.03951767494934
"Zm00001eb294030",2,"C2",2.03553489699086
"Zm00001eb082960",2,"C2",2.03021678215145
"Zm00001eb173730",2,"C2",2.02963634281638
"Zm00001eb028440",2,"C2",2.02744868788256
"Zm00001eb072880",2,"C2",2.02677439235545
"Zm00001eb035770",2,"C2",2.02134796611451
"Zm00001eb238930",2,"C2",2.02009684723799
"Zm00001eb020110",2,"C2",2.0160524346949
"Zm00001eb102250",2,"C2",2.0100646905695
"Zm00001eb301420",2,"C2",2.00871442246289
"Zm00001eb175200",2,"C2",2.00793140926059
"Zm00001eb170610",2,"C2",2.00591391760769
"Zm00001eb425920",2,"C2",1.99635639898624
"Zm00001eb397510",2,"C2",1.9869370529469
"Zm00001eb198700",2,"C2",1.98234210989872
"Zm00001eb091900",2,"C2",1.97641232220504
"Zm00001eb426610",2,"C2",1.97388300247157
"Zm00001eb109830",2,"C2",1.97262182025578
"Zm00001eb171320",2,"C2",1.96818209190617
"Zm00001eb357340",2,"C2",1.95984580472565
"Zm00001eb083310",2,"C2",1.95498177602313
"Zm00001eb062250",2,"C2",1.95168623119328
"Zm00001eb212820",2,"C2",1.95157094259623
"Zm00001eb343250",2,"C2",1.9443389105728
"Zm00001eb178140",2,"C2",1.93457533524163
"Zm00001eb015620",2,"C2",1.93058296706462
"Zm00001eb272920",2,"C2",1.93025057641486
"Zm00001eb175220",2,"C2",1.92947234938884
"Zm00001eb041340",2,"C2",1.91338485129218
"Zm00001eb123830",2,"C2",1.90920859586981
"Zm00001eb071540",2,"C2",1.90805862291871
"Zm00001eb040040",2,"C2",1.90584675091581
"Zm00001eb041850",2,"C2",1.9039866598882
"Zm00001eb296560",2,"C2",1.89817880566627
"Zm00001eb116830",2,"C2",1.89730813823277
"Zm00001eb283950",2,"C2",1.89676620659216
"Zm00001eb393010",2,"C2",1.8914300409805
"Zm00001eb250190",2,"C2",1.89099784942611
"Zm00001eb010300",2,"C2",1.88352447171559
"Zm00001eb422440",2,"C2",1.88330598782594
"Zm00001eb342960",2,"C2",1.87948189170264
"Zm00001eb401990",2,"C2",1.86776218690339
"Zm00001eb226920",2,"C2",1.86315603368926
"Zm00001eb192050",2,"C2",1.86242261001865
"Zm00001eb330880",2,"C2",1.86063307951026
"Zm00001eb292680",2,"C2",1.83642580544895
"Zm00001eb119260",2,"C2",1.83589081079983
"Zm00001eb052270",2,"C2",1.8324566570931
"Zm00001eb227660",2,"C2",1.82658052843984
"Zm00001eb273640",2,"C2",1.82439893326157
"Zm00001eb211900",2,"C2",1.8227984259804
"Zm00001eb346210",2,"C2",1.82070696443774
"Zm00001eb061750",2,"C2",1.81527340037384
"Zm00001eb005130",2,"C2",1.80786843926008
"Zm00001eb294990",2,"C2",1.80384289255263
"Zm00001eb379050",2,"C2",1.80009946640763
"Zm00001eb130220",2,"C2",1.79801175414076
"Zm00001eb253410",2,"C2",1.7963765598806
"Zm00001eb332790",2,"C2",1.79490624146494
"Zm00001eb289740",2,"C2",1.79234852118973
"Zm00001eb409440",2,"C2",1.78783466294561
"Zm00001eb406130",2,"C2",1.78558008461227
"Zm00001eb359780",2,"C2",1.78141271962575
"Zm00001eb273660",2,"C2",1.77924262974319
"Zm00001eb176070",2,"C2",1.77300210173653
"Zm00001eb332940",2,"C2",1.77290786365551
"Zm00001eb036640",2,"C2",1.75866589672609
"Zm00001eb036020",2,"C2",1.7510272299593
"Zm00001eb243130",2,"C2",1.74724008722376
"Zm00001eb154710",2,"C2",1.74640067620971
"Zm00001eb423640",2,"C2",1.74235646072125
"Zm00001eb158190",2,"C2",1.73960250437067
"Zm00001eb277320",2,"C2",1.73859025805483
"Zm00001eb098770",2,"C2",1.73563163288227
"Zm00001eb146730",2,"C2",1.73520327188886
"Zm00001eb000490",2,"C2",1.73392615035987
"Zm00001eb285890",2,"C2",1.73106671977731
"Zm00001eb188180",2,"C2",1.72569055334566
"Zm00001eb036790",2,"C2",1.72433413907955
"Zm00001eb286210",2,"C2",1.72387533968524
"Zm00001eb381630",2,"C2",1.71673130583771
"Zm00001eb036130",2,"C2",1.71425123554837
"Zm00001eb056300",2,"C2",1.7127481914494
"Zm00001eb205700",2,"C2",1.71162400681998
"Zm00001eb271240",2,"C2",1.70664948686535
"Zm00001eb050280",2,"C2",1.70552974575801
"Zm00001eb345420",2,"C2",1.70310235620964
"Zm00001eb329030",2,"C2",1.70142526293714
"Zm00001eb376980",2,"C2",1.70050966076831
"Zm00001eb212840",2,"C2",1.69343735292979
"Zm00001eb272660",2,"C2",1.68774841432774
"Zm00001eb362490",2,"C2",1.68751064490623
"Zm00001eb192630",2,"C2",1.6837314808244
"Zm00001eb338420",2,"C2",1.68342617709049
"Zm00001eb062450",2,"C2",1.67867290077038
"Zm00001eb373960",2,"C2",1.6779102908931
"Zm00001eb426700",2,"C2",1.67491859116132
"Zm00001eb199590",2,"C2",1.6696551637528
"Zm00001eb394670",2,"C2",1.66438198954346
"Zm00001eb222300",2,"C2",1.66334459303248
"Zm00001eb402980",2,"C2",1.66074987727441
"Zm00001eb239530",2,"C2",1.65976891586042
"Zm00001eb376670",2,"C2",1.6562318470594
"Zm00001eb046580",2,"C2",1.65099582250606
"Zm00001eb066820",2,"C2",1.64877364126965
"Zm00001eb072000",2,"C2",1.6480112824063
"Zm00001eb308000",2,"C2",1.64300096502423
"Zm00001eb045530",2,"C2",1.63949981430187
"Zm00001eb215920",2,"C2",1.63369499147314
"Zm00001eb355650",2,"C2",1.62620472011731
"Zm00001eb278640",2,"C2",1.62527510132727
"Zm00001eb210850",2,"C2",1.62002643109373
"Zm00001eb106530",2,"C2",1.61960917676585
"Zm00001eb046260",2,"C2",1.61616039147237
"Zm00001eb148730",2,"C2",1.61329361778189
"Zm00001eb384890",2,"C2",1.60889804086548
"Zm00001eb205710",2,"C2",1.60629166071554
"Zm00001eb215110",2,"C2",1.60319227112338
"Zm00001eb090730",2,"C2",1.60250711584755
"Zm00001eb348960",2,"C2",1.5990564077246
"Zm00001eb153500",2,"C2",1.59816005946647
"Zm00001eb430680",2,"C2",1.58942461392408
"Zm00001eb187040",2,"C2",1.58879737537622
"Zm00001eb364660",2,"C2",1.56756563408159
"Zm00001eb181430",2,"C2",1.55433349548814
"Zm00001eb010700",2,"C2",1.55362081631488
"Zm00001eb016960",2,"C2",1.55201612179444
"Zm00001eb188030",2,"C2",1.54610297630434
"Zm00001eb411320",2,"C2",1.53979217711187
"Zm00001eb394750",2,"C2",1.53821710967058
"Zm00001eb183010",2,"C2",1.53673517320147
"Zm00001eb420570",2,"C2",1.53592608664103
"Zm00001eb426070",2,"C2",1.53510305284279
"Zm00001eb301640",2,"C2",1.529775291709
"Zm00001eb111720",2,"C2",1.52605552985374
"Zm00001eb014760",2,"C2",1.51864201208209
"Zm00001eb183380",2,"C2",1.51585324111026
"Zm00001eb233140",2,"C2",1.50396755634247
"Zm00001eb016970",2,"C2",1.50261745734404
"Zm00001eb127430",2,"C2",1.49833004573052
"Zm00001eb037680",2,"C2",1.49638399956107
"Zm00001eb409500",2,"C2",1.49479910795919
"Zm00001eb178930",2,"C2",1.48854814455894
"Zm00001eb041160",2,"C2",1.48729792518229
"Zm00001eb394640",2,"C2",1.48490971551195
"Zm00001eb257200",2,"C2",1.48431656339272
"Zm00001eb324510",2,"C2",1.48203540338636
"Zm00001eb140330",2,"C2",1.47484497975617
"Zm00001eb135050",2,"C2",1.47447828225997
"Zm00001eb000700",2,"C2",1.47339484128508
"Zm00001eb368940",2,"C2",1.46969798803113
"Zm00001eb200450",2,"C2",1.46875053018823
"Zm00001eb320550",2,"C2",1.46797181864593
"Zm00001eb216070",2,"C2",1.46644678957149
"Zm00001eb193040",2,"C2",1.46348716693198
"Zm00001eb154690",2,"C2",1.45514385541731
"Zm00001eb360070",2,"C2",1.45269832968042
"Zm00001eb078560",2,"C2",1.45111499104577
"Zm00001eb038700",2,"C2",1.44424865427077
"Zm00001eb256330",2,"C2",1.43945271910533
"Zm00001eb333100",2,"C2",1.43440498560145
"Zm00001eb289870",2,"C2",1.43166797181022
"Zm00001eb361300",2,"C2",1.42788217790808
"Zm00001eb211320",2,"C2",1.42702732766028
"Zm00001eb363810",2,"C2",1.42645296864811
"Zm00001eb053960",2,"C2",1.41816780097727
"Zm00001eb345200",2,"C2",1.4171649825953
"Zm00001eb121480",2,"C2",1.41274886620797
"Zm00001eb235450",2,"C2",1.4087535353012
"Zm00001eb150320",2,"C2",1.40857672341687
"Zm00001eb394940",2,"C2",1.40763019473461
"Zm00001eb207850",2,"C2",1.40717058717368
"Zm00001eb170690",2,"C2",1.40650217203547
"Zm00001eb282960",2,"C2",1.40393657143134
"Zm00001eb394920",2,"C2",1.40377642526652
"Zm00001eb210150",2,"C2",1.4030424944476
"Zm00001eb073810",2,"C2",1.40212480035015
"Zm00001eb082930",2,"C2",1.3988035045318
"Zm00001eb097180",2,"C2",1.39692793396265
"Zm00001eb002060",2,"C2",1.39559864695524
"Zm00001eb274110",2,"C2",1.39323895248257
"Zm00001eb269170",2,"C2",1.38634964613514
"Zm00001eb208030",2,"C2",1.38388211066678
"Zm00001eb003420",2,"C2",1.38278826002461
"Zm00001eb109620",2,"C2",1.37959429060123
"Zm00001eb162700",2,"C2",1.37955514511382
"Zm00001eb207780",2,"C2",1.37913163519258
"Zm00001eb331920",2,"C2",1.37655878773766
"Zm00001eb340270",2,"C2",1.3743370792207
"Zm00001eb258770",2,"C2",1.36993292206512
"Zm00001eb281710",2,"C2",1.36782594075087
"Zm00001eb244920",2,"C2",1.36657801446948
"Zm00001eb321580",2,"C2",1.36472186696142
"Zm00001eb401690",2,"C2",1.36214837168026
"Zm00001eb258870",2,"C2",1.36040047233952
"Zm00001eb383910",2,"C2",1.3594810022415
"Zm00001eb320810",2,"C2",1.35917881572623
"Zm00001eb143330",2,"C2",1.35386159387978
"Zm00001eb119790",2,"C2",1.35319379251015
"Zm00001eb209910",2,"C2",1.34722697571134
"Zm00001eb128530",2,"C2",1.34617569514069
"Zm00001eb206810",2,"C2",1.34500872198267
"Zm00001eb366170",2,"C2",1.34282091957838
"Zm00001eb024200",2,"C2",1.3417358659172
"Zm00001eb351420",2,"C2",1.34008639637727
"Zm00001eb434210",2,"C2",1.33911229300867
"Zm00001eb025290",2,"C2",1.33735958938369
"Zm00001eb002640",2,"C2",1.33655015354503
"Zm00001eb110270",2,"C2",1.33579186829342
"Zm00001eb311180",2,"C2",1.33551977005585
"Zm00001eb300780",2,"C2",1.33411871815613
"Zm00001eb228690",2,"C2",1.33304406941978
"Zm00001eb321260",2,"C2",1.3315180789139
"Zm00001eb246550",2,"C2",1.32770709462499
"Zm00001eb265810",2,"C2",1.32572939006907
"Zm00001eb218560",2,"C2",1.32420827299392
"Zm00001eb189260",2,"C2",1.32410063316088
"Zm00001eb103030",2,"C2",1.32299137138177
"Zm00001eb347340",2,"C2",1.3196126985169
"Zm00001eb077670",2,"C2",1.3169337742128
"Zm00001eb369250",2,"C2",1.31682750757564
"Zm00001eb219520",2,"C2",1.31249191137303
"Zm00001eb333760",2,"C2",1.3081460120993
"Zm00001eb359330",2,"C2",1.30318437484996
"Zm00001eb064580",2,"C2",1.30168740110328
"Zm00001eb403260",2,"C2",1.29883745639231
"Zm00001eb424310",2,"C2",1.29740332296126
"Zm00001eb158370",2,"C2",1.29579802261595
"Zm00001eb120820",2,"C2",1.29545656276057
"Zm00001eb091870",2,"C2",1.2942281721247
"Zm00001eb202590",2,"C2",1.2873737549308
"Zm00001eb104520",2,"C2",1.28656766426454
"Zm00001eb374670",2,"C2",1.28399405659364
"Zm00001eb415530",2,"C2",1.28194205296646
"Zm00001eb310830",2,"C2",1.27795912480108
"Zm00001eb240090",2,"C2",1.27507136755164
"Zm00001eb332910",2,"C2",1.27480572989458
"Zm00001eb411740",2,"C2",1.27434902069629
"Zm00001eb289730",2,"C2",1.27351743092282
"Zm00001eb298950",2,"C2",1.27239136945944
"Zm00001eb396830",2,"C2",1.26854257651237
"Zm00001eb176310",2,"C2",1.26729657422286
"Zm00001eb297760",2,"C2",1.25979136948785
"Zm00001eb000020",2,"C2",1.25820339270485
"Zm00001eb248640",2,"C2",1.2532304919345
"Zm00001eb201060",2,"C2",1.25278705206737
"Zm00001eb208050",2,"C2",1.25270005484839
"Zm00001eb143710",2,"C2",1.25216326436678
"Zm00001eb408310",2,"C2",1.25214564498112
"Zm00001eb138110",2,"C2",1.25122225508483
"Zm00001eb258090",2,"C2",1.24435914445592
"Zm00001eb287110",2,"C2",1.24364998366012
"Zm00001eb308620",2,"C2",1.24241388053207
"Zm00001eb385810",2,"C2",1.24219045801797
"Zm00001eb238610",2,"C2",1.24125771293386
"Zm00001eb012410",2,"C2",1.2370232742705
"Zm00001eb355350",2,"C2",1.23677514531819
"Zm00001eb378540",2,"C2",1.2325775957305
"Zm00001eb030440",2,"C2",1.23180989689602
"Zm00001eb317720",2,"C2",1.23089506214692
"Zm00001eb211450",2,"C2",1.22909020585966
"Zm00001eb433440",2,"C2",1.22719346788874
"Zm00001eb091850",2,"C2",1.22684577825419
"Zm00001eb413580",2,"C2",1.22424683167565
"Zm00001eb202580",2,"C2",1.2218361259601
"Zm00001eb420740",2,"C2",1.22043801906568
"Zm00001eb113790",2,"C2",1.22041523213582
"Zm00001eb356140",2,"C2",1.21821587492529
"Zm00001eb317180",2,"C2",1.21557553876724
"Zm00001eb337600",2,"C2",1.21501600966278
"Zm00001eb275340",2,"C2",1.20980602319159
"Zm00001eb339460",2,"C2",1.20913991168082
"Zm00001eb114360",2,"C2",1.2064872762466
"Zm00001eb063990",2,"C2",1.20539204841219
"Zm00001eb073900",2,"C2",1.20519009452517
"Zm00001eb370860",2,"C2",1.20344810611428
"Zm00001eb169610",2,"C2",1.2025847857358
"Zm00001eb137900",2,"C2",1.20030581439927
"Zm00001eb231490",2,"C2",1.19538162587868
"Zm00001eb424060",2,"C2",1.19510809249661
"Zm00001eb259380",2,"C2",1.19415602418469
"Zm00001eb071210",2,"C2",1.1907154143807
"Zm00001eb070200",2,"C2",1.19047176774919
"Zm00001eb328950",2,"C2",1.18988986020246
"Zm00001eb291210",2,"C2",1.18828953040066
"Zm00001eb399040",2,"C2",1.18766378823915
"Zm00001eb173880",2,"C2",1.18724505131285
"Zm00001eb084910",2,"C2",1.18610720910751
"Zm00001eb300970",2,"C2",1.18404840929885
"Zm00001eb267470",2,"C2",1.18297726566304
"Zm00001eb375490",2,"C2",1.18258327128992
"Zm00001eb374200",2,"C2",1.17591522020641
"Zm00001eb296120",2,"C2",1.17465171946167
"Zm00001eb329090",2,"C2",1.17245596491175
"Zm00001eb175490",2,"C2",1.17080744721466
"Zm00001eb264310",2,"C2",1.17064061547074
"Zm00001eb155150",2,"C2",1.16860970759608
"Zm00001eb005030",2,"C2",1.16574442940495
"Zm00001eb162410",2,"C2",1.16435597799263
"Zm00001eb365080",2,"C2",1.16383695419994
"Zm00001eb356710",2,"C2",1.16292369733652
"Zm00001eb310620",2,"C2",1.16229400159189
"Zm00001eb287550",2,"C2",1.1608955212919
"Zm00001eb119330",2,"C2",1.16016874479327
"Zm00001eb126700",2,"C2",1.15876054598562
"Zm00001eb240760",2,"C2",1.15856814029352
"Zm00001eb318400",2,"C2",1.15601689769529
"Zm00001eb226040",2,"C2",1.15492374138545
"Zm00001eb283640",2,"C2",1.15445182177505
"Zm00001eb205670",2,"C2",1.15358220963806
"Zm00001eb254200",2,"C2",1.15309922028977
"Zm00001eb108030",2,"C2",1.15171284496908
"Zm00001eb008400",2,"C2",1.15063538076106
"Zm00001eb430100",2,"C2",1.15011565559212
"Zm00001eb255450",2,"C2",1.14811994201095
"Zm00001eb224440",2,"C2",1.14644664145658
"Zm00001eb104400",2,"C2",1.14580186728192
"Zm00001eb016780",2,"C2",1.14527711068802
"Zm00001eb127630",2,"C2",1.14465634709586
"Zm00001eb205500",2,"C2",1.14449897515424
"Zm00001eb271900",2,"C2",1.14314818652355
"Zm00001eb379410",2,"C2",1.14298300547607
"Zm00001eb219820",2,"C2",1.14183568786012
"Zm00001eb417890",2,"C2",1.14145858597796
"Zm00001eb375530",2,"C2",1.14109333999714
"Zm00001eb095240",2,"C2",1.13902229742819
"Zm00001eb049290",2,"C2",1.13869187885421
"Zm00001eb056890",2,"C2",1.1362463264998
"Zm00001eb057700",2,"C2",1.13366187738071
"Zm00001eb004030",2,"C2",1.13104060835812
"Zm00001eb267280",2,"C2",1.13026296826035
"Zm00001eb230540",2,"C2",1.13025441603456
"Zm00001eb230470",2,"C2",1.12954104451261
"Zm00001eb240430",2,"C2",1.12951274847536
"Zm00001eb353080",2,"C2",1.1279696930552
"Zm00001eb137550",2,"C2",1.12699389508143
"Zm00001eb178540",2,"C2",1.12613985620544
"Zm00001eb378360",2,"C2",1.12420359735108
"Zm00001eb000800",2,"C2",1.12387582046323
"Zm00001eb339860",2,"C2",1.12370737277756
"Zm00001eb137600",2,"C2",1.12361402999407
"Zm00001eb207390",2,"C2",1.12243386915455
"Zm00001eb351100",2,"C2",1.12003320043378
"Zm00001eb300930",2,"C2",1.1197598475593
"Zm00001eb359510",2,"C2",1.11934402073281
"Zm00001eb258230",2,"C2",1.11603701458979
"Zm00001eb288100",2,"C2",1.11556586355851
"Zm00001eb082720",2,"C2",1.1152368933774
"Zm00001eb238060",2,"C2",1.11483012122079
"Zm00001eb272930",2,"C2",1.11357843685082
"Zm00001eb088470",2,"C2",1.11292458009419
"Zm00001eb038870",2,"C2",1.1122227804872
"Zm00001eb270370",2,"C2",1.1115127910309
"Zm00001eb179750",2,"C2",1.10980024155689
"Zm00001eb142540",2,"C2",1.10889661352111
"Zm00001eb143170",2,"C2",1.10805700997361
"Zm00001eb010240",2,"C2",1.10723753486379
"Zm00001eb064000",2,"C2",1.10677366968432
"Zm00001eb214870",2,"C2",1.10242225612592
"Zm00001eb267510",2,"C2",1.10215810217409
"Zm00001eb140450",2,"C2",1.10197343190676
"Zm00001eb240870",2,"C2",1.10122255718159
"Zm00001eb123270",2,"C2",1.10076112558926
"Zm00001eb355540",2,"C2",1.10008448753175
"Zm00001eb337010",2,"C2",1.09948050806792
"Zm00001eb265500",2,"C2",1.09873235347387
"Zm00001eb159790",2,"C2",1.09806637538567
"Zm00001eb241090",2,"C2",1.09732335637108
"Zm00001eb280740",2,"C2",1.09575291807576
"Zm00001eb026430",2,"C2",1.09569236047251
"Zm00001eb188540",2,"C2",1.09535001064289
"Zm00001eb290510",2,"C2",1.09533716496514
"Zm00001eb409870",2,"C2",1.09484269957992
"Zm00001eb340350",2,"C2",1.09252799605492
"Zm00001eb389850",2,"C2",1.09250713002405
"Zm00001eb332830",2,"C2",1.09217902413966
"Zm00001eb341650",2,"C2",1.09133432381136
"Zm00001eb260490",2,"C2",1.09013183867108
"Zm00001eb347570",2,"C2",1.08959150101742
"Zm00001eb134100",2,"C2",1.08808326925054
"Zm00001eb258170",2,"C2",1.08768089335815
"Zm00001eb067440",2,"C2",1.08473344207669
"Zm00001eb035350",2,"C2",1.08462380461866
"Zm00001eb070130",2,"C2",1.08428196473526
"Zm00001eb222160",2,"C2",1.08409264469917
"Zm00001eb249350",2,"C2",1.0831764015835
"Zm00001eb246330",2,"C2",1.08164807331804
"Zm00001eb152360",2,"C2",1.0813517570643
"Zm00001eb269610",2,"C2",1.07346014016969
"Zm00001eb290400",2,"C2",1.07330048761725
"Zm00001eb346590",2,"C2",1.07240142765804
"Zm00001eb207760",2,"C2",1.07163566409327
"Zm00001eb018300",2,"C2",1.07065541758825
"Zm00001eb269100",2,"C2",1.06907946858805
"Zm00001eb023570",2,"C2",1.0688007780544
"Zm00001eb104290",2,"C2",1.06873320239486
"Zm00001eb011840",2,"C2",1.06818427002901
"Zm00001eb212200",2,"C2",1.06752910138307
"Zm00001eb257900",2,"C2",1.06418895728123
"Zm00001eb336800",2,"C2",1.06398527143501
"Zm00001eb401790",2,"C2",1.06376859769959
"Zm00001eb424560",2,"C2",1.06255719996474
"Zm00001eb163570",2,"C2",1.06219361335851
"Zm00001eb068050",2,"C2",1.0593844826672
"Zm00001eb229010",2,"C2",1.05777983996886
"Zm00001eb237680",2,"C2",1.0572560996647
"Zm00001eb191580",2,"C2",1.05698578361447
"Zm00001eb004420",2,"C2",1.0569352535809
"Zm00001eb293540",2,"C2",1.05218381520022
"Zm00001eb103890",2,"C2",1.05069789359458
"Zm00001eb008140",2,"C2",1.05024081189607
"Zm00001eb300890",2,"C2",1.04900958350164
"Zm00001eb390180",2,"C2",1.0480592901694
"Zm00001eb059770",2,"C2",1.04682974724532
"Zm00001eb030980",2,"C2",1.0454032040746
"Zm00001eb152680",2,"C2",1.04526803724874
"Zm00001eb191030",2,"C2",1.04454511934492
"Zm00001eb378280",2,"C2",1.04326330807842
"Zm00001eb200400",2,"C2",1.04253862225368
"Zm00001eb189860",2,"C2",1.04251945463845
"Zm00001eb342930",2,"C2",1.04133430523661
"Zm00001eb400180",2,"C2",1.04117201565497
"Zm00001eb339070",2,"C2",1.040397810183
"Zm00001eb169640",2,"C2",1.0396512054053
"Zm00001eb109690",2,"C2",1.03819817792144
"Zm00001eb303200",2,"C2",1.03808084801908
"Zm00001eb137540",2,"C2",1.03806362869017
"Zm00001eb341390",2,"C2",1.03739015861133
"Zm00001eb247210",2,"C2",1.03716014698578
"Zm00001eb228830",2,"C2",1.03316340936842
"Zm00001eb379990",2,"C2",1.03218587200469
"Zm00001eb337810",2,"C2",1.03101634124573
"Zm00001eb329040",2,"C2",1.0306758240017
"Zm00001eb234380",2,"C2",1.03007235119215
"Zm00001eb212160",2,"C2",1.02906506536253
"Zm00001eb198300",2,"C2",1.02823178594212
"Zm00001eb165060",2,"C2",1.02776716394198
"Zm00001eb387100",2,"C2",1.02763445861817
"Zm00001eb372790",2,"C2",1.02689805829117
"Zm00001eb114320",2,"C2",1.02628113623519
"Zm00001eb155040",2,"C2",1.02588560890435
"Zm00001eb140070",2,"C2",1.02573168560362
"Zm00001eb404250",2,"C2",1.02528080632052
"Zm00001eb330750",2,"C2",1.02483672320179
"Zm00001eb081650",2,"C2",1.02357289481668
"Zm00001eb131370",2,"C2",1.02169160285121
"Zm00001eb244180",2,"C2",1.02149758320891
"Zm00001eb194880",2,"C2",1.02095498889201
"Zm00001eb190830",2,"C2",1.02014101942591
"Zm00001eb397290",2,"C2",1.02007006108355
"Zm00001eb310700",2,"C2",1.01833270059078
"Zm00001eb043820",2,"C2",1.01730308249698
"Zm00001eb218980",2,"C2",1.01626454891834
"Zm00001eb228320",2,"C2",1.01587541238041
"Zm00001eb239890",2,"C2",1.01346940380492
"Zm00001eb170390",2,"C2",1.01213989475696
"Zm00001eb032060",2,"C2",1.01000903025687
"Zm00001eb404260",2,"C2",1.00815431912783
"Zm00001eb142940",2,"C2",1.00744435637556
"Zm00001eb282820",2,"C2",1.00571434203477
"Zm00001eb182460",2,"C2",1.00558341232807
"Zm00001eb134780",2,"C2",1.00319065017702
"Zm00001eb012670",2,"C2",1.00292828605117
"Zm00001eb301060",2,"C2",1.00277600455977
"Zm00001eb333210",2,"C2",1.00240040204309
"Zm00001eb368820",2,"C2",1.00138509870389
"Zm00001eb059560",2,"C2",1.00103399546713
"Zm00001eb420170",2,"C2",1.00094772862085
"Zm00001eb318770",2,"C2",0.999912741157413
"Zm00001eb008060",2,"C2",0.998848721881776
"Zm00001eb163250",2,"C2",0.998067391879913
"Zm00001eb013710",2,"C2",0.997967248793352
"Zm00001eb219310",2,"C2",0.997140660191999
"Zm00001eb301620",2,"C2",0.996201615912397
"Zm00001eb206520",2,"C2",0.995341829900741
"Zm00001eb126820",2,"C2",0.995030416194019
"Zm00001eb016990",2,"C2",0.994555394692795
"Zm00001eb379440",2,"C2",0.994426963497861
"Zm00001eb080780",2,"C2",0.993683413754978
"Zm00001eb174080",2,"C2",0.993616761822891
"Zm00001eb069640",2,"C2",0.993394364669236
"Zm00001eb365700",2,"C2",0.993094045543054
"Zm00001eb232220",2,"C2",0.99216047821271
"Zm00001eb217950",2,"C2",0.99088881753997
"Zm00001eb246150",2,"C2",0.98933045949806
"Zm00001eb168440",2,"C2",0.988197309848241
"Zm00001eb220780",2,"C2",0.985250539864475
"Zm00001eb413880",2,"C2",0.984957009063834
"Zm00001eb327480",2,"C2",0.984902430636989
"Zm00001eb216990",2,"C2",0.984694396614829
"Zm00001eb078040",2,"C2",0.984072901181296
"Zm00001eb295170",2,"C2",0.983956556996802
"Zm00001eb012600",2,"C2",0.982804499600284
"Zm00001eb229320",2,"C2",0.981740222347363
"Zm00001eb205070",2,"C2",0.98016382136582
"Zm00001eb255720",2,"C2",0.978937328395798
"Zm00001eb103720",2,"C2",0.978103162260027
"Zm00001eb094250",2,"C2",0.977430377711959
"Zm00001eb305840",2,"C2",0.977305304495207
"Zm00001eb186330",2,"C2",0.976376193658015
"Zm00001eb211000",2,"C2",0.976305158664543
"Zm00001eb232200",2,"C2",0.975323859592165
"Zm00001eb055640",2,"C2",0.974462679360097
"Zm00001eb381960",2,"C2",0.974149969835071
"Zm00001eb170540",2,"C2",0.972690246883389
"Zm00001eb076570",2,"C2",0.972401719907158
"Zm00001eb085030",2,"C2",0.970957131374177
"Zm00001eb170970",2,"C2",0.970662741840247
"Zm00001eb163260",2,"C2",0.970640496027042
"Zm00001eb363240",2,"C2",0.970494682694509
"Zm00001eb037330",2,"C2",0.970369566711467
"Zm00001eb379830",2,"C2",0.970014264225517
"Zm00001eb117150",2,"C2",0.969557901811653
"Zm00001eb334390",2,"C2",0.96930112573829
"Zm00001eb247500",2,"C2",0.969141513244316
"Zm00001eb044910",2,"C2",0.96864044836168
"Zm00001eb054700",2,"C2",0.968621392396741
"Zm00001eb379560",2,"C2",0.96809930408165
"Zm00001eb111290",2,"C2",0.967440145814987
"Zm00001eb393130",2,"C2",0.967115899912542
"Zm00001eb205020",2,"C2",0.966872686277073
"Zm00001eb220140",2,"C2",0.966384304648756
"Zm00001eb294250",2,"C2",0.964774497149931
"Zm00001eb365730",2,"C2",0.964749329883736
"Zm00001eb044540",2,"C2",0.963341917964975
"Zm00001eb100180",2,"C2",0.963041573922176
"Zm00001eb118210",2,"C2",0.962935541624301
"Zm00001eb351120",2,"C2",0.962871190402803
"Zm00001eb178650",2,"C2",0.962363891335725
"Zm00001eb111740",2,"C2",0.961265093851951
"Zm00001eb011490",2,"C2",0.960265058569444
"Zm00001eb033960",2,"C2",0.9602632361727
"Zm00001eb427610",2,"C2",0.960238751843161
"Zm00001eb002520",2,"C2",0.95830475389641
"Zm00001eb245930",2,"C2",0.958253191222611
"Zm00001eb127650",2,"C2",0.957721294273184
"Zm00001eb266560",2,"C2",0.957375041999945
"Zm00001eb294050",2,"C2",0.95673500133246
"Zm00001eb415970",2,"C2",0.956437821384639
"Zm00001eb260270",2,"C2",0.955896472126475
"Zm00001eb333670",2,"C2",0.95543657270502
"Zm00001eb384230",2,"C2",0.955034212870097
"Zm00001eb111600",2,"C2",0.95482542584552
"Zm00001eb268890",2,"C2",0.953733797228117
"Zm00001eb409020",2,"C2",0.953051332455773
"Zm00001eb117930",2,"C2",0.952638980786484
"Zm00001eb123540",2,"C2",0.951180728676742
"Zm00001eb078940",2,"C2",0.950962701622073
"Zm00001eb282310",2,"C2",0.950950072498528
"Zm00001eb166260",2,"C2",0.949518086156186
"Zm00001eb222210",2,"C2",0.948636127340215
"Zm00001eb172650",2,"C2",0.946768670781919
"Zm00001eb259470",2,"C2",0.94659139915196
"Zm00001eb279340",2,"C2",0.945928626506091
"Zm00001eb316500",2,"C2",0.945492600606404
"Zm00001eb277700",2,"C2",0.945122340369104
"Zm00001eb179330",2,"C2",0.944740172933575
"Zm00001eb416340",2,"C2",0.944492873666542
"Zm00001eb252660",2,"C2",0.944448281960828
"Zm00001eb347680",2,"C2",0.943964770014052
"Zm00001eb389230",2,"C2",0.941777863723958
"Zm00001eb432790",2,"C2",0.940203264501876
"Zm00001eb104750",2,"C2",0.939581321940259
"Zm00001eb199670",2,"C2",0.939499134574172
"Zm00001eb106680",2,"C2",0.939311151530287
"Zm00001eb235880",2,"C2",0.938343043833628
"Zm00001eb054210",2,"C2",0.937904075413519
"Zm00001eb393140",2,"C2",0.937262407567855
"Zm00001eb335380",2,"C2",0.937101320700512
"Zm00001eb302830",2,"C2",0.937037328560969
"Zm00001eb256900",2,"C2",0.934635641309077
"Zm00001eb228300",2,"C2",0.934594762237153
"Zm00001eb045320",2,"C2",0.93448093156825
"Zm00001eb133900",2,"C2",0.933741996648947
"Zm00001eb016110",2,"C2",0.931276641544618
"Zm00001eb003490",2,"C2",0.931090075484146
"Zm00001eb246760",2,"C2",0.929302787340084
"Zm00001eb086560",2,"C2",0.928529652201578
"Zm00001eb248070",2,"C2",0.928020223850792
"Zm00001eb236340",2,"C2",0.927924883524664
"Zm00001eb153770",2,"C2",0.927577330054514
"Zm00001eb416430",2,"C2",0.927403791262142
"Zm00001eb005320",2,"C2",0.926278577251044
"Zm00001eb415390",2,"C2",0.92531344277035
"Zm00001eb296870",2,"C2",0.925039590616177
"Zm00001eb297550",2,"C2",0.924780912296184
"Zm00001eb212700",2,"C2",0.924523808857605
"Zm00001eb293480",2,"C2",0.924445528689917
"Zm00001eb277410",2,"C2",0.923571253218114
"Zm00001eb107110",2,"C2",0.923369776109094
"Zm00001eb015910",2,"C2",0.922633444040246
"Zm00001eb275730",2,"C2",0.922547886027345
"Zm00001eb107040",2,"C2",0.922027190642292
"Zm00001eb187580",2,"C2",0.921793287793853
"Zm00001eb420600",2,"C2",0.919804735161423
"Zm00001eb421360",2,"C2",0.919629052403894
"Zm00001eb390460",2,"C2",0.919416907612786
"Zm00001eb046370",2,"C2",0.918905994199899
"Zm00001eb182750",2,"C2",0.91698150303731
"Zm00001eb388260",2,"C2",0.915477480455273
"Zm00001eb282780",2,"C2",0.914218043877679
"Zm00001eb058120",2,"C2",0.91384182972841
"Zm00001eb334860",2,"C2",0.913457359790613
"Zm00001eb174310",2,"C2",0.91278937676352
"Zm00001eb229430",2,"C2",0.912173789012808
"Zm00001eb255690",2,"C2",0.912147277056533
"Zm00001eb096920",2,"C2",0.910947374213449
"Zm00001eb065770",2,"C2",0.910792817115908
"Zm00001eb025840",2,"C2",0.908453639568314
"Zm00001eb354470",2,"C2",0.908299487054966
"Zm00001eb273020",2,"C2",0.907956808514347
"Zm00001eb380080",2,"C2",0.906811071707388
"Zm00001eb269130",2,"C2",0.905566205883946
"Zm00001eb026200",2,"C2",0.905531017397255
"Zm00001eb406350",2,"C2",0.90492800297884
"Zm00001eb332580",2,"C2",0.904241632099707
"Zm00001eb033600",2,"C2",0.904219591488762
"Zm00001eb316260",2,"C2",0.903082339940838
"Zm00001eb086880",2,"C2",0.902333986085221
"Zm00001eb435560",2,"C2",0.902029113842245
"Zm00001eb406450",2,"C2",0.901097333817904
"Zm00001eb345280",2,"C2",0.900388495166524
"Zm00001eb253180",2,"C2",0.899492013497761
"Zm00001eb073660",2,"C2",0.898291811484013
"Zm00001eb070820",2,"C2",0.897781742944396
"Zm00001eb164590",2,"C2",0.897384821477955
"Zm00001eb159040",2,"C2",0.895339364704651
"Zm00001eb252790",2,"C2",0.89492728841401
"Zm00001eb135800",2,"C2",0.894746083866361
"Zm00001eb164030",2,"C2",0.894587629205597
"Zm00001eb015700",2,"C2",0.894342647703582
"Zm00001eb434010",2,"C2",0.89307841492618
"Zm00001eb332950",2,"C2",0.892429335185896
"Zm00001eb041190",2,"C2",0.891683904050225
"Zm00001eb333160",2,"C2",0.891156561434912
"Zm00001eb050220",2,"C2",0.889012652541721
"Zm00001eb153880",2,"C2",0.888865395486101
"Zm00001eb302210",2,"C2",0.888727668573845
"Zm00001eb029330",2,"C2",0.888530995055618
"Zm00001eb078350",2,"C2",0.888474661490748
"Zm00001eb246800",2,"C2",0.887131629295761
"Zm00001eb390500",2,"C2",0.886640812212305
"Zm00001eb212300",2,"C2",0.886592626513545
"Zm00001eb150450",2,"C2",0.88529402243964
"Zm00001eb069420",2,"C2",0.884959122036144
"Zm00001eb294900",2,"C2",0.882850704816065
"Zm00001eb417640",2,"C2",0.882288199286924
"Zm00001eb032200",2,"C2",0.882099195511247
"Zm00001eb323810",2,"C2",0.881258421156615
"Zm00001eb277790",2,"C2",0.880830209832098
"Zm00001eb162370",2,"C2",0.880589173940341
"Zm00001eb173260",2,"C2",0.880082953653483
"Zm00001eb302950",2,"C2",0.879967677258841
"Zm00001eb231430",2,"C2",0.878983032347536
"Zm00001eb183780",2,"C2",0.878940978854339
"Zm00001eb104540",2,"C2",0.878833490471632
"Zm00001eb350340",2,"C2",0.876883558533131
"Zm00001eb116250",2,"C2",0.876602171998765
"Zm00001eb075060",2,"C2",0.876274010113754
"Zm00001eb188530",2,"C2",0.875580860809915
"Zm00001eb105560",2,"C2",0.874943635083006
"Zm00001eb136920",2,"C2",0.874867865635339
"Zm00001eb206650",2,"C2",0.873453574721481
"Zm00001eb271220",2,"C2",0.873293113743452
"Zm00001eb392330",2,"C2",0.872926041007216
"Zm00001eb082150",2,"C2",0.872458923115151
"Zm00001eb420880",2,"C2",0.872246002322974
"Zm00001eb065080",2,"C2",0.87185789848271
"Zm00001eb132880",2,"C2",0.870145171974208
"Zm00001eb084160",2,"C2",0.869997908273089
"Zm00001eb204950",2,"C2",0.86996599742251
"Zm00001eb386920",2,"C2",0.869247967874212
"Zm00001eb011420",2,"C2",0.869202363422772
"Zm00001eb337040",2,"C2",0.868950168859936
"Zm00001eb329210",2,"C2",0.868094867715536
"Zm00001eb251700",2,"C2",0.867072586279481
"Zm00001eb062530",2,"C2",0.865785304851039
"Zm00001eb066020",2,"C2",0.864027629720079
"Zm00001eb333980",2,"C2",0.862960473423785
"Zm00001eb328850",2,"C2",0.862408176097969
"Zm00001eb000480",2,"C2",0.862185906712445
"Zm00001eb280020",2,"C2",0.860952565267201
"Zm00001eb294310",2,"C2",0.860169049264082
"Zm00001eb001430",2,"C2",0.859923994700805
"Zm00001eb295890",2,"C2",0.859449290238009
"Zm00001eb332770",2,"C2",0.858397283878294
"Zm00001eb066470",2,"C2",0.858335977621269
"Zm00001eb210740",2,"C2",0.858016291361188
"Zm00001eb073240",2,"C2",0.857400300738139
"Zm00001eb289150",2,"C2",0.857174136682001
"Zm00001eb013840",2,"C2",0.855712491297355
"Zm00001eb354170",2,"C2",0.855079968738741
"Zm00001eb102760",2,"C2",0.853507229394187
"Zm00001eb098070",2,"C2",0.853318523984491
"Zm00001eb041130",2,"C2",0.853314695152079
"Zm00001eb031600",2,"C2",0.853086321725709
"Zm00001eb246770",2,"C2",0.85189343329993
"Zm00001eb421980",2,"C2",0.850760159808494
"Zm00001eb414310",2,"C2",0.850205876306166
"Zm00001eb218130",2,"C2",0.84831599742656
"Zm00001eb329760",2,"C2",0.84797371847288
"Zm00001eb195650",2,"C2",0.847766539035975
"Zm00001eb146080",2,"C2",0.847207668487482
"Zm00001eb156600",2,"C2",0.847132603837704
"Zm00001eb215210",2,"C2",0.846776944424489
"Zm00001eb198100",2,"C2",0.845354759315748
"Zm00001eb356410",2,"C2",0.845332676205089
"Zm00001eb354320",2,"C2",0.845045266116589
"Zm00001eb133420",2,"C2",0.842343373490791
"Zm00001eb126990",2,"C2",0.842047603357105
"Zm00001eb398420",2,"C2",0.841903307966877
"Zm00001eb121880",2,"C2",0.841629199095398
"Zm00001eb405630",2,"C2",0.841511092126052
"Zm00001eb363890",2,"C2",0.840689529089444
"Zm00001eb308350",2,"C2",0.840320506474412
"Zm00001eb218770",2,"C2",0.840305271348668
"Zm00001eb251620",2,"C2",0.839594116652641
"Zm00001eb174610",2,"C2",0.838272889315974
"Zm00001eb231020",2,"C2",0.838002968736948
"Zm00001eb058150",2,"C2",0.837254755025076
"Zm00001eb287090",2,"C2",0.836041333599114
"Zm00001eb309230",2,"C2",0.834167420772544
"Zm00001eb049200",2,"C2",0.832930430237291
"Zm00001eb381870",2,"C2",0.832855937322724
"Zm00001eb354200",2,"C2",0.832483017675885
"Zm00001eb134600",2,"C2",0.831576381709003
"Zm00001eb160070",2,"C2",0.83126931839006
"Zm00001eb058490",2,"C2",0.831123351822224
"Zm00001eb357570",2,"C2",0.830043930913718
"Zm00001eb200370",2,"C2",0.829236443666275
"Zm00001eb056050",2,"C2",0.828942919656409
"Zm00001eb210620",2,"C2",0.828605719694275
"Zm00001eb258320",2,"C2",0.828604132076643
"Zm00001eb148160",2,"C2",0.828170372304
"Zm00001eb129960",2,"C2",0.827918508944521
"Zm00001eb171480",2,"C2",0.826632679747521
"Zm00001eb023080",2,"C2",0.826601211349365
"Zm00001eb222690",2,"C2",0.826217712625999
"Zm00001eb259300",2,"C2",0.824582742931
"Zm00001eb352800",2,"C2",0.823478977137937
"Zm00001eb067130",2,"C2",0.822766380238117
"Zm00001eb016160",2,"C2",0.822187789178731
"Zm00001eb325220",2,"C2",0.820640457133298
"Zm00001eb176980",2,"C2",0.820594966322005
"Zm00001eb266260",2,"C2",0.819630660614641
"Zm00001eb333790",2,"C2",0.818717794470356
"Zm00001eb280580",2,"C2",0.817459845750008
"Zm00001eb028170",2,"C2",0.816274449670258
"Zm00001eb205630",2,"C2",0.816156501117386
"Zm00001eb336890",2,"C2",0.816102895900326
"Zm00001eb326830",2,"C2",0.815992080443951
"Zm00001eb259660",2,"C2",0.815311848088492
"Zm00001eb219090",2,"C2",0.813689594513737
"Zm00001eb285560",2,"C2",0.813295963453455
"Zm00001eb152750",2,"C2",0.813134768826552
"Zm00001eb135750",2,"C2",0.812219027664746
"Zm00001eb232360",2,"C2",0.812194579630816
"Zm00001eb127790",2,"C2",0.812022107692658
"Zm00001eb124530",2,"C2",0.811974137113182
"Zm00001eb207290",2,"C2",0.811925801421443
"Zm00001eb018830",2,"C2",0.811790249216032
"Zm00001eb128720",2,"C2",0.810509824150138
"Zm00001eb178030",2,"C2",0.81004779636698
"Zm00001eb034060",2,"C2",0.809871099112117
"Zm00001eb057870",2,"C2",0.808669032359841
"Zm00001eb344750",2,"C2",0.807984721479644
"Zm00001eb078510",2,"C2",0.80752849767531
"Zm00001eb175280",2,"C2",0.807504385186258
"Zm00001eb144800",2,"C2",0.806854590211948
"Zm00001eb047310",2,"C2",0.806693670988743
"Zm00001eb143850",2,"C2",0.805289890922929
"Zm00001eb188670",2,"C2",0.804959003799229
"Zm00001eb351270",2,"C2",0.804635896320485
"Zm00001eb081110",2,"C2",0.804437574792272
"Zm00001eb036900",2,"C2",0.804238364242579
"Zm00001eb319410",2,"C2",0.802597175109992
"Zm00001eb028400",2,"C2",0.802461584279807
"Zm00001eb361800",2,"C2",0.801804422065685
"Zm00001eb298610",2,"C2",0.801172292727375
"Zm00001eb015470",2,"C2",0.800738464413284
"Zm00001eb016670",2,"C2",0.800693807578359
"Zm00001eb006360",2,"C2",0.800194439435071
"Zm00001eb121060",2,"C2",0.800048480555218
"Zm00001eb205820",2,"C2",0.799870496495592
"Zm00001eb279650",2,"C2",0.799735136100794
"Zm00001eb093160",2,"C2",0.799139520358514
"Zm00001eb394590",2,"C2",0.798377405008585
"Zm00001eb120030",4,"C3",1.77484572052659
"Zm00001eb206090",4,"C3",1.74746132400238
"Zm00001eb096930",4,"C3",1.67623001568281
"Zm00001eb344300",4,"C3",1.57007942052662
"Zm00001eb120700",4,"C3",1.52144298555346
"Zm00001eb087160",4,"C3",1.50220532188882
"Zm00001eb296990",4,"C3",1.44359887478292
"Zm00001eb197870",4,"C3",1.42752580493899
"Zm00001eb247450",4,"C3",1.40007847244337
"Zm00001eb208960",4,"C3",1.35007417447124
"Zm00001eb264630",4,"C3",1.23671506220429
"Zm00001eb066640",4,"C3",1.22707687925957
"Zm00001eb125560",4,"C3",1.22132959017655
"Zm00001eb333780",4,"C3",1.1159826180146
"Zm00001eb006020",4,"C3",1.0838385642067
"Zm00001eb074530",4,"C3",1.04373832944555
"Zm00001eb280690",4,"C3",0.982603571663129
"Zm00001eb216870",4,"C3",0.977076632088361
"Zm00001eb036750",4,"C3",0.965399204439822
"Zm00001eb427470",4,"C3",0.963662004178465
"Zm00001eb053160",4,"C3",0.928553853909365
"Zm00001eb109290",4,"C3",0.921092721370928
"Zm00001eb256740",4,"C3",0.919521532552995
"Zm00001eb233880",4,"C3",0.909918270081126
"Zm00001eb333520",4,"C3",0.906542435875947
"Zm00001eb335900",4,"C3",0.88558029300469
"Zm00001eb164230",4,"C3",0.855581820008759
"Zm00001eb039310",4,"C3",0.85458352467718
"Zm00001eb016200",4,"C3",0.853234818231388
"Zm00001eb395760",4,"C3",0.845432686295659
"Zm00001eb363590",4,"C3",0.820657977907881
"Zm00001eb087050",4,"C3",0.81220175084394
"Zm00001eb214330",4,"C3",0.795083440686558
"Zm00001eb295830",4,"C3",0.790470822557385
"Zm00001eb370520",4,"C3",0.780037231083189
"Zm00001eb148000",4,"C3",0.770588551753522
"Zm00001eb237880",4,"C3",0.747437041538457
"Zm00001eb358270",4,"C3",0.746391090944426
"Zm00001eb254080",4,"C3",0.725531006716125
"Zm00001eb433460",4,"C3",0.724492549056387
"Zm00001eb431790",4,"C3",0.710896928990609
"Zm00001eb432480",4,"C3",0.691595685041596
"Zm00001eb048920",4,"C3",0.682734498407222
"Zm00001eb429190",4,"C3",0.644757453864753
"Zm00001eb062500",4,"C3",0.624449310788992
"Zm00001eb428570",4,"C3",0.620791293396097
"Zm00001eb143140",4,"C3",0.617361957835452
"Zm00001eb057840",4,"C3",0.60231476596533
"Zm00001eb434230",4,"C3",0.597115821060789
"Zm00001eb085330",4,"C3",0.594920458913099
"Zm00001eb038890",4,"C3",0.581597802310853
"Zm00001eb331990",4,"C3",0.580724002831265
"Zm00001eb195970",4,"C3",0.541862249160917
"Zm00001eb246720",4,"C3",0.541273277997146
"Zm00001eb399120",4,"C3",0.538402146983893
"Zm00001eb185130",4,"C3",0.530364561005498
"Zm00001eb056280",4,"C3",0.529548525124985
"Zm00001eb122190",4,"C3",0.525258294747765
"Zm00001eb075320",4,"C3",0.5119846949958
"Zm00001eb329730",4,"C3",0.484685117065257
"Zm00001eb334910",4,"C3",0.483537268083096
"Zm00001eb040480",4,"C3",0.472077798474337
"Zm00001eb291190",4,"C3",0.466760197472262
"Zm00001eb218850",4,"C3",0.464559628675913
"Zm00001eb319770",4,"C3",0.45052067514706
"Zm00001eb223980",4,"C3",0.43243189205921
"Zm00001eb063220",4,"C3",0.423168404149248
"Zm00001eb113170",4,"C3",0.418015527349082
"Zm00001eb168870",4,"C3",0.410809336602278
"Zm00001eb319090",4,"C3",0.389397508806297
"Zm00001eb093670",4,"C3",0.363371144455193
"Zm00001eb120010",4,"C3",0.362312282478664
"Zm00001eb073830",4,"C3",0.350208850687817
"Zm00001eb057000",4,"C3",0.347298329445013
"Zm00001eb251200",4,"C3",0.343094272797367
"Zm00001eb008130",4,"C3",0.332969389967322
"Zm00001eb228410",4,"C3",0.33147843059837
"Zm00001eb312910",4,"C3",0.325162727159894
"Zm00001eb118900",4,"C3",0.313703859054719
"Zm00001eb082130",4,"C3",0.303759150595769
"Zm00001eb216960",4,"C3",0.299290218362859
"Zm00001eb136720",4,"C3",0.298713559341787
"Zm00001eb195760",4,"C3",0.298324425942669
"Zm00001eb068880",4,"C3",0.290755142276173
"Zm00001eb100230",4,"C3",0.287199848322443
"Zm00001eb247720",4,"C3",0.264853061869119
"Zm00001eb421220",4,"C3",0.262303943515975
"Zm00001eb030970",4,"C3",0.257556478125673
"Zm00001eb254280",4,"C3",0.25390778825779
"Zm00001eb397270",4,"C3",0.249125788153676
"Zm00001eb271160",4,"C3",0.245536339262471
"Zm00001eb344260",4,"C3",0.245530731514233
"Zm00001eb010660",4,"C3",0.244190228484849
"Zm00001eb068290",4,"C3",0.241542003013195
"Zm00001eb044480",4,"C3",0.241354846105424
"Zm00001eb225650",4,"C3",0.241160617299478
"Zm00001eb002680",4,"C3",0.240168408539604
"Zm00001eb314160",4,"C3",0.237568245662041
"Zm00001eb052070",4,"C3",0.235145865138752
"Zm00001eb410830",4,"C3",0.232815923153347
"Zm00001eb418940",4,"C3",0.229677208046051
"Zm00001eb427320",4,"C3",0.220642537865117
"Zm00001eb387280",4,"C3",0.219768916682894
"Zm00001eb218820",4,"C3",0.21557067729451
"Zm00001eb384290",4,"C3",0.215325282460868
"Zm00001eb039810",4,"C3",0.206749553055618
"Zm00001eb386270",4,"C3",0.204179160243069
"Zm00001eb078070",4,"C3",0.198719848189836
"Zm00001eb101120",4,"C3",0.184597927713671
"Zm00001eb079340",4,"C3",0.181137497694083
"Zm00001eb023970",4,"C3",0.179220034250529
"Zm00001eb213430",4,"C3",0.17423197216843
"Zm00001eb147220",4,"C3",0.16522763274107
"Zm00001eb292690",4,"C3",0.160255818032325
"Zm00001eb205210",4,"C3",0.158933113526418
"Zm00001eb058240",4,"C3",0.158208132032494
"Zm00001eb001630",4,"C3",0.157259455137911
"Zm00001eb335670",4,"C3",0.146514869507628
"Zm00001eb301170",4,"C3",0.145070523726951
"Zm00001eb392580",4,"C3",0.144853275267328
"Zm00001eb233230",4,"C3",0.144786563768777
"Zm00001eb205600",4,"C3",0.142373538977132
"Zm00001eb247530",4,"C3",0.136925986864123
"Zm00001eb250590",4,"C3",0.136760565902734
"Zm00001eb314580",4,"C3",0.131039669627161
"Zm00001eb134870",4,"C3",0.129365760159952
"Zm00001eb008800",4,"C3",0.128562121659938
"Zm00001eb283470",4,"C3",0.127407824758322
"Zm00001eb372060",4,"C3",0.125527301313068
"Zm00001eb349810",4,"C3",0.123604510248392
"Zm00001eb288970",4,"C3",0.113212153570388
"Zm00001eb049850",4,"C3",0.112245252964848
"Zm00001eb041890",4,"C3",0.109996018799362
"Zm00001eb064880",4,"C3",0.107937265094018
"Zm00001eb125390",4,"C3",0.107863283721467
"Zm00001eb352530",4,"C3",0.10669770910074
"Zm00001eb376530",4,"C3",0.102410868300311
"Zm00001eb193920",4,"C3",0.101874329991391
"Zm00001eb214280",4,"C3",0.101138580447415
"Zm00001eb228440",4,"C3",0.0996820598516036
"Zm00001eb373520",4,"C3",0.0969666001256376
"Zm00001eb366880",4,"C3",0.0916342642066853
"Zm00001eb164120",4,"C3",0.0849550848012105
"Zm00001eb288870",4,"C3",0.0837249647142193
"Zm00001eb319060",4,"C3",0.0835513233294834
"Zm00001eb090480",4,"C3",0.0831554368418576
"Zm00001eb183340",4,"C3",0.0829888054438445
"Zm00001eb299750",4,"C3",0.081139275144954
"Zm00001eb121050",4,"C3",0.0798460324515477
"Zm00001eb051450",4,"C3",0.0797586420369741
"Zm00001eb249960",4,"C3",0.0795836394035014
"Zm00001eb321030",4,"C3",0.0783951795233296
"Zm00001eb032430",4,"C3",0.0763729661715743
"Zm00001eb105880",4,"C3",0.0755054151727977
"Zm00001eb314530",4,"C3",0.0726737221666701
"Zm00001eb377540",4,"C3",0.0721337658019624
"Zm00001eb364920",4,"C3",0.0701673863611723
"Zm00001eb081630",4,"C3",0.064909714443727
"Zm00001eb372750",4,"C3",0.0644779246555061
"Zm00001eb395050",4,"C3",0.0641979775702137
"Zm00001eb030780",4,"C3",0.0625133781496456
"Zm00001eb413290",4,"C3",0.0622593908809657
"Zm00001eb240790",4,"C3",0.0620123049953931
"Zm00001eb312010",4,"C3",0.0611260094517556
"Zm00001eb200840",4,"C3",0.0593326349249875
"Zm00001eb426650",4,"C3",0.0579153816439768
"Zm00001eb406950",4,"C3",0.0551830294072005
"Zm00001eb256600",4,"C3",0.0542373693993481
"Zm00001eb252770",4,"C3",0.0524988490798101
"Zm00001eb144560",4,"C3",0.0511755822595026
"Zm00001eb193640",4,"C3",0.0510195600600667
"Zm00001eb162710",4,"C3",0.0500843910280386
"Zm00001eb278830",4,"C3",0.0497165993098837
"Zm00001eb143320",4,"C3",0.0469483940402979
"Zm00001eb278680",4,"C3",0.0435929778516717
"Zm00001eb056190",4,"C3",0.040114593413576
"Zm00001eb249710",4,"C3",0.0396137314044057
"Zm00001eb406740",4,"C3",0.0379064996707244
"Zm00001eb357250",4,"C3",0.0363999252104222
"Zm00001eb250760",4,"C3",0.0360672169450151
"Zm00001eb350800",4,"C3",0.0352239604864652
"Zm00001eb265150",4,"C3",0.0344932393918195
"Zm00001eb411430",4,"C3",0.034378776076048
"Zm00001eb170230",4,"C3",0.0338249533487138
"Zm00001eb398520",4,"C3",0.0327585008861025
"Zm00001eb116880",4,"C3",0.0324514391280612
"Zm00001eb069080",4,"C3",0.0320394134238986
"Zm00001eb284010",4,"C3",0.0310919701930904
"Zm00001eb257320",4,"C3",0.0292087034481403
"Zm00001eb356930",4,"C3",0.0263701055315902
"Zm00001eb067800",4,"C3",0.0259499799471289
"Zm00001eb065710",4,"C3",0.0257163264462323
"Zm00001eb217560",3,"C4",3.65060113362768
"Zm00001eb229550",3,"C4",3.1411058167105
"Zm00001eb294420",3,"C4",3.02968253135719
"Zm00001eb039550",3,"C4",3.01350110240621
"Zm00001eb261840",3,"C4",2.98194941331628
"Zm00001eb138230",3,"C4",2.96377919702344
"Zm00001eb392880",3,"C4",2.93833552149311
"Zm00001eb351330",3,"C4",2.90736474900559
"Zm00001eb261430",3,"C4",2.81982005069052
"Zm00001eb334050",3,"C4",2.75308015302201
"Zm00001eb327430",3,"C4",2.7346145554244
"Zm00001eb415410",3,"C4",2.65851521712882
"Zm00001eb211010",3,"C4",2.57211688409476
"Zm00001eb226990",3,"C4",2.54975916707655
"Zm00001eb397180",3,"C4",2.53564987160494
"Zm00001eb028980",3,"C4",2.45327475296414
"Zm00001eb255600",3,"C4",2.39654176543367
"Zm00001eb252830",3,"C4",2.36482633292727
"Zm00001eb009920",3,"C4",2.28590253172708
"Zm00001eb009900",3,"C4",2.23854492214058
"Zm00001eb285230",3,"C4",2.22884495692383
"Zm00001eb046340",3,"C4",2.18676718414534
"Zm00001eb049720",3,"C4",2.17153019072686
"Zm00001eb198420",3,"C4",2.1438252047169
"Zm00001eb212470",3,"C4",2.06097552509971
"Zm00001eb109330",3,"C4",2.04639925484526
"Zm00001eb285220",3,"C4",2.03837284581632
"Zm00001eb273670",3,"C4",1.98178683099966
"Zm00001eb111360",3,"C4",1.96709862811444
"Zm00001eb005140",3,"C4",1.947676970084
"Zm00001eb110520",3,"C4",1.94537182208407
"Zm00001eb085730",3,"C4",1.93569555909674
"Zm00001eb265890",3,"C4",1.93289343167936
"Zm00001eb029200",3,"C4",1.92347881015356
"Zm00001eb304540",3,"C4",1.89668814192479
"Zm00001eb058980",3,"C4",1.89483395412822
"Zm00001eb296460",3,"C4",1.81639538704918
"Zm00001eb247810",3,"C4",1.81290490663734
"Zm00001eb173180",3,"C4",1.77959313558072
"Zm00001eb371200",3,"C4",1.77384520915039
"Zm00001eb330020",3,"C4",1.76833830177417
"Zm00001eb168910",3,"C4",1.76557220827684
"Zm00001eb396650",3,"C4",1.7561660434929
"Zm00001eb362020",3,"C4",1.7325650531313
"Zm00001eb119450",3,"C4",1.72968423201403
"Zm00001eb095080",3,"C4",1.72480142680534
"Zm00001eb265900",3,"C4",1.71670028555958
"Zm00001eb321600",3,"C4",1.71273072092895
"Zm00001eb069130",3,"C4",1.67197071028678
"Zm00001eb195010",3,"C4",1.6623855081573
"Zm00001eb129360",3,"C4",1.64543110584918
"Zm00001eb398590",3,"C4",1.63580885690622
"Zm00001eb065160",3,"C4",1.59899708887699
"Zm00001eb205590",3,"C4",1.54472141627471
"Zm00001eb282710",3,"C4",1.4979358295509
"Zm00001eb105550",3,"C4",1.49670506925059
"Zm00001eb272290",3,"C4",1.459498142258
"Zm00001eb413370",3,"C4",1.45919541272236
"Zm00001eb159850",3,"C4",1.4524542524125
"Zm00001eb281840",3,"C4",1.45037222595119
"Zm00001eb093400",3,"C4",1.44209244439646
"Zm00001eb136630",3,"C4",1.38599741302815
"Zm00001eb122720",3,"C4",1.37478912616326
"Zm00001eb002320",3,"C4",1.36416474724122
"Zm00001eb028940",3,"C4",1.35654998121199
"Zm00001eb056930",3,"C4",1.3493177197958
"Zm00001eb183410",3,"C4",1.34445950227263
"Zm00001eb400850",3,"C4",1.33567754489691
"Zm00001eb286820",3,"C4",1.33412589437853
"Zm00001eb268910",3,"C4",1.32453361152222
"Zm00001eb233060",3,"C4",1.3173223079351
"Zm00001eb205550",3,"C4",1.31422377522716
"Zm00001eb378930",3,"C4",1.30857411666425
"Zm00001eb249330",3,"C4",1.30416024705841
"Zm00001eb403040",3,"C4",1.27926838447896
"Zm00001eb317480",3,"C4",1.26957303081796
"Zm00001eb118030",3,"C4",1.25942849667366
"Zm00001eb040960",3,"C4",1.2555057664981
"Zm00001eb005960",3,"C4",1.24939348590274
"Zm00001eb172200",3,"C4",1.22926785383018
"Zm00001eb157120",3,"C4",1.22250630382889
"Zm00001eb335870",3,"C4",1.22161752541718
"Zm00001eb105410",3,"C4",1.2125645811717
"Zm00001eb057230",3,"C4",1.18691875346708
"Zm00001eb102120",3,"C4",1.17560041454516
"Zm00001eb173560",3,"C4",1.16911819483853
"Zm00001eb252720",3,"C4",1.15587082275839
"Zm00001eb346120",3,"C4",1.15127214772888
"Zm00001eb011230",3,"C4",1.15115947686749
"Zm00001eb350560",3,"C4",1.15079198425167
"Zm00001eb328390",3,"C4",1.14637650646414
"Zm00001eb387930",3,"C4",1.14550390617521
"Zm00001eb036940",3,"C4",1.13434143368329
"Zm00001eb124560",3,"C4",1.12916221528146
"Zm00001eb124340",3,"C4",1.12631843308228
"Zm00001eb322040",3,"C4",1.120740784263
"Zm00001eb303420",3,"C4",1.10874666181619
"Zm00001eb325270",3,"C4",1.0980137168635
"Zm00001eb068270",3,"C4",1.09353279382481
"Zm00001eb150960",3,"C4",1.087201122188
"Zm00001eb033060",3,"C4",1.08441036504265
"Zm00001eb385150",3,"C4",1.07285113656925
"Zm00001eb181530",3,"C4",1.06801206921881
"Zm00001eb004390",3,"C4",1.05768208437557
"Zm00001eb142730",3,"C4",1.05469955764161
"Zm00001eb053470",3,"C4",1.0530087622665
"Zm00001eb052750",3,"C4",1.05151969931265
"Zm00001eb061760",3,"C4",1.04841301480877
"Zm00001eb039000",3,"C4",1.04018521351074
"Zm00001eb134090",3,"C4",1.03984799718419
"Zm00001eb202400",3,"C4",1.03770357313133
"Zm00001eb280120",3,"C4",1.03707422575052
"Zm00001eb324090",3,"C4",1.03024150749471
"Zm00001eb373990",3,"C4",1.02924772718158
"Zm00001eb418960",3,"C4",1.02723409505006
"Zm00001eb053730",3,"C4",1.02683358875554
"Zm00001eb133480",3,"C4",1.02614066935322
"Zm00001eb143510",3,"C4",1.02522974391598
"Zm00001eb400310",3,"C4",1.01839857017905
"Zm00001eb094730",3,"C4",1.01623664131968
"Zm00001eb097690",3,"C4",1.00654188731481
"Zm00001eb229720",3,"C4",1.00261511672883
"Zm00001eb070400",3,"C4",0.989886354827037
"Zm00001eb296000",3,"C4",0.987460845572428
"Zm00001eb243010",3,"C4",0.985013757315565
"Zm00001eb063770",3,"C4",0.984148829180975
"Zm00001eb053790",3,"C4",0.983813476003216
"Zm00001eb225010",3,"C4",0.983435208870816
"Zm00001eb327060",3,"C4",0.980283641801425
"Zm00001eb251610",3,"C4",0.980053597030273
"Zm00001eb320590",3,"C4",0.979309094149905
"Zm00001eb318220",3,"C4",0.967888639179727
"Zm00001eb405580",3,"C4",0.967364451538664
"Zm00001eb153240",3,"C4",0.960717181356388
"Zm00001eb317470",3,"C4",0.957889492595585
"Zm00001eb143460",3,"C4",0.953625666546411
"Zm00001eb367450",3,"C4",0.945161682782448
"Zm00001eb273380",3,"C4",0.930314520388125
"Zm00001eb199090",3,"C4",0.922146000016754
"Zm00001eb285570",3,"C4",0.9145608104053
"Zm00001eb105510",3,"C4",0.911693589506693
"Zm00001eb220940",3,"C4",0.910892816395449
"Zm00001eb035990",3,"C4",0.90899670063221
"Zm00001eb144250",3,"C4",0.906912110675485
"Zm00001eb180670",3,"C4",0.903859199739377
"Zm00001eb258710",3,"C4",0.901926747201402
"Zm00001eb266800",3,"C4",0.900386746563812
"Zm00001eb199230",3,"C4",0.899127450460761
"Zm00001eb046430",3,"C4",0.897825943325521
"Zm00001eb197600",3,"C4",0.894804292288609
"Zm00001eb336850",3,"C4",0.894656360818182
"Zm00001eb041930",3,"C4",0.894287076336306
"Zm00001eb221580",3,"C4",0.887891056577388
"Zm00001eb020680",3,"C4",0.886519724065491
"Zm00001eb224050",3,"C4",0.883796568727979
"Zm00001eb189920",3,"C4",0.877083005259635
"Zm00001eb173490",3,"C4",0.876689067212096
"Zm00001eb054380",3,"C4",0.86883830672958
"Zm00001eb302330",3,"C4",0.866136180416599
"Zm00001eb305760",3,"C4",0.862404288946105
"Zm00001eb133140",3,"C4",0.857440854293443
"Zm00001eb335790",3,"C4",0.853453817879812
"Zm00001eb411050",3,"C4",0.852690586971285
"Zm00001eb294160",3,"C4",0.851319743821567
"Zm00001eb295070",3,"C4",0.845046307824987
"Zm00001eb063340",3,"C4",0.844820636175566
"Zm00001eb258190",3,"C4",0.836157316304093
"Zm00001eb236360",3,"C4",0.834590539083223
"Zm00001eb113600",3,"C4",0.83390361637563
"Zm00001eb190920",3,"C4",0.833439350755612
"Zm00001eb373980",3,"C4",0.823682818075486
"Zm00001eb113240",3,"C4",0.820312211549753
"Zm00001eb297070",3,"C4",0.815153793263891
"Zm00001eb370430",3,"C4",0.812507180332911
"Zm00001eb425830",3,"C4",0.812309604280582
"Zm00001eb341860",3,"C4",0.809481775125718
"Zm00001eb170930",3,"C4",0.809225309063005
"Zm00001eb370380",3,"C4",0.808440412618895
"Zm00001eb194130",3,"C4",0.807928263024257
"Zm00001eb368840",3,"C4",0.806482869705889
"Zm00001eb433090",3,"C4",0.802498996772989
"Zm00001eb265250",3,"C4",0.800727167701132
"Zm00001eb323460",3,"C4",0.794335983270161
"Zm00001eb159730",3,"C4",0.793078979863127
"Zm00001eb210500",3,"C4",0.789659599538374
"Zm00001eb421180",3,"C4",0.788917070099687
"Zm00001eb281280",3,"C4",0.786758572398749
"Zm00001eb409980",3,"C4",0.783697822805655
"Zm00001eb176360",3,"C4",0.781520140624109
"Zm00001eb169120",3,"C4",0.777944079159019
"Zm00001eb299530",3,"C4",0.771611384491424
"Zm00001eb409950",3,"C4",0.768930864116324
"Zm00001eb286140",3,"C4",0.767321283458743
"Zm00001eb039760",3,"C4",0.765024782656719
"Zm00001eb231800",3,"C4",0.764646701457515
"Zm00001eb298350",3,"C4",0.759033479144331
"Zm00001eb365020",3,"C4",0.758813870973144
"Zm00001eb095190",3,"C4",0.755080890493495
"Zm00001eb267580",3,"C4",0.754666637436602
"Zm00001eb217400",3,"C4",0.753960407692537
"Zm00001eb180260",3,"C4",0.748554571475277
"Zm00001eb332650",3,"C4",0.748434933275004
"Zm00001eb112310",3,"C4",0.748236181439695
"Zm00001eb258210",3,"C4",0.746918539093996
"Zm00001eb331790",3,"C4",0.74615956458325
"Zm00001eb322950",3,"C4",0.745950119787066
"Zm00001eb100100",3,"C4",0.745895514173828
"Zm00001eb003350",3,"C4",0.742952542194425
"Zm00001eb390720",3,"C4",0.74289348843592
"Zm00001eb155830",3,"C4",0.740345593597534
"Zm00001eb176260",3,"C4",0.739422267951692
"Zm00001eb071800",3,"C4",0.739385494669343
"Zm00001eb401140",3,"C4",0.738374452912801
"Zm00001eb092840",3,"C4",0.735273738270647
"Zm00001eb205160",3,"C4",0.735189516818884
"Zm00001eb010810",3,"C4",0.730296324707652
"Zm00001eb022670",3,"C4",0.727049051667677
"Zm00001eb095330",3,"C4",0.725745659074103
"Zm00001eb028740",3,"C4",0.724383675775112
"Zm00001eb151060",3,"C4",0.722551962996617
"Zm00001eb054250",3,"C4",0.722374542889653
"Zm00001eb112260",3,"C4",0.720971199333751
"Zm00001eb286220",3,"C4",0.720692580978515
"Zm00001eb195000",3,"C4",0.718114888089107
"Zm00001eb376850",3,"C4",0.718044150988359
"Zm00001eb101090",3,"C4",0.717109553814321
"Zm00001eb407780",3,"C4",0.716908485107155
"Zm00001eb172520",3,"C4",0.709448273972262
"Zm00001eb066350",3,"C4",0.709189607875906
"Zm00001eb285760",3,"C4",0.702299798508262
"Zm00001eb240440",3,"C4",0.698343973255413
"Zm00001eb218450",3,"C4",0.698283942858518
"Zm00001eb227400",3,"C4",0.697668046408888
"Zm00001eb241810",3,"C4",0.694542740428083
"Zm00001eb101990",3,"C4",0.692787691548868
"Zm00001eb079760",3,"C4",0.692364860591373
"Zm00001eb357750",3,"C4",0.686011461771302
"Zm00001eb071140",3,"C4",0.6856214873718
"Zm00001eb073300",3,"C4",0.684918649142692
"Zm00001eb417990",3,"C4",0.684521936342243
"Zm00001eb264760",3,"C4",0.681288352402279
"Zm00001eb269470",3,"C4",0.680565210837621
"Zm00001eb330180",3,"C4",0.680515539503268
"Zm00001eb312630",3,"C4",0.680199872488358
"Zm00001eb410190",3,"C4",0.67613284176629
"Zm00001eb416750",3,"C4",0.675637716594162
"Zm00001eb076030",3,"C4",0.674844058540696
"Zm00001eb397240",3,"C4",0.674374110697183
"Zm00001eb291530",3,"C4",0.673508176426796
"Zm00001eb202860",3,"C4",0.672322824887282
"Zm00001eb246620",3,"C4",0.666306277230675
"Zm00001eb334220",3,"C4",0.664524426914793
"Zm00001eb317910",3,"C4",0.659347787936961
"Zm00001eb305670",3,"C4",0.655367443056776
"Zm00001eb425860",3,"C4",0.654719736139769
"Zm00001eb201230",3,"C4",0.651436781590752
"Zm00001eb163800",3,"C4",0.651236337416877
"Zm00001eb306930",3,"C4",0.646936319919639
"Zm00001eb388190",3,"C4",0.645071407629849
"Zm00001eb212440",3,"C4",0.643515530110897
"Zm00001eb130080",3,"C4",0.643075422953393
"Zm00001eb001840",3,"C4",0.642494566607918
"Zm00001eb063300",3,"C4",0.641897944520443
"Zm00001eb299790",3,"C4",0.641449471387568
"Zm00001eb019850",3,"C4",0.636856738183702
"Zm00001eb422980",3,"C4",0.634072231679755
"Zm00001eb126360",3,"C4",0.633829445178256
"Zm00001eb289550",3,"C4",0.62978088517415
"Zm00001eb161290",3,"C4",0.629256946672921
"Zm00001eb271660",3,"C4",0.626917324400548
"Zm00001eb035800",3,"C4",0.623336970799791
"Zm00001eb319210",3,"C4",0.622074354706226
"Zm00001eb285950",3,"C4",0.620206811868829
"Zm00001eb236160",3,"C4",0.618651460954265
"Zm00001eb358730",3,"C4",0.618000336981457
"Zm00001eb225380",3,"C4",0.617718153791088
"Zm00001eb399060",3,"C4",0.617511502862962
"Zm00001eb167520",3,"C4",0.614606642120529
"Zm00001eb108300",3,"C4",0.610172308699176
"Zm00001eb025310",3,"C4",0.609870050785582
"Zm00001eb081270",3,"C4",0.60841163238411
"Zm00001eb167320",3,"C4",0.608113634128195
"Zm00001eb184500",3,"C4",0.606068717476199
"Zm00001eb061630",3,"C4",0.604205001685371
"Zm00001eb157810",3,"C4",0.603118664061814
"Zm00001eb079360",3,"C4",0.601078666196815
"Zm00001eb288540",3,"C4",0.60094135621312
"Zm00001eb277460",3,"C4",0.600863404547668
"Zm00001eb173070",3,"C4",0.60033492943477
"Zm00001eb202760",3,"C4",0.594385293867391
"Zm00001eb370370",3,"C4",0.59139526858618
"Zm00001eb110100",3,"C4",0.590679780100438
"Zm00001eb402540",3,"C4",0.589457044012836
"Zm00001eb359370",3,"C4",0.588661419508147
"Zm00001eb324670",3,"C4",0.587233505068597
"Zm00001eb274290",3,"C4",0.586094108353864
"Zm00001eb009810",3,"C4",0.58470785695916
"Zm00001eb294790",3,"C4",0.584190141945937
"Zm00001eb430580",3,"C4",0.583777607561814
"Zm00001eb351750",3,"C4",0.583720374518931
"Zm00001eb119140",3,"C4",0.582040575420871
"Zm00001eb332510",3,"C4",0.581204550610473
"Zm00001eb158840",3,"C4",0.58017985460585
"Zm00001eb147370",3,"C4",0.577501760793097
"Zm00001eb237980",3,"C4",0.577320222488234
"Zm00001eb395270",3,"C4",0.57567926373669
"Zm00001eb398330",3,"C4",0.574663835298512
"Zm00001eb373140",3,"C4",0.572307617112595
"Zm00001eb432420",3,"C4",0.571653480478929
"Zm00001eb177450",3,"C4",0.569011506603995
"Zm00001eb094220",3,"C4",0.567316008488871
"Zm00001eb264160",3,"C4",0.567127627495306
"Zm00001eb394520",3,"C4",0.566701597321755
"Zm00001eb025040",3,"C4",0.566424102176127
"Zm00001eb143620",3,"C4",0.566263892856114
"Zm00001eb001400",3,"C4",0.56557970112137
"Zm00001eb246270",3,"C4",0.564553262252525
"Zm00001eb246850",3,"C4",0.564255377883267
"Zm00001eb397790",3,"C4",0.564216232123291
"Zm00001eb076610",3,"C4",0.563438707484635
"Zm00001eb346110",3,"C4",0.562910834412793
"Zm00001eb378440",3,"C4",0.561976234483921
"Zm00001eb089980",3,"C4",0.560377546359023
"Zm00001eb242790",3,"C4",0.557596234699366
"Zm00001eb200440",3,"C4",0.557074128195722
"Zm00001eb409570",3,"C4",0.556001019105582
"Zm00001eb132890",3,"C4",0.553226812513639
"Zm00001eb327620",3,"C4",0.552792079163905
"Zm00001eb181100",3,"C4",0.552676511961006
"Zm00001eb030210",3,"C4",0.551482296010298
"Zm00001eb393660",3,"C4",0.550060600545529
"Zm00001eb377270",3,"C4",0.549316006495582
"Zm00001eb051840",3,"C4",0.548452644478807
"Zm00001eb035510",3,"C4",0.547680685975697
"Zm00001eb066060",3,"C4",0.545999041103167
"Zm00001eb025350",3,"C4",0.544001148258667
"Zm00001eb297500",3,"C4",0.542186862971071
"Zm00001eb176900",3,"C4",0.540256772824793
"Zm00001eb132450",3,"C4",0.539775446029031
"Zm00001eb416090",3,"C4",0.539590149785562
"Zm00001eb111020",3,"C4",0.539447832721899
"Zm00001eb018320",3,"C4",0.537653320525843
"Zm00001eb041150",3,"C4",0.537004143275435
"Zm00001eb008100",3,"C4",0.536100644934292
"Zm00001eb004790",3,"C4",0.535198134166458
"Zm00001eb397050",3,"C4",0.534527295666167
"Zm00001eb146760",3,"C4",0.533121893629096
"Zm00001eb122280",3,"C4",0.532079719754885
"Zm00001eb183390",3,"C4",0.530085324865614
"Zm00001eb192350",3,"C4",0.529332342930171
"Zm00001eb396370",3,"C4",0.528007185475398
"Zm00001eb061800",3,"C4",0.526949985129752
"Zm00001eb234060",3,"C4",0.526229324547781
"Zm00001eb246070",3,"C4",0.525618450859549
"Zm00001eb413300",3,"C4",0.525430299689627
"Zm00001eb284640",3,"C4",0.523918344586062
"Zm00001eb346040",3,"C4",0.523875687862996
"Zm00001eb267070",3,"C4",0.522474040261785
"Zm00001eb212740",3,"C4",0.51991772890673
"Zm00001eb066840",3,"C4",0.517918052855106
"Zm00001eb198180",3,"C4",0.517759429186094
"Zm00001eb285390",3,"C4",0.517461299565716
"Zm00001eb240720",3,"C4",0.517420862061332
"Zm00001eb034850",3,"C4",0.516872561436406
"Zm00001eb385240",3,"C4",0.515216376697469
"Zm00001eb375690",3,"C4",0.512132500903417
"Zm00001eb152340",3,"C4",0.511911605248462
"Zm00001eb315240",3,"C4",0.511725119989048
"Zm00001eb216230",3,"C4",0.511508010872762
"Zm00001eb144500",3,"C4",0.510780359357026
"Zm00001eb035730",3,"C4",0.510717010344423
"Zm00001eb124730",3,"C4",0.510610599567385
"Zm00001eb062360",3,"C4",0.510571586404474
"Zm00001eb234090",3,"C4",0.509042622897599
"Zm00001eb397950",3,"C4",0.508025169802981
"Zm00001eb008910",3,"C4",0.507530667475627
"Zm00001eb337250",3,"C4",0.506872164412706
"Zm00001eb190670",3,"C4",0.506565434079763
"Zm00001eb289240",3,"C4",0.50563699287626
"Zm00001eb171400",3,"C4",0.505465551859741
"Zm00001eb128960",3,"C4",0.505357285291084
"Zm00001eb294980",3,"C4",0.505224605813826
"Zm00001eb404110",3,"C4",0.503413879925753
"Zm00001eb047510",3,"C4",0.503401808970993
"Zm00001eb224950",3,"C4",0.502842326046369
"Zm00001eb083980",3,"C4",0.502451972063181
"Zm00001eb393020",3,"C4",0.502326463349273
"Zm00001eb319630",3,"C4",0.502007447208184
"Zm00001eb208140",3,"C4",0.501383568001834
"Zm00001eb305490",3,"C4",0.497260007140831
"Zm00001eb323440",3,"C4",0.497176787946228
"Zm00001eb028820",3,"C4",0.496736055728145
"Zm00001eb022000",3,"C4",0.496043855739969
"Zm00001eb149540",3,"C4",0.495936025482224
"Zm00001eb169790",3,"C4",0.494640620131698
"Zm00001eb369960",3,"C4",0.494592256120181
"Zm00001eb257750",3,"C4",0.494100651802147
"Zm00001eb336840",3,"C4",0.493247209418684
"Zm00001eb347670",3,"C4",0.490780480027348
"Zm00001eb107660",3,"C4",0.489610954215463
"Zm00001eb288070",3,"C4",0.489397464179819
"Zm00001eb103070",3,"C4",0.487729915630997
"Zm00001eb043730",3,"C4",0.487399939293647
"Zm00001eb211860",3,"C4",0.487379039821457
"Zm00001eb001640",3,"C4",0.487047061472294
"Zm00001eb125360",3,"C4",0.486995037814704
"Zm00001eb236840",3,"C4",0.486829641170498
"Zm00001eb141120",3,"C4",0.486220947350941
"Zm00001eb064230",3,"C4",0.486210361573236
"Zm00001eb270470",3,"C4",0.484490353499253
"Zm00001eb287520",3,"C4",0.484424987095926
"Zm00001eb365570",3,"C4",0.48424169661393
"Zm00001eb146220",3,"C4",0.483801310188105
"Zm00001eb205580",3,"C4",0.483743834314406
"Zm00001eb224040",3,"C4",0.483639315307726
"Zm00001eb314010",3,"C4",0.483388421100224
"Zm00001eb242440",3,"C4",0.482807408077732
"Zm00001eb150180",3,"C4",0.482621162206187
"Zm00001eb190500",3,"C4",0.482469728054496
"Zm00001eb414260",3,"C4",0.4821815754064
"Zm00001eb059050",3,"C4",0.482040237364094
"Zm00001eb235200",3,"C4",0.48109631628245
"Zm00001eb089650",3,"C4",0.481000273504851
"Zm00001eb294370",3,"C4",0.480921226020826
"Zm00001eb257590",3,"C4",0.480243123163691
"Zm00001eb118200",3,"C4",0.479746198064739
"Zm00001eb329390",3,"C4",0.479049963985603
"Zm00001eb125130",3,"C4",0.478310116238152
"Zm00001eb315750",3,"C4",0.47696707016485
"Zm00001eb234660",3,"C4",0.475970877741425
"Zm00001eb360690",3,"C4",0.475776895495383
"Zm00001eb408730",3,"C4",0.47545826696936
"Zm00001eb184850",3,"C4",0.475233185643066
"Zm00001eb083610",3,"C4",0.475226116349764
"Zm00001eb137580",3,"C4",0.475132729871369
"Zm00001eb221860",3,"C4",0.475099636097578
"Zm00001eb347070",3,"C4",0.474668545010595
"Zm00001eb315420",3,"C4",0.471098162863902
"Zm00001eb163530",3,"C4",0.470339748276607
"Zm00001eb175620",3,"C4",0.470171152153003
"Zm00001eb278110",3,"C4",0.468424363240522
"Zm00001eb071860",3,"C4",0.465042151716568
"Zm00001eb403940",3,"C4",0.464894943526393
"Zm00001eb237570",3,"C4",0.46419874749149
"Zm00001eb419200",3,"C4",0.463825396990035
"Zm00001eb418000",3,"C4",0.462976122318881
"Zm00001eb414550",3,"C4",0.462888721249788
"Zm00001eb146720",3,"C4",0.462390581202528
"Zm00001eb053750",3,"C4",0.462162031282268
"Zm00001eb278590",3,"C4",0.461399125193183
"Zm00001eb258070",3,"C4",0.4607108138089
"Zm00001eb005630",3,"C4",0.460627904964713
"Zm00001eb034990",3,"C4",0.460540180579029
"Zm00001eb094940",3,"C4",0.460330409511064
"Zm00001eb071630",3,"C4",0.46029597469454
"Zm00001eb425990",3,"C4",0.46001477685882
"Zm00001eb349820",3,"C4",0.459158725867444
"Zm00001eb016570",3,"C4",0.458486654112736
"Zm00001eb115010",3,"C4",0.458138846283258
"Zm00001eb241770",3,"C4",0.458073973070174
"Zm00001eb365780",3,"C4",0.457212213452973
"Zm00001eb054950",3,"C4",0.456029668043589
"Zm00001eb062720",3,"C4",0.455025996840328
"Zm00001eb389290",3,"C4",0.454559368965306
"Zm00001eb014900",3,"C4",0.454018236403082
"Zm00001eb288110",3,"C4",0.453023745582713
"Zm00001eb226770",3,"C4",0.45247337980853
"Zm00001eb093120",3,"C4",0.451978076554349
"Zm00001eb159720",3,"C4",0.451339906990951
"Zm00001eb212960",3,"C4",0.450961904502687
"Zm00001eb331090",3,"C4",0.45081469648356
"Zm00001eb282900",3,"C4",0.450366710607613
"Zm00001eb206800",3,"C4",0.449445187631742
"Zm00001eb325570",3,"C4",0.447249200101846
"Zm00001eb092880",3,"C4",0.446862909232439
"Zm00001eb313310",3,"C4",0.44651630239575
"Zm00001eb113290",3,"C4",0.445983896044427
"Zm00001eb215450",3,"C4",0.445872336656294
"Zm00001eb373700",3,"C4",0.445533254542738
"Zm00001eb028810",3,"C4",0.444862488549368
"Zm00001eb327250",3,"C4",0.444749164968285
"Zm00001eb130040",3,"C4",0.443544416486079
"Zm00001eb425520",3,"C4",0.441249827966543
"Zm00001eb131160",3,"C4",0.44116401062364
"Zm00001eb403080",3,"C4",0.441086950480148
"Zm00001eb409480",3,"C4",0.440155279857069
"Zm00001eb387020",3,"C4",0.440127924631948
"Zm00001eb293240",3,"C4",0.440052008635741
"Zm00001eb154860",3,"C4",0.439694954460926
"Zm00001eb135500",3,"C4",0.43919589012544
"Zm00001eb272950",3,"C4",0.438038869865555
"Zm00001eb009310",3,"C4",0.437689775428365
"Zm00001eb359640",3,"C4",0.437389490717464
"Zm00001eb076840",3,"C4",0.436681230954077
"Zm00001eb140080",3,"C4",0.436557293655602
"Zm00001eb287080",3,"C4",0.435715388119673
"Zm00001eb113730",3,"C4",0.434846806385088
"Zm00001eb267970",3,"C4",0.434793886936891
"Zm00001eb214120",3,"C4",0.434123321440223
"Zm00001eb019590",3,"C4",0.433947766330891
"Zm00001eb361120",3,"C4",0.433665295446457
"Zm00001eb423320",3,"C4",0.433485463186576
"Zm00001eb398140",3,"C4",0.433426896981192
"Zm00001eb405410",3,"C4",0.433316480246166
"Zm00001eb043480",3,"C4",0.43138905250397
"Zm00001eb256110",3,"C4",0.431047872250922
"Zm00001eb148890",3,"C4",0.429425535881067
"Zm00001eb063430",3,"C4",0.428616341734568
"Zm00001eb418470",3,"C4",0.428492090519905
"Zm00001eb289530",3,"C4",0.427595907043937
"Zm00001eb065570",3,"C4",0.42725996290942
"Zm00001eb127580",3,"C4",0.425009776453914
"Zm00001eb227980",3,"C4",0.424868526037297
"Zm00001eb296320",3,"C4",0.424745686817233
"Zm00001eb103160",3,"C4",0.424591855644184
"Zm00001eb061450",3,"C4",0.424537527149281
"Zm00001eb188330",3,"C4",0.424470776264562
"Zm00001eb291980",3,"C4",0.423895971563015
"Zm00001eb050460",3,"C4",0.423377210442674
"Zm00001eb414040",3,"C4",0.422906092658593
"Zm00001eb159820",3,"C4",0.421955233200486
"Zm00001eb387140",3,"C4",0.421951469955604
"Zm00001eb148090",3,"C4",0.421884480182417
"Zm00001eb173100",3,"C4",0.42186778981516
"Zm00001eb232600",3,"C4",0.421441688799941
"Zm00001eb041990",3,"C4",0.42139221516492
"Zm00001eb259070",3,"C4",0.421201365383279
"Zm00001eb192960",3,"C4",0.420355305949727
"Zm00001eb416220",3,"C4",0.418147109920224
"Zm00001eb106810",3,"C4",0.418052781659099
"Zm00001eb073490",3,"C4",0.4177576576466
"Zm00001eb030420",3,"C4",0.417183481534796
"Zm00001eb041730",3,"C4",0.416745862555401
"Zm00001eb370100",3,"C4",0.41672000673102
"Zm00001eb044500",3,"C4",0.416471958700125
"Zm00001eb066860",3,"C4",0.416248554144968
"Zm00001eb060010",3,"C4",0.416162759042378
"Zm00001eb003840",3,"C4",0.41601104738234
"Zm00001eb194690",3,"C4",0.415975721879695
"Zm00001eb415660",3,"C4",0.415740149825769
"Zm00001eb256090",3,"C4",0.415360063804391
"Zm00001eb195380",3,"C4",0.415190778760343
"Zm00001eb030890",3,"C4",0.415099272694475
"Zm00001eb258260",3,"C4",0.414526880502793
"Zm00001eb270080",3,"C4",0.414356048134776
"Zm00001eb053200",3,"C4",0.414020109307549
"Zm00001eb215320",3,"C4",0.414006592428957
"Zm00001eb028930",3,"C4",0.413987748006765
"Zm00001eb117740",3,"C4",0.413660427672507
"Zm00001eb171810",3,"C4",0.411941223309386
"Zm00001eb278070",3,"C4",0.411419253557185
"Zm00001eb195160",3,"C4",0.411071122749578
"Zm00001eb021890",3,"C4",0.410757543903579
"Zm00001eb057110",3,"C4",0.41009207472237
"Zm00001eb175860",3,"C4",0.409288548209748
"Zm00001eb107180",3,"C4",0.408997413100208
"Zm00001eb282660",3,"C4",0.408939502814176
"Zm00001eb055170",3,"C4",0.408894914647895
"Zm00001eb140270",3,"C4",0.408708746148141
"Zm00001eb358060",3,"C4",0.407778951818048
"Zm00001eb093750",3,"C4",0.406663918915024
"Zm00001eb297340",3,"C4",0.406609869078711
"Zm00001eb205410",3,"C4",0.406528010921684
"Zm00001eb259650",3,"C4",0.405710683532726
"Zm00001eb067480",3,"C4",0.405487748268885
"Zm00001eb045450",3,"C4",0.404848180135914
"Zm00001eb403820",3,"C4",0.404125518327174
"Zm00001eb063390",3,"C4",0.403902488112075
"Zm00001eb136840",3,"C4",0.403600220020865
"Zm00001eb041460",3,"C4",0.403414009632023
"Zm00001eb233910",3,"C4",0.403401503605929
"Zm00001eb352880",3,"C4",0.402855498260335
"Zm00001eb208970",3,"C4",0.402696365575856
"Zm00001eb024190",3,"C4",0.402677208924107
"Zm00001eb160220",3,"C4",0.402423813642505
"Zm00001eb051990",3,"C4",0.401561867524988
"Zm00001eb324720",3,"C4",0.401341762595053
"Zm00001eb177850",3,"C4",0.401206164349505
"Zm00001eb281450",3,"C4",0.401177586866845
"Zm00001eb008780",3,"C4",0.401008747203124
"Zm00001eb038230",3,"C4",0.400631729821242
"Zm00001eb088390",3,"C4",0.40061471699646
"Zm00001eb109370",3,"C4",0.399939738077309
"Zm00001eb332060",3,"C4",0.399821514733475
"Zm00001eb362830",3,"C4",0.399143414777999
"Zm00001eb150510",3,"C4",0.399004868308699
"Zm00001eb042600",3,"C4",0.398781516183859
"Zm00001eb197910",3,"C4",0.398054376904909
"Zm00001eb198740",3,"C4",0.398007023664616
"Zm00001eb361310",3,"C4",0.396469991778732
"Zm00001eb368810",3,"C4",0.396367308439178
"Zm00001eb209490",3,"C4",0.395824218550408
"Zm00001eb140720",3,"C4",0.395504009447523
"Zm00001eb015040",3,"C4",0.394721354171196
"Zm00001eb385280",3,"C4",0.394638907995959
"Zm00001eb189950",3,"C4",0.394398283674568
"Zm00001eb300750",3,"C4",0.394094931707815
"Zm00001eb317500",3,"C4",0.392664311036501
"Zm00001eb259900",3,"C4",0.392570503634385
"Zm00001eb152050",3,"C4",0.392286057619874
"Zm00001eb131080",3,"C4",0.391305397212946
"Zm00001eb190110",3,"C4",0.390644754161723
"Zm00001eb325910",3,"C4",0.39037450939795
"Zm00001eb179660",3,"C4",0.389518775009207
"Zm00001eb152370",3,"C4",0.388854875363991
"Zm00001eb141980",3,"C4",0.388756726079765
"Zm00001eb129710",3,"C4",0.388553918856128
"Zm00001eb071020",3,"C4",0.388254809013975
"Zm00001eb396060",3,"C4",0.387703748606895
"Zm00001eb324390",3,"C4",0.387603730152591
"Zm00001eb270380",3,"C4",0.387547472513588
"Zm00001eb424930",3,"C4",0.387544512701035
"Zm00001eb061170",3,"C4",0.387380253145088
"Zm00001eb240190",3,"C4",0.386835576868726
"Zm00001eb226780",3,"C4",0.385906857770344
"Zm00001eb004120",3,"C4",0.385840620564303
"Zm00001eb185960",3,"C4",0.385406068604882
"Zm00001eb113140",3,"C4",0.385023869540035
"Zm00001eb342730",3,"C4",0.38467021955997
"Zm00001eb293770",3,"C4",0.38430145802987
"Zm00001eb102230",3,"C4",0.383766918954258
"Zm00001eb223920",3,"C4",0.383165773368363
"Zm00001eb364820",3,"C4",0.382931663470966
"Zm00001eb138270",3,"C4",0.382817810674866
"Zm00001eb033900",3,"C4",0.382591460751519
"Zm00001eb184510",3,"C4",0.382256723460403
"Zm00001eb181230",3,"C4",0.381855962806343
"Zm00001eb321530",3,"C4",0.3817912838129
"Zm00001eb086730",3,"C4",0.380803694478055
"Zm00001eb074610",3,"C4",0.380742889944301
"Zm00001eb301730",3,"C4",0.380397443703679
"Zm00001eb197800",3,"C4",0.379849325916851
"Zm00001eb379230",3,"C4",0.379630972018857
"Zm00001eb336390",3,"C4",0.379085265786467
"Zm00001eb306410",3,"C4",0.379009528036245
"Zm00001eb019460",3,"C4",0.378658254064803
"Zm00001eb161920",3,"C4",0.378625439005719
"Zm00001eb077900",3,"C4",0.378231359859232
"Zm00001eb012770",3,"C4",0.377922631221099
"Zm00001eb114970",3,"C4",0.377787973311724
"Zm00001eb366530",3,"C4",0.37717069354844
"Zm00001eb057300",3,"C4",0.376955897840329
"Zm00001eb209100",3,"C4",0.376853595174869
"Zm00001eb067530",3,"C4",0.375746244380968
"Zm00001eb055880",3,"C4",0.375358138456719
"Zm00001eb062800",3,"C4",0.375184995330678
"Zm00001eb063360",3,"C4",0.374993045694041
"Zm00001eb293530",3,"C4",0.374801306402813
"Zm00001eb142710",3,"C4",0.374656548108375
"Zm00001eb414970",3,"C4",0.374390845647865
"Zm00001eb042420",3,"C4",0.374352013297812
"Zm00001eb365660",3,"C4",0.374100965878307
"Zm00001eb257360",3,"C4",0.373681138394509
"Zm00001eb236410",3,"C4",0.373486417114816
"Zm00001eb132420",3,"C4",0.373252984692389
"Zm00001eb069040",3,"C4",0.373199328992224
"Zm00001eb326730",3,"C4",0.373075206984935
"Zm00001eb256840",3,"C4",0.372895631343866
"Zm00001eb232030",3,"C4",0.372335312241606
"Zm00001eb054880",3,"C4",0.372117427184149
"Zm00001eb063370",3,"C4",0.371929457152984
"Zm00001eb433680",3,"C4",0.371920413322252
"Zm00001eb409770",3,"C4",0.371358383839373
"Zm00001eb373080",3,"C4",0.370662563794441
"Zm00001eb300920",3,"C4",0.370219698309794
"Zm00001eb030400",3,"C4",0.370101873475631
"Zm00001eb105300",3,"C4",0.370098572609623
"Zm00001eb432020",3,"C4",0.369525055358702
"Zm00001eb317210",3,"C4",0.36917331118422
"Zm00001eb120970",3,"C4",0.369062252356616
"Zm00001eb053880",3,"C4",0.368749591913899
"Zm00001eb042730",3,"C4",0.368230894389067
"Zm00001eb038950",3,"C4",0.368118241742502
"Zm00001eb154950",3,"C4",0.366318248607424
"Zm00001eb074460",3,"C4",0.365916958509577
"Zm00001eb039430",3,"C4",0.365900859079718
"Zm00001eb179020",3,"C4",0.365748672352878
"Zm00001eb064550",3,"C4",0.365739955761607
"Zm00001eb028460",3,"C4",0.365360289135565
"Zm00001eb404020",3,"C4",0.365029124277469
"Zm00001eb190260",3,"C4",0.364668181253496
"Zm00001eb258670",3,"C4",0.364587262533905
"Zm00001eb365330",3,"C4",0.364457349210437
"Zm00001eb218600",3,"C4",0.363766114720759
"Zm00001eb210140",3,"C4",0.363589476801982
"Zm00001eb033480",3,"C4",0.363071219824841
"Zm00001eb009870",3,"C4",0.362940026067355
"Zm00001eb143930",3,"C4",0.362762168125412
"Zm00001eb231070",3,"C4",0.362491466237975
"Zm00001eb208570",3,"C4",0.362349550737578
"Zm00001eb189250",3,"C4",0.362083014116737
"Zm00001eb231770",3,"C4",0.362008617665935
"Zm00001eb019210",3,"C4",0.361388383110448
"Zm00001eb206250",3,"C4",0.361327046686374
"Zm00001eb387290",3,"C4",0.361193809394757
"Zm00001eb071480",3,"C4",0.360561796909132
"Zm00001eb101470",3,"C4",0.360078058333552
"Zm00001eb287100",3,"C4",0.359921092870157
"Zm00001eb338300",3,"C4",0.359319066006642
"Zm00001eb137030",3,"C4",0.358570454575239
"Zm00001eb151720",3,"C4",0.358500109321725
"Zm00001eb415700",3,"C4",0.358432828220779
"Zm00001eb081430",3,"C4",0.357954590822527
"Zm00001eb135590",3,"C4",0.357880241303694
"Zm00001eb181270",3,"C4",0.357719299499312
"Zm00001eb020860",3,"C4",0.357345700343419
"Zm00001eb369950",3,"C4",0.357307921757302
"Zm00001eb110380",3,"C4",0.357257926565907
"Zm00001eb067150",3,"C4",0.357034774471753
"Zm00001eb065140",3,"C4",0.356898708651415
"Zm00001eb332290",3,"C4",0.356882795695912
"Zm00001eb388780",3,"C4",0.356821526674384
"Zm00001eb077010",3,"C4",0.356460316406669
"Zm00001eb191360",3,"C4",0.356427172094496
"Zm00001eb102050",3,"C4",0.35631403701039
"Zm00001eb357410",3,"C4",0.355741305070135
"Zm00001eb086530",3,"C4",0.355537760430668
"Zm00001eb417090",3,"C4",0.355371916706413
"Zm00001eb308420",3,"C4",0.35533511269423
"Zm00001eb145400",3,"C4",0.355300044494493
"Zm00001eb365390",3,"C4",0.354830425735472
"Zm00001eb295360",3,"C4",0.353467706905743
"Zm00001eb416450",3,"C4",0.353343387419146
"Zm00001eb089840",3,"C4",0.352807379873199
"Zm00001eb218740",3,"C4",0.35255024301599
"Zm00001eb258450",3,"C4",0.352336488951094
"Zm00001eb407650",3,"C4",0.352168928405482
"Zm00001eb103560",3,"C4",0.351988745005193
"Zm00001eb215080",3,"C4",0.351976142969317
"Zm00001eb286640",3,"C4",0.351772421014398
"Zm00001eb291900",3,"C4",0.351700947703167
"Zm00001eb188660",3,"C4",0.351396747994031
"Zm00001eb021260",3,"C4",0.350961946761886
"Zm00001eb183750",3,"C4",0.350893947134996
"Zm00001eb013130",3,"C4",0.350824867584048
"Zm00001eb224740",3,"C4",0.350566659329672
"Zm00001eb330840",3,"C4",0.350399283816362
"Zm00001eb431240",3,"C4",0.350149195586968
"Zm00001eb010900",3,"C4",0.35005647004636
"Zm00001eb322850",3,"C4",0.349605729652266
"Zm00001eb288250",3,"C4",0.349045133825589
"Zm00001eb280650",3,"C4",0.348870253022935
"Zm00001eb025560",3,"C4",0.34875498743839
"Zm00001eb272740",3,"C4",0.348698082315741
"Zm00001eb106360",3,"C4",0.34863446978926
"Zm00001eb247070",3,"C4",0.348441800604494
"Zm00001eb400090",3,"C4",0.348229196949347
"Zm00001eb142490",3,"C4",0.347591149207298
"Zm00001eb419440",3,"C4",0.347475504634669
"Zm00001eb081090",3,"C4",0.347326247563678
"Zm00001eb209470",3,"C4",0.346916290930733
"Zm00001eb049100",3,"C4",0.346609027217394
"Zm00001eb385980",3,"C4",0.346300939188196
"Zm00001eb384760",3,"C4",0.346164622430595
"Zm00001eb246080",3,"C4",0.345656053451652
"Zm00001eb236680",3,"C4",0.34554357979784
"Zm00001eb259130",3,"C4",0.345378273916639
"Zm00001eb244960",3,"C4",0.345181617687573
"Zm00001eb394460",3,"C4",0.345156216375177
"Zm00001eb393420",3,"C4",0.344671326200902
"Zm00001eb388840",3,"C4",0.344441093394836
"Zm00001eb109300",3,"C4",0.344298876703449
"Zm00001eb125860",3,"C4",0.344142547844414
"Zm00001eb397430",3,"C4",0.344128644918908
"Zm00001eb332450",3,"C4",0.344055319260282
"Zm00001eb041050",3,"C4",0.343896512256965
"Zm00001eb359720",3,"C4",0.343795232462071
"Zm00001eb025760",3,"C4",0.34326850217948
"Zm00001eb007810",3,"C4",0.343045023154605
"Zm00001eb042480",3,"C4",0.343032155673541
"Zm00001eb418310",3,"C4",0.342744989895353
"Zm00001eb189180",3,"C4",0.341670346819247
"Zm00001eb425160",3,"C4",0.341661068212895
"Zm00001eb070120",3,"C4",0.341171186059731
"Zm00001eb286310",3,"C4",0.341055327169438
"Zm00001eb017180",3,"C4",0.341031635520196
"Zm00001eb396950",3,"C4",0.340925861630447
"Zm00001eb327610",3,"C4",0.340833272323394
"Zm00001eb382040",3,"C4",0.340411934488126
"Zm00001eb037230",3,"C4",0.340247714515125
"Zm00001eb354100",3,"C4",0.339903162616486
"Zm00001eb358720",3,"C4",0.339885556641576
"Zm00001eb347450",3,"C4",0.339775182461443
"Zm00001eb302360",3,"C4",0.339476674601346
"Zm00001eb320280",3,"C4",0.339016689612654
"Zm00001eb282520",3,"C4",0.338996147801432
"Zm00001eb067920",3,"C4",0.338924818081426
"Zm00001eb357890",3,"C4",0.338858213053772
"Zm00001eb282510",3,"C4",0.338625641221938
"Zm00001eb143150",3,"C4",0.338232464897504
"Zm00001eb054500",3,"C4",0.338047705794078
"Zm00001eb381130",3,"C4",0.337974730846278
"Zm00001eb417810",3,"C4",0.337415150797282
"Zm00001eb339010",3,"C4",0.337312218711733
"Zm00001eb309310",3,"C4",0.337303833489539
"Zm00001eb057490",3,"C4",0.337152160412337
"Zm00001eb158760",3,"C4",0.337011592665534
"Zm00001eb418900",3,"C4",0.336931003894667
"Zm00001eb065000",3,"C4",0.336857614564377
"Zm00001eb274600",3,"C4",0.336725279283525
"Zm00001eb207450",3,"C4",0.336661822204641
"Zm00001eb133640",3,"C4",0.336296211258203
"Zm00001eb432580",3,"C4",0.335575973943352
"Zm00001eb148030",3,"C4",0.335522998613023
"Zm00001eb368360",3,"C4",0.335327414688867
"Zm00001eb293350",3,"C4",0.335018992296744
"Zm00001eb206380",3,"C4",0.334711482260983
"Zm00001eb325310",3,"C4",0.334436207132802
"Zm00001eb231500",3,"C4",0.334196427760252
"Zm00001eb028110",3,"C4",0.333638455111918
"Zm00001eb345080",3,"C4",0.333110953083451
"Zm00001eb396330",3,"C4",0.333002529104799
"Zm00001eb331180",3,"C4",0.332627304817046
"Zm00001eb278480",3,"C4",0.332607775965393
"Zm00001eb140030",3,"C4",0.332384427934356
"Zm00001eb206700",3,"C4",0.331693429810931
"Zm00001eb253200",3,"C4",0.331688113713147
"Zm00001eb138450",3,"C4",0.331532050041692
"Zm00001eb291250",3,"C4",0.331050296790319
"Zm00001eb110840",3,"C4",0.331024311121605
"Zm00001eb420400",3,"C4",0.331009203683511
"Zm00001eb325000",3,"C4",0.330868328065731
"Zm00001eb397260",3,"C4",0.33079752075063
"Zm00001eb185310",3,"C4",0.330668918540109
"Zm00001eb154100",3,"C4",0.330308855992792
"Zm00001eb088930",3,"C4",0.330259089154294
"Zm00001eb323330",3,"C4",0.329345812668424
"Zm00001eb246180",3,"C4",0.328162531308114
"Zm00001eb249340",3,"C4",0.328040775766823
"Zm00001eb039630",3,"C4",0.327787503215189
"Zm00001eb011200",3,"C4",0.327758250558088
"Zm00001eb061300",3,"C4",0.327590480768505
"Zm00001eb175470",3,"C4",0.327552865781567
"Zm00001eb425570",3,"C4",0.327273233093767
"Zm00001eb170990",3,"C4",0.32720518402709
"Zm00001eb326490",3,"C4",0.327128993185581
"Zm00001eb119930",3,"C4",0.327124693599613
"Zm00001eb059910",3,"C4",0.32660282634522
"Zm00001eb137780",3,"C4",0.326521144253075
"Zm00001eb086860",3,"C4",0.326317132982938
"Zm00001eb328050",3,"C4",0.326232838172911
"Zm00001eb074650",3,"C4",0.326133381583428
"Zm00001eb306000",3,"C4",0.326118204372399
"Zm00001eb364480",3,"C4",0.32589275822265
"Zm00001eb224450",3,"C4",0.325722135451681
"Zm00001eb369860",3,"C4",0.325385416378736
"Zm00001eb399940",3,"C4",0.325107255436495
"Zm00001eb208780",3,"C4",0.325042004095202
"Zm00001eb091240",3,"C4",0.32494922557562
"Zm00001eb206870",3,"C4",0.324495780460134
"Zm00001eb327390",3,"C4",0.324379900581425
"Zm00001eb043240",3,"C4",0.324173219089313
"Zm00001eb077870",3,"C4",0.324143256451318
"Zm00001eb147380",3,"C4",0.323455379732896
"Zm00001eb126770",3,"C4",0.323288060235954
"Zm00001eb181030",3,"C4",0.323269483528805
"Zm00001eb359310",3,"C4",0.323260364036465
"Zm00001eb109880",3,"C4",0.321848654025776
"Zm00001eb008480",3,"C4",0.32142699330501
"Zm00001eb134470",3,"C4",0.32136281855612
"Zm00001eb217800",3,"C4",0.321335577720824
"Zm00001eb389370",3,"C4",0.321104043227851
"Zm00001eb165630",3,"C4",0.320958512430752
"Zm00001eb092870",3,"C4",0.320541236126132
"Zm00001eb283890",3,"C4",0.320421537744253
"Zm00001eb117190",3,"C4",0.320304357149169
"Zm00001eb300880",3,"C4",0.320284357395923
"Zm00001eb092070",3,"C4",0.320199474717804
"Zm00001eb068620",3,"C4",0.320109216602311
"Zm00001eb173940",3,"C4",0.320062689969069
"Zm00001eb256880",3,"C4",0.319919638126407
"Zm00001eb286730",3,"C4",0.31976157900139
"Zm00001eb285900",3,"C4",0.319651314866679
"Zm00001eb048000",3,"C4",0.319557630045931
"Zm00001eb287070",3,"C4",0.31884860354393
"Zm00001eb072570",3,"C4",0.318749603404344
"Zm00001eb234080",3,"C4",0.318651539633108
"Zm00001eb208920",3,"C4",0.318302809164164
"Zm00001eb333460",3,"C4",0.31828938728956
"Zm00001eb147050",3,"C4",0.318080683761142
"Zm00001eb027590",3,"C4",0.317954493657106
"Zm00001eb276680",3,"C4",0.317754340565553
"Zm00001eb127680",3,"C4",0.317697350468179
"Zm00001eb064190",3,"C4",0.317538680010101
"Zm00001eb000980",3,"C4",0.317100537240485
"Zm00001eb399850",3,"C4",0.317030239967577
"Zm00001eb059180",3,"C4",0.31685356486741
"Zm00001eb046040",3,"C4",0.316828644467442
"Zm00001eb287580",3,"C4",0.316699547433051
"Zm00001eb075730",3,"C4",0.316445999821107
"Zm00001eb050310",3,"C4",0.316367356733075
"Zm00001eb224070",3,"C4",0.3160159305627
"Zm00001eb189890",3,"C4",0.31586064161759
"Zm00001eb388110",3,"C4",0.315564134637945
"Zm00001eb052940",3,"C4",0.315138469791604
"Zm00001eb274710",3,"C4",0.315090350245809
"Zm00001eb124020",3,"C4",0.31477691490606
"Zm00001eb102790",3,"C4",0.314527487426859
"Zm00001eb127840",3,"C4",0.31441363622057
"Zm00001eb041970",3,"C4",0.314376052384044
"Zm00001eb345040",3,"C4",0.314342909682982
"Zm00001eb082860",3,"C4",0.314218571232889
"Zm00001eb320120",3,"C4",0.314216659301891
"Zm00001eb230750",3,"C4",0.31411963814913
"Zm00001eb395240",3,"C4",0.314018810559338
"Zm00001eb414180",3,"C4",0.313948162476992
"Zm00001eb331750",3,"C4",0.313862829490684
"Zm00001eb266300",3,"C4",0.313143509595383
"Zm00001eb308430",3,"C4",0.312834090764096
"Zm00001eb428080",3,"C4",0.312218772979084
"Zm00001eb057430",3,"C4",0.311904884526225
"Zm00001eb105890",3,"C4",0.311890820778863
"Zm00001eb094870",3,"C4",0.31141720307779
"Zm00001eb213500",3,"C4",0.311199417360308
"Zm00001eb235930",3,"C4",0.311078383334858
"Zm00001eb272940",3,"C4",0.310802858980787
"Zm00001eb286030",3,"C4",0.310785520184166
"Zm00001eb373090",3,"C4",0.31073927522268
"Zm00001eb321050",3,"C4",0.310642870827612
"Zm00001eb221850",3,"C4",0.310483340550863
"Zm00001eb424650",3,"C4",0.310366081332625
"Zm00001eb311660",3,"C4",0.310151137355773
"Zm00001eb136540",3,"C4",0.309953636152359
"Zm00001eb248020",3,"C4",0.309670094752407
"Zm00001eb068280",3,"C4",0.309525007459226
"Zm00001eb219160",3,"C4",0.309152889320804
"Zm00001eb347530",3,"C4",0.309078761921592
"Zm00001eb064710",3,"C4",0.309016493343707
"Zm00001eb326720",3,"C4",0.308938769305579
"Zm00001eb071110",3,"C4",0.308793568434635
"Zm00001eb206410",3,"C4",0.308638949952707
"Zm00001eb107010",3,"C4",0.308455601080869
"Zm00001eb027340",3,"C4",0.308394556403971
"Zm00001eb308720",3,"C4",0.308278945088082
"Zm00001eb223850",3,"C4",0.308174943785668
"Zm00001eb178450",3,"C4",0.308049236940961
"Zm00001eb343350",3,"C4",0.307805307682593
"Zm00001eb397650",3,"C4",0.307125862302866
"Zm00001eb308540",3,"C4",0.306980662535954
"Zm00001eb350290",3,"C4",0.306905686234181
"Zm00001eb225620",3,"C4",0.306890056843414
"Zm00001eb304750",3,"C4",0.30685845182154
"Zm00001eb258380",3,"C4",0.306466302526493
"Zm00001eb100530",3,"C4",0.306325971619166
"Zm00001eb343780",3,"C4",0.305602132503547
"Zm00001eb311860",3,"C4",0.305558157491878
"Zm00001eb206430",3,"C4",0.305452066537923
"Zm00001eb189130",3,"C4",0.305395453351562
"Zm00001eb257720",3,"C4",0.304907811227079
"Zm00001eb330500",3,"C4",0.30464302832961
"Zm00001eb034000",3,"C4",0.30423213864579
"Zm00001eb277000",3,"C4",0.304050436621678
"Zm00001eb215280",3,"C4",0.303167396518785
"Zm00001eb100920",3,"C4",0.302969126923496
"Zm00001eb232410",3,"C4",0.302891256522175
"Zm00001eb197620",3,"C4",0.302352103468668
"Zm00001eb061370",3,"C4",0.302271483876167
"Zm00001eb142300",3,"C4",0.301794497412422
"Zm00001eb355270",3,"C4",0.30158198287426
"Zm00001eb401110",3,"C4",0.301460767089905
"Zm00001eb303280",3,"C4",0.301249053175281
"Zm00001eb233770",3,"C4",0.301129195133584
"Zm00001eb281880",3,"C4",0.300944284905957
"Zm00001eb307790",3,"C4",0.300899883572645
"Zm00001eb183580",3,"C4",0.300733965101737
"Zm00001eb259460",3,"C4",0.30047538048081
"Zm00001eb151790",3,"C4",0.300466354630881
"Zm00001eb192090",3,"C4",0.300209474907616
"Zm00001eb137950",3,"C4",0.300084122621412
"Zm00001eb131990",3,"C4",0.299899270727021
"Zm00001eb063750",3,"C4",0.299624343953227
"Zm00001eb007150",3,"C4",0.299229732565353
"Zm00001eb222850",3,"C4",0.298936559395655
"Zm00001eb362190",3,"C4",0.298872640828532
"Zm00001eb195480",3,"C4",0.298825472044771
"Zm00001eb155270",3,"C4",0.298292453317693
"Zm00001eb000910",3,"C4",0.298003133660194
"Zm00001eb362110",3,"C4",0.297604055874195
"Zm00001eb208820",3,"C4",0.297501243555762
"Zm00001eb022040",3,"C4",0.296956529506351
"Zm00001eb055210",3,"C4",0.296917336916698
"Zm00001eb091530",3,"C4",0.296819436662318
"Zm00001eb022400",3,"C4",0.296767303428361
"Zm00001eb404010",3,"C4",0.296660068971497
"Zm00001eb404870",3,"C4",0.296154994235006
"Zm00001eb400520",3,"C4",0.29597857483478
"Zm00001eb270840",3,"C4",0.295700280055896
"Zm00001eb253090",3,"C4",0.29545212490974
"Zm00001eb234270",3,"C4",0.294986729197143
"Zm00001eb378880",3,"C4",0.294825337529906
"Zm00001eb218140",3,"C4",0.29474413409973
"Zm00001eb377350",3,"C4",0.294664074910849
"Zm00001eb157040",3,"C4",0.29417726022581
"Zm00001eb189850",3,"C4",0.294134584883704
"Zm00001eb168920",3,"C4",0.29405797612959
"Zm00001eb144080",3,"C4",0.293892776916872
"Zm00001eb427640",3,"C4",0.293687558685587
"Zm00001eb061470",3,"C4",0.293530679791323
"Zm00001eb291180",3,"C4",0.293511255667263
"Zm00001eb167790",3,"C4",0.293031609906238
"Zm00001eb326630",5,"C5",2.66904119466372
"Zm00001eb219570",5,"C5",2.26107622589207
"Zm00001eb291810",5,"C5",2.16807212970673
"Zm00001eb268970",5,"C5",2.1351357132569
"Zm00001eb295050",5,"C5",2.12373699522964
"Zm00001eb233510",5,"C5",2.07147493052891
"Zm00001eb137840",5,"C5",1.97512240889281
"Zm00001eb227940",5,"C5",1.96189745266014
"Zm00001eb171440",5,"C5",1.92150685060151
"Zm00001eb015200",5,"C5",1.86959910867212
"Zm00001eb296550",5,"C5",1.848287009771
"Zm00001eb189380",5,"C5",1.83561924306394
"Zm00001eb188600",5,"C5",1.78845738525397
"Zm00001eb212170",5,"C5",1.78108806375376
"Zm00001eb294430",5,"C5",1.76427106231618
"Zm00001eb161310",5,"C5",1.69873114350729
"Zm00001eb098580",5,"C5",1.68668560769503
"Zm00001eb292340",5,"C5",1.64095419064987
"Zm00001eb320330",5,"C5",1.54372767974212
"Zm00001eb266490",5,"C5",1.52477250973176
"Zm00001eb231220",5,"C5",1.51360077067556
"Zm00001eb039670",5,"C5",1.49940672138474
"Zm00001eb084590",5,"C5",1.49345090107983
"Zm00001eb149730",5,"C5",1.49210703596411
"Zm00001eb179550",5,"C5",1.41294622308427
"Zm00001eb129380",5,"C5",1.40731070947552
"Zm00001eb421600",5,"C5",1.36506878797305
"Zm00001eb227460",5,"C5",1.35658861860156
"Zm00001eb400220",5,"C5",1.35525552543127
"Zm00001eb390190",5,"C5",1.34491292788564
"Zm00001eb292370",5,"C5",1.34238336060514
"Zm00001eb272310",5,"C5",1.32974552875083
"Zm00001eb184000",5,"C5",1.32914765360856
"Zm00001eb305710",5,"C5",1.3089527523266
"Zm00001eb229930",5,"C5",1.29149494639263
"Zm00001eb242690",5,"C5",1.28645577343224
"Zm00001eb056510",5,"C5",1.27584802341454
"Zm00001eb185030",5,"C5",1.26937238338172
"Zm00001eb025210",5,"C5",1.26835507790687
"Zm00001eb400330",5,"C5",1.25852571928916
"Zm00001eb209000",5,"C5",1.23353896781906
"Zm00001eb258880",5,"C5",1.18435091536157
"Zm00001eb213750",5,"C5",1.18343770692621
"Zm00001eb117140",5,"C5",1.16855178315977
"Zm00001eb371740",5,"C5",1.15392769859505
"Zm00001eb063090",5,"C5",1.15248410473216
"Zm00001eb362870",5,"C5",1.15040163927544
"Zm00001eb333010",5,"C5",1.14892854117473
"Zm00001eb161900",5,"C5",1.1383993566743
"Zm00001eb222570",5,"C5",1.13350576254388
"Zm00001eb001680",5,"C5",1.12395437606687
"Zm00001eb329150",5,"C5",1.1145614039269
"Zm00001eb005550",5,"C5",1.09414381083793
"Zm00001eb297640",5,"C5",1.09059112047598
"Zm00001eb108120",5,"C5",1.07740603477469
"Zm00001eb392050",5,"C5",1.06903617541292
"Zm00001eb366080",5,"C5",1.05249788254285
"Zm00001eb121370",5,"C5",1.05064148616699
"Zm00001eb246370",5,"C5",1.04799409539134
"Zm00001eb056450",5,"C5",1.03173487874872
"Zm00001eb344340",5,"C5",1.01785562311398
"Zm00001eb253820",5,"C5",1.00670853341766
"Zm00001eb259450",5,"C5",1.00069595308943
"Zm00001eb030530",5,"C5",0.986352139900405
"Zm00001eb228050",5,"C5",0.984720646122259
"Zm00001eb002960",5,"C5",0.971814297847019
"Zm00001eb421290",5,"C5",0.954496588951456
"Zm00001eb299550",5,"C5",0.936421447648826
"Zm00001eb364380",5,"C5",0.935446658283392
"Zm00001eb157900",5,"C5",0.933675285349745
"Zm00001eb169620",5,"C5",0.932732296109117
"Zm00001eb138910",5,"C5",0.931732979504421
"Zm00001eb013520",5,"C5",0.918957971349969
"Zm00001eb013190",5,"C5",0.91525619693388
"Zm00001eb016240",5,"C5",0.912660658251331
"Zm00001eb261270",5,"C5",0.906071598301567
"Zm00001eb002220",5,"C5",0.896776048712735
"Zm00001eb012860",5,"C5",0.894200992296292
"Zm00001eb006690",5,"C5",0.892053823224511
"Zm00001eb329270",5,"C5",0.887346145066619
"Zm00001eb283090",5,"C5",0.88438073952508
"Zm00001eb240130",5,"C5",0.881629317218957
"Zm00001eb010030",5,"C5",0.86892434315676
"Zm00001eb349010",5,"C5",0.866866698026839
"Zm00001eb234390",5,"C5",0.861182276482419
"Zm00001eb039620",5,"C5",0.859382818068275
"Zm00001eb328590",5,"C5",0.856411134000371
"Zm00001eb216210",5,"C5",0.852355873916941
"Zm00001eb421460",5,"C5",0.847729286244392
"Zm00001eb164330",5,"C5",0.841948575980344
"Zm00001eb152450",5,"C5",0.8393885681767
"Zm00001eb043470",5,"C5",0.835075647621241
"Zm00001eb131070",5,"C5",0.833868154905201
"Zm00001eb257760",5,"C5",0.832899716916593
"Zm00001eb284260",5,"C5",0.828901316517137
"Zm00001eb085130",5,"C5",0.815964993063311
"Zm00001eb260970",5,"C5",0.807701024030152
"Zm00001eb128890",5,"C5",0.802991384790949
"Zm00001eb257640",5,"C5",0.79720593257668
"Zm00001eb038410",5,"C5",0.794909226593409
"Zm00001eb400750",5,"C5",0.786792952231296
"Zm00001eb312990",5,"C5",0.786702515242633
"Zm00001eb052790",5,"C5",0.785395162032815
"Zm00001eb292100",5,"C5",0.783890670524548
"Zm00001eb179600",5,"C5",0.780533558791471
"Zm00001eb209870",5,"C5",0.779553431920561
"Zm00001eb020710",5,"C5",0.778851688830994
"Zm00001eb368030",5,"C5",0.772503011085305
"Zm00001eb236450",5,"C5",0.758894609702876
"Zm00001eb327530",5,"C5",0.754825430732691
"Zm00001eb097070",5,"C5",0.747709372767759
"Zm00001eb230050",5,"C5",0.747254978839717
"Zm00001eb082160",5,"C5",0.739921649992394
"Zm00001eb402710",5,"C5",0.735180178311454
"Zm00001eb049250",5,"C5",0.734826554671139
"Zm00001eb275230",5,"C5",0.734598210712085
"Zm00001eb293020",5,"C5",0.72649254024674
"Zm00001eb361080",5,"C5",0.725978313779123
"Zm00001eb103760",5,"C5",0.718591760329813
"Zm00001eb174480",5,"C5",0.718433843209938
"Zm00001eb043000",5,"C5",0.71840742498314
"Zm00001eb005660",5,"C5",0.714985189634374
"Zm00001eb015290",5,"C5",0.711794739276635
"Zm00001eb360900",5,"C5",0.70939106324669
"Zm00001eb419400",5,"C5",0.701265750939963
"Zm00001eb145950",5,"C5",0.699759057836292
"Zm00001eb311470",5,"C5",0.699482153034343
"Zm00001eb350390",5,"C5",0.697146872851396
"Zm00001eb102720",5,"C5",0.696914163233677
"Zm00001eb160200",5,"C5",0.695141162988263
"Zm00001eb228120",5,"C5",0.689554239887825
"Zm00001eb055050",5,"C5",0.687714373940019
"Zm00001eb051800",5,"C5",0.685396535676636
"Zm00001eb048680",5,"C5",0.680404462615048
"Zm00001eb433650",5,"C5",0.676429619202263
"Zm00001eb110650",5,"C5",0.676367429510787
"Zm00001eb008460",5,"C5",0.672217301943088
"Zm00001eb068110",5,"C5",0.665258833066871
"Zm00001eb120410",5,"C5",0.664607211505625
"Zm00001eb345610",5,"C5",0.664322498776817
"Zm00001eb328460",5,"C5",0.654730660516848
"Zm00001eb043390",5,"C5",0.65324804167385
"Zm00001eb008490",5,"C5",0.650865416423331
"Zm00001eb043770",5,"C5",0.650140224482344
"Zm00001eb356130",5,"C5",0.649137747435101
"Zm00001eb138610",5,"C5",0.645677424353981
"Zm00001eb102550",5,"C5",0.643777509813564
"Zm00001eb399330",5,"C5",0.642585615189816
"Zm00001eb071930",5,"C5",0.64040693286779
"Zm00001eb009160",5,"C5",0.639317678689396
"Zm00001eb231460",5,"C5",0.630028996129132
"Zm00001eb329680",5,"C5",0.626351586236088
"Zm00001eb205190",5,"C5",0.625067623716993
"Zm00001eb255430",5,"C5",0.624198431839809
"Zm00001eb307070",5,"C5",0.621581227396511
"Zm00001eb195860",5,"C5",0.621365284716163
"Zm00001eb305750",5,"C5",0.618022047673258
"Zm00001eb205890",5,"C5",0.61708285657843
"Zm00001eb010370",5,"C5",0.616612892714018
"Zm00001eb316960",5,"C5",0.614418024371419
"Zm00001eb410510",5,"C5",0.613907434207672
"Zm00001eb405770",5,"C5",0.597721487391797
"Zm00001eb155580",5,"C5",0.592442128542051
"Zm00001eb061570",5,"C5",0.588227353496163
"Zm00001eb003830",5,"C5",0.586697635124434
"Zm00001eb086680",5,"C5",0.583666000114418
"Zm00001eb424410",5,"C5",0.581132084912689
"Zm00001eb187000",5,"C5",0.576485283464815
"Zm00001eb311450",5,"C5",0.574231376996522
"Zm00001eb002850",5,"C5",0.573063755158698
"Zm00001eb139570",5,"C5",0.569373514234774
"Zm00001eb405760",5,"C5",0.565769432676924
"Zm00001eb239300",5,"C5",0.565677956254102
"Zm00001eb091470",5,"C5",0.565332089841416
"Zm00001eb198750",5,"C5",0.561391646009661
"Zm00001eb264980",5,"C5",0.5581841446042
"Zm00001eb342370",5,"C5",0.556125627025418
"Zm00001eb324430",5,"C5",0.552793699404686
"Zm00001eb382060",5,"C5",0.55121659750356
"Zm00001eb064390",5,"C5",0.548531803037464
"Zm00001eb333190",5,"C5",0.536200950662182
"Zm00001eb265760",5,"C5",0.535964126654438
"Zm00001eb067750",5,"C5",0.531344318148141
"Zm00001eb253990",5,"C5",0.529403471263343
"Zm00001eb389800",5,"C5",0.528765518805377
"Zm00001eb012610",5,"C5",0.528402402787721
"Zm00001eb362520",5,"C5",0.527144326276888
"Zm00001eb397150",5,"C5",0.52667202956872
"Zm00001eb081070",5,"C5",0.526543928467627
"Zm00001eb045570",5,"C5",0.525719715479067
"Zm00001eb307360",5,"C5",0.524825719208861
"Zm00001eb177630",5,"C5",0.524690114158939
"Zm00001eb015890",5,"C5",0.524609835756086
"Zm00001eb258460",5,"C5",0.523112462413143
"Zm00001eb386550",5,"C5",0.521301565391853
"Zm00001eb043070",5,"C5",0.516077008880927
"Zm00001eb311680",5,"C5",0.512393654307399
"Zm00001eb172410",5,"C5",0.510081822051817
"Zm00001eb186900",5,"C5",0.510008982868413
"Zm00001eb206100",5,"C5",0.509641162869813
"Zm00001eb343210",5,"C5",0.507845122205848
"Zm00001eb252410",5,"C5",0.507748633358273
"Zm00001eb340590",5,"C5",0.504204756013611
"Zm00001eb110430",5,"C5",0.503257509272126
"Zm00001eb392570",5,"C5",0.500845097358131
"Zm00001eb293810",5,"C5",0.499279453575272
"Zm00001eb002780",5,"C5",0.498536516322338
"Zm00001eb243930",5,"C5",0.496568045855579
"Zm00001eb071820",5,"C5",0.496384904503468
"Zm00001eb151280",5,"C5",0.495804127289166
"Zm00001eb375130",5,"C5",0.494949919466282
"Zm00001eb179730",5,"C5",0.494263019160415
"Zm00001eb281750",5,"C5",0.493701196765949
"Zm00001eb386020",5,"C5",0.491436475102275
"Zm00001eb002790",5,"C5",0.490914674512833
"Zm00001eb300320",5,"C5",0.49073898606609
"Zm00001eb352390",5,"C5",0.487848626373999
"Zm00001eb091270",5,"C5",0.485292118719672
"Zm00001eb318750",5,"C5",0.485108734925217
"Zm00001eb059230",5,"C5",0.484711162995356
"Zm00001eb192140",5,"C5",0.484490790926366
"Zm00001eb148520",5,"C5",0.483804029032111
"Zm00001eb150040",5,"C5",0.48163622435693
"Zm00001eb139060",5,"C5",0.477752394271127
"Zm00001eb343950",5,"C5",0.475197334568478
"Zm00001eb128910",5,"C5",0.474819246857898
"Zm00001eb060410",5,"C5",0.473160656484459
"Zm00001eb147480",5,"C5",0.472209592573109
"Zm00001eb091360",5,"C5",0.470009039692376
"Zm00001eb332780",5,"C5",0.469758088046772
"Zm00001eb121000",5,"C5",0.469095563685717
"Zm00001eb134110",5,"C5",0.466156623674349
"Zm00001eb405650",5,"C5",0.463660803808756
"Zm00001eb200150",5,"C5",0.460438435132388
"Zm00001eb369940",5,"C5",0.458216714178325
"Zm00001eb099240",5,"C5",0.45553241367925
"Zm00001eb217750",5,"C5",0.454855804451026
"Zm00001eb433330",5,"C5",0.454742583880847
"Zm00001eb017130",5,"C5",0.45236945819618
"Zm00001eb197180",5,"C5",0.451113218737086
"Zm00001eb110580",5,"C5",0.450575625251831
"Zm00001eb409400",5,"C5",0.449155886004714
"Zm00001eb404830",5,"C5",0.447626711813306
"Zm00001eb153710",5,"C5",0.445604923442834
"Zm00001eb061520",5,"C5",0.442980968382514
"Zm00001eb259620",5,"C5",0.440777982637842
"Zm00001eb349250",5,"C5",0.439650907472023
"Zm00001eb281490",5,"C5",0.43905880988395
"Zm00001eb295490",5,"C5",0.437077385119485
"Zm00001eb218500",5,"C5",0.432613849658024
"Zm00001eb342070",5,"C5",0.429455868819167
"Zm00001eb267050",5,"C5",0.429265373085566
"Zm00001eb397710",5,"C5",0.428125064854202
"Zm00001eb288700",5,"C5",0.42792980226896
"Zm00001eb203240",5,"C5",0.425146892634592
"Zm00001eb298980",5,"C5",0.424670311677635
"Zm00001eb145520",5,"C5",0.422478516472089
"Zm00001eb045350",5,"C5",0.420961909483816
"Zm00001eb408330",5,"C5",0.41962903095458
"Zm00001eb289590",5,"C5",0.419317539839826
"Zm00001eb350460",5,"C5",0.418577609240815
"Zm00001eb117520",5,"C5",0.416678200806222
"Zm00001eb171010",5,"C5",0.416554014146233
"Zm00001eb332210",5,"C5",0.410864753692726
"Zm00001eb277870",5,"C5",0.410496785745384
"Zm00001eb097100",5,"C5",0.410242606430423
"Zm00001eb383200",5,"C5",0.410140577347842
"Zm00001eb363120",5,"C5",0.407370665786097
"Zm00001eb066190",5,"C5",0.407360439097085
"Zm00001eb076160",5,"C5",0.406797147053049
"Zm00001eb109710",5,"C5",0.406127351273453
"Zm00001eb364850",5,"C5",0.404862753169394
"Zm00001eb246350",5,"C5",0.403901868745848
"Zm00001eb166440",5,"C5",0.401338638390925
"Zm00001eb033000",5,"C5",0.401155384927715
"Zm00001eb211150",5,"C5",0.400901295390167
"Zm00001eb273460",5,"C5",0.400617052526137
"Zm00001eb245840",5,"C5",0.399705080734022
"Zm00001eb122410",5,"C5",0.398073057278522
"Zm00001eb120330",5,"C5",0.396928004207592
"Zm00001eb431730",5,"C5",0.396674044789936
"Zm00001eb049240",5,"C5",0.395823542295246
"Zm00001eb191020",5,"C5",0.394240139386413
"Zm00001eb189030",5,"C5",0.39170436163443
"Zm00001eb351830",5,"C5",0.390867261440161
"Zm00001eb148120",5,"C5",0.390679329893782
"Zm00001eb385790",5,"C5",0.389916242257028
"Zm00001eb403710",5,"C5",0.389806326087963
"Zm00001eb366360",5,"C5",0.388943010471816
"Zm00001eb377260",5,"C5",0.38893929415231
"Zm00001eb026690",5,"C5",0.386375722266224
"Zm00001eb224620",5,"C5",0.385791567050449
"Zm00001eb144640",5,"C5",0.38539605093403
"Zm00001eb330040",5,"C5",0.384037385632769
"Zm00001eb028680",5,"C5",0.382317299577672
"Zm00001eb294650",5,"C5",0.38084474870894
"Zm00001eb162890",5,"C5",0.380115108983952
"Zm00001eb093590",5,"C5",0.376467003728387
"Zm00001eb104690",5,"C5",0.375867653533461
"Zm00001eb226550",5,"C5",0.375781589068477
"Zm00001eb163000",5,"C5",0.37535205959966
"Zm00001eb421950",5,"C5",0.371431987334658
"Zm00001eb405040",5,"C5",0.371264629688257
"Zm00001eb208240",5,"C5",0.370894826531097
"Zm00001eb242360",5,"C5",0.370797812956505
"Zm00001eb172420",5,"C5",0.368980038195947
"Zm00001eb100460",5,"C5",0.364104980339563
"Zm00001eb422600",5,"C5",0.363341598166923
"Zm00001eb237160",5,"C5",0.363246008499535
"Zm00001eb297110",5,"C5",0.362121648113737
"Zm00001eb110080",5,"C5",0.361883951954244
"Zm00001eb418980",5,"C5",0.360459356591861
"Zm00001eb001880",5,"C5",0.359554537488766
"Zm00001eb415400",5,"C5",0.358600604404336
"Zm00001eb033390",5,"C5",0.356694741674589
"Zm00001eb253120",5,"C5",0.356182511675013
"Zm00001eb267590",5,"C5",0.35497070357897
"Zm00001eb259310",5,"C5",0.353585622585042
"Zm00001eb287600",5,"C5",0.353178771644885
"Zm00001eb228660",5,"C5",0.353158532398837
"Zm00001eb402260",5,"C5",0.352670702496744
"Zm00001eb322160",5,"C5",0.352577209411328
"Zm00001eb215290",5,"C5",0.3513383229863
"Zm00001eb055360",5,"C5",0.350970561438685
"Zm00001eb042400",5,"C5",0.350510818011621
"Zm00001eb144260",5,"C5",0.350403784759553
"Zm00001eb273530",5,"C5",0.350398346796801
"Zm00001eb259150",5,"C5",0.347813017413434
"Zm00001eb010170",5,"C5",0.34776902992597
"Zm00001eb063690",5,"C5",0.347689774985429
"Zm00001eb238590",5,"C5",0.347310380325009
"Zm00001eb368920",5,"C5",0.347200308426021
"Zm00001eb389350",5,"C5",0.346888792888451
"Zm00001eb241400",5,"C5",0.346227565642271
"Zm00001eb328400",5,"C5",0.344918265752369
"Zm00001eb375410",5,"C5",0.344704022000407
"Zm00001eb363840",5,"C5",0.344580003755242
"Zm00001eb226870",5,"C5",0.344097115983408
"Zm00001eb143520",5,"C5",0.344030594470435
"Zm00001eb359400",5,"C5",0.343844051299432
"Zm00001eb153700",5,"C5",0.343242530632944
"Zm00001eb411670",5,"C5",0.341926721811458
"Zm00001eb246730",5,"C5",0.335661005804407
"Zm00001eb255320",5,"C5",0.335635511235437
"Zm00001eb220480",5,"C5",0.334928718361381
"Zm00001eb010560",5,"C5",0.334561523597443
"Zm00001eb162030",5,"C5",0.331421921486533
"Zm00001eb178490",5,"C5",0.330650602892971
"Zm00001eb153830",5,"C5",0.329737114890067
"Zm00001eb266370",5,"C5",0.328750106735034
"Zm00001eb061250",5,"C5",0.328558918106873
"Zm00001eb400580",5,"C5",0.326867315975781
"Zm00001eb268510",5,"C5",0.326446736017959
"Zm00001eb302400",5,"C5",0.324338847855155
"Zm00001eb400480",5,"C5",0.323955326453973
"Zm00001eb026680",5,"C5",0.323852381604686
"Zm00001eb352920",5,"C5",0.323188769490065
"Zm00001eb105900",5,"C5",0.322542409438569
"Zm00001eb056820",5,"C5",0.320198530113708
"Zm00001eb345900",5,"C5",0.317953242139164
"Zm00001eb229180",5,"C5",0.317453226211138
"Zm00001eb258050",5,"C5",0.317070927468433
"Zm00001eb185370",5,"C5",0.316282073778135
"Zm00001eb129030",5,"C5",0.316044441532217
"Zm00001eb005600",5,"C5",0.313039857466644
"Zm00001eb432730",5,"C5",0.310006243394652
"Zm00001eb076780",5,"C5",0.309971200674935
"Zm00001eb265430",5,"C5",0.308964811087468
"Zm00001eb365990",5,"C5",0.308821980268242
"Zm00001eb161980",5,"C5",0.307072333649701
"Zm00001eb002800",5,"C5",0.306341712595273
"Zm00001eb373560",5,"C5",0.306198701957597
"Zm00001eb130940",5,"C5",0.305499395534949
"Zm00001eb161710",5,"C5",0.305210238151519
"Zm00001eb336660",5,"C5",0.305130821734414
"Zm00001eb148640",5,"C5",0.305081292480339
"Zm00001eb104040",5,"C5",0.305013234747025
"Zm00001eb391070",5,"C5",0.304260808991441
"Zm00001eb247320",5,"C5",0.303083904099513
"Zm00001eb422860",5,"C5",0.302955155720325
"Zm00001eb080950",5,"C5",0.30262044471851
"Zm00001eb246560",5,"C5",0.30257217887545
"Zm00001eb185930",5,"C5",0.302370470627192
"Zm00001eb191720",5,"C5",0.301938868321083
"Zm00001eb229640",5,"C5",0.301718448112844
"Zm00001eb110460",5,"C5",0.301176838722361
"Zm00001eb246400",5,"C5",0.299833003259402
"Zm00001eb318710",5,"C5",0.299026544901924
"Zm00001eb078520",5,"C5",0.298708018446216
"Zm00001eb334440",5,"C5",0.29705685628829
"Zm00001eb187010",5,"C5",0.296028101345875
"Zm00001eb170730",5,"C5",0.295373358136313
"Zm00001eb395780",5,"C5",0.294689922337787
"Zm00001eb142310",5,"C5",0.293907028753911
"Zm00001eb368220",5,"C5",0.293885067929695
"Zm00001eb347720",5,"C5",0.293392936234706
"Zm00001eb202200",5,"C5",0.291861975502246
"Zm00001eb324250",5,"C5",0.291826412201649
"Zm00001eb362560",5,"C5",0.290996723261679
"Zm00001eb281780",5,"C5",0.289908971175353
"Zm00001eb172920",5,"C5",0.289306662209079
"Zm00001eb301520",5,"C5",0.28921702485982
"Zm00001eb259340",5,"C5",0.289174358403417
"Zm00001eb244860",5,"C5",0.288693898795272
"Zm00001eb157070",5,"C5",0.288160967573673
"Zm00001eb259160",5,"C5",0.286707727980576
"Zm00001eb427560",5,"C5",0.286146613948117
"Zm00001eb072460",5,"C5",0.284177951056039
"Zm00001eb041120",5,"C5",0.283995704705797
"Zm00001eb107700",5,"C5",0.283661132935467
"Zm00001eb048820",5,"C5",0.283432129832833
"Zm00001eb291480",5,"C5",0.283134438304253
"Zm00001eb215650",5,"C5",0.282773906203456
"Zm00001eb041430",5,"C5",0.281927074142736
"Zm00001eb281980",5,"C5",0.281800368694669
"Zm00001eb250390",5,"C5",0.28131907016882
"Zm00001eb023730",5,"C5",0.280929125407622
"Zm00001eb424630",5,"C5",0.28031703959539
"Zm00001eb357070",5,"C5",0.280039200680134
"Zm00001eb358660",5,"C5",0.279709799940365
"Zm00001eb392530",5,"C5",0.277962024783456
"Zm00001eb183460",5,"C5",0.276402652024287
"Zm00001eb066230",5,"C5",0.27580461228043
"Zm00001eb121410",5,"C5",0.275774304892143
"Zm00001eb414050",5,"C5",0.275454082286448
"Zm00001eb408360",5,"C5",0.275171586378928
"Zm00001eb091400",5,"C5",0.275040031448281
"Zm00001eb314840",5,"C5",0.274821209903545
"Zm00001eb397570",5,"C5",0.27400759098677
"Zm00001eb275450",5,"C5",0.273849289956418
"Zm00001eb138730",5,"C5",0.27380643281404
"Zm00001eb280720",5,"C5",0.273689714102288
"Zm00001eb236370",5,"C5",0.272089431605216
"Zm00001eb311740",5,"C5",0.271213766453667
"Zm00001eb083840",5,"C5",0.270526186103962
"Zm00001eb224410",5,"C5",0.270078642753283
"Zm00001eb398370",5,"C5",0.269813905900557
"Zm00001eb060390",5,"C5",0.26967676417995
"Zm00001eb201130",5,"C5",0.269437955945418
"Zm00001eb017520",5,"C5",0.268576336133174
"Zm00001eb044090",5,"C5",0.268330121549204
"Zm00001eb055560",5,"C5",0.267803713705776
"Zm00001eb038830",5,"C5",0.266819203022696
"Zm00001eb121390",5,"C5",0.266463329406945
"Zm00001eb424940",5,"C5",0.266290095662404
"Zm00001eb127720",5,"C5",0.266244326845505
"Zm00001eb292530",5,"C5",0.265548681037909
"Zm00001eb414760",5,"C5",0.265377554788062
"Zm00001eb096900",5,"C5",0.265359622942548
"Zm00001eb253800",5,"C5",0.265079179018071
"Zm00001eb160500",5,"C5",0.264914163479697
"Zm00001eb101410",5,"C5",0.264573389529731
"Zm00001eb210570",5,"C5",0.264353762130157
"Zm00001eb122960",5,"C5",0.264075191180999
"Zm00001eb356300",5,"C5",0.263487212737268
"Zm00001eb072680",5,"C5",0.262707922442335
"Zm00001eb054990",5,"C5",0.262498571290837
"Zm00001eb100840",5,"C5",0.262481996341203
"Zm00001eb179510",5,"C5",0.262080415290164
"Zm00001eb112170",5,"C5",0.261689518842848
"Zm00001eb336870",5,"C5",0.261216081680032
"Zm00001eb115200",5,"C5",0.260421683537388
"Zm00001eb430780",5,"C5",0.260345363245481
"Zm00001eb008440",5,"C5",0.260136765762157
"Zm00001eb026540",5,"C5",0.2597931096748
"Zm00001eb013460",5,"C5",0.259538846937734
"Zm00001eb171700",5,"C5",0.259278160541678
"Zm00001eb392750",5,"C5",0.259138081714116
"Zm00001eb284840",5,"C5",0.259012506907846
"Zm00001eb164660",5,"C5",0.258571716198677
"Zm00001eb062230",5,"C5",0.258077204506651
"Zm00001eb007470",5,"C5",0.257365458569837
"Zm00001eb029220",5,"C5",0.257057593418223
"Zm00001eb424480",5,"C5",0.256648090737417
"Zm00001eb024490",5,"C5",0.256620513425794
"Zm00001eb081380",5,"C5",0.256235179842479
"Zm00001eb398680",5,"C5",0.255861177838744
"Zm00001eb210460",5,"C5",0.254333533299403
"Zm00001eb016620",5,"C5",0.253527554937865
"Zm00001eb007060",5,"C5",0.253419214641636
"Zm00001eb137200",5,"C5",0.251606911323742
"Zm00001eb386520",5,"C5",0.251451747077917
"Zm00001eb043800",5,"C5",0.251342810218708
"Zm00001eb129790",5,"C5",0.251310559730974
"Zm00001eb161050",5,"C5",0.249980558597092
"Zm00001eb401230",5,"C5",0.249645626756018
"Zm00001eb150840",5,"C5",0.249621469409473
"Zm00001eb198990",5,"C5",0.249125003478177
"Zm00001eb130060",5,"C5",0.248946931183382
"Zm00001eb224770",5,"C5",0.248604220076217
"Zm00001eb235420",5,"C5",0.248133242683361
"Zm00001eb384970",5,"C5",0.247433793116857
"Zm00001eb071580",5,"C5",0.247400625008599
"Zm00001eb023780",5,"C5",0.2462864825648
"Zm00001eb224910",5,"C5",0.246250719353134
"Zm00001eb260870",5,"C5",0.246224849319178
"Zm00001eb017140",5,"C5",0.245705480624439
"Zm00001eb179690",5,"C5",0.245667887250353
"Zm00001eb413700",5,"C5",0.245639401190874
"Zm00001eb289360",5,"C5",0.245182025298971
"Zm00001eb257920",5,"C5",0.244785710491688
"Zm00001eb249130",5,"C5",0.244381318036951
"Zm00001eb145790",5,"C5",0.244155965659779
"Zm00001eb402630",5,"C5",0.243909322100449
"Zm00001eb414950",5,"C5",0.243184705701233
"Zm00001eb030110",5,"C5",0.242233418203383
"Zm00001eb106960",5,"C5",0.241682966642043
"Zm00001eb036320",5,"C5",0.241638964771358
"Zm00001eb127850",5,"C5",0.241459255509007
"Zm00001eb387300",5,"C5",0.240591862320831
"Zm00001eb272520",5,"C5",0.239949841307655
"Zm00001eb193820",5,"C5",0.239850066649957
"Zm00001eb283750",5,"C5",0.239790046733649
"Zm00001eb321610",5,"C5",0.239708451317813
"Zm00001eb229520",5,"C5",0.239444350557586
"Zm00001eb206030",5,"C5",0.23920891649055
"Zm00001eb083790",5,"C5",0.239035317864008
"Zm00001eb254410",5,"C5",0.238866488650097
"Zm00001eb341840",5,"C5",0.238672950485258
"Zm00001eb104420",5,"C5",0.238653955606617
"Zm00001eb349390",5,"C5",0.237289389909425
"Zm00001eb323790",5,"C5",0.236797544605697
"Zm00001eb432990",5,"C5",0.235936794602906
"Zm00001eb408250",5,"C5",0.23454568246828
"Zm00001eb407020",5,"C5",0.234048901439017
"Zm00001eb430470",5,"C5",0.233434798593976
"Zm00001eb238230",5,"C5",0.231692034961456
"Zm00001eb336750",5,"C5",0.23137544859629
"Zm00001eb094700",5,"C5",0.230927780892759
"Zm00001eb175430",5,"C5",0.230898539873159
"Zm00001eb229610",5,"C5",0.230860098005235
"Zm00001eb234730",5,"C5",0.230576114652717
"Zm00001eb288730",5,"C5",0.230284684748244
"Zm00001eb386050",5,"C5",0.230140610838056
"Zm00001eb405030",5,"C5",0.228806334547583
"Zm00001eb289180",5,"C5",0.228524475200825
"Zm00001eb288790",5,"C5",0.228179143332203
"Zm00001eb132080",5,"C5",0.22786083490015
"Zm00001eb366670",5,"C5",0.227478756712335
"Zm00001eb018380",5,"C5",0.226859424309127
"Zm00001eb358380",5,"C5",0.226791552697785
"Zm00001eb189050",5,"C5",0.226539725508785
"Zm00001eb226650",5,"C5",0.226508406047695
"Zm00001eb424840",5,"C5",0.226280693780924
"Zm00001eb253320",5,"C5",0.226230214953763
"Zm00001eb012590",5,"C5",0.223862954157801
"Zm00001eb244720",5,"C5",0.223812379734686
"Zm00001eb130820",5,"C5",0.223295692046089
"Zm00001eb376680",5,"C5",0.222969913037552
"Zm00001eb265740",5,"C5",0.222930720770797
"Zm00001eb411700",5,"C5",0.222036925872606
"Zm00001eb163980",5,"C5",0.221677228748139
"Zm00001eb154580",5,"C5",0.221560374706933
"Zm00001eb306630",5,"C5",0.220920578942756
"Zm00001eb228170",5,"C5",0.220467950227483
"Zm00001eb273840",5,"C5",0.218944115210604
"Zm00001eb344760",5,"C5",0.218833131306247
"Zm00001eb281200",5,"C5",0.218632038728714
"Zm00001eb374690",5,"C5",0.218510682232117
"Zm00001eb004440",5,"C5",0.217473756740648
"Zm00001eb148880",5,"C5",0.217465590406139
"Zm00001eb044630",5,"C5",0.217309806175136
"Zm00001eb077980",5,"C5",0.216836768438037
"Zm00001eb284700",5,"C5",0.216024699787709
"Zm00001eb361260",5,"C5",0.215379988453072
"Zm00001eb036920",5,"C5",0.215233280853414
"Zm00001eb348850",5,"C5",0.214570439269619
"Zm00001eb204590",5,"C5",0.214359352763885
"Zm00001eb174640",5,"C5",0.21419211794787
"Zm00001eb398000",5,"C5",0.214048427678421
"Zm00001eb314260",5,"C5",0.213498736804281
"Zm00001eb164130",5,"C5",0.212939323085484
"Zm00001eb227780",5,"C5",0.21250356171517
"Zm00001eb386220",5,"C5",0.212405841233812
"Zm00001eb385590",5,"C5",0.211861505860129
"Zm00001eb278930",5,"C5",0.211568829698562
"Zm00001eb172800",5,"C5",0.211543357867376
"Zm00001eb329870",5,"C5",0.211017483578048
"Zm00001eb017460",5,"C5",0.209004099360983
"Zm00001eb350710",5,"C5",0.208691318619621
"Zm00001eb015260",5,"C5",0.208317205706898
"Zm00001eb169800",5,"C5",0.208109178836002
"Zm00001eb146660",5,"C5",0.208066246674464
"Zm00001eb350490",5,"C5",0.208056556473496
"Zm00001eb177880",5,"C5",0.20793801864038
"Zm00001eb054370",5,"C5",0.207531442386233
"Zm00001eb339500",5,"C5",0.207527609176791
"Zm00001eb139660",5,"C5",0.207237589549315
"Zm00001eb158750",5,"C5",0.207115579220813
"Zm00001eb371150",5,"C5",0.205981283744507
"Zm00001eb234980",5,"C5",0.205758146944499
"Zm00001eb004550",5,"C5",0.205509013489454
"Zm00001eb388430",5,"C5",0.205052636743478
"Zm00001eb257430",5,"C5",0.204987256485509
"Zm00001eb072890",5,"C5",0.204798977832482
"Zm00001eb139880",5,"C5",0.204066019661574
"Zm00001eb123150",5,"C5",0.203800262284495
"Zm00001eb008450",5,"C5",0.203633457209358
"Zm00001eb183910",5,"C5",0.203457758131128
"Zm00001eb188340",5,"C5",0.203232109671348
"Zm00001eb418020",5,"C5",0.202284581814545
"Zm00001eb274400",5,"C5",0.202153387729601
"Zm00001eb036720",5,"C5",0.202040642330633
"Zm00001eb343620",5,"C5",0.201619647954435
"Zm00001eb342430",5,"C5",0.201607099412818
"Zm00001eb164740",5,"C5",0.201446356912272
"Zm00001eb056200",5,"C5",0.201443556901193
"Zm00001eb229790",5,"C5",0.200906169631451
"Zm00001eb325110",5,"C5",0.200126168493185
"Zm00001eb314120",5,"C5",0.200095609270236
"Zm00001eb228790",5,"C5",0.199769725126141
"Zm00001eb315990",5,"C5",0.199765369312921
"Zm00001eb335690",5,"C5",0.199549756616397
"Zm00001eb240010",5,"C5",0.199371930196194
"Zm00001eb426690",5,"C5",0.199011658779282
"Zm00001eb153030",5,"C5",0.198937269977048
"Zm00001eb342500",5,"C5",0.198919645056387
"Zm00001eb055280",5,"C5",0.198790102172295
"Zm00001eb256240",5,"C5",0.19841924067483
"Zm00001eb134890",5,"C5",0.198400970407946
"Zm00001eb348810",5,"C5",0.197884644998594
"Zm00001eb131590",5,"C5",0.197279860589053
"Zm00001eb390640",5,"C5",0.197196910958022
"Zm00001eb212660",5,"C5",0.197080947042733
"Zm00001eb428030",5,"C5",0.196925001547251
"Zm00001eb288640",5,"C5",0.196305682604359
"Zm00001eb297150",5,"C5",0.195812397421793
"Zm00001eb162630",5,"C5",0.195729171210846
"Zm00001eb346830",5,"C5",0.195725839430955
"Zm00001eb251980",5,"C5",0.195693312451198
"Zm00001eb155680",5,"C5",0.195169294348266
"Zm00001eb070780",5,"C5",0.194949231857348
"Zm00001eb376730",5,"C5",0.19487939838471
"Zm00001eb228780",5,"C5",0.194543507868035
"Zm00001eb187120",5,"C5",0.194482008170592
"Zm00001eb272360",5,"C5",0.192740274763078
"Zm00001eb289880",5,"C5",0.19161586565804
"Zm00001eb198310",5,"C5",0.191275204236517
"Zm00001eb086640",5,"C5",0.190354527160755
"Zm00001eb265260",5,"C5",0.190217151484288
"Zm00001eb149650",5,"C5",0.190063452664229
"Zm00001eb367780",5,"C5",0.189889594315114
"Zm00001eb347080",5,"C5",0.189884007289054
"Zm00001eb191920",5,"C5",0.189271892542747
"Zm00001eb428840",5,"C5",0.188966107844795
"Zm00001eb247860",5,"C5",0.18848984958395
"Zm00001eb136530",5,"C5",0.188432652271957
"Zm00001eb297990",5,"C5",0.188019689452702
"Zm00001eb318410",5,"C5",0.187406063805862
"Zm00001eb151480",5,"C5",0.187050467533582
"Zm00001eb024180",5,"C5",0.187018621092282
"Zm00001eb140930",5,"C5",0.186813003856866
"Zm00001eb249150",5,"C5",0.186804431686043
"Zm00001eb418860",5,"C5",0.186416825912538
"Zm00001eb422090",5,"C5",0.18591696138379
"Zm00001eb363200",5,"C5",0.184317962855149
"Zm00001eb386530",5,"C5",0.18413072687327
"Zm00001eb399310",5,"C5",0.183923740524283
"Zm00001eb149010",5,"C5",0.183882529082331
"Zm00001eb419810",5,"C5",0.183835442418344
"Zm00001eb230930",5,"C5",0.183799867240204
"Zm00001eb007310",5,"C5",0.183576933370543
"Zm00001eb010620",5,"C5",0.182584689312327
"Zm00001eb030880",5,"C5",0.182499853400249
"Zm00001eb082660",5,"C5",0.182433486601074
"Zm00001eb205140",5,"C5",0.181993204609424
"Zm00001eb395180",5,"C5",0.181486365784492
"Zm00001eb432760",5,"C5",0.181391483349716
"Zm00001eb375480",5,"C5",0.181026784986472
"Zm00001eb221600",5,"C5",0.180977165399219
"Zm00001eb291350",5,"C5",0.17933516808864
"Zm00001eb392270",5,"C5",0.17927065828786
"Zm00001eb399860",5,"C5",0.177949498900967
"Zm00001eb189290",5,"C5",0.177783165277465
"Zm00001eb009490",5,"C5",0.177385210925745
"Zm00001eb315100",5,"C5",0.177340136659503
"Zm00001eb131550",5,"C5",0.177016543303924
"Zm00001eb325480",5,"C5",0.176748661465893
"Zm00001eb106130",5,"C5",0.17671972453021
"Zm00001eb120650",5,"C5",0.17645912397445
"Zm00001eb141210",5,"C5",0.17631308610827
"Zm00001eb300310",5,"C5",0.175973782317043
"Zm00001eb419490",5,"C5",0.175972475730714
"Zm00001eb391210",5,"C5",0.175429400426619
"Zm00001eb222610",5,"C5",0.175091720222584
"Zm00001eb030710",5,"C5",0.174889987298158
"Zm00001eb048020",5,"C5",0.174628001993077
"Zm00001eb166870",5,"C5",0.174218189272679
"Zm00001eb100720",5,"C5",0.173823152446337
"Zm00001eb036880",5,"C5",0.17333287393578
"Zm00001eb178580",5,"C5",0.17328739003736
"Zm00001eb377050",5,"C5",0.173170760070296
"Zm00001eb377300",5,"C5",0.173129988483412
"Zm00001eb173060",5,"C5",0.173129725834494
"Zm00001eb377420",5,"C5",0.17225719816533
"Zm00001eb098370",5,"C5",0.172069852879004
"Zm00001eb429610",5,"C5",0.171721344132604
"Zm00001eb073750",5,"C5",0.170388179495055
"Zm00001eb344970",5,"C5",0.170027485344955
"Zm00001eb094910",5,"C5",0.169826056552526
"Zm00001eb145870",5,"C5",0.169598260456967
"Zm00001eb051510",5,"C5",0.169320369524522
"Zm00001eb078220",5,"C5",0.169228459914046
"Zm00001eb080280",5,"C5",0.169213944371326
"Zm00001eb196710",5,"C5",0.16919011698032
"Zm00001eb020850",5,"C5",0.168399876957258
"Zm00001eb431490",5,"C5",0.168258001588907
"Zm00001eb337830",5,"C5",0.168181332538821
"Zm00001eb182130",5,"C5",0.16794003101044
"Zm00001eb002740",5,"C5",0.16767089914651
"Zm00001eb100450",5,"C5",0.167546019472302
"Zm00001eb167830",5,"C5",0.167476710126342
"Zm00001eb406320",5,"C5",0.167125360027168
"Zm00001eb364730",5,"C5",0.167062387723092
"Zm00001eb202080",5,"C5",0.166044089188408
"Zm00001eb366950",5,"C5",0.165500684794426
"Zm00001eb020870",5,"C5",0.165402270885796
"Zm00001eb253080",5,"C5",0.164642584116363
"Zm00001eb353280",5,"C5",0.164114056584203
"Zm00001eb007320",5,"C5",0.164105061214914
"Zm00001eb192590",5,"C5",0.163940679694956
"Zm00001eb045580",5,"C5",0.163774122447161
"Zm00001eb322450",5,"C5",0.163054108084289
"Zm00001eb374910",5,"C5",0.16301219759071
"Zm00001eb272170",5,"C5",0.162792213118392
"Zm00001eb344910",5,"C5",0.162738225888257
"Zm00001eb122330",5,"C5",0.162269745612514
"Zm00001eb404750",5,"C5",0.161527749054878
"Zm00001eb123190",5,"C5",0.159903168042988
"Zm00001eb410550",5,"C5",0.159832848707541
"Zm00001eb385100",5,"C5",0.15957126905599
"Zm00001eb256350",5,"C5",0.159505309205174
"Zm00001eb348450",5,"C5",0.159326808452257
"Zm00001eb338770",5,"C5",0.159217039988184
"Zm00001eb420010",5,"C5",0.158721557887618
"Zm00001eb224830",5,"C5",0.158484422346595
"Zm00001eb186440",5,"C5",0.158379651750882
"Zm00001eb131170",5,"C5",0.157907371176876
"Zm00001eb266750",5,"C5",0.157360270972987
"Zm00001eb342840",5,"C5",0.157158068060565
"Zm00001eb211910",5,"C5",0.156819562278267
"Zm00001eb324210",5,"C5",0.156661801517818
"Zm00001eb055990",5,"C5",0.156592433967511
"Zm00001eb348740",5,"C5",0.156457170843656
"Zm00001eb121490",5,"C5",0.156448119110794
"Zm00001eb130990",5,"C5",0.156345172336048
"Zm00001eb347620",5,"C5",0.15615800345277
"Zm00001eb261140",5,"C5",0.155757539591221
"Zm00001eb001270",5,"C5",0.155428172231554
"Zm00001eb249200",5,"C5",0.154543193588199
"Zm00001eb331360",5,"C5",0.153695818054505
"Zm00001eb383160",5,"C5",0.153593056524916
"Zm00001eb030260",5,"C5",0.153533698407433
"Zm00001eb142000",5,"C5",0.153176041734072
"Zm00001eb136960",5,"C5",0.152940838927987
"Zm00001eb174030",5,"C5",0.152569018604444
"Zm00001eb062880",5,"C5",0.152331320900674
"Zm00001eb033830",5,"C5",0.152023842890756
"Zm00001eb192640",5,"C5",0.151601325438612
"Zm00001eb375200",5,"C5",0.151425356711894
"Zm00001eb207720",5,"C5",0.151229009732006
"Zm00001eb196100",5,"C5",0.151050170013101
"Zm00001eb280730",5,"C5",0.150697461634286
"Zm00001eb244910",5,"C5",0.15050669225157
"Zm00001eb101080",5,"C5",0.150173424976918
"Zm00001eb315650",5,"C5",0.149721881494977
"Zm00001eb322390",5,"C5",0.149657895842362
"Zm00001eb007670",5,"C5",0.14913142751485
"Zm00001eb379260",5,"C5",0.148844077166632
"Zm00001eb070980",5,"C5",0.148812889515437
"Zm00001eb424850",5,"C5",0.14846633239075
"Zm00001eb023690",5,"C5",0.148340687999876
"Zm00001eb323140",5,"C5",0.148216796156763
"Zm00001eb337970",5,"C5",0.148185922899832
"Zm00001eb243510",5,"C5",0.148167086406543
"Zm00001eb406480",5,"C5",0.147803529090836
"Zm00001eb346760",5,"C5",0.147428938479424
"Zm00001eb205050",5,"C5",0.147361227785439
"Zm00001eb072360",5,"C5",0.147064113429559
"Zm00001eb313950",5,"C5",0.146713609569653
"Zm00001eb245310",5,"C5",0.146707598679
"Zm00001eb242410",5,"C5",0.146404855428495
"Zm00001eb306980",5,"C5",0.145996044051898
"Zm00001eb118810",5,"C5",0.145929427276813
"Zm00001eb208350",5,"C5",0.145521972689661
"Zm00001eb044820",5,"C5",0.145462876847079
"Zm00001eb045640",5,"C5",0.145255197825871
"Zm00001eb400670",5,"C5",0.144996423377619
"Zm00001eb365530",5,"C5",0.144692658084389
"Zm00001eb123160",5,"C5",0.144285710984291
"Zm00001eb300730",5,"C5",0.144206878299469
"Zm00001eb398220",5,"C5",0.144204852588369
"Zm00001eb015730",5,"C5",0.143813926603205
"Zm00001eb156700",5,"C5",0.143548747909947
"Zm00001eb363940",5,"C5",0.143376715341273
"Zm00001eb319000",5,"C5",0.143056934226989
"Zm00001eb002090",5,"C5",0.143031439324425
"Zm00001eb313960",5,"C5",0.142898182754408
"Zm00001eb167290",5,"C5",0.142831501312592
"Zm00001eb287250",5,"C5",0.14271235288123
"Zm00001eb308690",5,"C5",0.14263512099985
"Zm00001eb006470",5,"C5",0.142558090126262
"Zm00001eb426050",5,"C5",0.142279522469807
"Zm00001eb022940",5,"C5",0.141552676587803
"Zm00001eb151300",5,"C5",0.141502991222545
"Zm00001eb249390",5,"C5",0.141280712633243
"Zm00001eb011430",5,"C5",0.141137600579003
"Zm00001eb279330",5,"C5",0.140144313858458
"Zm00001eb110390",5,"C5",0.140037004840248
"Zm00001eb113310",5,"C5",0.140020359719589
"Zm00001eb022570",5,"C5",0.139939492114997
"Zm00001eb252250",5,"C5",0.139918454085686
"Zm00001eb148780",5,"C5",0.139665258773922
"Zm00001eb068160",5,"C5",0.13960321504831
"Zm00001eb243690",5,"C5",0.139455390074571
"Zm00001eb369700",5,"C5",0.138914091059419
"Zm00001eb062130",5,"C5",0.138503831975569
"Zm00001eb330030",5,"C5",0.138497461387368
"Zm00001eb294860",5,"C5",0.138365675069751
"Zm00001eb169960",5,"C5",0.13803593184703
"Zm00001eb391740",5,"C5",0.137826138705614
"Zm00001eb331000",5,"C5",0.137484512950994
"Zm00001eb148220",5,"C5",0.1371588552076
"Zm00001eb274280",5,"C5",0.136641080592102
"Zm00001eb394030",5,"C5",0.136346341613085
"Zm00001eb293110",5,"C5",0.136328791580339
"Zm00001eb402640",5,"C5",0.136075642884098
"Zm00001eb336810",5,"C5",0.135990221548227
"Zm00001eb345770",5,"C5",0.135965003686363
"Zm00001eb295960",5,"C5",0.135713945766662
"Zm00001eb330740",5,"C5",0.13548792741784
"Zm00001eb126370",5,"C5",0.135169970362088
"Zm00001eb227380",5,"C5",0.135065837629081
"Zm00001eb395080",5,"C5",0.135065304522363
"Zm00001eb158740",5,"C5",0.13468448498753
"Zm00001eb183860",5,"C5",0.133879943095045
"Zm00001eb110980",5,"C5",0.133845122627383
"Zm00001eb275090",5,"C5",0.133714961385048
"Zm00001eb103250",5,"C5",0.133471602840292
"Zm00001eb267290",5,"C5",0.133448392781299
"Zm00001eb037890",5,"C5",0.133281359221901
"Zm00001eb064450",5,"C5",0.133015823839342
"Zm00001eb127640",5,"C5",0.132995439985289
"Zm00001eb185330",5,"C5",0.132909103928932
"Zm00001eb015990",5,"C5",0.132840206407048
"Zm00001eb043650",5,"C5",0.132469449334938
"Zm00001eb331930",5,"C5",0.132429806683818
"Zm00001eb402340",5,"C5",0.13234334035578
"Zm00001eb035230",5,"C5",0.132084493325963
"Zm00001eb250180",5,"C5",0.131776434445915
"Zm00001eb360960",5,"C5",0.131691285864745
"Zm00001eb202440",5,"C5",0.131642943723865
"Zm00001eb283130",5,"C5",0.131635909598571
"Zm00001eb311900",5,"C5",0.131624655117131
"Zm00001eb346400",5,"C5",0.131481023852762
"Zm00001eb225200",5,"C5",0.131473548307172
"Zm00001eb355420",5,"C5",0.131463684377456
"Zm00001eb117600",5,"C5",0.131334168508825
"Zm00001eb272880",5,"C5",0.130812155626416
"Zm00001eb128000",5,"C5",0.130587676758543
"Zm00001eb252120",5,"C5",0.130310338766273
"Zm00001eb241390",5,"C5",0.129730070799866
"Zm00001eb430800",5,"C5",0.129606635012895
"Zm00001eb270990",5,"C5",0.129566237273536
"Zm00001eb360180",5,"C5",0.129521259780781
"Zm00001eb424350",5,"C5",0.129013822898062
"Zm00001eb336820",5,"C5",0.128705680218088
"Zm00001eb343490",5,"C5",0.12811272097928
"Zm00001eb213200",5,"C5",0.128070091915812
"Zm00001eb321220",5,"C5",0.127906649720192
"Zm00001eb114050",5,"C5",0.127849282449442
"Zm00001eb350690",5,"C5",0.127819157209123
"Zm00001eb142250",5,"C5",0.127537062927504
"Zm00001eb103190",5,"C5",0.127383007347074
"Zm00001eb093510",5,"C5",0.127286201872889
"Zm00001eb207300",5,"C5",0.126862398603021
"Zm00001eb136460",5,"C5",0.126776119852388
"Zm00001eb355050",5,"C5",0.126584326744459
"Zm00001eb289270",5,"C5",0.126371900975355
"Zm00001eb405560",5,"C5",0.126171479954617
"Zm00001eb104660",5,"C5",0.125937727201479
"Zm00001eb428540",5,"C5",0.125689138214834
"Zm00001eb314350",5,"C5",0.125658418186701
"Zm00001eb028690",5,"C5",0.125521592628195
"Zm00001eb392700",5,"C5",0.125248457012302
"Zm00001eb160470",5,"C5",0.125076752165398
"Zm00001eb251380",5,"C5",0.125032859447503
"Zm00001eb255140",5,"C5",0.12472217233243
"Zm00001eb056790",5,"C5",0.124575467430655
"Zm00001eb335710",5,"C5",0.124082195922767
"Zm00001eb390830",5,"C5",0.123774813480458
"Zm00001eb107170",5,"C5",0.123718395118731
"Zm00001eb252620",5,"C5",0.123674303095255
"Zm00001eb140620",5,"C5",0.123031171753096
"Zm00001eb324160",5,"C5",0.122984425745756
"Zm00001eb218620",5,"C5",0.122720003538117
"Zm00001eb403130",5,"C5",0.122309782470403
"Zm00001eb056900",5,"C5",0.122221874188599
"Zm00001eb052300",5,"C5",0.122196954926842
"Zm00001eb249230",5,"C5",0.122174322821554
"Zm00001eb222430",5,"C5",0.122151071831961
"Zm00001eb332700",5,"C5",0.121959066698752
"Zm00001eb151250",5,"C5",0.121859611588265
"Zm00001eb358860",5,"C5",0.121782904372066
"Zm00001eb258270",5,"C5",0.12156145706938
"Zm00001eb091420",5,"C5",0.121509932702561
"Zm00001eb254050",5,"C5",0.121374908689736
"Zm00001eb430930",5,"C5",0.121114756400515
"Zm00001eb373580",5,"C5",0.120845173028408
"Zm00001eb042260",5,"C5",0.120771995961047
"Zm00001eb284290",5,"C5",0.120585051256615
"Zm00001eb145550",5,"C5",0.120315075779464
"Zm00001eb219200",5,"C5",0.120192678072186
"Zm00001eb042570",5,"C5",0.120087093955836
"Zm00001eb187170",5,"C5",0.120071376104622
"Zm00001eb301380",5,"C5",0.120002531852174
"Zm00001eb260460",5,"C5",0.1199995843502
"Zm00001eb181550",5,"C5",0.119702055275361
"Zm00001eb288800",5,"C5",0.119683005263657
"Zm00001eb144580",5,"C5",0.11956365520377
"Zm00001eb215900",5,"C5",0.119475229906545
"Zm00001eb168730",5,"C5",0.11922026532265
"Zm00001eb375840",5,"C5",0.119214644618768
"Zm00001eb039020",5,"C5",0.119131254261722
"Zm00001eb396450",5,"C5",0.118806376695834
"Zm00001eb350830",5,"C5",0.118720821667282
"Zm00001eb369520",5,"C5",0.118621381096533
"Zm00001eb186170",5,"C5",0.118598342777385
"Zm00001eb118020",5,"C5",0.11809006999266
"Zm00001eb058460",5,"C5",0.117587221424473
"Zm00001eb303290",5,"C5",0.117353564368287
"Zm00001eb125220",5,"C5",0.116411031693988
"Zm00001eb312350",5,"C5",0.116332208113255
"Zm00001eb353030",5,"C5",0.116319463367341
"Zm00001eb009660",5,"C5",0.116106153662335
"Zm00001eb128300",5,"C5",0.11583233887963
"Zm00001eb148440",5,"C5",0.115677877303542
"Zm00001eb212510",5,"C5",0.115606407527048
"Zm00001eb156740",5,"C5",0.115476712040497
"Zm00001eb152830",5,"C5",0.115104395507939
"Zm00001eb084420",5,"C5",0.115000740470608
"Zm00001eb090910",5,"C5",0.114987872986406
"Zm00001eb396490",5,"C5",0.114959688152999
"Zm00001eb402560",5,"C5",0.114720207963038
"Zm00001eb246120",5,"C5",0.114649542911584
"Zm00001eb053830",5,"C5",0.114485737586705
"Zm00001eb035960",5,"C5",0.114105660762419
"Zm00001eb353760",5,"C5",0.114061800495314
"Zm00001eb350430",5,"C5",0.113880533085246
"Zm00001eb284070",5,"C5",0.113577273897334
"Zm00001eb075310",5,"C5",0.113423679339425
"Zm00001eb129100",5,"C5",0.113236793023903
"Zm00001eb393300",5,"C5",0.113040764190746
"Zm00001eb403160",5,"C5",0.113039020801023
"Zm00001eb145970",5,"C5",0.112729758775457
"Zm00001eb280700",5,"C5",0.112207954189301
"Zm00001eb224730",5,"C5",0.112132823558704
"Zm00001eb015800",5,"C5",0.111703841102161
"Zm00001eb374580",5,"C5",0.111586178334891
"Zm00001eb346980",5,"C5",0.111303645745588
"Zm00001eb119400",5,"C5",0.111094436903013
"Zm00001eb215380",5,"C5",0.111022405155602
"Zm00001eb324640",5,"C5",0.110487772867211
"Zm00001eb075170",5,"C5",0.11034824492219
"Zm00001eb104430",5,"C5",0.110288039815493
"Zm00001eb108890",5,"C5",0.110150246377403
"Zm00001eb016250",5,"C5",0.110095400345309
"Zm00001eb431200",5,"C5",0.110071762279055
"Zm00001eb069500",5,"C5",0.109803072807685
"Zm00001eb357160",5,"C5",0.109450026510067
"Zm00001eb070940",5,"C5",0.109351043602974
"Zm00001eb154570",5,"C5",0.10850094561051
"Zm00001eb251960",5,"C5",0.108473856869919
"Zm00001eb365560",5,"C5",0.108453714812297
"Zm00001eb385210",5,"C5",0.107980275874893
"Zm00001eb192660",5,"C5",0.107810506220742
"Zm00001eb226390",5,"C5",0.107663898311624
"Zm00001eb323920",5,"C5",0.107450346302876
"Zm00001eb434170",5,"C5",0.107407564642725
"Zm00001eb074870",5,"C5",0.107050931453021
"Zm00001eb381520",5,"C5",0.106914614197082
"Zm00001eb102260",5,"C5",0.106776517497123
"Zm00001eb366380",5,"C5",0.106674388010139
"Zm00001eb148130",5,"C5",0.106643804496477
"Zm00001eb280410",5,"C5",0.106526318714437
"Zm00001eb428010",5,"C5",0.106388991063811
"Zm00001eb263160",5,"C5",0.106204150041568
"Zm00001eb373600",5,"C5",0.105990855512133
"Zm00001eb252890",5,"C5",0.1059849227446
"Zm00001eb072220",5,"C5",0.105939805372394
"Zm00001eb419790",5,"C5",0.105631034450857
"Zm00001eb359600",5,"C5",0.105498964624515
"Zm00001eb249690",5,"C5",0.105335922578393
"Zm00001eb103730",5,"C5",0.105268302418937
"Zm00001eb415640",5,"C5",0.105066873448611
"Zm00001eb022650",5,"C5",0.105035723478267
"Zm00001eb351670",5,"C5",0.105014806018167
"Zm00001eb013610",5,"C5",0.104942307411949
"Zm00001eb411260",5,"C5",0.103804067032655
"Zm00001eb010110",5,"C5",0.103689551219459
"Zm00001eb125590",7,"C6",4.01944382367027
"Zm00001eb170040",7,"C6",3.17687039930559
"Zm00001eb032290",7,"C6",3.05670043086762
"Zm00001eb393120",7,"C6",2.68879057809931
"Zm00001eb134340",7,"C6",2.68537543266478
"Zm00001eb316520",7,"C6",2.61205658555754
"Zm00001eb169520",7,"C6",2.5745798106926
"Zm00001eb252870",7,"C6",2.54204820401874
"Zm00001eb411380",7,"C6",2.5134447389263
"Zm00001eb303500",7,"C6",2.47872073382736
"Zm00001eb173410",7,"C6",2.47364261379342
"Zm00001eb247590",7,"C6",2.45028630767912
"Zm00001eb370330",7,"C6",2.41380647124391
"Zm00001eb260710",7,"C6",2.36826651199076
"Zm00001eb165580",7,"C6",2.30925075652006
"Zm00001eb377870",7,"C6",2.27999335431128
"Zm00001eb194190",7,"C6",2.26327640285639
"Zm00001eb045790",7,"C6",2.2305503072277
"Zm00001eb038370",7,"C6",2.19870895590823
"Zm00001eb356000",7,"C6",2.17044479243161
"Zm00001eb356280",7,"C6",2.14386680922373
"Zm00001eb233070",7,"C6",2.11015744297576
"Zm00001eb356050",7,"C6",2.06958925733257
"Zm00001eb165560",7,"C6",2.04086351773843
"Zm00001eb290920",7,"C6",1.98568778137732
"Zm00001eb425810",7,"C6",1.9615135547828
"Zm00001eb101770",7,"C6",1.91282410056293
"Zm00001eb144240",7,"C6",1.90551700786509
"Zm00001eb376740",7,"C6",1.90469120351681
"Zm00001eb124410",7,"C6",1.89894493719601
"Zm00001eb343030",7,"C6",1.86007713689614
"Zm00001eb211740",7,"C6",1.85278991147178
"Zm00001eb256020",7,"C6",1.84601374895714
"Zm00001eb417370",7,"C6",1.83107178507017
"Zm00001eb062180",7,"C6",1.798292406243
"Zm00001eb224900",7,"C6",1.79418218455908
"Zm00001eb082670",7,"C6",1.79326077983985
"Zm00001eb302140",7,"C6",1.78224233274403
"Zm00001eb080570",7,"C6",1.77280781540433
"Zm00001eb413630",7,"C6",1.75205620281915
"Zm00001eb320800",7,"C6",1.74026694797967
"Zm00001eb303030",7,"C6",1.72575235974728
"Zm00001eb375040",7,"C6",1.70029780629041
"Zm00001eb294120",7,"C6",1.67398281099147
"Zm00001eb062600",7,"C6",1.66193732489983
"Zm00001eb357670",7,"C6",1.634711831047
"Zm00001eb352350",7,"C6",1.63147360744186
"Zm00001eb320890",7,"C6",1.61864650729211
"Zm00001eb374090",7,"C6",1.61341260971563
"Zm00001eb206930",7,"C6",1.61145445897221
"Zm00001eb049960",7,"C6",1.60786877558549
"Zm00001eb165620",7,"C6",1.59652034659871
"Zm00001eb095230",7,"C6",1.58856650638841
"Zm00001eb306380",7,"C6",1.56930142347325
"Zm00001eb288340",7,"C6",1.56598270630973
"Zm00001eb365410",7,"C6",1.5578533065479
"Zm00001eb385040",7,"C6",1.55510313434112
"Zm00001eb219270",7,"C6",1.51901347128525
"Zm00001eb257670",7,"C6",1.51287159266677
"Zm00001eb012580",7,"C6",1.51144062478331
"Zm00001eb140360",7,"C6",1.50225024898684
"Zm00001eb032340",7,"C6",1.49078891568022
"Zm00001eb149860",7,"C6",1.48666685783277
"Zm00001eb370910",7,"C6",1.4735714018318
"Zm00001eb061560",7,"C6",1.46924088798728
"Zm00001eb365200",7,"C6",1.469221924252
"Zm00001eb424290",7,"C6",1.46654983699218
"Zm00001eb091780",7,"C6",1.44099320730442
"Zm00001eb103260",7,"C6",1.44093007664241
"Zm00001eb355680",7,"C6",1.43759562717125
"Zm00001eb228910",7,"C6",1.43681447871198
"Zm00001eb349110",7,"C6",1.43645665264075
"Zm00001eb356460",7,"C6",1.41919272122783
"Zm00001eb064120",7,"C6",1.41824535986944
"Zm00001eb268360",7,"C6",1.41703385750761
"Zm00001eb078460",7,"C6",1.41536952744784
"Zm00001eb260600",7,"C6",1.41101117548121
"Zm00001eb063710",7,"C6",1.40932823581297
"Zm00001eb289460",7,"C6",1.40071331474956
"Zm00001eb348240",7,"C6",1.39724389040124
"Zm00001eb091920",7,"C6",1.38389050696856
"Zm00001eb375180",7,"C6",1.3781243735072
"Zm00001eb149640",7,"C6",1.36995800478543
"Zm00001eb195060",7,"C6",1.3692266537688
"Zm00001eb430730",7,"C6",1.35654568577172
"Zm00001eb076120",7,"C6",1.35322962448831
"Zm00001eb283340",7,"C6",1.35291052105987
"Zm00001eb054230",7,"C6",1.35158403526454
"Zm00001eb419190",7,"C6",1.33314524576458
"Zm00001eb243140",7,"C6",1.33156856448226
"Zm00001eb038510",7,"C6",1.32625045034689
"Zm00001eb323110",7,"C6",1.32362493728491
"Zm00001eb359540",7,"C6",1.31967906739025
"Zm00001eb128040",7,"C6",1.315955202844
"Zm00001eb240700",7,"C6",1.31170073244295
"Zm00001eb267140",7,"C6",1.31065365610924
"Zm00001eb032380",7,"C6",1.31045045096824
"Zm00001eb267260",7,"C6",1.30046683516504
"Zm00001eb133450",7,"C6",1.30045555509294
"Zm00001eb267650",7,"C6",1.29862751169293
"Zm00001eb378030",7,"C6",1.29079740978091
"Zm00001eb277330",7,"C6",1.28954235536743
"Zm00001eb389310",7,"C6",1.28928132543345
"Zm00001eb410350",7,"C6",1.286723767192
"Zm00001eb283870",7,"C6",1.26897223733676
"Zm00001eb321910",7,"C6",1.26284378218835
"Zm00001eb316630",7,"C6",1.26005062467268
"Zm00001eb018690",7,"C6",1.25333935834559
"Zm00001eb165590",7,"C6",1.24962568185508
"Zm00001eb415460",7,"C6",1.24515448848516
"Zm00001eb330380",7,"C6",1.24461509427005
"Zm00001eb282590",7,"C6",1.24439887542843
"Zm00001eb117430",7,"C6",1.24417509033104
"Zm00001eb289210",7,"C6",1.24366325527992
"Zm00001eb345550",7,"C6",1.22890686301516
"Zm00001eb139860",7,"C6",1.22814094724804
"Zm00001eb044740",7,"C6",1.21174969442698
"Zm00001eb368990",7,"C6",1.21108460556241
"Zm00001eb358050",7,"C6",1.19977947772441
"Zm00001eb150420",7,"C6",1.18231187666572
"Zm00001eb216260",7,"C6",1.18049608659696
"Zm00001eb361610",7,"C6",1.17764509287085
"Zm00001eb098990",7,"C6",1.17372567180632
"Zm00001eb018980",7,"C6",1.17366826565337
"Zm00001eb220790",7,"C6",1.17204612351448
"Zm00001eb171230",7,"C6",1.16972027998231
"Zm00001eb160620",7,"C6",1.16478372576315
"Zm00001eb242260",7,"C6",1.16405478347846
"Zm00001eb131360",7,"C6",1.16033688156498
"Zm00001eb161770",7,"C6",1.15785707765462
"Zm00001eb318350",7,"C6",1.1578229470798
"Zm00001eb212550",7,"C6",1.13764135204633
"Zm00001eb330190",7,"C6",1.13665036115681
"Zm00001eb266910",7,"C6",1.13634227273982
"Zm00001eb419550",7,"C6",1.13409453654838
"Zm00001eb054980",7,"C6",1.13019620384009
"Zm00001eb249220",7,"C6",1.11890509116199
"rrn26-XLOC-043610",7,"C6",1.1170339310555
"Zm00001eb195780",7,"C6",1.1108240138335
"Zm00001eb271480",7,"C6",1.10964491345115
"Zm00001eb323510",7,"C6",1.10962888526828
"Zm00001eb206230",7,"C6",1.10937280542331
"Zm00001eb141930",7,"C6",1.10934786845596
"Zm00001eb006770",7,"C6",1.10777177868898
"Zm00001eb007730",7,"C6",1.10698164744853
"Zm00001eb327800",7,"C6",1.10188539092666
"Zm00001eb369310",7,"C6",1.09634506043394
"Zm00001eb397580",7,"C6",1.09457502653327
"Zm00001eb057810",7,"C6",1.09100592198677
"Zm00001eb150560",7,"C6",1.085427382442
"Zm00001eb136880",7,"C6",1.08146033963297
"Zm00001eb127770",7,"C6",1.08041070907468
"Zm00001eb126900",7,"C6",1.07768070223328
"Zm00001eb162930",7,"C6",1.07760185268627
"Zm00001eb164780",7,"C6",1.07231917511539
"Zm00001eb378500",7,"C6",1.06139977055801
"Zm00001eb176210",7,"C6",1.05627730303909
"Zm00001eb395850",7,"C6",1.05519025512538
"Zm00001eb287610",7,"C6",1.04466200390469
"Zm00001eb053260",7,"C6",1.02303258871538
"Zm00001eb369150",7,"C6",1.01935077749871
"Zm00001eb217020",7,"C6",1.01322996325134
"Zm00001eb228920",7,"C6",1.01276004982465
"Zm00001eb256150",7,"C6",1.00834654106176
"Zm00001eb040890",7,"C6",1.00419840551846
"Zm00001eb368480",7,"C6",1.00366623415651
"Zm00001eb322290",7,"C6",1.00327884657689
"Zm00001eb255960",7,"C6",1.00297209764994
"Zm00001eb322580",7,"C6",1.00281146559401
"Zm00001eb325840",7,"C6",0.994847144942398
"Zm00001eb068780",7,"C6",0.988993518498189
"Zm00001eb312080",7,"C6",0.986809686295224
"Zm00001eb409450",7,"C6",0.986271419406539
"Zm00001eb340890",7,"C6",0.985942960877884
"Zm00001eb406880",7,"C6",0.984161321304283
"Zm00001eb340370",7,"C6",0.981577419278218
"Zm00001eb282320",7,"C6",0.980762411338058
"Zm00001eb004660",7,"C6",0.976915934988444
"Zm00001eb314220",7,"C6",0.968798675930582
"Zm00001eb398530",7,"C6",0.96494451326398
"Zm00001eb161810",7,"C6",0.960627165052007
"Zm00001eb196190",7,"C6",0.95733390869258
"Zm00001eb147780",7,"C6",0.952473906971577
"Zm00001eb173990",7,"C6",0.949185153488986
"Zm00001eb258600",7,"C6",0.948984272566084
"Zm00001eb357940",7,"C6",0.948721164121692
"Zm00001eb158850",7,"C6",0.946005037343464
"Zm00001eb089020",7,"C6",0.942926627380383
"Zm00001eb400880",7,"C6",0.939727876692139
"Zm00001eb139450",7,"C6",0.936381862882031
"Zm00001eb152700",7,"C6",0.934757507133734
"Zm00001eb299760",7,"C6",0.933377132862272
"Zm00001eb333240",7,"C6",0.931526881303988
"Zm00001eb407840",7,"C6",0.931226330330899
"Zm00001eb125460",7,"C6",0.928981615538756
"Zm00001eb096070",7,"C6",0.927760787736742
"Zm00001eb107590",7,"C6",0.927708588089546
"Zm00001eb010230",7,"C6",0.927267888357641
"Zm00001eb211960",7,"C6",0.919265455509459
"Zm00001eb336090",7,"C6",0.919188413034025
"Zm00001eb064620",7,"C6",0.919082465833747
"Zm00001eb238670",7,"C6",0.917062051766481
"Zm00001eb107490",7,"C6",0.91557392646426
"Zm00001eb346150",7,"C6",0.908877057674251
"Zm00001eb224680",7,"C6",0.891683893385278
"Zm00001eb292930",7,"C6",0.884606388410123
"Zm00001eb343680",7,"C6",0.883965509888253
"Zm00001eb387090",7,"C6",0.881482503518452
"Zm00001eb324900",7,"C6",0.87637920729512
"Zm00001eb158270",7,"C6",0.876350631050925
"Zm00001eb421170",7,"C6",0.870953658738517
"Zm00001eb329410",7,"C6",0.868904192506045
"Zm00001eb228570",7,"C6",0.867055796586082
"Zm00001eb214560",7,"C6",0.86685105821492
"Zm00001eb186320",7,"C6",0.865342448200717
"Zm00001eb380260",7,"C6",0.863898046894755
"Zm00001eb254060",7,"C6",0.863343175739569
"Zm00001eb053530",7,"C6",0.861712204828258
"Zm00001eb240810",7,"C6",0.861490037181004
"Zm00001eb112720",7,"C6",0.855993073563874
"Zm00001eb017600",7,"C6",0.855989043222599
"Zm00001eb178180",7,"C6",0.853714190988624
"Zm00001eb193140",7,"C6",0.853144107773921
"Zm00001eb259430",7,"C6",0.849410984119194
"Zm00001eb229020",7,"C6",0.843599014353353
"Zm00001eb374470",7,"C6",0.83865135398123
"Zm00001eb169310",7,"C6",0.838085099315256
"Zm00001eb317710",7,"C6",0.834936026371182
"Zm00001eb354230",7,"C6",0.831215510995289
"Zm00001eb357970",7,"C6",0.826908508743307
"Zm00001eb036610",7,"C6",0.820665315194401
"Zm00001eb111070",7,"C6",0.820581353426861
"Zm00001eb355740",7,"C6",0.819152883062665
"Zm00001eb061480",7,"C6",0.81816707691267
"Zm00001eb209550",7,"C6",0.816799663327289
"Zm00001eb394010",7,"C6",0.816591438934761
"Zm00001eb279780",7,"C6",0.81655449171208
"Zm00001eb218320",7,"C6",0.816237322591495
"Zm00001eb131280",7,"C6",0.81590481533289
"Zm00001eb070430",7,"C6",0.815758425931607
"Zm00001eb177310",7,"C6",0.812266556158545
"Zm00001eb327450",7,"C6",0.809640629957909
"Zm00001eb280910",7,"C6",0.806561100800432
"Zm00001eb269400",7,"C6",0.805841853317831
"Zm00001eb317680",7,"C6",0.804712094092758
"Zm00001eb172290",7,"C6",0.801227256739623
"Zm00001eb325230",7,"C6",0.801165713976295
"Zm00001eb086910",7,"C6",0.800806111451094
"Zm00001eb389590",7,"C6",0.800433667836672
"Zm00001eb140660",7,"C6",0.797369964391023
"Zm00001eb202790",7,"C6",0.796592659786555
"Zm00001eb080510",7,"C6",0.795587785335723
"Zm00001eb292750",7,"C6",0.791942490152853
"Zm00001eb186820",7,"C6",0.78363729194135
"Zm00001eb194950",7,"C6",0.783025883905134
"Zm00001eb066680",7,"C6",0.781395554696156
"Zm00001eb180920",7,"C6",0.775516196212787
"Zm00001eb250610",7,"C6",0.774360574339522
"Zm00001eb270090",7,"C6",0.768607182034838
"Zm00001eb153620",7,"C6",0.766881020804787
"Zm00001eb178320",7,"C6",0.761988091908395
"Zm00001eb117670",7,"C6",0.758542766084998
"Zm00001eb433310",7,"C6",0.75800404424767
"Zm00001eb271080",7,"C6",0.756183422705979
"Zm00001eb067550",7,"C6",0.755861382274497
"Zm00001eb264930",7,"C6",0.753772725252072
"Zm00001eb010790",7,"C6",0.752330306707058
"Zm00001eb257930",7,"C6",0.752195437636513
"Zm00001eb315660",7,"C6",0.749412730862874
"Zm00001eb084760",7,"C6",0.748912711749419
"Zm00001eb154640",7,"C6",0.748416655454469
"Zm00001eb067700",7,"C6",0.746329448330247
"Zm00001eb171030",7,"C6",0.741452459936168
"Zm00001eb215310",7,"C6",0.741427693888206
"Zm00001eb342550",7,"C6",0.738262116082671
"Zm00001eb178290",7,"C6",0.734505036508622
"Zm00001eb258950",7,"C6",0.734134584312198
"Zm00001eb044260",7,"C6",0.733311789285501
"Zm00001eb224610",7,"C6",0.733219142117272
"Zm00001eb358560",7,"C6",0.726993686351465
"Zm00001eb383330",7,"C6",0.726195871811044
"Zm00001eb135550",7,"C6",0.72602527044035
"Zm00001eb063720",7,"C6",0.723055819724742
"Zm00001eb151640",7,"C6",0.720937694757914
"Zm00001eb380150",7,"C6",0.719868208672919
"Zm00001eb123690",7,"C6",0.717075686538127
"Zm00001eb057580",7,"C6",0.716812518650399
"Zm00001eb283110",7,"C6",0.715778297883481
"Zm00001eb058950",7,"C6",0.715006464651434
"Zm00001eb136890",7,"C6",0.713009641351519
"Zm00001eb118820",7,"C6",0.712983577612105
"Zm00001eb339200",7,"C6",0.712694300468403
"Zm00001eb249160",7,"C6",0.710226235718552
"Zm00001eb354140",7,"C6",0.70766483894793
"Zm00001eb153010",7,"C6",0.706823814498134
"Zm00001eb323620",7,"C6",0.706427416824411
"Zm00001eb199660",7,"C6",0.705188918818413
"Zm00001eb030640",7,"C6",0.702282734484095
"Zm00001eb096980",7,"C6",0.701974195944829
"Zm00001eb233170",7,"C6",0.701512565413171
"Zm00001eb223200",7,"C6",0.699655138703794
"Zm00001eb060520",7,"C6",0.698045946260808
"Zm00001eb304560",7,"C6",0.697930251045238
"Zm00001eb349920",7,"C6",0.695436557687833
"Zm00001eb249940",7,"C6",0.69418889774598
"Zm00001eb264960",7,"C6",0.694129847549679
"Zm00001eb108360",7,"C6",0.692524770655526
"Zm00001eb298480",7,"C6",0.692359992060577
"Zm00001eb382240",7,"C6",0.691976249971172
"Zm00001eb063800",7,"C6",0.691315348428539
"Zm00001eb037350",7,"C6",0.690003459700425
"Zm00001eb326850",7,"C6",0.687584792446726
"Zm00001eb002810",7,"C6",0.686678086042946
"Zm00001eb290370",7,"C6",0.68172369828856
"Zm00001eb149980",7,"C6",0.675570459632295
"Zm00001eb243180",7,"C6",0.673095052424221
"Zm00001eb031790",7,"C6",0.672391542493786
"Zm00001eb205430",7,"C6",0.669619039142452
"Zm00001eb104610",7,"C6",0.669133677947261
"Zm00001eb025410",7,"C6",0.668013620220763
"Zm00001eb340720",7,"C6",0.665637896479553
"Zm00001eb356170",7,"C6",0.665340830723041
"Zm00001eb253470",7,"C6",0.662374511225572
"Zm00001eb343840",7,"C6",0.660282641325427
"Zm00001eb306400",7,"C6",0.659571378941271
"Zm00001eb093640",7,"C6",0.653648850137664
"Zm00001eb374110",7,"C6",0.65099847085206
"Zm00001eb335880",7,"C6",0.648231098092512
"Zm00001eb333970",7,"C6",0.64651783785053
"Zm00001eb016450",7,"C6",0.646151428965932
"Zm00001eb345740",7,"C6",0.644860042852822
"Zm00001eb378740",7,"C6",0.643560418229017
"Zm00001eb231880",7,"C6",0.642638997037671
"Zm00001eb412370",7,"C6",0.64139518385547
"Zm00001eb172110",7,"C6",0.640096136647541
"Zm00001eb242100",7,"C6",0.638910520671291
"Zm00001eb070250",7,"C6",0.638753512099894
"Zm00001eb378210",7,"C6",0.635656739519903
"Zm00001eb129320",7,"C6",0.635387593335089
"Zm00001eb326330",7,"C6",0.632556093317185
"Zm00001eb376970",7,"C6",0.632422186060884
"Zm00001eb297260",7,"C6",0.632185490118189
"Zm00001eb394600",7,"C6",0.630370969369075
"Zm00001eb010040",7,"C6",0.621515014216401
"Zm00001eb096510",7,"C6",0.618329265080465
"Zm00001eb064920",7,"C6",0.616612088398824
"Zm00001eb306030",7,"C6",0.612737421768695
"Zm00001eb294690",7,"C6",0.612358079034327
"Zm00001eb304310",7,"C6",0.611330010486159
"Zm00001eb014600",7,"C6",0.611084719904345
"Zm00001eb054480",7,"C6",0.608394949731519
"Zm00001eb399190",7,"C6",0.605229666882204
"Zm00001eb089660",7,"C6",0.604227080877807
"Zm00001eb131900",7,"C6",0.604056829437472
"Zm00001eb203950",7,"C6",0.604017758116717
"Zm00001eb281960",7,"C6",0.601047776633544
"Zm00001eb389540",7,"C6",0.600455804607418
"Zm00001eb313850",7,"C6",0.599399629386212
"Zm00001eb410930",7,"C6",0.599112403289326
"Zm00001eb418910",7,"C6",0.598719090331275
"Zm00001eb318820",7,"C6",0.598226018395323
"Zm00001eb256970",7,"C6",0.593425547891832
"Zm00001eb019470",7,"C6",0.593367869581898
"Zm00001eb107990",7,"C6",0.588322646439319
"Zm00001eb387030",7,"C6",0.587499774109358
"Zm00001eb060130",7,"C6",0.587453236723088
"Zm00001eb241600",7,"C6",0.585953877566532
"Zm00001eb228860",7,"C6",0.582761729119711
"Zm00001eb102200",7,"C6",0.580874233350934
"Zm00001eb057400",7,"C6",0.578014750153274
"Zm00001eb404400",7,"C6",0.577835399316656
"Zm00001eb413160",7,"C6",0.573883345047827
"Zm00001eb046840",7,"C6",0.572718237265334
"Zm00001eb207490",7,"C6",0.572046454402181
"Zm00001eb176270",7,"C6",0.571940769636446
"Zm00001eb096970",7,"C6",0.570914103256318
"Zm00001eb248840",7,"C6",0.570901482162459
"Zm00001eb331450",7,"C6",0.565348754383442
"Zm00001eb238780",7,"C6",0.565173943395794
"Zm00001eb359410",7,"C6",0.564958597257122
"Zm00001eb288920",7,"C6",0.563808420521389
"Zm00001eb314620",7,"C6",0.563706619279062
"Zm00001eb158170",7,"C6",0.56267991450862
"Zm00001eb387570",7,"C6",0.562024154321345
"Zm00001eb203470",7,"C6",0.559919713293834
"Zm00001eb244200",7,"C6",0.559718452972962
"Zm00001eb372130",7,"C6",0.559683138523833
"Zm00001eb031150",7,"C6",0.558075899297804
"Zm00001eb045860",7,"C6",0.55719211996257
"Zm00001eb134330",7,"C6",0.554326354442623
"Zm00001eb410170",7,"C6",0.553290094830792
"Zm00001eb238900",7,"C6",0.55267020681289
"Zm00001eb125880",7,"C6",0.551069350360753
"Zm00001eb432360",7,"C6",0.549646319823004
"Zm00001eb122860",7,"C6",0.549318919602521
"Zm00001eb311560",7,"C6",0.549041343754336
"Zm00001eb306260",7,"C6",0.549038667215575
"Zm00001eb166450",7,"C6",0.548795753041215
"Zm00001eb056390",7,"C6",0.54876036750454
"Zm00001eb056960",7,"C6",0.547456002874807
"Zm00001eb256470",7,"C6",0.546931097124592
"Zm00001eb006000",7,"C6",0.546786052907963
"Zm00001eb293360",7,"C6",0.546740141646233
"Zm00001eb360800",7,"C6",0.546407020118886
"Zm00001eb022230",7,"C6",0.542268663591379
"Zm00001eb121650",7,"C6",0.541231206902316
"Zm00001eb089800",7,"C6",0.540950774568614
"Zm00001eb179000",7,"C6",0.539208852473002
"Zm00001eb145810",7,"C6",0.53814467196107
"Zm00001eb168430",7,"C6",0.535719368206707
"Zm00001eb243470",7,"C6",0.535220352772419
"Zm00001eb015440",7,"C6",0.534345688415392
"Zm00001eb319710",7,"C6",0.532135080443771
"Zm00001eb036930",7,"C6",0.532097601108277
"Zm00001eb013120",7,"C6",0.530860418903713
"Zm00001eb163520",7,"C6",0.529252295558953
"Zm00001eb265610",7,"C6",0.52681162902631
"Zm00001eb178010",7,"C6",0.526633484859325
"Zm00001eb202390",7,"C6",0.523535491241198
"Zm00001eb065340",7,"C6",0.523518875910039
"Zm00001eb191930",7,"C6",0.523331244063779
"Zm00001eb102480",7,"C6",0.52076761450374
"Zm00001eb065790",7,"C6",0.520385481132526
"Zm00001eb332530",7,"C6",0.518367352948546
"Zm00001eb272550",7,"C6",0.517899468231657
"Zm00001eb079330",7,"C6",0.514677149433739
"Zm00001eb036760",7,"C6",0.513846191464211
"Zm00001eb344570",7,"C6",0.513577474212996
"Zm00001eb409530",7,"C6",0.511844762407528
"Zm00001eb159440",7,"C6",0.511766154385989
"Zm00001eb260140",7,"C6",0.51135331665621
"Zm00001eb432170",7,"C6",0.510410827090131
"Zm00001eb353180",7,"C6",0.507993864538328
"Zm00001eb058590",7,"C6",0.50680758174202
"Zm00001eb278180",7,"C6",0.505355621516527
"Zm00001eb222420",7,"C6",0.504625758911607
"Zm00001eb000770",7,"C6",0.503616220426228
"Zm00001eb301210",7,"C6",0.503511326596173
"Zm00001eb099580",7,"C6",0.501598041481307
"Zm00001eb119630",7,"C6",0.501449135432446
"Zm00001eb212270",7,"C6",0.49596287602553
"Zm00001eb120100",7,"C6",0.495596051239799
"Zm00001eb245560",7,"C6",0.494244698518821
"Zm00001eb257910",7,"C6",0.493528227769845
"Zm00001eb110300",7,"C6",0.492892222148039
"Zm00001eb296060",7,"C6",0.492578980468536
"Zm00001eb204600",7,"C6",0.492085598452129
"Zm00001eb291460",7,"C6",0.492033065006809
"Zm00001eb212760",7,"C6",0.490765082882626
"Zm00001eb123260",7,"C6",0.489669917124931
"Zm00001eb054680",7,"C6",0.488386759028465
"Zm00001eb063500",7,"C6",0.488193435627401
"Zm00001eb420640",7,"C6",0.486919339191473
"Zm00001eb148920",7,"C6",0.485914148300975
"Zm00001eb354180",7,"C6",0.485083549933843
"Zm00001eb095510",7,"C6",0.484519556484658
"Zm00001eb395750",7,"C6",0.484270118255823
"Zm00001eb041400",7,"C6",0.483920228812197
"Zm00001eb070150",7,"C6",0.483227433638908
"Zm00001eb360030",7,"C6",0.482807790337961
"Zm00001eb198120",7,"C6",0.481904525208867
"Zm00001eb012060",7,"C6",0.481673663687316
"Zm00001eb038710",7,"C6",0.481201042589588
"Zm00001eb285690",7,"C6",0.481081659953253
"Zm00001eb368010",7,"C6",0.480856395302671
"Zm00001eb086990",7,"C6",0.480592421658456
"Zm00001eb379070",7,"C6",0.479941658637098
"Zm00001eb256910",7,"C6",0.478050600021809
"Zm00001eb306650",7,"C6",0.477927539075668
"Zm00001eb152250",7,"C6",0.476452204484926
"Zm00001eb358170",7,"C6",0.473923409316423
"Zm00001eb387010",7,"C6",0.473728320917634
"Zm00001eb325830",7,"C6",0.472665885724656
"Zm00001eb395970",7,"C6",0.472123219727585
"Zm00001eb270650",7,"C6",0.471722390980025
"Zm00001eb150730",7,"C6",0.470008095084281
"Zm00001eb061190",7,"C6",0.469958631796691
"Zm00001eb323100",7,"C6",0.468523181654324
"Zm00001eb061850",7,"C6",0.467978948210439
"Zm00001eb414640",7,"C6",0.467293151322935
"Zm00001eb189980",7,"C6",0.467221952726584
"Zm00001eb163710",7,"C6",0.466617699275359
"Zm00001eb351280",7,"C6",0.466209468900757
"Zm00001eb433750",7,"C6",0.463927360757904
"Zm00001eb046120",7,"C6",0.463446371016394
"Zm00001eb196030",7,"C6",0.463018975581237
"Zm00001eb064650",7,"C6",0.459173367663785
"Zm00001eb104680",7,"C6",0.458511500946412
"Zm00001eb269510",7,"C6",0.45810856680086
"Zm00001eb035260",7,"C6",0.455147575069103
"Zm00001eb320900",7,"C6",0.454929170875058
"Zm00001eb106630",7,"C6",0.452918694132744
"Zm00001eb316450",7,"C6",0.452633376225698
"Zm00001eb353840",7,"C6",0.452526204139685
"Zm00001eb127550",7,"C6",0.451905481984693
"Zm00001eb330600",7,"C6",0.45119888381309
"Zm00001eb051950",7,"C6",0.449218234081267
"Zm00001eb095350",7,"C6",0.448848795631379
"Zm00001eb204260",7,"C6",0.448175715112938
"Zm00001eb029010",7,"C6",0.442587300852845
"Zm00001eb157530",7,"C6",0.440660252194294
"Zm00001eb011050",7,"C6",0.440373168135406
"Zm00001eb277840",7,"C6",0.440311470322646
"Zm00001eb090170",7,"C6",0.43907284791673
"Zm00001eb037690",7,"C6",0.433673561928561
"Zm00001eb009070",7,"C6",0.433322939660277
"Zm00001eb348730",7,"C6",0.432240458748779
"Zm00001eb070310",7,"C6",0.430320993755909
"Zm00001eb250480",7,"C6",0.429475172128289
"Zm00001eb061180",7,"C6",0.428587351917094
"Zm00001eb288290",7,"C6",0.427843662744632
"Zm00001eb320750",7,"C6",0.427388192873478
"Zm00001eb144680",7,"C6",0.427231007811881
"Zm00001eb266430",7,"C6",0.427214331401281
"Zm00001eb054910",7,"C6",0.427162942060716
"Zm00001eb248250",7,"C6",0.425987873288796
"Zm00001eb310990",7,"C6",0.425818520579277
"Zm00001eb058330",7,"C6",0.425389879633739
"Zm00001eb386180",7,"C6",0.425077642457021
"Zm00001eb329980",7,"C6",0.424840810197492
"Zm00001eb414030",7,"C6",0.42264172323472
"Zm00001eb312170",7,"C6",0.421824687229324
"Zm00001eb287890",7,"C6",0.42083242751686
"Zm00001eb103010",7,"C6",0.420831818586517
"Zm00001eb031330",7,"C6",0.420735296531458
"Zm00001eb120910",7,"C6",0.42069741124313
"Zm00001eb361460",7,"C6",0.419649462473944
"Zm00001eb039610",7,"C6",0.41821138694999
"Zm00001eb198580",7,"C6",0.417567515067344
"Zm00001eb000990",7,"C6",0.417477044494781
"Zm00001eb219300",7,"C6",0.416978213757036
"Zm00001eb237390",7,"C6",0.412563042884536
"Zm00001eb327780",7,"C6",0.411811833424657
"Zm00001eb367890",7,"C6",0.411094327604335
"Zm00001eb179170",7,"C6",0.410199282215889
"Zm00001eb185090",7,"C6",0.408909973192088
"Zm00001eb185800",7,"C6",0.407624153641284
"Zm00001eb241690",7,"C6",0.406649168389295
"Zm00001eb183950",7,"C6",0.405005292322952
"Zm00001eb368060",7,"C6",0.404918609421627
"Zm00001eb353560",7,"C6",0.404388467079937
"Zm00001eb089590",7,"C6",0.402778690185766
"Zm00001eb074350",7,"C6",0.401022683323328
"Zm00001eb110000",7,"C6",0.400677463395066
"Zm00001eb328490",7,"C6",0.400313111435063
"Zm00001eb329490",7,"C6",0.399628749466799
"Zm00001eb238170",7,"C6",0.399062862506904
"Zm00001eb314390",7,"C6",0.398426399470294
"Zm00001eb111660",7,"C6",0.398335153473125
"Zm00001eb175590",7,"C6",0.398252584912401
"Zm00001eb339940",7,"C6",0.397601214890408
"Zm00001eb293670",7,"C6",0.397215720604989
"Zm00001eb115230",7,"C6",0.39719306535057
"Zm00001eb303110",7,"C6",0.396626797985292
"Zm00001eb157310",7,"C6",0.396555038521765
"Zm00001eb300250",7,"C6",0.396055999773603
"Zm00001eb161490",7,"C6",0.394979522119877
"Zm00001eb355240",7,"C6",0.394935484457089
"Zm00001eb019830",7,"C6",0.394612414951116
"Zm00001eb324270",7,"C6",0.393794115888382
"Zm00001eb356320",7,"C6",0.39331987599456
"Zm00001eb383120",7,"C6",0.393315780906655
"Zm00001eb192110",7,"C6",0.393192166595972
"Zm00001eb372570",7,"C6",0.392254082187368
"Zm00001eb063110",7,"C6",0.391636649458201
"Zm00001eb265270",7,"C6",0.390813670689657
"Zm00001eb328410",7,"C6",0.390261881456458
"Zm00001eb355570",7,"C6",0.389845488904492
"Zm00001eb140320",7,"C6",0.388652613060215
"Zm00001eb376510",7,"C6",0.388505794448408
"Zm00001eb025170",7,"C6",0.38845574043055
"Zm00001eb003360",7,"C6",0.387253233543897
"Zm00001eb369750",7,"C6",0.387039773146384
"Zm00001eb313530",7,"C6",0.386732477208902
"Zm00001eb016750",7,"C6",0.385490233766452
"Zm00001eb190810",7,"C6",0.38442104109018
"Zm00001eb066660",7,"C6",0.383606928099674
"Zm00001eb312820",7,"C6",0.383004387074448
"Zm00001eb125340",7,"C6",0.382361912121391
"Zm00001eb210860",7,"C6",0.381512768828523
"Zm00001eb423540",7,"C6",0.380487093935242
"Zm00001eb301150",7,"C6",0.380055451747414
"Zm00001eb283490",7,"C6",0.377994811499703
"Zm00001eb375730",7,"C6",0.373147077328922
"Zm00001eb224120",7,"C6",0.372922302636362
"Zm00001eb094580",7,"C6",0.371578511921138
"Zm00001eb317090",7,"C6",0.37095946237164
"Zm00001eb115800",7,"C6",0.368230643975443
"Zm00001eb417200",7,"C6",0.368041810008293
"Zm00001eb196470",7,"C6",0.365795768102624
"Zm00001eb365810",7,"C6",0.365446182140573
"Zm00001eb298300",7,"C6",0.364489675138324
"Zm00001eb315020",7,"C6",0.364259391445835
"Zm00001eb037200",7,"C6",0.363612253457268
"Zm00001eb170870",7,"C6",0.362725036209011
"Zm00001eb225230",7,"C6",0.362667349433781
"Zm00001eb063680",7,"C6",0.362075926126841
"Zm00001eb278140",7,"C6",0.36133184801621
"Zm00001eb075800",7,"C6",0.361207634929751
"Zm00001eb243380",7,"C6",0.360829629392704
"Zm00001eb379100",7,"C6",0.359185891270713
"Zm00001eb183370",7,"C6",0.357582748737314
"Zm00001eb117510",7,"C6",0.356739461139017
"Zm00001eb022050",7,"C6",0.354872748496078
"Zm00001eb360590",7,"C6",0.354071124466694
"Zm00001eb169590",7,"C6",0.353755358307881
"Zm00001eb219770",7,"C6",0.35338492050405
"Zm00001eb282120",7,"C6",0.352767597836468
"Zm00001eb225770",7,"C6",0.352216344663477
"Zm00001eb320510",7,"C6",0.351153760744233
"Zm00001eb005220",7,"C6",0.35076548010897
"Zm00001eb181990",7,"C6",0.349691120679821
"Zm00001eb362030",7,"C6",0.347177637298243
"Zm00001eb098340",7,"C6",0.34704594008897
"Zm00001eb162550",7,"C6",0.346889287737095
"Zm00001eb227130",7,"C6",0.346724177904867
"Zm00001eb200620",7,"C6",0.346589366299405
"Zm00001eb222880",7,"C6",0.346377754562472
"Zm00001eb335140",7,"C6",0.346008272133882
"Zm00001eb346540",7,"C6",0.345755443254458
"Zm00001eb005430",7,"C6",0.3453155339992
"Zm00001eb363700",7,"C6",0.34490877290806
"Zm00001eb120900",7,"C6",0.343897909231526
"Zm00001eb156690",7,"C6",0.343618031717309
"Zm00001eb215890",7,"C6",0.343379790094293
"Zm00001eb081750",7,"C6",0.342372316195933
"Zm00001eb340490",7,"C6",0.341898522204358
"Zm00001eb059370",7,"C6",0.341887089407583
"Zm00001eb129440",7,"C6",0.340645629276127
"Zm00001eb339100",7,"C6",0.339722432156183
"Zm00001eb071460",7,"C6",0.339303256377078
"Zm00001eb415630",7,"C6",0.339058314650239
"Zm00001eb146670",7,"C6",0.338101612457169
"Zm00001eb339240",7,"C6",0.337975119989525
"Zm00001eb111350",7,"C6",0.336679978102568
"Zm00001eb160510",7,"C6",0.335340339577134
"Zm00001eb325820",7,"C6",0.332995723411642
"Zm00001eb078640",7,"C6",0.332808905740263
"Zm00001eb269870",7,"C6",0.331570775227536
"Zm00001eb167750",7,"C6",0.331311010111168
"Zm00001eb242630",7,"C6",0.329647503076715
"Zm00001eb333570",7,"C6",0.329415412413805
"Zm00001eb096030",7,"C6",0.329130712435993
"Zm00001eb069200",7,"C6",0.329057459622933
"Zm00001eb199960",7,"C6",0.328100283177823
"Zm00001eb249250",7,"C6",0.327800264682139
"Zm00001eb068910",7,"C6",0.327510841238148
"Zm00001eb168220",7,"C6",0.326620578913581
"Zm00001eb316620",7,"C6",0.326207516749399
"Zm00001eb265650",7,"C6",0.325506307167843
"Zm00001eb430480",7,"C6",0.32440387654372
"Zm00001eb195980",7,"C6",0.323103193612728
"Zm00001eb402180",7,"C6",0.322650344692623
"Zm00001eb194240",7,"C6",0.322393721393882
"Zm00001eb281920",7,"C6",0.322181697735037
"Zm00001eb254450",7,"C6",0.32173301654495
"Zm00001eb334210",7,"C6",0.321127547842121
"Zm00001eb133930",7,"C6",0.320566941813647
"Zm00001eb060660",7,"C6",0.319921340197186
"Zm00001eb161830",7,"C6",0.31943604807021
"Zm00001eb156780",7,"C6",0.318833506808298
"Zm00001eb002180",7,"C6",0.317926195195216
"Zm00001eb124210",7,"C6",0.31734658902913
"Zm00001eb309980",7,"C6",0.31722569326208
"Zm00001eb160350",7,"C6",0.317123012695764
"Zm00001eb355140",7,"C6",0.316817423580303
"Zm00001eb018670",7,"C6",0.316734106029559
"Zm00001eb349840",7,"C6",0.316671424727164
"Zm00001eb271440",7,"C6",0.316522864297122
"Zm00001eb345570",7,"C6",0.316035589216127
"Zm00001eb108280",7,"C6",0.314800163113717
"Zm00001eb349160",7,"C6",0.314578162721497
"Zm00001eb304890",7,"C6",0.313858661649347
"Zm00001eb404990",7,"C6",0.31329317560831
"Zm00001eb210730",7,"C6",0.312971639990461
"Zm00001eb004310",7,"C6",0.312808729289809
"Zm00001eb341220",7,"C6",0.312677801162915
"Zm00001eb024230",7,"C6",0.312336419944606
"Zm00001eb100260",7,"C6",0.311976566769751
"Zm00001eb318990",7,"C6",0.311918084769406
"Zm00001eb115370",7,"C6",0.311438293627386
"Zm00001eb219170",7,"C6",0.311393573633018
"Zm00001eb207530",7,"C6",0.310947983530656
"Zm00001eb216390",7,"C6",0.310798536982538
"Zm00001eb164310",7,"C6",0.310713884581142
"Zm00001eb201330",7,"C6",0.310590672287865
"Zm00001eb285830",7,"C6",0.310573861932686
"Zm00001eb053490",7,"C6",0.310088639220882
"Zm00001eb068980",7,"C6",0.30990444819254
"Zm00001eb345880",7,"C6",0.309881843783804
"Zm00001eb254390",7,"C6",0.309426889341189
"Zm00001eb372390",7,"C6",0.308927414368712
"Zm00001eb153460",7,"C6",0.308508844737166
"Zm00001eb148690",7,"C6",0.30799098533174
"Zm00001eb200130",7,"C6",0.307837951049187
"Zm00001eb110540",7,"C6",0.306669139177735
"Zm00001eb246530",7,"C6",0.306561845589802
"Zm00001eb292590",7,"C6",0.306554084271539
"Zm00001eb172140",7,"C6",0.306399709437696
"Zm00001eb354480",7,"C6",0.305554920307881
"Zm00001eb332990",7,"C6",0.305271750722197
"Zm00001eb390330",7,"C6",0.304874500861044
"Zm00001eb155310",7,"C6",0.304533323496997
"Zm00001eb349170",7,"C6",0.303410033602668
"Zm00001eb096680",7,"C6",0.30323743055156
"Zm00001eb310330",7,"C6",0.303210830491187
"Zm00001eb293070",7,"C6",0.303110015977824
"Zm00001eb332380",7,"C6",0.301620917537133
"Zm00001eb275750",7,"C6",0.301586101078271
"Zm00001eb070100",7,"C6",0.300292654370941
"Zm00001eb297860",7,"C6",0.300123545215147
"Zm00001eb386300",7,"C6",0.299651129776076
"Zm00001eb368380",7,"C6",0.299416185940161
"Zm00001eb064300",7,"C6",0.299193098605481
"Zm00001eb432500",7,"C6",0.298983280370651
"Zm00001eb428660",7,"C6",0.298160982805072
"Zm00001eb010590",7,"C6",0.297837536041525
"Zm00001eb144630",7,"C6",0.297608889190692
"Zm00001eb181880",7,"C6",0.297502623121712
"Zm00001eb374100",7,"C6",0.29673367994662
"Zm00001eb287830",7,"C6",0.295279245772815
"Zm00001eb409470",7,"C6",0.295038271722813
"Zm00001eb094410",7,"C6",0.294999746651345
"Zm00001eb014050",7,"C6",0.294838667219768
"Zm00001eb323590",7,"C6",0.29461669793183
"Zm00001eb288300",7,"C6",0.29409902439526
"Zm00001eb162560",7,"C6",0.294087650246057
"Zm00001eb318180",7,"C6",0.293912338238846
"Zm00001eb123280",7,"C6",0.293608218198262
"Zm00001eb385960",7,"C6",0.292770796765842
"Zm00001eb036970",7,"C6",0.292422447968291
"Zm00001eb418040",7,"C6",0.290783850139536
"Zm00001eb103800",7,"C6",0.290373648339507
"Zm00001eb214720",7,"C6",0.28982504419184
"Zm00001eb112480",7,"C6",0.289537728950187
"Zm00001eb223680",7,"C6",0.288945318042655
"Zm00001eb011960",7,"C6",0.288778006757091
"Zm00001eb324700",7,"C6",0.288255739646206
"Zm00001eb162060",7,"C6",0.288106066286855
"Zm00001eb415470",7,"C6",0.287962157911578
"Zm00001eb145820",7,"C6",0.287803388594369
"Zm00001eb359140",7,"C6",0.28773480861354
"Zm00001eb191710",7,"C6",0.287426332729751
"Zm00001eb416990",7,"C6",0.286633998625716
"Zm00001eb146400",7,"C6",0.286315888592273
"Zm00001eb393530",7,"C6",0.285918899087805
"Zm00001eb395120",7,"C6",0.285681609078397
"Zm00001eb368270",7,"C6",0.28453057402609
"Zm00001eb284320",7,"C6",0.283931473382758
"Zm00001eb041140",7,"C6",0.283505867607877
"Zm00001eb130640",7,"C6",0.282696106813747
"Zm00001eb058260",7,"C6",0.282084786225086
"Zm00001eb172230",7,"C6",0.281571803766026
"Zm00001eb075030",7,"C6",0.281382164516386
"Zm00001eb388990",7,"C6",0.281320164493332
"Zm00001eb355120",7,"C6",0.281218281057982
"Zm00001eb209770",7,"C6",0.280545872066399
"Zm00001eb424420",7,"C6",0.280040667878292
"Zm00001eb021380",7,"C6",0.27924471156191
"Zm00001eb183760",7,"C6",0.278561203464644
"Zm00001eb118830",7,"C6",0.277871458869982
"Zm00001eb123220",7,"C6",0.276993494482782
"Zm00001eb099480",7,"C6",0.276447414083759
"Zm00001eb398400",7,"C6",0.276442692501761
"Zm00001eb347540",7,"C6",0.276225188706508
"Zm00001eb002690",7,"C6",0.276043009950584
"Zm00001eb076240",7,"C6",0.274500299119761
"Zm00001eb130620",7,"C6",0.273543291741629
"Zm00001eb084750",7,"C6",0.273458914349412
"Zm00001eb103900",7,"C6",0.273210155950325
"Zm00001eb233650",7,"C6",0.272888503794385
"Zm00001eb279070",7,"C6",0.272346542931019
"Zm00001eb250210",7,"C6",0.27195777577067
"Zm00001eb259360",7,"C6",0.271897492710297
"Zm00001eb397670",7,"C6",0.271841153294042
"Zm00001eb198320",7,"C6",0.271153732097749
"Zm00001eb043590",7,"C6",0.2710476267981
"Zm00001eb093490",7,"C6",0.270675830082349
"Zm00001eb404730",7,"C6",0.270499277991109
"Zm00001eb336250",7,"C6",0.270210845293249
"Zm00001eb063230",7,"C6",0.269084274317268
"Zm00001eb243810",7,"C6",0.268239687401509
"Zm00001eb106580",7,"C6",0.267478560864541
"Zm00001eb389420",7,"C6",0.267240351887699
"Zm00001eb360890",7,"C6",0.266377540825489
"Zm00001eb190910",7,"C6",0.266111029011144
"Zm00001eb089390",7,"C6",0.265938442352707
"Zm00001eb341010",7,"C6",0.264618108138698
"Zm00001eb145100",7,"C6",0.264580301394831
"Zm00001eb034870",7,"C6",0.264481129436941
"Zm00001eb289490",7,"C6",0.26382660840087
"Zm00001eb384690",7,"C6",0.263360905323522
"Zm00001eb292310",7,"C6",0.262920381986955
"Zm00001eb429900",7,"C6",0.261811505358782
"Zm00001eb175630",7,"C6",0.261805045372432
"Zm00001eb091670",7,"C6",0.260164842614502
"Zm00001eb205960",7,"C6",0.259787807919944
"Zm00001eb172970",7,"C6",0.259539663546927
"Zm00001eb119890",7,"C6",0.259272962230513
"Zm00001eb064590",7,"C6",0.258686960235347
"Zm00001eb275570",7,"C6",0.258023740554451
"Zm00001eb226450",7,"C6",0.257980625630175
"Zm00001eb005440",7,"C6",0.257446777952098
"Zm00001eb051150",7,"C6",0.257211174981143
"Zm00001eb036370",7,"C6",0.256694816234248
"Zm00001eb134520",7,"C6",0.255689989897897
"Zm00001eb370180",7,"C6",0.25439588970285
"Zm00001eb217630",7,"C6",0.254307862582507
"Zm00001eb254940",7,"C6",0.254253126389628
"Zm00001eb251930",7,"C6",0.252285577301406
"Zm00001eb071430",7,"C6",0.252184520288608
"Zm00001eb207980",7,"C6",0.252097864452192
"Zm00001eb150630",7,"C6",0.252036005790503
"Zm00001eb316990",7,"C6",0.250269170350055
"Zm00001eb065460",7,"C6",0.250261144251551
"Zm00001eb370990",7,"C6",0.249569938018505
"Zm00001eb295940",7,"C6",0.249435260933091
"Zm00001eb355670",7,"C6",0.249326374152205
"Zm00001eb069000",7,"C6",0.24917308205985
"Zm00001eb249680",7,"C6",0.248994077118051
"Zm00001eb001810",7,"C6",0.248825610988534
"Zm00001eb150460",7,"C6",0.248410574640345
"Zm00001eb431050",7,"C6",0.247912610040175
"Zm00001eb296220",7,"C6",0.247847311842267
"Zm00001eb033670",7,"C6",0.247708226524246
"Zm00001eb311650",7,"C6",0.247684101545428
"Zm00001eb189150",7,"C6",0.247565138924726
"Zm00001eb156040",7,"C6",0.247027836833807
"Zm00001eb169920",7,"C6",0.24683913445936
"Zm00001eb334960",7,"C6",0.24676647236024
"Zm00001eb277560",7,"C6",0.246761106691638
"Zm00001eb065300",7,"C6",0.246586766959226
"Zm00001eb334770",7,"C6",0.245564622258895
"Zm00001eb411460",7,"C6",0.245285300587628
"Zm00001eb020590",7,"C6",0.244791649948067
"Zm00001eb361470",7,"C6",0.244738258286407
"Zm00001eb037280",7,"C6",0.243291027763392
"Zm00001eb274190",7,"C6",0.243231488200925
"Zm00001eb354270",7,"C6",0.242871215194893
"Zm00001eb395610",7,"C6",0.242589965312169
"Zm00001eb344850",7,"C6",0.242310611892397
"Zm00001eb017320",7,"C6",0.242117190484648
"Zm00001eb342050",7,"C6",0.241534345689743
"Zm00001eb414690",7,"C6",0.241491917377332
"Zm00001eb124200",7,"C6",0.240862516749557
"Zm00001eb368150",7,"C6",0.240649680500221
"Zm00001eb054140",7,"C6",0.24030298058331
"Zm00001eb062050",7,"C6",0.240001260574004
"Zm00001eb251510",7,"C6",0.239519207268535
"Zm00001eb319050",7,"C6",0.239451093767576
"Zm00001eb391280",7,"C6",0.239427820248262
"Zm00001eb338240",7,"C6",0.239313683794542
"Zm00001eb146500",7,"C6",0.239148822332674
"Zm00001eb321380",7,"C6",0.239121497504343
"Zm00001eb053520",7,"C6",0.238711031490887
"Zm00001eb076600",7,"C6",0.238426674636571
"Zm00001eb183830",7,"C6",0.237339525760965
"Zm00001eb400470",7,"C6",0.237229072453544
"Zm00001eb215980",7,"C6",0.23670903893712
"Zm00001eb177120",7,"C6",0.236689670784775
"Zm00001eb034840",7,"C6",0.236620099619084
"Zm00001eb232710",7,"C6",0.2356812573255
"Zm00001eb293190",7,"C6",0.23538601970884
"Zm00001eb237650",7,"C6",0.234885604932796
"Zm00001eb011300",7,"C6",0.234848790324782
"Zm00001eb177930",7,"C6",0.234575688318079
"Zm00001eb070550",7,"C6",0.234333934128328
"Zm00001eb071360",7,"C6",0.233253234401252
"Zm00001eb369170",7,"C6",0.233181954891189
"Zm00001eb377430",7,"C6",0.232716087376583
"Zm00001eb149230",7,"C6",0.232508089776007
"Zm00001eb338590",7,"C6",0.232434917695915
"Zm00001eb340280",7,"C6",0.231040868540888
"Zm00001eb324590",7,"C6",0.230778274140129
"Zm00001eb089090",7,"C6",0.230653429363778
"Zm00001eb433870",7,"C6",0.230418351135391
"Zm00001eb193370",7,"C6",0.230295228258776
"Zm00001eb269520",7,"C6",0.229938603014918
"Zm00001eb388050",7,"C6",0.229704868674011
"Zm00001eb287230",7,"C6",0.229634775854221
"Zm00001eb106240",7,"C6",0.228846076738971
"Zm00001eb358000",7,"C6",0.228648831705357
"Zm00001eb345260",7,"C6",0.228042253215041
"Zm00001eb327740",7,"C6",0.228005306675292
"Zm00001eb369360",7,"C6",0.227842292500052
"Zm00001eb109190",7,"C6",0.2276812502852
"Zm00001eb363960",7,"C6",0.227244665982046
"Zm00001eb208580",7,"C6",0.226551624954175
"Zm00001eb389660",7,"C6",0.226060620040523
"Zm00001eb320790",7,"C6",0.224507525007761
"Zm00001eb041480",7,"C6",0.223457443507726
"Zm00001eb352760",7,"C6",0.223433523638452
"Zm00001eb032500",7,"C6",0.223187616572786
"Zm00001eb378170",7,"C6",0.223053254615201
"Zm00001eb050760",7,"C6",0.223012731719833
"Zm00001eb072810",7,"C6",0.222607680690154
"Zm00001eb379130",7,"C6",0.222554589832708
"Zm00001eb002570",7,"C6",0.222438278453564
"Zm00001eb317030",7,"C6",0.222315592055863
"Zm00001eb078770",7,"C6",0.221005216662731
"Zm00001eb403930",7,"C6",0.21999615039248
"Zm00001eb051780",7,"C6",0.219457213374617
"Zm00001eb126690",7,"C6",0.219291286349087
"Zm00001eb107970",7,"C6",0.2184066359949
"Zm00001eb194680",7,"C6",0.218182041223899
"Zm00001eb041170",7,"C6",0.218032385205686
"Zm00001eb360360",7,"C6",0.217662610609514
"Zm00001eb041840",7,"C6",0.21699518714917
"Zm00001eb171990",7,"C6",0.216793352797781
"Zm00001eb001560",7,"C6",0.216448545156778
"Zm00001eb223320",7,"C6",0.216395597685319
"Zm00001eb109570",7,"C6",0.216249797335427
"Zm00001eb032800",7,"C6",0.216191100765896
"Zm00001eb279020",7,"C6",0.215165633457831
"Zm00001eb085510",7,"C6",0.214501202469605
"Zm00001eb079380",7,"C6",0.214277602364329
"Zm00001eb408790",7,"C6",0.214189720084092
"Zm00001eb235810",7,"C6",0.21406407123384
"Zm00001eb070480",7,"C6",0.213945519253743
"Zm00001eb143430",7,"C6",0.213932595975206
"Zm00001eb015230",7,"C6",0.21393157371823
"Zm00001eb207370",7,"C6",0.213302424383631
"Zm00001eb373120",7,"C6",0.213260818394273
"Zm00001eb181710",7,"C6",0.21258765724118
"Zm00001eb006870",7,"C6",0.211307159085643
"Zm00001eb434070",7,"C6",0.211152329770139
"Zm00001eb285010",7,"C6",0.211145816628951
"Zm00001eb251500",7,"C6",0.211127674485965
"Zm00001eb032930",7,"C6",0.211077602312404
"Zm00001eb113350",7,"C6",0.210520708462653
"Zm00001eb394660",7,"C6",0.210207717848116
"Zm00001eb119320",7,"C6",0.21006557409385
"Zm00001eb307650",7,"C6",0.209838609988143
"Zm00001eb106830",7,"C6",0.209170772242864
"Zm00001eb290310",7,"C6",0.209102718643912
"Zm00001eb016320",7,"C6",0.209058514466708
"Zm00001eb321550",7,"C6",0.208868351476247
"Zm00001eb278230",7,"C6",0.208856066443538
"Zm00001eb415450",7,"C6",0.208778078409876
"Zm00001eb072330",7,"C6",0.208568082492266
"Zm00001eb225410",7,"C6",0.208326361215098
"Zm00001eb360560",7,"C6",0.208002717108193
"Zm00001eb104710",7,"C6",0.207683011340653
"Zm00001eb269160",7,"C6",0.207621267283476
"Zm00001eb013250",7,"C6",0.207513779918253
"Zm00001eb411490",7,"C6",0.207474394907014
"Zm00001eb178690",7,"C6",0.207353166904736
"Zm00001eb252690",7,"C6",0.206771737078203
"Zm00001eb265040",7,"C6",0.206073102419606
"Zm00001eb149720",7,"C6",0.206051395564598
"Zm00001eb112360",7,"C6",0.206001477289413
"Zm00001eb014490",7,"C6",0.205990506904222
"Zm00001eb327160",7,"C6",0.205800272108351
"Zm00001eb049140",7,"C6",0.205654257249243
"Zm00001eb204010",7,"C6",0.204957615500008
"Zm00001eb176850",7,"C6",0.204954405856548
"Zm00001eb406810",7,"C6",0.20467127036469
"Zm00001eb135920",7,"C6",0.204495295540883
"Zm00001eb032230",7,"C6",0.204415988957661
"Zm00001eb414700",7,"C6",0.204045532463886
"Zm00001eb413790",7,"C6",0.203326523111567
"Zm00001eb322740",7,"C6",0.203300241138659
"Zm00001eb101670",7,"C6",0.202819642861403
"Zm00001eb005530",7,"C6",0.202787876335089
"Zm00001eb301590",7,"C6",0.202706894195104
"Zm00001eb269770",7,"C6",0.201723057224062
"Zm00001eb193700",7,"C6",0.201571258541754
"Zm00001eb214000",7,"C6",0.201540453174127
"Zm00001eb066590",7,"C6",0.201499953198695
"Zm00001eb403980",7,"C6",0.201485304235738
"Zm00001eb396610",7,"C6",0.201155649471498
"Zm00001eb023450",7,"C6",0.201127792807629
"Zm00001eb292430",7,"C6",0.200582086851136
"Zm00001eb169630",7,"C6",0.199361298193296
"Zm00001eb238680",7,"C6",0.199027141630534
"Zm00001eb125980",7,"C6",0.19872902874059
"Zm00001eb205810",7,"C6",0.198538894188627
"Zm00001eb023950",7,"C6",0.198359544935451
"Zm00001eb142170",7,"C6",0.198075919192818
"Zm00001eb124300",7,"C6",0.197921304752698
"Zm00001eb370620",7,"C6",0.197788434675793
"Zm00001eb017070",7,"C6",0.197157125432382
"Zm00001eb286850",7,"C6",0.197141583947821
"Zm00001eb178040",7,"C6",0.195827857420078
"Zm00001eb032110",7,"C6",0.194901793594425
"Zm00001eb198140",7,"C6",0.194812183124833
"Zm00001eb359610",7,"C6",0.194280139088858
"Zm00001eb244120",7,"C6",0.193300631662957
"Zm00001eb349520",7,"C6",0.193044547355365
"Zm00001eb177690",7,"C6",0.192924532858857
"Zm00001eb016180",7,"C6",0.192871188849068
"Zm00001eb011990",7,"C6",0.192785404212011
"Zm00001eb144610",7,"C6",0.192512839145606
"Zm00001eb434140",7,"C6",0.192367940544548
"Zm00001eb328970",7,"C6",0.192066723627283
"Zm00001eb174120",7,"C6",0.191928973796625
"Zm00001eb273590",7,"C6",0.189917632972801
"Zm00001eb224570",7,"C6",0.18980521916862
"Zm00001eb064990",7,"C6",0.18930212568884
"Zm00001eb205780",7,"C6",0.188271179972419
"Zm00001eb032690",1,"C7",4.52221626424973
"Zm00001eb267030",1,"C7",4.13022479540213
"Zm00001eb013080",1,"C7",2.74429157727715
"Zm00001eb164860",1,"C7",2.33968350075348
"Zm00001eb170020",1,"C7",2.29493232679544
"Zm00001eb078440",1,"C7",2.21538597987459
"Zm00001eb360190",1,"C7",2.18928661552522
"Zm00001eb016940",1,"C7",2.12024198597935
"Zm00001eb387070",1,"C7",2.09648820551233
"Zm00001eb299450",1,"C7",2.02972593519214
"Zm00001eb130870",1,"C7",2.02821526884041
"Zm00001eb165550",1,"C7",2.0189631521579
"Zm00001eb406570",1,"C7",1.93930680163097
"Zm00001eb137410",1,"C7",1.92094148910233
"Zm00001eb003730",1,"C7",1.90064223622874
"Zm00001eb142220",1,"C7",1.88531121774115
"Zm00001eb013900",1,"C7",1.79939237424175
"Zm00001eb353970",1,"C7",1.72467977229685
"Zm00001eb354640",1,"C7",1.67567302235849
"Zm00001eb340450",1,"C7",1.67046059916898
"Zm00001eb329550",1,"C7",1.47975104771815
"Zm00001eb206040",1,"C7",1.43942666758762
"Zm00001eb033030",1,"C7",1.42152331299642
"Zm00001eb144960",1,"C7",1.3967606270401
"Zm00001eb403640",1,"C7",1.38988899089034
"Zm00001eb200880",1,"C7",1.37576206655273
"Zm00001eb406100",1,"C7",1.36909560794672
"Zm00001eb137430",1,"C7",1.33341574070791
"Zm00001eb165610",1,"C7",1.3290984080424
"Zm00001eb255240",1,"C7",1.32089748303933
"Zm00001eb137480",1,"C7",1.30303312837171
"Zm00001eb127690",1,"C7",1.30292799034451
"Zm00001eb137390",1,"C7",1.27932485193467
"Zm00001eb387780",1,"C7",1.27223669287514
"Zm00001eb236430",1,"C7",1.22117435899381
"Zm00001eb322690",1,"C7",1.21639961749713
"Zm00001eb011670",1,"C7",1.20962622826084
"Zm00001eb373290",1,"C7",1.20879702928377
"Zm00001eb369350",1,"C7",1.20796473952562
"Zm00001eb209570",1,"C7",1.19933111362317
"Zm00001eb414460",1,"C7",1.14665604451133
"Zm00001eb419110",1,"C7",1.13111869643096
"Zm00001eb229450",1,"C7",1.12172164314186
"Zm00001eb208540",1,"C7",1.10611772610209
"Zm00001eb279430",1,"C7",1.10584148068411
"Zm00001eb220910",1,"C7",1.0934347303047
"Zm00001eb296090",1,"C7",1.09110668016245
"Zm00001eb097730",1,"C7",1.08627209750339
"Zm00001eb264880",1,"C7",1.08286616751142
"Zm00001eb079780",1,"C7",1.07656540809914
"Zm00001eb137740",1,"C7",1.07439200074444
"Zm00001eb163910",1,"C7",1.05861354870751
"Zm00001eb120200",1,"C7",1.03659427860072
"Zm00001eb080380",1,"C7",1.02731099694558
"Zm00001eb151750",1,"C7",1.01968772020812
"Zm00001eb157850",1,"C7",1.00084637855955
"Zm00001eb144930",1,"C7",0.994690647129223
"Zm00001eb387920",1,"C7",0.993222438472061
"Zm00001eb043440",1,"C7",0.983745253241292
"Zm00001eb272050",1,"C7",0.962577618068853
"Zm00001eb139140",1,"C7",0.961079158770767
"Zm00001eb221000",1,"C7",0.956835465582531
"Zm00001eb295610",1,"C7",0.944894328396679
"Zm00001eb227310",1,"C7",0.934436766760619
"Zm00001eb164750",1,"C7",0.929236221612005
"Zm00001eb243850",1,"C7",0.907646538621938
"Zm00001eb081030",1,"C7",0.907575308550704
"Zm00001eb068400",1,"C7",0.901878808991584
"Zm00001eb095390",1,"C7",0.897453862278568
"Zm00001eb138650",1,"C7",0.890964969862666
"Zm00001eb431990",1,"C7",0.88229298613852
"Zm00001eb291160",1,"C7",0.880466590458729
"Zm00001eb233450",1,"C7",0.877121003245844
"Zm00001eb061730",1,"C7",0.874741149617874
"Zm00001eb136750",1,"C7",0.870738146962365
"Zm00001eb200430",1,"C7",0.855964317030368
"Zm00001eb068040",1,"C7",0.853862997781907
"Zm00001eb226490",1,"C7",0.852985564149021
"Zm00001eb034220",1,"C7",0.838765347476025
"Zm00001eb168100",1,"C7",0.83614036829792
"Zm00001eb107480",1,"C7",0.826373153114823
"Zm00001eb309910",1,"C7",0.825194859244804
"Zm00001eb404790",1,"C7",0.822998555291549
"Zm00001eb068660",1,"C7",0.806971949691834
"Zm00001eb245320",1,"C7",0.804133680523183
"Zm00001eb144910",1,"C7",0.802399723023256
"Zm00001eb162620",1,"C7",0.794329537554293
"Zm00001eb128730",1,"C7",0.789680745534466
"Zm00001eb096870",1,"C7",0.783354332342786
"Zm00001eb116960",1,"C7",0.782077055689157
"Zm00001eb398410",1,"C7",0.781494511569408
"Zm00001eb344820",1,"C7",0.776967833419568
"Zm00001eb324240",1,"C7",0.771665063962694
"Zm00001eb154480",1,"C7",0.770747478508481
"Zm00001eb245610",1,"C7",0.768927985922031
"Zm00001eb116010",1,"C7",0.766310210089037
"Zm00001eb299990",1,"C7",0.764198931911447
"Zm00001eb327260",1,"C7",0.744550541311804
"Zm00001eb264660",1,"C7",0.73951136172819
"Zm00001eb167690",1,"C7",0.734665253302789
"Zm00001eb332050",1,"C7",0.733336080072734
"Zm00001eb314490",1,"C7",0.730054672404104
"Zm00001eb083680",1,"C7",0.729691761922804
"Zm00001eb230870",1,"C7",0.729583542230613
"Zm00001eb051040",1,"C7",0.728761810055693
"Zm00001eb404780",1,"C7",0.726205519534758
"Zm00001eb209760",1,"C7",0.718749707415265
"Zm00001eb080840",1,"C7",0.714124157360019
"Zm00001eb378020",1,"C7",0.711318564611749
"Zm00001eb364200",1,"C7",0.710953205837932
"Zm00001eb330460",1,"C7",0.708075458633625
"Zm00001eb355990",1,"C7",0.707234180974846
"Zm00001eb106430",1,"C7",0.705813269294068
"Zm00001eb363880",1,"C7",0.70567259358779
"Zm00001eb268830",1,"C7",0.6992004007797
"Zm00001eb245620",1,"C7",0.698742674944235
"Zm00001eb223860",1,"C7",0.695966925835765
"Zm00001eb074210",1,"C7",0.694048918314443
"Zm00001eb227740",1,"C7",0.691467263624991
"Zm00001eb090830",1,"C7",0.691232553074683
"Zm00001eb158100",1,"C7",0.689178068458078
"Zm00001eb306070",1,"C7",0.688883402463278
"Zm00001eb213670",1,"C7",0.685905290535387
"Zm00001eb417480",1,"C7",0.67717063439685
"Zm00001eb130500",1,"C7",0.673286962598242
"Zm00001eb336580",1,"C7",0.666402866436879
"Zm00001eb244650",1,"C7",0.664908837339134
"Zm00001eb418460",1,"C7",0.663781823309055
"Zm00001eb241500",1,"C7",0.65937172695604
"Zm00001eb059930",1,"C7",0.653347623974921
"Zm00001eb280560",1,"C7",0.65267009267656
"Zm00001eb002620",1,"C7",0.647865138343879
"Zm00001eb196640",1,"C7",0.645481316014237
"Zm00001eb212080",1,"C7",0.64171608748092
"Zm00001eb013430",1,"C7",0.638124746650777
"Zm00001eb128620",1,"C7",0.637296044930859
"Zm00001eb254510",1,"C7",0.62968660201667
"Zm00001eb238540",1,"C7",0.629547402120098
"Zm00001eb418440",1,"C7",0.623774796986748
"Zm00001eb309260",1,"C7",0.622131732573038
"Zm00001eb194410",1,"C7",0.62142236710491
"Zm00001eb062770",1,"C7",0.620606141727451
"Zm00001eb021040",1,"C7",0.61032486808267
"Zm00001eb159080",1,"C7",0.603267605422285
"Zm00001eb032970",1,"C7",0.602183266567245
"Zm00001eb150530",1,"C7",0.601973078918234
"Zm00001eb197410",1,"C7",0.599150674404591
"Zm00001eb006530",1,"C7",0.597310974580199
"Zm00001eb290590",1,"C7",0.59211324226779
"Zm00001eb047980",1,"C7",0.591189615139597
"Zm00001eb015790",1,"C7",0.585809915739004
"Zm00001eb042970",1,"C7",0.584260938038498
"Zm00001eb306610",1,"C7",0.584253216140783
"Zm00001eb185220",1,"C7",0.583326200957781
"Zm00001eb233020",1,"C7",0.57943908260536
"Zm00001eb157660",1,"C7",0.577550080574854
"Zm00001eb201740",1,"C7",0.575896631194699
"Zm00001eb011760",1,"C7",0.567097189497436
"Zm00001eb077230",1,"C7",0.565323865301361
"Zm00001eb161870",1,"C7",0.560242445085229
"Zm00001eb273440",1,"C7",0.559460660426989
"Zm00001eb156150",1,"C7",0.555796419942702
"Zm00001eb022930",1,"C7",0.553506647491819
"Zm00001eb286710",1,"C7",0.55229875584137
"Zm00001eb121780",1,"C7",0.550404848742366
"Zm00001eb000970",1,"C7",0.549416141454065
"Zm00001eb289570",1,"C7",0.548226456841279
"Zm00001eb369130",1,"C7",0.543265740283644
"Zm00001eb110400",1,"C7",0.540727773539658
"Zm00001eb344980",1,"C7",0.540515332880665
"Zm00001eb343900",1,"C7",0.537143976330944
"Zm00001eb166850",1,"C7",0.535698062875847
"Zm00001eb246090",1,"C7",0.535603632745376
"Zm00001eb171410",1,"C7",0.534886941726633
"Zm00001eb332630",1,"C7",0.531479597767421
"Zm00001eb304260",1,"C7",0.529896934885302
"Zm00001eb187910",1,"C7",0.529669423906879
"Zm00001eb187150",1,"C7",0.526280531162337
"Zm00001eb217390",1,"C7",0.52503431055317
"Zm00001eb024460",1,"C7",0.52444922968335
"Zm00001eb321790",1,"C7",0.52178056278606
"Zm00001eb384280",1,"C7",0.519751148226927
"Zm00001eb408010",1,"C7",0.514779401376788
"Zm00001eb119990",1,"C7",0.514655175915778
"Zm00001eb255610",1,"C7",0.514589125286963
"Zm00001eb272100",1,"C7",0.513120368432894
"Zm00001eb433540",1,"C7",0.506160643424361
"Zm00001eb352550",1,"C7",0.506085703672498
"Zm00001eb266860",1,"C7",0.504981155266004
"Zm00001eb058750",1,"C7",0.504183607423879
"Zm00001eb347660",1,"C7",0.502908401045596
"Zm00001eb162400",1,"C7",0.502824650478072
"Zm00001eb044190",1,"C7",0.502804450542296
"Zm00001eb145750",1,"C7",0.498320796432096
"Zm00001eb075740",1,"C7",0.497947386388338
"Zm00001eb079220",1,"C7",0.494706955952715
"Zm00001eb054040",1,"C7",0.489791850538399
"Zm00001eb236850",1,"C7",0.487209773872146
"Zm00001eb247630",1,"C7",0.486851636650999
"Zm00001eb291360",1,"C7",0.485234398202213
"Zm00001eb137280",1,"C7",0.48207365338118
"Zm00001eb167770",1,"C7",0.47559908708893
"Zm00001eb261260",1,"C7",0.474041959030478
"Zm00001eb026490",1,"C7",0.470916305450773
"Zm00001eb163880",1,"C7",0.469971037499686
"Zm00001eb180060",1,"C7",0.467438659463244
"Zm00001eb048710",1,"C7",0.462828905100963
"Zm00001eb334140",1,"C7",0.460054782549998
"Zm00001eb124170",1,"C7",0.459109483054995
"Zm00001eb038930",1,"C7",0.454466691976952
"Zm00001eb429480",1,"C7",0.451617283180985
"Zm00001eb246340",1,"C7",0.451268212452106
"Zm00001eb065630",1,"C7",0.445821465016196
"Zm00001eb298320",1,"C7",0.444813380378006
"Zm00001eb086030",1,"C7",0.444317531970166
"Zm00001eb356910",1,"C7",0.442959804575886
"Zm00001eb190340",1,"C7",0.440589005753738
"Zm00001eb022980",1,"C7",0.439845699920524
"Zm00001eb124270",1,"C7",0.435868671332641
"Zm00001eb339850",1,"C7",0.433803205813689
"Zm00001eb386680",1,"C7",0.4311008578499
"Zm00001eb179680",1,"C7",0.428938857838088
"Zm00001eb409080",1,"C7",0.42768406986401
"Zm00001eb288150",1,"C7",0.427261283201039
"Zm00001eb027820",1,"C7",0.424973922445219
"Zm00001eb005330",1,"C7",0.418873918855005
"Zm00001eb291670",1,"C7",0.418609544211545
"Zm00001eb418970",1,"C7",0.418434763278929
"Zm00001eb106660",1,"C7",0.41613471577231
"Zm00001eb138600",1,"C7",0.415972038407228
"Zm00001eb253890",1,"C7",0.415271767904266
"Zm00001eb369320",1,"C7",0.413144104511689
"Zm00001eb081280",1,"C7",0.412242347327129
"Zm00001eb154790",1,"C7",0.409548785382409
"Zm00001eb012020",1,"C7",0.409154177814521
"Zm00001eb260410",1,"C7",0.406194919144614
"Zm00001eb395590",1,"C7",0.404991762264814
"Zm00001eb278510",1,"C7",0.403112330285474
"Zm00001eb239520",1,"C7",0.40206804292576
"Zm00001eb238370",1,"C7",0.399012129728112
"Zm00001eb075960",1,"C7",0.396181099387978
"Zm00001eb404800",1,"C7",0.392154064767797
"Zm00001eb070280",1,"C7",0.38946235588652
"Zm00001eb001950",1,"C7",0.385562636541324
"Zm00001eb042520",1,"C7",0.385548237459198
"Zm00001eb280950",1,"C7",0.384013304017331
"Zm00001eb300360",1,"C7",0.382127470955662
"Zm00001eb140430",1,"C7",0.381493341220891
"Zm00001eb248150",1,"C7",0.379978044541107
"Zm00001eb322600",1,"C7",0.377564114513558
"Zm00001eb159020",1,"C7",0.375056652048948
"Zm00001eb143640",1,"C7",0.372623902805265
"Zm00001eb339760",1,"C7",0.370360595739928
"Zm00001eb112590",1,"C7",0.369530212167497
"Zm00001eb006400",1,"C7",0.367766235755834
"Zm00001eb370480",1,"C7",0.365966381865247
"Zm00001eb215120",1,"C7",0.364556225693703
"Zm00001eb314300",1,"C7",0.364501415257149
"Zm00001eb186570",1,"C7",0.363770563423286
"Zm00001eb283080",1,"C7",0.362320159338603
"Zm00001eb195070",1,"C7",0.360567860764131
"Zm00001eb160820",1,"C7",0.35611312686624
"Zm00001eb086700",1,"C7",0.354219392222951
"Zm00001eb285660",1,"C7",0.353503418208938
"Zm00001eb385480",1,"C7",0.35313333161542
"Zm00001eb193970",1,"C7",0.350935382072902
"Zm00001eb154490",1,"C7",0.350573221911562
"Zm00001eb107560",1,"C7",0.349582121646995
"Zm00001eb089010",1,"C7",0.343027497629635
"Zm00001eb108550",1,"C7",0.342612719020584
"Zm00001eb304250",1,"C7",0.341843380093521
"Zm00001eb104730",1,"C7",0.341236320464651
"Zm00001eb009890",1,"C7",0.339984578402434
"Zm00001eb397520",1,"C7",0.339662561180983
"Zm00001eb228370",1,"C7",0.339161801217592
"Zm00001eb110810",1,"C7",0.338415815779912
"Zm00001eb015880",1,"C7",0.338033132748846
"Zm00001eb158210",1,"C7",0.337680248313067
"Zm00001eb025460",1,"C7",0.333768330957386
"Zm00001eb092540",1,"C7",0.332449598393371
"Zm00001eb320190",1,"C7",0.331508907171665
"Zm00001eb014890",1,"C7",0.330058613699918
"Zm00001eb001650",1,"C7",0.328834435761002
"Zm00001eb178190",1,"C7",0.328033855752673
"Zm00001eb349870",1,"C7",0.327567717513418
"Zm00001eb015950",1,"C7",0.326722461277543
"Zm00001eb433960",1,"C7",0.324327813006021
"Zm00001eb141010",1,"C7",0.322889416397959
"Zm00001eb043100",1,"C7",0.320137637152295
"Zm00001eb344950",1,"C7",0.318967152477991
"Zm00001eb403780",1,"C7",0.318439949344009
"Zm00001eb243040",1,"C7",0.318114622153265
"Zm00001eb064130",1,"C7",0.317383238609681
"Zm00001eb112000",1,"C7",0.316051902948994
"Zm00001eb226060",1,"C7",0.314465375410743
"Zm00001eb075630",1,"C7",0.31424388881521
"Zm00001eb424280",1,"C7",0.312081465352562
"Zm00001eb060250",1,"C7",0.311066186946316
"Zm00001eb123000",1,"C7",0.310845610023037
"Zm00001eb002270",1,"C7",0.309346322005269
"Zm00001eb188360",1,"C7",0.307883548093178
"Zm00001eb431800",1,"C7",0.306903965860663
"Zm00001eb395560",1,"C7",0.30478244838854
"Zm00001eb048670",1,"C7",0.304615814821128
"Zm00001eb204900",1,"C7",0.301922570488656
"Zm00001eb067710",1,"C7",0.300503406619742
"Zm00001eb084360",1,"C7",0.300225205301076
"Zm00001eb236900",1,"C7",0.296522498622882
"Zm00001eb336760",1,"C7",0.292687176945854
"Zm00001eb211970",1,"C7",0.292044132275376
"Zm00001eb052640",1,"C7",0.290298841825906
"Zm00001eb070860",1,"C7",0.288558812265699
"Zm00001eb141130",1,"C7",0.287639004902827
"Zm00001eb246820",1,"C7",0.28695962095267
"Zm00001eb386480",1,"C7",0.28664359508989
"Zm00001eb300410",1,"C7",0.284360219781763
"Zm00001eb023810",1,"C7",0.283452822213524
"Zm00001eb152920",1,"C7",0.28286397698446
"Zm00001eb210540",1,"C7",0.282272395988657
"Zm00001eb105580",1,"C7",0.279631892583492
"Zm00001eb184320",1,"C7",0.279544497797199
"Zm00001eb238460",1,"C7",0.279261102767899
"Zm00001eb009340",1,"C7",0.277790031688912
"Zm00001eb056240",1,"C7",0.277270603906591
"Zm00001eb336900",1,"C7",0.277072568796228
"Zm00001eb336410",1,"C7",0.275591274706122
"Zm00001eb363430",1,"C7",0.274695286071878
"Zm00001eb120450",1,"C7",0.272565310846339
"Zm00001eb355980",1,"C7",0.270633749513303
"Zm00001eb129820",1,"C7",0.26972635796249
"Zm00001eb066480",1,"C7",0.267113842771939
"Zm00001eb379570",1,"C7",0.265882898983842
"Zm00001eb083180",1,"C7",0.265105360706653
"Zm00001eb378720",1,"C7",0.263255285167553
"Zm00001eb191940",1,"C7",0.263024224368708
"Zm00001eb218000",1,"C7",0.262737650710008
"Zm00001eb218840",1,"C7",0.262562267352216
"Zm00001eb016020",1,"C7",0.262238231838661
"Zm00001eb412690",1,"C7",0.261415417813397
"Zm00001eb173510",1,"C7",0.258800283670372
"Zm00001eb331770",1,"C7",0.254503731884972
"Zm00001eb360610",1,"C7",0.254087268774181
"Zm00001eb283530",1,"C7",0.253449169788449
"Zm00001eb304530",1,"C7",0.253372726023112
"Zm00001eb227760",1,"C7",0.252664103287591
"Zm00001eb056870",1,"C7",0.252492017254055
"Zm00001eb156020",1,"C7",0.252459057785766
"Zm00001eb088830",1,"C7",0.249820635478418
"Zm00001eb183770",1,"C7",0.249724911831219
"Zm00001eb335080",1,"C7",0.249144544261103
"Zm00001eb158860",1,"C7",0.24859240113894
"Zm00001eb427870",1,"C7",0.247971033946923
"Zm00001eb259480",1,"C7",0.247765319980141
"Zm00001eb063160",1,"C7",0.247095639634336
"Zm00001eb207080",1,"C7",0.246980377439857
"Zm00001eb044960",1,"C7",0.246952015150017
"Zm00001eb054510",1,"C7",0.246066368141926
"Zm00001eb121200",1,"C7",0.245281425069419
"Zm00001eb392390",1,"C7",0.244989701725771
"Zm00001eb309020",1,"C7",0.244621372238344
"Zm00001eb269720",1,"C7",0.243615967210778
"Zm00001eb188900",1,"C7",0.243113835790025
"Zm00001eb123240",1,"C7",0.242675890449952
"Zm00001eb427460",1,"C7",0.242537681292916
"Zm00001eb238330",1,"C7",0.242029076147217
"Zm00001eb026330",1,"C7",0.241329358622446
"Zm00001eb410630",1,"C7",0.240506811451134
"Zm00001eb329520",1,"C7",0.240068470970485
"Zm00001eb024700",1,"C7",0.239808977846445
"Zm00001eb373110",1,"C7",0.239440022783086
"Zm00001eb016470",1,"C7",0.238229575471185
"Zm00001eb136980",1,"C7",0.236810929274709
"Zm00001eb194350",1,"C7",0.236232106188615
"Zm00001eb248520",1,"C7",0.23610670033056
"Zm00001eb149460",1,"C7",0.235599691156453
"Zm00001eb317040",1,"C7",0.234786272980853
"Zm00001eb199320",1,"C7",0.234351755139272
"Zm00001eb250670",1,"C7",0.233933968123542
"Zm00001eb185250",1,"C7",0.233909162543471
"Zm00001eb338370",1,"C7",0.233015325650024
"Zm00001eb377790",1,"C7",0.232510138589292
"Zm00001eb067370",1,"C7",0.23222032654996
"Zm00001eb056330",1,"C7",0.231468185643638
"Zm00001eb336790",1,"C7",0.229841159329606
"Zm00001eb213960",1,"C7",0.22917562967868
"Zm00001eb180080",1,"C7",0.228627009628342
"Zm00001eb049770",1,"C7",0.227847694158113
"Zm00001eb339490",1,"C7",0.227659836227179
"Zm00001eb039010",1,"C7",0.226952124786033
"Zm00001eb200050",1,"C7",0.226596507984552
"Zm00001eb389930",1,"C7",0.222674025753411
"Zm00001eb190060",1,"C7",0.221639069655651
"Zm00001eb087950",1,"C7",0.220924010339958
"Zm00001eb409040",1,"C7",0.220717638631479
"Zm00001eb052540",1,"C7",0.219922304557439
"Zm00001eb406840",1,"C7",0.219718924705414
"Zm00001eb260150",1,"C7",0.21893070390671
"Zm00001eb071040",1,"C7",0.218860231784075
"Zm00001eb040310",1,"C7",0.218120921687638
"Zm00001eb227340",1,"C7",0.217791828431307
"Zm00001eb016170",1,"C7",0.216777454492934
"Zm00001eb382070",1,"C7",0.216053689946779
"Zm00001eb062510",1,"C7",0.21482663247997
"Zm00001eb083210",1,"C7",0.214160505039251
"Zm00001eb015050",1,"C7",0.213410076032827
"Zm00001eb144770",1,"C7",0.212410891584937
"Zm00001eb389650",1,"C7",0.21143220138704
"Zm00001eb308400",1,"C7",0.21077443262008
"Zm00001eb192470",1,"C7",0.2098799212554
"Zm00001eb242750",1,"C7",0.20977025308015
"Zm00001eb325410",1,"C7",0.209117144970265
"Zm00001eb088500",1,"C7",0.208860182828046
"Zm00001eb153170",1,"C7",0.208301580979229
"Zm00001eb067620",1,"C7",0.208253968744728
"Zm00001eb089070",1,"C7",0.207901151849003
"Zm00001eb084520",1,"C7",0.206312493239065
"Zm00001eb207770",1,"C7",0.20480796701409
"Zm00001eb026500",1,"C7",0.203946539459397
"Zm00001eb234530",1,"C7",0.202511354209126
"Zm00001eb309580",1,"C7",0.202446392233654
"Zm00001eb031210",1,"C7",0.201922692154902
"Zm00001eb009540",1,"C7",0.201740758906948
"Zm00001eb379090",1,"C7",0.20172552490879
"Zm00001eb147750",1,"C7",0.201677610531364
"Zm00001eb216540",1,"C7",0.20150176127121
"Zm00001eb246600",1,"C7",0.200492760005706
"Zm00001eb292840",1,"C7",0.200202827645779
"Zm00001eb335220",1,"C7",0.199248722816384
"Zm00001eb212060",1,"C7",0.198594789455599
"Zm00001eb174530",1,"C7",0.198262959635523
"Zm00001eb074890",1,"C7",0.197948686906691
"Zm00001eb033870",1,"C7",0.197585223211708
"Zm00001eb319660",1,"C7",0.197198423252711
"Zm00001eb214080",1,"C7",0.197125449360672
"Zm00001eb356520",1,"C7",0.196192258860193
"Zm00001eb433610",1,"C7",0.195966252080826
"Zm00001eb346280",1,"C7",0.195509910801238
"Zm00001eb324500",1,"C7",0.194877359307896
"Zm00001eb167340",1,"C7",0.194158836897145
"Zm00001eb013660",1,"C7",0.193692372365512
"Zm00001eb312070",1,"C7",0.191846169916042
"Zm00001eb085050",1,"C7",0.191676593724462
"Zm00001eb402290",1,"C7",0.190770198293441
"Zm00001eb411300",1,"C7",0.190262834799189
"Zm00001eb331290",1,"C7",0.18972926364286
"Zm00001eb391600",1,"C7",0.18761995609506
"Zm00001eb127150",1,"C7",0.186578920944625
"Zm00001eb052650",1,"C7",0.184803026566141
"Zm00001eb290460",1,"C7",0.184701531316166
"Zm00001eb404490",1,"C7",0.18451311735313
"Zm00001eb361500",1,"C7",0.183932243649749
"Zm00001eb230760",1,"C7",0.183532005915135
"Zm00001eb358750",1,"C7",0.182753425206857
"Zm00001eb314570",1,"C7",0.182165168582517
"Zm00001eb405390",1,"C7",0.181811536949101
"Zm00001eb318170",1,"C7",0.18159943051816
"Zm00001eb329630",1,"C7",0.180929821282044
"Zm00001eb316290",1,"C7",0.179336916764118
"Zm00001eb397730",1,"C7",0.17927734591109
"Zm00001eb013650",1,"C7",0.179219288955418
"Zm00001eb134700",1,"C7",0.178171783122879
"Zm00001eb037520",1,"C7",0.177265900524634
"Zm00001eb229460",1,"C7",0.177047505489991
"Zm00001eb192910",1,"C7",0.176501755032601
"Zm00001eb142630",1,"C7",0.17628451858819
"Zm00001eb260160",1,"C7",0.176268252182902
"Zm00001eb048110",1,"C7",0.174828404782023
"Zm00001eb348520",1,"C7",0.174777886059672
"Zm00001eb235980",1,"C7",0.173182937681859
"Zm00001eb204410",1,"C7",0.173119917716866
"Zm00001eb039560",1,"C7",0.172651998043712
"Zm00001eb408230",1,"C7",0.172369519187449
"Zm00001eb113090",1,"C7",0.171301867439086
"Zm00001eb216440",1,"C7",0.171271374430202
"Zm00001eb360100",1,"C7",0.170724337109786
"Zm00001eb214540",1,"C7",0.168715615281758
"Zm00001eb260060",1,"C7",0.168542871099715
"Zm00001eb271820",1,"C7",0.167835497591446
"Zm00001eb220820",1,"C7",0.167597308208623
"Zm00001eb226320",1,"C7",0.166792387938475
"Zm00001eb195230",1,"C7",0.166592675991149
"Zm00001eb158290",1,"C7",0.166331183448942
"Zm00001eb257300",1,"C7",0.166258584899181
"Zm00001eb104880",1,"C7",0.166258217717246
"Zm00001eb088350",1,"C7",0.16578438065644
"Zm00001eb116230",1,"C7",0.165408625441087
"Zm00001eb315060",1,"C7",0.165039578541761
"Zm00001eb060230",1,"C7",0.164927139036169
"Zm00001eb321670",1,"C7",0.163909575295254
"Zm00001eb334070",1,"C7",0.1633316425892
"Zm00001eb145680",1,"C7",0.16255427297484
"Zm00001eb323760",1,"C7",0.162165669065644
"Zm00001eb306210",1,"C7",0.161627996239649
"Zm00001eb317460",1,"C7",0.161200802446243
"Zm00001eb357740",1,"C7",0.161049615907087
"Zm00001eb290780",1,"C7",0.160397683057941
"Zm00001eb130730",1,"C7",0.159048507401296
"Zm00001eb255760",1,"C7",0.157732037688548
"Zm00001eb192490",1,"C7",0.157497994540073
"Zm00001eb410050",1,"C7",0.15745425385716
"Zm00001eb257630",1,"C7",0.157090488457661
"Zm00001eb317540",1,"C7",0.156666640492057
"Zm00001eb216590",1,"C7",0.156420465127851
"Zm00001eb230040",1,"C7",0.156018330079018
"Zm00001eb101660",1,"C7",0.154865670553125
"Zm00001eb111050",1,"C7",0.154806857219201
"Zm00001eb334430",1,"C7",0.15442020540059
"Zm00001eb382460",1,"C7",0.152918392718261
"Zm00001eb425270",1,"C7",0.152365720432049
"Zm00001eb163830",1,"C7",0.15232647833153
"Zm00001eb285880",1,"C7",0.152218249121875
"Zm00001eb069110",1,"C7",0.152217379124437
"Zm00001eb229190",1,"C7",0.151505676432912
"Zm00001eb434550",1,"C7",0.149789533536983
"Zm00001eb300990",1,"C7",0.149138002218423
"Zm00001eb201090",1,"C7",0.148355240928084
"Zm00001eb146510",1,"C7",0.148129195924203
"Zm00001eb217190",1,"C7",0.147510110582394
"Zm00001eb318610",1,"C7",0.147254508845166
"Zm00001eb121310",1,"C7",0.146048247722284
"Zm00001eb282430",1,"C7",0.145905027508969
"Zm00001eb191350",1,"C7",0.145129433994572
"Zm00001eb079790",1,"C7",0.144823776956108
"Zm00001eb064840",1,"C7",0.143977761834125
"Zm00001eb018660",1,"C7",0.143930535515148
"Zm00001eb365870",1,"C7",0.143064466666734
"Zm00001eb023070",1,"C7",0.142825583810512
"Zm00001eb279970",1,"C7",0.142702850625305
"Zm00001eb294390",1,"C7",0.142168969261017
"Zm00001eb239670",1,"C7",0.142020336001723
"Zm00001eb241920",1,"C7",0.14183961325027
"Zm00001eb376160",1,"C7",0.14158669319405
"Zm00001eb402240",1,"C7",0.141090605389038
"Zm00001eb118240",1,"C7",0.140656172315187
"Zm00001eb353590",1,"C7",0.140309336071491
"Zm00001eb303620",1,"C7",0.14004354612586
"Zm00001eb015320",1,"C7",0.139490990941935
"Zm00001eb193690",1,"C7",0.139138066967092
"Zm00001eb269950",1,"C7",0.138508208378481
"Zm00001eb268650",1,"C7",0.136732279629718
"Zm00001eb239390",1,"C7",0.136425545075258
"Zm00001eb013370",1,"C7",0.134815395029387
"Zm00001eb138300",1,"C7",0.134582084103554
"Zm00001eb231900",1,"C7",0.134296016208671
"Zm00001eb155060",1,"C7",0.134032365008899
"Zm00001eb037110",1,"C7",0.133939509690894
"Zm00001eb210000",1,"C7",0.133401643332831
"Zm00001eb216460",1,"C7",0.132785871227351
"Zm00001eb138100",1,"C7",0.131872677084312
"Zm00001eb066530",1,"C7",0.131331993279359
"Zm00001eb362640",1,"C7",0.13085610531686
"Zm00001eb198030",1,"C7",0.130784289881207
"Zm00001eb191060",1,"C7",0.130234215400449
"Zm00001eb013020",1,"C7",0.130131964609592
"Zm00001eb177670",1,"C7",0.130032915148563
"Zm00001eb380020",1,"C7",0.129450109488401
"Zm00001eb181420",1,"C7",0.128562114625144
"Zm00001eb244000",1,"C7",0.128413832918686
"Zm00001eb357220",1,"C7",0.128358257507592
"Zm00001eb200930",1,"C7",0.128227806029778
"Zm00001eb032600",1,"C7",0.128068977134913
"Zm00001eb214510",1,"C7",0.127864627755934
"Zm00001eb003650",1,"C7",0.126436128235447
"Zm00001eb058790",1,"C7",0.126246098076269
"Zm00001eb337550",1,"C7",0.126021047312878
"Zm00001eb322500",1,"C7",0.125724463644896
"Zm00001eb118870",1,"C7",0.125295600297636
"Zm00001eb331700",1,"C7",0.125170810436439
"Zm00001eb024550",1,"C7",0.124934276308705
"Zm00001eb370290",1,"C7",0.124688471406716
"Zm00001eb317190",1,"C7",0.12462878576124
"Zm00001eb335070",1,"C7",0.124002447373625
"Zm00001eb048150",1,"C7",0.123647199499733
"Zm00001eb291730",1,"C7",0.123317989110351
"Zm00001eb107760",1,"C7",0.122898014618282
"Zm00001eb111130",1,"C7",0.122760383840926
"Zm00001eb054000",1,"C7",0.122494292993019
"Zm00001eb257730",1,"C7",0.122287024556784
"Zm00001eb149340",1,"C7",0.121995068918491
"Zm00001eb147110",1,"C7",0.120907646000188
"Zm00001eb105030",1,"C7",0.120610009857553
"Zm00001eb068370",1,"C7",0.120545727899168
"Zm00001eb110630",1,"C7",0.120090627652944
"Zm00001eb419530",1,"C7",0.120007399278204
"Zm00001eb102470",1,"C7",0.119831172093969
"Zm00001eb067380",1,"C7",0.119700205787858
"Zm00001eb315460",1,"C7",0.119680404999377
"Zm00001eb083540",1,"C7",0.119641177177045
"Zm00001eb316460",1,"C7",0.11924432065332
"Zm00001eb095030",1,"C7",0.118906972869013
"Zm00001eb411000",1,"C7",0.118439534955417
"Zm00001eb391720",1,"C7",0.118264872452361
"Zm00001eb224430",1,"C7",0.117821371400013
"Zm00001eb429330",1,"C7",0.11728671583901
"Zm00001eb434590",1,"C7",0.116431357988168
"Zm00001eb430170",1,"C7",0.115999515910263
"Zm00001eb160790",1,"C7",0.115726402362571
"Zm00001eb368290",1,"C7",0.115559996976627
"Zm00001eb068000",1,"C7",0.115273867543091
"Zm00001eb167360",1,"C7",0.115218273059642
"Zm00001eb097550",1,"C7",0.114981288997781
"Zm00001eb368680",1,"C7",0.114827557560935
"Zm00001eb352700",1,"C7",0.1147750129768
"Zm00001eb387730",1,"C7",0.114400118488988
"Zm00001eb251520",1,"C7",0.113842501800989
"Zm00001eb291320",1,"C7",0.11372599920058
"Zm00001eb426320",1,"C7",0.113645039313473
"Zm00001eb202040",1,"C7",0.113643730971149
"Zm00001eb242740",1,"C7",0.113634435251713
"Zm00001eb361000",1,"C7",0.113403162348466
"Zm00001eb243970",1,"C7",0.112779543155819
"Zm00001eb051060",1,"C7",0.112589755184669
"Zm00001eb241630",1,"C7",0.112247158322923
"Zm00001eb225820",1,"C7",0.109987935310147
"Zm00001eb191480",1,"C7",0.108477050366346
"Zm00001eb350820",1,"C7",0.10780420356222
"Zm00001eb076190",1,"C7",0.106977193809356
"Zm00001eb130390",1,"C7",0.106636463627385
"Zm00001eb213560",1,"C7",0.106266380027682
"Zm00001eb138890",1,"C7",0.105367543252984
"Zm00001eb107750",1,"C7",0.105077611133501
"Zm00001eb110640",1,"C7",0.104801892253751
"Zm00001eb041700",1,"C7",0.104680633479395
"Zm00001eb303190",1,"C7",0.104142154928409
"Zm00001eb147990",1,"C7",0.104103015969454
"Zm00001eb219790",1,"C7",0.103013200177517
"Zm00001eb161660",1,"C7",0.10277497710037
"Zm00001eb201100",1,"C7",0.102674555204569
"Zm00001eb369710",1,"C7",0.102163612404372
"Zm00001eb283450",1,"C7",0.101834310827429
"Zm00001eb005860",1,"C7",0.101710749656937
"Zm00001eb068650",1,"C7",0.101253737171369
"Zm00001eb182740",1,"C7",0.101249632834147
"Zm00001eb390820",1,"C7",0.101247980086142
"Zm00001eb100200",1,"C7",0.100628802457557
"Zm00001eb319950",1,"C7",0.100562430701228
"Zm00001eb075190",1,"C7",0.0998060485808547
"Zm00001eb362700",1,"C7",0.0997938531304722
"Zm00001eb208700",1,"C7",0.099424440766099
"Zm00001eb389440",1,"C7",0.099360973099458
"Zm00001eb061920",1,"C7",0.0993039481383317
"Zm00001eb269960",1,"C7",0.0991820099920677
"Zm00001eb267080",1,"C7",0.0991786580998079
"Zm00001eb226840",1,"C7",0.0989754535192654
"Zm00001eb347850",1,"C7",0.0987189404942458
"Zm00001eb061210",1,"C7",0.0983689124170418
"Zm00001eb426240",1,"C7",0.0976080165219785
"Zm00001eb017560",1,"C7",0.0973364934185731
"Zm00001eb359360",1,"C7",0.0971011823252332
"Zm00001eb038110",1,"C7",0.0966465831746193
"Zm00001eb083160",1,"C7",0.0960079122607865
"Zm00001eb000380",1,"C7",0.0959055832125944
"Zm00001eb075760",1,"C7",0.0957994564999296
"Zm00001eb047780",1,"C7",0.0954244596585116
"Zm00001eb100000",1,"C7",0.0947783725723671
"Zm00001eb176110",1,"C7",0.0945759235768252
"Zm00001eb217970",1,"C7",0.0945177754551907
"Zm00001eb316640",1,"C7",0.0944855457986988
"Zm00001eb289000",1,"C7",0.0943996377433584
"Zm00001eb244600",1,"C7",0.0943653475976878
"Zm00001eb057250",1,"C7",0.0941882647549012
"Zm00001eb163860",1,"C7",0.0936353615068195
"Zm00001eb355890",1,"C7",0.0933577324542749
"Zm00001eb242820",1,"C7",0.0932195427266044
"Zm00001eb312450",1,"C7",0.0928575817742032
"Zm00001eb136390",1,"C7",0.0926972530065488
"Zm00001eb096480",1,"C7",0.0924357368805838
"Zm00001eb124420",1,"C7",0.0924147471940076
"Zm00001eb076680",1,"C7",0.0921712516170357
"Zm00001eb000850",1,"C7",0.0921637313621277
"Zm00001eb134970",1,"C7",0.0920155495089039
"Zm00001eb228000",1,"C7",0.0919083096380508
"Zm00001eb321070",1,"C7",0.0911659883445496
"Zm00001eb089190",1,"C7",0.0911475990861307
"Zm00001eb188690",1,"C7",0.0911380463363297
"Zm00001eb081060",1,"C7",0.0903225165691548
"Zm00001eb208480",1,"C7",0.0902295222373503
"Zm00001eb314660",1,"C7",0.0897968656871989
"Zm00001eb112820",1,"C7",0.0895875207913158
"Zm00001eb244560",1,"C7",0.0887326626971126
"Zm00001eb036850",1,"C7",0.0880693533139174
"Zm00001eb258750",1,"C7",0.0880145438518904
"Zm00001eb312390",1,"C7",0.0877607837075315
"Zm00001eb074170",1,"C7",0.0877387462792364
"Zm00001eb224640",1,"C7",0.0876139772780376
"Zm00001eb154280",1,"C7",0.0875591779936024
"Zm00001eb294180",1,"C7",0.087204814771246
"Zm00001eb228330",1,"C7",0.0871537448596812
"Zm00001eb029520",1,"C7",0.0868475497870871
"Zm00001eb363520",1,"C7",0.0853625115819228
"Zm00001eb336030",1,"C7",0.0830620467538652
"Zm00001eb026710",1,"C7",0.0829740752136457
"Zm00001eb301490",1,"C7",0.0823070614445653
"Zm00001eb202870",1,"C7",0.0822115130795202
"Zm00001eb201520",1,"C7",0.0820900482318158
"Zm00001eb098500",1,"C7",0.0819941603760709
"Zm00001eb125600",1,"C7",0.0816703272214875
"Zm00001eb185040",1,"C7",0.0814915254461457
"Zm00001eb079730",1,"C7",0.0796421381789372
"Zm00001eb161610",1,"C7",0.0789091976467622
"Zm00001eb235330",1,"C7",0.078433391261404
"Zm00001eb041220",1,"C7",0.0784098729179739
"Zm00001eb160550",1,"C7",0.0778038057303817
"Zm00001eb275250",1,"C7",0.0777838152525335
"Zm00001eb033160",1,"C7",0.0773796807960367
"Zm00001eb379510",1,"C7",0.0771094305706515
"Zm00001eb169990",1,"C7",0.0769629343532036
"Zm00001eb257440",1,"C7",0.0765231669641381
"Zm00001eb035750",1,"C7",0.0764288652210284
"Zm00001eb158950",1,"C7",0.0764003653543615
"Zm00001eb423920",1,"C7",0.0759157252032705
"Zm00001eb286750",1,"C7",0.0756792924217157
"Zm00001eb138690",1,"C7",0.075516108412302
"Zm00001eb137420",1,"C7",0.0747948876621507
"Zm00001eb373970",1,"C7",0.0745385966793186
"Zm00001eb047820",1,"C7",0.0740740854475868
"Zm00001eb167740",1,"C7",0.0738295411193116
"Zm00001eb299880",1,"C7",0.073793426164963
"Zm00001eb389430",1,"C7",0.0735713427116794
"Zm00001eb413920",1,"C7",0.0730503295334955
"Zm00001eb163120",1,"C7",0.0727962535136366
"Zm00001eb264720",1,"C7",0.0725920341438336
"Zm00001eb247140",1,"C7",0.0725394254879313
"Zm00001eb084290",1,"C7",0.0717907771355354
"Zm00001eb345950",1,"C7",0.0714615245968817
"Zm00001eb032670",1,"C7",0.0713054518078715
"Zm00001eb346800",1,"C7",0.0712755197070589
"Zm00001eb051070",1,"C7",0.0710329126309132
"Zm00001eb407710",1,"C7",0.0708868622659085
"Zm00001eb404760",1,"C7",0.0708572216362868
"Zm00001eb100210",1,"C7",0.0699260597042681
"Zm00001eb348780",1,"C7",0.0696659150007968
"Zm00001eb206470",1,"C7",0.069484062495027
"Zm00001eb119910",1,"C7",0.0693057654410794
"Zm00001eb191590",1,"C7",0.0691048578777235
"Zm00001eb286490",1,"C7",0.0688832107837538
"Zm00001eb300590",1,"C7",0.0681569402586307
"Zm00001eb163190",1,"C7",0.0679161609693031
"Zm00001eb038530",1,"C7",0.0678744780494404
"Zm00001eb148310",1,"C7",0.0675407814415197
"Zm00001eb193720",1,"C7",0.0674348101980997
"Zm00001eb323710",1,"C7",0.0672746538862154
"Zm00001eb000440",1,"C7",0.0672521281178397
"Zm00001eb314060",1,"C7",0.0672268551305926
"Zm00001eb384110",1,"C7",0.066787496126749
"Zm00001eb431170",1,"C7",0.0663092900462551
"Zm00001eb034740",1,"C7",0.0659162962014434
"Zm00001eb302310",1,"C7",0.0658092510033281
"Zm00001eb057860",1,"C7",0.0657755540733148
"Zm00001eb003170",1,"C7",0.0652840914456391
"Zm00001eb026110",1,"C7",0.0651425319283634
"Zm00001eb138680",1,"C7",0.0651302837436984
"Zm00001eb149120",1,"C7",0.0648196742198531
"Zm00001eb324600",1,"C7",0.0641294815303395
"Zm00001eb277420",1,"C7",0.0640984687757189
"Zm00001eb061400",1,"C7",0.0631387776424608
"Zm00001eb113410",1,"C7",0.0631356951208758
"Zm00001eb284230",1,"C7",0.0630508886305587
"Zm00001eb374230",1,"C7",0.0630053064839953
"Zm00001eb391730",1,"C7",0.0627711935952827
"Zm00001eb325090",1,"C7",0.0627247788039636
"Zm00001eb353330",1,"C7",0.0626711372003454
"Zm00001eb160050",1,"C7",0.062657150750463
"Zm00001eb304520",1,"C7",0.061904116577278
"Zm00001eb376790",1,"C7",0.0616261895868571
"Zm00001eb392870",1,"C7",0.0615297732514757
"Zm00001eb394950",1,"C7",0.0604445930520972
"Zm00001eb015820",1,"C7",0.0603813174199868
"Zm00001eb224490",1,"C7",0.0603748222720055
"Zm00001eb287650",1,"C7",0.0594860130793739
"Zm00001eb418340",1,"C7",0.0594581241117595
"Zm00001eb066000",1,"C7",0.0592463903483914
"Zm00001eb268500",1,"C7",0.0591674392081805
"Zm00001eb116160",1,"C7",0.0584207472150811
"Zm00001eb400040",1,"C7",0.0581050072243662
"Zm00001eb119100",1,"C7",0.0573383112110001
"Zm00001eb325640",1,"C7",0.0573165160790481
"Zm00001eb402220",1,"C7",0.0571542878466241
"Zm00001eb174770",1,"C7",0.0568888527776373
"Zm00001eb423070",1,"C7",0.0567221141415017
"Zm00001eb380860",1,"C7",0.056196761259201
"Zm00001eb042650",1,"C7",0.0558413218342263
"Zm00001eb342320",1,"C7",0.0550106194261899
"Zm00001eb289280",1,"C7",0.0547440445544865
"Zm00001eb286870",1,"C7",0.0547154916779876
"Zm00001eb017350",1,"C7",0.0545912364481341
"Zm00001eb196630",1,"C7",0.0542473643379149
"Zm00001eb246190",1,"C7",0.0542155062416313
"Zm00001eb377810",1,"C7",0.0540520303687832
"Zm00001eb311430",1,"C7",0.0538231012976883
"Zm00001eb281850",1,"C7",0.0536363361786813
"Zm00001eb045670",1,"C7",0.0534117938567954
"Zm00001eb150500",1,"C7",0.0532918350838676
"Zm00001eb422500",1,"C7",0.052501417835098
"Zm00001eb403760",1,"C7",0.0509862054867078
"Zm00001eb018030",1,"C7",0.0507117776346613
"Zm00001eb256990",1,"C7",0.0497989612751131
"Zm00001eb306350",1,"C7",0.0496939550239916
"Zm00001eb261910",1,"C7",0.0495282457920058
"Zm00001eb319140",1,"C7",0.0493199920257719
"Zm00001eb219580",1,"C7",0.0492525632545978
"Zm00001eb256490",1,"C7",0.0490531331060515
"Zm00001eb434030",1,"C7",0.0490356431029379
"Zm00001eb063250",1,"C7",0.0485695602647047
"Zm00001eb151170",1,"C7",0.048313714060051
"Zm00001eb155340",1,"C7",0.0481456518908347
"Zm00001eb336990",1,"C7",0.04811172166063
"Zm00001eb295180",1,"C7",0.0478310751905384
"Zm00001eb376130",1,"C7",0.0477989812807537
"Zm00001eb105610",1,"C7",0.0475287713161118
"Zm00001eb047200",1,"C7",0.0464808685402809
"Zm00001eb023600",1,"C7",0.046339304382582
"Zm00001eb137370",1,"C7",0.0461293863000331
"Zm00001eb059240",1,"C7",0.0458864324935464
"Zm00001eb286740",1,"C7",0.0457806194020686
"Zm00001eb200230",1,"C7",0.0456519330914834
"Zm00001eb022710",1,"C7",0.0454089981867152
"Zm00001eb316700",1,"C7",0.0453211515715887
"Zm00001eb392090",1,"C7",0.0451506484009455
"Zm00001eb048810",1,"C7",0.0448901217301623
"Zm00001eb144400",1,"C7",0.0443719935163872
"Zm00001eb085850",1,"C7",0.0441322205695715
"Zm00001eb338800",1,"C7",0.0440476079524452
"Zm00001eb104120",1,"C7",0.0438110633934219
"Zm00001eb228480",1,"C7",0.0434806671007651
"Zm00001eb411520",1,"C7",0.0432606896741641
"Zm00001eb413930",1,"C7",0.0431680263419354
"Zm00001eb038140",1,"C7",0.0426487069874625
"Zm00001eb353850",1,"C7",0.0426430039109655
"Zm00001eb352780",1,"C7",0.0426125081646234
"Zm00001eb010500",1,"C7",0.0423936774999252
"Zm00001eb013990",1,"C7",0.0423657439337245
"Zm00001eb417940",1,"C7",0.0422918050031031
"Zm00001eb200720",1,"C7",0.0422155903139869
"Zm00001eb058110",1,"C7",0.0421612065298214
"Zm00001eb071050",1,"C7",0.0419562652645603
"Zm00001eb175540",1,"C7",0.0418910782048394
"Zm00001eb082790",1,"C7",0.0409057097015197
"Zm00001eb212500",1,"C7",0.0407555956391744
"Zm00001eb122980",1,"C7",0.0400790179885552
"Zm00001eb419580",1,"C7",0.0399585026814466
"Zm00001eb220740",1,"C7",0.0399486691290385
"Zm00001eb401030",1,"C7",0.0398012244909915
"Zm00001eb017120",1,"C7",0.0397832092824568
"Zm00001eb038160",1,"C7",0.0395671106658666
"Zm00001eb389870",1,"C7",0.0390799525500111
"Zm00001eb039920",1,"C7",0.038767208895186
"Zm00001eb165030",1,"C7",0.0385580163767833
"Zm00001eb056210",1,"C7",0.0378849672867524
"Zm00001eb201850",1,"C7",0.0376431524297809
"Zm00001eb147390",1,"C7",0.0371542704940589
"Zm00001eb135650",1,"C7",0.0369306713544975
"Zm00001eb069630",1,"C7",0.03671580507392
"Zm00001eb035190",1,"C7",0.0366951572641607
"Zm00001eb044650",1,"C7",0.0366671298543996
"Zm00001eb075670",1,"C7",0.0365653824114678
"Zm00001eb321450",1,"C7",0.0364762722225942
"Zm00001eb202360",1,"C7",0.0359618682122618
"Zm00001eb121910",1,"C7",0.0357631602154389
"Zm00001eb430750",1,"C7",0.0350176185024697
"Zm00001eb130880",1,"C7",0.0349181246635904
"Zm00001eb051580",1,"C7",0.0346713813668766
"Zm00001eb066570",1,"C7",0.0344524202829223
"Zm00001eb138070",1,"C7",0.0343185822591431
"Zm00001eb261440",1,"C7",0.033954573532541
"Zm00001eb072900",1,"C7",0.0338296795833306
"Zm00001eb337590",1,"C7",0.0336409143924155
"Zm00001eb308610",1,"C7",0.0331739293927078
"Zm00001eb426510",1,"C7",0.0330869934167662
"Zm00001eb188120",1,"C7",0.0330681222859304
"Zm00001eb434150",1,"C7",0.0326641332393675
"Zm00001eb084370",1,"C7",0.0308652034548743
"Zm00001eb074010",1,"C7",0.0300032635398138
"Zm00001eb228510",1,"C7",0.0296262086510286
"Zm00001eb326900",1,"C7",0.0291406957758166
"Zm00001eb297190",1,"C7",0.028557642516852
"Zm00001eb141830",1,"C7",0.028459191060439
"Zm00001eb417510",1,"C7",0.028453440964416
"Zm00001eb032330",1,"C7",0.0283609156756547
"Zm00001eb228500",1,"C7",0.0277372156866593
"Zm00001eb141270",1,"C7",0.027550456589052
"Zm00001eb344020",1,"C7",0.0275117771950082
"Zm00001eb042160",1,"C7",0.0271078660399099
"Zm00001eb317640",1,"C7",0.0267941749585324
"Zm00001eb074940",1,"C7",0.0266523209951314
"Zm00001eb130750",1,"C7",0.0264690037921044
"Zm00001eb156000",1,"C7",0.0261712722679797
"Zm00001eb426670",1,"C7",0.0259662044709979
"Zm00001eb431960",1,"C7",0.0259543753519651
"Zm00001eb157350",1,"C7",0.0248302466676782
"Zm00001eb410260",1,"C7",0.0227598776252411
"Zm00001eb362630",1,"C7",0.0206960139991467
"Zm00001eb081290",1,"C7",0.020294501655782
"Zm00001eb025140",1,"C7",0.0189844725657665
"Zm00001eb121460",1,"C7",0.0185710171624021
"Zm00001eb398750",1,"C7",0.0183238707826619
"Zm00001eb194070",1,"C7",0.0181449624079253
"Zm00001eb001220",1,"C7",0.0152765346278931
"Zm00001eb258370",1,"C7",0.0144659089663829
"Zm00001eb016850",1,"C7",0.0140901080308138
