"gene_id","cell_type","marker_rank","source_cell_type"
"Zm00001eb066520","Bundle_sheath",1,"Bundle_sheath"
"Zm00001eb066650","Bundle_sheath",2,"Bundle_sheath"
"Zm00001eb066860","Bundle_sheath",3,"Bundle_sheath"
"Zm00001eb067700","Bundle_sheath",4,"Bundle_sheath"
"Zm00001eb068280","Bundle_sheath",5,"Bundle_sheath"
"Zm00001eb069000","Bundle_sheath",6,"Bundle_sheath"
"Zm00001eb073090","Bundle_sheath",7,"Bundle_sheath"
"Zm00001eb080170","Bundle_sheath",8,"Bundle_sheath"
"Zm00001eb082670","Bundle_sheath",9,"Bundle_sheath"
"Zm00001eb084560","Bundle_sheath",10,"Bundle_sheath"
"Zm00001eb084760","Bundle_sheath",11,"Bundle_sheath"
"Zm00001eb086100","Bundle_sheath",12,"Bundle_sheath"
"Zm00001eb088050","Bundle_sheath",13,"Bundle_sheath"
"Zm00001eb089390","Bundle_sheath",14,"Bundle_sheath"
"Zm00001eb091780","Bundle_sheath",15,"Bundle_sheath"
"Zm00001eb092730","Bundle_sheath",16,"Bundle_sheath"
"Zm00001eb093640","Bundle_sheath",17,"Bundle_sheath"
"Zm00001eb094750","Bundle_sheath",18,"Bundle_sheath"
"Zm00001eb096920","Bundle_sheath",19,"Bundle_sheath"
"Zm00001eb098990","Bundle_sheath",20,"Bundle_sheath"
"Zm00001eb100140","Bundle_sheath",21,"Bundle_sheath"
"Zm00001eb101660","Bundle_sheath",22,"Bundle_sheath"
"Zm00001eb103010","Bundle_sheath",23,"Bundle_sheath"
"Zm00001eb104680","Bundle_sheath",24,"Bundle_sheath"
"Zm00001eb105410","Bundle_sheath",25,"Bundle_sheath"
"Zm00001eb107590","Bundle_sheath",26,"Bundle_sheath"
"Zm00001eb108360","Bundle_sheath",27,"Bundle_sheath"
"Zm00001eb108910","Bundle_sheath",28,"Bundle_sheath"
"Zm00001eb109300","Bundle_sheath",29,"Bundle_sheath"
"Zm00001eb110520","Bundle_sheath",30,"Bundle_sheath"
"Zm00001eb111070","Bundle_sheath",31,"Bundle_sheath"
"Zm00001eb116580","Bundle_sheath",32,"Bundle_sheath"
"Zm00001eb332910","Bundle_sheath",33,"Bundle_sheath"
"Zm00001eb336810","Bundle_sheath",34,"Bundle_sheath"
"Zm00001eb343820","Bundle_sheath",35,"Bundle_sheath"
"Zm00001eb345070","Bundle_sheath",36,"Bundle_sheath"
"Zm00001eb346330","Bundle_sheath",37,"Bundle_sheath"
"Zm00001eb346570","Bundle_sheath",38,"Bundle_sheath"
"Zm00001eb351330","Bundle_sheath",39,"Bundle_sheath"
"Zm00001eb356220","Bundle_sheath",40,"Bundle_sheath"
"Zm00001eb357670","Bundle_sheath",41,"Bundle_sheath"
"Zm00001eb358050","Bundle_sheath",42,"Bundle_sheath"
"Zm00001eb359230","Bundle_sheath",43,"Bundle_sheath"
"Zm00001eb360020","Bundle_sheath",44,"Bundle_sheath"
"Zm00001eb360950","Bundle_sheath",45,"Bundle_sheath"
"Zm00001eb361800","Bundle_sheath",46,"Bundle_sheath"
"Zm00001eb365700","Bundle_sheath",47,"Bundle_sheath"
"Zm00001eb366720","Bundle_sheath",48,"Bundle_sheath"
"Zm00001eb370910","Bundle_sheath",49,"Bundle_sheath"
"Zm00001eb213670","Bundle_sheath",50,"Bundle_sheath"
"Zm00001eb213750","Bundle_sheath",51,"Bundle_sheath"
"Zm00001eb214610","Bundle_sheath",52,"Bundle_sheath"
"Zm00001eb217590","Bundle_sheath",53,"Bundle_sheath"
"Zm00001eb219530","Bundle_sheath",54,"Bundle_sheath"
"Zm00001eb220340","Bundle_sheath",55,"Bundle_sheath"
"Zm00001eb222130","Bundle_sheath",56,"Bundle_sheath"
"Zm00001eb223200","Bundle_sheath",57,"Bundle_sheath"
"Zm00001eb223800","Bundle_sheath",58,"Bundle_sheath"
"Zm00001eb224520","Bundle_sheath",59,"Bundle_sheath"
"Zm00001eb224900","Bundle_sheath",60,"Bundle_sheath"
"Zm00001eb225700","Bundle_sheath",61,"Bundle_sheath"
"Zm00001eb226780","Bundle_sheath",62,"Bundle_sheath"
"Zm00001eb227940","Bundle_sheath",63,"Bundle_sheath"
"Zm00001eb408010","Bundle_sheath",64,"Bundle_sheath"
"Zm00001eb121470","Bundle_sheath",65,"Bundle_sheath"
"Zm00001eb373150","Bundle_sheath",66,"Bundle_sheath"
"Zm00001eb140540","Bundle_sheath",67,"Bundle_sheath"
"Zm00001eb251520","Bundle_sheath",68,"Bundle_sheath"
"Zm00001eb011080","Bundle_sheath",69,"Bundle_sheath"
"Zm00001eb409090","Bundle_sheath",70,"Bundle_sheath"
"Zm00001eb200910","Bundle_sheath",71,"Bundle_sheath"
"Zm00001eb133100","Bundle_sheath",72,"Bundle_sheath"
"Zm00001eb033390","Bundle_sheath",73,"Bundle_sheath"
"Zm00001eb279660","Bundle_sheath",74,"Bundle_sheath"
"Zm00001eb406880","Bundle_sheath",75,"Bundle_sheath"
"Zm00001eb068160","Bundle_sheath",76,"Bundle_sheath"
"Zm00001eb187120","Bundle_sheath",77,"Bundle_sheath"
"Zm00001eb164380","Bundle_sheath",78,"Bundle_sheath"
"Zm00001eb323140","Bundle_sheath",79,"Bundle_sheath"
"Zm00001eb188120","Bundle_sheath",80,"Bundle_sheath"
"Zm00001eb284290","Bundle_sheath",81,"Bundle_sheath"
"Zm00001eb012440","Bundle_sheath",82,"Bundle_sheath"
"Zm00001eb083840","Bundle_sheath",83,"Bundle_sheath"
"Zm00001eb387440","Bundle_sheath",84,"Bundle_sheath"
"Zm00001eb066000","Bundle_sheath",85,"Bundle_sheath"
"Zm00001eb053490","Bundle_sheath",86,"Bundle_sheath"
"Zm00001eb153620","Bundle_sheath",87,"Bundle_sheath"
"Zm00001eb301210","Bundle_sheath",88,"Bundle_sheath"
"Zm00001eb151220","Bundle_sheath",89,"Bundle_sheath"
"Zm00001eb009090","Bundle_sheath",90,"Bundle_sheath"
"Zm00001eb192430","Bundle_sheath",91,"Bundle_sheath"
"Zm00001eb164390","Bundle_sheath",92,"Bundle_sheath"
"Zm00001eb288150","Bundle_sheath",93,"Bundle_sheath"
"Zm00001eb261910","Bundle_sheath",94,"Bundle_sheath"
"Zm00001eb164310","Bundle_sheath",95,"Bundle_sheath"
"Zm00001eb297490","Bundle_sheath",96,"Bundle_sheath"
"Zm00001eb100530","Bundle_sheath",97,"Bundle_sheath"
"Zm00001eb054990","Bundle_sheath",98,"Bundle_sheath"
"Zm00001eb229550","Bundle_sheath",99,"Bundle_sheath"
"Zm00001eb065780","Bundle_sheath",100,"Bundle_sheath"
"Zm00001eb101090","Bundle_sheath",101,"Bundle_sheath"
"Zm00001eb092540","Bundle_sheath",102,"Bundle_sheath"
"Zm00001eb309980","Bundle_sheath",103,"Bundle_sheath"
"Zm00001eb360510","Bundle_sheath",104,"Bundle_sheath"
"Zm00001eb179190","Bundle_sheath",105,"Bundle_sheath"
"Zm00001eb147750","Bundle_sheath",106,"Bundle_sheath"
"Zm00001eb032820","Bundle_sheath",107,"Bundle_sheath"
"Zm00001eb054650","Bundle_sheath",108,"Bundle_sheath"
"Zm00001eb296550","Bundle_sheath",109,"Bundle_sheath"
"Zm00001eb056340","Bundle_sheath",110,"Bundle_sheath"
"Zm00001eb376100","Bundle_sheath",111,"Bundle_sheath"
"Zm00001eb005330","Bundle_sheath",112,"Bundle_sheath"
"Zm00001eb378030","Bundle_sheath",113,"Bundle_sheath"
"Zm00001eb084160","Bundle_sheath",114,"Bundle_sheath"
"Zm00001eb070250","Bundle_sheath",115,"Bundle_sheath"
"Zm00001eb172070","Bundle_sheath",116,"Bundle_sheath"
"Zm00001eb229740","Bundle_sheath",117,"Bundle_sheath"
"Zm00001eb293010","Bundle_sheath",118,"Bundle_sheath"
"Zm00001eb098580","Bundle_sheath",119,"Bundle_sheath"
"Zm00001eb011940","Bundle_sheath",120,"Bundle_sheath"
"Zm00001eb428830","Bundle_sheath",121,"Bundle_sheath"
"Zm00001eb015330","Bundle_sheath",122,"Bundle_sheath"
"Zm00001eb193040","Bundle_sheath",123,"Bundle_sheath"
"Zm00001eb329980","Bundle_sheath",124,"Bundle_sheath"
"Zm00001eb260160","Bundle_sheath",125,"Bundle_sheath"
"Zm00001eb300130","Bundle_sheath",126,"Bundle_sheath"
"Zm00001eb261140","Bundle_sheath",127,"Bundle_sheath"
"Zm00001eb255850","Bundle_sheath",128,"Bundle_sheath"
"Zm00001eb347200","Bundle_sheath",129,"Bundle_sheath"
"Zm00001eb046120","Bundle_sheath",130,"Bundle_sheath"
"Zm00001eb349810","Bundle_sheath",131,"Bundle_sheath"
"Zm00001eb230780","Bundle_sheath",132,"Bundle_sheath"
"Zm00001eb252030","Bundle_sheath",133,"Bundle_sheath"
"Zm00001eb049310","Bundle_sheath",134,"Bundle_sheath"
"Zm00001eb222830","Bundle_sheath",135,"Bundle_sheath"
"Zm00001eb020170","Bundle_sheath",136,"Bundle_sheath"
"Zm00001eb302400","Bundle_sheath",137,"Bundle_sheath"
"Zm00001eb414970","Bundle_sheath",138,"Bundle_sheath"
"Zm00001eb409580","Bundle_sheath",139,"Bundle_sheath"
"Zm00001eb327530","Bundle_sheath",140,"Bundle_sheath"
"Zm00001eb257670","Bundle_sheath",141,"Bundle_sheath"
"Zm00001eb137820","Bundle_sheath",142,"Bundle_sheath"
"Zm00001eb231220","Bundle_sheath",143,"Bundle_sheath"
"Zm00001eb231230","Bundle_sheath",144,"Bundle_sheath"
"Zm00001eb056930","Bundle_sheath",145,"Bundle_sheath"
"Zm00001eb189380","Bundle_sheath",146,"Bundle_sheath"
"Zm00001eb416760","Bundle_sheath",147,"Bundle_sheath"
"Zm00001eb145680","Bundle_sheath",148,"Bundle_sheath"
"Zm00001eb215080","Bundle_sheath",149,"Bundle_sheath"
"Zm00001eb335870","Bundle_sheath",150,"Bundle_sheath"
"Zm00001eb298270","Bundle_sheath",151,"Bundle_sheath"
"Zm00001eb003360","Bundle_sheath",152,"Bundle_sheath"
"Zm00001eb054980","Bundle_sheath",153,"Bundle_sheath"
"Zm00001eb061560","Bundle_sheath",154,"Bundle_sheath"
"Zm00001eb283870","Bundle_sheath",155,"Bundle_sheath"
"Zm00001eb015250","Bundle_sheath",156,"Bundle_sheath"
"Zm00001eb230070","Bundle_sheath",157,"Bundle_sheath"
"Zm00001eb283340","Bundle_sheath",158,"Bundle_sheath"
"Zm00001eb093400","Bundle_sheath",159,"Bundle_sheath"
"Zm00001eb351390","Bundle_sheath",160,"Bundle_sheath"
"Zm00001eb233910","Bundle_sheath",161,"Bundle_sheath"
"Zm00001eb327260","Bundle_sheath",162,"Bundle_sheath"
"Zm00001eb354280","Bundle_sheath",163,"Bundle_sheath"
"Zm00001eb105550","Bundle_sheath",164,"Bundle_sheath"
"Zm00001eb060530","Bundle_sheath",165,"Bundle_sheath"
"Zm00001eb063250","Bundle_sheath",166,"Bundle_sheath"
"Zm00001eb056910","Bundle_sheath",167,"Bundle_sheath"
"Zm00001eb293340","Bundle_sheath",168,"Bundle_sheath"
"Zm00001eb166440","Bundle_sheath",169,"Bundle_sheath"
"Zm00001eb002510","Bundle_sheath",170,"Bundle_sheath"
"Zm00001eb303830","Bundle_sheath",171,"Bundle_sheath"
"Zm00001eb255120","Bundle_sheath",172,"Bundle_sheath"
"Zm00001eb259660","Bundle_sheath",173,"Bundle_sheath"
"Zm00001eb280100","Bundle_sheath",174,"Bundle_sheath"
"Zm00001eb325880","Bundle_sheath",175,"Bundle_sheath"
"Zm00001eb075370","Bundle_sheath",176,"Bundle_sheath"
"Zm00001eb285090","Bundle_sheath",177,"Bundle_sheath"
"Zm00001eb425540","Bundle_sheath",178,"Bundle_sheath"
"Zm00001eb411190","Bundle_sheath",179,"Bundle_sheath"
"Zm00001eb294800","Bundle_sheath",180,"Bundle_sheath"
"Zm00001eb117100","Bundle_sheath",181,"Bundle_sheath"
"Zm00001eb283130","Bundle_sheath",182,"Bundle_sheath"
"Zm00001eb045790","Bundle_sheath",183,"Bundle_sheath"
"Zm00001eb067660","Bundle_sheath",184,"Bundle_sheath"
"Zm00001eb163970","Bundle_sheath",185,"Bundle_sheath"
"Zm00001eb343030","Bundle_sheath",186,"Bundle_sheath"
"Zm00001eb299550","Bundle_sheath",187,"Bundle_sheath"
"Zm00001eb288110","Bundle_sheath",188,"Bundle_sheath"
"Zm00001eb223950","Bundle_sheath",189,"Bundle_sheath"
"Zm00001eb352550","Bundle_sheath",190,"Bundle_sheath"
"Zm00001eb327210","Bundle_sheath",191,"Bundle_sheath"
"Zm00001eb207300","Bundle_sheath",192,"Bundle_sheath"
"Zm00001eb405580","Bundle_sheath",193,"Bundle_sheath"
"Zm00001eb252870","Bundle_sheath",194,"Bundle_sheath"
"Zm00001eb053330","Bundle_sheath",195,"Bundle_sheath"
"Zm00001eb292100","Bundle_sheath",196,"Bundle_sheath"
"Zm00001eb224490","Bundle_sheath",197,"Bundle_sheath"
"Zm00001eb326630","Bundle_sheath",198,"Bundle_sheath"
"Zm00001eb253890","Bundle_sheath",199,"Bundle_sheath"
"Zm00001eb212550","Bundle_sheath",200,"Bundle_sheath"
"Zm00001eb355650","Bundle_sheath",201,"Bundle_sheath"
"Zm00001eb145430","Bundle_sheath",202,"Bundle_sheath"
"Zm00001eb211400","Bundle_sheath",203,"Bundle_sheath"
"Zm00001eb294120","Bundle_sheath",204,"Bundle_sheath"
"Zm00001eb091640","Bundle_sheath",205,"Bundle_sheath"
"Zm00001eb100100","Bundle_sheath",206,"Bundle_sheath"
"Zm00001eb233080","Bundle_sheath",207,"Bundle_sheath"
"Zm00001eb113090","Bundle_sheath",208,"Bundle_sheath"
"Zm00001eb309210","Bundle_sheath",209,"Bundle_sheath"
"Zm00001eb042990","Bundle_sheath",210,"Bundle_sheath"
"Zm00001eb015010","Bundle_sheath",211,"Bundle_sheath"
"Zm00001eb359420","Bundle_sheath",212,"Bundle_sheath"
"Zm00001eb243470","Bundle_sheath",213,"Bundle_sheath"
"Zm00001eb101220","Bundle_sheath",214,"Bundle_sheath"
"Zm00001eb199230","Bundle_sheath",215,"Bundle_sheath"
"Zm00001eb382080","Bundle_sheath",216,"Bundle_sheath"
"Zm00001eb063090","Bundle_sheath",217,"Bundle_sheath"
"Zm00001eb188530","Bundle_sheath",218,"Bundle_sheath"
"Zm00001eb188600","Bundle_sheath",219,"Bundle_sheath"
"Zm00001eb154640","Bundle_sheath",220,"Bundle_sheath"
"Zm00001eb367840","Bundle_sheath",221,"Bundle_sheath"
"Zm00001eb385040","Bundle_sheath",222,"Bundle_sheath"
"Zm00001eb137740","Bundle_sheath",223,"Bundle_sheath"
"Zm00001eb150630","Bundle_sheath",224,"Bundle_sheath"
"Zm00001eb233000","Bundle_sheath",225,"Bundle_sheath"
"Zm00001eb258880","Bundle_sheath",226,"Bundle_sheath"
"Zm00001eb294420","Bundle_sheath",227,"Bundle_sheath"
"Zm00001eb179550","Bundle_sheath",228,"Bundle_sheath"
"Zm00001eb378890","Bundle_sheath",229,"Bundle_sheath"
"Zm00001eb077710","Bundle_sheath",230,"Bundle_sheath"
"Zm00001eb295050","Bundle_sheath",231,"Bundle_sheath"
"Zm00001eb236900","Bundle_sheath",232,"Bundle_sheath"
"Zm00001eb289700","Bundle_sheath",233,"Bundle_sheath"
"Zm00001eb149860","Bundle_sheath",234,"Bundle_sheath"
"Zm00001eb234680","Bundle_sheath",235,"Bundle_sheath"
"Zm00001eb032640","Bundle_sheath",236,"Bundle_sheath"
"Zm00001eb213080","Bundle_sheath",237,"Bundle_sheath"
"Zm00001eb248520","Bundle_sheath",238,"Bundle_sheath"
"Zm00001eb400220","Bundle_sheath",239,"Bundle_sheath"
"Zm00001eb326640","Bundle_sheath",240,"Bundle_sheath"
"Zm00001eb400330","Bundle_sheath",241,"Bundle_sheath"
"Zm00001eb166450","Bundle_sheath",242,"Bundle_sheath"
"Zm00001eb021720","Bundle_sheath",243,"Bundle_sheath"
"Zm00001eb290920","Bundle_sheath",244,"Bundle_sheath"
"Zm00001eb303420","Bundle_sheath",245,"Bundle_sheath"
"Zm00001eb408730","Bundle_sheath",246,"Bundle_sheath"
"Zm00001eb161310","Bundle_sheath",247,"Bundle_sheath"
"Zm00001eb166180","Bundle_sheath",248,"Bundle_sheath"
"Zm00001eb330610","Bundle_sheath",249,"Bundle_sheath"
"Zm00001eb255110","Bundle_sheath",250,"Bundle_sheath"
"Zm00001eb172150","Bundle_sheath",251,"Bundle_sheath"
"Zm00001eb351380","Bundle_sheath",252,"Bundle_sheath"
"Zm00001eb257440","Bundle_sheath",253,"Bundle_sheath"
"Zm00001eb026940","Bundle_sheath",254,"Bundle_sheath"
"Zm00001eb222160","Bundle_sheath",255,"Bundle_sheath"
"Zm00001eb265250","Bundle_sheath",256,"Bundle_sheath"
"Zm00001eb114430","Bundle_sheath",257,"Bundle_sheath"
"Zm00001eb393630","Bundle_sheath",258,"Bundle_sheath"
"Zm00001eb400850","Bundle_sheath",259,"Bundle_sheath"
"Zm00001eb261690","Bundle_sheath",260,"Bundle_sheath"
"Zm00001eb402880","Bundle_sheath",261,"Bundle_sheath"
"Zm00001eb382240","Bundle_sheath",262,"Bundle_sheath"
"Zm00001eb325850","Bundle_sheath",263,"Bundle_sheath"
"Zm00001eb039670","Bundle_sheath",264,"Bundle_sheath"
"Zm00001eb198100","Bundle_sheath",265,"Bundle_sheath"
"Zm00001eb237810","Bundle_sheath",266,"Bundle_sheath"
"Zm00001eb364750","Bundle_sheath",267,"Bundle_sheath"
"Zm00001eb063940","Bundle_sheath",268,"Bundle_sheath"
"Zm00001eb039620","Bundle_sheath",269,"Bundle_sheath"
"Zm00001eb239920","Bundle_sheath",270,"Bundle_sheath"
"Zm00001eb335790","Bundle_sheath",271,"Bundle_sheath"
"Zm00001eb128680","Bundle_sheath",272,"Bundle_sheath"
"Zm00001eb286730","Bundle_sheath",273,"Bundle_sheath"
"Zm00001eb118830","Bundle_sheath",274,"Bundle_sheath"
"Zm00001eb226920","Bundle_sheath",275,"Bundle_sheath"
"Zm00001eb190660","Bundle_sheath",276,"Bundle_sheath"
"Zm00001eb332790","Bundle_sheath",277,"Bundle_sheath"
"Zm00001eb228570","Bundle_sheath",278,"Bundle_sheath"
"Zm00001eb103080","Bundle_sheath",279,"Bundle_sheath"
"Zm00001eb258260","Bundle_sheath",280,"Bundle_sheath"
"Zm00001eb152680","Bundle_sheath",281,"Bundle_sheath"
"Zm00001eb227130","Bundle_sheath",282,"Bundle_sheath"
"Zm00001eb012280","Bundle_sheath",283,"Bundle_sheath"
"Zm00001eb044740","Bundle_sheath",284,"Bundle_sheath"
"Zm00001eb244170","Bundle_sheath",285,"Bundle_sheath"
"Zm00001eb327450","Bundle_sheath",286,"Bundle_sheath"
"Zm00001eb063870","Bundle_sheath",287,"Bundle_sheath"
"Zm00001eb409850","Bundle_sheath",288,"Bundle_sheath"
"Zm00001eb410630","Bundle_sheath",289,"Bundle_sheath"
"Zm00001eb008850","Bundle_sheath",290,"Bundle_sheath"
"Zm00001eb242730","Bundle_sheath",291,"Bundle_sheath"
"Zm00001eb249060","Bundle_sheath",292,"Bundle_sheath"
"Zm00001eb251370","Bundle_sheath",293,"Bundle_sheath"
"Zm00001eb254450","Bundle_sheath",294,"Bundle_sheath"
"Zm00001eb254930","Bundle_sheath",295,"Bundle_sheath"
"Zm00001eb254940","Bundle_sheath",296,"Bundle_sheath"
"Zm00001eb255290","Bundle_sheath",297,"Bundle_sheath"
"Zm00001eb256460","Bundle_sheath",298,"Bundle_sheath"
"Zm00001eb257660","Bundle_sheath",299,"Bundle_sheath"
"Zm00001eb257940","Bundle_sheath",300,"Bundle_sheath"
"Zm00001eb259360","Bundle_sheath",301,"Bundle_sheath"
"Zm00001eb259580","Bundle_sheath",302,"Bundle_sheath"
"Zm00001eb298300","Bundle_sheath",303,"Bundle_sheath"
"Zm00001eb298350","Bundle_sheath",304,"Bundle_sheath"
"Zm00001eb300720","Bundle_sheath",305,"Bundle_sheath"
"Zm00001eb303350","Bundle_sheath",306,"Bundle_sheath"
"Zm00001eb304080","Bundle_sheath",307,"Bundle_sheath"
"Zm00001eb305490","Bundle_sheath",308,"Bundle_sheath"
"Zm00001eb307100","Bundle_sheath",309,"Bundle_sheath"
"Zm00001eb308000","Bundle_sheath",310,"Bundle_sheath"
"Zm00001eb310970","Bundle_sheath",311,"Bundle_sheath"
"Zm00001eb312390","Bundle_sheath",312,"Bundle_sheath"
"Zm00001eb313460","Bundle_sheath",313,"Bundle_sheath"
"Zm00001eb317710","Bundle_sheath",314,"Bundle_sheath"
"Zm00001eb318220","Bundle_sheath",315,"Bundle_sheath"
"Zm00001eb321670","Bundle_sheath",316,"Bundle_sheath"
"Zm00001eb325930","Bundle_sheath",317,"Bundle_sheath"
"Zm00001eb328310","Bundle_sheath",318,"Bundle_sheath"
"Zm00001eb328760","Bundle_sheath",319,"Bundle_sheath"
"Zm00001eb329150","Bundle_sheath",320,"Bundle_sheath"
"Zm00001eb329410","Bundle_sheath",321,"Bundle_sheath"
"Zm00001eb330190","Bundle_sheath",322,"Bundle_sheath"
"Zm00001eb331360","Bundle_sheath",323,"Bundle_sheath"
"Zm00001eb405410","Bundle_sheath",324,"Bundle_sheath"
"Zm00001eb406760","Bundle_sheath",325,"Bundle_sheath"
"Zm00001eb410970","Bundle_sheath",326,"Bundle_sheath"
"Zm00001eb411740","Bundle_sheath",327,"Bundle_sheath"
"Zm00001eb413340","Bundle_sheath",328,"Bundle_sheath"
"Zm00001eb416970","Bundle_sheath",329,"Bundle_sheath"
"Zm00001eb418980","Bundle_sheath",330,"Bundle_sheath"
"Zm00001eb420390","Bundle_sheath",331,"Bundle_sheath"
"Zm00001eb424480","Bundle_sheath",332,"Bundle_sheath"
"Zm00001eb428060","Bundle_sheath",333,"Bundle_sheath"
"Zm00001eb429260","Bundle_sheath",334,"Bundle_sheath"
"Zm00001eb430680","Bundle_sheath",335,"Bundle_sheath"
"Zm00001eb002420","Bundle_sheath",336,"Bundle_sheath"
"Zm00001eb002680","Bundle_sheath",337,"Bundle_sheath"
"Zm00001eb004410","Bundle_sheath",338,"Bundle_sheath"
"Zm00001eb005550","Bundle_sheath",339,"Bundle_sheath"
"Zm00001eb005900","Bundle_sheath",340,"Bundle_sheath"
"Zm00001eb006350","Bundle_sheath",341,"Bundle_sheath"
"Zm00001eb006660","Bundle_sheath",342,"Bundle_sheath"
"Zm00001eb007180","Bundle_sheath",343,"Bundle_sheath"
"Zm00001eb007860","Bundle_sheath",344,"Bundle_sheath"
"Zm00001eb008270","Bundle_sheath",345,"Bundle_sheath"
"Zm00001eb013640","Bundle_sheath",346,"Bundle_sheath"
"Zm00001eb015220","Bundle_sheath",347,"Bundle_sheath"
"Zm00001eb015380","Bundle_sheath",348,"Bundle_sheath"
"Zm00001eb366310","Bundle_sheath",349,"Bundle_sheath"
"Zm00001eb299280","Bundle_sheath",350,"Bundle_sheath"
"Zm00001eb314610","Bundle_sheath",351,"Bundle_sheath"
"Zm00001eb015980","Bundle_sheath",352,"Bundle_sheath"
"Zm00001eb264210","Bundle_sheath",353,"Bundle_sheath"
"Zm00001eb144010","Bundle_sheath",354,"Bundle_sheath"
"Zm00001eb254540","Bundle_sheath",355,"Bundle_sheath"
"Zm00001eb077340","Bundle_sheath",356,"Bundle_sheath"
"Zm00001eb040310","Bundle_sheath",357,"Bundle_sheath"
"Zm00001eb328560","Bundle_sheath",358,"Bundle_sheath"
"Zm00001eb408900","Bundle_sheath",359,"Bundle_sheath"
"Zm00001eb266370","Bundle_sheath",360,"Bundle_sheath"
"Zm00001eb212890","Bundle_sheath",361,"Bundle_sheath"
"Zm00001eb196880","Bundle_sheath",362,"Bundle_sheath"
"Zm00001eb098650","Bundle_sheath",363,"Bundle_sheath"
"Zm00001eb408920","Bundle_sheath",364,"Bundle_sheath"
"Zm00001eb297990","Bundle_sheath",365,"Bundle_sheath"
"Zm00001eb243510","Bundle_sheath",366,"Bundle_sheath"
"Zm00001eb020980","Bundle_sheath",367,"Bundle_sheath"
"Zm00001eb101410","Bundle_sheath",368,"Bundle_sheath"
"Zm00001eb098640","Bundle_sheath",369,"Bundle_sheath"
"Zm00001eb262690","Bundle_sheath",370,"Bundle_sheath"
"Zm00001eb239300","Bundle_sheath",371,"Bundle_sheath"
"Zm00001eb202120","Bundle_sheath",372,"Bundle_sheath"
"Zm00001eb418140","Bundle_sheath",373,"Bundle_sheath"
"Zm00001eb426670","Bundle_sheath",374,"Bundle_sheath"
"Zm00001eb182490","Bundle_sheath",375,"Bundle_sheath"
"Zm00001eb217880","Bundle_sheath",376,"Bundle_sheath"
"Zm00001eb049250","Bundle_sheath",377,"Bundle_sheath"
"Zm00001eb252210","Bundle_sheath",378,"Bundle_sheath"
"Zm00001eb144910","Bundle_sheath",379,"Bundle_sheath"
"Zm00001eb203340","Bundle_sheath",380,"Bundle_sheath"
"Zm00001eb051950","Bundle_sheath",381,"Bundle_sheath"
"Zm00001eb021790","Bundle_sheath",382,"Bundle_sheath"
"Zm00001eb021830","Bundle_sheath",383,"Bundle_sheath"
"Zm00001eb315490","Bundle_sheath",384,"Bundle_sheath"
"Zm00001eb004660","Bundle_sheath",385,"Bundle_sheath"
"Zm00001eb319460","Bundle_sheath",386,"Bundle_sheath"
"Zm00001eb359850","Bundle_sheath",387,"Bundle_sheath"
"Zm00001eb311230","Bundle_sheath",388,"Bundle_sheath"
"Zm00001eb255600","Bundle_sheath",389,"Bundle_sheath"
"Zm00001eb025140","Bundle_sheath",390,"Bundle_sheath"
"Zm00001eb423310","Bundle_sheath",391,"Bundle_sheath"
"Zm00001eb149570","Bundle_sheath",392,"Bundle_sheath"
"Zm00001eb131420","Bundle_sheath",393,"Bundle_sheath"
"Zm00001eb244080","Bundle_sheath",394,"Bundle_sheath"
"Zm00001eb202790","Bundle_sheath",395,"Bundle_sheath"
"Zm00001eb161250","Bundle_sheath",396,"Bundle_sheath"
"Zm00001eb215290","Bundle_sheath",397,"Bundle_sheath"
"Zm00001eb229250","Bundle_sheath",398,"Bundle_sheath"
"Zm00001eb184450","Bundle_sheath",399,"Bundle_sheath"
"Zm00001eb242100","Bundle_sheath",400,"Bundle_sheath"
"Zm00001eb017600","Bundle_sheath",401,"Bundle_sheath"
"Zm00001eb219570","Bundle_sheath",402,"Bundle_sheath"
"Zm00001eb260150","Bundle_sheath",403,"Bundle_sheath"
"Zm00001eb316450","Bundle_sheath",404,"Bundle_sheath"
"Zm00001eb213140","Bundle_sheath",405,"Bundle_sheath"
"Zm00001eb025160","Bundle_sheath",406,"Bundle_sheath"
"Zm00001eb058460","Bundle_sheath",407,"Bundle_sheath"
"Zm00001eb030970","Bundle_sheath",408,"Bundle_sheath"
"Zm00001eb031330","Bundle_sheath",409,"Bundle_sheath"
"Zm00001eb038370","Bundle_sheath",410,"Bundle_sheath"
"Zm00001eb039540","Bundle_sheath",411,"Bundle_sheath"
"Zm00001eb040100","Bundle_sheath",412,"Bundle_sheath"
"Zm00001eb042530","Bundle_sheath",413,"Bundle_sheath"
"Zm00001eb043800","Bundle_sheath",414,"Bundle_sheath"
"Zm00001eb047030","Bundle_sheath",415,"Bundle_sheath"
"Zm00001eb049190","Bundle_sheath",416,"Bundle_sheath"
"Zm00001eb050740","Bundle_sheath",417,"Bundle_sheath"
"Zm00001eb431760","Bundle_sheath",418,"Bundle_sheath"
"Zm00001eb177670","Bundle_sheath",419,"Bundle_sheath"
"Zm00001eb253110","Bundle_sheath",420,"Bundle_sheath"
"Zm00001eb300770","Bundle_sheath",421,"Bundle_sheath"
"Zm00001eb164620","Bundle_sheath",422,"Bundle_sheath"
"Zm00001eb405270","Bundle_sheath",423,"Bundle_sheath"
"Zm00001eb007250","Bundle_sheath",424,"Bundle_sheath"
"Zm00001eb060260","Bundle_sheath",425,"Bundle_sheath"
"Zm00001eb192680","Bundle_sheath",426,"Bundle_sheath"
"Zm00001eb296340","Bundle_sheath",427,"Bundle_sheath"
"Zm00001eb127130","Bundle_sheath",428,"Bundle_sheath"
"Zm00001eb108840","Bundle_sheath",429,"Bundle_sheath"
"Zm00001eb295480","Bundle_sheath",430,"Bundle_sheath"
"Zm00001eb057280","Bundle_sheath",431,"Bundle_sheath"
"Zm00001eb058950","Bundle_sheath",432,"Bundle_sheath"
"Zm00001eb059070","Bundle_sheath",433,"Bundle_sheath"
"Zm00001eb059780","Bundle_sheath",434,"Bundle_sheath"
"Zm00001eb061280","Bundle_sheath",435,"Bundle_sheath"
"Zm00001eb064590","Bundle_sheath",436,"Bundle_sheath"
"Zm00001eb064990","Bundle_sheath",437,"Bundle_sheath"
"Zm00001eb065350","Bundle_sheath",438,"Bundle_sheath"
"Zm00001eb265080","Bundle_sheath",439,"Bundle_sheath"
"Zm00001eb267580","Bundle_sheath",440,"Bundle_sheath"
"Zm00001eb268400","Bundle_sheath",441,"Bundle_sheath"
"Zm00001eb268970","Bundle_sheath",442,"Bundle_sheath"
"Zm00001eb286060","Bundle_sheath",443,"Bundle_sheath"
"Zm00001eb287460","Bundle_sheath",444,"Bundle_sheath"
"Zm00001eb290310","Bundle_sheath",445,"Bundle_sheath"
"Zm00001eb291920","Bundle_sheath",446,"Bundle_sheath"
"Zm00001eb292370","Bundle_sheath",447,"Bundle_sheath"
"Zm00001eb294610","Bundle_sheath",448,"Bundle_sheath"
"Zm00001eb121460","Bundle_sheath",449,"Bundle_sheath"
"Zm00001eb122890","Bundle_sheath",450,"Bundle_sheath"
"Zm00001eb125400","Bundle_sheath",451,"Bundle_sheath"
"Zm00001eb128160","Bundle_sheath",452,"Bundle_sheath"
"Zm00001eb129000","Bundle_sheath",453,"Bundle_sheath"
"Zm00001eb130880","Bundle_sheath",454,"Bundle_sheath"
"Zm00001eb131630","Bundle_sheath",455,"Bundle_sheath"
"Zm00001eb135050","Bundle_sheath",456,"Bundle_sheath"
"Zm00001eb139450","Bundle_sheath",457,"Bundle_sheath"
"Zm00001eb140280","Bundle_sheath",458,"Bundle_sheath"
"Zm00001eb142000","Bundle_sheath",459,"Bundle_sheath"
"Zm00001eb142090","Bundle_sheath",460,"Bundle_sheath"
"Zm00001eb142440","Bundle_sheath",461,"Bundle_sheath"
"Zm00001eb144440","Bundle_sheath",462,"Bundle_sheath"
"Zm00001eb144530","Bundle_sheath",463,"Bundle_sheath"
"Zm00001eb145490","Bundle_sheath",464,"Bundle_sheath"
"Zm00001eb149010","Bundle_sheath",465,"Bundle_sheath"
"Zm00001eb151740","Bundle_sheath",466,"Bundle_sheath"
"Zm00001eb152120","Bundle_sheath",467,"Bundle_sheath"
"Zm00001eb152390","Bundle_sheath",468,"Bundle_sheath"
"Zm00001eb156380","Bundle_sheath",469,"Bundle_sheath"
"Zm00001eb156870","Bundle_sheath",470,"Bundle_sheath"
"Zm00001eb157120","Bundle_sheath",471,"Bundle_sheath"
"Zm00001eb159540","Bundle_sheath",472,"Bundle_sheath"
"Zm00001eb162470","Bundle_sheath",473,"Bundle_sheath"
"Zm00001eb163950","Bundle_sheath",474,"Bundle_sheath"
"Zm00001eb371520","Bundle_sheath",475,"Bundle_sheath"
"Zm00001eb373380","Bundle_sheath",476,"Bundle_sheath"
"Zm00001eb375180","Bundle_sheath",477,"Bundle_sheath"
"Zm00001eb375730","Bundle_sheath",478,"Bundle_sheath"
"Zm00001eb377420","Bundle_sheath",479,"Bundle_sheath"
"Zm00001eb385480","Bundle_sheath",480,"Bundle_sheath"
"Zm00001eb389720","Bundle_sheath",481,"Bundle_sheath"
"Zm00001eb389820","Bundle_sheath",482,"Bundle_sheath"
"Zm00001eb390460","Bundle_sheath",483,"Bundle_sheath"
"Zm00001eb390560","Bundle_sheath",484,"Bundle_sheath"
"Zm00001eb390820","Bundle_sheath",485,"Bundle_sheath"
"Zm00001eb393180","Bundle_sheath",486,"Bundle_sheath"
"Zm00001eb394050","Bundle_sheath",487,"Bundle_sheath"
"Zm00001eb394190","Bundle_sheath",488,"Bundle_sheath"
"Zm00001eb395860","Bundle_sheath",489,"Bundle_sheath"
"Zm00001eb396890","Bundle_sheath",490,"Bundle_sheath"
"Zm00001eb398940","Bundle_sheath",491,"Bundle_sheath"
"Zm00001eb400470","Bundle_sheath",492,"Bundle_sheath"
"Zm00001eb400750","Bundle_sheath",493,"Bundle_sheath"
"Zm00001eb401110","Bundle_sheath",494,"Bundle_sheath"
"Zm00001eb402390","Bundle_sheath",495,"Bundle_sheath"
"Zm00001eb402600","Bundle_sheath",496,"Bundle_sheath"
"Zm00001eb403050","Bundle_sheath",497,"Bundle_sheath"
"Zm00001eb165900","Bundle_sheath",498,"Bundle_sheath"
"Zm00001eb167140","Bundle_sheath",499,"Bundle_sheath"
"Zm00001eb172110","Bundle_sheath",500,"Bundle_sheath"
"Zm00001eb173990","Bundle_sheath",501,"Bundle_sheath"
"Zm00001eb176050","Bundle_sheath",502,"Bundle_sheath"
"Zm00001eb176730","Bundle_sheath",503,"Bundle_sheath"
"Zm00001eb178930","Bundle_sheath",504,"Bundle_sheath"
"Zm00001eb179170","Bundle_sheath",505,"Bundle_sheath"
"Zm00001eb179210","Bundle_sheath",506,"Bundle_sheath"
"Zm00001eb181710","Bundle_sheath",507,"Bundle_sheath"
"Zm00001eb183760","Bundle_sheath",508,"Bundle_sheath"
"Zm00001eb186820","Bundle_sheath",509,"Bundle_sheath"
"Zm00001eb193240","Bundle_sheath",510,"Bundle_sheath"
"Zm00001eb194550","Bundle_sheath",511,"Bundle_sheath"
"Zm00001eb195960","Bundle_sheath",512,"Bundle_sheath"
"Zm00001eb197710","Bundle_sheath",513,"Bundle_sheath"
"Zm00001eb200610","Bundle_sheath",514,"Bundle_sheath"
"Zm00001eb205670","Bundle_sheath",515,"Bundle_sheath"
"Zm00001eb206500","Bundle_sheath",516,"Bundle_sheath"
"Zm00001eb206660","Bundle_sheath",517,"Bundle_sheath"
"Zm00001eb208690","Bundle_sheath",518,"Bundle_sheath"
"Zm00001eb209000","Bundle_sheath",519,"Bundle_sheath"
"Zm00001eb073350","G2_M_phase",1,"G2/M_phase"
"Zm00001eb075810","G2_M_phase",2,"G2/M_phase"
"Zm00001eb104520","G2_M_phase",3,"G2/M_phase"
"Zm00001eb106080","G2_M_phase",4,"G2/M_phase"
"Zm00001eb111490","G2_M_phase",5,"G2/M_phase"
"Zm00001eb117190","G2_M_phase",6,"G2/M_phase"
"Zm00001eb333240","G2_M_phase",7,"G2/M_phase"
"Zm00001eb333760","G2_M_phase",8,"G2/M_phase"
"Zm00001eb336170","G2_M_phase",9,"G2/M_phase"
"Zm00001eb343260","G2_M_phase",10,"G2/M_phase"
"Zm00001eb347610","G2_M_phase",11,"G2/M_phase"
"Zm00001eb358690","G2_M_phase",12,"G2/M_phase"
"Zm00001eb213650","G2_M_phase",13,"G2/M_phase"
"Zm00001eb216960","G2_M_phase",14,"G2/M_phase"
"Zm00001eb218540","G2_M_phase",15,"G2/M_phase"
"Zm00001eb224440","G2_M_phase",16,"G2/M_phase"
"Zm00001eb244070","G2_M_phase",17,"G2/M_phase"
"Zm00001eb248880","G2_M_phase",18,"G2/M_phase"
"Zm00001eb079190","G2_M_phase",19,"G2/M_phase"
"Zm00001eb294360","G2_M_phase",20,"G2/M_phase"
"Zm00001eb292740","G2_M_phase",21,"G2/M_phase"
"Zm00001eb379440","G2_M_phase",22,"G2/M_phase"
"Zm00001eb397080","G2_M_phase",23,"G2/M_phase"
"Zm00001eb233920","G2_M_phase",24,"G2/M_phase"
"Zm00001eb332010","G2_M_phase",25,"G2/M_phase"
"Zm00001eb363830","G2_M_phase",26,"G2/M_phase"
"Zm00001eb207380","G2_M_phase",27,"G2/M_phase"
"Zm00001eb329840","G2_M_phase",28,"G2/M_phase"
"Zm00001eb057410","G2_M_phase",29,"G2/M_phase"
"Zm00001eb207790","G2_M_phase",30,"G2/M_phase"
"Zm00001eb176030","G2_M_phase",31,"G2/M_phase"
"Zm00001eb265280","G2_M_phase",32,"G2/M_phase"
"Zm00001eb423880","G2_M_phase",33,"G2/M_phase"
"Zm00001eb287900","G2_M_phase",34,"G2/M_phase"
"Zm00001eb098070","G2_M_phase",35,"G2/M_phase"
"Zm00001eb148380","G2_M_phase",36,"G2/M_phase"
"Zm00001eb155230","G2_M_phase",37,"G2/M_phase"
"Zm00001eb077210","G2_M_phase",38,"G2/M_phase"
"Zm00001eb227730","G2_M_phase",39,"G2/M_phase"
"Zm00001eb432950","G2_M_phase",40,"G2/M_phase"
"Zm00001eb214840","G2_M_phase",41,"G2/M_phase"
"Zm00001eb163550","G2_M_phase",42,"G2/M_phase"
"Zm00001eb250190","G2_M_phase",43,"G2/M_phase"
"Zm00001eb036130","G2_M_phase",44,"G2/M_phase"
"Zm00001eb211490","G2_M_phase",45,"G2/M_phase"
"Zm00001eb253710","G2_M_phase",46,"G2/M_phase"
"Zm00001eb314080","G2_M_phase",47,"G2/M_phase"
"Zm00001eb316050","G2_M_phase",48,"G2/M_phase"
"Zm00001eb317500","G2_M_phase",49,"G2/M_phase"
"Zm00001eb320350","G2_M_phase",50,"G2/M_phase"
"Zm00001eb321050","G2_M_phase",51,"G2/M_phase"
"Zm00001eb321740","G2_M_phase",52,"G2/M_phase"
"Zm00001eb327420","G2_M_phase",53,"G2/M_phase"
"Zm00001eb327880","G2_M_phase",54,"G2/M_phase"
"Zm00001eb331370","G2_M_phase",55,"G2/M_phase"
"Zm00001eb429850","G2_M_phase",56,"G2/M_phase"
"Zm00001eb019300","G2_M_phase",57,"G2/M_phase"
"Zm00001eb031820","G2_M_phase",58,"G2/M_phase"
"Zm00001eb251920","G2_M_phase",59,"G2/M_phase"
"Zm00001eb188670","G2_M_phase",60,"G2/M_phase"
"Zm00001eb280740","G2_M_phase",61,"G2/M_phase"
"Zm00001eb235810","G2_M_phase",62,"G2/M_phase"
"Zm00001eb038490","G2_M_phase",63,"G2/M_phase"
"Zm00001eb044130","G2_M_phase",64,"G2/M_phase"
"Zm00001eb050130","G2_M_phase",65,"G2/M_phase"
"Zm00001eb050230","G2_M_phase",66,"G2/M_phase"
"Zm00001eb052610","G2_M_phase",67,"G2/M_phase"
"Zm00001eb059360","G2_M_phase",68,"G2/M_phase"
"Zm00001eb280870","G2_M_phase",69,"G2/M_phase"
"Zm00001eb287310","G2_M_phase",70,"G2/M_phase"
"Zm00001eb292280","G2_M_phase",71,"G2/M_phase"
"Zm00001eb297460","G2_M_phase",72,"G2/M_phase"
"Zm00001eb120780","G2_M_phase",73,"G2/M_phase"
"Zm00001eb127760","G2_M_phase",74,"G2/M_phase"
"Zm00001eb127880","G2_M_phase",75,"G2/M_phase"
"Zm00001eb141360","G2_M_phase",76,"G2/M_phase"
"Zm00001eb147740","G2_M_phase",77,"G2/M_phase"
"Zm00001eb156480","G2_M_phase",78,"G2/M_phase"
"Zm00001eb157840","G2_M_phase",79,"G2/M_phase"
"Zm00001eb159010","G2_M_phase",80,"G2/M_phase"
"Zm00001eb162990","G2_M_phase",81,"G2/M_phase"
"Zm00001eb373960","G2_M_phase",82,"G2/M_phase"
"Zm00001eb400050","G2_M_phase",83,"G2/M_phase"
"Zm00001eb400340","G2_M_phase",84,"G2/M_phase"
"Zm00001eb403680","G2_M_phase",85,"G2/M_phase"
"Zm00001eb167670","G2_M_phase",86,"G2/M_phase"
"Zm00001eb179120","G2_M_phase",87,"G2/M_phase"
"Zm00001eb188050","G2_M_phase",88,"G2/M_phase"
"Zm00001eb192330","G2_M_phase",89,"G2/M_phase"
"Zm00001eb146220","G2_M_phase",90,"G2/M_phase"
"Zm00001eb205050","G2_M_phase",91,"G2/M_phase"
"Zm00001eb008500","G2_M_phase",92,"G2/M_phase"
"Zm00001eb213820","G2_M_phase",93,"G2/M_phase"
"Zm00001eb353070","G2_M_phase",94,"G2/M_phase"
"Zm00001eb252230","G2_M_phase",95,"G2/M_phase"
"Zm00001eb314160","G2_M_phase",96,"G2/M_phase"
"Zm00001eb056780","G2_M_phase",97,"G2/M_phase"
"Zm00001eb352130","G2_M_phase",98,"G2/M_phase"
"Zm00001eb325550","G2_M_phase",99,"G2/M_phase"
"Zm00001eb325230","G2_M_phase",100,"G2/M_phase"
"Zm00001eb004030","G2_M_phase",101,"G2/M_phase"
"Zm00001eb421930","G2_M_phase",102,"G2/M_phase"
"Zm00001eb001630","G2_M_phase",103,"G2/M_phase"
"Zm00001eb159850","G2_M_phase",104,"G2/M_phase"
"Zm00001eb204710","G2_M_phase",105,"G2/M_phase"
"Zm00001eb092260","Leaf_epidermis",1,"Leaf_epidermis"
"Zm00001eb340650","Leaf_epidermis",2,"Leaf_epidermis"
"Zm00001eb355910","Leaf_epidermis",3,"Leaf_epidermis"
"Zm00001eb365680","Leaf_epidermis",4,"Leaf_epidermis"
"Zm00001eb255450","Leaf_epidermis",5,"Leaf_epidermis"
"Zm00001eb326270","Leaf_epidermis",6,"Leaf_epidermis"
"Zm00001eb431620","Leaf_epidermis",7,"Leaf_epidermis"
"Zm00001eb431660","Leaf_epidermis",8,"Leaf_epidermis"
"Zm00001eb010490","Leaf_epidermis",9,"Leaf_epidermis"
"Zm00001eb023140","Leaf_epidermis",10,"Leaf_epidermis"
"Zm00001eb077880","Leaf_epidermis",11,"Leaf_epidermis"
"Zm00001eb232710","Leaf_epidermis",12,"Leaf_epidermis"
"Zm00001eb062400","Leaf_epidermis",13,"Leaf_epidermis"
"Zm00001eb293430","Leaf_epidermis",14,"Leaf_epidermis"
"Zm00001eb066640","Leaf_epidermis",15,"Leaf_epidermis"
"Zm00001eb161780","Leaf_epidermis",16,"Leaf_epidermis"
"Zm00001eb119150","Leaf_epidermis",17,"Leaf_epidermis"
"Zm00001eb269140","Leaf_epidermis",18,"Leaf_epidermis"
"Zm00001eb233880","Leaf_epidermis",19,"Leaf_epidermis"
"Zm00001eb317030","Leaf_epidermis",20,"Leaf_epidermis"
"Zm00001eb026500","Leaf_epidermis",21,"Leaf_epidermis"
"Zm00001eb056650","Leaf_epidermis",22,"Leaf_epidermis"
"Zm00001eb119920","Leaf_epidermis",23,"Leaf_epidermis"
"Zm00001eb123220","Leaf_epidermis",24,"Leaf_epidermis"
"Zm00001eb147350","Leaf_epidermis",25,"Leaf_epidermis"
"Zm00001eb147490","Leaf_epidermis",26,"Leaf_epidermis"
"Zm00001eb152800","Leaf_epidermis",27,"Leaf_epidermis"
"Zm00001eb153170","Leaf_epidermis",28,"Leaf_epidermis"
"Zm00001eb154280","Leaf_epidermis",29,"Leaf_epidermis"
"Zm00001eb393130","Leaf_epidermis",30,"Leaf_epidermis"
"Zm00001eb404070","Leaf_epidermis",31,"Leaf_epidermis"
"Zm00001eb182920","Leaf_epidermis",32,"Leaf_epidermis"
"Zm00001eb207430","Leaf_epidermis",33,"Leaf_epidermis"
"Zm00001eb346760","Leaf_guard_cell",1,"Leaf_guard_cell"
"Zm00001eb359220","Leaf_guard_cell",2,"Leaf_guard_cell"
"Zm00001eb360130","Leaf_guard_cell",3,"Leaf_guard_cell"
"Zm00001eb367690","Leaf_guard_cell",4,"Leaf_guard_cell"
"Zm00001eb247690","Leaf_guard_cell",5,"Leaf_guard_cell"
"Zm00001eb306210","Leaf_guard_cell",6,"Leaf_guard_cell"
"Zm00001eb424350","Leaf_guard_cell",7,"Leaf_guard_cell"
"Zm00001eb035230","Leaf_guard_cell",8,"Leaf_guard_cell"
"Zm00001eb052250","Leaf_guard_cell",9,"Leaf_guard_cell"
"Zm00001eb344960","Leaf_guard_cell",10,"Leaf_guard_cell"
"Zm00001eb224230","Leaf_guard_cell",11,"Leaf_guard_cell"
"Zm00001eb120180","Leaf_guard_cell",12,"Leaf_guard_cell"
"Zm00001eb093440","Leaf_guard_cell",13,"Leaf_guard_cell"
"Zm00001eb178280","Leaf_guard_cell",14,"Leaf_guard_cell"
"Zm00001eb131090","Leaf_guard_cell",15,"Leaf_guard_cell"
"Zm00001eb288790","Leaf_guard_cell",16,"Leaf_guard_cell"
"Zm00001eb051510","Leaf_guard_cell",17,"Leaf_guard_cell"
"Zm00001eb128620","Leaf_guard_cell",18,"Leaf_guard_cell"
"Zm00001eb280210","Leaf_guard_cell",19,"Leaf_guard_cell"
"Zm00001eb219160","Leaf_guard_cell",20,"Leaf_guard_cell"
"Zm00001eb158770","Leaf_guard_cell",21,"Leaf_guard_cell"
"Zm00001eb084630","Leaf_guard_cell",22,"Leaf_guard_cell"
"Zm00001eb073420","Leaf_guard_cell",23,"Leaf_guard_cell"
"Zm00001eb433980","Leaf_guard_cell",24,"Leaf_guard_cell"
"Zm00001eb007490","Leaf_guard_cell",25,"Leaf_guard_cell"
"Zm00001eb417810","Leaf_guard_cell",26,"Leaf_guard_cell"
"Zm00001eb063230","Leaf_guard_cell",27,"Leaf_guard_cell"
"Zm00001eb034940","Leaf_guard_cell",28,"Leaf_guard_cell"
"Zm00001eb431200","Leaf_guard_cell",29,"Leaf_guard_cell"
"Zm00001eb177150","Leaf_guard_cell",30,"Leaf_guard_cell"
"Zm00001eb053800","Leaf_guard_cell",31,"Leaf_guard_cell"
"Zm00001eb160310","Leaf_guard_cell",32,"Leaf_guard_cell"
"Zm00001eb060780","Leaf_guard_cell",33,"Leaf_guard_cell"
"Zm00001eb275520","Leaf_guard_cell",34,"Leaf_guard_cell"
"Zm00001eb278480","Leaf_guard_cell",35,"Leaf_guard_cell"
"Zm00001eb294170","Leaf_guard_cell",36,"Leaf_guard_cell"
"Zm00001eb137180","Leaf_guard_cell",37,"Leaf_guard_cell"
"Zm00001eb152790","Leaf_guard_cell",38,"Leaf_guard_cell"
"Zm00001eb162190","Leaf_guard_cell",39,"Leaf_guard_cell"
"Zm00001eb167820","Leaf_guard_cell",40,"Leaf_guard_cell"
"Zm00001eb174560","Leaf_guard_cell",41,"Leaf_guard_cell"
"Zm00001eb174880","Leaf_guard_cell",42,"Leaf_guard_cell"
"Zm00001eb185840","Leaf_guard_cell",43,"Leaf_guard_cell"
"Zm00001eb204640","Leaf_guard_cell",44,"Leaf_guard_cell"
"Zm00001eb206610","Leaf_guard_cell",45,"Leaf_guard_cell"
"Zm00001eb069040","Leaf_primordium",1,"Leaf_primordium"
"Zm00001eb093210","Leaf_primordium",2,"Leaf_primordium"
"Zm00001eb098500","Leaf_primordium",3,"Leaf_primordium"
"Zm00001eb103950","Leaf_primordium",4,"Leaf_primordium"
"Zm00001eb106760","Leaf_primordium",5,"Leaf_primordium"
"Zm00001eb110510","Leaf_primordium",6,"Leaf_primordium"
"Zm00001eb111850","Leaf_primordium",7,"Leaf_primordium"
"Zm00001eb343720","Leaf_primordium",8,"Leaf_primordium"
"Zm00001eb212480","Leaf_primordium",9,"Leaf_primordium"
"Zm00001eb220910","Leaf_primordium",10,"Leaf_primordium"
"Zm00001eb228920","Leaf_primordium",11,"Leaf_primordium"
"Zm00001eb249200","Leaf_primordium",12,"Leaf_primordium"
"Zm00001eb165550","Leaf_primordium",13,"Leaf_primordium"
"Zm00001eb166850","Leaf_primordium",14,"Leaf_primordium"
"Zm00001eb165610","Leaf_primordium",15,"Leaf_primordium"
"Zm00001eb016200","Leaf_primordium",16,"Leaf_primordium"
"Zm00001eb034220","Leaf_primordium",17,"Leaf_primordium"
"Zm00001eb296090","Leaf_primordium",18,"Leaf_primordium"
"Zm00001eb184780","Leaf_primordium",19,"Leaf_primordium"
"Zm00001eb096930","Leaf_primordium",20,"Leaf_primordium"
"Zm00001eb264630","Leaf_primordium",21,"Leaf_primordium"
"Zm00001eb294690","Leaf_primordium",22,"Leaf_primordium"
"Zm00001eb387920","Leaf_primordium",23,"Leaf_primordium"
"Zm00001eb255240","Leaf_primordium",24,"Leaf_primordium"
"Zm00001eb236430","Leaf_primordium",25,"Leaf_primordium"
"Zm00001eb082720","Leaf_primordium",26,"Leaf_primordium"
"Zm00001eb165620","Leaf_primordium",27,"Leaf_primordium"
"Zm00001eb080410","Leaf_primordium",28,"Leaf_primordium"
"Zm00001eb190920","Leaf_primordium",29,"Leaf_primordium"
"Zm00001eb265000","Leaf_primordium",30,"Leaf_primordium"
"Zm00001eb106660","Leaf_primordium",31,"Leaf_primordium"
"Zm00001eb356370","Leaf_primordium",32,"Leaf_primordium"
"Zm00001eb146500","Leaf_primordium",33,"Leaf_primordium"
"Zm00001eb157310","Leaf_primordium",34,"Leaf_primordium"
"Zm00001eb160820","Leaf_primordium",35,"Leaf_primordium"
"Zm00001eb240670","Leaf_primordium",36,"Leaf_primordium"
"Zm00001eb009340","Leaf_primordium",37,"Leaf_primordium"
"Zm00001eb184610","Leaf_primordium",38,"Leaf_primordium"
"Zm00001eb229460","Leaf_primordium",39,"Leaf_primordium"
"Zm00001eb032290","Leaf_primordium",40,"Leaf_primordium"
"Zm00001eb002830","Leaf_primordium",41,"Leaf_primordium"
"Zm00001eb066790","Leaf_primordium",42,"Leaf_primordium"
"Zm00001eb248640","Leaf_primordium",43,"Leaf_primordium"
"Zm00001eb374090","Leaf_primordium",44,"Leaf_primordium"
"Zm00001eb039350","Leaf_primordium",45,"Leaf_primordium"
"Zm00001eb077700","Leaf_primordium",46,"Leaf_primordium"
"Zm00001eb145100","Leaf_primordium",47,"Leaf_primordium"
"Zm00001eb162930","Leaf_primordium",48,"Leaf_primordium"
"Zm00001eb233230","Leaf_primordium",49,"Leaf_primordium"
"Zm00001eb386320","Leaf_primordium",50,"Leaf_primordium"
"Zm00001eb099980","Leaf_primordium",51,"Leaf_primordium"
"Zm00001eb045780","Leaf_primordium",52,"Leaf_primordium"
"Zm00001eb065430","Leaf_primordium",53,"Leaf_primordium"
"Zm00001eb239380","Leaf_primordium",54,"Leaf_primordium"
"Zm00001eb103100","Leaf_primordium",55,"Leaf_primordium"
"Zm00001eb322850","Leaf_primordium",56,"Leaf_primordium"
"Zm00001eb323330","Leaf_primordium",57,"Leaf_primordium"
"Zm00001eb008080","Leaf_primordium",58,"Leaf_primordium"
"Zm00001eb014210","Leaf_primordium",59,"Leaf_primordium"
"Zm00001eb063220","Leaf_primordium",60,"Leaf_primordium"
"Zm00001eb294350","Leaf_primordium",61,"Leaf_primordium"
"Zm00001eb143640","Leaf_primordium",62,"Leaf_primordium"
"Zm00001eb151950","Leaf_primordium",63,"Leaf_primordium"
"Zm00001eb154790","Leaf_primordium",64,"Leaf_primordium"
"Zm00001eb378110","Leaf_primordium",65,"Leaf_primordium"
"Zm00001eb394970","Leaf_primordium",66,"Leaf_primordium"
"Zm00001eb397270","Leaf_primordium",67,"Leaf_primordium"
"Zm00001eb171410","Leaf_primordium",68,"Leaf_primordium"
"Zm00001eb196640","Leaf_primordium",69,"Leaf_primordium"
"Zm00001eb090830","Leaf_primordium",70,"Leaf_primordium"
"Zm00001eb345750","Leaf_primordium",71,"Leaf_primordium"
"Zm00001eb015620","Leaf_primordium",72,"Leaf_primordium"
"Zm00001eb223620","Leaf_primordium",73,"Leaf_primordium"
"Zm00001eb153600","Leaf_primordium",74,"Leaf_primordium"
"Zm00001eb403640","Leaf_primordium",75,"Leaf_primordium"
"Zm00001eb097730","Leaf_primordium",76,"Leaf_primordium"
"Zm00001eb189920","Leaf_primordium",77,"Leaf_primordium"
"Zm00001eb193920","Leaf_primordium",78,"Leaf_primordium"
"Zm00001eb006530","Leaf_primordium",79,"Leaf_primordium"
"Zm00001eb251200","Leaf_primordium",80,"Leaf_primordium"
"Zm00001eb103260","Leaf_primordium",81,"Leaf_primordium"
"Zm00001eb136500","Leaf_primordium",82,"Leaf_primordium"
"Zm00001eb067730","Leaf_primordium",83,"Leaf_primordium"
"Zm00001eb101190","Leaf_primordium",84,"Leaf_primordium"
"Zm00001eb041450","Leaf_primordium",85,"Leaf_primordium"
"Zm00001eb100800","Leaf_primordium",86,"Leaf_primordium"
"Zm00001eb043600","Leaf_rim",1,"Leaf_rim"
"Zm00001eb266530","Leaf_rim",2,"Leaf_rim"
"Zm00001eb146910","Leaf_rim",3,"Leaf_rim"
"Zm00001eb104350","Leaf_rim",4,"Leaf_rim"
"Zm00001eb354610","Leaf_rim",5,"Leaf_rim"
"Zm00001eb301170","Leaf_rim",6,"Leaf_rim"
"Zm00001eb360750","Leaf_rim",7,"Leaf_rim"
"Zm00001eb075320","Leaf_rim",8,"Leaf_rim"
"Zm00001eb156190","Leaf_rim",9,"Leaf_rim"
"Zm00001eb071980","Leaf_subsidiary_cell",1,"Leaf_subsidiary_cell"
"Zm00001eb095890","Leaf_subsidiary_cell",2,"Leaf_subsidiary_cell"
"Zm00001eb107020","Leaf_subsidiary_cell",3,"Leaf_subsidiary_cell"
"Zm00001eb333320","Leaf_subsidiary_cell",4,"Leaf_subsidiary_cell"
"Zm00001eb354450","Leaf_subsidiary_cell",5,"Leaf_subsidiary_cell"
"Zm00001eb214250","Leaf_subsidiary_cell",6,"Leaf_subsidiary_cell"
"Zm00001eb233760","Leaf_subsidiary_cell",7,"Leaf_subsidiary_cell"
"Zm00001eb257160","Leaf_subsidiary_cell",8,"Leaf_subsidiary_cell"
"Zm00001eb324250","Leaf_subsidiary_cell",9,"Leaf_subsidiary_cell"
"Zm00001eb324450","Leaf_subsidiary_cell",10,"Leaf_subsidiary_cell"
"Zm00001eb325220","Leaf_subsidiary_cell",11,"Leaf_subsidiary_cell"
"Zm00001eb329570","Leaf_subsidiary_cell",12,"Leaf_subsidiary_cell"
"Zm00001eb405720","Leaf_subsidiary_cell",13,"Leaf_subsidiary_cell"
"Zm00001eb423290","Leaf_subsidiary_cell",14,"Leaf_subsidiary_cell"
"Zm00001eb428840","Leaf_subsidiary_cell",15,"Leaf_subsidiary_cell"
"Zm00001eb002480","Leaf_subsidiary_cell",16,"Leaf_subsidiary_cell"
"Zm00001eb018700","Leaf_subsidiary_cell",17,"Leaf_subsidiary_cell"
"Zm00001eb031250","Leaf_subsidiary_cell",18,"Leaf_subsidiary_cell"
"Zm00001eb288410","Leaf_subsidiary_cell",19,"Leaf_subsidiary_cell"
"Zm00001eb199730","Leaf_subsidiary_cell",20,"Leaf_subsidiary_cell"
"Zm00001eb261660","Leaf_subsidiary_cell",21,"Leaf_subsidiary_cell"
"Zm00001eb399450","Leaf_subsidiary_cell",22,"Leaf_subsidiary_cell"
"Zm00001eb041840","Leaf_subsidiary_cell",23,"Leaf_subsidiary_cell"
"Zm00001eb158420","Leaf_subsidiary_cell",24,"Leaf_subsidiary_cell"
"Zm00001eb398370","Leaf_subsidiary_cell",25,"Leaf_subsidiary_cell"
"Zm00001eb371430","Leaf_subsidiary_cell",26,"Leaf_subsidiary_cell"
"Zm00001eb263060","Leaf_subsidiary_cell",27,"Leaf_subsidiary_cell"
"Zm00001eb317890","Leaf_subsidiary_cell",28,"Leaf_subsidiary_cell"
"Zm00001eb366610","Leaf_subsidiary_cell",29,"Leaf_subsidiary_cell"
"Zm00001eb165860","Leaf_subsidiary_cell",30,"Leaf_subsidiary_cell"
"Zm00001eb348530","Leaf_subsidiary_cell",31,"Leaf_subsidiary_cell"
"Zm00001eb034100","Leaf_subsidiary_cell",32,"Leaf_subsidiary_cell"
"Zm00001eb163120","Leaf_subsidiary_cell",33,"Leaf_subsidiary_cell"
"Zm00001eb189220","Leaf_subsidiary_cell",34,"Leaf_subsidiary_cell"
"Zm00001eb330710","Leaf_subsidiary_cell",35,"Leaf_subsidiary_cell"
"Zm00001eb359720","Leaf_subsidiary_cell",36,"Leaf_subsidiary_cell"
"Zm00001eb232070","Leaf_subsidiary_cell",37,"Leaf_subsidiary_cell"
"Zm00001eb156680","Leaf_subsidiary_cell",38,"Leaf_subsidiary_cell"
"Zm00001eb416770","Leaf_subsidiary_cell",39,"Leaf_subsidiary_cell"
"Zm00001eb363430","Leaf_subsidiary_cell",40,"Leaf_subsidiary_cell"
"Zm00001eb072360","Leaf_subsidiary_cell",41,"Leaf_subsidiary_cell"
"Zm00001eb408860","Leaf_subsidiary_cell",42,"Leaf_subsidiary_cell"
"Zm00001eb024960","Leaf_subsidiary_cell",43,"Leaf_subsidiary_cell"
"Zm00001eb407710","Leaf_subsidiary_cell",44,"Leaf_subsidiary_cell"
"Zm00001eb321680","Leaf_subsidiary_cell",45,"Leaf_subsidiary_cell"
"Zm00001eb425660","Leaf_subsidiary_cell",46,"Leaf_subsidiary_cell"
"Zm00001eb378700","Leaf_subsidiary_cell",47,"Leaf_subsidiary_cell"
"Zm00001eb204180","Leaf_subsidiary_cell",48,"Leaf_subsidiary_cell"
"Zm00001eb401240","Leaf_subsidiary_cell",49,"Leaf_subsidiary_cell"
"Zm00001eb030420","Leaf_subsidiary_cell",50,"Leaf_subsidiary_cell"
"Zm00001eb111990","Leaf_subsidiary_cell",51,"Leaf_subsidiary_cell"
"Zm00001eb285830","Leaf_subsidiary_cell",52,"Leaf_subsidiary_cell"
"Zm00001eb008920","Leaf_subsidiary_cell",53,"Leaf_subsidiary_cell"
"Zm00001eb241920","Leaf_subsidiary_cell",54,"Leaf_subsidiary_cell"
"Zm00001eb237680","Leaf_subsidiary_cell",55,"Leaf_subsidiary_cell"
"Zm00001eb097940","Leaf_subsidiary_cell",56,"Leaf_subsidiary_cell"
"Zm00001eb273360","Leaf_subsidiary_cell",57,"Leaf_subsidiary_cell"
"Zm00001eb275240","Leaf_subsidiary_cell",58,"Leaf_subsidiary_cell"
"Zm00001eb283600","Leaf_subsidiary_cell",59,"Leaf_subsidiary_cell"
"Zm00001eb143340","Leaf_subsidiary_cell",60,"Leaf_subsidiary_cell"
"Zm00001eb159110","Leaf_subsidiary_cell",61,"Leaf_subsidiary_cell"
"Zm00001eb374080","Leaf_subsidiary_cell",62,"Leaf_subsidiary_cell"
"Zm00001eb381920","Leaf_subsidiary_cell",63,"Leaf_subsidiary_cell"
"Zm00001eb387500","Leaf_subsidiary_cell",64,"Leaf_subsidiary_cell"
"Zm00001eb388600","Leaf_subsidiary_cell",65,"Leaf_subsidiary_cell"
"Zm00001eb378490","Leaf_subsidiary_cell",66,"Leaf_subsidiary_cell"
"Zm00001eb167910","Leaf_subsidiary_cell",67,"Leaf_subsidiary_cell"
"Zm00001eb198790","Leaf_subsidiary_cell",68,"Leaf_subsidiary_cell"
"Zm00001eb084520","Mesophyll",1,"Mesophyll"
"Zm00001eb084450","Mesophyll",2,"Mesophyll"
"Zm00001eb031900","Mesophyll",3,"Mesophyll"
"Zm00001eb031870","Mesophyll",4,"Mesophyll"
"Zm00001eb373710","Mesophyll",5,"Mesophyll"
"Zm00001eb190150","Mesophyll",6,"Mesophyll"
"Zm00001eb353340","Mesophyll",7,"Mesophyll"
"Zm00001eb065580","Mesophyll",8,"Mesophyll"
"Zm00001eb066320","Mesophyll",9,"Mesophyll"
"Zm00001eb066470","Mesophyll",10,"Mesophyll"
"Zm00001eb066610","Mesophyll",11,"Mesophyll"
"Zm00001eb066660","Mesophyll",12,"Mesophyll"
"Zm00001eb066670","Mesophyll",13,"Mesophyll"
"Zm00001eb067150","Mesophyll",14,"Mesophyll"
"Zm00001eb067280","Mesophyll",15,"Mesophyll"
"Zm00001eb067450","Mesophyll",16,"Mesophyll"
"Zm00001eb067580","Mesophyll",17,"Mesophyll"
"Zm00001eb068110","Mesophyll",18,"Mesophyll"
"Zm00001eb068620","Mesophyll",19,"Mesophyll"
"Zm00001eb069200","Mesophyll",20,"Mesophyll"
"Zm00001eb069280","Mesophyll",21,"Mesophyll"
"Zm00001eb070100","Mesophyll",22,"Mesophyll"
"Zm00001eb070130","Mesophyll",23,"Mesophyll"
"Zm00001eb070260","Mesophyll",24,"Mesophyll"
"Zm00001eb070410","Mesophyll",25,"Mesophyll"
"Zm00001eb070460","Mesophyll",26,"Mesophyll"
"Zm00001eb071100","Mesophyll",27,"Mesophyll"
"Zm00001eb071570","Mesophyll",28,"Mesophyll"
"Zm00001eb071600","Mesophyll",29,"Mesophyll"
"Zm00001eb071700","Mesophyll",30,"Mesophyll"
"Zm00001eb072000","Mesophyll",31,"Mesophyll"
"Zm00001eb072050","Mesophyll",32,"Mesophyll"
"Zm00001eb072220","Mesophyll",33,"Mesophyll"
"Zm00001eb072570","Mesophyll",34,"Mesophyll"
"Zm00001eb073280","Mesophyll",35,"Mesophyll"
"Zm00001eb073630","Mesophyll",36,"Mesophyll"
"Zm00001eb074350","Mesophyll",37,"Mesophyll"
"Zm00001eb075660","Mesophyll",38,"Mesophyll"
"Zm00001eb075740","Mesophyll",39,"Mesophyll"
"Zm00001eb075800","Mesophyll",40,"Mesophyll"
"Zm00001eb075960","Mesophyll",41,"Mesophyll"
"Zm00001eb076680","Mesophyll",42,"Mesophyll"
"Zm00001eb077540","Mesophyll",43,"Mesophyll"
"Zm00001eb077870","Mesophyll",44,"Mesophyll"
"Zm00001eb077930","Mesophyll",45,"Mesophyll"
"Zm00001eb078110","Mesophyll",46,"Mesophyll"
"Zm00001eb078640","Mesophyll",47,"Mesophyll"
"Zm00001eb078880","Mesophyll",48,"Mesophyll"
"Zm00001eb079330","Mesophyll",49,"Mesophyll"
"Zm00001eb079420","Mesophyll",50,"Mesophyll"
"Zm00001eb079490","Mesophyll",51,"Mesophyll"
"Zm00001eb079540","Mesophyll",52,"Mesophyll"
"Zm00001eb080480","Mesophyll",53,"Mesophyll"
"Zm00001eb080490","Mesophyll",54,"Mesophyll"
"Zm00001eb080610","Mesophyll",55,"Mesophyll"
"Zm00001eb080680","Mesophyll",56,"Mesophyll"
"Zm00001eb080810","Mesophyll",57,"Mesophyll"
"Zm00001eb081420","Mesophyll",58,"Mesophyll"
"Zm00001eb081650","Mesophyll",59,"Mesophyll"
"Zm00001eb081750","Mesophyll",60,"Mesophyll"
"Zm00001eb082070","Mesophyll",61,"Mesophyll"
"Zm00001eb082290","Mesophyll",62,"Mesophyll"
"Zm00001eb082320","Mesophyll",63,"Mesophyll"
"Zm00001eb082750","Mesophyll",64,"Mesophyll"
"Zm00001eb082820","Mesophyll",65,"Mesophyll"
"Zm00001eb082890","Mesophyll",66,"Mesophyll"
"Zm00001eb083520","Mesophyll",67,"Mesophyll"
"Zm00001eb084890","Mesophyll",68,"Mesophyll"
"Zm00001eb085130","Mesophyll",69,"Mesophyll"
"Zm00001eb085170","Mesophyll",70,"Mesophyll"
"Zm00001eb085200","Mesophyll",71,"Mesophyll"
"Zm00001eb085240","Mesophyll",72,"Mesophyll"
"Zm00001eb085540","Mesophyll",73,"Mesophyll"
"Zm00001eb085730","Mesophyll",74,"Mesophyll"
"Zm00001eb085850","Mesophyll",75,"Mesophyll"
"Zm00001eb086050","Mesophyll",76,"Mesophyll"
"Zm00001eb086540","Mesophyll",77,"Mesophyll"
"Zm00001eb086990","Mesophyll",78,"Mesophyll"
"Zm00001eb087570","Mesophyll",79,"Mesophyll"
"Zm00001eb088220","Mesophyll",80,"Mesophyll"
"Zm00001eb088270","Mesophyll",81,"Mesophyll"
"Zm00001eb088350","Mesophyll",82,"Mesophyll"
"Zm00001eb088500","Mesophyll",83,"Mesophyll"
"Zm00001eb088830","Mesophyll",84,"Mesophyll"
"Zm00001eb089020","Mesophyll",85,"Mesophyll"
"Zm00001eb089980","Mesophyll",86,"Mesophyll"
"Zm00001eb090170","Mesophyll",87,"Mesophyll"
"Zm00001eb090700","Mesophyll",88,"Mesophyll"
"Zm00001eb091620","Mesophyll",89,"Mesophyll"
"Zm00001eb091850","Mesophyll",90,"Mesophyll"
"Zm00001eb093800","Mesophyll",91,"Mesophyll"
"Zm00001eb093890","Mesophyll",92,"Mesophyll"
"Zm00001eb094310","Mesophyll",93,"Mesophyll"
"Zm00001eb094910","Mesophyll",94,"Mesophyll"
"Zm00001eb095030","Mesophyll",95,"Mesophyll"
"Zm00001eb095230","Mesophyll",96,"Mesophyll"
"Zm00001eb095500","Mesophyll",97,"Mesophyll"
"Zm00001eb095960","Mesophyll",98,"Mesophyll"
"Zm00001eb096120","Mesophyll",99,"Mesophyll"
"Zm00001eb096480","Mesophyll",100,"Mesophyll"
"Zm00001eb096940","Mesophyll",101,"Mesophyll"
"Zm00001eb096950","Mesophyll",102,"Mesophyll"
"Zm00001eb098520","Mesophyll",103,"Mesophyll"
"Zm00001eb098970","Mesophyll",104,"Mesophyll"
"Zm00001eb099120","Mesophyll",105,"Mesophyll"
"Zm00001eb099260","Mesophyll",106,"Mesophyll"
"Zm00001eb099480","Mesophyll",107,"Mesophyll"
"Zm00001eb099490","Mesophyll",108,"Mesophyll"
"Zm00001eb099580","Mesophyll",109,"Mesophyll"
"Zm00001eb099820","Mesophyll",110,"Mesophyll"
"Zm00001eb099850","Mesophyll",111,"Mesophyll"
"Zm00001eb100450","Mesophyll",112,"Mesophyll"
"Zm00001eb107560","Mesophyll",113,"Mesophyll"
"Zm00001eb357740","Mesophyll",114,"Mesophyll"
"Zm00001eb332050","Mesophyll",115,"Mesophyll"
"Zm00001eb002270","Mesophyll",116,"Mesophyll"
"Zm00001eb260410","Mesophyll",117,"Mesophyll"
"Zm00001eb168100","Mesophyll",118,"Mesophyll"
"Zm00001eb124950","Mesophyll",119,"Mesophyll"
"Zm00001eb100720","Mesophyll",120,"Mesophyll"
"Zm00001eb238370","Mesophyll",121,"Mesophyll"
"Zm00001eb101230","Mesophyll",122,"Mesophyll"
"Zm00001eb101440","Mesophyll",123,"Mesophyll"
"Zm00001eb373030","Mesophyll",124,"Mesophyll"
"Zm00001eb101470","Mesophyll",125,"Mesophyll"
"Zm00001eb158800","Mesophyll",126,"Mesophyll"
"Zm00001eb140530","Mesophyll",127,"Mesophyll"
"Zm00001eb101710","Mesophyll",128,"Mesophyll"
"Zm00001eb102050","Mesophyll",129,"Mesophyll"
"Zm00001eb320280","Mesophyll",130,"Mesophyll"
"Zm00001eb409220","Mesophyll",131,"Mesophyll"
"Zm00001eb102250","Mesophyll",132,"Mesophyll"
"Zm00001eb324270","Mesophyll",133,"Mesophyll"
"Zm00001eb102400","Mesophyll",134,"Mesophyll"
"Zm00001eb148000","Mesophyll",135,"Mesophyll"
"Zm00001eb260140","Mesophyll",136,"Mesophyll"
"Zm00001eb038930","Mesophyll",137,"Mesophyll"
"Zm00001eb204410","Mesophyll",138,"Mesophyll"
"Zm00001eb060890","Mesophyll",139,"Mesophyll"
"Zm00001eb102460","Mesophyll",140,"Mesophyll"
"Zm00001eb159080","Mesophyll",141,"Mesophyll"
"Zm00001eb102600","Mesophyll",142,"Mesophyll"
"Zm00001eb102760","Mesophyll",143,"Mesophyll"
"Zm00001eb012470","Mesophyll",144,"Mesophyll"
"Zm00001eb225380","Mesophyll",145,"Mesophyll"
"Zm00001eb102770","Mesophyll",146,"Mesophyll"
"Zm00001eb001950","Mesophyll",147,"Mesophyll"
"Zm00001eb102970","Mesophyll",148,"Mesophyll"
"Zm00001eb363330","Mesophyll",149,"Mesophyll"
"Zm00001eb220820","Mesophyll",150,"Mesophyll"
"Zm00001eb258670","Mesophyll",151,"Mesophyll"
"Zm00001eb001840","Mesophyll",152,"Mesophyll"
"Zm00001eb249160","Mesophyll",153,"Mesophyll"
"Zm00001eb047510","Mesophyll",154,"Mesophyll"
"Zm00001eb103020","Mesophyll",155,"Mesophyll"
"Zm00001eb391450","Mesophyll",156,"Mesophyll"
"Zm00001eb261430","Mesophyll",157,"Mesophyll"
"Zm00001eb043240","Mesophyll",158,"Mesophyll"
"Zm00001eb122980","Mesophyll",159,"Mesophyll"
"Zm00001eb431800","Mesophyll",160,"Mesophyll"
"Zm00001eb410930","Mesophyll",161,"Mesophyll"
"Zm00001eb103540","Mesophyll",162,"Mesophyll"
"Zm00001eb008910","Mesophyll",163,"Mesophyll"
"Zm00001eb103570","Mesophyll",164,"Mesophyll"
"Zm00001eb062170","Mesophyll",165,"Mesophyll"
"Zm00001eb359280","Mesophyll",166,"Mesophyll"
"Zm00001eb399340","Mesophyll",167,"Mesophyll"
"Zm00001eb194330","Mesophyll",168,"Mesophyll"
"Zm00001eb286870","Mesophyll",169,"Mesophyll"
"Zm00001eb376730","Mesophyll",170,"Mesophyll"
"Zm00001eb138600","Mesophyll",171,"Mesophyll"
"Zm00001eb194130","Mesophyll",172,"Mesophyll"
"Zm00001eb039850","Mesophyll",173,"Mesophyll"
"Zm00001eb407780","Mesophyll",174,"Mesophyll"
"Zm00001eb362640","Mesophyll",175,"Mesophyll"
"Zm00001eb195010","Mesophyll",176,"Mesophyll"
"Zm00001eb328390","Mesophyll",177,"Mesophyll"
"Zm00001eb291670","Mesophyll",178,"Mesophyll"
"Zm00001eb104380","Mesophyll",179,"Mesophyll"
"Zm00001eb144250","Mesophyll",180,"Mesophyll"
"Zm00001eb364660","Mesophyll",181,"Mesophyll"
"Zm00001eb346800","Mesophyll",182,"Mesophyll"
"Zm00001eb084690","Mesophyll",183,"Mesophyll"
"Zm00001eb322600","Mesophyll",184,"Mesophyll"
"Zm00001eb058750","Mesophyll",185,"Mesophyll"
"Zm00001eb105060","Mesophyll",186,"Mesophyll"
"Zm00001eb149440","Mesophyll",187,"Mesophyll"
"Zm00001eb105120","Mesophyll",188,"Mesophyll"
"Zm00001eb163720","Mesophyll",189,"Mesophyll"
"Zm00001eb105180","Mesophyll",190,"Mesophyll"
"Zm00001eb294720","Mesophyll",191,"Mesophyll"
"Zm00001eb267390","Mesophyll",192,"Mesophyll"
"Zm00001eb363700","Mesophyll",193,"Mesophyll"
"Zm00001eb160340","Mesophyll",194,"Mesophyll"
"Zm00001eb278070","Mesophyll",195,"Mesophyll"
"Zm00001eb325840","Mesophyll",196,"Mesophyll"
"Zm00001eb432580","Mesophyll",197,"Mesophyll"
"Zm00001eb001640","Mesophyll",198,"Mesophyll"
"Zm00001eb070950","Mesophyll",199,"Mesophyll"
"Zm00001eb105510","Mesophyll",200,"Mesophyll"
"Zm00001eb172970","Mesophyll",201,"Mesophyll"
"Zm00001eb352080","Mesophyll",202,"Mesophyll"
"Zm00001eb405820","Mesophyll",203,"Mesophyll"
"Zm00001eb230750","Mesophyll",204,"Mesophyll"
"Zm00001eb061860","Mesophyll",205,"Mesophyll"
"Zm00001eb022040","Mesophyll",206,"Mesophyll"
"Zm00001eb111980","Mesophyll",207,"Mesophyll"
"Zm00001eb106140","Mesophyll",208,"Mesophyll"
"Zm00001eb363880","Mesophyll",209,"Mesophyll"
"Zm00001eb278510","Mesophyll",210,"Mesophyll"
"Zm00001eb106150","Mesophyll",211,"Mesophyll"
"Zm00001eb282040","Mesophyll",212,"Mesophyll"
"Zm00001eb332630","Mesophyll",213,"Mesophyll"
"Zm00001eb356600","Mesophyll",214,"Mesophyll"
"Zm00001eb153240","Mesophyll",215,"Mesophyll"
"Zm00001eb106160","Mesophyll",216,"Mesophyll"
"Zm00001eb036940","Mesophyll",217,"Mesophyll"
"Zm00001eb433610","Mesophyll",218,"Mesophyll"
"Zm00001eb210000","Mesophyll",219,"Mesophyll"
"Zm00001eb046960","Mesophyll",220,"Mesophyll"
"Zm00001eb287860","Mesophyll",221,"Mesophyll"
"Zm00001eb079760","Mesophyll",222,"Mesophyll"
"Zm00001eb395590","Mesophyll",223,"Mesophyll"
"Zm00001eb392890","Mesophyll",224,"Mesophyll"
"Zm00001eb174420","Mesophyll",225,"Mesophyll"
"Zm00001eb015790","Mesophyll",226,"Mesophyll"
"Zm00001eb028550","Mesophyll",227,"Mesophyll"
"Zm00001eb128890","Mesophyll",228,"Mesophyll"
"Zm00001eb114860","Mesophyll",229,"Mesophyll"
"Zm00001eb233020","Mesophyll",230,"Mesophyll"
"Zm00001eb083600","Mesophyll",231,"Mesophyll"
"Zm00001eb071800","Mesophyll",232,"Mesophyll"
"Zm00001eb282590","Mesophyll",233,"Mesophyll"
"Zm00001eb213630","Mesophyll",234,"Mesophyll"
"Zm00001eb146750","Mesophyll",235,"Mesophyll"
"Zm00001eb162430","Mesophyll",236,"Mesophyll"
"Zm00001eb064340","Mesophyll",237,"Mesophyll"
"Zm00001eb106770","Mesophyll",238,"Mesophyll"
"Zm00001eb160700","Mesophyll",239,"Mesophyll"
"Zm00001eb106830","Mesophyll",240,"Mesophyll"
"Zm00001eb138680","Mesophyll",241,"Mesophyll"
"Zm00001eb271820","Mesophyll",242,"Mesophyll"
"Zm00001eb106860","Mesophyll",243,"Mesophyll"
"Zm00001eb016170","Mesophyll",244,"Mesophyll"
"Zm00001eb365000","Mesophyll",245,"Mesophyll"
"Zm00001eb434140","Mesophyll",246,"Mesophyll"
"Zm00001eb080510","Mesophyll",247,"Mesophyll"
"Zm00001eb364680","Mesophyll",248,"Mesophyll"
"Zm00001eb150560","Mesophyll",249,"Mesophyll"
"Zm00001eb214410","Mesophyll",250,"Mesophyll"
"Zm00001eb078490","Mesophyll",251,"Mesophyll"
"Zm00001eb406060","Mesophyll",252,"Mesophyll"
"Zm00001eb386680","Mesophyll",253,"Mesophyll"
"Zm00001eb107080","Mesophyll",254,"Mesophyll"
"Zm00001eb107180","Mesophyll",255,"Mesophyll"
"Zm00001eb106240","Mesophyll",256,"Mesophyll"
"Zm00001eb107210","Mesophyll",257,"Mesophyll"
"Zm00001eb071140","Mesophyll",258,"Mesophyll"
"Zm00001eb024550","Mesophyll",259,"Mesophyll"
"Zm00001eb053750","Mesophyll",260,"Mesophyll"
"Zm00001eb107290","Mesophyll",261,"Mesophyll"
"Zm00001eb359190","Mesophyll",262,"Mesophyll"
"Zm00001eb107620","Mesophyll",263,"Mesophyll"
"Zm00001eb107750","Mesophyll",264,"Mesophyll"
"Zm00001eb432370","Mesophyll",265,"Mesophyll"
"Zm00001eb107980","Mesophyll",266,"Mesophyll"
"Zm00001eb277330","Mesophyll",267,"Mesophyll"
"Zm00001eb212520","Mesophyll",268,"Mesophyll"
"Zm00001eb426630","Mesophyll",269,"Mesophyll"
"Zm00001eb287080","Mesophyll",270,"Mesophyll"
"Zm00001eb083210","Mesophyll",271,"Mesophyll"
"Zm00001eb047980","Mesophyll",272,"Mesophyll"
"Zm00001eb035340","Mesophyll",273,"Mesophyll"
"Zm00001eb210370","Mesophyll",274,"Mesophyll"
"Zm00001eb110810","Mesophyll",275,"Mesophyll"
"Zm00001eb272100","Mesophyll",276,"Mesophyll"
"Zm00001eb002810","Mesophyll",277,"Mesophyll"
"Zm00001eb039000","Mesophyll",278,"Mesophyll"
"Zm00001eb302350","Mesophyll",279,"Mesophyll"
"Zm00001eb306930","Mesophyll",280,"Mesophyll"
"Zm00001eb108920","Mesophyll",281,"Mesophyll"
"Zm00001eb056950","Mesophyll",282,"Mesophyll"
"Zm00001eb160790","Mesophyll",283,"Mesophyll"
"Zm00001eb109030","Mesophyll",284,"Mesophyll"
"Zm00001eb286710","Mesophyll",285,"Mesophyll"
"Zm00001eb107690","Mesophyll",286,"Mesophyll"
"Zm00001eb324900","Mesophyll",287,"Mesophyll"
"Zm00001eb109110","Mesophyll",288,"Mesophyll"
"Zm00001eb000480","Mesophyll",289,"Mesophyll"
"Zm00001eb230820","Mesophyll",290,"Mesophyll"
"Zm00001eb211740","Mesophyll",291,"Mesophyll"
"Zm00001eb162530","Mesophyll",292,"Mesophyll"
"Zm00001eb334110","Mesophyll",293,"Mesophyll"
"Zm00001eb143460","Mesophyll",294,"Mesophyll"
"Zm00001eb259480","Mesophyll",295,"Mesophyll"
"Zm00001eb109640","Mesophyll",296,"Mesophyll"
"Zm00001eb226230","Mesophyll",297,"Mesophyll"
"Zm00001eb081140","Mesophyll",298,"Mesophyll"
"Zm00001eb243590","Mesophyll",299,"Mesophyll"
"Zm00001eb183770","Mesophyll",300,"Mesophyll"
"Zm00001eb113790","Mesophyll",301,"Mesophyll"
"Zm00001eb110020","Mesophyll",302,"Mesophyll"
"Zm00001eb355850","Mesophyll",303,"Mesophyll"
"Zm00001eb186320","Mesophyll",304,"Mesophyll"
"Zm00001eb112040","Mesophyll",305,"Mesophyll"
"Zm00001eb110040","Mesophyll",306,"Mesophyll"
"Zm00001eb185950","Mesophyll",307,"Mesophyll"
"Zm00001eb153980","Mesophyll",308,"Mesophyll"
"Zm00001eb204010","Mesophyll",309,"Mesophyll"
"Zm00001eb283080","Mesophyll",310,"Mesophyll"
"Zm00001eb257910","Mesophyll",311,"Mesophyll"
"Zm00001eb227310","Mesophyll",312,"Mesophyll"
"Zm00001eb037520","Mesophyll",313,"Mesophyll"
"Zm00001eb243010","Mesophyll",314,"Mesophyll"
"Zm00001eb352470","Mesophyll",315,"Mesophyll"
"Zm00001eb082500","Mesophyll",316,"Mesophyll"
"Zm00001eb110050","Mesophyll",317,"Mesophyll"
"Zm00001eb428470","Mesophyll",318,"Mesophyll"
"Zm00001eb027760","Mesophyll",319,"Mesophyll"
"Zm00001eb309200","Mesophyll",320,"Mesophyll"
"Zm00001eb395560","Mesophyll",321,"Mesophyll"
"Zm00001eb287890","Mesophyll",322,"Mesophyll"
"Zm00001eb110100","Mesophyll",323,"Mesophyll"
"Zm00001eb337070","Mesophyll",324,"Mesophyll"
"Zm00001eb256150","Mesophyll",325,"Mesophyll"
"Zm00001eb122280","Mesophyll",326,"Mesophyll"
"Zm00001eb286140","Mesophyll",327,"Mesophyll"
"Zm00001eb170690","Mesophyll",328,"Mesophyll"
"Zm00001eb033450","Mesophyll",329,"Mesophyll"
"Zm00001eb271860","Mesophyll",330,"Mesophyll"
"Zm00001eb101270","Mesophyll",331,"Mesophyll"
"Zm00001eb290780","Mesophyll",332,"Mesophyll"
"Zm00001eb368940","Mesophyll",333,"Mesophyll"
"Zm00001eb005760","Mesophyll",334,"Mesophyll"
"Zm00001eb096060","Mesophyll",335,"Mesophyll"
"Zm00001eb257720","Mesophyll",336,"Mesophyll"
"Zm00001eb117640","Mesophyll",337,"Mesophyll"
"Zm00001eb052690","Mesophyll",338,"Mesophyll"
"Zm00001eb157900","Mesophyll",339,"Mesophyll"
"Zm00001eb288390","Mesophyll",340,"Mesophyll"
"Zm00001eb096070","Mesophyll",341,"Mesophyll"
"Zm00001eb071430","Mesophyll",342,"Mesophyll"
"Zm00001eb280080","Mesophyll",343,"Mesophyll"
"Zm00001eb324100","Mesophyll",344,"Mesophyll"
"Zm00001eb041390","Mesophyll",345,"Mesophyll"
"Zm00001eb354920","Mesophyll",346,"Mesophyll"
"Zm00001eb056240","Mesophyll",347,"Mesophyll"
"Zm00001eb209480","Mesophyll",348,"Mesophyll"
"Zm00001eb051040","Mesophyll",349,"Mesophyll"
"Zm00001eb248240","Mesophyll",350,"Mesophyll"
"Zm00001eb362510","Mesophyll",351,"Mesophyll"
"Zm00001eb274290","Mesophyll",352,"Mesophyll"
"Zm00001eb015070","Mesophyll",353,"Mesophyll"
"Zm00001eb143300","Mesophyll",354,"Mesophyll"
"Zm00001eb152430","Mesophyll",355,"Mesophyll"
"Zm00001eb287610","Mesophyll",356,"Mesophyll"
"Zm00001eb110560","Mesophyll",357,"Mesophyll"
"Zm00001eb126690","Mesophyll",358,"Mesophyll"
"Zm00001eb171400","Mesophyll",359,"Mesophyll"
"Zm00001eb110680","Mesophyll",360,"Mesophyll"
"Zm00001eb208010","Mesophyll",361,"Mesophyll"
"Zm00001eb150730","Mesophyll",362,"Mesophyll"
"Zm00001eb072370","Mesophyll",363,"Mesophyll"
"Zm00001eb110910","Mesophyll",364,"Mesophyll"
"Zm00001eb215580","Mesophyll",365,"Mesophyll"
"Zm00001eb115010","Mesophyll",366,"Mesophyll"
"Zm00001eb059230","Mesophyll",367,"Mesophyll"
"Zm00001eb144840","Mesophyll",368,"Mesophyll"
"Zm00001eb185450","Mesophyll",369,"Mesophyll"
"Zm00001eb389930","Mesophyll",370,"Mesophyll"
"Zm00001eb040970","Mesophyll",371,"Mesophyll"
"Zm00001eb111910","Mesophyll",372,"Mesophyll"
"Zm00001eb012130","Mesophyll",373,"Mesophyll"
"Zm00001eb112760","Mesophyll",374,"Mesophyll"
"Zm00001eb039430","Mesophyll",375,"Mesophyll"
"Zm00001eb158290","Mesophyll",376,"Mesophyll"
"Zm00001eb015800","Mesophyll",377,"Mesophyll"
"Zm00001eb140370","Mesophyll",378,"Mesophyll"
"Zm00001eb113310","Mesophyll",379,"Mesophyll"
"Zm00001eb179810","Mesophyll",380,"Mesophyll"
"Zm00001eb332380","Mesophyll",381,"Mesophyll"
"Zm00001eb281920","Mesophyll",382,"Mesophyll"
"Zm00001eb114790","Mesophyll",383,"Mesophyll"
"Zm00001eb118820","Mesophyll",384,"Mesophyll"
"Zm00001eb433660","Mesophyll",385,"Mesophyll"
"Zm00001eb297590","Mesophyll",386,"Mesophyll"
"Zm00001eb237270","Mesophyll",387,"Mesophyll"
"Zm00001eb107520","Mesophyll",388,"Mesophyll"
"Zm00001eb195460","Mesophyll",389,"Mesophyll"
"Zm00001eb320010","Mesophyll",390,"Mesophyll"
"Zm00001eb115990","Mesophyll",391,"Mesophyll"
"Zm00001eb408760","Mesophyll",392,"Mesophyll"
"Zm00001eb417470","Mesophyll",393,"Mesophyll"
"Zm00001eb323510","Mesophyll",394,"Mesophyll"
"Zm00001eb028810","Mesophyll",395,"Mesophyll"
"Zm00001eb202400","Mesophyll",396,"Mesophyll"
"Zm00001eb333950","Mesophyll",397,"Mesophyll"
"Zm00001eb416800","Mesophyll",398,"Mesophyll"
"Zm00001eb116250","Mesophyll",399,"Mesophyll"
"Zm00001eb116270","Mesophyll",400,"Mesophyll"
"Zm00001eb246820","Mesophyll",401,"Mesophyll"
"Zm00001eb144880","Mesophyll",402,"Mesophyll"
"Zm00001eb196530","Mesophyll",403,"Mesophyll"
"Zm00001eb032380","Mesophyll",404,"Mesophyll"
"Zm00001eb172140","Mesophyll",405,"Mesophyll"
"Zm00001eb401060","Mesophyll",406,"Mesophyll"
"Zm00001eb131600","Mesophyll",407,"Mesophyll"
"Zm00001eb292620","Mesophyll",408,"Mesophyll"
"Zm00001eb198120","Mesophyll",409,"Mesophyll"
"Zm00001eb242870","Mesophyll",410,"Mesophyll"
"Zm00001eb208580","Mesophyll",411,"Mesophyll"
"Zm00001eb286400","Mesophyll",412,"Mesophyll"
"Zm00001eb394400","Mesophyll",413,"Mesophyll"
"Zm00001eb356710","Mesophyll",414,"Mesophyll"
"Zm00001eb195060","Mesophyll",415,"Mesophyll"
"Zm00001eb154100","Mesophyll",416,"Mesophyll"
"Zm00001eb284330","Mesophyll",417,"Mesophyll"
"Zm00001eb244680","Mesophyll",418,"Mesophyll"
"Zm00001eb413320","Mesophyll",419,"Mesophyll"
"Zm00001eb054380","Mesophyll",420,"Mesophyll"
"Zm00001eb218450","Mesophyll",421,"Mesophyll"
"Zm00001eb310840","Mesophyll",422,"Mesophyll"
"Zm00001eb427310","Mesophyll",423,"Mesophyll"
"Zm00001eb000700","Mesophyll",424,"Mesophyll"
"Zm00001eb116930","Mesophyll",425,"Mesophyll"
"Zm00001eb402840","Mesophyll",426,"Mesophyll"
"Zm00001eb349130","Mesophyll",427,"Mesophyll"
"Zm00001eb425830","Mesophyll",428,"Mesophyll"
"Zm00001eb246530","Mesophyll",429,"Mesophyll"
"Zm00001eb169360","Mesophyll",430,"Mesophyll"
"Zm00001eb110630","Mesophyll",431,"Mesophyll"
"Zm00001eb119790","Mesophyll",432,"Mesophyll"
"Zm00001eb120830","Mesophyll",433,"Mesophyll"
"Zm00001eb094870","Mesophyll",434,"Mesophyll"
"Zm00001eb333980","Mesophyll",435,"Mesophyll"
"Zm00001eb370990","Mesophyll",436,"Mesophyll"
"Zm00001eb105850","Mesophyll",437,"Mesophyll"
"Zm00001eb191420","Mesophyll",438,"Mesophyll"
"Zm00001eb394360","Mesophyll",439,"Mesophyll"
"Zm00001eb320800","Mesophyll",440,"Mesophyll"
"Zm00001eb296290","Mesophyll",441,"Mesophyll"
"Zm00001eb081060","Mesophyll",442,"Mesophyll"
"Zm00001eb117770","Mesophyll",443,"Mesophyll"
"Zm00001eb377150","Mesophyll",444,"Mesophyll"
"Zm00001eb098770","Mesophyll",445,"Mesophyll"
"Zm00001eb082050","Mesophyll",446,"Mesophyll"
"Zm00001eb103980","Mesophyll",447,"Mesophyll"
"Zm00001eb419200","Mesophyll",448,"Mesophyll"
"Zm00001eb273230","Mesophyll",449,"Mesophyll"
"Zm00001eb169970","Mesophyll",450,"Mesophyll"
"Zm00001eb117520","Mesophyll",451,"Mesophyll"
"Zm00001eb053370","Mesophyll",452,"Mesophyll"
"Zm00001eb117430","Mesophyll",453,"Mesophyll"
"Zm00001eb294980","Mesophyll",454,"Mesophyll"
"Zm00001eb044650","Mesophyll",455,"Mesophyll"
"Zm00001eb033580","Mesophyll",456,"Mesophyll"
"Zm00001eb117130","Mesophyll",457,"Mesophyll"
"Zm00001eb257760","Mesophyll",458,"Mesophyll"
"Zm00001eb342430","Mesophyll",459,"Mesophyll"
"Zm00001eb349200","Mesophyll",460,"Mesophyll"
"Zm00001eb041760","Mesophyll",461,"Mesophyll"
"Zm00001eb015320","Mesophyll",462,"Mesophyll"
"Zm00001eb389850","Mesophyll",463,"Mesophyll"
"Zm00001eb082790","Mesophyll",464,"Mesophyll"
"Zm00001eb196270","Mesophyll",465,"Mesophyll"
"Zm00001eb380260","Mesophyll",466,"Mesophyll"
"Zm00001eb118450","Mesophyll",467,"Mesophyll"
"Zm00001eb059620","Mesophyll",468,"Mesophyll"
"Zm00001eb216410","Mesophyll",469,"Mesophyll"
"Zm00001eb159150","Mesophyll",470,"Mesophyll"
"Zm00001eb117890","Mesophyll",471,"Mesophyll"
"Zm00001eb399940","Mesophyll",472,"Mesophyll"
"Zm00001eb368990","Mesophyll",473,"Mesophyll"
"Zm00001eb023110","Mesophyll",474,"Mesophyll"
"Zm00001eb042770","Mesophyll",475,"Mesophyll"
"Zm00001eb163500","Mesophyll",476,"Mesophyll"
"Zm00001eb268830","Mesophyll",477,"Mesophyll"
"Zm00001eb347070","Mesophyll",478,"Mesophyll"
"Zm00001eb242800","Mesophyll",479,"Mesophyll"
"Zm00001eb367770","Mesophyll",480,"Mesophyll"
"Zm00001eb287830","Mesophyll",481,"Mesophyll"
"Zm00001eb173560","Mesophyll",482,"Mesophyll"
"Zm00001eb332230","Mesophyll",483,"Mesophyll"
"Zm00001eb028030","Mesophyll",484,"Mesophyll"
"Zm00001eb279780","Mesophyll",485,"Mesophyll"
"Zm00001eb310270","Mesophyll",486,"Mesophyll"
"Zm00001eb407750","Mesophyll",487,"Mesophyll"
"Zm00001eb003760","Mesophyll",488,"Mesophyll"
"Zm00001eb324670","Mesophyll",489,"Mesophyll"
"Zm00001eb058550","Mesophyll",490,"Mesophyll"
"Zm00001eb041780","Mesophyll",491,"Mesophyll"
"Zm00001eb332610","Mesophyll",492,"Mesophyll"
"Zm00001eb101840","Mesophyll",493,"Mesophyll"
"Zm00001eb050760","Mesophyll",494,"Mesophyll"
"Zm00001eb304740","Mesophyll",495,"Mesophyll"
"Zm00001eb157850","Mesophyll",496,"Mesophyll"
"Zm00001eb249150","Mesophyll",497,"Mesophyll"
"Zm00001eb054680","Mesophyll",498,"Mesophyll"
"Zm00001eb255690","Mesophyll",499,"Mesophyll"
"Zm00001eb361640","Mesophyll",500,"Mesophyll"
"Zm00001eb023820","Mesophyll",501,"Mesophyll"
"Zm00001eb410510","Mesophyll",502,"Mesophyll"
"Zm00001eb017630","Mesophyll",503,"Mesophyll"
"Zm00001eb289310","Mesophyll",504,"Mesophyll"
"Zm00001eb344900","Mesophyll",505,"Mesophyll"
"Zm00001eb086280","Mesophyll",506,"Mesophyll"
"Zm00001eb060020","Mesophyll",507,"Mesophyll"
"Zm00001eb385210","Mesophyll",508,"Mesophyll"
"Zm00001eb013450","Mesophyll",509,"Mesophyll"
"Zm00001eb229720","Mesophyll",510,"Mesophyll"
"Zm00001eb058790","Mesophyll",511,"Mesophyll"
"Zm00001eb216260","Mesophyll",512,"Mesophyll"
"Zm00001eb300120","Mesophyll",513,"Mesophyll"
"Zm00001eb199590","Mesophyll",514,"Mesophyll"
"Zm00001eb332940","Mesophyll",515,"Mesophyll"
"Zm00001eb184520","Mesophyll",516,"Mesophyll"
"Zm00001eb434490","Mesophyll",517,"Mesophyll"
"Zm00001eb107190","Mesophyll",518,"Mesophyll"
"Zm00001eb153360","Mesophyll",519,"Mesophyll"
"Zm00001eb257640","Mesophyll",520,"Mesophyll"
"Zm00001eb378400","Mesophyll",521,"Mesophyll"
"Zm00001eb333160","Mesophyll",522,"Mesophyll"
"Zm00001eb428170","Mesophyll",523,"Mesophyll"
"Zm00001eb222420","Mesophyll",524,"Mesophyll"
"Zm00001eb139140","Mesophyll",525,"Mesophyll"
"Zm00001eb333190","Mesophyll",526,"Mesophyll"
"Zm00001eb320270","Mesophyll",527,"Mesophyll"
"Zm00001eb067330","Mesophyll",528,"Mesophyll"
"Zm00001eb018640","Mesophyll",529,"Mesophyll"
"Zm00001eb314690","Mesophyll",530,"Mesophyll"
"Zm00001eb333200","Mesophyll",531,"Mesophyll"
"Zm00001eb109290","Mesophyll",532,"Mesophyll"
"Zm00001eb411320","Mesophyll",533,"Mesophyll"
"Zm00001eb330380","Mesophyll",534,"Mesophyll"
"Zm00001eb006830","Mesophyll",535,"Mesophyll"
"Zm00001eb372500","Mesophyll",536,"Mesophyll"
"Zm00001eb214510","Mesophyll",537,"Mesophyll"
"Zm00001eb423440","Mesophyll",538,"Mesophyll"
"Zm00001eb406450","Mesophyll",539,"Mesophyll"
"Zm00001eb054000","Mesophyll",540,"Mesophyll"
"Zm00001eb238330","Mesophyll",541,"Mesophyll"
"Zm00001eb333620","Mesophyll",542,"Mesophyll"
"Zm00001eb255970","Mesophyll",543,"Mesophyll"
"Zm00001eb340140","Mesophyll",544,"Mesophyll"
"Zm00001eb022390","Mesophyll",545,"Mesophyll"
"Zm00001eb417380","Mesophyll",546,"Mesophyll"
"Zm00001eb333800","Mesophyll",547,"Mesophyll"
"Zm00001eb434400","Mesophyll",548,"Mesophyll"
"Zm00001eb021710","Mesophyll",549,"Mesophyll"
"Zm00001eb250670","Mesophyll",550,"Mesophyll"
"Zm00001eb190330","Mesophyll",551,"Mesophyll"
"Zm00001eb334130","Mesophyll",552,"Mesophyll"
"Zm00001eb232960","Mesophyll",553,"Mesophyll"
"Zm00001eb334140","Mesophyll",554,"Mesophyll"
"Zm00001eb334200","Mesophyll",555,"Mesophyll"
"Zm00001eb334320","Mesophyll",556,"Mesophyll"
"Zm00001eb334490","Mesophyll",557,"Mesophyll"
"Zm00001eb036920","Mesophyll",558,"Mesophyll"
"Zm00001eb081270","Mesophyll",559,"Mesophyll"
"Zm00001eb334770","Mesophyll",560,"Mesophyll"
"Zm00001eb238460","Mesophyll",561,"Mesophyll"
"Zm00001eb318710","Mesophyll",562,"Mesophyll"
"Zm00001eb167520","Mesophyll",563,"Mesophyll"
"Zm00001eb131690","Mesophyll",564,"Mesophyll"
"Zm00001eb334810","Mesophyll",565,"Mesophyll"
"Zm00001eb198850","Mesophyll",566,"Mesophyll"
"Zm00001eb315460","Mesophyll",567,"Mesophyll"
"Zm00001eb053470","Mesophyll",568,"Mesophyll"
"Zm00001eb242820","Mesophyll",569,"Mesophyll"
"Zm00001eb228010","Mesophyll",570,"Mesophyll"
"Zm00001eb353080","Mesophyll",571,"Mesophyll"
"Zm00001eb334840","Mesophyll",572,"Mesophyll"
"Zm00001eb314680","Mesophyll",573,"Mesophyll"
"Zm00001eb227700","Mesophyll",574,"Mesophyll"
"Zm00001eb283530","Mesophyll",575,"Mesophyll"
"Zm00001eb133840","Mesophyll",576,"Mesophyll"
"Zm00001eb331610","Mesophyll",577,"Mesophyll"
"Zm00001eb335140","Mesophyll",578,"Mesophyll"
"Zm00001eb059090","Mesophyll",579,"Mesophyll"
"Zm00001eb103370","Mesophyll",580,"Mesophyll"
"Zm00001eb043900","Mesophyll",581,"Mesophyll"
"Zm00001eb210950","Mesophyll",582,"Mesophyll"
"Zm00001eb072030","Mesophyll",583,"Mesophyll"
"Zm00001eb060380","Mesophyll",584,"Mesophyll"
"Zm00001eb172090","Mesophyll",585,"Mesophyll"
"Zm00001eb173100","Mesophyll",586,"Mesophyll"
"Zm00001eb126830","Mesophyll",587,"Mesophyll"
"Zm00001eb250790","Mesophyll",588,"Mesophyll"
"Zm00001eb233060","Mesophyll",589,"Mesophyll"
"Zm00001eb068400","Mesophyll",590,"Mesophyll"
"Zm00001eb150800","Mesophyll",591,"Mesophyll"
"Zm00001eb066920","Mesophyll",592,"Mesophyll"
"Zm00001eb238230","Mesophyll",593,"Mesophyll"
"Zm00001eb426500","Mesophyll",594,"Mesophyll"
"Zm00001eb351400","Mesophyll",595,"Mesophyll"
"Zm00001eb375110","Mesophyll",596,"Mesophyll"
"Zm00001eb319010","Mesophyll",597,"Mesophyll"
"Zm00001eb335640","Mesophyll",598,"Mesophyll"
"Zm00001eb034180","Mesophyll",599,"Mesophyll"
"Zm00001eb335710","Mesophyll",600,"Mesophyll"
"Zm00001eb296430","Mesophyll",601,"Mesophyll"
"Zm00001eb173710","Mesophyll",602,"Mesophyll"
"Zm00001eb254130","Mesophyll",603,"Mesophyll"
"Zm00001eb115290","Mesophyll",604,"Mesophyll"
"Zm00001eb313310","Mesophyll",605,"Mesophyll"
"Zm00001eb337520","Mesophyll",606,"Mesophyll"
"Zm00001eb336270","Mesophyll",607,"Mesophyll"
"Zm00001eb433050","Mesophyll",608,"Mesophyll"
"Zm00001eb139480","Mesophyll",609,"Mesophyll"
"Zm00001eb067910","Mesophyll",610,"Mesophyll"
"Zm00001eb376780","Mesophyll",611,"Mesophyll"
"Zm00001eb064650","Mesophyll",612,"Mesophyll"
"Zm00001eb336750","Mesophyll",613,"Mesophyll"
"Zm00001eb425790","Mesophyll",614,"Mesophyll"
"Zm00001eb008820","Mesophyll",615,"Mesophyll"
"Zm00001eb310260","Mesophyll",616,"Mesophyll"
"Zm00001eb283860","Mesophyll",617,"Mesophyll"
"Zm00001eb282250","Mesophyll",618,"Mesophyll"
"Zm00001eb177480","Mesophyll",619,"Mesophyll"
"Zm00001eb287090","Mesophyll",620,"Mesophyll"
"Zm00001eb337550","Mesophyll",621,"Mesophyll"
"Zm00001eb375430","Mesophyll",622,"Mesophyll"
"Zm00001eb341970","Mesophyll",623,"Mesophyll"
"Zm00001eb337300","Mesophyll",624,"Mesophyll"
"Zm00001eb013760","Mesophyll",625,"Mesophyll"
"Zm00001eb124960","Mesophyll",626,"Mesophyll"
"Zm00001eb422700","Mesophyll",627,"Mesophyll"
"Zm00001eb001880","Mesophyll",628,"Mesophyll"
"Zm00001eb200620","Mesophyll",629,"Mesophyll"
"Zm00001eb372980","Mesophyll",630,"Mesophyll"
"Zm00001eb086560","Mesophyll",631,"Mesophyll"
"Zm00001eb248150","Mesophyll",632,"Mesophyll"
"Zm00001eb144450","Mesophyll",633,"Mesophyll"
"Zm00001eb287520","Mesophyll",634,"Mesophyll"
"Zm00001eb022930","Mesophyll",635,"Mesophyll"
"Zm00001eb404400","Mesophyll",636,"Mesophyll"
"Zm00001eb022000","Mesophyll",637,"Mesophyll"
"Zm00001eb229950","Mesophyll",638,"Mesophyll"
"Zm00001eb337800","Mesophyll",639,"Mesophyll"
"Zm00001eb110000","Mesophyll",640,"Mesophyll"
"Zm00001eb296020","Mesophyll",641,"Mesophyll"
"Zm00001eb073900","Mesophyll",642,"Mesophyll"
"Zm00001eb337890","Mesophyll",643,"Mesophyll"
"Zm00001eb338310","Mesophyll",644,"Mesophyll"
"Zm00001eb338420","Mesophyll",645,"Mesophyll"
"Zm00001eb018720","Mesophyll",646,"Mesophyll"
"Zm00001eb403980","Mesophyll",647,"Mesophyll"
"Zm00001eb024180","Mesophyll",648,"Mesophyll"
"Zm00001eb338460","Mesophyll",649,"Mesophyll"
"Zm00001eb325570","Mesophyll",650,"Mesophyll"
"Zm00001eb207080","Mesophyll",651,"Mesophyll"
"Zm00001eb281340","Mesophyll",652,"Mesophyll"
"Zm00001eb127720","Mesophyll",653,"Mesophyll"
"Zm00001eb015880","Mesophyll",654,"Mesophyll"
"Zm00001eb267140","Mesophyll",655,"Mesophyll"
"Zm00001eb192110","Mesophyll",656,"Mesophyll"
"Zm00001eb210610","Mesophyll",657,"Mesophyll"
"Zm00001eb161510","Mesophyll",658,"Mesophyll"
"Zm00001eb339240","Mesophyll",659,"Mesophyll"
"Zm00001eb364730","Mesophyll",660,"Mesophyll"
"Zm00001eb380080","Mesophyll",661,"Mesophyll"
"Zm00001eb160610","Mesophyll",662,"Mesophyll"
"Zm00001eb134600","Mesophyll",663,"Mesophyll"
"Zm00001eb003080","Mesophyll",664,"Mesophyll"
"Zm00001eb248540","Mesophyll",665,"Mesophyll"
"Zm00001eb076030","Mesophyll",666,"Mesophyll"
"Zm00001eb172980","Mesophyll",667,"Mesophyll"
"Zm00001eb073030","Mesophyll",668,"Mesophyll"
"Zm00001eb312420","Mesophyll",669,"Mesophyll"
"Zm00001eb339380","Mesophyll",670,"Mesophyll"
"Zm00001eb036560","Mesophyll",671,"Mesophyll"
"Zm00001eb092090","Mesophyll",672,"Mesophyll"
"Zm00001eb324080","Mesophyll",673,"Mesophyll"
"Zm00001eb338740","Mesophyll",674,"Mesophyll"
"Zm00001eb339490","Mesophyll",675,"Mesophyll"
"Zm00001eb339860","Mesophyll",676,"Mesophyll"
"Zm00001eb339970","Mesophyll",677,"Mesophyll"
"Zm00001eb073300","Mesophyll",678,"Mesophyll"
"Zm00001eb030390","Mesophyll",679,"Mesophyll"
"Zm00001eb115750","Mesophyll",680,"Mesophyll"
"Zm00001eb079790","Mesophyll",681,"Mesophyll"
"Zm00001eb340160","Mesophyll",682,"Mesophyll"
"Zm00001eb278450","Mesophyll",683,"Mesophyll"
"Zm00001eb316910","Mesophyll",684,"Mesophyll"
"Zm00001eb418090","Mesophyll",685,"Mesophyll"
"Zm00001eb340280","Mesophyll",686,"Mesophyll"
"Zm00001eb356100","Mesophyll",687,"Mesophyll"
"Zm00001eb343970","Mesophyll",688,"Mesophyll"
"Zm00001eb250210","Mesophyll",689,"Mesophyll"
"Zm00001eb416990","Mesophyll",690,"Mesophyll"
"Zm00001eb183370","Mesophyll",691,"Mesophyll"
"Zm00001eb203950","Mesophyll",692,"Mesophyll"
"Zm00001eb285210","Mesophyll",693,"Mesophyll"
"Zm00001eb059960","Mesophyll",694,"Mesophyll"
"Zm00001eb334390","Mesophyll",695,"Mesophyll"
"Zm00001eb033190","Mesophyll",696,"Mesophyll"
"Zm00001eb123690","Mesophyll",697,"Mesophyll"
"Zm00001eb159420","Mesophyll",698,"Mesophyll"
"Zm00001eb296050","Mesophyll",699,"Mesophyll"
"Zm00001eb272420","Mesophyll",700,"Mesophyll"
"Zm00001eb428680","Mesophyll",701,"Mesophyll"
"Zm00001eb341670","Mesophyll",702,"Mesophyll"
"Zm00001eb260880","Mesophyll",703,"Mesophyll"
"Zm00001eb184510","Mesophyll",704,"Mesophyll"
"Zm00001eb248870","Mesophyll",705,"Mesophyll"
"Zm00001eb341860","Mesophyll",706,"Mesophyll"
"Zm00001eb338880","Mesophyll",707,"Mesophyll"
"Zm00001eb072810","Mesophyll",708,"Mesophyll"
"Zm00001eb431600","Mesophyll",709,"Mesophyll"
"Zm00001eb038350","Mesophyll",710,"Mesophyll"
"Zm00001eb342330","Mesophyll",711,"Mesophyll"
"Zm00001eb254530","Mesophyll",712,"Mesophyll"
"Zm00001eb393610","Mesophyll",713,"Mesophyll"
"Zm00001eb246360","Mesophyll",714,"Mesophyll"
"Zm00001eb184500","Mesophyll",715,"Mesophyll"
"Zm00001eb233270","Mesophyll",716,"Mesophyll"
"Zm00001eb126920","Mesophyll",717,"Mesophyll"
"Zm00001eb152480","Mesophyll",718,"Mesophyll"
"Zm00001eb006290","Mesophyll",719,"Mesophyll"
"Zm00001eb317680","Mesophyll",720,"Mesophyll"
"Zm00001eb370160","Mesophyll",721,"Mesophyll"
"Zm00001eb078810","Mesophyll",722,"Mesophyll"
"Zm00001eb342840","Mesophyll",723,"Mesophyll"
"Zm00001eb212260","Mesophyll",724,"Mesophyll"
"Zm00001eb036270","Mesophyll",725,"Mesophyll"
"Zm00001eb176090","Mesophyll",726,"Mesophyll"
"Zm00001eb127150","Mesophyll",727,"Mesophyll"
"Zm00001eb092070","Mesophyll",728,"Mesophyll"
"Zm00001eb342980","Mesophyll",729,"Mesophyll"
"Zm00001eb020860","Mesophyll",730,"Mesophyll"
"Zm00001eb326490","Mesophyll",731,"Mesophyll"
"Zm00001eb169920","Mesophyll",732,"Mesophyll"
"Zm00001eb037640","Mesophyll",733,"Mesophyll"
"Zm00001eb063710","Mesophyll",734,"Mesophyll"
"Zm00001eb416430","Mesophyll",735,"Mesophyll"
"Zm00001eb421060","Mesophyll",736,"Mesophyll"
"Zm00001eb340550","Mesophyll",737,"Mesophyll"
"Zm00001eb329090","Mesophyll",738,"Mesophyll"
"Zm00001eb219520","Mesophyll",739,"Mesophyll"
"Zm00001eb208420","Mesophyll",740,"Mesophyll"
"Zm00001eb343620","Mesophyll",741,"Mesophyll"
"Zm00001eb417220","Mesophyll",742,"Mesophyll"
"Zm00001eb057430","Mesophyll",743,"Mesophyll"
"Zm00001eb343630","Mesophyll",744,"Mesophyll"
"Zm00001eb387570","Mesophyll",745,"Mesophyll"
"Zm00001eb430770","Mesophyll",746,"Mesophyll"
"Zm00001eb244720","Mesophyll",747,"Mesophyll"
"Zm00001eb255830","Mesophyll",748,"Mesophyll"
"Zm00001eb407800","Mesophyll",749,"Mesophyll"
"Zm00001eb128020","Mesophyll",750,"Mesophyll"
"Zm00001eb398080","Mesophyll",751,"Mesophyll"
"Zm00001eb318400","Mesophyll",752,"Mesophyll"
"Zm00001eb361120","Mesophyll",753,"Mesophyll"
"Zm00001eb344110","Mesophyll",754,"Mesophyll"
"Zm00001eb330650","Mesophyll",755,"Mesophyll"
"Zm00001eb360260","Mesophyll",756,"Mesophyll"
"Zm00001eb423540","Mesophyll",757,"Mesophyll"
"Zm00001eb421460","Mesophyll",758,"Mesophyll"
"Zm00001eb193670","Mesophyll",759,"Mesophyll"
"Zm00001eb265610","Mesophyll",760,"Mesophyll"
"Zm00001eb013890","Mesophyll",761,"Mesophyll"
"Zm00001eb403740","Mesophyll",762,"Mesophyll"
"Zm00001eb253560","Mesophyll",763,"Mesophyll"
"Zm00001eb222060","Mesophyll",764,"Mesophyll"
"Zm00001eb098980","Mesophyll",765,"Mesophyll"
"Zm00001eb392290","Mesophyll",766,"Mesophyll"
"Zm00001eb271770","Mesophyll",767,"Mesophyll"
"Zm00001eb255750","Mesophyll",768,"Mesophyll"
"Zm00001eb344870","Mesophyll",769,"Mesophyll"
"Zm00001eb008550","Mesophyll",770,"Mesophyll"
"Zm00001eb095540","Mesophyll",771,"Mesophyll"
"Zm00001eb127670","Mesophyll",772,"Mesophyll"
"Zm00001eb169280","Mesophyll",773,"Mesophyll"
"Zm00001eb410780","Mesophyll",774,"Mesophyll"
"Zm00001eb241560","Mesophyll",775,"Mesophyll"
"Zm00001eb111730","Mesophyll",776,"Mesophyll"
"Zm00001eb084410","Mesophyll",777,"Mesophyll"
"Zm00001eb042920","Mesophyll",778,"Mesophyll"
"Zm00001eb060250","Mesophyll",779,"Mesophyll"
"Zm00001eb132380","Mesophyll",780,"Mesophyll"
"Zm00001eb347280","Mesophyll",781,"Mesophyll"
"Zm00001eb345240","Mesophyll",782,"Mesophyll"
"Zm00001eb345420","Mesophyll",783,"Mesophyll"
"Zm00001eb403120","Mesophyll",784,"Mesophyll"
"Zm00001eb345780","Mesophyll",785,"Mesophyll"
"Zm00001eb049720","Mesophyll",786,"Mesophyll"
"Zm00001eb387090","Mesophyll",787,"Mesophyll"
"Zm00001eb346060","Mesophyll",788,"Mesophyll"
"Zm00001eb325750","Mesophyll",789,"Mesophyll"
"Zm00001eb346100","Mesophyll",790,"Mesophyll"
"Zm00001eb378000","Mesophyll",791,"Mesophyll"
"Zm00001eb209200","Mesophyll",792,"Mesophyll"
"Zm00001eb426920","Mesophyll",793,"Mesophyll"
"Zm00001eb109510","Mesophyll",794,"Mesophyll"
"Zm00001eb260930","Mesophyll",795,"Mesophyll"
"Zm00001eb346230","Mesophyll",796,"Mesophyll"
"Zm00001eb218530","Mesophyll",797,"Mesophyll"
"Zm00001eb346280","Mesophyll",798,"Mesophyll"
"Zm00001eb149540","Mesophyll",799,"Mesophyll"
"Zm00001eb105810","Mesophyll",800,"Mesophyll"
"Zm00001eb432500","Mesophyll",801,"Mesophyll"
"Zm00001eb205500","Mesophyll",802,"Mesophyll"
"Zm00001eb312170","Mesophyll",803,"Mesophyll"
"Zm00001eb257420","Mesophyll",804,"Mesophyll"
"Zm00001eb293480","Mesophyll",805,"Mesophyll"
"Zm00001eb042760","Mesophyll",806,"Mesophyll"
"Zm00001eb163530","Mesophyll",807,"Mesophyll"
"Zm00001eb203240","Mesophyll",808,"Mesophyll"
"Zm00001eb206740","Mesophyll",809,"Mesophyll"
"Zm00001eb360010","Mesophyll",810,"Mesophyll"
"Zm00001eb227230","Mesophyll",811,"Mesophyll"
"Zm00001eb054010","Mesophyll",812,"Mesophyll"
"Zm00001eb208120","Mesophyll",813,"Mesophyll"
"Zm00001eb414350","Mesophyll",814,"Mesophyll"
"Zm00001eb285230","Mesophyll",815,"Mesophyll"
"Zm00001eb373110","Mesophyll",816,"Mesophyll"
"Zm00001eb059830","Mesophyll",817,"Mesophyll"
"Zm00001eb413050","Mesophyll",818,"Mesophyll"
"Zm00001eb011420","Mesophyll",819,"Mesophyll"
"Zm00001eb346790","Mesophyll",820,"Mesophyll"
"Zm00001eb346900","Mesophyll",821,"Mesophyll"
"Zm00001eb317050","Mesophyll",822,"Mesophyll"
"Zm00001eb359620","Mesophyll",823,"Mesophyll"
"Zm00001eb076870","Mesophyll",824,"Mesophyll"
"Zm00001eb299250","Mesophyll",825,"Mesophyll"
"Zm00001eb178010","Mesophyll",826,"Mesophyll"
"Zm00001eb282900","Mesophyll",827,"Mesophyll"
"Zm00001eb347150","Mesophyll",828,"Mesophyll"
"Zm00001eb128130","Mesophyll",829,"Mesophyll"
"Zm00001eb052000","Mesophyll",830,"Mesophyll"
"Zm00001eb428800","Mesophyll",831,"Mesophyll"
"Zm00001eb191020","Mesophyll",832,"Mesophyll"
"Zm00001eb287800","Mesophyll",833,"Mesophyll"
"Zm00001eb379070","Mesophyll",834,"Mesophyll"
"Zm00001eb285220","Mesophyll",835,"Mesophyll"
"Zm00001eb413930","Mesophyll",836,"Mesophyll"
"Zm00001eb187730","Mesophyll",837,"Mesophyll"
"Zm00001eb011490","Mesophyll",838,"Mesophyll"
"Zm00001eb142620","Mesophyll",839,"Mesophyll"
"Zm00001eb209440","Mesophyll",840,"Mesophyll"
"Zm00001eb314240","Mesophyll",841,"Mesophyll"
"Zm00001eb181370","Mesophyll",842,"Mesophyll"
"Zm00001eb050410","Mesophyll",843,"Mesophyll"
"Zm00001eb289170","Mesophyll",844,"Mesophyll"
"Zm00001eb146650","Mesophyll",845,"Mesophyll"
"Zm00001eb201290","Mesophyll",846,"Mesophyll"
"Zm00001eb247320","Mesophyll",847,"Mesophyll"
"Zm00001eb119910","Mesophyll",848,"Mesophyll"
"Zm00001eb200150","Mesophyll",849,"Mesophyll"
"Zm00001eb418170","Mesophyll",850,"Mesophyll"
"Zm00001eb268840","Mesophyll",851,"Mesophyll"
"Zm00001eb348780","Mesophyll",852,"Mesophyll"
"Zm00001eb032760","Mesophyll",853,"Mesophyll"
"Zm00001eb054280","Mesophyll",854,"Mesophyll"
"Zm00001eb109610","Mesophyll",855,"Mesophyll"
"Zm00001eb349170","Mesophyll",856,"Mesophyll"
"Zm00001eb081810","Mesophyll",857,"Mesophyll"
"Zm00001eb013740","Mesophyll",858,"Mesophyll"
"Zm00001eb269840","Mesophyll",859,"Mesophyll"
"Zm00001eb269610","Mesophyll",860,"Mesophyll"
"Zm00001eb063300","Mesophyll",861,"Mesophyll"
"Zm00001eb167230","Mesophyll",862,"Mesophyll"
"Zm00001eb411340","Mesophyll",863,"Mesophyll"
"Zm00001eb349270","Mesophyll",864,"Mesophyll"
"Zm00001eb070240","Mesophyll",865,"Mesophyll"
"Zm00001eb155660","Mesophyll",866,"Mesophyll"
"Zm00001eb194120","Mesophyll",867,"Mesophyll"
"Zm00001eb282840","Mesophyll",868,"Mesophyll"
"Zm00001eb349520","Mesophyll",869,"Mesophyll"
"Zm00001eb033870","Mesophyll",870,"Mesophyll"
"Zm00001eb053210","Mesophyll",871,"Mesophyll"
"Zm00001eb073250","Mesophyll",872,"Mesophyll"
"Zm00001eb349770","Mesophyll",873,"Mesophyll"
"Zm00001eb099610","Mesophyll",874,"Mesophyll"
"Zm00001eb146690","Mesophyll",875,"Mesophyll"
"Zm00001eb350170","Mesophyll",876,"Mesophyll"
"Zm00001eb057190","Mesophyll",877,"Mesophyll"
"Zm00001eb061130","Mesophyll",878,"Mesophyll"
"Zm00001eb314220","Mesophyll",879,"Mesophyll"
"Zm00001eb187250","Mesophyll",880,"Mesophyll"
"Zm00001eb033950","Mesophyll",881,"Mesophyll"
"Zm00001eb157490","Mesophyll",882,"Mesophyll"
"Zm00001eb379560","Mesophyll",883,"Mesophyll"
"Zm00001eb350910","Mesophyll",884,"Mesophyll"
"Zm00001eb388680","Mesophyll",885,"Mesophyll"
"Zm00001eb297970","Mesophyll",886,"Mesophyll"
"Zm00001eb037000","Mesophyll",887,"Mesophyll"
"Zm00001eb398510","Mesophyll",888,"Mesophyll"
"Zm00001eb177920","Mesophyll",889,"Mesophyll"
"Zm00001eb351020","Mesophyll",890,"Mesophyll"
"Zm00001eb386640","Mesophyll",891,"Mesophyll"
"Zm00001eb075310","Mesophyll",892,"Mesophyll"
"Zm00001eb434030","Mesophyll",893,"Mesophyll"
"Zm00001eb350630","Mesophyll",894,"Mesophyll"
"Zm00001eb265810","Mesophyll",895,"Mesophyll"
"Zm00001eb001180","Mesophyll",896,"Mesophyll"
"Zm00001eb142190","Mesophyll",897,"Mesophyll"
"Zm00001eb246410","Mesophyll",898,"Mesophyll"
"Zm00001eb153590","Mesophyll",899,"Mesophyll"
"Zm00001eb351630","Mesophyll",900,"Mesophyll"
"Zm00001eb359740","Mesophyll",901,"Mesophyll"
"Zm00001eb297270","Mesophyll",902,"Mesophyll"
"Zm00001eb360330","Mesophyll",903,"Mesophyll"
"Zm00001eb327790","Mesophyll",904,"Mesophyll"
"Zm00001eb208480","Mesophyll",905,"Mesophyll"
"Zm00001eb317480","Mesophyll",906,"Mesophyll"
"Zm00001eb280580","Mesophyll",907,"Mesophyll"
"Zm00001eb104720","Mesophyll",908,"Mesophyll"
"Zm00001eb351870","Mesophyll",909,"Mesophyll"
"Zm00001eb328440","Mesophyll",910,"Mesophyll"
"Zm00001eb351960","Mesophyll",911,"Mesophyll"
"Zm00001eb229270","Mesophyll",912,"Mesophyll"
"Zm00001eb206470","Mesophyll",913,"Mesophyll"
"Zm00001eb109620","Mesophyll",914,"Mesophyll"
"Zm00001eb298140","Mesophyll",915,"Mesophyll"
"Zm00001eb352030","Mesophyll",916,"Mesophyll"
"Zm00001eb076630","Mesophyll",917,"Mesophyll"
"Zm00001eb021590","Mesophyll",918,"Mesophyll"
"Zm00001eb151480","Mesophyll",919,"Mesophyll"
"Zm00001eb300490","Mesophyll",920,"Mesophyll"
"Zm00001eb352180","Mesophyll",921,"Mesophyll"
"Zm00001eb228050","Mesophyll",922,"Mesophyll"
"Zm00001eb399590","Mesophyll",923,"Mesophyll"
"Zm00001eb323590","Mesophyll",924,"Mesophyll"
"Zm00001eb190830","Mesophyll",925,"Mesophyll"
"Zm00001eb404290","Mesophyll",926,"Mesophyll"
"Zm00001eb394920","Mesophyll",927,"Mesophyll"
"Zm00001eb035750","Mesophyll",928,"Mesophyll"
"Zm00001eb294440","Mesophyll",929,"Mesophyll"
"Zm00001eb352190","Mesophyll",930,"Mesophyll"
"Zm00001eb423570","Mesophyll",931,"Mesophyll"
"Zm00001eb352250","Mesophyll",932,"Mesophyll"
"Zm00001eb302200","Mesophyll",933,"Mesophyll"
"Zm00001eb020120","Mesophyll",934,"Mesophyll"
"Zm00001eb000620","Mesophyll",935,"Mesophyll"
"Zm00001eb041100","Mesophyll",936,"Mesophyll"
"Zm00001eb064710","Mesophyll",937,"Mesophyll"
"Zm00001eb052720","Mesophyll",938,"Mesophyll"
"Zm00001eb011380","Mesophyll",939,"Mesophyll"
"Zm00001eb352880","Mesophyll",940,"Mesophyll"
"Zm00001eb352920","Mesophyll",941,"Mesophyll"
"Zm00001eb233730","Mesophyll",942,"Mesophyll"
"Zm00001eb188310","Mesophyll",943,"Mesophyll"
"Zm00001eb337030","Mesophyll",944,"Mesophyll"
"Zm00001eb296700","Mesophyll",945,"Mesophyll"
"Zm00001eb121990","Mesophyll",946,"Mesophyll"
"Zm00001eb416750","Mesophyll",947,"Mesophyll"
"Zm00001eb408360","Mesophyll",948,"Mesophyll"
"Zm00001eb241730","Mesophyll",949,"Mesophyll"
"Zm00001eb395380","Mesophyll",950,"Mesophyll"
"Zm00001eb353590","Mesophyll",951,"Mesophyll"
"Zm00001eb408630","Mesophyll",952,"Mesophyll"
"Zm00001eb096890","Mesophyll",953,"Mesophyll"
"Zm00001eb329240","Mesophyll",954,"Mesophyll"
"Zm00001eb037500","Mesophyll",955,"Mesophyll"
"Zm00001eb065160","Mesophyll",956,"Mesophyll"
"Zm00001eb075460","Mesophyll",957,"Mesophyll"
"Zm00001eb414080","Mesophyll",958,"Mesophyll"
"Zm00001eb353820","Mesophyll",959,"Mesophyll"
"Zm00001eb074890","Mesophyll",960,"Mesophyll"
"Zm00001eb354180","Mesophyll",961,"Mesophyll"
"Zm00001eb354420","Mesophyll",962,"Mesophyll"
"Zm00001eb396330","Mesophyll",963,"Mesophyll"
"Zm00001eb268750","Mesophyll",964,"Mesophyll"
"Zm00001eb404710","Mesophyll",965,"Mesophyll"
"Zm00001eb024280","Mesophyll",966,"Mesophyll"
"Zm00001eb365960","Mesophyll",967,"Mesophyll"
"Zm00001eb354520","Mesophyll",968,"Mesophyll"
"Zm00001eb258070","Mesophyll",969,"Mesophyll"
"Zm00001eb301500","Mesophyll",970,"Mesophyll"
"Zm00001eb354620","Mesophyll",971,"Mesophyll"
"Zm00001eb430730","Mesophyll",972,"Mesophyll"
"Zm00001eb283640","Mesophyll",973,"Mesophyll"
"Zm00001eb354950","Mesophyll",974,"Mesophyll"
"Zm00001eb266910","Mesophyll",975,"Mesophyll"
"Zm00001eb413370","Mesophyll",976,"Mesophyll"
"Zm00001eb355670","Mesophyll",977,"Mesophyll"
"Zm00001eb355820","Mesophyll",978,"Mesophyll"
"Zm00001eb355890","Mesophyll",979,"Mesophyll"
"Zm00001eb046430","Mesophyll",980,"Mesophyll"
"Zm00001eb060350","Mesophyll",981,"Mesophyll"
"Zm00001eb356520","Mesophyll",982,"Mesophyll"
"Zm00001eb219790","Mesophyll",983,"Mesophyll"
"Zm00001eb356570","Mesophyll",984,"Mesophyll"
"Zm00001eb016800","Mesophyll",985,"Mesophyll"
"Zm00001eb356860","Mesophyll",986,"Mesophyll"
"Zm00001eb356870","Mesophyll",987,"Mesophyll"
"Zm00001eb018850","Mesophyll",988,"Mesophyll"
"Zm00001eb158890","Mesophyll",989,"Mesophyll"
"Zm00001eb356880","Mesophyll",990,"Mesophyll"
"Zm00001eb272090","Mesophyll",991,"Mesophyll"
"Zm00001eb431460","Mesophyll",992,"Mesophyll"
"Zm00001eb211520","Mesophyll",993,"Mesophyll"
"Zm00001eb231070","Mesophyll",994,"Mesophyll"
"Zm00001eb251860","Mesophyll",995,"Mesophyll"
"Zm00001eb064550","Mesophyll",996,"Mesophyll"
"Zm00001eb239560","Mesophyll",997,"Mesophyll"
"Zm00001eb356940","Mesophyll",998,"Mesophyll"
"Zm00001eb339850","Mesophyll",999,"Mesophyll"
"Zm00001eb058230","Mesophyll",1000,"Mesophyll"
"Zm00001eb322290","Mesophyll",1001,"Mesophyll"
"Zm00001eb298690","Mesophyll",1002,"Mesophyll"
"Zm00001eb357290","Mesophyll",1003,"Mesophyll"
"Zm00001eb117350","Mesophyll",1004,"Mesophyll"
"Zm00001eb328710","Mesophyll",1005,"Mesophyll"
"Zm00001eb148920","Mesophyll",1006,"Mesophyll"
"Zm00001eb397560","Mesophyll",1007,"Mesophyll"
"Zm00001eb039630","Mesophyll",1008,"Mesophyll"
"Zm00001eb175100","Mesophyll",1009,"Mesophyll"
"Zm00001eb273000","Mesophyll",1010,"Mesophyll"
"Zm00001eb131190","Mesophyll",1011,"Mesophyll"
"Zm00001eb037540","Mesophyll",1012,"Mesophyll"
"Zm00001eb216550","Mesophyll",1013,"Mesophyll"
"Zm00001eb209870","Mesophyll",1014,"Mesophyll"
"Zm00001eb067090","Mesophyll",1015,"Mesophyll"
"Zm00001eb349920","Mesophyll",1016,"Mesophyll"
"Zm00001eb113870","Mesophyll",1017,"Mesophyll"
"Zm00001eb309610","Mesophyll",1018,"Mesophyll"
"Zm00001eb300010","Mesophyll",1019,"Mesophyll"
"Zm00001eb259160","Mesophyll",1020,"Mesophyll"
"Zm00001eb073130","Mesophyll",1021,"Mesophyll"
"Zm00001eb386330","Mesophyll",1022,"Mesophyll"
"Zm00001eb358400","Mesophyll",1023,"Mesophyll"
"Zm00001eb036530","Mesophyll",1024,"Mesophyll"
"Zm00001eb253620","Mesophyll",1025,"Mesophyll"
"Zm00001eb034920","Mesophyll",1026,"Mesophyll"
"Zm00001eb321990","Mesophyll",1027,"Mesophyll"
"Zm00001eb358300","Mesophyll",1028,"Mesophyll"
"Zm00001eb358380","Mesophyll",1029,"Mesophyll"
"Zm00001eb069320","Mesophyll",1030,"Mesophyll"
"Zm00001eb358600","Mesophyll",1031,"Mesophyll"
"Zm00001eb288360","Mesophyll",1032,"Mesophyll"
"Zm00001eb261840","Mesophyll",1033,"Mesophyll"
"Zm00001eb406840","Mesophyll",1034,"Mesophyll"
"Zm00001eb358660","Mesophyll",1035,"Mesophyll"
"Zm00001eb358870","Mesophyll",1036,"Mesophyll"
"Zm00001eb415360","Mesophyll",1037,"Mesophyll"
"Zm00001eb358930","Mesophyll",1038,"Mesophyll"
"Zm00001eb291240","Mesophyll",1039,"Mesophyll"
"Zm00001eb358990","Mesophyll",1040,"Mesophyll"
"Zm00001eb039400","Mesophyll",1041,"Mesophyll"
"Zm00001eb330490","Mesophyll",1042,"Mesophyll"
"Zm00001eb359100","Mesophyll",1043,"Mesophyll"
"Zm00001eb214650","Mesophyll",1044,"Mesophyll"
"Zm00001eb324750","Mesophyll",1045,"Mesophyll"
"Zm00001eb094160","Mesophyll",1046,"Mesophyll"
"Zm00001eb012710","Mesophyll",1047,"Mesophyll"
"Zm00001eb402560","Mesophyll",1048,"Mesophyll"
"Zm00001eb090510","Mesophyll",1049,"Mesophyll"
"Zm00001eb261890","Mesophyll",1050,"Mesophyll"
"Zm00001eb359140","Mesophyll",1051,"Mesophyll"
"Zm00001eb078040","Mesophyll",1052,"Mesophyll"
"Zm00001eb100550","Mesophyll",1053,"Mesophyll"
"Zm00001eb422630","Mesophyll",1054,"Mesophyll"
"Zm00001eb340590","Mesophyll",1055,"Mesophyll"
"Zm00001eb398550","Mesophyll",1056,"Mesophyll"
"Zm00001eb149960","Mesophyll",1057,"Mesophyll"
"Zm00001eb071190","Mesophyll",1058,"Mesophyll"
"Zm00001eb371730","Mesophyll",1059,"Mesophyll"
"Zm00001eb413390","Mesophyll",1060,"Mesophyll"
"Zm00001eb385600","Mesophyll",1061,"Mesophyll"
"Zm00001eb174930","Mesophyll",1062,"Mesophyll"
"Zm00001eb363500","Mesophyll",1063,"Mesophyll"
"Zm00001eb016930","Mesophyll",1064,"Mesophyll"
"Zm00001eb195780","Mesophyll",1065,"Mesophyll"
"Zm00001eb063990","Mesophyll",1066,"Mesophyll"
"Zm00001eb002740","Mesophyll",1067,"Mesophyll"
"Zm00001eb214200","Mesophyll",1068,"Mesophyll"
"Zm00001eb359610","Mesophyll",1069,"Mesophyll"
"Zm00001eb353180","Mesophyll",1070,"Mesophyll"
"Zm00001eb359780","Mesophyll",1071,"Mesophyll"
"Zm00001eb421330","Mesophyll",1072,"Mesophyll"
"Zm00001eb359800","Mesophyll",1073,"Mesophyll"
"Zm00001eb360070","Mesophyll",1074,"Mesophyll"
"Zm00001eb375380","Mesophyll",1075,"Mesophyll"
"Zm00001eb367780","Mesophyll",1076,"Mesophyll"
"Zm00001eb389520","Mesophyll",1077,"Mesophyll"
"Zm00001eb385900","Mesophyll",1078,"Mesophyll"
"Zm00001eb424460","Mesophyll",1079,"Mesophyll"
"Zm00001eb258380","Mesophyll",1080,"Mesophyll"
"Zm00001eb174130","Mesophyll",1081,"Mesophyll"
"Zm00001eb360230","Mesophyll",1082,"Mesophyll"
"Zm00001eb303080","Mesophyll",1083,"Mesophyll"
"Zm00001eb400810","Mesophyll",1084,"Mesophyll"
"Zm00001eb160760","Mesophyll",1085,"Mesophyll"
"Zm00001eb184540","Mesophyll",1086,"Mesophyll"
"Zm00001eb297390","Mesophyll",1087,"Mesophyll"
"Zm00001eb227950","Mesophyll",1088,"Mesophyll"
"Zm00001eb242450","Mesophyll",1089,"Mesophyll"
"Zm00001eb193650","Mesophyll",1090,"Mesophyll"
"Zm00001eb271350","Mesophyll",1091,"Mesophyll"
"Zm00001eb273640","Mesophyll",1092,"Mesophyll"
"Zm00001eb360450","Mesophyll",1093,"Mesophyll"
"Zm00001eb335300","Mesophyll",1094,"Mesophyll"
"Zm00001eb360690","Mesophyll",1095,"Mesophyll"
"Zm00001eb046040","Mesophyll",1096,"Mesophyll"
"Zm00001eb285900","Mesophyll",1097,"Mesophyll"
"Zm00001eb360740","Mesophyll",1098,"Mesophyll"
"Zm00001eb081090","Mesophyll",1099,"Mesophyll"
"Zm00001eb281710","Mesophyll",1100,"Mesophyll"
"Zm00001eb153470","Mesophyll",1101,"Mesophyll"
"Zm00001eb319350","Mesophyll",1102,"Mesophyll"
"Zm00001eb360970","Mesophyll",1103,"Mesophyll"
"Zm00001eb121650","Mesophyll",1104,"Mesophyll"
"Zm00001eb012600","Mesophyll",1105,"Mesophyll"
"Zm00001eb361230","Mesophyll",1106,"Mesophyll"
"Zm00001eb148030","Mesophyll",1107,"Mesophyll"
"Zm00001eb361470","Mesophyll",1108,"Mesophyll"
"Zm00001eb361620","Mesophyll",1109,"Mesophyll"
"Zm00001eb415410","Mesophyll",1110,"Mesophyll"
"Zm00001eb317460","Mesophyll",1111,"Mesophyll"
"Zm00001eb067370","Mesophyll",1112,"Mesophyll"
"Zm00001eb361870","Mesophyll",1113,"Mesophyll"
"Zm00001eb013190","Mesophyll",1114,"Mesophyll"
"Zm00001eb229010","Mesophyll",1115,"Mesophyll"
"Zm00001eb054140","Mesophyll",1116,"Mesophyll"
"Zm00001eb361900","Mesophyll",1117,"Mesophyll"
"Zm00001eb114280","Mesophyll",1118,"Mesophyll"
"Zm00001eb135800","Mesophyll",1119,"Mesophyll"
"Zm00001eb021390","Mesophyll",1120,"Mesophyll"
"Zm00001eb361960","Mesophyll",1121,"Mesophyll"
"Zm00001eb362190","Mesophyll",1122,"Mesophyll"
"Zm00001eb362370","Mesophyll",1123,"Mesophyll"
"Zm00001eb362380","Mesophyll",1124,"Mesophyll"
"Zm00001eb048310","Mesophyll",1125,"Mesophyll"
"Zm00001eb317810","Mesophyll",1126,"Mesophyll"
"Zm00001eb322340","Mesophyll",1127,"Mesophyll"
"Zm00001eb029330","Mesophyll",1128,"Mesophyll"
"Zm00001eb030870","Mesophyll",1129,"Mesophyll"
"Zm00001eb301750","Mesophyll",1130,"Mesophyll"
"Zm00001eb424560","Mesophyll",1131,"Mesophyll"
"Zm00001eb424630","Mesophyll",1132,"Mesophyll"
"Zm00001eb055110","Mesophyll",1133,"Mesophyll"
"Zm00001eb035790","Mesophyll",1134,"Mesophyll"
"Zm00001eb334050","Mesophyll",1135,"Mesophyll"
"Zm00001eb138730","Mesophyll",1136,"Mesophyll"
"Zm00001eb286740","Mesophyll",1137,"Mesophyll"
"Zm00001eb363130","Mesophyll",1138,"Mesophyll"
"Zm00001eb363160","Mesophyll",1139,"Mesophyll"
"Zm00001eb145390","Mesophyll",1140,"Mesophyll"
"Zm00001eb089660","Mesophyll",1141,"Mesophyll"
"Zm00001eb394060","Mesophyll",1142,"Mesophyll"
"Zm00001eb067440","Mesophyll",1143,"Mesophyll"
"Zm00001eb259290","Mesophyll",1144,"Mesophyll"
"Zm00001eb084930","Mesophyll",1145,"Mesophyll"
"Zm00001eb363890","Mesophyll",1146,"Mesophyll"
"Zm00001eb364200","Mesophyll",1147,"Mesophyll"
"Zm00001eb052810","Mesophyll",1148,"Mesophyll"
"Zm00001eb071210","Mesophyll",1149,"Mesophyll"
"Zm00001eb141010","Mesophyll",1150,"Mesophyll"
"Zm00001eb241550","Mesophyll",1151,"Mesophyll"
"Zm00001eb211470","Mesophyll",1152,"Mesophyll"
"Zm00001eb270470","Mesophyll",1153,"Mesophyll"
"Zm00001eb314500","Mesophyll",1154,"Mesophyll"
"Zm00001eb364700","Mesophyll",1155,"Mesophyll"
"Zm00001eb344260","Mesophyll",1156,"Mesophyll"
"Zm00001eb364870","Mesophyll",1157,"Mesophyll"
"Zm00001eb293780","Mesophyll",1158,"Mesophyll"
"Zm00001eb288870","Mesophyll",1159,"Mesophyll"
"Zm00001eb245020","Mesophyll",1160,"Mesophyll"
"Zm00001eb389870","Mesophyll",1161,"Mesophyll"
"Zm00001eb303700","Mesophyll",1162,"Mesophyll"
"Zm00001eb169290","Mesophyll",1163,"Mesophyll"
"Zm00001eb131870","Mesophyll",1164,"Mesophyll"
"Zm00001eb219270","Mesophyll",1165,"Mesophyll"
"Zm00001eb409080","Mesophyll",1166,"Mesophyll"
"Zm00001eb420880","Mesophyll",1167,"Mesophyll"
"Zm00001eb216430","Mesophyll",1168,"Mesophyll"
"Zm00001eb134130","Mesophyll",1169,"Mesophyll"
"Zm00001eb350310","Mesophyll",1170,"Mesophyll"
"Zm00001eb365370","Mesophyll",1171,"Mesophyll"
"Zm00001eb131070","Mesophyll",1172,"Mesophyll"
"Zm00001eb016830","Mesophyll",1173,"Mesophyll"
"Zm00001eb232260","Mesophyll",1174,"Mesophyll"
"Zm00001eb172580","Mesophyll",1175,"Mesophyll"
"Zm00001eb274970","Mesophyll",1176,"Mesophyll"
"Zm00001eb223670","Mesophyll",1177,"Mesophyll"
"Zm00001eb375210","Mesophyll",1178,"Mesophyll"
"Zm00001eb365780","Mesophyll",1179,"Mesophyll"
"Zm00001eb020600","Mesophyll",1180,"Mesophyll"
"Zm00001eb365810","Mesophyll",1181,"Mesophyll"
"Zm00001eb349140","Mesophyll",1182,"Mesophyll"
"Zm00001eb429350","Mesophyll",1183,"Mesophyll"
"Zm00001eb236450","Mesophyll",1184,"Mesophyll"
"Zm00001eb212530","Mesophyll",1185,"Mesophyll"
"Zm00001eb228290","Mesophyll",1186,"Mesophyll"
"Zm00001eb192960","Mesophyll",1187,"Mesophyll"
"Zm00001eb366040","Mesophyll",1188,"Mesophyll"
"Zm00001eb366050","Mesophyll",1189,"Mesophyll"
"Zm00001eb430100","Mesophyll",1190,"Mesophyll"
"Zm00001eb402020","Mesophyll",1191,"Mesophyll"
"Zm00001eb180850","Mesophyll",1192,"Mesophyll"
"Zm00001eb103720","Mesophyll",1193,"Mesophyll"
"Zm00001eb328950","Mesophyll",1194,"Mesophyll"
"Zm00001eb066190","Mesophyll",1195,"Mesophyll"
"Zm00001eb321720","Mesophyll",1196,"Mesophyll"
"Zm00001eb285890","Mesophyll",1197,"Mesophyll"
"Zm00001eb056030","Mesophyll",1198,"Mesophyll"
"Zm00001eb258600","Mesophyll",1199,"Mesophyll"
"Zm00001eb351340","Mesophyll",1200,"Mesophyll"
"Zm00001eb020110","Mesophyll",1201,"Mesophyll"
"Zm00001eb042410","Mesophyll",1202,"Mesophyll"
"Zm00001eb314770","Mesophyll",1203,"Mesophyll"
"Zm00001eb334790","Mesophyll",1204,"Mesophyll"
"Zm00001eb345450","Mesophyll",1205,"Mesophyll"
"Zm00001eb354470","Mesophyll",1206,"Mesophyll"
"Zm00001eb374150","Mesophyll",1207,"Mesophyll"
"Zm00001eb179090","Mesophyll",1208,"Mesophyll"
"Zm00001eb366640","Mesophyll",1209,"Mesophyll"
"Zm00001eb081460","Mesophyll",1210,"Mesophyll"
"Zm00001eb131160","Mesophyll",1211,"Mesophyll"
"Zm00001eb028740","Mesophyll",1212,"Mesophyll"
"Zm00001eb344390","Mesophyll",1213,"Mesophyll"
"Zm00001eb061440","Mesophyll",1214,"Mesophyll"
"Zm00001eb301890","Mesophyll",1215,"Mesophyll"
"Zm00001eb359580","Mesophyll",1216,"Mesophyll"
"Zm00001eb004790","Mesophyll",1217,"Mesophyll"
"Zm00001eb208820","Mesophyll",1218,"Mesophyll"
"Zm00001eb338660","Mesophyll",1219,"Mesophyll"
"Zm00001eb119480","Mesophyll",1220,"Mesophyll"
"Zm00001eb336470","Mesophyll",1221,"Mesophyll"
"Zm00001eb231700","Mesophyll",1222,"Mesophyll"
"Zm00001eb392570","Mesophyll",1223,"Mesophyll"
"Zm00001eb433310","Mesophyll",1224,"Mesophyll"
"Zm00001eb408310","Mesophyll",1225,"Mesophyll"
"Zm00001eb195420","Mesophyll",1226,"Mesophyll"
"Zm00001eb116740","Mesophyll",1227,"Mesophyll"
"Zm00001eb366880","Mesophyll",1228,"Mesophyll"
"Zm00001eb165000","Mesophyll",1229,"Mesophyll"
"Zm00001eb367110","Mesophyll",1230,"Mesophyll"
"Zm00001eb367320","Mesophyll",1231,"Mesophyll"
"Zm00001eb367450","Mesophyll",1232,"Mesophyll"
"Zm00001eb188770","Mesophyll",1233,"Mesophyll"
"Zm00001eb202570","Mesophyll",1234,"Mesophyll"
"Zm00001eb184470","Mesophyll",1235,"Mesophyll"
"Zm00001eb055820","Mesophyll",1236,"Mesophyll"
"Zm00001eb255880","Mesophyll",1237,"Mesophyll"
"Zm00001eb178540","Mesophyll",1238,"Mesophyll"
"Zm00001eb013520","Mesophyll",1239,"Mesophyll"
"Zm00001eb023160","Mesophyll",1240,"Mesophyll"
"Zm00001eb368060","Mesophyll",1241,"Mesophyll"
"Zm00001eb012020","Mesophyll",1242,"Mesophyll"
"Zm00001eb278930","Mesophyll",1243,"Mesophyll"
"Zm00001eb357890","Mesophyll",1244,"Mesophyll"
"Zm00001eb231430","Mesophyll",1245,"Mesophyll"
"Zm00001eb135570","Mesophyll",1246,"Mesophyll"
"Zm00001eb303370","Mesophyll",1247,"Mesophyll"
"Zm00001eb064120","Mesophyll",1248,"Mesophyll"
"Zm00001eb165630","Mesophyll",1249,"Mesophyll"
"Zm00001eb023860","Mesophyll",1250,"Mesophyll"
"Zm00001eb148830","Mesophyll",1251,"Mesophyll"
"Zm00001eb341220","Mesophyll",1252,"Mesophyll"
"Zm00001eb013110","Mesophyll",1253,"Mesophyll"
"Zm00001eb053650","Mesophyll",1254,"Mesophyll"
"Zm00001eb137550","Mesophyll",1255,"Mesophyll"
"Zm00001eb075030","Mesophyll",1256,"Mesophyll"
"Zm00001eb174710","Mesophyll",1257,"Mesophyll"
"Zm00001eb044910","Mesophyll",1258,"Mesophyll"
"Zm00001eb339090","Mesophyll",1259,"Mesophyll"
"Zm00001eb199960","Mesophyll",1260,"Mesophyll"
"Zm00001eb332450","Mesophyll",1261,"Mesophyll"
"Zm00001eb109690","Mesophyll",1262,"Mesophyll"
"Zm00001eb368280","Mesophyll",1263,"Mesophyll"
"Zm00001eb093670","Mesophyll",1264,"Mesophyll"
"Zm00001eb368380","Mesophyll",1265,"Mesophyll"
"Zm00001eb074930","Mesophyll",1266,"Mesophyll"
"Zm00001eb368400","Mesophyll",1267,"Mesophyll"
"Zm00001eb297260","Mesophyll",1268,"Mesophyll"
"Zm00001eb162400","Mesophyll",1269,"Mesophyll"
"Zm00001eb164590","Mesophyll",1270,"Mesophyll"
"Zm00001eb013120","Mesophyll",1271,"Mesophyll"
"Zm00001eb061800","Mesophyll",1272,"Mesophyll"
"Zm00001eb369030","Mesophyll",1273,"Mesophyll"
"Zm00001eb226240","Mesophyll",1274,"Mesophyll"
"Zm00001eb369110","Mesophyll",1275,"Mesophyll"
"Zm00001eb148930","Mesophyll",1276,"Mesophyll"
"Zm00001eb121060","Mesophyll",1277,"Mesophyll"
"Zm00001eb134470","Mesophyll",1278,"Mesophyll"
"Zm00001eb064620","Mesophyll",1279,"Mesophyll"
"Zm00001eb360160","Mesophyll",1280,"Mesophyll"
"Zm00001eb042860","Mesophyll",1281,"Mesophyll"
"Zm00001eb246180","Mesophyll",1282,"Mesophyll"
"Zm00001eb282960","Mesophyll",1283,"Mesophyll"
"Zm00001eb333130","Mesophyll",1284,"Mesophyll"
"Zm00001eb217010","Mesophyll",1285,"Mesophyll"
"Zm00001eb134780","Mesophyll",1286,"Mesophyll"
"Zm00001eb338980","Mesophyll",1287,"Mesophyll"
"Zm00001eb061960","Mesophyll",1288,"Mesophyll"
"Zm00001eb340790","Mesophyll",1289,"Mesophyll"
"Zm00001eb289680","Mesophyll",1290,"Mesophyll"
"Zm00001eb097110","Mesophyll",1291,"Mesophyll"
"Zm00001eb338890","Mesophyll",1292,"Mesophyll"
"Zm00001eb310830","Mesophyll",1293,"Mesophyll"
"Zm00001eb369320","Mesophyll",1294,"Mesophyll"
"Zm00001eb261550","Mesophyll",1295,"Mesophyll"
"Zm00001eb410350","Mesophyll",1296,"Mesophyll"
"Zm00001eb156890","Mesophyll",1297,"Mesophyll"
"Zm00001eb075060","Mesophyll",1298,"Mesophyll"
"Zm00001eb369650","Mesophyll",1299,"Mesophyll"
"Zm00001eb281810","Mesophyll",1300,"Mesophyll"
"Zm00001eb180080","Mesophyll",1301,"Mesophyll"
"Zm00001eb369660","Mesophyll",1302,"Mesophyll"
"Zm00001eb374380","Mesophyll",1303,"Mesophyll"
"Zm00001eb392400","Mesophyll",1304,"Mesophyll"
"Zm00001eb205630","Mesophyll",1305,"Mesophyll"
"Zm00001eb114970","Mesophyll",1306,"Mesophyll"
"Zm00001eb369720","Mesophyll",1307,"Mesophyll"
"Zm00001eb239690","Mesophyll",1308,"Mesophyll"
"Zm00001eb343610","Mesophyll",1309,"Mesophyll"
"Zm00001eb281480","Mesophyll",1310,"Mesophyll"
"Zm00001eb428020","Mesophyll",1311,"Mesophyll"
"Zm00001eb226740","Mesophyll",1312,"Mesophyll"
"Zm00001eb369940","Mesophyll",1313,"Mesophyll"
"Zm00001eb254990","Mesophyll",1314,"Mesophyll"
"Zm00001eb110280","Mesophyll",1315,"Mesophyll"
"Zm00001eb369990","Mesophyll",1316,"Mesophyll"
"Zm00001eb217160","Mesophyll",1317,"Mesophyll"
"Zm00001eb011880","Mesophyll",1318,"Mesophyll"
"Zm00001eb283950","Mesophyll",1319,"Mesophyll"
"Zm00001eb289710","Mesophyll",1320,"Mesophyll"
"Zm00001eb111590","Mesophyll",1321,"Mesophyll"
"Zm00001eb370030","Mesophyll",1322,"Mesophyll"
"Zm00001eb370040","Mesophyll",1323,"Mesophyll"
"Zm00001eb267380","Mesophyll",1324,"Mesophyll"
"Zm00001eb370050","Mesophyll",1325,"Mesophyll"
"Zm00001eb213280","Mesophyll",1326,"Mesophyll"
"Zm00001eb084250","Mesophyll",1327,"Mesophyll"
"Zm00001eb060510","Mesophyll",1328,"Mesophyll"
"Zm00001eb333140","Mesophyll",1329,"Mesophyll"
"Zm00001eb307010","Mesophyll",1330,"Mesophyll"
"Zm00001eb364580","Mesophyll",1331,"Mesophyll"
"Zm00001eb160720","Mesophyll",1332,"Mesophyll"
"Zm00001eb409480","Mesophyll",1333,"Mesophyll"
"Zm00001eb370310","Mesophyll",1334,"Mesophyll"
"Zm00001eb018000","Mesophyll",1335,"Mesophyll"
"Zm00001eb051150","Mesophyll",1336,"Mesophyll"
"Zm00001eb205600","Mesophyll",1337,"Mesophyll"
"Zm00001eb265830","Mesophyll",1338,"Mesophyll"
"Zm00001eb217560","Mesophyll",1339,"Mesophyll"
"Zm00001eb370180","Mesophyll",1340,"Mesophyll"
"Zm00001eb036910","Mesophyll",1341,"Mesophyll"
"Zm00001eb288280","Mesophyll",1342,"Mesophyll"
"Zm00001eb370860","Mesophyll",1343,"Mesophyll"
"Zm00001eb294900","Mesophyll",1344,"Mesophyll"
"Zm00001eb032970","Mesophyll",1345,"Mesophyll"
"Zm00001eb281490","Mesophyll",1346,"Mesophyll"
"Zm00001eb369350","Mesophyll",1347,"Mesophyll"
"Zm00001eb185980","Mesophyll",1348,"Mesophyll"
"Zm00001eb131170","Mesophyll",1349,"Mesophyll"
"Zm00001eb204920","Mesophyll",1350,"Mesophyll"
"Zm00001eb371010","Mesophyll",1351,"Mesophyll"
"Zm00001eb021600","Mesophyll",1352,"Mesophyll"
"Zm00001eb068050","Mesophyll",1353,"Mesophyll"
"Zm00001eb390830","Mesophyll",1354,"Mesophyll"
"Zm00001eb175500","Mesophyll",1355,"Mesophyll"
"Zm00001eb210410","Mesophyll",1356,"Mesophyll"
"Zm00001eb337840","Mesophyll",1357,"Mesophyll"
"Zm00001eb267260","Mesophyll",1358,"Mesophyll"
"Zm00001eb148130","Mesophyll",1359,"Mesophyll"
"Zm00001eb187340","Mesophyll",1360,"Mesophyll"
"Zm00001eb330920","Mesophyll",1361,"Mesophyll"
"Zm00001eb391210","Mesophyll",1362,"Mesophyll"
"Zm00001eb210730","Mesophyll",1363,"Mesophyll"
"Zm00001eb371000","Mesophyll",1364,"Mesophyll"
"Zm00001eb335220","Mesophyll",1365,"Mesophyll"
"Zm00001eb011980","Mesophyll",1366,"Mesophyll"
"Zm00001eb026120","Mesophyll",1367,"Mesophyll"
"Zm00001eb180060","Mesophyll",1368,"Mesophyll"
"Zm00001eb318480","Mesophyll",1369,"Mesophyll"
"Zm00001eb128810","Mesophyll",1370,"Mesophyll"
"Zm00001eb376630","Mesophyll",1371,"Mesophyll"
"Zm00001eb210800","Mesophyll",1372,"Mesophyll"
"Zm00001eb287780","Mesophyll",1373,"Mesophyll"
"Zm00001eb211000","Mesophyll",1374,"Mesophyll"
"Zm00001eb037600","Mesophyll",1375,"Mesophyll"
"Zm00001eb109680","Mesophyll",1376,"Mesophyll"
"Zm00001eb328450","Mesophyll",1377,"Mesophyll"
"Zm00001eb298940","Mesophyll",1378,"Mesophyll"
"Zm00001eb240700","Mesophyll",1379,"Mesophyll"
"Zm00001eb211020","Mesophyll",1380,"Mesophyll"
"Zm00001eb432470","Mesophyll",1381,"Mesophyll"
"Zm00001eb422790","Mesophyll",1382,"Mesophyll"
"Zm00001eb368010","Mesophyll",1383,"Mesophyll"
"Zm00001eb148280","Mesophyll",1384,"Mesophyll"
"Zm00001eb304090","Mesophyll",1385,"Mesophyll"
"Zm00001eb398750","Mesophyll",1386,"Mesophyll"
"Zm00001eb398070","Mesophyll",1387,"Mesophyll"
"Zm00001eb379100","Mesophyll",1388,"Mesophyll"
"Zm00001eb432350","Mesophyll",1389,"Mesophyll"
"Zm00001eb071870","Mesophyll",1390,"Mesophyll"
"Zm00001eb292980","Mesophyll",1391,"Mesophyll"
"Zm00001eb051840","Mesophyll",1392,"Mesophyll"
"Zm00001eb332780","Mesophyll",1393,"Mesophyll"
"Zm00001eb276860","Mesophyll",1394,"Mesophyll"
"Zm00001eb357090","Mesophyll",1395,"Mesophyll"
"Zm00001eb140070","Mesophyll",1396,"Mesophyll"
"Zm00001eb065930","Mesophyll",1397,"Mesophyll"
"Zm00001eb102850","Mesophyll",1398,"Mesophyll"
"Zm00001eb120750","Mesophyll",1399,"Mesophyll"
"Zm00001eb208830","Mesophyll",1400,"Mesophyll"
"Zm00001eb044680","Mesophyll",1401,"Mesophyll"
"Zm00001eb430260","Mesophyll",1402,"Mesophyll"
"Zm00001eb055720","Mesophyll",1403,"Mesophyll"
"Zm00001eb212030","Mesophyll",1404,"Mesophyll"
"Zm00001eb258290","Mesophyll",1405,"Mesophyll"
"Zm00001eb236270","Mesophyll",1406,"Mesophyll"
"Zm00001eb060130","Mesophyll",1407,"Mesophyll"
"Zm00001eb042600","Mesophyll",1408,"Mesophyll"
"Zm00001eb010040","Mesophyll",1409,"Mesophyll"
"Zm00001eb022670","Mesophyll",1410,"Mesophyll"
"Zm00001eb128000","Mesophyll",1411,"Mesophyll"
"Zm00001eb276270","Mesophyll",1412,"Mesophyll"
"Zm00001eb125630","Mesophyll",1413,"Mesophyll"
"Zm00001eb065790","Mesophyll",1414,"Mesophyll"
"Zm00001eb411250","Mesophyll",1415,"Mesophyll"
"Zm00001eb353960","Mesophyll",1416,"Mesophyll"
"Zm00001eb212180","Mesophyll",1417,"Mesophyll"
"Zm00001eb159470","Mesophyll",1418,"Mesophyll"
"Zm00001eb311700","Mesophyll",1419,"Mesophyll"
"Zm00001eb136710","Mesophyll",1420,"Mesophyll"
"Zm00001eb363940","Mesophyll",1421,"Mesophyll"
"Zm00001eb071090","Mesophyll",1422,"Mesophyll"
"Zm00001eb212400","Mesophyll",1423,"Mesophyll"
"Zm00001eb212440","Mesophyll",1424,"Mesophyll"
"Zm00001eb128960","Mesophyll",1425,"Mesophyll"
"Zm00001eb370620","Mesophyll",1426,"Mesophyll"
"Zm00001eb153330","Mesophyll",1427,"Mesophyll"
"Zm00001eb003110","Mesophyll",1428,"Mesophyll"
"Zm00001eb130510","Mesophyll",1429,"Mesophyll"
"Zm00001eb396520","Mesophyll",1430,"Mesophyll"
"Zm00001eb348400","Mesophyll",1431,"Mesophyll"
"Zm00001eb212710","Mesophyll",1432,"Mesophyll"
"Zm00001eb212760","Mesophyll",1433,"Mesophyll"
"Zm00001eb286490","Mesophyll",1434,"Mesophyll"
"Zm00001eb015120","Mesophyll",1435,"Mesophyll"
"Zm00001eb326230","Mesophyll",1436,"Mesophyll"
"Zm00001eb287580","Mesophyll",1437,"Mesophyll"
"Zm00001eb120920","Mesophyll",1438,"Mesophyll"
"Zm00001eb055230","Mesophyll",1439,"Mesophyll"
"Zm00001eb164030","Mesophyll",1440,"Mesophyll"
"Zm00001eb212980","Mesophyll",1441,"Mesophyll"
"Zm00001eb163570","Mesophyll",1442,"Mesophyll"
"Zm00001eb143680","Mesophyll",1443,"Mesophyll"
"Zm00001eb281200","Mesophyll",1444,"Mesophyll"
"Zm00001eb265430","Mesophyll",1445,"Mesophyll"
"Zm00001eb407790","Mesophyll",1446,"Mesophyll"
"Zm00001eb165210","Mesophyll",1447,"Mesophyll"
"Zm00001eb393940","Mesophyll",1448,"Mesophyll"
"Zm00001eb229320","Mesophyll",1449,"Mesophyll"
"Zm00001eb213330","Mesophyll",1450,"Mesophyll"
"Zm00001eb317910","Mesophyll",1451,"Mesophyll"
"Zm00001eb213350","Mesophyll",1452,"Mesophyll"
"Zm00001eb264780","Mesophyll",1453,"Mesophyll"
"Zm00001eb213570","Mesophyll",1454,"Mesophyll"
"Zm00001eb363480","Mesophyll",1455,"Mesophyll"
"Zm00001eb407530","Mesophyll",1456,"Mesophyll"
"Zm00001eb217350","Mesophyll",1457,"Mesophyll"
"Zm00001eb168920","Mesophyll",1458,"Mesophyll"
"Zm00001eb318910","Mesophyll",1459,"Mesophyll"
"Zm00001eb297110","Mesophyll",1460,"Mesophyll"
"Zm00001eb163130","Mesophyll",1461,"Mesophyll"
"Zm00001eb012420","Mesophyll",1462,"Mesophyll"
"Zm00001eb213990","Mesophyll",1463,"Mesophyll"
"Zm00001eb084510","Mesophyll",1464,"Mesophyll"
"Zm00001eb407840","Mesophyll",1465,"Mesophyll"
"Zm00001eb214110","Mesophyll",1466,"Mesophyll"
"Zm00001eb191940","Mesophyll",1467,"Mesophyll"
"Zm00001eb261280","Mesophyll",1468,"Mesophyll"
"Zm00001eb355350","Mesophyll",1469,"Mesophyll"
"Zm00001eb049120","Mesophyll",1470,"Mesophyll"
"Zm00001eb126790","Mesophyll",1471,"Mesophyll"
"Zm00001eb388780","Mesophyll",1472,"Mesophyll"
"Zm00001eb315420","Mesophyll",1473,"Mesophyll"
"Zm00001eb069010","Mesophyll",1474,"Mesophyll"
"Zm00001eb214290","Mesophyll",1475,"Mesophyll"
"Zm00001eb065410","Mesophyll",1476,"Mesophyll"
"Zm00001eb214320","Mesophyll",1477,"Mesophyll"
"Zm00001eb036350","Mesophyll",1478,"Mesophyll"
"Zm00001eb402570","Mesophyll",1479,"Mesophyll"
"Zm00001eb141930","Mesophyll",1480,"Mesophyll"
"Zm00001eb346090","Mesophyll",1481,"Mesophyll"
"Zm00001eb227930","Mesophyll",1482,"Mesophyll"
"Zm00001eb203940","Mesophyll",1483,"Mesophyll"
"Zm00001eb224360","Mesophyll",1484,"Mesophyll"
"Zm00001eb322940","Mesophyll",1485,"Mesophyll"
"Zm00001eb069290","Mesophyll",1486,"Mesophyll"
"Zm00001eb012000","Mesophyll",1487,"Mesophyll"
"Zm00001eb429080","Mesophyll",1488,"Mesophyll"
"Zm00001eb245410","Mesophyll",1489,"Mesophyll"
"Zm00001eb103760","Mesophyll",1490,"Mesophyll"
"Zm00001eb431690","Mesophyll",1491,"Mesophyll"
"Zm00001eb369860","Mesophyll",1492,"Mesophyll"
"Zm00001eb319000","Mesophyll",1493,"Mesophyll"
"Zm00001eb112840","Mesophyll",1494,"Mesophyll"
"Zm00001eb079380","Mesophyll",1495,"Mesophyll"
"Zm00001eb063800","Mesophyll",1496,"Mesophyll"
"Zm00001eb061530","Mesophyll",1497,"Mesophyll"
"Zm00001eb220620","Mesophyll",1498,"Mesophyll"
"Zm00001eb214670","Mesophyll",1499,"Mesophyll"
"Zm00001eb386040","Mesophyll",1500,"Mesophyll"
"Zm00001eb095000","Mesophyll",1501,"Mesophyll"
"Zm00001eb256920","Mesophyll",1502,"Mesophyll"
"Zm00001eb349410","Mesophyll",1503,"Mesophyll"
"Zm00001eb199950","Mesophyll",1504,"Mesophyll"
"Zm00001eb252690","Mesophyll",1505,"Mesophyll"
"Zm00001eb146730","Mesophyll",1506,"Mesophyll"
"Zm00001eb214730","Mesophyll",1507,"Mesophyll"
"Zm00001eb006510","Mesophyll",1508,"Mesophyll"
"Zm00001eb244030","Mesophyll",1509,"Mesophyll"
"Zm00001eb202260","Mesophyll",1510,"Mesophyll"
"Zm00001eb354820","Mesophyll",1511,"Mesophyll"
"Zm00001eb142950","Mesophyll",1512,"Mesophyll"
"Zm00001eb208030","Mesophyll",1513,"Mesophyll"
"Zm00001eb158030","Mesophyll",1514,"Mesophyll"
"Zm00001eb214960","Mesophyll",1515,"Mesophyll"
"Zm00001eb160510","Mesophyll",1516,"Mesophyll"
"Zm00001eb215040","Mesophyll",1517,"Mesophyll"
"Zm00001eb076560","Mesophyll",1518,"Mesophyll"
"Zm00001eb351270","Mesophyll",1519,"Mesophyll"
"Zm00001eb053680","Mesophyll",1520,"Mesophyll"
"Zm00001eb392050","Mesophyll",1521,"Mesophyll"
"Zm00001eb395600","Mesophyll",1522,"Mesophyll"
"Zm00001eb155410","Mesophyll",1523,"Mesophyll"
"Zm00001eb396420","Mesophyll",1524,"Mesophyll"
"Zm00001eb131280","Mesophyll",1525,"Mesophyll"
"Zm00001eb418610","Mesophyll",1526,"Mesophyll"
"Zm00001eb337810","Mesophyll",1527,"Mesophyll"
"Zm00001eb124290","Mesophyll",1528,"Mesophyll"
"Zm00001eb148610","Mesophyll",1529,"Mesophyll"
"Zm00001eb215650","Mesophyll",1530,"Mesophyll"
"Zm00001eb057590","Mesophyll",1531,"Mesophyll"
"Zm00001eb057690","Mesophyll",1532,"Mesophyll"
"Zm00001eb056820","Mesophyll",1533,"Mesophyll"
"Zm00001eb355420","Mesophyll",1534,"Mesophyll"
"Zm00001eb422490","Mesophyll",1535,"Mesophyll"
"Zm00001eb013430","Mesophyll",1536,"Mesophyll"
"Zm00001eb323620","Mesophyll",1537,"Mesophyll"
"Zm00001eb214900","Mesophyll",1538,"Mesophyll"
"Zm00001eb036760","Mesophyll",1539,"Mesophyll"
"Zm00001eb396650","Mesophyll",1540,"Mesophyll"
"Zm00001eb346120","Mesophyll",1541,"Mesophyll"
"Zm00001eb101750","Mesophyll",1542,"Mesophyll"
"Zm00001eb106720","Mesophyll",1543,"Mesophyll"
"Zm00001eb374000","Mesophyll",1544,"Mesophyll"
"Zm00001eb030300","Mesophyll",1545,"Mesophyll"
"Zm00001eb004670","Mesophyll",1546,"Mesophyll"
"Zm00001eb356320","Mesophyll",1547,"Mesophyll"
"Zm00001eb282730","Mesophyll",1548,"Mesophyll"
"Zm00001eb148580","Mesophyll",1549,"Mesophyll"
"Zm00001eb178470","Mesophyll",1550,"Mesophyll"
"Zm00001eb248330","Mesophyll",1551,"Mesophyll"
"Zm00001eb070400","Mesophyll",1552,"Mesophyll"
"Zm00001eb134200","Mesophyll",1553,"Mesophyll"
"Zm00001eb416410","Mesophyll",1554,"Mesophyll"
"Zm00001eb361180","Mesophyll",1555,"Mesophyll"
"Zm00001eb198620","Mesophyll",1556,"Mesophyll"
"Zm00001eb293830","Mesophyll",1557,"Mesophyll"
"Zm00001eb277370","Mesophyll",1558,"Mesophyll"
"Zm00001eb100690","Mesophyll",1559,"Mesophyll"
"Zm00001eb216080","Mesophyll",1560,"Mesophyll"
"Zm00001eb135550","Mesophyll",1561,"Mesophyll"
"Zm00001eb421700","Mesophyll",1562,"Mesophyll"
"Zm00001eb051030","Mesophyll",1563,"Mesophyll"
"Zm00001eb080090","Mesophyll",1564,"Mesophyll"
"Zm00001eb034830","Mesophyll",1565,"Mesophyll"
"Zm00001eb148670","Mesophyll",1566,"Mesophyll"
"Zm00001eb143060","Mesophyll",1567,"Mesophyll"
"Zm00001eb231720","Mesophyll",1568,"Mesophyll"
"Zm00001eb419390","Mesophyll",1569,"Mesophyll"
"Zm00001eb274950","Mesophyll",1570,"Mesophyll"
"Zm00001eb013100","Mesophyll",1571,"Mesophyll"
"Zm00001eb071280","Mesophyll",1572,"Mesophyll"
"Zm00001eb351810","Mesophyll",1573,"Mesophyll"
"Zm00001eb022440","Mesophyll",1574,"Mesophyll"
"Zm00001eb421170","Mesophyll",1575,"Mesophyll"
"Zm00001eb378690","Mesophyll",1576,"Mesophyll"
"Zm00001eb250480","Mesophyll",1577,"Mesophyll"
"Zm00001eb151050","Mesophyll",1578,"Mesophyll"
"Zm00001eb260460","Mesophyll",1579,"Mesophyll"
"Zm00001eb257410","Mesophyll",1580,"Mesophyll"
"Zm00001eb202910","Mesophyll",1581,"Mesophyll"
"Zm00001eb144760","Mesophyll",1582,"Mesophyll"
"Zm00001eb316870","Mesophyll",1583,"Mesophyll"
"Zm00001eb218220","Mesophyll",1584,"Mesophyll"
"Zm00001eb218260","Mesophyll",1585,"Mesophyll"
"Zm00001eb038510","Mesophyll",1586,"Mesophyll"
"Zm00001eb157400","Mesophyll",1587,"Mesophyll"
"Zm00001eb218980","Mesophyll",1588,"Mesophyll"
"Zm00001eb365200","Mesophyll",1589,"Mesophyll"
"Zm00001eb219310","Mesophyll",1590,"Mesophyll"
"Zm00001eb117070","Mesophyll",1591,"Mesophyll"
"Zm00001eb336800","Mesophyll",1592,"Mesophyll"
"Zm00001eb277320","Mesophyll",1593,"Mesophyll"
"Zm00001eb219320","Mesophyll",1594,"Mesophyll"
"Zm00001eb152160","Mesophyll",1595,"Mesophyll"
"Zm00001eb195550","Mesophyll",1596,"Mesophyll"
"Zm00001eb033150","Mesophyll",1597,"Mesophyll"
"Zm00001eb219720","Mesophyll",1598,"Mesophyll"
"Zm00001eb289990","Mesophyll",1599,"Mesophyll"
"Zm00001eb043480","Mesophyll",1600,"Mesophyll"
"Zm00001eb384860","Mesophyll",1601,"Mesophyll"
"Zm00001eb199090","Mesophyll",1602,"Mesophyll"
"Zm00001eb350050","Mesophyll",1603,"Mesophyll"
"Zm00001eb111660","Mesophyll",1604,"Mesophyll"
"Zm00001eb219820","Mesophyll",1605,"Mesophyll"
"Zm00001eb121480","Mesophyll",1606,"Mesophyll"
"Zm00001eb388990","Mesophyll",1607,"Mesophyll"
"Zm00001eb272920","Mesophyll",1608,"Mesophyll"
"Zm00001eb261480","Mesophyll",1609,"Mesophyll"
"Zm00001eb355110","Mesophyll",1610,"Mesophyll"
"Zm00001eb354260","Mesophyll",1611,"Mesophyll"
"Zm00001eb226990","Mesophyll",1612,"Mesophyll"
"Zm00001eb232450","Mesophyll",1613,"Mesophyll"
"Zm00001eb327780","Mesophyll",1614,"Mesophyll"
"Zm00001eb137030","Mesophyll",1615,"Mesophyll"
"Zm00001eb063910","Mesophyll",1616,"Mesophyll"
"Zm00001eb043140","Mesophyll",1617,"Mesophyll"
"Zm00001eb310700","Mesophyll",1618,"Mesophyll"
"Zm00001eb110370","Mesophyll",1619,"Mesophyll"
"Zm00001eb330540","Mesophyll",1620,"Mesophyll"
"Zm00001eb402790","Mesophyll",1621,"Mesophyll"
"Zm00001eb417900","Mesophyll",1622,"Mesophyll"
"Zm00001eb291250","Mesophyll",1623,"Mesophyll"
"Zm00001eb384620","Mesophyll",1624,"Mesophyll"
"Zm00001eb124810","Mesophyll",1625,"Mesophyll"
"Zm00001eb220030","Mesophyll",1626,"Mesophyll"
"Zm00001eb220190","Mesophyll",1627,"Mesophyll"
"Zm00001eb294370","Mesophyll",1628,"Mesophyll"
"Zm00001eb075700","Mesophyll",1629,"Mesophyll"
"Zm00001eb248700","Mesophyll",1630,"Mesophyll"
"Zm00001eb115800","Mesophyll",1631,"Mesophyll"
"Zm00001eb035010","Mesophyll",1632,"Mesophyll"
"Zm00001eb010410","Mesophyll",1633,"Mesophyll"
"Zm00001eb220380","Mesophyll",1634,"Mesophyll"
"Zm00001eb021310","Mesophyll",1635,"Mesophyll"
"Zm00001eb414760","Mesophyll",1636,"Mesophyll"
"Zm00001eb374180","Mesophyll",1637,"Mesophyll"
"Zm00001eb220550","Mesophyll",1638,"Mesophyll"
"Zm00001eb258890","Mesophyll",1639,"Mesophyll"
"Zm00001eb243310","Mesophyll",1640,"Mesophyll"
"Zm00001eb220740","Mesophyll",1641,"Mesophyll"
"Zm00001eb122860","Mesophyll",1642,"Mesophyll"
"Zm00001eb239550","Mesophyll",1643,"Mesophyll"
"Zm00001eb220790","Mesophyll",1644,"Mesophyll"
"Zm00001eb220880","Mesophyll",1645,"Mesophyll"
"Zm00001eb207060","Mesophyll",1646,"Mesophyll"
"Zm00001eb283960","Mesophyll",1647,"Mesophyll"
"Zm00001eb427650","Mesophyll",1648,"Mesophyll"
"Zm00001eb006440","Mesophyll",1649,"Mesophyll"
"Zm00001eb377350","Mesophyll",1650,"Mesophyll"
"Zm00001eb220920","Mesophyll",1651,"Mesophyll"
"Zm00001eb084590","Mesophyll",1652,"Mesophyll"
"Zm00001eb159250","Mesophyll",1653,"Mesophyll"
"Zm00001eb167770","Mesophyll",1654,"Mesophyll"
"Zm00001eb257130","Mesophyll",1655,"Mesophyll"
"Zm00001eb054230","Mesophyll",1656,"Mesophyll"
"Zm00001eb055490","Mesophyll",1657,"Mesophyll"
"Zm00001eb402710","Mesophyll",1658,"Mesophyll"
"Zm00001eb335210","Mesophyll",1659,"Mesophyll"
"Zm00001eb337280","Mesophyll",1660,"Mesophyll"
"Zm00001eb222570","Mesophyll",1661,"Mesophyll"
"Zm00001eb223890","Mesophyll",1662,"Mesophyll"
"Zm00001eb224040","Mesophyll",1663,"Mesophyll"
"Zm00001eb224990","Mesophyll",1664,"Mesophyll"
"Zm00001eb225080","Mesophyll",1665,"Mesophyll"
"Zm00001eb225190","Mesophyll",1666,"Mesophyll"
"Zm00001eb225360","Mesophyll",1667,"Mesophyll"
"Zm00001eb225770","Mesophyll",1668,"Mesophyll"
"Zm00001eb225820","Mesophyll",1669,"Mesophyll"
"Zm00001eb226320","Mesophyll",1670,"Mesophyll"
"Zm00001eb226390","Mesophyll",1671,"Mesophyll"
"Zm00001eb228000","Mesophyll",1672,"Mesophyll"
"Zm00001eb228080","Mesophyll",1673,"Mesophyll"
"Zm00001eb228230","Mesophyll",1674,"Mesophyll"
"Zm00001eb228330","Mesophyll",1675,"Mesophyll"
"Zm00001eb229030","Mesophyll",1676,"Mesophyll"
"Zm00001eb229440","Mesophyll",1677,"Mesophyll"
"Zm00001eb229690","Mesophyll",1678,"Mesophyll"
"Zm00001eb229900","Mesophyll",1679,"Mesophyll"
"Zm00001eb230040","Mesophyll",1680,"Mesophyll"
"Zm00001eb230310","Mesophyll",1681,"Mesophyll"
"Zm00001eb230760","Mesophyll",1682,"Mesophyll"
"Zm00001eb230870","Mesophyll",1683,"Mesophyll"
"Zm00001eb231420","Mesophyll",1684,"Mesophyll"
"Zm00001eb231460","Mesophyll",1685,"Mesophyll"
"Zm00001eb231490","Mesophyll",1686,"Mesophyll"
"Zm00001eb231570","Mesophyll",1687,"Mesophyll"
"Zm00001eb231800","Mesophyll",1688,"Mesophyll"
"Zm00001eb231890","Mesophyll",1689,"Mesophyll"
"Zm00001eb232580","Mesophyll",1690,"Mesophyll"
"Zm00001eb232600","Mesophyll",1691,"Mesophyll"
"Zm00001eb233290","Mesophyll",1692,"Mesophyll"
"Zm00001eb233830","Mesophyll",1693,"Mesophyll"
"Zm00001eb234060","Mesophyll",1694,"Mesophyll"
"Zm00001eb234090","Mesophyll",1695,"Mesophyll"
"Zm00001eb234150","Mesophyll",1696,"Mesophyll"
"Zm00001eb234260","Mesophyll",1697,"Mesophyll"
"Zm00001eb234460","Mesophyll",1698,"Mesophyll"
"Zm00001eb234660","Mesophyll",1699,"Mesophyll"
"Zm00001eb234790","Mesophyll",1700,"Mesophyll"
"Zm00001eb235270","Mesophyll",1701,"Mesophyll"
"Zm00001eb235710","Mesophyll",1702,"Mesophyll"
"Zm00001eb235790","Mesophyll",1703,"Mesophyll"
"Zm00001eb237430","Mesophyll",1704,"Mesophyll"
"Zm00001eb237440","Mesophyll",1705,"Mesophyll"
"Zm00001eb237750","Mesophyll",1706,"Mesophyll"
"Zm00001eb237920","Mesophyll",1707,"Mesophyll"
"Zm00001eb237980","Mesophyll",1708,"Mesophyll"
"Zm00001eb240160","Mesophyll",1709,"Mesophyll"
"Zm00001eb240630","Mesophyll",1710,"Mesophyll"
"Zm00001eb241290","Mesophyll",1711,"Mesophyll"
"Zm00001eb241420","Mesophyll",1712,"Mesophyll"
"Zm00001eb241510","Mesophyll",1713,"Mesophyll"
"Zm00001eb241660","Mesophyll",1714,"Mesophyll"
"Zm00001eb241880","Mesophyll",1715,"Mesophyll"
"Zm00001eb241950","Mesophyll",1716,"Mesophyll"
"Zm00001eb242230","Mesophyll",1717,"Mesophyll"
"Zm00001eb242770","Mesophyll",1718,"Mesophyll"
"Zm00001eb242810","Mesophyll",1719,"Mesophyll"
"Zm00001eb243060","Mesophyll",1720,"Mesophyll"
"Zm00001eb243880","Mesophyll",1721,"Mesophyll"
"Zm00001eb244110","Mesophyll",1722,"Mesophyll"
"Zm00001eb244530","Mesophyll",1723,"Mesophyll"
"Zm00001eb244540","Mesophyll",1724,"Mesophyll"
"Zm00001eb244590","Mesophyll",1725,"Mesophyll"
"Zm00001eb244650","Mesophyll",1726,"Mesophyll"
"Zm00001eb244840","Mesophyll",1727,"Mesophyll"
"Zm00001eb245280","Mesophyll",1728,"Mesophyll"
"Zm00001eb245560","Mesophyll",1729,"Mesophyll"
"Zm00001eb245650","Mesophyll",1730,"Mesophyll"
"Zm00001eb245740","Mesophyll",1731,"Mesophyll"
"Zm00001eb245840","Mesophyll",1732,"Mesophyll"
"Zm00001eb246080","Mesophyll",1733,"Mesophyll"
"Zm00001eb246090","Mesophyll",1734,"Mesophyll"
"Zm00001eb246160","Mesophyll",1735,"Mesophyll"
"Zm00001eb246330","Mesophyll",1736,"Mesophyll"
"Zm00001eb246550","Mesophyll",1737,"Mesophyll"
"Zm00001eb246760","Mesophyll",1738,"Mesophyll"
"Zm00001eb246810","Mesophyll",1739,"Mesophyll"
"Zm00001eb246950","Mesophyll",1740,"Mesophyll"
"Zm00001eb247070","Mesophyll",1741,"Mesophyll"
"Zm00001eb247120","Mesophyll",1742,"Mesophyll"
"Zm00001eb247460","Mesophyll",1743,"Mesophyll"
"Zm00001eb247510","Mesophyll",1744,"Mesophyll"
"Zm00001eb248360","Mesophyll",1745,"Mesophyll"
"Zm00001eb248630","Mesophyll",1746,"Mesophyll"
"Zm00001eb248670","Mesophyll",1747,"Mesophyll"
"Zm00001eb248840","Mesophyll",1748,"Mesophyll"
"Zm00001eb248960","Mesophyll",1749,"Mesophyll"
"Zm00001eb249350","Mesophyll",1750,"Mesophyll"
"Zm00001eb249360","Mesophyll",1751,"Mesophyll"
"Zm00001eb249680","Mesophyll",1752,"Mesophyll"
"Zm00001eb251090","Mesophyll",1753,"Mesophyll"
"Zm00001eb251270","Mesophyll",1754,"Mesophyll"
"Zm00001eb251420","Mesophyll",1755,"Mesophyll"
"Zm00001eb251580","Mesophyll",1756,"Mesophyll"
"Zm00001eb251880","Mesophyll",1757,"Mesophyll"
"Zm00001eb252000","Mesophyll",1758,"Mesophyll"
"Zm00001eb252010","Mesophyll",1759,"Mesophyll"
"Zm00001eb252530","Mesophyll",1760,"Mesophyll"
"Zm00001eb252540","Mesophyll",1761,"Mesophyll"
"Zm00001eb252800","Mesophyll",1762,"Mesophyll"
"Zm00001eb252830","Mesophyll",1763,"Mesophyll"
"Zm00001eb252840","Mesophyll",1764,"Mesophyll"
"Zm00001eb253050","Mesophyll",1765,"Mesophyll"
"Zm00001eb254050","Mesophyll",1766,"Mesophyll"
"Zm00001eb254120","Mesophyll",1767,"Mesophyll"
"Zm00001eb254350","Mesophyll",1768,"Mesophyll"
"Zm00001eb254570","Mesophyll",1769,"Mesophyll"
"Zm00001eb255050","Mesophyll",1770,"Mesophyll"
"Zm00001eb255570","Mesophyll",1771,"Mesophyll"
"Zm00001eb255620","Mesophyll",1772,"Mesophyll"
"Zm00001eb255700","Mesophyll",1773,"Mesophyll"
"Zm00001eb256880","Mesophyll",1774,"Mesophyll"
"Zm00001eb257060","Mesophyll",1775,"Mesophyll"
"Zm00001eb257120","Mesophyll",1776,"Mesophyll"
"Zm00001eb257630","Mesophyll",1777,"Mesophyll"
"Zm00001eb257680","Mesophyll",1778,"Mesophyll"
"Zm00001eb258090","Mesophyll",1779,"Mesophyll"
"Zm00001eb258200","Mesophyll",1780,"Mesophyll"
"Zm00001eb258730","Mesophyll",1781,"Mesophyll"
"Zm00001eb258740","Mesophyll",1782,"Mesophyll"
"Zm00001eb258790","Mesophyll",1783,"Mesophyll"
"Zm00001eb259300","Mesophyll",1784,"Mesophyll"
"Zm00001eb259420","Mesophyll",1785,"Mesophyll"
"Zm00001eb259460","Mesophyll",1786,"Mesophyll"
"Zm00001eb259680","Mesophyll",1787,"Mesophyll"
"Zm00001eb299790","Mesophyll",1788,"Mesophyll"
"Zm00001eb300000","Mesophyll",1789,"Mesophyll"
"Zm00001eb300250","Mesophyll",1790,"Mesophyll"
"Zm00001eb300320","Mesophyll",1791,"Mesophyll"
"Zm00001eb300750","Mesophyll",1792,"Mesophyll"
"Zm00001eb300960","Mesophyll",1793,"Mesophyll"
"Zm00001eb300990","Mesophyll",1794,"Mesophyll"
"Zm00001eb301010","Mesophyll",1795,"Mesophyll"
"Zm00001eb301030","Mesophyll",1796,"Mesophyll"
"Zm00001eb302310","Mesophyll",1797,"Mesophyll"
"Zm00001eb302360","Mesophyll",1798,"Mesophyll"
"Zm00001eb302390","Mesophyll",1799,"Mesophyll"
"Zm00001eb302680","Mesophyll",1800,"Mesophyll"
"Zm00001eb302700","Mesophyll",1801,"Mesophyll"
"Zm00001eb302980","Mesophyll",1802,"Mesophyll"
"Zm00001eb303280","Mesophyll",1803,"Mesophyll"
"Zm00001eb303500","Mesophyll",1804,"Mesophyll"
"Zm00001eb304110","Mesophyll",1805,"Mesophyll"
"Zm00001eb304510","Mesophyll",1806,"Mesophyll"
"Zm00001eb304750","Mesophyll",1807,"Mesophyll"
"Zm00001eb304770","Mesophyll",1808,"Mesophyll"
"Zm00001eb304890","Mesophyll",1809,"Mesophyll"
"Zm00001eb305180","Mesophyll",1810,"Mesophyll"
"Zm00001eb305330","Mesophyll",1811,"Mesophyll"
"Zm00001eb305640","Mesophyll",1812,"Mesophyll"
"Zm00001eb306280","Mesophyll",1813,"Mesophyll"
"Zm00001eb306290","Mesophyll",1814,"Mesophyll"
"Zm00001eb306370","Mesophyll",1815,"Mesophyll"
"Zm00001eb307480","Mesophyll",1816,"Mesophyll"
"Zm00001eb307680","Mesophyll",1817,"Mesophyll"
"Zm00001eb308400","Mesophyll",1818,"Mesophyll"
"Zm00001eb308420","Mesophyll",1819,"Mesophyll"
"Zm00001eb308540","Mesophyll",1820,"Mesophyll"
"Zm00001eb308830","Mesophyll",1821,"Mesophyll"
"Zm00001eb309040","Mesophyll",1822,"Mesophyll"
"Zm00001eb310300","Mesophyll",1823,"Mesophyll"
"Zm00001eb310480","Mesophyll",1824,"Mesophyll"
"Zm00001eb310730","Mesophyll",1825,"Mesophyll"
"Zm00001eb311000","Mesophyll",1826,"Mesophyll"
"Zm00001eb311060","Mesophyll",1827,"Mesophyll"
"Zm00001eb311470","Mesophyll",1828,"Mesophyll"
"Zm00001eb311620","Mesophyll",1829,"Mesophyll"
"Zm00001eb311660","Mesophyll",1830,"Mesophyll"
"Zm00001eb312060","Mesophyll",1831,"Mesophyll"
"Zm00001eb312100","Mesophyll",1832,"Mesophyll"
"Zm00001eb312490","Mesophyll",1833,"Mesophyll"
"Zm00001eb312700","Mesophyll",1834,"Mesophyll"
"Zm00001eb313030","Mesophyll",1835,"Mesophyll"
"Zm00001eb313050","Mesophyll",1836,"Mesophyll"
"Zm00001eb313320","Mesophyll",1837,"Mesophyll"
"Zm00001eb314330","Mesophyll",1838,"Mesophyll"
"Zm00001eb315060","Mesophyll",1839,"Mesophyll"
"Zm00001eb315570","Mesophyll",1840,"Mesophyll"
"Zm00001eb315880","Mesophyll",1841,"Mesophyll"
"Zm00001eb316070","Mesophyll",1842,"Mesophyll"
"Zm00001eb316280","Mesophyll",1843,"Mesophyll"
"Zm00001eb316290","Mesophyll",1844,"Mesophyll"
"Zm00001eb316960","Mesophyll",1845,"Mesophyll"
"Zm00001eb316990","Mesophyll",1846,"Mesophyll"
"Zm00001eb317020","Mesophyll",1847,"Mesophyll"
"Zm00001eb317450","Mesophyll",1848,"Mesophyll"
"Zm00001eb317470","Mesophyll",1849,"Mesophyll"
"Zm00001eb317590","Mesophyll",1850,"Mesophyll"
"Zm00001eb317800","Mesophyll",1851,"Mesophyll"
"Zm00001eb318170","Mesophyll",1852,"Mesophyll"
"Zm00001eb318180","Mesophyll",1853,"Mesophyll"
"Zm00001eb318200","Mesophyll",1854,"Mesophyll"
"Zm00001eb318470","Mesophyll",1855,"Mesophyll"
"Zm00001eb318570","Mesophyll",1856,"Mesophyll"
"Zm00001eb318610","Mesophyll",1857,"Mesophyll"
"Zm00001eb319140","Mesophyll",1858,"Mesophyll"
"Zm00001eb319270","Mesophyll",1859,"Mesophyll"
"Zm00001eb319380","Mesophyll",1860,"Mesophyll"
"Zm00001eb319500","Mesophyll",1861,"Mesophyll"
"Zm00001eb319610","Mesophyll",1862,"Mesophyll"
"Zm00001eb319790","Mesophyll",1863,"Mesophyll"
"Zm00001eb320130","Mesophyll",1864,"Mesophyll"
"Zm00001eb320330","Mesophyll",1865,"Mesophyll"
"Zm00001eb320430","Mesophyll",1866,"Mesophyll"
"Zm00001eb320580","Mesophyll",1867,"Mesophyll"
"Zm00001eb320980","Mesophyll",1868,"Mesophyll"
"Zm00001eb321350","Mesophyll",1869,"Mesophyll"
"Zm00001eb321560","Mesophyll",1870,"Mesophyll"
"Zm00001eb321610","Mesophyll",1871,"Mesophyll"
"Zm00001eb321700","Mesophyll",1872,"Mesophyll"
"Zm00001eb321780","Mesophyll",1873,"Mesophyll"
"Zm00001eb322040","Mesophyll",1874,"Mesophyll"
"Zm00001eb322180","Mesophyll",1875,"Mesophyll"
"Zm00001eb322450","Mesophyll",1876,"Mesophyll"
"Zm00001eb323500","Mesophyll",1877,"Mesophyll"
"Zm00001eb323920","Mesophyll",1878,"Mesophyll"
"Zm00001eb324140","Mesophyll",1879,"Mesophyll"
"Zm00001eb324220","Mesophyll",1880,"Mesophyll"
"Zm00001eb324230","Mesophyll",1881,"Mesophyll"
"Zm00001eb324390","Mesophyll",1882,"Mesophyll"
"Zm00001eb324430","Mesophyll",1883,"Mesophyll"
"Zm00001eb324740","Mesophyll",1884,"Mesophyll"
"Zm00001eb325000","Mesophyll",1885,"Mesophyll"
"Zm00001eb325060","Mesophyll",1886,"Mesophyll"
"Zm00001eb325150","Mesophyll",1887,"Mesophyll"
"Zm00001eb325320","Mesophyll",1888,"Mesophyll"
"Zm00001eb325800","Mesophyll",1889,"Mesophyll"
"Zm00001eb325830","Mesophyll",1890,"Mesophyll"
"Zm00001eb325920","Mesophyll",1891,"Mesophyll"
"Zm00001eb326050","Mesophyll",1892,"Mesophyll"
"Zm00001eb326620","Mesophyll",1893,"Mesophyll"
"Zm00001eb327010","Mesophyll",1894,"Mesophyll"
"Zm00001eb327230","Mesophyll",1895,"Mesophyll"
"Zm00001eb327350","Mesophyll",1896,"Mesophyll"
"Zm00001eb327430","Mesophyll",1897,"Mesophyll"
"Zm00001eb327870","Mesophyll",1898,"Mesophyll"
"Zm00001eb328000","Mesophyll",1899,"Mesophyll"
"Zm00001eb328430","Mesophyll",1900,"Mesophyll"
"Zm00001eb328970","Mesophyll",1901,"Mesophyll"
"Zm00001eb329220","Mesophyll",1902,"Mesophyll"
"Zm00001eb329270","Mesophyll",1903,"Mesophyll"
"Zm00001eb329780","Mesophyll",1904,"Mesophyll"
"Zm00001eb329860","Mesophyll",1905,"Mesophyll"
"Zm00001eb329920","Mesophyll",1906,"Mesophyll"
"Zm00001eb330470","Mesophyll",1907,"Mesophyll"
"Zm00001eb329960","Mesophyll",1908,"Mesophyll"
"Zm00001eb331070","Mesophyll",1909,"Mesophyll"
"Zm00001eb331770","Mesophyll",1910,"Mesophyll"
"Zm00001eb332040","Mesophyll",1911,"Mesophyll"
"Zm00001eb404870","Mesophyll",1912,"Mesophyll"
"Zm00001eb405020","Mesophyll",1913,"Mesophyll"
"Zm00001eb405880","Mesophyll",1914,"Mesophyll"
"Zm00001eb409450","Mesophyll",1915,"Mesophyll"
"Zm00001eb410190","Mesophyll",1916,"Mesophyll"
"Zm00001eb410220","Mesophyll",1917,"Mesophyll"
"Zm00001eb412000","Mesophyll",1918,"Mesophyll"
"Zm00001eb412150","Mesophyll",1919,"Mesophyll"
"Zm00001eb414000","Mesophyll",1920,"Mesophyll"
"Zm00001eb414050","Mesophyll",1921,"Mesophyll"
"Zm00001eb415470","Mesophyll",1922,"Mesophyll"
"Zm00001eb415590","Mesophyll",1923,"Mesophyll"
"Zm00001eb415700","Mesophyll",1924,"Mesophyll"
"Zm00001eb415950","Mesophyll",1925,"Mesophyll"
"Zm00001eb416330","Mesophyll",1926,"Mesophyll"
"Zm00001eb416450","Mesophyll",1927,"Mesophyll"
"Zm00001eb416720","Mesophyll",1928,"Mesophyll"
"Zm00001eb417120","Mesophyll",1929,"Mesophyll"
"Zm00001eb417200","Mesophyll",1930,"Mesophyll"
"Zm00001eb417520","Mesophyll",1931,"Mesophyll"
"Zm00001eb417640","Mesophyll",1932,"Mesophyll"
"Zm00001eb418000","Mesophyll",1933,"Mesophyll"
"Zm00001eb419950","Mesophyll",1934,"Mesophyll"
"Zm00001eb420610","Mesophyll",1935,"Mesophyll"
"Zm00001eb420800","Mesophyll",1936,"Mesophyll"
"Zm00001eb421160","Mesophyll",1937,"Mesophyll"
"Zm00001eb421220","Mesophyll",1938,"Mesophyll"
"Zm00001eb421360","Mesophyll",1939,"Mesophyll"
"Zm00001eb421860","Mesophyll",1940,"Mesophyll"
"Zm00001eb422720","Mesophyll",1941,"Mesophyll"
"Zm00001eb423040","Mesophyll",1942,"Mesophyll"
"Zm00001eb424260","Mesophyll",1943,"Mesophyll"
"Zm00001eb424280","Mesophyll",1944,"Mesophyll"
"Zm00001eb424820","Mesophyll",1945,"Mesophyll"
"Zm00001eb425190","Mesophyll",1946,"Mesophyll"
"Zm00001eb425720","Mesophyll",1947,"Mesophyll"
"Zm00001eb425810","Mesophyll",1948,"Mesophyll"
"Zm00001eb426320","Mesophyll",1949,"Mesophyll"
"Zm00001eb426530","Mesophyll",1950,"Mesophyll"
"Zm00001eb427080","Mesophyll",1951,"Mesophyll"
"Zm00001eb427210","Mesophyll",1952,"Mesophyll"
"Zm00001eb427250","Mesophyll",1953,"Mesophyll"
"Zm00001eb427510","Mesophyll",1954,"Mesophyll"
"Zm00001eb428660","Mesophyll",1955,"Mesophyll"
"Zm00001eb429430","Mesophyll",1956,"Mesophyll"
"Zm00001eb430340","Mesophyll",1957,"Mesophyll"
"Zm00001eb430380","Mesophyll",1958,"Mesophyll"
"Zm00001eb430450","Mesophyll",1959,"Mesophyll"
"Zm00001eb430620","Mesophyll",1960,"Mesophyll"
"Zm00001eb430750","Mesophyll",1961,"Mesophyll"
"Zm00001eb431420","Mesophyll",1962,"Mesophyll"
"Zm00001eb431430","Mesophyll",1963,"Mesophyll"
"Zm00001eb431490","Mesophyll",1964,"Mesophyll"
"Zm00001eb431990","Mesophyll",1965,"Mesophyll"
"Zm00001eb432000","Mesophyll",1966,"Mesophyll"
"Zm00001eb432150","Mesophyll",1967,"Mesophyll"
"Zm00001eb433030","Mesophyll",1968,"Mesophyll"
"Zm00001eb433160","Mesophyll",1969,"Mesophyll"
"Zm00001eb433220","Mesophyll",1970,"Mesophyll"
"Zm00001eb433230","Mesophyll",1971,"Mesophyll"
"Zm00001eb433300","Mesophyll",1972,"Mesophyll"
"Zm00001eb433350","Mesophyll",1973,"Mesophyll"
"Zm00001eb433520","Mesophyll",1974,"Mesophyll"
"Zm00001eb433750","Mesophyll",1975,"Mesophyll"
"Zm00001eb434530","Mesophyll",1976,"Mesophyll"
"Zm00001eb434550","Mesophyll",1977,"Mesophyll"
"Zm00001eb000220","Mesophyll",1978,"Mesophyll"
"Zm00001eb000510","Mesophyll",1979,"Mesophyll"
"Zm00001eb000740","Mesophyll",1980,"Mesophyll"
"Zm00001eb000790","Mesophyll",1981,"Mesophyll"
"Zm00001eb000900","Mesophyll",1982,"Mesophyll"
"Zm00001eb001470","Mesophyll",1983,"Mesophyll"
"Zm00001eb001650","Mesophyll",1984,"Mesophyll"
"Zm00001eb001760","Mesophyll",1985,"Mesophyll"
"Zm00001eb001890","Mesophyll",1986,"Mesophyll"
"Zm00001eb002190","Mesophyll",1987,"Mesophyll"
"Zm00001eb002690","Mesophyll",1988,"Mesophyll"
"Zm00001eb002870","Mesophyll",1989,"Mesophyll"
"Zm00001eb002940","Mesophyll",1990,"Mesophyll"
"Zm00001eb003030","Mesophyll",1991,"Mesophyll"
"Zm00001eb003190","Mesophyll",1992,"Mesophyll"
"Zm00001eb003200","Mesophyll",1993,"Mesophyll"
"Zm00001eb003460","Mesophyll",1994,"Mesophyll"
"Zm00001eb004090","Mesophyll",1995,"Mesophyll"
"Zm00001eb004310","Mesophyll",1996,"Mesophyll"
"Zm00001eb005390","Mesophyll",1997,"Mesophyll"
"Zm00001eb005420","Mesophyll",1998,"Mesophyll"
"Zm00001eb005570","Mesophyll",1999,"Mesophyll"
"Zm00001eb005830","Mesophyll",2000,"Mesophyll"
"Zm00001eb005950","Mesophyll",2001,"Mesophyll"
"Zm00001eb005960","Mesophyll",2002,"Mesophyll"
"Zm00001eb006720","Mesophyll",2003,"Mesophyll"
"Zm00001eb006880","Mesophyll",2004,"Mesophyll"
"Zm00001eb007270","Mesophyll",2005,"Mesophyll"
"Zm00001eb007440","Mesophyll",2006,"Mesophyll"
"Zm00001eb007650","Mesophyll",2007,"Mesophyll"
"Zm00001eb008100","Mesophyll",2008,"Mesophyll"
"Zm00001eb008370","Mesophyll",2009,"Mesophyll"
"Zm00001eb008450","Mesophyll",2010,"Mesophyll"
"Zm00001eb008480","Mesophyll",2011,"Mesophyll"
"Zm00001eb009240","Mesophyll",2012,"Mesophyll"
"Zm00001eb009500","Mesophyll",2013,"Mesophyll"
"Zm00001eb009870","Mesophyll",2014,"Mesophyll"
"Zm00001eb009880","Mesophyll",2015,"Mesophyll"
"Zm00001eb010210","Mesophyll",2016,"Mesophyll"
"Zm00001eb010300","Mesophyll",2017,"Mesophyll"
"Zm00001eb010400","Mesophyll",2018,"Mesophyll"
"Zm00001eb383680","Mesophyll",2019,"Mesophyll"
"Zm00001eb010590","Mesophyll",2020,"Mesophyll"
"Zm00001eb146510","Mesophyll",2021,"Mesophyll"
"Zm00001eb010680","Mesophyll",2022,"Mesophyll"
"Zm00001eb011140","Mesophyll",2023,"Mesophyll"
"Zm00001eb011020","Mesophyll",2024,"Mesophyll"
"Zm00001eb011610","Mesophyll",2025,"Mesophyll"
"Zm00001eb011750","Mesophyll",2026,"Mesophyll"
"Zm00001eb011830","Mesophyll",2027,"Mesophyll"
"Zm00001eb151280","Mesophyll",2028,"Mesophyll"
"Zm00001eb012180","Mesophyll",2029,"Mesophyll"
"Zm00001eb063160","Mesophyll",2030,"Mesophyll"
"Zm00001eb012300","Mesophyll",2031,"Mesophyll"
"Zm00001eb012330","Mesophyll",2032,"Mesophyll"
"Zm00001eb012590","Mesophyll",2033,"Mesophyll"
"Zm00001eb012610","Mesophyll",2034,"Mesophyll"
"Zm00001eb012780","Mesophyll",2035,"Mesophyll"
"Zm00001eb253760","Mesophyll",2036,"Mesophyll"
"Zm00001eb325640","Mesophyll",2037,"Mesophyll"
"Zm00001eb013020","Mesophyll",2038,"Mesophyll"
"Zm00001eb013030","Mesophyll",2039,"Mesophyll"
"Zm00001eb040280","Mesophyll",2040,"Mesophyll"
"Zm00001eb013500","Mesophyll",2041,"Mesophyll"
"Zm00001eb013750","Mesophyll",2042,"Mesophyll"
"Zm00001eb013840","Mesophyll",2043,"Mesophyll"
"Zm00001eb013900","Mesophyll",2044,"Mesophyll"
"Zm00001eb192170","Mesophyll",2045,"Mesophyll"
"Zm00001eb256380","Mesophyll",2046,"Mesophyll"
"Zm00001eb041600","Mesophyll",2047,"Mesophyll"
"Zm00001eb385960","Mesophyll",2048,"Mesophyll"
"Zm00001eb350470","Mesophyll",2049,"Mesophyll"
"Zm00001eb122660","Mesophyll",2050,"Mesophyll"
"Zm00001eb014500","Mesophyll",2051,"Mesophyll"
"Zm00001eb356840","Mesophyll",2052,"Mesophyll"
"Zm00001eb014950","Mesophyll",2053,"Mesophyll"
"Zm00001eb075070","Mesophyll",2054,"Mesophyll"
"Zm00001eb017970","Mesophyll",2055,"Mesophyll"
"Zm00001eb015310","Mesophyll",2056,"Mesophyll"
"Zm00001eb015400","Mesophyll",2057,"Mesophyll"
"Zm00001eb015470","Mesophyll",2058,"Mesophyll"
"Zm00001eb015950","Mesophyll",2059,"Mesophyll"
"Zm00001eb016240","Mesophyll",2060,"Mesophyll"
"Zm00001eb016450","Mesophyll",2061,"Mesophyll"
"Zm00001eb016950","Mesophyll",2062,"Mesophyll"
"Zm00001eb016960","Mesophyll",2063,"Mesophyll"
"Zm00001eb017180","Mesophyll",2064,"Mesophyll"
"Zm00001eb017320","Mesophyll",2065,"Mesophyll"
"Zm00001eb017460","Mesophyll",2066,"Mesophyll"
"Zm00001eb017800","Mesophyll",2067,"Mesophyll"
"Zm00001eb018300","Mesophyll",2068,"Mesophyll"
"Zm00001eb018460","Mesophyll",2069,"Mesophyll"
"Zm00001eb018670","Mesophyll",2070,"Mesophyll"
"Zm00001eb018690","Mesophyll",2071,"Mesophyll"
"Zm00001eb018980","Mesophyll",2072,"Mesophyll"
"Zm00001eb019030","Mesophyll",2073,"Mesophyll"
"Zm00001eb019420","Mesophyll",2074,"Mesophyll"
"Zm00001eb019520","Mesophyll",2075,"Mesophyll"
"Zm00001eb019720","Mesophyll",2076,"Mesophyll"
"Zm00001eb019840","Mesophyll",2077,"Mesophyll"
"Zm00001eb019870","Mesophyll",2078,"Mesophyll"
"Zm00001eb019890","Mesophyll",2079,"Mesophyll"
"Zm00001eb020060","Mesophyll",2080,"Mesophyll"
"Zm00001eb020200","Mesophyll",2081,"Mesophyll"
"Zm00001eb020460","Mesophyll",2082,"Mesophyll"
"Zm00001eb020580","Mesophyll",2083,"Mesophyll"
"Zm00001eb021010","Mesophyll",2084,"Mesophyll"
"Zm00001eb021380","Mesophyll",2085,"Mesophyll"
"Zm00001eb021550","Mesophyll",2086,"Mesophyll"
"Zm00001eb022400","Mesophyll",2087,"Mesophyll"
"Zm00001eb024030","Mesophyll",2088,"Mesophyll"
"Zm00001eb024190","Mesophyll",2089,"Mesophyll"
"Zm00001eb024230","Mesophyll",2090,"Mesophyll"
"Zm00001eb025170","Mesophyll",2091,"Mesophyll"
"Zm00001eb025310","Mesophyll",2092,"Mesophyll"
"Zm00001eb025410","Mesophyll",2093,"Mesophyll"
"Zm00001eb025760","Mesophyll",2094,"Mesophyll"
"Zm00001eb025780","Mesophyll",2095,"Mesophyll"
"Zm00001eb026300","Mesophyll",2096,"Mesophyll"
"Zm00001eb027670","Mesophyll",2097,"Mesophyll"
"Zm00001eb027950","Mesophyll",2098,"Mesophyll"
"Zm00001eb028060","Mesophyll",2099,"Mesophyll"
"Zm00001eb028490","Mesophyll",2100,"Mesophyll"
"Zm00001eb028930","Mesophyll",2101,"Mesophyll"
"Zm00001eb028940","Mesophyll",2102,"Mesophyll"
"Zm00001eb028980","Mesophyll",2103,"Mesophyll"
"Zm00001eb030210","Mesophyll",2104,"Mesophyll"
"Zm00001eb030960","Mesophyll",2105,"Mesophyll"
"Zm00001eb031980","Mesophyll",2106,"Mesophyll"
"Zm00001eb032280","Mesophyll",2107,"Mesophyll"
"Zm00001eb033120","Mesophyll",2108,"Mesophyll"
"Zm00001eb033480","Mesophyll",2109,"Mesophyll"
"Zm00001eb034090","Mesophyll",2110,"Mesophyll"
"Zm00001eb034740","Mesophyll",2111,"Mesophyll"
"Zm00001eb035420","Mesophyll",2112,"Mesophyll"
"Zm00001eb035450","Mesophyll",2113,"Mesophyll"
"Zm00001eb035660","Mesophyll",2114,"Mesophyll"
"Zm00001eb035860","Mesophyll",2115,"Mesophyll"
"Zm00001eb036710","Mesophyll",2116,"Mesophyll"
"Zm00001eb036720","Mesophyll",2117,"Mesophyll"
"Zm00001eb037200","Mesophyll",2118,"Mesophyll"
"Zm00001eb037280","Mesophyll",2119,"Mesophyll"
"Zm00001eb038110","Mesophyll",2120,"Mesophyll"
"Zm00001eb038230","Mesophyll",2121,"Mesophyll"
"Zm00001eb038530","Mesophyll",2122,"Mesophyll"
"Zm00001eb038610","Mesophyll",2123,"Mesophyll"
"Zm00001eb038650","Mesophyll",2124,"Mesophyll"
"Zm00001eb038870","Mesophyll",2125,"Mesophyll"
"Zm00001eb040180","Mesophyll",2126,"Mesophyll"
"Zm00001eb040190","Mesophyll",2127,"Mesophyll"
"Zm00001eb040450","Mesophyll",2128,"Mesophyll"
"Zm00001eb040960","Mesophyll",2129,"Mesophyll"
"Zm00001eb041130","Mesophyll",2130,"Mesophyll"
"Zm00001eb041360","Mesophyll",2131,"Mesophyll"
"Zm00001eb041400","Mesophyll",2132,"Mesophyll"
"Zm00001eb042080","Mesophyll",2133,"Mesophyll"
"Zm00001eb042230","Mesophyll",2134,"Mesophyll"
"Zm00001eb042280","Mesophyll",2135,"Mesophyll"
"Zm00001eb042520","Mesophyll",2136,"Mesophyll"
"Zm00001eb042800","Mesophyll",2137,"Mesophyll"
"Zm00001eb042970","Mesophyll",2138,"Mesophyll"
"Zm00001eb043400","Mesophyll",2139,"Mesophyll"
"Zm00001eb043850","Mesophyll",2140,"Mesophyll"
"Zm00001eb043910","Mesophyll",2141,"Mesophyll"
"Zm00001eb044060","Mesophyll",2142,"Mesophyll"
"Zm00001eb044190","Mesophyll",2143,"Mesophyll"
"Zm00001eb044210","Mesophyll",2144,"Mesophyll"
"Zm00001eb044500","Mesophyll",2145,"Mesophyll"
"Zm00001eb044820","Mesophyll",2146,"Mesophyll"
"Zm00001eb044830","Mesophyll",2147,"Mesophyll"
"Zm00001eb044870","Mesophyll",2148,"Mesophyll"
"Zm00001eb045320","Mesophyll",2149,"Mesophyll"
"Zm00001eb045420","Mesophyll",2150,"Mesophyll"
"Zm00001eb045570","Mesophyll",2151,"Mesophyll"
"Zm00001eb296300","Mesophyll",2152,"Mesophyll"
"Zm00001eb250240","Mesophyll",2153,"Mesophyll"
"Zm00001eb046350","Mesophyll",2154,"Mesophyll"
"Zm00001eb046670","Mesophyll",2155,"Mesophyll"
"Zm00001eb046980","Mesophyll",2156,"Mesophyll"
"Zm00001eb151510","Mesophyll",2157,"Mesophyll"
"Zm00001eb051900","Mesophyll",2158,"Mesophyll"
"Zm00001eb047170","Mesophyll",2159,"Mesophyll"
"Zm00001eb047610","Mesophyll",2160,"Mesophyll"
"Zm00001eb047770","Mesophyll",2161,"Mesophyll"
"Zm00001eb047830","Mesophyll",2162,"Mesophyll"
"Zm00001eb031210","Mesophyll",2163,"Mesophyll"
"Zm00001eb056740","Mesophyll",2164,"Mesophyll"
"Zm00001eb048510","Mesophyll",2165,"Mesophyll"
"Zm00001eb011070","Mesophyll",2166,"Mesophyll"
"Zm00001eb048560","Mesophyll",2167,"Mesophyll"
"Zm00001eb048670","Mesophyll",2168,"Mesophyll"
"Zm00001eb048800","Mesophyll",2169,"Mesophyll"
"Zm00001eb048860","Mesophyll",2170,"Mesophyll"
"Zm00001eb049570","Mesophyll",2171,"Mesophyll"
"Zm00001eb049770","Mesophyll",2172,"Mesophyll"
"Zm00001eb049890","Mesophyll",2173,"Mesophyll"
"Zm00001eb052110","Mesophyll",2174,"Mesophyll"
"Zm00001eb052650","Mesophyll",2175,"Mesophyll"
"Zm00001eb053170","Mesophyll",2176,"Mesophyll"
"Zm00001eb053510","Mesophyll",2177,"Mesophyll"
"Zm00001eb053770","Mesophyll",2178,"Mesophyll"
"Zm00001eb053790","Mesophyll",2179,"Mesophyll"
"Zm00001eb054020","Mesophyll",2180,"Mesophyll"
"Zm00001eb054110","Mesophyll",2181,"Mesophyll"
"Zm00001eb054260","Mesophyll",2182,"Mesophyll"
"Zm00001eb054390","Mesophyll",2183,"Mesophyll"
"Zm00001eb054960","Mesophyll",2184,"Mesophyll"
"Zm00001eb055710","Mesophyll",2185,"Mesophyll"
"Zm00001eb056020","Mesophyll",2186,"Mesophyll"
"Zm00001eb056210","Mesophyll",2187,"Mesophyll"
"Zm00001eb056320","Mesophyll",2188,"Mesophyll"
"Zm00001eb056430","Mesophyll",2189,"Mesophyll"
"Zm00001eb056890","Mesophyll",2190,"Mesophyll"
"Zm00001eb057110","Mesophyll",2191,"Mesophyll"
"Zm00001eb057170","Mesophyll",2192,"Mesophyll"
"Zm00001eb057250","Mesophyll",2193,"Mesophyll"
"Zm00001eb057740","Mesophyll",2194,"Mesophyll"
"Zm00001eb058100","Mesophyll",2195,"Mesophyll"
"Zm00001eb058110","Mesophyll",2196,"Mesophyll"
"Zm00001eb058130","Mesophyll",2197,"Mesophyll"
"Zm00001eb058700","Mesophyll",2198,"Mesophyll"
"Zm00001eb058800","Mesophyll",2199,"Mesophyll"
"Zm00001eb059140","Mesophyll",2200,"Mesophyll"
"Zm00001eb059150","Mesophyll",2201,"Mesophyll"
"Zm00001eb059310","Mesophyll",2202,"Mesophyll"
"Zm00001eb059900","Mesophyll",2203,"Mesophyll"
"Zm00001eb060580","Mesophyll",2204,"Mesophyll"
"Zm00001eb060640","Mesophyll",2205,"Mesophyll"
"Zm00001eb060840","Mesophyll",2206,"Mesophyll"
"Zm00001eb061080","Mesophyll",2207,"Mesophyll"
"Zm00001eb061170","Mesophyll",2208,"Mesophyll"
"Zm00001eb061350","Mesophyll",2209,"Mesophyll"
"Zm00001eb061510","Mesophyll",2210,"Mesophyll"
"Zm00001eb061670","Mesophyll",2211,"Mesophyll"
"Zm00001eb061850","Mesophyll",2212,"Mesophyll"
"Zm00001eb062040","Mesophyll",2213,"Mesophyll"
"Zm00001eb062050","Mesophyll",2214,"Mesophyll"
"Zm00001eb062250","Mesophyll",2215,"Mesophyll"
"Zm00001eb062300","Mesophyll",2216,"Mesophyll"
"Zm00001eb062350","Mesophyll",2217,"Mesophyll"
"Zm00001eb062910","Mesophyll",2218,"Mesophyll"
"Zm00001eb063340","Mesophyll",2219,"Mesophyll"
"Zm00001eb063360","Mesophyll",2220,"Mesophyll"
"Zm00001eb064090","Mesophyll",2221,"Mesophyll"
"Zm00001eb064130","Mesophyll",2222,"Mesophyll"
"Zm00001eb064390","Mesophyll",2223,"Mesophyll"
"Zm00001eb064410","Mesophyll",2224,"Mesophyll"
"Zm00001eb064540","Mesophyll",2225,"Mesophyll"
"Zm00001eb065310","Mesophyll",2226,"Mesophyll"
"Zm00001eb065520","Mesophyll",2227,"Mesophyll"
"Zm00001eb260570","Mesophyll",2228,"Mesophyll"
"Zm00001eb260580","Mesophyll",2229,"Mesophyll"
"Zm00001eb260820","Mesophyll",2230,"Mesophyll"
"Zm00001eb261260","Mesophyll",2231,"Mesophyll"
"Zm00001eb261530","Mesophyll",2232,"Mesophyll"
"Zm00001eb261540","Mesophyll",2233,"Mesophyll"
"Zm00001eb264620","Mesophyll",2234,"Mesophyll"
"Zm00001eb265440","Mesophyll",2235,"Mesophyll"
"Zm00001eb265640","Mesophyll",2236,"Mesophyll"
"Zm00001eb266340","Mesophyll",2237,"Mesophyll"
"Zm00001eb266690","Mesophyll",2238,"Mesophyll"
"Zm00001eb267110","Mesophyll",2239,"Mesophyll"
"Zm00001eb267720","Mesophyll",2240,"Mesophyll"
"Zm00001eb269510","Mesophyll",2241,"Mesophyll"
"Zm00001eb269720","Mesophyll",2242,"Mesophyll"
"Zm00001eb269970","Mesophyll",2243,"Mesophyll"
"Zm00001eb270240","Mesophyll",2244,"Mesophyll"
"Zm00001eb270460","Mesophyll",2245,"Mesophyll"
"Zm00001eb270920","Mesophyll",2246,"Mesophyll"
"Zm00001eb271010","Mesophyll",2247,"Mesophyll"
"Zm00001eb271060","Mesophyll",2248,"Mesophyll"
"Zm00001eb271540","Mesophyll",2249,"Mesophyll"
"Zm00001eb272300","Mesophyll",2250,"Mesophyll"
"Zm00001eb272310","Mesophyll",2251,"Mesophyll"
"Zm00001eb272770","Mesophyll",2252,"Mesophyll"
"Zm00001eb273320","Mesophyll",2253,"Mesophyll"
"Zm00001eb273460","Mesophyll",2254,"Mesophyll"
"Zm00001eb274190","Mesophyll",2255,"Mesophyll"
"Zm00001eb275150","Mesophyll",2256,"Mesophyll"
"Zm00001eb275230","Mesophyll",2257,"Mesophyll"
"Zm00001eb275390","Mesophyll",2258,"Mesophyll"
"Zm00001eb275400","Mesophyll",2259,"Mesophyll"
"Zm00001eb275650","Mesophyll",2260,"Mesophyll"
"Zm00001eb277700","Mesophyll",2261,"Mesophyll"
"Zm00001eb277710","Mesophyll",2262,"Mesophyll"
"Zm00001eb278230","Mesophyll",2263,"Mesophyll"
"Zm00001eb278300","Mesophyll",2264,"Mesophyll"
"Zm00001eb278590","Mesophyll",2265,"Mesophyll"
"Zm00001eb279230","Mesophyll",2266,"Mesophyll"
"Zm00001eb279340","Mesophyll",2267,"Mesophyll"
"Zm00001eb279770","Mesophyll",2268,"Mesophyll"
"Zm00001eb280810","Mesophyll",2269,"Mesophyll"
"Zm00001eb281370","Mesophyll",2270,"Mesophyll"
"Zm00001eb281660","Mesophyll",2271,"Mesophyll"
"Zm00001eb281730","Mesophyll",2272,"Mesophyll"
"Zm00001eb281750","Mesophyll",2273,"Mesophyll"
"Zm00001eb282310","Mesophyll",2274,"Mesophyll"
"Zm00001eb282390","Mesophyll",2275,"Mesophyll"
"Zm00001eb282440","Mesophyll",2276,"Mesophyll"
"Zm00001eb282660","Mesophyll",2277,"Mesophyll"
"Zm00001eb282790","Mesophyll",2278,"Mesophyll"
"Zm00001eb282940","Mesophyll",2279,"Mesophyll"
"Zm00001eb283000","Mesophyll",2280,"Mesophyll"
"Zm00001eb283070","Mesophyll",2281,"Mesophyll"
"Zm00001eb284450","Mesophyll",2282,"Mesophyll"
"Zm00001eb285080","Mesophyll",2283,"Mesophyll"
"Zm00001eb285590","Mesophyll",2284,"Mesophyll"
"Zm00001eb285660","Mesophyll",2285,"Mesophyll"
"Zm00001eb286320","Mesophyll",2286,"Mesophyll"
"Zm00001eb287450","Mesophyll",2287,"Mesophyll"
"Zm00001eb287490","Mesophyll",2288,"Mesophyll"
"Zm00001eb287680","Mesophyll",2289,"Mesophyll"
"Zm00001eb287740","Mesophyll",2290,"Mesophyll"
"Zm00001eb287870","Mesophyll",2291,"Mesophyll"
"Zm00001eb288520","Mesophyll",2292,"Mesophyll"
"Zm00001eb288540","Mesophyll",2293,"Mesophyll"
"Zm00001eb288820","Mesophyll",2294,"Mesophyll"
"Zm00001eb290360","Mesophyll",2295,"Mesophyll"
"Zm00001eb291320","Mesophyll",2296,"Mesophyll"
"Zm00001eb291360","Mesophyll",2297,"Mesophyll"
"Zm00001eb291400","Mesophyll",2298,"Mesophyll"
"Zm00001eb291590","Mesophyll",2299,"Mesophyll"
"Zm00001eb291900","Mesophyll",2300,"Mesophyll"
"Zm00001eb292310","Mesophyll",2301,"Mesophyll"
"Zm00001eb292930","Mesophyll",2302,"Mesophyll"
"Zm00001eb293260","Mesophyll",2303,"Mesophyll"
"Zm00001eb293450","Mesophyll",2304,"Mesophyll"
"Zm00001eb293530","Mesophyll",2305,"Mesophyll"
"Zm00001eb293770","Mesophyll",2306,"Mesophyll"
"Zm00001eb294570","Mesophyll",2307,"Mesophyll"
"Zm00001eb294580","Mesophyll",2308,"Mesophyll"
"Zm00001eb295180","Mesophyll",2309,"Mesophyll"
"Zm00001eb295710","Mesophyll",2310,"Mesophyll"
"Zm00001eb295770","Mesophyll",2311,"Mesophyll"
"Zm00001eb295860","Mesophyll",2312,"Mesophyll"
"Zm00001eb296420","Mesophyll",2313,"Mesophyll"
"Zm00001eb296670","Mesophyll",2314,"Mesophyll"
"Zm00001eb296680","Mesophyll",2315,"Mesophyll"
"Zm00001eb297120","Mesophyll",2316,"Mesophyll"
"Zm00001eb297330","Mesophyll",2317,"Mesophyll"
"Zm00001eb297620","Mesophyll",2318,"Mesophyll"
"Zm00001eb118920","Mesophyll",2319,"Mesophyll"
"Zm00001eb119060","Mesophyll",2320,"Mesophyll"
"Zm00001eb119940","Mesophyll",2321,"Mesophyll"
"Zm00001eb120050","Mesophyll",2322,"Mesophyll"
"Zm00001eb120320","Mesophyll",2323,"Mesophyll"
"Zm00001eb120460","Mesophyll",2324,"Mesophyll"
"Zm00001eb120970","Mesophyll",2325,"Mesophyll"
"Zm00001eb121180","Mesophyll",2326,"Mesophyll"
"Zm00001eb121310","Mesophyll",2327,"Mesophyll"
"Zm00001eb122020","Mesophyll",2328,"Mesophyll"
"Zm00001eb122570","Mesophyll",2329,"Mesophyll"
"Zm00001eb122620","Mesophyll",2330,"Mesophyll"
"Zm00001eb122820","Mesophyll",2331,"Mesophyll"
"Zm00001eb122910","Mesophyll",2332,"Mesophyll"
"Zm00001eb123430","Mesophyll",2333,"Mesophyll"
"Zm00001eb123910","Mesophyll",2334,"Mesophyll"
"Zm00001eb124200","Mesophyll",2335,"Mesophyll"
"Zm00001eb124300","Mesophyll",2336,"Mesophyll"
"Zm00001eb125820","Mesophyll",2337,"Mesophyll"
"Zm00001eb125830","Mesophyll",2338,"Mesophyll"
"Zm00001eb125930","Mesophyll",2339,"Mesophyll"
"Zm00001eb126700","Mesophyll",2340,"Mesophyll"
"Zm00001eb127160","Mesophyll",2341,"Mesophyll"
"Zm00001eb127280","Mesophyll",2342,"Mesophyll"
"Zm00001eb127490","Mesophyll",2343,"Mesophyll"
"Zm00001eb127510","Mesophyll",2344,"Mesophyll"
"Zm00001eb127690","Mesophyll",2345,"Mesophyll"
"Zm00001eb127790","Mesophyll",2346,"Mesophyll"
"Zm00001eb127860","Mesophyll",2347,"Mesophyll"
"Zm00001eb128200","Mesophyll",2348,"Mesophyll"
"Zm00001eb129040","Mesophyll",2349,"Mesophyll"
"Zm00001eb129100","Mesophyll",2350,"Mesophyll"
"Zm00001eb129380","Mesophyll",2351,"Mesophyll"
"Zm00001eb129920","Mesophyll",2352,"Mesophyll"
"Zm00001eb130210","Mesophyll",2353,"Mesophyll"
"Zm00001eb130220","Mesophyll",2354,"Mesophyll"
"Zm00001eb131060","Mesophyll",2355,"Mesophyll"
"Zm00001eb131310","Mesophyll",2356,"Mesophyll"
"Zm00001eb131470","Mesophyll",2357,"Mesophyll"
"Zm00001eb131760","Mesophyll",2358,"Mesophyll"
"Zm00001eb131930","Mesophyll",2359,"Mesophyll"
"Zm00001eb132890","Mesophyll",2360,"Mesophyll"
"Zm00001eb133140","Mesophyll",2361,"Mesophyll"
"Zm00001eb133480","Mesophyll",2362,"Mesophyll"
"Zm00001eb133920","Mesophyll",2363,"Mesophyll"
"Zm00001eb135190","Mesophyll",2364,"Mesophyll"
"Zm00001eb135920","Mesophyll",2365,"Mesophyll"
"Zm00001eb136630","Mesophyll",2366,"Mesophyll"
"Zm00001eb136900","Mesophyll",2367,"Mesophyll"
"Zm00001eb137020","Mesophyll",2368,"Mesophyll"
"Zm00001eb138230","Mesophyll",2369,"Mesophyll"
"Zm00001eb139760","Mesophyll",2370,"Mesophyll"
"Zm00001eb139840","Mesophyll",2371,"Mesophyll"
"Zm00001eb139900","Mesophyll",2372,"Mesophyll"
"Zm00001eb140430","Mesophyll",2373,"Mesophyll"
"Zm00001eb140490","Mesophyll",2374,"Mesophyll"
"Zm00001eb140690","Mesophyll",2375,"Mesophyll"
"Zm00001eb140720","Mesophyll",2376,"Mesophyll"
"Zm00001eb141030","Mesophyll",2377,"Mesophyll"
"Zm00001eb141130","Mesophyll",2378,"Mesophyll"
"Zm00001eb141210","Mesophyll",2379,"Mesophyll"
"Zm00001eb141230","Mesophyll",2380,"Mesophyll"
"Zm00001eb141550","Mesophyll",2381,"Mesophyll"
"Zm00001eb141870","Mesophyll",2382,"Mesophyll"
"Zm00001eb141940","Mesophyll",2383,"Mesophyll"
"Zm00001eb142170","Mesophyll",2384,"Mesophyll"
"Zm00001eb142630","Mesophyll",2385,"Mesophyll"
"Zm00001eb142730","Mesophyll",2386,"Mesophyll"
"Zm00001eb142750","Mesophyll",2387,"Mesophyll"
"Zm00001eb142810","Mesophyll",2388,"Mesophyll"
"Zm00001eb143320","Mesophyll",2389,"Mesophyll"
"Zm00001eb143510","Mesophyll",2390,"Mesophyll"
"Zm00001eb143700","Mesophyll",2391,"Mesophyll"
"Zm00001eb144350","Mesophyll",2392,"Mesophyll"
"Zm00001eb144680","Mesophyll",2393,"Mesophyll"
"Zm00001eb145030","Mesophyll",2394,"Mesophyll"
"Zm00001eb145270","Mesophyll",2395,"Mesophyll"
"Zm00001eb145530","Mesophyll",2396,"Mesophyll"
"Zm00001eb145550","Mesophyll",2397,"Mesophyll"
"Zm00001eb146430","Mesophyll",2398,"Mesophyll"
"Zm00001eb147170","Mesophyll",2399,"Mesophyll"
"Zm00001eb147370","Mesophyll",2400,"Mesophyll"
"Zm00001eb147900","Mesophyll",2401,"Mesophyll"
"Zm00001eb148310","Mesophyll",2402,"Mesophyll"
"Zm00001eb148520","Mesophyll",2403,"Mesophyll"
"Zm00001eb148980","Mesophyll",2404,"Mesophyll"
"Zm00001eb149270","Mesophyll",2405,"Mesophyll"
"Zm00001eb149620","Mesophyll",2406,"Mesophyll"
"Zm00001eb149730","Mesophyll",2407,"Mesophyll"
"Zm00001eb149740","Mesophyll",2408,"Mesophyll"
"Zm00001eb149760","Mesophyll",2409,"Mesophyll"
"Zm00001eb149900","Mesophyll",2410,"Mesophyll"
"Zm00001eb150500","Mesophyll",2411,"Mesophyll"
"Zm00001eb150530","Mesophyll",2412,"Mesophyll"
"Zm00001eb150880","Mesophyll",2413,"Mesophyll"
"Zm00001eb151440","Mesophyll",2414,"Mesophyll"
"Zm00001eb151930","Mesophyll",2415,"Mesophyll"
"Zm00001eb152320","Mesophyll",2416,"Mesophyll"
"Zm00001eb153200","Mesophyll",2417,"Mesophyll"
"Zm00001eb154130","Mesophyll",2418,"Mesophyll"
"Zm00001eb154220","Mesophyll",2419,"Mesophyll"
"Zm00001eb154510","Mesophyll",2420,"Mesophyll"
"Zm00001eb155040","Mesophyll",2421,"Mesophyll"
"Zm00001eb155120","Mesophyll",2422,"Mesophyll"
"Zm00001eb155170","Mesophyll",2423,"Mesophyll"
"Zm00001eb155310","Mesophyll",2424,"Mesophyll"
"Zm00001eb155420","Mesophyll",2425,"Mesophyll"
"Zm00001eb156090","Mesophyll",2426,"Mesophyll"
"Zm00001eb156210","Mesophyll",2427,"Mesophyll"
"Zm00001eb156330","Mesophyll",2428,"Mesophyll"
"Zm00001eb156930","Mesophyll",2429,"Mesophyll"
"Zm00001eb157340","Mesophyll",2430,"Mesophyll"
"Zm00001eb157430","Mesophyll",2431,"Mesophyll"
"Zm00001eb157650","Mesophyll",2432,"Mesophyll"
"Zm00001eb157660","Mesophyll",2433,"Mesophyll"
"Zm00001eb159280","Mesophyll",2434,"Mesophyll"
"Zm00001eb159640","Mesophyll",2435,"Mesophyll"
"Zm00001eb161610","Mesophyll",2436,"Mesophyll"
"Zm00001eb161710","Mesophyll",2437,"Mesophyll"
"Zm00001eb161810","Mesophyll",2438,"Mesophyll"
"Zm00001eb162120","Mesophyll",2439,"Mesophyll"
"Zm00001eb163920","Mesophyll",2440,"Mesophyll"
"Zm00001eb372790","Mesophyll",2441,"Mesophyll"
"Zm00001eb373490","Mesophyll",2442,"Mesophyll"
"Zm00001eb373790","Mesophyll",2443,"Mesophyll"
"Zm00001eb374040","Mesophyll",2444,"Mesophyll"
"Zm00001eb374100","Mesophyll",2445,"Mesophyll"
"Zm00001eb374350","Mesophyll",2446,"Mesophyll"
"Zm00001eb375250","Mesophyll",2447,"Mesophyll"
"Zm00001eb375560","Mesophyll",2448,"Mesophyll"
"Zm00001eb376020","Mesophyll",2449,"Mesophyll"
"Zm00001eb376880","Mesophyll",2450,"Mesophyll"
"Zm00001eb377130","Mesophyll",2451,"Mesophyll"
"Zm00001eb377860","Mesophyll",2452,"Mesophyll"
"Zm00001eb377910","Mesophyll",2453,"Mesophyll"
"Zm00001eb378120","Mesophyll",2454,"Mesophyll"
"Zm00001eb378430","Mesophyll",2455,"Mesophyll"
"Zm00001eb378640","Mesophyll",2456,"Mesophyll"
"Zm00001eb379060","Mesophyll",2457,"Mesophyll"
"Zm00001eb379130","Mesophyll",2458,"Mesophyll"
"Zm00001eb379480","Mesophyll",2459,"Mesophyll"
"Zm00001eb379500","Mesophyll",2460,"Mesophyll"
"Zm00001eb379570","Mesophyll",2461,"Mesophyll"
"Zm00001eb379580","Mesophyll",2462,"Mesophyll"
"Zm00001eb379840","Mesophyll",2463,"Mesophyll"
"Zm00001eb379990","Mesophyll",2464,"Mesophyll"
"Zm00001eb380190","Mesophyll",2465,"Mesophyll"
"Zm00001eb380530","Mesophyll",2466,"Mesophyll"
"Zm00001eb381590","Mesophyll",2467,"Mesophyll"
"Zm00001eb381670","Mesophyll",2468,"Mesophyll"
"Zm00001eb381770","Mesophyll",2469,"Mesophyll"
"Zm00001eb383320","Mesophyll",2470,"Mesophyll"
"Zm00001eb383830","Mesophyll",2471,"Mesophyll"
"Zm00001eb384280","Mesophyll",2472,"Mesophyll"
"Zm00001eb384300","Mesophyll",2473,"Mesophyll"
"Zm00001eb384600","Mesophyll",2474,"Mesophyll"
"Zm00001eb384890","Mesophyll",2475,"Mesophyll"
"Zm00001eb385860","Mesophyll",2476,"Mesophyll"
"Zm00001eb386020","Mesophyll",2477,"Mesophyll"
"Zm00001eb386150","Mesophyll",2478,"Mesophyll"
"Zm00001eb386650","Mesophyll",2479,"Mesophyll"
"Zm00001eb386870","Mesophyll",2480,"Mesophyll"
"Zm00001eb387100","Mesophyll",2481,"Mesophyll"
"Zm00001eb387340","Mesophyll",2482,"Mesophyll"
"Zm00001eb387350","Mesophyll",2483,"Mesophyll"
"Zm00001eb387820","Mesophyll",2484,"Mesophyll"
"Zm00001eb389630","Mesophyll",2485,"Mesophyll"
"Zm00001eb389640","Mesophyll",2486,"Mesophyll"
"Zm00001eb389680","Mesophyll",2487,"Mesophyll"
"Zm00001eb389700","Mesophyll",2488,"Mesophyll"
"Zm00001eb389800","Mesophyll",2489,"Mesophyll"
"Zm00001eb390540","Mesophyll",2490,"Mesophyll"
"Zm00001eb390620","Mesophyll",2491,"Mesophyll"
"Zm00001eb390630","Mesophyll",2492,"Mesophyll"
"Zm00001eb391530","Mesophyll",2493,"Mesophyll"
"Zm00001eb392300","Mesophyll",2494,"Mesophyll"
"Zm00001eb392420","Mesophyll",2495,"Mesophyll"
"Zm00001eb392560","Mesophyll",2496,"Mesophyll"
"Zm00001eb392650","Mesophyll",2497,"Mesophyll"
"Zm00001eb393200","Mesophyll",2498,"Mesophyll"
"Zm00001eb393560","Mesophyll",2499,"Mesophyll"
"Zm00001eb393840","Mesophyll",2500,"Mesophyll"
"Zm00001eb394200","Mesophyll",2501,"Mesophyll"
"Zm00001eb394520","Mesophyll",2502,"Mesophyll"
"Zm00001eb394590","Mesophyll",2503,"Mesophyll"
"Zm00001eb394600","Mesophyll",2504,"Mesophyll"
"Zm00001eb394670","Mesophyll",2505,"Mesophyll"
"Zm00001eb394690","Mesophyll",2506,"Mesophyll"
"Zm00001eb395200","Mesophyll",2507,"Mesophyll"
"Zm00001eb395230","Mesophyll",2508,"Mesophyll"
"Zm00001eb396340","Mesophyll",2509,"Mesophyll"
"Zm00001eb397150","Mesophyll",2510,"Mesophyll"
"Zm00001eb397220","Mesophyll",2511,"Mesophyll"
"Zm00001eb397310","Mesophyll",2512,"Mesophyll"
"Zm00001eb397550","Mesophyll",2513,"Mesophyll"
"Zm00001eb397710","Mesophyll",2514,"Mesophyll"
"Zm00001eb397880","Mesophyll",2515,"Mesophyll"
"Zm00001eb398620","Mesophyll",2516,"Mesophyll"
"Zm00001eb398860","Mesophyll",2517,"Mesophyll"
"Zm00001eb399010","Mesophyll",2518,"Mesophyll"
"Zm00001eb399110","Mesophyll",2519,"Mesophyll"
"Zm00001eb400350","Mesophyll",2520,"Mesophyll"
"Zm00001eb400430","Mesophyll",2521,"Mesophyll"
"Zm00001eb400600","Mesophyll",2522,"Mesophyll"
"Zm00001eb400760","Mesophyll",2523,"Mesophyll"
"Zm00001eb400820","Mesophyll",2524,"Mesophyll"
"Zm00001eb400990","Mesophyll",2525,"Mesophyll"
"Zm00001eb401900","Mesophyll",2526,"Mesophyll"
"Zm00001eb402240","Mesophyll",2527,"Mesophyll"
"Zm00001eb402440","Mesophyll",2528,"Mesophyll"
"Zm00001eb402540","Mesophyll",2529,"Mesophyll"
"Zm00001eb402720","Mesophyll",2530,"Mesophyll"
"Zm00001eb402730","Mesophyll",2531,"Mesophyll"
"Zm00001eb403160","Mesophyll",2532,"Mesophyll"
"Zm00001eb403510","Mesophyll",2533,"Mesophyll"
"Zm00001eb403820","Mesophyll",2534,"Mesophyll"
"Zm00001eb403930","Mesophyll",2535,"Mesophyll"
"Zm00001eb404250","Mesophyll",2536,"Mesophyll"
"Zm00001eb404520","Mesophyll",2537,"Mesophyll"
"Zm00001eb404600","Mesophyll",2538,"Mesophyll"
"Zm00001eb164460","Mesophyll",2539,"Mesophyll"
"Zm00001eb164660","Mesophyll",2540,"Mesophyll"
"Zm00001eb165700","Mesophyll",2541,"Mesophyll"
"Zm00001eb165890","Mesophyll",2542,"Mesophyll"
"Zm00001eb168640","Mesophyll",2543,"Mesophyll"
"Zm00001eb168760","Mesophyll",2544,"Mesophyll"
"Zm00001eb168830","Mesophyll",2545,"Mesophyll"
"Zm00001eb168950","Mesophyll",2546,"Mesophyll"
"Zm00001eb169160","Mesophyll",2547,"Mesophyll"
"Zm00001eb169330","Mesophyll",2548,"Mesophyll"
"Zm00001eb169450","Mesophyll",2549,"Mesophyll"
"Zm00001eb170550","Mesophyll",2550,"Mesophyll"
"Zm00001eb170730","Mesophyll",2551,"Mesophyll"
"Zm00001eb170870","Mesophyll",2552,"Mesophyll"
"Zm00001eb171030","Mesophyll",2553,"Mesophyll"
"Zm00001eb171200","Mesophyll",2554,"Mesophyll"
"Zm00001eb171240","Mesophyll",2555,"Mesophyll"
"Zm00001eb172130","Mesophyll",2556,"Mesophyll"
"Zm00001eb172570","Mesophyll",2557,"Mesophyll"
"Zm00001eb172640","Mesophyll",2558,"Mesophyll"
"Zm00001eb172650","Mesophyll",2559,"Mesophyll"
"Zm00001eb172940","Mesophyll",2560,"Mesophyll"
"Zm00001eb173260","Mesophyll",2561,"Mesophyll"
"Zm00001eb173500","Mesophyll",2562,"Mesophyll"
"Zm00001eb173790","Mesophyll",2563,"Mesophyll"
"Zm00001eb173880","Mesophyll",2564,"Mesophyll"
"Zm00001eb174010","Mesophyll",2565,"Mesophyll"
"Zm00001eb174310","Mesophyll",2566,"Mesophyll"
"Zm00001eb174900","Mesophyll",2567,"Mesophyll"
"Zm00001eb174980","Mesophyll",2568,"Mesophyll"
"Zm00001eb175490","Mesophyll",2569,"Mesophyll"
"Zm00001eb175620","Mesophyll",2570,"Mesophyll"
"Zm00001eb175730","Mesophyll",2571,"Mesophyll"
"Zm00001eb176040","Mesophyll",2572,"Mesophyll"
"Zm00001eb176350","Mesophyll",2573,"Mesophyll"
"Zm00001eb176900","Mesophyll",2574,"Mesophyll"
"Zm00001eb177630","Mesophyll",2575,"Mesophyll"
"Zm00001eb178140","Mesophyll",2576,"Mesophyll"
"Zm00001eb178320","Mesophyll",2577,"Mesophyll"
"Zm00001eb178700","Mesophyll",2578,"Mesophyll"
"Zm00001eb179140","Mesophyll",2579,"Mesophyll"
"Zm00001eb179280","Mesophyll",2580,"Mesophyll"
"Zm00001eb179570","Mesophyll",2581,"Mesophyll"
"Zm00001eb179660","Mesophyll",2582,"Mesophyll"
"Zm00001eb179680","Mesophyll",2583,"Mesophyll"
"Zm00001eb179750","Mesophyll",2584,"Mesophyll"
"Zm00001eb179820","Mesophyll",2585,"Mesophyll"
"Zm00001eb181030","Mesophyll",2586,"Mesophyll"
"Zm00001eb181160","Mesophyll",2587,"Mesophyll"
"Zm00001eb181530","Mesophyll",2588,"Mesophyll"
"Zm00001eb182020","Mesophyll",2589,"Mesophyll"
"Zm00001eb182380","Mesophyll",2590,"Mesophyll"
"Zm00001eb182740","Mesophyll",2591,"Mesophyll"
"Zm00001eb183380","Mesophyll",2592,"Mesophyll"
"Zm00001eb183600","Mesophyll",2593,"Mesophyll"
"Zm00001eb183830","Mesophyll",2594,"Mesophyll"
"Zm00001eb184420","Mesophyll",2595,"Mesophyll"
"Zm00001eb184630","Mesophyll",2596,"Mesophyll"
"Zm00001eb185070","Mesophyll",2597,"Mesophyll"
"Zm00001eb185670","Mesophyll",2598,"Mesophyll"
"Zm00001eb186100","Mesophyll",2599,"Mesophyll"
"Zm00001eb186240","Mesophyll",2600,"Mesophyll"
"Zm00001eb187110","Mesophyll",2601,"Mesophyll"
"Zm00001eb187140","Mesophyll",2602,"Mesophyll"
"Zm00001eb187200","Mesophyll",2603,"Mesophyll"
"Zm00001eb187660","Mesophyll",2604,"Mesophyll"
"Zm00001eb187960","Mesophyll",2605,"Mesophyll"
"Zm00001eb188360","Mesophyll",2606,"Mesophyll"
"Zm00001eb188540","Mesophyll",2607,"Mesophyll"
"Zm00001eb188960","Mesophyll",2608,"Mesophyll"
"Zm00001eb189370","Mesophyll",2609,"Mesophyll"
"Zm00001eb189850","Mesophyll",2610,"Mesophyll"
"Zm00001eb189890","Mesophyll",2611,"Mesophyll"
"Zm00001eb189980","Mesophyll",2612,"Mesophyll"
"Zm00001eb190190","Mesophyll",2613,"Mesophyll"
"Zm00001eb190260","Mesophyll",2614,"Mesophyll"
"Zm00001eb190500","Mesophyll",2615,"Mesophyll"
"Zm00001eb190630","Mesophyll",2616,"Mesophyll"
"Zm00001eb191090","Mesophyll",2617,"Mesophyll"
"Zm00001eb191710","Mesophyll",2618,"Mesophyll"
"Zm00001eb191930","Mesophyll",2619,"Mesophyll"
"Zm00001eb192120","Mesophyll",2620,"Mesophyll"
"Zm00001eb192310","Mesophyll",2621,"Mesophyll"
"Zm00001eb193480","Mesophyll",2622,"Mesophyll"
"Zm00001eb193500","Mesophyll",2623,"Mesophyll"
"Zm00001eb193560","Mesophyll",2624,"Mesophyll"
"Zm00001eb193860","Mesophyll",2625,"Mesophyll"
"Zm00001eb194350","Mesophyll",2626,"Mesophyll"
"Zm00001eb194450","Mesophyll",2627,"Mesophyll"
"Zm00001eb194510","Mesophyll",2628,"Mesophyll"
"Zm00001eb195070","Mesophyll",2629,"Mesophyll"
"Zm00001eb195630","Mesophyll",2630,"Mesophyll"
"Zm00001eb195770","Mesophyll",2631,"Mesophyll"
"Zm00001eb196390","Mesophyll",2632,"Mesophyll"
"Zm00001eb196520","Mesophyll",2633,"Mesophyll"
"Zm00001eb196600","Mesophyll",2634,"Mesophyll"
"Zm00001eb197120","Mesophyll",2635,"Mesophyll"
"Zm00001eb197610","Mesophyll",2636,"Mesophyll"
"Zm00001eb197630","Mesophyll",2637,"Mesophyll"
"Zm00001eb198300","Mesophyll",2638,"Mesophyll"
"Zm00001eb198580","Mesophyll",2639,"Mesophyll"
"Zm00001eb198740","Mesophyll",2640,"Mesophyll"
"Zm00001eb198840","Mesophyll",2641,"Mesophyll"
"Zm00001eb198910","Mesophyll",2642,"Mesophyll"
"Zm00001eb199820","Mesophyll",2643,"Mesophyll"
"Zm00001eb200880","Mesophyll",2644,"Mesophyll"
"Zm00001eb201410","Mesophyll",2645,"Mesophyll"
"Zm00001eb201730","Mesophyll",2646,"Mesophyll"
"Zm00001eb201900","Mesophyll",2647,"Mesophyll"
"Zm00001eb202590","Mesophyll",2648,"Mesophyll"
"Zm00001eb202960","Mesophyll",2649,"Mesophyll"
"Zm00001eb203260","Mesophyll",2650,"Mesophyll"
"Zm00001eb203770","Mesophyll",2651,"Mesophyll"
"Zm00001eb204000","Mesophyll",2652,"Mesophyll"
"Zm00001eb204900","Mesophyll",2653,"Mesophyll"
"Zm00001eb204910","Mesophyll",2654,"Mesophyll"
"Zm00001eb205020","Mesophyll",2655,"Mesophyll"
"Zm00001eb205090","Mesophyll",2656,"Mesophyll"
"Zm00001eb205700","Mesophyll",2657,"Mesophyll"
"Zm00001eb205770","Mesophyll",2658,"Mesophyll"
"Zm00001eb205810","Mesophyll",2659,"Mesophyll"
"Zm00001eb205890","Mesophyll",2660,"Mesophyll"
"Zm00001eb206220","Mesophyll",2661,"Mesophyll"
"Zm00001eb206380","Mesophyll",2662,"Mesophyll"
"Zm00001eb206700","Mesophyll",2663,"Mesophyll"
"Zm00001eb206870","Mesophyll",2664,"Mesophyll"
"Zm00001eb207410","Mesophyll",2665,"Mesophyll"
"Zm00001eb207820","Mesophyll",2666,"Mesophyll"
"Zm00001eb207830","Mesophyll",2667,"Mesophyll"
"Zm00001eb207900","Mesophyll",2668,"Mesophyll"
"Zm00001eb208430","Mesophyll",2669,"Mesophyll"
"Zm00001eb208700","Mesophyll",2670,"Mesophyll"
"Zm00001eb208900","Mesophyll",2671,"Mesophyll"
"Zm00001eb209140","Mesophyll",2672,"Mesophyll"
"Zm00001eb209390","Mesophyll",2673,"Mesophyll"
"Zm00001eb209740","Mesophyll",2674,"Mesophyll"
"Zm00001eb210150","Mesophyll",2675,"Mesophyll"
"Zm00001eb260450","Pavement_cell_A",1,"Pavement_cell-A"
"Zm00001eb104070","Pavement_cell_A",2,"Pavement_cell-A"
"Zm00001eb317940","Pavement_cell_A",3,"Pavement_cell-A"
"Zm00001eb405040","Pavement_cell_A",4,"Pavement_cell-A"
"Zm00001eb423900","Pavement_cell_A",5,"Pavement_cell-A"
"Zm00001eb289000","Pavement_cell_A",6,"Pavement_cell-A"
"Zm00001eb376160","Pavement_cell_A",7,"Pavement_cell-A"
"Zm00001eb159020","Pavement_cell_A",8,"Pavement_cell-A"
"Zm00001eb067380","Pavement_cell_A",9,"Pavement_cell-A"
"Zm00001eb048110","Pavement_cell_A",10,"Pavement_cell-A"
"Zm00001eb198030","Pavement_cell_A",11,"Pavement_cell-A"
"Zm00001eb421120","Pavement_cell_A",12,"Pavement_cell-A"
"Zm00001eb429330","Pavement_cell_A",13,"Pavement_cell-A"
"Zm00001eb374220","Pavement_cell_A",14,"Pavement_cell-A"
"Zm00001eb163860","Pavement_cell_A",15,"Pavement_cell-A"
"Zm00001eb004550","Pavement_cell_A",16,"Pavement_cell-A"
"Zm00001eb264980","Pavement_cell_A",17,"Pavement_cell-A"
"Zm00001eb233720","Pavement_cell_A",18,"Pavement_cell-A"
"Zm00001eb247630","Pavement_cell_A",19,"Pavement_cell-A"
"Zm00001eb157110","Pavement_cell_A",20,"Pavement_cell-A"
"Zm00001eb245960","Pavement_cell_A",21,"Pavement_cell-A"
"Zm00001eb346580","Pavement_cell_A",22,"Pavement_cell-A"
"Zm00001eb289400","Pavement_cell_A",23,"Pavement_cell-A"
"Zm00001eb162210","Pavement_cell_A",24,"Pavement_cell-A"
"Zm00001eb123630","Pavement_cell_A",25,"Pavement_cell-A"
"Zm00001eb322580","Pavement_cell_A",26,"Pavement_cell-A"
"Zm00001eb154820","Pavement_cell_A",27,"Pavement_cell-A"
"Zm00001eb150370","Pavement_cell_A",28,"Pavement_cell-A"
"Zm00001eb192910","Pavement_cell_A",29,"Pavement_cell-A"
"Zm00001eb061470","Pavement_cell_A",30,"Pavement_cell-A"
"Zm00001eb295010","Pavement_cell_A",31,"Pavement_cell-A"
"Zm00001eb121240","Pavement_cell_A",32,"Pavement_cell-A"
"Zm00001eb146380","Pavement_cell_A",33,"Pavement_cell-A"
"Zm00001eb378720","Pavement_cell_A",34,"Pavement_cell-A"
"Zm00001eb387430","Pavement_cell_A",35,"Pavement_cell-A"
"Zm00001eb164780","Pavement_cell_A",36,"Pavement_cell-A"
"Zm00001eb174670","Pavement_cell_A",37,"Pavement_cell-A"
"Zm00001eb084290","Pavement_cell_N",1,"Pavement_cell-N"
"Zm00001eb085680","Pavement_cell_N",2,"Pavement_cell-N"
"Zm00001eb089740","Pavement_cell_N",3,"Pavement_cell-N"
"Zm00001eb096490","Pavement_cell_N",4,"Pavement_cell-N"
"Zm00001eb357010","Pavement_cell_N",5,"Pavement_cell-N"
"Zm00001eb214540","Pavement_cell_N",6,"Pavement_cell-N"
"Zm00001eb226030","Pavement_cell_N",7,"Pavement_cell-N"
"Zm00001eb232100","Pavement_cell_N",8,"Pavement_cell-N"
"Zm00001eb242050","Pavement_cell_N",9,"Pavement_cell-N"
"Zm00001eb248170","Pavement_cell_N",10,"Pavement_cell-N"
"Zm00001eb253030","Pavement_cell_N",11,"Pavement_cell-N"
"Zm00001eb311430","Pavement_cell_N",12,"Pavement_cell-N"
"Zm00001eb320680","Pavement_cell_N",13,"Pavement_cell-N"
"Zm00001eb411000","Pavement_cell_N",14,"Pavement_cell-N"
"Zm00001eb415270","Pavement_cell_N",15,"Pavement_cell-N"
"Zm00001eb430810","Pavement_cell_N",16,"Pavement_cell-N"
"Zm00001eb009510","Pavement_cell_N",17,"Pavement_cell-N"
"Zm00001eb037930","Pavement_cell_N",18,"Pavement_cell-N"
"Zm00001eb048930","Pavement_cell_N",19,"Pavement_cell-N"
"Zm00001eb002100","Pavement_cell_N",20,"Pavement_cell-N"
"Zm00001eb051580","Pavement_cell_N",21,"Pavement_cell-N"
"Zm00001eb185300","Pavement_cell_N",22,"Pavement_cell-N"
"Zm00001eb057860","Pavement_cell_N",23,"Pavement_cell-N"
"Zm00001eb048950","Pavement_cell_N",24,"Pavement_cell-N"
"Zm00001eb002250","Pavement_cell_N",25,"Pavement_cell-N"
"Zm00001eb313510","Pavement_cell_N",26,"Pavement_cell-N"
"Zm00001eb338510","Pavement_cell_N",27,"Pavement_cell-N"
"Zm00001eb059460","Pavement_cell_N",28,"Pavement_cell-N"
"Zm00001eb311680","Pavement_cell_N",29,"Pavement_cell-N"
"Zm00001eb360800","Pavement_cell_N",30,"Pavement_cell-N"
"Zm00001eb307270","Pavement_cell_N",31,"Pavement_cell-N"
"Zm00001eb350510","Pavement_cell_N",32,"Pavement_cell-N"
"Zm00001eb042700","Pavement_cell_N",33,"Pavement_cell-N"
"Zm00001eb303190","Pavement_cell_N",34,"Pavement_cell-N"
"Zm00001eb373580","Pavement_cell_N",35,"Pavement_cell-N"
"Zm00001eb161200","Pavement_cell_N",36,"Pavement_cell-N"
"Zm00001eb292770","Pavement_cell_N",37,"Pavement_cell-N"
"Zm00001eb419120","Pavement_cell_N",38,"Pavement_cell-N"
"Zm00001eb188750","Pavement_cell_N",39,"Pavement_cell-N"
"Zm00001eb157530","Pavement_cell_N",40,"Pavement_cell-N"
"Zm00001eb251960","Pavement_cell_N",41,"Pavement_cell-N"
"Zm00001eb395120","Pavement_cell_N",42,"Pavement_cell-N"
"Zm00001eb275260","Pavement_cell_N",43,"Pavement_cell-N"
"Zm00001eb046740","Pavement_cell_N",44,"Pavement_cell-N"
"Zm00001eb432730","Pavement_cell_N",45,"Pavement_cell-N"
"Zm00001eb269160","Pavement_cell_N",46,"Pavement_cell-N"
"Zm00001eb292010","Pavement_cell_N",47,"Pavement_cell-N"
"Zm00001eb138310","Pavement_cell_N",48,"Pavement_cell-N"
"Zm00001eb149670","Pavement_cell_N",49,"Pavement_cell-N"
"Zm00001eb163190","Pavement_cell_N",50,"Pavement_cell-N"
"Zm00001eb374880","Pavement_cell_N",51,"Pavement_cell-N"
"Zm00001eb164560","Pavement_cell_N",52,"Pavement_cell-N"
"Zm00001eb165310","Pavement_cell_N",53,"Pavement_cell-N"
"Zm00001eb413270","S_phase",1,"S_phase"
"Zm00001eb077960","S_phase",2,"S_phase"
"Zm00001eb083310","S_phase",3,"S_phase"
"Zm00001eb343680","S_phase",4,"S_phase"
"Zm00001eb351220","S_phase",5,"S_phase"
"Zm00001eb365740","S_phase",6,"S_phase"
"Zm00001eb210220","S_phase",7,"S_phase"
"Zm00001eb218020","S_phase",8,"S_phase"
"Zm00001eb226840","S_phase",9,"S_phase"
"Zm00001eb232030","S_phase",10,"S_phase"
"Zm00001eb236340","S_phase",11,"S_phase"
"Zm00001eb179440","S_phase",12,"S_phase"
"Zm00001eb049830","S_phase",13,"S_phase"
"Zm00001eb356240","S_phase",14,"S_phase"
"Zm00001eb032200","S_phase",15,"S_phase"
"Zm00001eb127650","S_phase",16,"S_phase"
"Zm00001eb267610","S_phase",17,"S_phase"
"Zm00001eb309380","S_phase",18,"S_phase"
"Zm00001eb313020","S_phase",19,"S_phase"
"Zm00001eb422060","S_phase",20,"S_phase"
"Zm00001eb428370","S_phase",21,"S_phase"
"Zm00001eb431010","S_phase",22,"S_phase"
"Zm00001eb008630","S_phase",23,"S_phase"
"Zm00001eb036300","S_phase",24,"S_phase"
"Zm00001eb038030","S_phase",25,"S_phase"
"Zm00001eb341650","S_phase",26,"S_phase"
"Zm00001eb131790","S_phase",27,"S_phase"
"Zm00001eb297550","S_phase",28,"S_phase"
"Zm00001eb046010","S_phase",29,"S_phase"
"Zm00001eb048680","S_phase",30,"S_phase"
"Zm00001eb055960","S_phase",31,"S_phase"
"Zm00001eb061990","S_phase",32,"S_phase"
"Zm00001eb260980","S_phase",33,"S_phase"
"Zm00001eb125730","S_phase",34,"S_phase"
"Zm00001eb144810","S_phase",35,"S_phase"
"Zm00001eb372060","S_phase",36,"S_phase"
"Zm00001eb374630","S_phase",37,"S_phase"
"Zm00001eb388520","S_phase",38,"S_phase"
"Zm00001eb403040","S_phase",39,"S_phase"
"Zm00001eb173650","S_phase",40,"S_phase"
"Zm00001eb186310","S_phase",41,"S_phase"
"Zm00001eb187750","S_phase",42,"S_phase"
"Zm00001eb200430","S_phase",43,"S_phase"
"Zm00001eb201060","S_phase",44,"S_phase"
"Zm00001eb431780","S_phase",45,"S_phase"
"Zm00001eb168520","S_phase",46,"S_phase"
"Zm00001eb373160","S_phase",47,"S_phase"
"Zm00001eb135450","S_phase",48,"S_phase"
"Zm00001eb201150","S_phase",49,"S_phase"
"Zm00001eb350580","S_phase",50,"S_phase"
"Zm00001eb428570","S_phase",51,"S_phase"
"Zm00001eb197480","S_phase",52,"S_phase"
"Zm00001eb051910","S_phase",53,"S_phase"
"Zm00001eb215870","S_phase",54,"S_phase"
"Zm00001eb229420","S_phase",55,"S_phase"
"Zm00001eb068440","S_phase",56,"S_phase"
"Zm00001eb193180","S_phase",57,"S_phase"
"Zm00001eb112590","S_phase",58,"S_phase"
"Zm00001eb003930","S_phase",59,"S_phase"
"Zm00001eb052070","S_phase",60,"S_phase"
"Zm00001eb420850","S_phase",61,"S_phase"
"Zm00001eb062920","S_phase",62,"S_phase"
"Zm00001eb019460","S_phase",63,"S_phase"
"Zm00001eb143390","S_phase",64,"S_phase"
"Zm00001eb353330","S_phase",65,"S_phase"
"Zm00001eb295910","S_phase",66,"S_phase"
"Zm00001eb176120","S_phase",67,"S_phase"
"Zm00001eb056300","S_phase",68,"S_phase"
"Zm00001eb091980","Shoot_apical_meristem",1,"Shoot_apical_meristem"
"Zm00001eb108020","Shoot_apical_meristem",2,"Shoot_apical_meristem"
"Zm00001eb369590","Shoot_apical_meristem",3,"Shoot_apical_meristem"
"Zm00001eb211650","Shoot_apical_meristem",4,"Shoot_apical_meristem"
"Zm00001eb215260","Shoot_apical_meristem",5,"Shoot_apical_meristem"
"Zm00001eb221810","Shoot_apical_meristem",6,"Shoot_apical_meristem"
"Zm00001eb226550","Shoot_apical_meristem",7,"Shoot_apical_meristem"
"Zm00001eb255390","Shoot_apical_meristem",8,"Shoot_apical_meristem"
"Zm00001eb258590","Shoot_apical_meristem",9,"Shoot_apical_meristem"
"Zm00001eb048530","Shoot_apical_meristem",10,"Shoot_apical_meristem"
"Zm00001eb130180","Shoot_apical_meristem",11,"Shoot_apical_meristem"
"Zm00001eb100130","Shoot_apical_meristem",12,"Shoot_apical_meristem"
"Zm00001eb299420","Shoot_apical_meristem",13,"Shoot_apical_meristem"
"Zm00001eb076850","Shoot_apical_meristem",14,"Shoot_apical_meristem"
"Zm00001eb254430","Shoot_apical_meristem",15,"Shoot_apical_meristem"
"Zm00001eb227760","Shoot_apical_meristem",16,"Shoot_apical_meristem"
"Zm00001eb193790","Shoot_apical_meristem",17,"Shoot_apical_meristem"
"Zm00001eb291130","Shoot_apical_meristem",18,"Shoot_apical_meristem"
"Zm00001eb401480","Shoot_apical_meristem",19,"Shoot_apical_meristem"
"Zm00001eb194620","Shoot_apical_meristem",20,"Shoot_apical_meristem"
"Zm00001eb070430","Shoot_apical_meristem",21,"Shoot_apical_meristem"
"Zm00001eb282550","Shoot_apical_meristem",22,"Shoot_apical_meristem"
"Zm00001eb117820","Shoot_apical_meristem",23,"Shoot_apical_meristem"
"Zm00001eb289480","Shoot_apical_meristem",24,"Shoot_apical_meristem"
"Zm00001eb009640","Shoot_apical_meristem",25,"Shoot_apical_meristem"
"Zm00001eb348690","Shoot_apical_meristem",26,"Shoot_apical_meristem"
"Zm00001eb194680","Shoot_apical_meristem",27,"Shoot_apical_meristem"
"Zm00001eb010420","Shoot_apical_meristem",28,"Shoot_apical_meristem"
"Zm00001eb388360","Shoot_apical_meristem",29,"Shoot_apical_meristem"
"Zm00001eb068610","Shoot_apical_meristem",30,"Shoot_apical_meristem"
"Zm00001eb256560","Shoot_apical_meristem",31,"Shoot_apical_meristem"
"Zm00001eb400020","Shoot_apical_meristem",32,"Shoot_apical_meristem"
"Zm00001eb331080","Shoot_apical_meristem",33,"Shoot_apical_meristem"
"Zm00001eb353540","Shoot_apical_meristem",34,"Shoot_apical_meristem"
"Zm00001eb217540","Shoot_apical_meristem",35,"Shoot_apical_meristem"
"Zm00001eb337460","Shoot_apical_meristem",36,"Shoot_apical_meristem"
"Zm00001eb006710","Shoot_apical_meristem",37,"Shoot_apical_meristem"
"Zm00001eb020090","Shoot_apical_meristem",38,"Shoot_apical_meristem"
"Zm00001eb242480","Shoot_apical_meristem",39,"Shoot_apical_meristem"
"Zm00001eb215380","Shoot_apical_meristem",40,"Shoot_apical_meristem"
"Zm00001eb221920","Shoot_apical_meristem",41,"Shoot_apical_meristem"
"Zm00001eb226460","Shoot_apical_meristem",42,"Shoot_apical_meristem"
"Zm00001eb308070","Shoot_apical_meristem",43,"Shoot_apical_meristem"
"Zm00001eb325700","Shoot_apical_meristem",44,"Shoot_apical_meristem"
"Zm00001eb406490","Shoot_apical_meristem",45,"Shoot_apical_meristem"
"Zm00001eb408850","Shoot_apical_meristem",46,"Shoot_apical_meristem"
"Zm00001eb007870","Shoot_apical_meristem",47,"Shoot_apical_meristem"
"Zm00001eb011960","Shoot_apical_meristem",48,"Shoot_apical_meristem"
"Zm00001eb017340","Shoot_apical_meristem",49,"Shoot_apical_meristem"
"Zm00001eb045800","Shoot_apical_meristem",50,"Shoot_apical_meristem"
"Zm00001eb261170","Shoot_apical_meristem",51,"Shoot_apical_meristem"
"Zm00001eb264640","Shoot_apical_meristem",52,"Shoot_apical_meristem"
"Zm00001eb119470","Shoot_apical_meristem",53,"Shoot_apical_meristem"
"Zm00001eb153910","Shoot_apical_meristem",54,"Shoot_apical_meristem"
"Zm00001eb400000","Shoot_apical_meristem",55,"Shoot_apical_meristem"
"Zm00001eb170390","Shoot_apical_meristem",56,"Shoot_apical_meristem"
"Zm00001eb195560","Shoot_apical_meristem",57,"Shoot_apical_meristem"
"Zm00001eb202430","Shoot_apical_meristem",58,"Shoot_apical_meristem"
"Zm00001eb204160","Shoot_apical_meristem",59,"Shoot_apical_meristem"
"Zm00001eb341630","Shoot_system_epidermis",1,"Shoot_system_epidermis"
"Zm00001eb359110","Shoot_system_epidermis",2,"Shoot_system_epidermis"
"Zm00001eb365940","Shoot_system_epidermis",3,"Shoot_system_epidermis"
"Zm00001eb216460","Shoot_system_epidermis",4,"Shoot_system_epidermis"
"Zm00001eb217390","Shoot_system_epidermis",5,"Shoot_system_epidermis"
"Zm00001eb221130","Shoot_system_epidermis",6,"Shoot_system_epidermis"
"Zm00001eb224740","Shoot_system_epidermis",7,"Shoot_system_epidermis"
"Zm00001eb243070","Shoot_system_epidermis",8,"Shoot_system_epidermis"
"Zm00001eb252760","Shoot_system_epidermis",9,"Shoot_system_epidermis"
"Zm00001eb285360","Shoot_system_epidermis",10,"Shoot_system_epidermis"
"Zm00001eb214340","Shoot_system_epidermis",11,"Shoot_system_epidermis"
"Zm00001eb159140","Shoot_system_epidermis",12,"Shoot_system_epidermis"
"Zm00001eb427320","Shoot_system_epidermis",13,"Shoot_system_epidermis"
"Zm00001eb045960","Shoot_system_epidermis",14,"Shoot_system_epidermis"
"Zm00001eb136750","Shoot_system_epidermis",15,"Shoot_system_epidermis"
"Zm00001eb389050","Shoot_system_epidermis",16,"Shoot_system_epidermis"
"Zm00001eb380150","Shoot_system_epidermis",17,"Shoot_system_epidermis"
"Zm00001eb133700","Shoot_system_epidermis",18,"Shoot_system_epidermis"
"Zm00001eb071110","Shoot_system_epidermis",19,"Shoot_system_epidermis"
"Zm00001eb011840","Shoot_system_epidermis",20,"Shoot_system_epidermis"
"Zm00001eb167740","Shoot_system_epidermis",21,"Shoot_system_epidermis"
"Zm00001eb083640","Shoot_system_epidermis",22,"Shoot_system_epidermis"
"Zm00001eb122470","Shoot_system_epidermis",23,"Shoot_system_epidermis"
"Zm00001eb178550","Shoot_system_epidermis",24,"Shoot_system_epidermis"
"Zm00001eb193330","Shoot_system_epidermis",25,"Shoot_system_epidermis"
"Zm00001eb259000","Shoot_system_epidermis",26,"Shoot_system_epidermis"
"Zm00001eb141060","Shoot_system_epidermis",27,"Shoot_system_epidermis"
"Zm00001eb010500","Shoot_system_epidermis",28,"Shoot_system_epidermis"
"Zm00001eb324720","Shoot_system_epidermis",29,"Shoot_system_epidermis"
"Zm00001eb298250","Shoot_system_epidermis",30,"Shoot_system_epidermis"
"Zm00001eb311440","Shoot_system_epidermis",31,"Shoot_system_epidermis"
"Zm00001eb312330","Shoot_system_epidermis",32,"Shoot_system_epidermis"
"Zm00001eb318020","Shoot_system_epidermis",33,"Shoot_system_epidermis"
"Zm00001eb327480","Shoot_system_epidermis",34,"Shoot_system_epidermis"
"Zm00001eb418440","Shoot_system_epidermis",35,"Shoot_system_epidermis"
"Zm00001eb418970","Shoot_system_epidermis",36,"Shoot_system_epidermis"
"Zm00001eb433910","Shoot_system_epidermis",37,"Shoot_system_epidermis"
"Zm00001eb004760","Shoot_system_epidermis",38,"Shoot_system_epidermis"
"Zm00001eb021780","Shoot_system_epidermis",39,"Shoot_system_epidermis"
"Zm00001eb043080","Shoot_system_epidermis",40,"Shoot_system_epidermis"
"Zm00001eb044810","Shoot_system_epidermis",41,"Shoot_system_epidermis"
"Zm00001eb277860","Shoot_system_epidermis",42,"Shoot_system_epidermis"
"Zm00001eb293470","Shoot_system_epidermis",43,"Shoot_system_epidermis"
"Zm00001eb125050","Shoot_system_epidermis",44,"Shoot_system_epidermis"
"Zm00001eb130610","Shoot_system_epidermis",45,"Shoot_system_epidermis"
"Zm00001eb131020","Shoot_system_epidermis",46,"Shoot_system_epidermis"
"Zm00001eb154370","Shoot_system_epidermis",47,"Shoot_system_epidermis"
"Zm00001eb157880","Shoot_system_epidermis",48,"Shoot_system_epidermis"
"Zm00001eb159290","Shoot_system_epidermis",49,"Shoot_system_epidermis"
"Zm00001eb161870","Shoot_system_epidermis",50,"Shoot_system_epidermis"
"Zm00001eb373760","Shoot_system_epidermis",51,"Shoot_system_epidermis"
"Zm00001eb384290","Shoot_system_epidermis",52,"Shoot_system_epidermis"
"Zm00001eb175590","Shoot_system_epidermis",53,"Shoot_system_epidermis"
"Zm00001eb194050","Shoot_system_epidermis",54,"Shoot_system_epidermis"
"Zm00001eb048150","Shoot_system_epidermis",55,"Shoot_system_epidermis"
"Zm00001eb091300","Shoot_system_epidermis",56,"Shoot_system_epidermis"
"Zm00001eb141610","Shoot_system_epidermis",57,"Shoot_system_epidermis"
"Zm00001eb379490","Shoot_system_epidermis",58,"Shoot_system_epidermis"
"Zm00001eb368850","Shoot_system_epidermis",59,"Shoot_system_epidermis"
"Zm00001eb298090","Shoot_system_epidermis",60,"Shoot_system_epidermis"
"Zm00001eb201210","Shoot_system_epidermis",61,"Shoot_system_epidermis"
"Zm00001eb257750","Shoot_system_epidermis",62,"Shoot_system_epidermis"
"Zm00001eb063930","Shoot_system_epidermis",63,"Shoot_system_epidermis"
"Zm00001eb415730","Shoot_system_epidermis",64,"Shoot_system_epidermis"
"Zm00001eb370000","Shoot_system_epidermis",65,"Shoot_system_epidermis"
"Zm00001eb415630","Shoot_system_epidermis",66,"Shoot_system_epidermis"
"Zm00001eb290350","Shoot_system_epidermis",67,"Shoot_system_epidermis"
"Zm00001eb205040","Shoot_system_epidermis",68,"Shoot_system_epidermis"
"Zm00001eb065660","Vascular_tissue",1,"Vascular_tissue"
"Zm00001eb070980","Vascular_tissue",2,"Vascular_tissue"
"Zm00001eb079000","Vascular_tissue",3,"Vascular_tissue"
"Zm00001eb082170","Vascular_tissue",4,"Vascular_tissue"
"Zm00001eb085610","Vascular_tissue",5,"Vascular_tissue"
"Zm00001eb091400","Vascular_tissue",6,"Vascular_tissue"
"Zm00001eb096900","Vascular_tissue",7,"Vascular_tissue"
"Zm00001eb107970","Vascular_tissue",8,"Vascular_tissue"
"Zm00001eb111230","Vascular_tissue",9,"Vascular_tissue"
"Zm00001eb111390","Vascular_tissue",10,"Vascular_tissue"
"Zm00001eb336660","Vascular_tissue",11,"Vascular_tissue"
"Zm00001eb342070","Vascular_tissue",12,"Vascular_tissue"
"Zm00001eb343020","Vascular_tissue",13,"Vascular_tissue"
"Zm00001eb343950","Vascular_tissue",14,"Vascular_tissue"
"Zm00001eb353110","Vascular_tissue",15,"Vascular_tissue"
"Zm00001eb365990","Vascular_tissue",16,"Vascular_tissue"
"Zm00001eb368220","Vascular_tissue",17,"Vascular_tissue"
"Zm00001eb368310","Vascular_tissue",18,"Vascular_tissue"
"Zm00001eb370730","Vascular_tissue",19,"Vascular_tissue"
"Zm00001eb215460","Vascular_tissue",20,"Vascular_tissue"
"Zm00001eb215900","Vascular_tissue",21,"Vascular_tissue"
"Zm00001eb218500","Vascular_tissue",22,"Vascular_tissue"
"Zm00001eb050660","Vascular_tissue",23,"Vascular_tissue"
"Zm00001eb237260","Vascular_tissue",24,"Vascular_tissue"
"Zm00001eb235450","Vascular_tissue",25,"Vascular_tissue"
"Zm00001eb205550","Vascular_tissue",26,"Vascular_tissue"
"Zm00001eb274280","Vascular_tissue",27,"Vascular_tissue"
"Zm00001eb029220","Vascular_tissue",28,"Vascular_tissue"
"Zm00001eb022860","Vascular_tissue",29,"Vascular_tissue"
"Zm00001eb318750","Vascular_tissue",30,"Vascular_tissue"
"Zm00001eb007320","Vascular_tissue",31,"Vascular_tissue"
"Zm00001eb429210","Vascular_tissue",32,"Vascular_tissue"
"Zm00001eb284750","Vascular_tissue",33,"Vascular_tissue"
"Zm00001eb250390","Vascular_tissue",34,"Vascular_tissue"
"Zm00001eb314120","Vascular_tissue",35,"Vascular_tissue"
"Zm00001eb384970","Vascular_tissue",36,"Vascular_tissue"
"Zm00001eb022580","Vascular_tissue",37,"Vascular_tissue"
"Zm00001eb382060","Vascular_tissue",38,"Vascular_tissue"
"Zm00001eb288740","Vascular_tissue",39,"Vascular_tissue"
"Zm00001eb022050","Vascular_tissue",40,"Vascular_tissue"
"Zm00001eb064450","Vascular_tissue",41,"Vascular_tissue"
"Zm00001eb288670","Vascular_tissue",42,"Vascular_tissue"
"Zm00001eb385810","Vascular_tissue",43,"Vascular_tissue"
"Zm00001eb038730","Vascular_tissue",44,"Vascular_tissue"
"Zm00001eb007510","Vascular_tissue",45,"Vascular_tissue"
"Zm00001eb015890","Vascular_tissue",46,"Vascular_tissue"
"Zm00001eb303290","Vascular_tissue",47,"Vascular_tissue"
"Zm00001eb072680","Vascular_tissue",48,"Vascular_tissue"
"Zm00001eb122700","Vascular_tissue",49,"Vascular_tissue"
"Zm00001eb026490","Vascular_tissue",50,"Vascular_tissue"
"Zm00001eb148120","Vascular_tissue",51,"Vascular_tissue"
"Zm00001eb006000","Vascular_tissue",52,"Vascular_tissue"
"Zm00001eb220050","Vascular_tissue",53,"Vascular_tissue"
"Zm00001eb219690","Vascular_tissue",54,"Vascular_tissue"
"Zm00001eb271790","Vascular_tissue",55,"Vascular_tissue"
"Zm00001eb161050","Vascular_tissue",56,"Vascular_tissue"
"Zm00001eb311850","Vascular_tissue",57,"Vascular_tissue"
"Zm00001eb318890","Vascular_tissue",58,"Vascular_tissue"
"Zm00001eb253820","Vascular_tissue",59,"Vascular_tissue"
"Zm00001eb187570","Vascular_tissue",60,"Vascular_tissue"
"Zm00001eb289430","Vascular_tissue",61,"Vascular_tissue"
"Zm00001eb388050","Vascular_tissue",62,"Vascular_tissue"
"Zm00001eb101930","Vascular_tissue",63,"Vascular_tissue"
"Zm00001eb390500","Vascular_tissue",64,"Vascular_tissue"
"Zm00001eb369060","Vascular_tissue",65,"Vascular_tissue"
"Zm00001eb271480","Vascular_tissue",66,"Vascular_tissue"
"Zm00001eb352580","Vascular_tissue",67,"Vascular_tissue"
"Zm00001eb335200","Vascular_tissue",68,"Vascular_tissue"
"Zm00001eb398540","Vascular_tissue",69,"Vascular_tissue"
"Zm00001eb140660","Vascular_tissue",70,"Vascular_tissue"
"Zm00001eb255860","Vascular_tissue",71,"Vascular_tissue"
"Zm00001eb240120","Vascular_tissue",72,"Vascular_tissue"
"Zm00001eb247590","Vascular_tissue",73,"Vascular_tissue"
"Zm00001eb249230","Vascular_tissue",74,"Vascular_tissue"
"Zm00001eb249390","Vascular_tissue",75,"Vascular_tissue"
"Zm00001eb249400","Vascular_tissue",76,"Vascular_tissue"
"Zm00001eb250960","Vascular_tissue",77,"Vascular_tissue"
"Zm00001eb257430","Vascular_tissue",78,"Vascular_tissue"
"Zm00001eb301060","Vascular_tissue",79,"Vascular_tissue"
"Zm00001eb302760","Vascular_tissue",80,"Vascular_tissue"
"Zm00001eb315990","Vascular_tissue",81,"Vascular_tissue"
"Zm00001eb324520","Vascular_tissue",82,"Vascular_tissue"
"Zm00001eb326060","Vascular_tissue",83,"Vascular_tissue"
"Zm00001eb430890","Vascular_tissue",84,"Vascular_tissue"
"Zm00001eb010170","Vascular_tissue",85,"Vascular_tissue"
"Zm00001eb010560","Vascular_tissue",86,"Vascular_tissue"
"Zm00001eb014160","Vascular_tissue",87,"Vascular_tissue"
"Zm00001eb015190","Vascular_tissue",88,"Vascular_tissue"
"Zm00001eb016040","Vascular_tissue",89,"Vascular_tissue"
"Zm00001eb022940","Vascular_tissue",90,"Vascular_tissue"
"Zm00001eb026430","Vascular_tissue",91,"Vascular_tissue"
"Zm00001eb026680","Vascular_tissue",92,"Vascular_tissue"
"Zm00001eb192400","Vascular_tissue",93,"Vascular_tissue"
"Zm00001eb071550","Vascular_tissue",94,"Vascular_tissue"
"Zm00001eb151400","Vascular_tissue",95,"Vascular_tissue"
"Zm00001eb390790","Vascular_tissue",96,"Vascular_tissue"
"Zm00001eb414390","Vascular_tissue",97,"Vascular_tissue"
"Zm00001eb251380","Vascular_tissue",98,"Vascular_tissue"
"Zm00001eb220040","Vascular_tissue",99,"Vascular_tissue"
"Zm00001eb130940","Vascular_tissue",100,"Vascular_tissue"
"Zm00001eb315650","Vascular_tissue",101,"Vascular_tissue"
"Zm00001eb049240","Vascular_tissue",102,"Vascular_tissue"
"Zm00001eb386900","Vascular_tissue",103,"Vascular_tissue"
"Zm00001eb256350","Vascular_tissue",104,"Vascular_tissue"
"Zm00001eb288890","Vascular_tissue",105,"Vascular_tissue"
"Zm00001eb003830","Vascular_tissue",106,"Vascular_tissue"
"Zm00001eb402630","Vascular_tissue",107,"Vascular_tissue"
"Zm00001eb062750","Vascular_tissue",108,"Vascular_tissue"
"Zm00001eb231860","Vascular_tissue",109,"Vascular_tissue"
"Zm00001eb178180","Vascular_tissue",110,"Vascular_tissue"
"Zm00001eb002780","Vascular_tissue",111,"Vascular_tissue"
"Zm00001eb002790","Vascular_tissue",112,"Vascular_tissue"
"Zm00001eb097070","Vascular_tissue",113,"Vascular_tissue"
"Zm00001eb034700","Vascular_tissue",114,"Vascular_tissue"
"Zm00001eb038400","Vascular_tissue",115,"Vascular_tissue"
"Zm00001eb038410","Vascular_tissue",116,"Vascular_tissue"
"Zm00001eb038800","Vascular_tissue",117,"Vascular_tissue"
"Zm00001eb043100","Vascular_tissue",118,"Vascular_tissue"
"Zm00001eb044970","Vascular_tissue",119,"Vascular_tissue"
"Zm00001eb053220","Vascular_tissue",120,"Vascular_tissue"
"Zm00001eb058270","Vascular_tissue",121,"Vascular_tissue"
"Zm00001eb061410","Vascular_tissue",122,"Vascular_tissue"
"Zm00001eb265260","Vascular_tissue",123,"Vascular_tissue"
"Zm00001eb265760","Vascular_tissue",124,"Vascular_tissue"
"Zm00001eb269230","Vascular_tissue",125,"Vascular_tissue"
"Zm00001eb275140","Vascular_tissue",126,"Vascular_tissue"
"Zm00001eb290550","Vascular_tissue",127,"Vascular_tissue"
"Zm00001eb291410","Vascular_tissue",128,"Vascular_tissue"
"Zm00001eb291460","Vascular_tissue",129,"Vascular_tissue"
"Zm00001eb296120","Vascular_tissue",130,"Vascular_tissue"
"Zm00001eb122960","Vascular_tissue",131,"Vascular_tissue"
"Zm00001eb127750","Vascular_tissue",132,"Vascular_tissue"
"Zm00001eb129030","Vascular_tissue",133,"Vascular_tissue"
"Zm00001eb131990","Vascular_tissue",134,"Vascular_tissue"
"Zm00001eb142450","Vascular_tissue",135,"Vascular_tissue"
"Zm00001eb143620","Vascular_tissue",136,"Vascular_tissue"
"Zm00001eb151300","Vascular_tissue",137,"Vascular_tissue"
"Zm00001eb152830","Vascular_tissue",138,"Vascular_tissue"
"Zm00001eb162630","Vascular_tissue",139,"Vascular_tissue"
"Zm00001eb162890","Vascular_tissue",140,"Vascular_tissue"
"Zm00001eb163000","Vascular_tissue",141,"Vascular_tissue"
"Zm00001eb393050","Vascular_tissue",142,"Vascular_tissue"
"Zm00001eb400880","Vascular_tissue",143,"Vascular_tissue"
"Zm00001eb170050","Vascular_tissue",144,"Vascular_tissue"
"Zm00001eb173640","Vascular_tissue",145,"Vascular_tissue"
"Zm00001eb175860","Vascular_tissue",146,"Vascular_tissue"
"Zm00001eb183910","Vascular_tissue",147,"Vascular_tissue"
"Zm00001eb187620","Vascular_tissue",148,"Vascular_tissue"
"Zm00001eb202620","Vascular_tissue",149,"Vascular_tissue"
"Zm00001eb083610","Vascular_tissue",150,"Vascular_tissue"
"Zm00001eb172920","Vascular_tissue",151,"Vascular_tissue"
"Zm00001eb201130","Vascular_tissue",152,"Vascular_tissue"
"Zm00001eb187000","Vascular_tissue",153,"Vascular_tissue"
"Zm00001eb010140","Vascular_tissue",154,"Vascular_tissue"
"Zm00001eb300360","Vascular_tissue",155,"Vascular_tissue"
"Zm00001eb434360","Vascular_tissue",156,"Vascular_tissue"
"Zm00001eb372190","Vascular_tissue",157,"Vascular_tissue"
"Zm00001eb352770","Vascular_tissue",158,"Vascular_tissue"
"Zm00001eb149840","Vascular_tissue",159,"Vascular_tissue"
"Zm00001eb159440","Vascular_tissue",160,"Vascular_tissue"
"Zm00001eb136060","Vascular_tissue",161,"Vascular_tissue"
"Zm00001eb041050","Vascular_tissue",162,"Vascular_tissue"
"Zm00001eb253130","Vascular_tissue",163,"Vascular_tissue"
"Zm00001eb284310","Vascular_tissue",164,"Vascular_tissue"
"Zm00001eb306650","Vascular_tissue",165,"Vascular_tissue"
"Zm00001eb298980","Vascular_tissue",166,"Vascular_tissue"
"Zm00001eb170040","Vascular_tissue",167,"Vascular_tissue"
"Zm00001eb369750","Vascular_tissue",168,"Vascular_tissue"
"Zm00001eb110400","Vascular_tissue",169,"Vascular_tissue"
"Zm00001eb322470","Vascular_tissue",170,"Vascular_tissue"
"Zm00001eb417370","Vascular_tissue",171,"Vascular_tissue"
"Zm00001eb170020","Vascular_tissue",172,"Vascular_tissue"
