gene_id,SAM,P1_P2,P3,P4,P5
Zm00001eb227240,0.67318054479219,-1.11928883288705,-1.06474831013421,0.657991990307709,0.852864607921369
Zm00001eb050860,1.77259696097725,-0.648514817883266,-0.285765882598373,-0.372901622829016,-0.465414637666592
Zm00001eb019780,1.34794402774317,-1.37059199402067,-0.330585112256487,-0.081115068871243,0.434348147405223
Zm00001eb164530,1.68847410663289,-0.897299019245076,-0.465515708654957,-0.355414437995731,0.0297550592628711
Zm00001eb055700,1.41512870523619,-0.853820204625184,-0.923724908843965,-0.236799733663012,0.599216141895973
Zm00001eb269420,1.70071178041019,-0.770089404195303,-0.66512990107264,-0.268578555229065,0.00308608008682022
Zm00001eb325760,0.683412684939003,-0.724962756383136,-1.00287616601409,-0.331075348559988,1.37550158601821
Zm00001eb202570,1.69631201676888,-0.777762117809927,-0.661745541103728,0.0244543380874231,-0.281258695942646
Zm00001eb380990,1.62001718907319,-0.983361755669717,-0.634183654038662,-0.057591912861573,0.0551201334967657
Zm00001eb150830,1.64597380623444,-0.505671983497769,-0.911485803007039,-0.412804826008782,0.183988806279153
Zm00001eb361590,1.69929924442523,-0.658461225341581,-0.778332010770348,-0.270097290008451,0.00759128169514889
Zm00001eb307400,1.70438629799941,-0.766080752377692,-0.679182049683247,-0.211191639377609,-0.0479318565608567
Zm00001eb314810,1.74103805464384,-0.68382484405676,-0.593911040165197,-0.375030478332522,-0.08827169208936
Zm00001eb203350,-0.528302214628188,-0.871059200418872,-0.714461074151317,0.727081549918196,1.38674093928018
Zm00001eb424870,1.77877352974199,-0.409857090391516,-0.405898342979241,-0.622090881191356,-0.340927215179874
Zm00001eb051340,1.77745004645277,-0.485078803839155,-0.580982469657493,-0.441695151700475,-0.269693621255649
Zm00001eb264780,1.681142431647,-0.823626337122582,-0.693352367996572,-0.106447931410292,-0.0577157951175601
Zm00001eb062170,1.7729541348912,-0.619082879393211,-0.318031045238225,-0.524952459433492,-0.310887750826271
Zm00001eb331080,1.75996931329474,-0.73744931545977,-0.42313458941265,-0.298641819694195,-0.300743588728128
Zm00001eb162130,0.882581979218754,-1.33347675572572,-0.698009635164977,0.18995209690573,0.958952314766213
Zm00001eb353320,1.31108569261363,-1.1906712175199,-0.726137936160507,0.0266103953160354,0.579113065750738
Zm00001eb386370,1.74341034236088,-0.679368354374305,-0.59954791135257,-0.106461614672975,-0.358032461961028
Zm00001eb235640,1.7354138768435,-0.751857928532512,-0.582868876599349,-0.161374706420004,-0.239312365291637
Zm00001eb388280,1.73356384463308,-0.713435719897906,-0.476036908561466,-0.0363157774721402,-0.507775438701568
Zm00001eb040220,1.77840192198598,-0.460705115026773,-0.614504706935616,-0.342061868062079,-0.361130231961516
Zm00001eb289490,-0.345670405663117,-0.657157416562079,-0.731599626980337,0.0277797492272235,1.70664769997831
Zm00001eb079950,1.77854830958501,-0.569415570963791,-0.274754406780003,-0.451214178220082,-0.483164153621134
Zm00001eb041860,1.77265804971808,-0.562965059280507,-0.21654587277782,-0.477985025752418,-0.515162091907335
Zm00001eb284130,1.78552697514176,-0.534229783330528,-0.362196837163406,-0.44982703600692,-0.439273318640905
Zm00001eb334160,1.78772492427298,-0.46744442583902,-0.46744442583902,-0.385391646755923,-0.46744442583902
Zm00001eb222520,1.76513235374727,-0.182355523676645,-0.425327370724714,-0.566350583610451,-0.591098875735463
Zm00001eb360510,1.78742188740676,-0.469956239378756,-0.469956239378756,-0.469956239378756,-0.377553169270491
Zm00001eb073910,1.74873345821443,-0.572687920160916,-0.674442848242839,-0.379805324426508,-0.121797365384169
Zm00001eb244670,1.75781158317982,-0.69031001632378,-0.280142443766015,-0.243473808915198,-0.543885314174826
Zm00001eb144270,1.78404725313542,-0.428197386772936,-0.334221351939673,-0.522129594315212,-0.499498920107596
Zm00001eb295700,1.65897849230524,-0.93503702104089,-0.244460775734707,-0.55500546777179,0.0755247722421544
Zm00001eb160080,1.77086605109207,-0.434087791947945,-0.642075173276778,-0.452314634247055,-0.242388451620292
Zm00001eb216500,1.78270474578827,-0.584639414244982,-0.425141337072399,-0.405298631132563,-0.367625363338323
Zm00001eb264150,1.78231153670072,-0.318452361108181,-0.4173983567219,-0.51342814086323,-0.533032678007404
Zm00001eb358680,1.76055575716266,-0.598899420132901,-0.594631688981023,-0.166427762279287,-0.400596885769448
Zm00001eb243260,1.68302296371805,-0.669286196077838,-0.357000083125067,-0.762182297537991,0.105445613022844
Zm00001eb430300,1.62097207937376,-0.44944177176861,-0.814566479013801,-0.649237411069716,0.292273582478364
Zm00001eb373300,0.904773304810096,-1.10675798377474,-0.878529902194806,-0.00787652663754999,1.08839110779701
Zm00001eb198620,1.69975015164645,-0.541198212265698,-0.750499944029371,-0.496814774420183,0.0887627790688012
Zm00001eb311020,0.946802951935018,-1.09595109025565,-0.730315162556426,-0.261113301216245,1.14057660209331
Zm00001eb309600,0.277265950914961,-0.650841342494048,-0.955033774195199,-0.258960945501224,1.58757011127552
Zm00001eb093650,1.59831952776555,0.233391451599751,-1.00043410946785,-0.56484314815091,-0.26643372174654
Zm00001eb358260,0.690894576986708,-0.635484991285296,-0.960577419017142,-0.492521931430354,1.39768976474609
Zm00001eb413100,1.15445358044184,-0.74101464213377,-0.813007546338919,-0.630072739119864,1.02964134715072
Zm00001eb015020,1.78505552691147,-0.343967493281118,-0.435994578720765,-0.508266438276918,-0.496827016632669
Zm00001eb075640,1.75314550993926,-0.0945902133196588,-0.533002181096453,-0.56468437568044,-0.560868739842712
Zm00001eb082590,1.77126749411703,-0.203770248545233,-0.507591003302276,-0.559448055088173,-0.500458187181349
Zm00001eb354880,1.76358658080313,-0.153636240514644,-0.502210834008256,-0.567996835808082,-0.539742670472145
Zm00001eb055920,1.77843215140231,-0.258848620502513,-0.488919289365706,-0.515414643807124,-0.515249597726968
Zm00001eb154380,1.78072118238803,-0.290236622180689,-0.443989891150663,-0.530037184075332,-0.51645748498134
Zm00001eb102260,0.663795529551148,-1.16039262521069,-0.321552390045322,-0.532940177486182,1.35108966319104
Zm00001eb104790,1.10994881419506,-1.01613911628147,-0.812412136027098,-0.279943145577874,0.998545583691375
Zm00001eb399030,1.60812690558104,-0.72263116885613,-0.925413940498891,-0.111464557661061,0.151382761435041
Zm00001eb197040,1.68193297770066,0.158073009825231,-0.526986268015083,-0.713031817874269,-0.599987901636543
Zm00001eb400120,1.63315976932297,0.295857762705965,-0.586270584160505,-0.676826512292782,-0.665920435575646
Zm00001eb071920,1.76927199051622,-0.192043177237069,-0.54703828346718,-0.553166869912928,-0.477023659899042
Zm00001eb344540,1.73410449906552,-0.0280889582916445,-0.461443036070685,-0.573899469687824,-0.670673035015365
Zm00001eb172450,1.72660281564625,-0.250812733146577,-0.304948763862512,-0.883336120984051,-0.287505197653111
Zm00001eb117820,1.77502266168485,-0.231437989599169,-0.482905753868162,-0.532904276937684,-0.527774641279838
Zm00001eb035180,1.76659617905009,-0.173878803592061,-0.483897361729237,-0.552602561743425,-0.556217451985369
Zm00001eb264380,1.7613994659877,-0.1409991777587,-0.501107497217369,-0.553553230612234,-0.5657395603994
Zm00001eb299420,1.74533224677267,-0.0606058082181482,-0.509789321455625,-0.59051138184111,-0.584425735257787
Zm00001eb403140,1.65527277450439,-0.092913418969,-0.248285117598164,-0.253058104950476,-1.06101613298675
Zm00001eb103060,1.76045889831894,-0.197055701956149,-0.347306931827112,-0.638759290274826,-0.577336974260852
Zm00001eb421120,1.7431280463572,-0.189575711027878,-0.280663383374288,-0.771852354292494,-0.501036597662534
Zm00001eb291720,1.74845083329035,-0.0865074415303132,-0.454834473880824,-0.601854799568267,-0.605254118310945
Zm00001eb130180,1.74841057749496,-0.0755043657039279,-0.503076356556876,-0.581540195164305,-0.588289660069852
Zm00001eb202660,1.73837767333301,-0.0292901051870672,-0.521433904847044,-0.597778128761713,-0.589875534537189
Zm00001eb220660,1.68410237101487,0.147713675684526,-0.490593136782473,-0.640125383903172,-0.701097526013753
Zm00001eb264910,1.73015356850574,0.00513006787100513,-0.59614123333227,-0.603741616390798,-0.535400786653682
Zm00001eb251820,1.75735180092921,-0.124948044915644,-0.61439753162568,-0.524002620996506,-0.494003603391384
Zm00001eb402580,1.33576006256797,0.798192983563359,-0.864003054343492,-0.521517410200409,-0.748432581587426
Zm00001eb227390,1.77856532860418,-0.39821971731954,-0.40208961882819,-0.351363752559572,-0.626892239896874
Zm00001eb279010,1.76583175943655,-0.228302221758055,-0.36724018790708,-0.514213876929867,-0.656075472841551
Zm00001eb375660,1.72603847121635,-0.103042944291206,-0.622987810360732,-0.25296963083521,-0.747038085729205
Zm00001eb015320,1.70294198488278,-0.259117109079036,-0.147721940531128,-0.940526884364436,-0.355576050908183
Zm00001eb204190,1.77475741861221,-0.552048232067702,-0.250396999383956,-0.557165609142989,-0.415146578017559
Zm00001eb062760,1.75809964872091,-0.717046497909044,-0.467022296150017,-0.209348159931299,-0.36468269473055
Zm00001eb176440,1.7702939501891,-0.465348059982593,-0.206074931073932,-0.589962898461991,-0.508908060670587
Zm00001eb076640,1.54321336245536,-0.90090581825032,-0.563242591655508,-0.532732929521866,0.45366797697233
Zm00001eb167310,1.77842994126282,-0.283737085227097,-0.410389735078782,-0.556361535324008,-0.527941585632937
Zm00001eb228170,1.41025771687776,-0.891173037775558,-0.341647683197263,-0.825101110979375,0.647664115074436
Zm00001eb267130,1.55800813677998,-0.721069732972225,-0.665652945412171,-0.631035197083964,0.459749738688378
Zm00001eb149810,-0.768872928971167,0.847874352850405,-0.874947757667978,-0.498588219484085,1.29453455327282
Zm00001eb023870,1.63566745594902,-0.358752595991777,-0.718516348141019,-0.790921034257061,0.232522522440832
Zm00001eb057820,1.52897517072123,0.163885792133151,-0.769846291087146,-1.01681581790305,0.0938011461358167
Zm00001eb184050,1.30477312856748,-1.03652222127216,-0.516688056458978,-0.555987905667962,0.804425054831617
Zm00001eb144290,1.26804701907815,-1.32377925940828,-0.411491973375451,-0.19135280503917,0.658577018744748
Zm00001eb273580,0.840307685370945,-1.42865496338281,-0.584078374346974,0.251257988198347,0.921167664160495
Zm00001eb168120,1.5085785559283,-0.713292866630827,-0.919281179351358,-0.363818353494699,0.487813843548583
Zm00001eb067340,0.422594620938005,-1.16742198533747,-0.878626232317551,0.382334874795813,1.2411187219212
Zm00001eb320340,0.102456237722321,-1.0443254415919,-0.955268118337743,0.642966874601069,1.25417044760625
Zm00001eb148320,0.871101457357656,-1.1325960982594,-0.972608794904024,0.262837929253659,0.971265506552113
Zm00001eb199530,1.59222425039236,-0.532359586558999,-0.992353644753605,0.277990045325685,-0.345501064405437
Zm00001eb357490,-0.553512678419457,-0.66051093445843,-0.775458958337946,0.412937206197411,1.57654536501842
Zm00001eb419680,0.727355132066194,-0.777145692038435,-1.33332976984119,0.433955927085699,0.949164402727734
Zm00001eb031560,1.52724161186663,0.0851352850423424,-0.97937438122641,-0.816883497329725,0.183880981647163
Zm00001eb070520,1.20933592792806,-0.720310919328896,-0.792492542172572,-0.668195526369793,0.971663059943198
Zm00001eb116410,-0.23773724371376,-0.832409610598975,-0.575331352341261,-0.0620687328330313,1.70754693948703
Zm00001eb294030,-0.399533408409177,-0.800222678905777,-0.815388587374918,0.505200890433856,1.50994378425602
Zm00001eb150840,0.470668304051287,-0.608069775402412,-1.03129090506809,-0.327311814984893,1.49600419140411
Zm00001eb004670,1.40211723215972,-0.889398931173976,-0.885254086631305,-0.255303480126511,0.627839265772068
Zm00001eb360260,1.54328815919249,-0.604647559157984,-0.805262027928237,-0.612272062324941,0.478893490218674
Zm00001eb388300,1.13507352665633,-1.08966548386529,-0.695748440275306,-0.318530047455994,0.968870444940263
Zm00001eb005020,0.64541106447472,-0.649376599651597,-0.961167878319148,-0.458754079818065,1.42388749331409
Zm00001eb120590,1.5965950747495,-0.586368776160736,-0.857649720739873,-0.500465714119474,0.347889136270579
Zm00001eb406000,1.57367009635665,-1.13474314732151,-0.342240755543318,0.190526713693693,-0.287212907185519
Zm00001eb148850,-0.130405951903959,-1.18675056293261,-0.1312608588753,-0.144247279724779,1.59266465343665
Zm00001eb074570,1.57772136834947,-0.963299384730491,-0.532366441076664,-0.425780286282915,0.343724743740601
Zm00001eb139160,0.29448804532733,-1.47411505026687,-0.27778047907157,0.180487850245301,1.27691963376581
Zm00001eb415640,1.67480552898067,-0.843899912996047,-0.448283897843121,-0.514344320401654,0.131722602260153
Zm00001eb339390,1.22188188413963,-1.14035786629057,-0.912943043746714,0.532958816918621,0.298460208979038
Zm00001eb142180,0.614436822732813,-1.37354580562326,-0.670205460217152,0.350518468341582,1.07879597476601
Zm00001eb121110,-0.195117534373058,-1.24809306844675,-0.580042118558858,1.11401823949331,0.909234481885362
Zm00001eb362090,-0.300011248914318,-1.00504319183071,-0.776604731463215,0.785766780574606,1.29589239163364
Zm00001eb340550,0.988363857119438,-0.280145080875691,-1.04536442301409,-0.778801244533473,1.11594689130382
Zm00001eb092090,-0.108775202885695,-0.717571605285392,-0.456714848856114,-0.463355338811558,1.74641699583876
Zm00001eb178550,1.08815936365873,-0.565901419670458,-0.415767044333537,-1.12961257852656,1.02312167887183
Zm00001eb094740,1.75818858221424,-0.588100321951364,-0.393925775463243,-0.157300716019554,-0.618861768780077
Zm00001eb296770,1.56247988869308,-0.746090383562529,-0.724960095413872,0.440216837934525,-0.531646247651206
Zm00001eb355110,1.61298337360586,-1.07943085377851,-0.480071802566837,-0.0513842138778557,-0.00209650338266557
Zm00001eb379550,1.69396174474641,-0.877479614199935,-0.0088102477147944,-0.272918833335961,-0.53475304949572
Zm00001eb317100,1.54521680661498,-0.926515868490646,0.414061137728347,-0.359651992192982,-0.673110083659698
Zm00001eb388060,1.70310188188658,-0.942058558039398,-0.237911251171301,-0.16529998060141,-0.357832092074471
Zm00001eb278870,1.72329701835444,-0.642903557163586,-0.366747867564375,-0.0193517701288591,-0.694293823497626
Zm00001eb427580,-0.388904796053058,-1.38305654989482,0.314921347628983,1.35111513480417,0.105924863514736
Zm00001eb106620,1.65143324502537,-0.69670130853025,-0.359349593632822,0.19271851769472,-0.788100860557013
Zm00001eb306220,1.70956310252904,-0.932592959879201,-0.196538752102273,-0.273089852073598,-0.307341538473964
Zm00001eb343660,-0.161327802607767,-0.95476534264337,-0.835435132222371,0.496069802960284,1.45545847451323
Zm00001eb101700,1.23465859525602,0.353923084869692,0.419476725551068,-0.72274056142788,-1.28531784424889
Zm00001eb244380,1.6693906169463,-0.70785505837033,0.0517562160837394,-0.193582500624084,-0.819709274035623
Zm00001eb145420,1.61741243316314,-0.165063184707873,0.0961271569503327,-0.501656887540624,-1.04681951786498
Zm00001eb376740,-0.707950784894418,-0.742397907024386,-0.0620104476096707,-0.192553968892105,1.70491310842058
Zm00001eb030510,1.51511658997459,0.0710317074493894,0.111739293519519,-0.498601527207973,-1.19928606373552
Zm00001eb280500,1.59500564463966,0.148978200801283,-0.15341652593658,-0.525771452342617,-1.06479586716174
Zm00001eb312850,1.47334478831283,0.108625388604292,-0.174755511080262,-0.0724220933984111,-1.33479257243845
Zm00001eb427790,-1.18786622444168,-0.702235579276865,1.36565816202676,0.0462400602009514,0.478203581490832
Zm00001eb097990,0.614661596663318,1.30206736947291,-0.14169185134256,-0.480482486048835,-1.29455462874483
Zm00001eb143060,1.19880262052688,-1.40700412323635,-0.0652881948188705,-0.383615996469224,0.657105693997561
Zm00001eb031670,1.67305805967143,-0.229855080350071,0.0228848918645647,-0.542239284561042,-0.923848586624885
Zm00001eb220000,1.36216142322997,-1.21483532823921,0.595797408318001,-0.234447638626849,-0.5086758646819
Zm00001eb074810,1.66057757550308,0.0615353450934409,-0.165676797789105,-0.778300295789854,-0.778135827017564
Zm00001eb053870,1.70441889023884,-0.75793703895077,-0.0755129444049846,-0.695765136966354,-0.175203769916729
Zm00001eb429450,1.73691253608112,-0.759985152950419,-0.423861891068599,-0.0855382600582964,-0.467527232003801
Zm00001eb313820,0.786250290190707,-1.71325065076187,0.440646454926079,0.502158930797862,-0.0158050251527706
Zm00001eb112080,1.74965312562081,-0.734724361476982,-0.167359063954631,-0.500262945097073,-0.347306755092121
Zm00001eb100750,-1.31258475408169,1.0602186834356,0.411668654069636,0.617090363911091,-0.776392947334636
Zm00001eb337450,1.6776831504559,-0.411334246623228,-0.00149865102172394,-0.303595339693223,-0.96125491311772
Zm00001eb075520,1.67039246084887,0.104075369204218,-0.894898320553587,-0.51492821459164,-0.364641294907865
Zm00001eb428800,1.73417229741172,-0.0539733418119398,-0.589611634707112,-0.391343848436866,-0.6992434724558
Zm00001eb152940,1.6244667600818,0.313302554343553,-0.561054811699678,-0.704094819348263,-0.67261968337741
Zm00001eb362740,1.61142237012452,0.338347869531117,-0.530522917264443,-0.698384945833302,-0.720862376557886
Zm00001eb041290,1.60313659566113,0.343344651676734,-0.627673677808876,-0.815074201477846,-0.503733368051144
Zm00001eb106790,1.07706794632933,1.06171957122822,-0.786772566092821,-0.376263496799911,-0.975751454664818
Zm00001eb138730,-0.273258083522446,0.531590232352039,-0.902602465294274,-0.822528223282831,1.46679853974751
Zm00001eb157860,0.634577722985821,0.892340426498452,-1.6702004442887,0.0961895141739887,0.0470927806304321
Zm00001eb274800,1.6569724999666,0.203764576446845,-0.727221291730526,-0.71105326221002,-0.422462522472894
Zm00001eb169410,1.74374448072188,-0.328221547824143,-0.170015529766539,-0.776174976991781,-0.469332426139418
Zm00001eb060670,1.62925794044733,-0.0437350035365874,-0.238652034869728,-1.10910757878698,-0.237763323254033
Zm00001eb361390,1.65448298614819,0.12480610925175,-0.29915657793342,-0.916444674203918,-0.563687843262604
Zm00001eb187880,1.69450732241526,0.0514312593675153,-0.313175792432165,-0.688848890234643,-0.743913899115967
Zm00001eb029300,1.75153801059764,-0.117123274812131,-0.587447563005268,-0.635804479834705,-0.411162692945537
Zm00001eb303220,1.64795657686572,0.243156879273373,-0.571647855404916,-0.777711286705939,-0.541754314028237
Zm00001eb100610,1.28487478343916,-0.335337382723696,-1.16367718185046,-0.5485111967659,0.762650977900899
Zm00001eb067270,1.6832256121802,0.135922675664231,-0.47761068892637,-0.570014072749195,-0.771523526168862
Zm00001eb250620,1.77733587973674,-0.286063756602443,-0.490899361020044,-0.405609207492382,-0.59476355462187
Zm00001eb004190,1.66275518655298,0.197178344043691,-0.538090519952675,-0.532099903534484,-0.789743107109516
Zm00001eb271970,1.75637493484207,-0.297906273439862,-0.247481800026632,-0.73180081358189,-0.479186047793689
Zm00001eb308280,0.785148855195105,-1.54687508813338,-0.0973177483381089,-0.12377255653942,0.982816537815807
Zm00001eb324300,1.75355862552105,-0.359456298177438,-0.256257214163264,-0.772404504138817,-0.365440609041531
Zm00001eb413890,1.7237848589995,-0.0517234921482369,-0.324669267114885,-0.753532044316664,-0.593860055419713
Zm00001eb073790,1.74707930124934,-0.200775657265098,-0.346428252198012,-0.416171487400079,-0.783703904386156
Zm00001eb074730,1.12245615396778,0.529934147871345,0.432213772053985,-1.26553528283605,-0.819068791057058
Zm00001eb239380,1.72838190447824,-0.256557061212196,-0.146144149206729,-0.50986697848764,-0.815813715571674
Zm00001eb425230,1.74299626818311,-0.276984166864465,-0.177388962145066,-0.7527139199037,-0.535909219269879
Zm00001eb006890,1.56593687313465,-0.0159223563565628,0.115857925680468,-1.10367560856601,-0.56219683389254
Zm00001eb425660,1.58077336134225,-0.144028897539077,0.116628292586901,-1.13746722439202,-0.415905531998054
Zm00001eb051910,1.66996940774416,0.161839630948468,-0.4020803135351,-0.689571885927245,-0.740156839230278
Zm00001eb158680,1.51520221142105,0.478670234735689,-0.35178184896533,-0.781956739341539,-0.860133857849875
Zm00001eb361790,1.63957166829625,0.234757673961659,-0.389175473642139,-0.777182013556453,-0.707971855059313
Zm00001eb303810,1.42233466986345,0.606623523938384,-0.414939573975218,-1.06611265269835,-0.547905967128261
Zm00001eb042240,0.0302118042756224,0.225554606357057,-1.11364193661448,-0.652736585971817,1.51061211195361
Zm00001eb349730,1.65878781427939,0.138164974706107,-0.280293359326281,-0.776234279794012,-0.740425149865208
Zm00001eb051330,1.46457215176926,0.49491621872557,-0.191754230528212,-0.810128786245756,-0.957605353720861
Zm00001eb227100,1.52294601178795,0.417375552990913,-0.258185107309212,-0.729305058293555,-0.952831399176095
Zm00001eb138370,1.64063838194537,0.0695188320632286,-0.422999313190573,-1.02838843697179,-0.25876946384624
Zm00001eb325750,1.44878007101378,0.424119133653151,-0.806773179175611,-1.03404402663267,-0.0320819988586541
Zm00001eb233350,-0.616008307640556,0.348543396147726,-1.31612252739134,1.29825110684838,0.28533633203579
Zm00001eb361210,1.4217363029003,-1.27819774292355,0.0376661127815693,-0.49497846836133,0.313773795603016
Zm00001eb035370,-0.621512966330974,-1.31921790150807,0.742369865149118,1.14883411861569,0.0495268840742382
Zm00001eb229950,1.07261299308968,-1.53750177622896,-0.0617040718640665,0.677501838616192,-0.150908983612855
Zm00001eb136060,1.13915226700555,-1.00474097107327,0.455048979988367,0.51521628341278,-1.10467655933342
Zm00001eb292900,1.31785024223193,-1.45376597240544,0.183118943731369,0.216386535935399,-0.263589749493258
Zm00001eb407810,0.639027007379739,-1.60729783172074,0.937163560787258,0.269993009030804,-0.238885745477068
Zm00001eb143690,1.3005524316547,0.743078592284946,-0.309350230772315,-0.587109078557083,-1.14717171461025
Zm00001eb008680,1.33244092810323,0.664016816778291,-0.179632802671638,-0.683703257856603,-1.13312168435328
Zm00001eb179440,0.939168616891876,1.09061840243562,-0.144224497813028,-0.687790974398367,-1.1977715471161
Zm00001eb227180,1.32218781613259,0.745735059239729,-0.265969740626782,-0.874133063013983,-0.927820071731559
Zm00001eb330690,1.10351682531618,0.979054250538004,-0.231976874108539,-0.755678895984461,-1.09491530576118
Zm00001eb031310,-0.543692345036155,-0.340494883834035,-0.239957846674225,-0.641885730693939,1.76603080623836
Zm00001eb147970,1.10047139090737,0.921206392748562,-0.054989439339492,-0.942197243477943,-1.0244911008385
Zm00001eb145150,1.09234012194275,1.01158185223113,-0.261935770431457,-0.825002792437083,-1.01698341130534
Zm00001eb408860,1.17269224121528,0.920389906098242,-0.247299339406364,-0.842079035184005,-1.00370377272316
Zm00001eb232120,1.14678738955037,0.158936184607468,0.41219405333652,-0.146886644877774,-1.57103098261658
Zm00001eb290900,0.925656748280623,0.612672152633344,0.47127191847244,-0.491747064528099,-1.51785375485831
Zm00001eb408640,0.807426534002861,0.522988757455523,0.704961257281209,-0.514599847790431,-1.52077670094916
Zm00001eb316800,1.30461032431424,0.42751467335978,0.198851338827025,-0.640413988456141,-1.2905623480449
Zm00001eb108930,0.80170502799355,0.917537149670519,0.247682583495242,-0.473731345195956,-1.49319341596336
Zm00001eb045630,1.35027451163927,0.400932180395004,0.118335537456338,-0.578109681035679,-1.29143254845493
Zm00001eb187040,0.435761793319239,-1.74919817387341,0.655470201737612,0.100601307733425,0.55736487108311
Zm00001eb243910,1.74583357987653,-0.52875126408346,-0.0795581697086379,-0.666683261443172,-0.470840884641252
Zm00001eb238060,1.74897250613726,-0.214570401893554,-0.365813060327539,-0.38626000032042,-0.782329043595751
Zm00001eb032000,1.58650466885082,0.168734960444328,-0.273977839376279,-0.364865444690053,-1.11639634522881
Zm00001eb331630,1.52351389790634,0.41513492762343,-0.45387013398609,-0.427519202063596,-1.05725948948008
Zm00001eb047760,0.76745510304671,1.08736770440696,0.0548692451755872,-0.506420091395312,-1.40327196123393
Zm00001eb183700,1.37637777708812,-0.112555997955111,0.522123668000305,-0.557188814401769,-1.22875663273154
Zm00001eb058850,1.40694798720631,0.321876630188667,0.105998661356489,-0.583968354917208,-1.25085492383426
Zm00001eb106720,1.77320565955238,-0.612733011911166,-0.41259607335182,-0.49723617868162,-0.25064039560778
Zm00001eb389900,0.340128750040968,0.961230864935296,0.743571848267785,-0.624611349044551,-1.4203201141995
Zm00001eb284410,0.309311602980963,-0.312265937436063,1.46506923921474,-1.27488575410984,-0.187229150649812
Zm00001eb159750,1.38268663011049,0.371740677280403,-0.064941256928349,-1.35395203318557,-0.335534017276981
Zm00001eb176740,1.70530167138995,-0.437252060389255,-0.0179608570335863,-0.869045715562951,-0.381043038404164
Zm00001eb161000,1.43648402248126,0.485644393086931,-0.122715248669312,-0.717141154412625,-1.08227201248625
Zm00001eb005740,1.40851110429086,0.493706977102136,-0.0626532240679866,-0.72430221072304,-1.11526264660197
Zm00001eb136750,-0.854207768113368,-0.00789158616588246,-0.367450335924762,-0.475947585686632,1.70549727589065
Zm00001eb092810,1.55336700144858,-0.549867835303811,0.450580296339318,-0.837719850167502,-0.616359612316587
Zm00001eb199880,1.42677166052056,0.590836290606033,-0.280983470280794,-0.749251117190342,-0.987373363655457
Zm00001eb331880,1.3531067962663,0.623423294913394,-0.111990900327157,-0.810511157548898,-1.05402803330364
Zm00001eb073900,1.5951252244502,0.351944121935393,-0.656301885981995,-0.46107641971745,-0.829691040686139
Zm00001eb408800,1.2272118034253,0.65681456437477,0.036921896167152,-0.63171778244577,-1.28923048152145
Zm00001eb053460,1.38826999458001,0.468594588958434,0.000524963276010323,-0.675537417743334,-1.18185212907112
Zm00001eb104350,1.47284416636508,0.484857542241055,-0.239610681741118,-0.682535516215862,-1.03555551064915
Zm00001eb258240,1.3501122436793,0.603428102657213,-0.176092180100412,-0.570603031731797,-1.20684513450431
Zm00001eb207760,1.75693223745816,-0.207357799352662,-0.366994237010565,-0.456644045985843,-0.725936155109098
Zm00001eb091300,1.37634204696833,0.426133667274429,0.0721051316029711,-0.652802423568821,-1.22177842227691
Zm00001eb206760,1.6164389044236,0.327511395625563,-0.532149618334823,-0.699276321580209,-0.712524360134142
Zm00001eb316740,1.47479189848613,0.379628240375558,-0.174282092965407,-1.18580380620442,-0.49433423969187
Zm00001eb246280,1.54141016400905,0.420375779197397,-0.391814859429115,-0.609749380472367,-0.960221703304964
Zm00001eb288890,1.00796895191481,0.958277242598628,-1.11460982041691,-0.90576923126078,0.0541328571642587
Zm00001eb352570,1.49999242258649,0.543988907413255,-0.562631165637039,-0.598643716772755,-0.882706447589948
Zm00001eb076420,1.30050974323229,0.855092890743963,-0.65838958401258,-0.856287194393708,-0.64092585556997
Zm00001eb128000,-0.667156270647767,-0.76656026653309,-0.46708125227835,0.263883471060305,1.6369143183989
Zm00001eb428890,1.07043541772004,-1.36879101495958,-0.331968426078085,-0.264373125652987,0.894697148970618
Zm00001eb060810,1.23619725836183,-1.52827931447051,0.24871215150219,-0.169861995940003,0.213231900546485
Zm00001eb215910,-0.245308299645914,-1.43407976620519,-0.00524431404230664,0.360539046568531,1.32409333332488
Zm00001eb042020,1.3335140138132,-1.24115011456743,-0.702448663034907,0.334630676621662,0.275454087167472
Zm00001eb259870,0.996777193217347,-1.59562036728595,-0.277016997848807,0.445896675920395,0.429963495997016
Zm00001eb314500,0.271712384009932,-1.57032506405819,-0.206937075870785,0.375887237924479,1.12966251799457
Zm00001eb067160,-0.26755409068653,-1.24463962139136,-0.319490335899784,0.368265672747112,1.46341837523056
Zm00001eb172100,-0.55454666329149,-1.13925203938061,-0.260712975176267,0.520882316384085,1.43362936146428
Zm00001eb146420,0.111239129289443,-1.47690299213066,-0.18122000910695,0.23626512169268,1.31061875025549
Zm00001eb340790,0.648989068410199,-1.55824019890894,-0.139155803666852,-0.0151284270653581,1.06353536123095
Zm00001eb100770,1.10512051798895,-1.09819277549471,-0.637189704726373,-0.38059003992737,1.0108520021595
Zm00001eb355240,0.830928446125444,-0.877699309078107,-0.925406543884626,-0.291812355076727,1.26398976191402
Zm00001eb126430,0.970144011151369,-1.29798872904073,-0.57254641454224,-0.115880561360895,1.0162716937925
Zm00001eb275820,0.952107330632351,-1.31961273563836,-0.519418006631618,-0.143480465194897,1.03040387683252
Zm00001eb278470,-0.142416323237893,-1.36533865346581,-0.268750412713238,0.405885889994303,1.37061949942264
Zm00001eb403880,0.922381352323122,-1.51238940088965,-0.14343283477592,-0.168232919937197,0.901673803279642
Zm00001eb356490,-0.416779145194446,-0.90794499620067,-0.650451974927833,0.427149430356731,1.54802668596622
Zm00001eb416530,0.258302645377229,-1.16613653774872,-0.851132380721203,0.490897358198998,1.26806891489369
Zm00001eb292830,1.2660619943013,-0.910582143927699,-0.817178992419854,-0.399056227970025,0.860755370016279
Zm00001eb333750,0.404741417903971,-0.937589606644092,-0.853468654157537,-0.103008701731258,1.48932554462892
Zm00001eb402950,1.47055644605018,-0.754364001495838,-1.01222922067127,-0.168187091527066,0.464223867643993
Zm00001eb234690,0.278989534616172,-0.927258315870825,-0.804837279789056,-0.0977148858632924,1.550820946907
Zm00001eb118760,1.46206859704801,-0.54170081690362,-0.868849782275766,-0.663210426997333,0.611692429128706
Zm00001eb369560,1.60570840121555,-0.428743927035642,-0.798250018500676,-0.703635247878058,0.324920792198826
Zm00001eb075080,1.43410028929651,-1.2652076470855,0.370888489605924,-0.442177917651263,-0.0976032141656689
Zm00001eb301520,-0.254395791566985,-1.60981012513789,0.659463281574321,0.299716469560883,0.905026165569669
Zm00001eb389540,-1.15298575812375,-0.754020663606973,0.126411889806093,0.389878306003172,1.39071622592146
Zm00001eb420370,1.33554744332012,-1.44100711482064,-0.133026650148642,-0.0971795381013049,0.335665859750469
Zm00001eb049650,1.53948223888584,-1.12275320590188,-0.320307592507181,0.313848787220353,-0.410270227697128
Zm00001eb037670,1.1813175080636,-1.34828101120393,0.253267837929146,0.556330294041432,-0.642634628830241
Zm00001eb135750,0.843627162287496,-1.51262266800546,-0.370697042423158,0.118368204497987,0.921324343643133
Zm00001eb203940,-1.21445355480256,-0.721690068650235,0.236223502363653,0.348163161426887,1.35175695966225
Zm00001eb089380,0.921275089611963,-1.64306258393819,0.402074568794043,-0.185704977701247,0.505417903233436
Zm00001eb197620,-0.33347894906509,-1.22836780188898,-0.460835405418728,0.764446859875237,1.25823529649756
Zm00001eb118970,1.61741205897182,0.141947922737902,-1.03209167237867,-0.232950946771588,-0.494317362559462
Zm00001eb429330,-0.450660454044265,-0.289250733474185,-0.562503289316472,-0.477661107121296,1.78007558395622
Zm00001eb051370,1.24005203775718,-0.52944219300682,0.903388783357658,-0.629017814657747,-0.984980813450271
Zm00001eb123510,1.32355522847607,-1.29969458612152,0.512082300869992,0.00875026399920528,-0.544693207223751
Zm00001eb369280,1.01655626218016,-0.380274018556235,0.78474414674645,0.0629606762920707,-1.48398706666245
Zm00001eb134600,-0.58622339427198,-1.44876878612024,0.781002345154381,0.343092452152883,0.910897383084954
Zm00001eb380460,1.02706109906217,-0.571358685569586,0.987541363772539,-0.172996102805636,-1.27024767445949
Zm00001eb181960,-0.732409568744853,-1.34873347312768,0.333988277888391,0.815822781946647,0.931331982037498
Zm00001eb289860,-1.22762530479276,-0.895247796183778,1.0620412575251,0.509754826222261,0.551077017229161
Zm00001eb373390,0.355746232403572,-0.368522909555061,-1.05087393138692,-0.484939947662892,1.5485905562013
Zm00001eb092480,0.947172232040371,1.21183285886514,-0.493723213719056,-0.788023632430166,-0.877258244756292
Zm00001eb352240,1.55076761476567,0.21970178393913,-0.839494503776169,-0.917561988753624,-0.0134129061750062
Zm00001eb229050,-0.157471685553975,1.61650954527911,0.15078311472602,-0.952562486352627,-0.657258488098518
Zm00001eb291470,1.69219976491227,-0.174810297133823,-0.0452857325931161,-0.836813503389908,-0.635290231795414
Zm00001eb008010,0.848703414951485,1.16188450352953,-0.095047008796428,-0.750352408750782,-1.16518850093381
Zm00001eb400130,0.955476412446167,1.03256395801799,-0.0151801272882669,-0.793353333696797,-1.17950690947909
Zm00001eb399440,0.88381740921529,1.04049983421611,0.00209111047054321,-0.588572400115609,-1.33783595378633
Zm00001eb179960,0.824123516420134,0.976380773713594,0.28467538940953,-0.805446645603818,-1.27973303393944
Zm00001eb041450,1.21826971307743,0.816107291671399,-0.145772665840727,-0.79409406364507,-1.09451027526303
Zm00001eb312160,-0.804832320699112,1.55939194335327,0.278616476551958,-0.123403528308427,-0.909772570897687
Zm00001eb274340,0.282653950405035,1.36767605172601,0.289977472029157,-1.17397409969161,-0.766333374468592
Zm00001eb019930,-0.189432633647736,1.55994748376369,-1.22394645215845,0.0313414666521961,-0.1779098646097
Zm00001eb430240,0.939135397750154,1.15972789479893,-0.263882455984853,-0.817879603451756,-1.01710123311247
Zm00001eb042980,1.44045218361526,0.485235534777944,-0.0970033879252168,-0.850345544275353,-0.978338786192634
Zm00001eb145660,0.809136923150262,1.09601630496351,0.103128137434742,-0.762466041454968,-1.24581532409354
Zm00001eb043940,1.04185172510136,1.05258683774594,-0.251327920137373,-0.771702413756514,-1.07140822895342
Zm00001eb186770,1.21932375883747,0.906927447621274,-0.439402095746337,-0.64986834519529,-1.03698076551712
Zm00001eb062460,1.38668553177956,0.504454745023019,-0.549553879229614,-1.22788033242192,-0.11370606515105
Zm00001eb110960,0.949707420731494,1.08759243331735,-0.0908415722239111,-1.05259034463259,-0.893867937192343
Zm00001eb237460,0.872026249250464,0.145446716949978,0.510197735061471,0.182532669363843,-1.71020337062576
Zm00001eb316260,-1.02597028857916,-1.12287250874885,0.564719300023247,0.554458317623314,1.02966517968145
Zm00001eb032060,-1.34839258815504,-0.261091464592928,-0.365250212511075,1.11080385405355,0.863930411205483
Zm00001eb033590,1.38523314314722,0.423728525864315,-0.188782225465294,-0.284041324665591,-1.33613811888065
Zm00001eb102090,0.801593562607184,-0.910353789496914,-1.26058704923792,0.652517392093204,0.716829884034448
Zm00001eb199140,1.56668722137551,0.273830426714243,-0.81982819506254,-0.137862311758106,-0.882827141269107
Zm00001eb405850,1.18407903929821,0.829273316989741,-0.0928573756077632,-0.790704550631908,-1.12979043004828
Zm00001eb399930,0.692795053559565,1.05811986928742,-1.1195792525928,0.372687919144885,-1.00402358939906
Zm00001eb361750,1.39729836300703,0.588026491462311,-0.241544540668779,-0.623844320863581,-1.11993599293699
Zm00001eb433020,1.69653394145534,0.09636985321506,-0.555544540812969,-0.480247805260187,-0.757111448597241
Zm00001eb404260,0.430453924754197,0.501975455457523,0.720999840722656,0.0887020149389661,-1.74213123587335
Zm00001eb252640,0.857565474970156,0.214019319214807,0.741376213378744,-0.190336422641398,-1.62262458492231
Zm00001eb024680,0.575421703784568,0.955594891187835,0.572845299234941,-0.72447171685894,-1.37939017734841
Zm00001eb320870,-1.67900313368608,0.0974152435931376,0.0533915008719675,0.742697341722773,0.785499047498197
Zm00001eb082150,1.16587667242222,0.529908225020818,0.215702046655406,-0.462534431126278,-1.44895251297216
Zm00001eb250190,-1.66025325681661,-0.134526321960661,0.281886012193225,0.784541232509715,0.728352334074326
Zm00001eb360340,1.15387216644593,0.575577986108413,0.275251403249016,-0.647307466108595,-1.35739408969476
Zm00001eb209480,-0.704490005610979,-0.935055168233798,0.617857608751245,-0.418052040279545,1.43973960537307
Zm00001eb284250,-0.701222851969408,0.517629295574402,1.52769767699976,-0.632187988663599,-0.711916131941152
Zm00001eb006360,1.39227721754758,0.406922827414973,-0.15564167222731,-0.311332534111587,-1.33222583862366
Zm00001eb312620,1.20324910438642,0.764509802503916,-0.148999870620631,-0.527559418338252,-1.29119961793146
Zm00001eb143110,1.17306049452597,0.632597846054974,0.244196348461746,-0.847212598858666,-1.20264209018402
Zm00001eb101920,1.10747787868784,0.800688505117464,0.113821193243122,-0.817062716891201,-1.20492486015723
Zm00001eb416980,1.14375228472105,0.596007326271299,0.278202092065914,-0.674971228395628,-1.34299047466263
Zm00001eb309370,1.50374281609095,-0.685139709925549,0.48048173752811,-0.961526159630357,-0.337558684063153
Zm00001eb232050,1.51575841656097,0.162305539917505,0.133431972643604,-0.812018320370497,-0.999477608751582
Zm00001eb275690,1.69750804042724,-0.060620821918273,-0.237585799005358,-0.500499604515827,-0.89880181498778
Zm00001eb403770,0.691066390721861,-0.2589368641827,-0.874580296258476,1.35977861320819,-0.917327843488873
Zm00001eb332590,0.492305708746713,-1.65242422983247,0.563431643335512,-0.217241870286493,0.813928748036735
Zm00001eb036170,1.22370768745429,-1.35864497465711,0.659267396394991,-0.467748124001243,-0.0565819851909203
Zm00001eb057410,0.925030837420213,-1.59801092867126,-0.134913924191492,0.0531401629803213,0.754753852462216
Zm00001eb301280,0.821252130212548,-0.944890854994003,-0.756896213513875,-0.417684581948152,1.29821952024348
Zm00001eb385620,0.724362094574982,-1.12113741915062,-0.727180064693309,-0.165319266139634,1.28927465540858
Zm00001eb071190,0.568322262145185,-1.01564554660905,-0.808886971252507,-0.147183107077,1.40339336279337
Zm00001eb079510,0.637286675952997,-1.13376625834547,-0.801706895512426,0.00758651565550911,1.29059996224939
Zm00001eb215870,-0.710364840795648,-0.854000897985217,-0.509090646806391,0.614069772157188,1.45938661343007
Zm00001eb349860,0.257864726714242,-1.43528655398083,-0.448727463094382,0.394791728201703,1.23135756215927
Zm00001eb429870,0.689589355304306,-1.26984893803569,-0.788334496230051,0.263610671036129,1.1049834079253
Zm00001eb432090,0.664008992154415,-1.28608919974491,-0.701433615419532,0.143484255489025,1.18002956752101
Zm00001eb033910,-0.652457140646723,-0.839997750093517,-0.332992428902511,0.173910238396491,1.65153708124626
Zm00001eb021750,0.377416848489062,-1.1189390532781,-0.546375208446661,-0.215605298553127,1.50350271178883
Zm00001eb376730,-0.197430507351044,-1.12419290483262,-0.406935733209227,0.143982253192943,1.58457689219995
Zm00001eb370850,-0.682308809100247,-0.795360187412088,-0.630927965497897,0.679667869897786,1.42892909211245
Zm00001eb416370,-1.03207599679018,-0.518245217364885,-0.579250451003519,0.887061034060547,1.24251063109804
Zm00001eb107920,-0.432369418500632,-0.551981091721585,-0.609427430832943,-0.169265184920351,1.76304312597551
Zm00001eb363140,0.435622482684399,-0.45482389958209,-1.22794629198617,-0.188161161760736,1.4353088706446
Zm00001eb248560,0.422006946942984,-0.477398651264352,-0.992197769954445,-0.491296981992322,1.53888645626814
Zm00001eb388050,-0.346440318038466,-0.594799812150013,-0.784610801855967,0.0199256263735723,1.70592530567088
Zm00001eb320200,-0.132537882043212,-1.49023591102068,-0.198648748401601,0.732695433225216,1.08872710824028
Zm00001eb330680,0.345535416187286,-1.70054923135915,-0.0464809022815013,0.653400806147188,0.748093911306179
Zm00001eb085420,-0.143762989790367,-1.39045950731268,-0.0702956254933783,0.188347877389402,1.41617024520702
Zm00001eb128930,-0.246864775413506,-1.49279193507903,-0.103324376843944,0.950338855862247,0.892642231474233
Zm00001eb244400,-0.868179637457579,-1.13095138194251,0.0574870258289797,1.1694644290128,0.772179564558306
Zm00001eb420440,0.443271850295206,1.3044843406732,-1.28197795516085,-0.651152498849255,0.185374263041692
Zm00001eb250280,0.458118469351831,1.52029548872458,-0.356963192449963,-0.674977304441832,-0.946473461184618
Zm00001eb001670,0.472491894595384,1.32639526494114,0.176977053383181,-0.857382423750987,-1.11848178916872
Zm00001eb253150,0.921025429238729,1.10431146203567,-0.0638792104331378,-0.933454729529417,-1.02800295131184
Zm00001eb335690,1.50608460563733,0.120142017972007,-0.649619947071647,-1.12798633797163,0.15137966143394
Zm00001eb427380,0.665587614817468,1.35184493714488,-0.210401505094771,-0.741405996570684,-1.06562505029689
Zm00001eb189840,0.98216911053041,0.640641348579686,0.511356838564683,-0.859596712825984,-1.2745705848488
Zm00001eb321680,1.06409811350774,0.509646462363046,0.565106047511253,-1.09462301719593,-1.04422760618612
Zm00001eb214850,-1.01743476921296,-0.0603870699841522,1.38380962937185,0.553913644115976,-0.859901434290713
Zm00001eb311180,-0.4409924309586,1.03822843595171,0.883476210982845,-0.0881203983033317,-1.39259181767263
Zm00001eb372960,0.540848323950609,0.841271813737506,0.400987370258654,-0.101231742912197,-1.68187576503457
Zm00001eb152350,-0.390908095045936,1.13161957756999,0.619672744468014,0.112685891031445,-1.47307011802351
Zm00001eb133000,0.750672914589467,1.00554676388514,0.270653857681348,-0.627428863703318,-1.39944467245263
Zm00001eb371020,-1.76745148447635,0.370425462482143,0.555570558960372,0.225512551972724,0.615942911061111
Zm00001eb153100,-1.53508639046744,1.12663857357345,0.55617038092353,0.0903928317232044,-0.238115395752753
Zm00001eb151240,0.448679847398095,1.09531636560928,0.428625292662313,-0.501733096549421,-1.47088840912027
Zm00001eb193790,1.03536331404897,0.873404810890116,0.106529206786153,-0.759529032714002,-1.25576829901124
Zm00001eb001460,-1.76104642000587,0.430968536805335,0.411095137072981,0.212795435416605,0.706187310710952
Zm00001eb363810,-0.198569428358397,1.23010566912229,0.644503280124103,-0.277898564168296,-1.3981409567197
Zm00001eb041850,-0.202057034196813,1.51807354635074,0.327886011263275,-0.508974686570133,-1.13492783684707
Zm00001eb198700,-1.75936316024815,0.732340796851168,0.286107687561238,0.293051458577181,0.447863217258567
Zm00001eb370810,1.42887571109065,0.668885498691702,-0.617978601730699,-0.870525442274648,-0.609257165777008
Zm00001eb066770,0.0424823296297225,1.48452260549431,0.218743295634819,-0.539167048132112,-1.20658118262674
Zm00001eb171720,-0.385077874532687,1.55686646389504,0.373756435971374,-0.556170044943857,-0.989374980389874
Zm00001eb058480,0.986947241315844,0.921939316550537,0.044196162664386,-0.611340263576733,-1.34174245695403
Zm00001eb122470,-0.831180135389036,1.57514108412072,0.378053567566158,-0.394143001478099,-0.727871514819749
Zm00001eb185110,0.400358071286391,0.98308527859908,0.703743546552232,-0.727502322028102,-1.3596845744096
Zm00001eb036990,0.585939034799963,1.28956757618141,0.0772499210579212,-0.775015003550118,-1.17774152848918
Zm00001eb373670,0.403710121493104,1.31602804142294,0.28439882071024,-0.912840922637999,-1.09129606098829
Zm00001eb199940,0.137337484689846,0.305350032570227,1.44053595758382,-1.08212970729586,-0.801093767548023
Zm00001eb256730,0.398646829801303,0.491050892832936,1.11274095563466,-0.578799547175699,-1.4236391310932
Zm00001eb249730,-0.924003276421491,0.978835977838019,1.1803902488931,-0.491339812687559,-0.743883137622078
Zm00001eb255670,0.855833519422625,0.736565051819456,0.424454787528211,-0.502951502238059,-1.51390185653223
Zm00001eb000690,-1.31741389215254,-0.754535306198395,0.311813947343016,1.03632241708746,0.723812833920464
Zm00001eb059460,1.33778539956371,-0.00567545840231281,0.210644430297748,-0.0728496585187804,-1.46990471294037
Zm00001eb378820,0.0762360698339915,0.864528076691089,0.375418745119284,0.400131434754841,-1.71631432639921
Zm00001eb188950,0.0146850464305703,-1.07357621579902,1.57221192768447,-0.605672565384798,0.0923518070687691
Zm00001eb216060,0.193303744109146,-0.229407313511826,0.944157203377831,0.687527478970941,-1.59558111294609
Zm00001eb095290,-1.35499509764096,-0.746963018277807,0.975843396010987,0.463817700644922,0.662297019262862
Zm00001eb331250,0.587202481844789,-0.377130834647242,1.27880829547469,-0.124265326396132,-1.3646146162761
Zm00001eb208830,-0.927716295730409,-0.829862125304996,-0.360250123588301,0.861060407219895,1.25676813740381
Zm00001eb284910,0.682445438702888,-1.00622823575985,-1.0602841939369,0.223125364270046,1.16094162672383
Zm00001eb353470,0.0320098081638019,-1.02684254006049,-0.73442212820352,0.190078424373589,1.53917643572662
Zm00001eb113220,-0.626871292894669,-0.723667027878535,-0.565640499703584,0.27709065694321,1.63908816353358
Zm00001eb286490,-0.51842330805801,-0.522613583948071,-0.547473621673576,-0.179577922681017,1.76808843636067
Zm00001eb124790,-0.171808823757737,-1.32926083839495,-0.198586492534456,0.249955076414014,1.44970107827313
Zm00001eb135400,-0.382727576942267,-1.26588421655094,-0.0650629403574806,0.232945140972802,1.48072959287789
Zm00001eb288060,0.855204781118522,-1.25049958229432,-0.765468517382319,0.108551295125132,1.05221202343298
Zm00001eb055990,0.509388154691454,-1.32322154954381,-0.5762474133008,0.10708418514987,1.28299662300329
Zm00001eb246440,-0.129207966274542,-1.19530777475275,-0.204741419224693,-0.0549175885642461,1.58417474881623
Zm00001eb145040,-0.23059486450224,-1.34844810451947,-0.153971013449826,0.31735404661134,1.41565993586019
Zm00001eb300940,-0.242691313551257,-1.17281755398427,-0.493740290820805,0.455022606468316,1.45422655188801
Zm00001eb095690,1.26407905554171,-0.775027576271139,-1.19844346088396,0.116419705125707,0.592972276487681
Zm00001eb352580,0.438945104291124,-0.938932099198786,-1.0768261493213,0.277031315211956,1.29978182901701
Zm00001eb227830,0.0254841511861164,-0.914281511036282,-0.711583046917809,-0.0294123281849835,1.62979273495296
Zm00001eb255490,0.141465090594314,-0.978088851591975,-0.563720475315939,-0.228554715243595,1.62889895155719
Zm00001eb245040,-0.0239750027002445,-0.628907963591059,-1.02093083540321,0.0750755938873004,1.59873820780722
Zm00001eb249290,0.196921631010907,-0.512142708044564,-0.971647242376403,-0.338099924896335,1.6249682443064
Zm00001eb127850,0.872607976783063,-1.6343927326004,0.164908299355819,-0.126996969620859,0.723873426082382
Zm00001eb382780,1.20907452768126,-1.3940519470036,-0.294649488979151,0.683050776941081,-0.203423868639591
Zm00001eb051900,-0.257228570833534,-1.54453309699207,0.22908545244191,0.42639672989143,1.14627948549226
Zm00001eb369190,1.06316004341934,-1.46549951468706,-0.0408888839202577,-0.336106319733762,0.779334674921737
Zm00001eb073130,-0.571838997839914,-1.40756086917186,0.169669786889766,0.79211921509796,1.01761086502404
Zm00001eb194220,0.236360768926644,-1.67116494007684,0.0850938612403006,0.333357421133001,1.0163528887769
Zm00001eb381600,-0.512713959508742,-1.09109970836865,-0.273120212008127,0.342400342495678,1.53453353738984
Zm00001eb035030,0.393109415350664,-1.4175843537166,-0.445861988476753,0.207825436695153,1.26251149014754
Zm00001eb095110,-1.19752871289147,-0.648110686767303,0.722131305580541,-0.142968834052945,1.26647692813118
Zm00001eb368850,-0.568958289827892,-0.249597947436863,-0.622095706148416,-0.325916172931322,1.76656811634449
Zm00001eb237820,-0.791988436087782,-0.806335969184334,-0.583425512917149,1.1238517692854,1.05789814890387
Zm00001eb221620,-0.320959409240428,-0.82214615654449,-0.432625351870284,-0.158821421136153,1.73455233879136
Zm00001eb219490,-0.997606876550556,-0.568127140412012,-0.293251479680617,0.27066723899208,1.58831825765111
Zm00001eb130510,0.116143715623756,-1.3328765234378,0.0102502851868765,-0.257585580606634,1.4640681032338
Zm00001eb291730,-0.028931800342326,-1.13244692631307,-0.507482336114548,0.104142928748199,1.56471813402175
Zm00001eb303620,-0.0363312798890948,-1.1791481194168,-0.323478490859998,-0.0427573883436246,1.58171527850951
Zm00001eb419910,0.00855520723116735,-0.965348868206043,-0.80121836421445,0.215389269446582,1.54262275574274
Zm00001eb074930,-0.152059463538492,-1.0290192385009,-0.498643029720742,0.0465702800350327,1.6331514517251
Zm00001eb148820,-1.05560961634514,-0.641510915295507,-0.129458165484174,0.285118273762408,1.54146042336241
Zm00001eb169130,-0.570686566034556,-0.776488486637031,-0.612205826519933,0.356392844312334,1.60298803487918
Zm00001eb170530,0.180194364304139,-1.07584987887586,-0.862479846892121,0.368829712580804,1.38930564888304
Zm00001eb242030,-0.145148375787797,-0.411535202157676,1.74081699508834,-0.789602706816776,-0.394530710326094
Zm00001eb243450,1.55416885941367,-1.14612000749241,0.18737714278635,-0.126552497195546,-0.468873497512069
Zm00001eb287060,1.65650185946905,0.0257647506373234,-0.502101547220079,-0.198395784379453,-0.98176927850684
Zm00001eb324660,1.53886242299087,0.0984547811461459,-0.737253820682487,-1.03038023180787,0.130316848353348
Zm00001eb120750,-0.761818210601363,0.403505017967327,1.03861444663173,0.646432326336499,-1.32673358033419
Zm00001eb126140,-1.22515803068623,-0.550289943002528,1.39187690554207,0.496157080159988,-0.112586012013302
Zm00001eb171080,0.820507537147381,-0.450989884552905,0.976702942842189,0.121644985739969,-1.46786558117664
Zm00001eb088080,0.0406304460277299,0.519581855678057,1.12654452248408,-0.123410701363649,-1.56334612282622
Zm00001eb332860,0.0495881911006865,0.846778786782398,0.943393671981554,-0.32905232422963,-1.51070832563501
Zm00001eb329910,0.781156332507398,-1.11126291693338,-0.964271105254524,0.207095702748599,1.0872819869319
Zm00001eb071990,0.233199121773416,1.36166722873791,0.352561728327697,-0.785375654618894,-1.16205242422013
Zm00001eb113710,-1.01139856980341,1.37740556063275,0.646079602882082,-0.780131206742423,-0.231955386968995
Zm00001eb315910,-0.0348448136808192,1.5341134577882,0.263602652544984,-0.776703191839352,-0.986168104813014
Zm00001eb429720,-0.0184588470272844,1.36227510914433,0.422358688298662,-0.432647713057084,-1.33352723735863
Zm00001eb214840,0.836497838459094,1.17609983165278,-1.28436038955899,-0.330102661840465,-0.398134618712426
Zm00001eb327230,1.1067373261539,0.848438794313182,-0.159596895146481,-0.440755392354948,-1.35482383296565
Zm00001eb299300,0.448435693436141,0.950324169948342,0.230795924874838,0.0555084404754741,-1.6850642287348
Zm00001eb142540,-1.15284748357623,1.15193040967753,0.76948137648303,0.0935001623792574,-0.86206446496358
Zm00001eb228620,-1.32222362798433,-0.436746376836132,-0.0453300644006938,0.437837050037586,1.36646301918357
Zm00001eb359990,-0.829075368236748,0.0582370760645887,1.65284287339586,-0.134092799092557,-0.747911782131143
Zm00001eb264080,0.13265638230159,0.715495812265103,1.11893074408234,-0.606875587506799,-1.36020735114223
Zm00001eb251390,0.23585259283156,0.929505858471626,0.857418103730621,-0.624468316078284,-1.39830823895552
Zm00001eb255160,-0.594976014312851,1.19768406169455,0.979595347484022,-0.79847867638472,-0.783824718480997
Zm00001eb005690,-0.323487554280882,1.29596300111941,0.701782459441209,-0.436025903285164,-1.23823200299457
Zm00001eb315330,0.544181003318107,1.06615972010458,0.358589252020642,-0.4843441967672,-1.48458577867613
Zm00001eb405630,0.319835948675893,1.1981118829983,0.496586753593711,-0.701931673775088,-1.31260291149282
Zm00001eb315610,0.0262396470633719,1.25071787798277,0.626118848477928,-0.610846525237864,-1.2922298482862
Zm00001eb032780,0.883788201883105,0.860594201216215,0.324621966106855,-0.693527790939101,-1.37547657826708
Zm00001eb248590,-0.0930416831491385,1.16696213993799,0.686162258339732,-0.327873637423456,-1.43220907770512
Zm00001eb138920,-0.0801839039239693,1.63855726838707,0.0530593559782321,-0.867066251239782,-0.744366469201549
Zm00001eb366690,-1.70888644684474,0.110772845427029,0.246151822586609,0.460405562634422,0.891556216196677
Zm00001eb052150,0.253697211985095,1.12850475485063,0.690584270908701,-0.900402836144582,-1.17238340159984
Zm00001eb340140,-0.311927364248488,1.30160474190108,0.777329640898384,-0.736656407039518,-1.03035061151146
Zm00001eb370960,-0.470517007736906,1.44147555033547,0.630511224379151,-0.698595586752849,-0.902874180224864
Zm00001eb403750,-0.406892813105438,1.33321747978723,0.776599625290282,-0.895546384312318,-0.807377907659759
Zm00001eb278670,-0.187616282057375,1.68356524946772,-0.0117228908097454,-0.622097972387524,-0.862128104213081
Zm00001eb317060,-1.14940730326836,1.46396949069817,0.335086929698757,0.00102122040976226,-0.650670337538325
Zm00001eb367660,-1.48353776189017,1.24267874458707,-0.307490225498869,0.203564558452062,0.344784684349909
Zm00001eb183200,-1.47000638144571,1.19250517907656,0.00425774917593508,0.572318591171026,-0.299075137977816
Zm00001eb337810,-1.36290450138654,0.210987734249063,-0.571152099806254,0.48253732605002,1.24053154089372
Zm00001eb264930,-1.5256739495131,-0.420695008742793,1.0182234096793,0.346113633680611,0.582031914895983
Zm00001eb038320,0.138778662352568,0.472931066809849,1.08330842396298,-0.0902190800025079,-1.60479907312289
Zm00001eb119340,-0.361459221978466,-0.314851010900053,1.71279519620066,-0.131332835840881,-0.905152127481265
Zm00001eb019090,-0.741746344260604,0.813359063211976,0.896564484212942,0.386470980626727,-1.35464818379104
Zm00001eb316310,-0.464119406081706,0.720633323662994,1.2481475166146,-0.215951396693351,-1.28871003750254
Zm00001eb101040,-0.565018264049084,0.802591596747091,0.993129457436607,0.188694714329108,-1.41939750446372
Zm00001eb170540,0.50507971016579,0.389887579404206,0.883102602342958,-0.104100017036693,-1.67396987487626
Zm00001eb428400,0.0347848227367726,0.651232899933507,1.14154594563755,-0.365345830918137,-1.46221783738969
Zm00001eb424290,-1.56027031001285,-0.194048010625752,0.281470465126634,0.30978830817948,1.1630595473325
Zm00001eb252180,0.0466760224337073,0.968184978721106,0.807053033896116,-0.298821729852112,-1.52309230519882
Zm00001eb228320,-0.714154467244349,0.874868780037549,1.01986019770634,0.112420046670571,-1.29299455717011
Zm00001eb246010,0.310995520861655,0.260261095440097,1.18814168601829,-0.217836594035587,-1.54156170828446
Zm00001eb289320,-1.63039567921045,0.72919936507605,0.778652311744556,-0.251993282820554,0.374537285210395
Zm00001eb002310,-0.564086271361758,0.993915307531611,1.09261012210128,-0.348162884674197,-1.17427627359693
Zm00001eb117830,-1.1157919919439,0.887299948946707,0.945708618535115,0.280196233202935,-0.997412808740852
Zm00001eb215190,-0.940893765232208,1.27107133970093,0.625925729799726,0.0921442740596585,-1.04824757832811
Zm00001eb050220,-1.5671005545199,0.392877344811617,-0.139947673310031,0.153729038050468,1.16044184496784
Zm00001eb175840,-1.27625087218668,1.45746337699556,-0.0116493013059008,-0.42571610407373,0.256152900570745
Zm00001eb056760,-1.01361366597051,1.09630745181051,1.04510309878737,-0.709661801358398,-0.418135083268972
Zm00001eb194770,-0.600666240825379,1.32517072722108,0.604875888693123,-0.101830667197141,-1.22754970789168
Zm00001eb292380,-0.863279711913516,0.0470532126454988,-1.11226402362254,0.685081306488746,1.2434092164018
Zm00001eb199970,1.46745879561958,-0.42528744695822,0.564669322500881,-0.636274657212915,-0.970566013949324
Zm00001eb101130,-0.116460910452368,-0.544584002111431,0.0820970838804308,1.61528213871477,-1.0363343100314
Zm00001eb118950,1.20443239904677,0.0704929478722931,-1.32310479814184,0.653615898141459,-0.605436446918673
Zm00001eb202260,-1.44372147364117,-0.553160884476416,0.298728510816766,1.0472931877492,0.650860659551615
Zm00001eb250240,-0.63729963895749,0.0396589861214794,1.08722590299675,0.825340383538166,-1.3149256336989
Zm00001eb365080,-1.03175257626776,-0.746895790855136,-0.249023444496297,0.653354189739699,1.37431762187949
Zm00001eb184870,-0.0310599621547188,-1.23435480858632,-0.441796148986314,0.212148101267844,1.49506281845951
Zm00001eb089580,-0.732267782723607,-0.955674096435819,-0.175295659708702,0.305553563425043,1.55768397544309
Zm00001eb353990,-0.468850446662307,-1.1049205303164,-0.326600706053687,0.381434756981217,1.51893692605118
Zm00001eb188380,-0.376646888478304,-0.589131045007582,-0.688970575093782,-0.0856659875778262,1.74041449615749
Zm00001eb201290,-0.110165225194905,-0.46260771220373,-0.675792049907968,-0.502151163799414,1.75071615110602
Zm00001eb225570,-0.993393573684222,-0.296878707728608,-0.275155943738234,-0.118407045548058,1.68383527069912
Zm00001eb402220,-0.599528240989432,-0.606227532396772,-0.166542868072589,-0.387097100098451,1.75939574155724
Zm00001eb391190,-0.394147822745896,-0.794423887115405,-0.326497475015998,-0.232217968237734,1.74728715311503
Zm00001eb058610,-0.213597675578624,-0.809040302775006,-0.544092482562479,-0.159097241821593,1.7258277027377
Zm00001eb101980,-0.500147623624924,-0.913616397617693,-0.174825220841597,-0.106478847903122,1.69506808998734
Zm00001eb055830,-0.595878602596232,-0.863321501026426,-0.0852953541326797,-0.149597233652199,1.69409269140754
Zm00001eb118010,-0.557425175982189,-0.871973085425001,-0.348554597876559,0.105748615127761,1.67220424415599
Zm00001eb143430,-0.881680806309673,-1.103985306224,0.335555364547781,0.31035873691409,1.3397520110718
Zm00001eb078590,-1.18792165629176,-0.855033671663488,0.319151976911873,0.494374412632407,1.22942893841096
Zm00001eb121380,-0.585644833880222,-1.38243060430405,0.407138892982905,0.355096537772773,1.20584000742859
Zm00001eb187720,0.224948606256445,-1.64571137794651,0.0829036655820242,0.25708876259269,1.08077034351535
Zm00001eb092230,0.479208529052521,-1.71296076166031,0.173469261923801,0.180904430534055,0.87937854014993
Zm00001eb432450,-0.545213082949807,-1.48819225940191,0.483657030112312,0.611714028001476,0.938034284237928
Zm00001eb403060,-1.49867321274741,-0.464190769285137,0.342873355320057,0.576801640632039,1.04318898608046
Zm00001eb042400,-0.687504129259153,-1.33327116398932,0.293165250889654,0.571006471005885,1.15660357135294
Zm00001eb408520,-0.857974059224439,-1.25936045859699,0.393945480010725,0.724465112478729,0.99892392533197
Zm00001eb050660,-0.914459352281713,-1.00859480994923,0.152721027168991,1.41248866344546,0.357844471616495
Zm00001eb239680,0.758330519999782,-1.40280667614409,0.104875822764458,1.07617633626281,-0.536576002882964
Zm00001eb128760,-0.822970170505487,1.64086943879205,0.239690664128635,-0.446430725626446,-0.611159206788751
Zm00001eb219100,-0.902645513705452,1.62349282101858,0.252917081737411,-0.411296006096072,-0.562468382954465
Zm00001eb182260,-1.6480787313654,0.963011054575562,0.404799187040093,-0.136730892858889,0.416999382608633
Zm00001eb038070,-1.2712147406103,1.52270633808949,-0.202217628630726,-0.132508574440072,0.0832346055916087
Zm00001eb099550,-0.770392384771288,1.74996930484249,-0.426552074493162,-0.208548853769371,-0.344475991808667
Zm00001eb123570,1.35822068894502,0.640113291699193,-1.16578007608624,-0.557477777550504,-0.275076127007472
Zm00001eb042490,-1.3740849668833,1.25577110774846,-0.513794961482388,0.127423307711787,0.504685512905434
Zm00001eb098960,-0.737500795754579,1.66493038863074,-0.737500795754579,-0.342103508728115,0.152174711606534
Zm00001eb139970,-0.717292165350184,1.75362841419574,-0.164699266332382,-0.476302880098532,-0.395334102414644
Zm00001eb099960,-1.68026375211758,-0.150232349154471,0.719418991334572,0.653859731174345,0.45721737876314
Zm00001eb218610,-0.436677403176865,0.642239468727581,1.21913459167345,-0.0431428761553749,-1.38155378106879
Zm00001eb190840,-1.63354763245829,0.243774841323964,0.602652437146537,0.940884017785528,-0.153763663797741
Zm00001eb111570,-1.39769664714433,-0.0288656356439259,0.815723754712482,1.07796174181734,-0.46712321374157
Zm00001eb101410,-1.54600091885463,0.536450252027068,1.0275731448746,0.355703247305018,-0.373725725352055
Zm00001eb218880,0.691745537036261,0.229284348305153,0.980320509369046,-0.358931233807524,-1.54241916090294
Zm00001eb104750,-1.24147709337864,-0.565424596065952,-0.0426895544146215,0.462890128325502,1.38670111553372
Zm00001eb369730,-1.34361892881051,0.60187354887577,1.05102598634425,0.428434964056837,-0.737715570466353
Zm00001eb113950,-1.07090758478795,-0.464910183425396,1.05099958344047,1.08350688861935,-0.59868870384647
Zm00001eb180800,-0.150356196445196,0.966133752722277,0.516848509040045,0.305515164545831,-1.63814122986296
Zm00001eb207650,-1.16768434802873,-0.831020156925918,1.04932080328832,0.03074370777866,0.918639993887664
Zm00001eb378270,1.51952586386662,0.111990873522262,0.1722718622165,-0.79702547044089,-1.00676312916449
Zm00001eb108090,-1.06210825685231,-0.215683696091232,1.51932406455908,0.373142893467046,-0.614675005082589
Zm00001eb333470,-1.53808736331527,-0.35845082045293,0.502290223864069,0.321929952621778,1.07231800728236
Zm00001eb288420,1.01237139990882,-1.35809110634922,-0.405441535580203,-0.209307509734044,0.960468751754646
Zm00001eb349010,-1.34414213618535,-0.665017140987807,0.508404071152653,0.322343535347379,1.17841167067313
Zm00001eb417000,-1.20935438900647,-0.45799674160153,-0.288221141038545,0.570049661176247,1.3855226104703
Zm00001eb100410,0.275292041603313,1.25262140870967,-0.451121991647693,0.348143306524396,-1.42493476518968
Zm00001eb356650,0.304366994838983,0.599824633371292,-1.77778569967654,0.489074405735767,0.384519665730488
Zm00001eb428940,-0.882885022615158,1.51068996118607,0.426208161019184,-0.209827834840552,-0.844185264749539
Zm00001eb415730,-0.272621839240355,1.13193645190217,0.87263616033203,-1.30362627091755,-0.428324502076302
Zm00001eb032370,-1.12048418235812,1.40322593201918,0.602736835574007,-0.342379127757547,-0.543099457477517
Zm00001eb178500,-1.68616120248786,0.191423205233352,0.394467408112416,0.126274860586932,0.973995728555163
Zm00001eb312600,-0.878897943728217,1.25140931493532,0.886853993922524,-0.427194950809221,-0.832170414320407
Zm00001eb023160,-0.661983099863957,1.64379822566442,-0.236641204590459,0.14027979726747,-0.885453718477477
Zm00001eb053830,-0.547298936504485,1.49068094941158,0.437824730808122,-1.09851123633993,-0.282695507375285
Zm00001eb403500,-0.755416782370395,0.814708507211921,1.2793183575316,-0.32798290818252,-1.0106271741906
Zm00001eb248780,-1.71370315955576,0.0268009742351892,0.78772834478922,0.586937649743756,0.312236190787598
Zm00001eb392530,-1.39308344201127,0.509979977250965,1.27657794578133,0.0179446300962878,-0.411419111117322
Zm00001eb374830,-1.01492365357612,0.801878552501985,1.07317632068175,0.204481666490542,-1.06461288609815
Zm00001eb139480,-1.56597902385494,-0.260953939259663,1.05238360318837,0.577193260794972,0.197356099131262
Zm00001eb035640,-1.706214843754,-0.0534953277100766,0.702358784098035,0.65841642954609,0.398934957819952
Zm00001eb102580,-1.1836698153895,1.02048975032036,0.77598841690918,0.313112319585623,-0.925920671425666
Zm00001eb295800,-1.47381590689075,0.692434273275064,1.10299225690062,-0.360921321124767,0.0393106978398282
Zm00001eb101190,-0.725928469893796,1.06180519455322,1.01055202821101,-0.216078187527611,-1.13035056534282
Zm00001eb330830,-1.60147991628331,0.996197777915807,0.64141677573499,-0.14213127157441,0.105996634206918
Zm00001eb407120,-1.36138632378696,0.744514978965939,1.18948324500952,-0.204110636286111,-0.368501263902389
Zm00001eb216910,-1.69183551484769,0.824946682076453,0.303009794566593,0.603156612330975,-0.0392775741263319
Zm00001eb364730,-1.56722293839542,-0.296509194614562,0.27757407791999,1.03894332169898,0.547214733391017
Zm00001eb051120,-0.498306099667122,-1.53112041705005,0.53075101568779,0.785741941074034,0.712933559955347
Zm00001eb103730,-0.520961668869715,-1.48934461094557,0.343751010177402,0.875607169655725,0.790948099982154
Zm00001eb411700,-0.464829941693698,-0.752065501748174,-0.468516582394967,-0.0456959146989526,1.73110794053579
Zm00001eb431760,-0.700966440502811,-0.881969108273066,-0.314405914780771,0.303700520285553,1.59364094327109
Zm00001eb195850,-0.810060180702863,-0.810060180702863,-0.156536502587965,0.151834533702749,1.62482233029094
Zm00001eb332400,-0.587216517643085,-0.570261629638989,-0.586824266068611,0.0164876450720864,1.7278147682786
Zm00001eb031210,-0.458846343421399,-0.613999410245124,-0.715208732283923,0.0870663380211742,1.70098814792927
Zm00001eb307550,-0.644203599861349,-0.644203599861349,-0.644203599861349,0.300154923382002,1.63245587620204
Zm00001eb045640,-0.630925700907499,-0.904829150850999,-0.325973397892831,0.243862569588725,1.6178656800626
Zm00001eb032670,-0.518339183032033,-0.787890523187763,-0.321736835986238,-0.10305023207531,1.73101677428134
Zm00001eb270270,-0.72197925888747,-0.607599130588444,-0.415021695572819,0.0310178336098114,1.71358225143892
Zm00001eb078490,-0.748712991680877,-0.690540282520722,-0.381449522266271,0.148905438321367,1.6717973581465
Zm00001eb006180,-0.710856826491539,-0.710856826491539,-0.519148741357623,0.323756506183995,1.6171058881567
Zm00001eb423100,-0.695906763024184,-0.695906763024184,-0.417526297397574,0.123566830503155,1.68577299294279
Zm00001eb204110,-0.805615523086457,-0.674016638272996,-0.393587496706422,0.234008185479687,1.63921147258619
Zm00001eb248800,-0.702174421173832,-0.702174421173832,-0.457327774368906,0.19877493723713,1.66290167947944
Zm00001eb107280,-0.943267891118928,-0.697653685369821,-0.204126640908988,0.25929116580328,1.58575705159446
Zm00001eb292980,-0.497001820104923,-0.93887766694169,-0.152909600673107,-0.0961084568997914,1.68489754461951
Zm00001eb298580,-0.713138461908684,-0.713138461908684,-0.0207641561310498,-0.260215190439214,1.70725627038763
Zm00001eb358700,-0.774203297295166,-0.774203297295166,-0.241804359729609,0.140015571901403,1.65019538241854
Zm00001eb321620,-0.616438840196265,-1.20761622552393,-0.00648743780790181,0.422229066607419,1.40831343692068
Zm00001eb185560,-0.819722611382363,-0.676144179045709,-0.340092420244878,0.18659464391204,1.64936456676091
Zm00001eb147710,-0.953689597753339,-0.677038624355224,-0.303492872518081,0.388585998504182,1.54563509612246
Zm00001eb250540,-0.729048063002888,-0.729048063002888,-0.330001023058293,0.110010481963049,1.67808666710102
Zm00001eb198030,-0.496713932674415,-0.532880247758943,-0.336169111683703,-0.417947485536846,1.78371077765391
Zm00001eb280600,-0.789923080169782,-0.610242589310308,-0.428271848857029,0.156387361741625,1.67205015659549
Zm00001eb000880,-0.794321328452133,-0.226004504766196,-0.540126318089709,-0.170755967614238,1.73120811892228
Zm00001eb075250,-0.519665325416143,-0.609300975016839,-0.548963295563728,-0.0692245288951722,1.74715412489188
Zm00001eb103330,-0.717870271571703,-0.418817076893885,-0.479610987486341,-0.133396814591409,1.74969515054334
Zm00001eb220250,-0.762443780109741,-0.418929389818339,-0.45515164881778,-0.102853187040265,1.73937800578613
Zm00001eb315850,-0.656922780769538,-0.526320288924069,-0.394053107147778,-0.184036327919175,1.76133250476056
Zm00001eb006160,-0.664754934455909,0.0481845516626736,-0.664754934455909,-0.430080709064972,1.71140602631412
Zm00001eb048440,-0.727169910086314,-0.55950848084408,-0.405779519319046,-0.0373179520757018,1.72977586232514
Zm00001eb326210,-0.592168306598347,-0.592168306598347,-0.592168306598347,0.0605975725944424,1.7159073472006
Zm00001eb123060,-0.61744822145348,-0.36581658520352,-0.504899192956974,-0.286135617954386,1.77429961756836
Zm00001eb015120,-0.89685972165272,1.48252185715251,-0.89685972165272,-0.113652254837355,0.424849840990287
Zm00001eb349060,-0.70842318114891,0.719105680465113,-0.70842318114891,-0.70842318114891,1.40616386298162
Zm00001eb025650,-0.516378338856418,-0.516378338856418,-0.516378338856418,-0.225470136931578,1.77460515350083
Zm00001eb398670,-1.32182629463281,0.344148555770288,0.913630109500199,-0.773446852686594,0.837494482048915
Zm00001eb370010,-0.589139379428069,-0.589139379428069,1.71943059484708,-0.589139379428069,0.0479875434371235
Zm00001eb025220,-0.447213595499958,-0.447213595499958,-0.447213595499958,-0.447213595499958,1.78885438199983
Zm00001eb172020,-0.447213595499958,-0.447213595499958,-0.447213595499958,-0.447213595499958,1.78885438199983
Zm00001eb136360,-0.155013153386937,-1.2068839002085,-0.671712131026344,1.00228169938996,1.03132748523182
Zm00001eb295810,-0.72353285196644,-0.72353285196644,-0.72353285196644,0.893268563036889,1.27732999286243
Zm00001eb412510,-1.43301681500352,-0.484177651454486,1.11334645588821,0.128603070428232,0.675244940141566
Zm00001eb207450,-0.842749397785957,-0.927040203028126,-0.0890654668808013,0.340035399626596,1.51881966806829
Zm00001eb315870,-0.771101572644696,-0.919937375121209,-0.111745526070751,0.222564350643061,1.58022012319359
Zm00001eb102440,0.753542568945258,-1.51905136144146,-0.297747212055394,0.0464751963496855,1.01678080820191
Zm00001eb395380,-0.621770460118377,-1.09095513368109,-0.34012230851273,0.709846194943478,1.34300170736872
Zm00001eb143990,-0.75995082061779,-0.969058755976925,0.160293350168622,0.00100933390964296,1.56770689251645
Zm00001eb179290,-0.653648513746947,-1.2962948967766,0.192217670555651,0.484771738568472,1.27295400139942
Zm00001eb157450,-1.11760217852388,-0.73305707227021,-0.112187150708465,0.610867034547373,1.35197936695518
Zm00001eb316660,0.480884049772779,-1.7098400260707,0.176088775565337,0.165930002706485,0.886937198026104
Zm00001eb035050,-0.80314751827156,-1.16564204870622,0.0719036510076684,0.638624903273029,1.25826101269708
Zm00001eb427600,-0.871498948841589,-1.29258954397111,0.717924083058985,0.78862270353728,0.657541706216437
Zm00001eb189510,-0.835131351764568,-1.30109324738821,0.470051412188959,0.814416934657355,0.851756252306469
Zm00001eb031300,-1.28006993923076,-0.732466406008067,0.165580659685849,0.709148297814575,1.1378073877384
Zm00001eb127840,-1.16042349014528,-0.618400287137026,-0.0821982613760597,0.41449728887785,1.44652474978051
Zm00001eb335900,-1.24291701808596,-0.592801392093771,0.0229514019155662,0.426719603203207,1.38604740506096
Zm00001eb379300,-1.22838402918515,-0.663710155478136,0.295461104147654,0.21152626878278,1.38510681173285
Zm00001eb427470,-0.528663925475644,-0.39365444367044,-0.702783917653155,-0.123174958803163,1.7482772456024
Zm00001eb271500,-0.702935262284054,-0.913126451839694,-0.0740043817374197,0.0581265263912552,1.63193956946991
Zm00001eb131420,-0.696988025586379,-0.696988025586379,0.0286752946391859,-0.340963326692313,1.70626408322588
Zm00001eb197370,-0.722257018420433,-0.722257018420433,-0.171799302152045,-0.0921044574999606,1.70841779649287
Zm00001eb249440,-0.815993553904787,-0.429528143431916,-0.223340754265542,-0.270805201763654,1.7396676533659
Zm00001eb249450,-0.823403567221217,-0.564242772055377,0.0459712902586291,-0.354217920714328,1.69589296973229
Zm00001eb159390,-0.852183730543803,0.0917408087029952,-0.535536970275034,-0.386124343201083,1.68210423531693
Zm00001eb080700,-0.860654145125059,-0.507824182916108,-0.387216026656964,0.0684580691738972,1.68723628552423
Zm00001eb163680,-0.630516741606038,-0.380628417442726,-0.462862813807014,-0.301499482503007,1.77550745535878
Zm00001eb354920,-1.05937113398926,-0.23028928323669,-0.415804926883076,0.0789433307936093,1.62652201331541
Zm00001eb098330,-0.945923191266668,-0.0898826142211729,-0.371592375380988,-0.288441201733715,1.69583938260254
Zm00001eb336500,-1.08939150514117,-0.454682934326043,-0.0248021004425642,-0.0447744997348064,1.61365103964458
Zm00001eb391130,-1.41968883211157,-0.216331125876675,-0.138013074540989,0.471661093188235,1.302371939341
Zm00001eb254990,-0.879953185543705,-0.551656868526065,-0.425289991230365,0.215552195152692,1.64134785014744
Zm00001eb375580,-1.11733608157951,0.105625327118786,-0.531262041158789,-0.0246861622186754,1.56765895783819
Zm00001eb015570,-0.807087826031319,-0.209536233903852,-0.673452301951827,0.00153751400700581,1.68853884787999
Zm00001eb413920,-0.844824316203114,-0.498000778530234,-0.304690431331532,-0.0673867639882355,1.71490229005312
Zm00001eb012440,-0.774962511566398,-0.729773154379366,-0.663132951937566,0.887348749112402,1.28051986877093
Zm00001eb035740,-1.22426873016577,-0.194776433109734,-0.517088496163862,0.567104904487807,1.36902875495156
Zm00001eb258400,-0.913500525889955,-0.572057025795455,-0.684420819569311,0.997146643769038,1.17283172748568
Zm00001eb212930,-0.502055375690243,-1.05109128009669,-0.483973352214945,0.609910795332759,1.42720921266912
Zm00001eb279120,-0.94485196063565,-0.850807180834489,-0.217025207800138,0.61211328946563,1.40057105980465
Zm00001eb286420,-0.779352262500025,-0.580935855738474,-0.779352262500025,0.788126070847626,1.3515143098909
Zm00001eb152810,-0.777604871867068,-0.651684756183425,-0.608641379443362,0.507295728704678,1.53063527878918
Zm00001eb385610,-0.729255770390883,-0.729255770390883,-0.729255770390883,1.16936597184978,1.01840133932287
Zm00001eb186480,-0.598045813513592,-0.598045813513592,-0.598045813513592,0.0854163818146011,1.70872105872617
Zm00001eb349120,-0.693453766575576,-0.693453766575576,-0.693453766575576,0.596663991683483,1.48369730804325
Zm00001eb191020,-0.87729965538433,-0.804286284711561,-0.305798706491449,0.48619494830045,1.50118969828689
Zm00001eb157950,-0.792956126274484,-0.707988065020189,-0.46449078370346,0.381570886005587,1.58386408899255
Zm00001eb256070,-0.910771368034322,-0.75814594534924,-0.296378878569693,0.445677314646683,1.51961887730657
Zm00001eb365420,-0.474146142389762,-1.16592303741419,-0.319438215692527,0.535944326319319,1.42356306917716
Zm00001eb385190,-0.906753943182386,-0.802920561485446,-0.326225476568557,0.597088712935429,1.43881126830096
Zm00001eb287710,-0.805901671168012,-0.846560829832606,-0.332692422559821,0.466862246808803,1.51829267675164
Zm00001eb360750,-1.03132804187612,-0.792191464002017,-0.110500888137011,0.505292065519338,1.42872832849581
Zm00001eb372490,-0.93881442322217,-0.721028942427064,-0.305646669670697,0.447138204418771,1.51835183090116
Zm00001eb186200,-0.882382846920084,-0.742855385799673,-0.367521665068464,0.472477187000994,1.52028271078723
Zm00001eb223300,-0.933449857228843,-0.859850885699156,-0.143390909081658,0.471667062560782,1.46502458944888
Zm00001eb124630,-0.61520897845168,-0.998817584697674,-0.0871724284367441,0.0859939410902308,1.61520505049587
Zm00001eb379950,-0.944187843807358,-0.748205637027754,-0.188134817247688,0.32989147971536,1.55063681836744
Zm00001eb002660,-0.865282622767248,-0.697631162681593,-0.341502605969324,0.306231486470419,1.59818490494775
Zm00001eb101280,-0.95333893426923,-0.745555074558398,-0.222583376045951,0.395180791941928,1.52629659293165
Zm00001eb061300,-0.57970248698184,-1.01896138457187,-0.242617030591805,0.260473040675074,1.58080786147044
Zm00001eb337410,-1.05038252596945,-0.807925885592523,0.0882927503314486,0.30635466063093,1.46366100059959
Zm00001eb370720,-0.44011836972653,-0.895839299901556,-0.250057437493252,-0.124466448067417,1.71048155518875
Zm00001eb010050,-1.08201951846583,-0.827820068641694,-0.0587415477948625,0.665824490899133,1.30275664400325
Zm00001eb234620,-0.93424877575566,-0.703749546155026,-0.291249125748793,0.378922481349452,1.55032496631003
Zm00001eb357780,-1.18385515876829,-0.691933501687904,0.136296124891247,0.327426612046049,1.4120659235189
Zm00001eb104260,-0.810660669033629,-0.87226146633535,-0.158650625086877,0.264614117342072,1.57695864311379
Zm00001eb270470,-1.06687071583585,-0.661873204085077,-0.115551957200614,0.326478214044984,1.51781766307655
Zm00001eb023330,-1.06869787376556,-0.583486822833701,-0.237113264869911,0.363064125272646,1.52623383619652
Zm00001eb372660,-1.22179578466862,-0.431096497874519,-0.219754703181,0.426580727368888,1.44606625835526
Zm00001eb015440,-1.07314151951407,-0.643030586520814,-0.206066489287754,0.439144711492429,1.48309388383021
Zm00001eb248270,-1.09720519461619,-0.743955464557986,-0.0814723796557123,0.520990289209058,1.40164274962083
Zm00001eb319390,1.02466208175964,-1.09653095993793,-0.890740687633304,-0.0141545551836969,0.976764120995293
Zm00001eb202140,-0.994609644813646,-0.605817055803407,-0.00339127361975501,-0.0219871839377758,1.62580515817458
Zm00001eb145340,-0.915112753185026,-0.609378519909004,-0.299747326533287,0.191891983446575,1.63234661618074
Zm00001eb248900,-0.896743648040913,-0.572579837819559,-0.171788661103238,-0.0431184240810994,1.68423057104481
Zm00001eb069140,-0.113132798713554,-1.02051420560083,-0.673314861886958,0.247796851460988,1.55916501474036
Zm00001eb254600,-0.915071677536584,-0.650433884229257,-0.302831767339826,0.262405938494811,1.60593139061086
Zm00001eb129490,-0.996977759526708,0.0466342677026551,-0.576872524000079,-0.10382622695645,1.63104224278058
Zm00001eb216410,-0.86788291650036,-0.572424384930187,-0.363303361689905,0.140026320918673,1.66358434220178
Zm00001eb391280,-0.81308363348392,-0.617205047695119,-0.37783211989414,0.135768331203646,1.67235246986953
Zm00001eb028160,-0.856212132734372,-0.577734875049334,-0.357986309019774,0.121545424663464,1.67038789214002
Zm00001eb058460,-0.0536103943605062,-0.760007581686609,-0.753026581310585,-0.118142580504752,1.68478713786245
Zm00001eb252100,-0.807168472430917,-0.534459391808056,-0.46965762717454,0.130440719407825,1.68084477200569
Zm00001eb258290,-0.951032075289511,-0.529991862129441,-0.204723538187225,0.020723321211666,1.66502415439451
Zm00001eb215740,-0.998619691092983,-0.592991700282168,-0.454335550468506,0.603599342536092,1.44234759930756
Zm00001eb122500,-1.06072050486042,-0.440765523581044,-0.459922108556846,0.4584452830728,1.50296285392551
Zm00001eb313350,-1.00973193159997,-0.620867883092042,-0.264317979982392,0.343412632874211,1.55150516180019
Zm00001eb359500,-0.928052302471244,-0.668590718132334,-0.412505551734048,0.502974070643269,1.50617450169436
Zm00001eb235510,-1.04539966663435,-0.517927200880164,-0.359669543994685,0.386793424421934,1.53620298708727
Zm00001eb178450,-1.18614172068275,-0.402603535147084,-0.329062623789725,0.467120211936433,1.45068766768313
Zm00001eb080690,-0.898666355707301,-0.509411147628412,-0.550456598306488,0.382622816991258,1.57591128465094
Zm00001eb279580,-0.828798393913753,-0.684212709095898,-0.559680189804965,0.598350396180348,1.47434089663427
Zm00001eb101360,-1.05589776425888,-0.428648509032606,-0.42223240605031,0.359605836859484,1.54717284248231
Zm00001eb048370,-1.54796752366503,-0.339827772423355,0.559487379601732,0.28134425203541,1.04696366445124
Zm00001eb157080,-0.880769477992429,-0.703655907673632,-0.396939883803581,0.439026920838606,1.54233834863104
Zm00001eb413930,-1.07274582208518,-0.355216296783459,-0.344693489522403,0.167624030378032,1.60503157801301
Zm00001eb009550,-0.623491349167849,-0.742346421303034,-0.431873235171727,0.105828577953851,1.69188242768876
Zm00001eb315750,-1.09586437950129,-0.51136658342614,-0.25200961385051,0.319010399649256,1.54023017712869
Zm00001eb160120,-1.12256401086949,-0.437330427104738,-0.184361235340282,0.167362220658624,1.57689345265589
Zm00001eb294180,-1.03260524153359,-0.46706861046988,-0.2737507585999,0.155919439405255,1.61750517119811
Zm00001eb354510,-0.859755045923905,-0.859755045923905,0.295710078775985,-0.13089143644254,1.55469144951436
Zm00001eb101880,-1.17354017901732,-0.866748193284765,0.38545465571918,0.406858651092853,1.24797506549005
Zm00001eb142960,-1.00562747900202,-0.852741877080078,0.015906678752505,0.390214727133307,1.45224795019629
Zm00001eb432460,-1.00382043928782,-1.01095887826689,0.377091142820697,0.325337419075824,1.31235075565819
Zm00001eb061430,-0.761671400798742,-0.921206404923309,-0.231191848209148,0.371392254228166,1.54267739970303
Zm00001eb209880,-0.867656280050714,-1.00204430794191,-0.059375260622161,0.529286532476529,1.39978931613825
Zm00001eb062640,-0.903544267367942,-0.994207079349851,-0.00203250242851496,0.507983239168316,1.39180060997799
Zm00001eb373970,-0.398962039647356,-1.32564990496027,-0.160510616664227,0.567811746393901,1.31731081487795
Zm00001eb106630,-1.13656970012653,-0.653751852571944,0.0431802283449965,0.260096173603132,1.48704515075035
Zm00001eb211700,-0.591816063546143,-1.12770502540079,-0.234305456111921,0.521711673365699,1.43211487169315
Zm00001eb349900,-1.02336903023524,-0.918923378077601,0.0744600667774156,0.510624000044883,1.35720834149054
Zm00001eb431080,-1.04052810483464,-1.04052810483464,0.706582179234183,0.245221902400772,1.12925212803433
Zm00001eb108460,-1.25181362989415,-0.696694385445083,0.237938595069968,0.392715297237218,1.31785412303204
Zm00001eb135200,-0.942442370693312,-0.942442370693312,0.00842288872957128,0.457097229446452,1.4193646232106
Zm00001eb224800,-0.747347897792546,-0.747347897792546,-0.0925853658968266,-0.10486914278856,1.69215030427048
Zm00001eb417620,-0.900802246690995,-0.900802246690995,0.244215889683919,0.0354784541727067,1.52191014952536
Zm00001eb179000,-1.04488370404809,-0.858365799392813,0.0418998240338775,0.46304288523552,1.3983067941715
Zm00001eb217440,-0.760361010834618,-1.04229082034015,-0.227609640202486,0.681443749394096,1.34881772198316
Zm00001eb128310,-1.03411890681928,-0.676836792919555,-0.315000677568035,0.612344319599815,1.41361205770706
Zm00001eb353030,-1.05343102507005,-0.703477315511134,-0.353321353228216,0.906736811103201,1.2034928827062
Zm00001eb240100,-0.675910460086021,-1.0200619153755,-0.438380453847549,1.19506370182836,0.939289127480715
Zm00001eb368970,-1.26235774847106,-0.336008659112096,-0.411807984131993,0.777529799220779,1.23264459249437
Zm00001eb142500,-0.826034842126062,-0.963677425884246,-0.331305980429189,1.18271673580769,0.938301512631804
Zm00001eb251200,-1.23851484706894,-0.557116656093338,-0.249962568898614,1.00051290022207,1.04508117183883
Zm00001eb432140,-0.935334089861585,-0.722775041418293,-0.507506665590439,1.09370455846776,1.07191123840256
Zm00001eb252160,-0.997270159647175,-0.195978814002189,-0.818070588720776,1.37653836915102,0.634781193219123
Zm00001eb055540,-0.950391228438531,-0.950391228438531,1.34164750530951,0.623935774469022,-0.0648008229014715
Zm00001eb067800,-0.780109879615251,-0.81583915613635,-0.516425334814695,1.39388318754721,0.718491183019087
Zm00001eb394180,-0.409377042007977,-1.33140680282966,-0.251872708568088,0.922212044948572,1.07044450845715
Zm00001eb022070,-0.855275713254995,0.809378952696072,0.367095179076351,0.941005548065487,-1.26220396658292
Zm00001eb289080,-1.56197842682502,0.51631437273354,1.13206491047734,0.0213725813227609,-0.107773437708617
Zm00001eb105640,-1.47090112817209,0.945679895036693,0.76705405537121,0.281902361066796,-0.523735183302611
Zm00001eb195650,-1.77311698338135,0.216395118396242,0.539147924056207,0.529041221079756,0.488532719849149
Zm00001eb320600,-1.47999955003721,0.468331792031365,1.05211838108286,0.470944440276616,-0.511395063353629
Zm00001eb393690,-1.41687461900445,0.990018647478613,0.819032469264245,0.167652045343127,-0.559828543081536
Zm00001eb015750,-1.73309973996608,0.822547655975463,0.161749546194399,0.45584176551879,0.292960772277429
Zm00001eb415520,-1.7313735028431,0.579284739320196,0.47177888941127,0.0139733146868447,0.666336559424792
Zm00001eb198470,-1.63791853626764,0.103042208481012,1.05552292924766,0.436636945650864,0.042716452888108
Zm00001eb208910,-1.62488174891199,0.728802827542549,0.793283908491398,-0.260069164178405,0.36286417705645
Zm00001eb265630,-1.7407697980976,0.357088915638939,0.215821637577213,0.345516714668325,0.822342530213129
Zm00001eb141310,-1.42685207024222,1.29900807100889,0.437260344513986,-0.0175853174130655,-0.291831027867584
Zm00001eb185290,-1.72181932461808,0.795700520867418,0.5836535759823,0.20935204194209,0.133113185826269
Zm00001eb041610,-1.12966608491122,0.903746561643022,1.19460808479505,-0.410759472393749,-0.557929089133098
Zm00001eb316580,-1.14992147576963,0.887767759899295,1.16549843017915,-0.699812012250371,-0.203532702058448
Zm00001eb280090,-1.67437770412383,0.266070011622525,0.609664052429897,-0.067079275647893,0.865722915719298
Zm00001eb309360,-1.14944816828665,-0.0462197996462881,1.56755579268394,-0.460034406799459,0.0881465820484617
Zm00001eb319460,0.0662918458877382,-0.955042683506893,1.38561349952594,0.472726710456979,-0.969589372363761
Zm00001eb234170,-1.03951894864012,-0.533257330002827,0.494091645181921,1.49042857789333,-0.411743944432297
Zm00001eb188410,-1.26815161503696,0.726297332880011,1.11415041332413,0.193013228317392,-0.765309359484582
Zm00001eb323880,-1.45785210932755,-0.447008590335426,1.19190856926825,0.35127318699071,0.361678943404024
Zm00001eb086280,-1.05035782819935,-0.567953174903487,1.20235081380473,0.929789870441834,-0.513829681143728
Zm00001eb256420,-1.64457735779521,-0.174398861518103,0.408640880901659,0.477747245323039,0.93258809308862
Zm00001eb056780,-1.34128044197703,-0.179838292723912,1.26822115594423,0.640385298776665,-0.387487720019943
Zm00001eb093560,0.411219823943948,-1.66022307302853,0.117036422948738,0.107624584121344,1.0243422420145
Zm00001eb064730,-1.59590040510041,-0.0504028587327484,-0.00751849858269172,0.623266939374602,1.03055482304125
Zm00001eb056620,-1.15773310594687,-0.769516767878209,0.0373764443934208,0.570577120797436,1.31929630863422
Zm00001eb200840,-1.21655657480324,0.0898482315606912,0.865214814274692,1.06056698579071,-0.799073456822852
Zm00001eb011370,-1.10057172637598,-0.369953924918558,1.61471020850778,0.0586600020819072,-0.20284455929515
Zm00001eb218120,-0.0718041780453028,0.0761514162296905,1.40772727280027,0.00472706372660008,-1.41680157471126
Zm00001eb234120,-1.21844588298004,0.33474527489705,-0.509109491416369,-0.0698138387864664,1.46262393828583
Zm00001eb255860,-1.0052391600476,1.67141620649561,-0.331810658934394,-0.289378410190763,-0.0449879773228594
Zm00001eb317460,-0.927764400901286,0.454278437324686,-0.733433955534897,-0.309401230630501,1.51632114974199
Zm00001eb368640,-0.954405647738288,1.67712454239944,-0.365894261067857,-0.376935122784812,0.0201104891915144
Zm00001eb074320,-1.38238516284959,1.42872594070488,-0.125039987910973,0.159810525001499,-0.0811113149458171
Zm00001eb392440,-1.43721869243071,-0.201106512492343,-0.0618274338766745,0.378442737276883,1.32170990152285
Zm00001eb275130,0.148670632629598,1.39522226107023,-1.2811850778312,-0.552844704566348,0.290136888697719
Zm00001eb281570,1.28961154187752,0.780091763715842,-1.09678983195975,-0.64790434776193,-0.325009125871687
Zm00001eb010770,-0.856473793487255,0.667253514271624,-0.856473793487255,-0.35491716404303,1.40061123674592
Zm00001eb041070,-1.37450187975093,0.907075539969049,-0.609129153205236,0.127525779166486,0.949029713820632
Zm00001eb430640,-1.09060581183229,1.15639514456156,-0.794936675636083,-0.171885549143418,0.901032892050229
Zm00001eb257650,-1.68342641276872,-0.00472273819786858,0.785249956271014,0.185158181017884,0.717741013677688
Zm00001eb117560,-1.70822875035732,0.273812235739774,0.93623473211216,0.305453015895995,0.192728766609388
Zm00001eb248680,-1.45636316859127,0.803467383549158,1.07056207221465,-0.216603940157207,-0.201062347015341
Zm00001eb010190,-1.7451566306042,0.0574972057021075,0.56402800972051,0.532481157535495,0.591150257646086
Zm00001eb093670,-1.74394390322537,0.279852085276736,0.766301286438612,0.506484919982928,0.19130561152709
Zm00001eb101630,-1.59428734771655,-0.249361536374068,0.802350972673458,0.844800867300346,0.196497044116809
Zm00001eb175150,-0.482758220882134,1.01010493107182,0.370443727299093,0.601435714456362,-1.49922615194514
Zm00001eb328900,-1.72297288445708,0.76475265363608,0.61989212325432,0.119071042670829,0.219257064895855
Zm00001eb430800,-1.74984518009204,0.605937464400152,0.105372560627097,0.620511402675271,0.418023752389521
Zm00001eb395640,-1.59675584046686,0.3678702374689,1.13011290545807,-0.0790836328347773,0.177856330374663
Zm00001eb193330,-1.72733499000683,0.386927210548052,0.677533904933105,0.637907235120029,0.0249666394056483
Zm00001eb395300,-1.68542683254743,0.408310474863729,0.775755896399087,0.614782263991462,-0.113421802706846
Zm00001eb399390,-1.64590821644011,0.112075974580503,0.685832689475923,0.897553902243716,-0.0495543498600268
Zm00001eb255520,-1.47935892913201,0.411544652603773,1.27280199522578,-0.0791137796706922,-0.125873939026853
Zm00001eb099470,-1.63650383122685,0.353150863717449,0.98205891883831,0.456678808537189,-0.155384759866097
Zm00001eb361200,-1.45673375922416,-0.568981745736554,0.724500774238904,0.34836138262601,0.952853348095795
Zm00001eb040700,-1.56298055215381,0.64393251510203,0.657161659314805,0.71244513456079,-0.450558756823816
Zm00001eb150360,-1.3800794963482,0.426811731774583,1.03159538184117,0.611203660467137,-0.689531277734691
Zm00001eb206080,-1.1390416668277,0.60957569390782,0.654859830896097,0.910518963477903,-1.03591282145412
Zm00001eb427970,-1.0093970635661,0.158809541693678,1.41587997332203,0.346401952415722,-0.911694403865326
Zm00001eb056630,-1.32136551607592,0.6234033090896,1.28818523657955,-0.169098279243912,-0.421124750349318
Zm00001eb174990,-1.5928644870339,-0.295003475020602,0.98264489171108,0.467616349817448,0.43760672052599
Zm00001eb421100,-1.47861980907572,0.405864753089668,1.27458949392616,-0.0561382383424821,-0.145696199597629
Zm00001eb218710,-1.47194070542225,0.575979114002193,-0.432345121155064,0.19911736045947,1.12918935211565
Zm00001eb202410,-1.3891655038496,0.982152692575803,0.849829301588376,0.156310054303393,-0.599126544617973
Zm00001eb319350,-1.78097051404597,0.420611343715683,0.485046925800354,0.309449564912909,0.565862679617025
Zm00001eb250560,-1.58835880511075,1.16468850371077,0.258703062569039,0.224050963857594,-0.0590837250266512
Zm00001eb216950,-1.46966718006248,1.09435516221073,0.307916327912095,0.555895893742435,-0.488500203802771
Zm00001eb317770,-1.65995240775346,1.04365001961461,0.153936126946554,0.119906381838481,0.342459879353814
Zm00001eb231040,-1.47126664335294,1.1493025399073,-0.303790374875644,-0.023578709280551,0.649333187601836
Zm00001eb389960,-1.75228975005134,0.295402680550345,0.210719285372642,0.519768361138146,0.726399422990205
Zm00001eb008690,0.716554760576658,-0.0602088184335356,1.05871913076813,-0.189957120018162,-1.52510795289309
Zm00001eb099390,-0.275370714736049,-1.14028173266081,1.41292182598751,0.56153346631837,-0.558802844909023
Zm00001eb215440,-1.22792697229559,-0.0617079175862823,1.53897804845065,-0.335441649076884,0.0860984905081102
Zm00001eb418630,-0.906638995909669,-0.484580259189214,1.65118240970912,0.172503077255866,-0.432466231866101
Zm00001eb136080,-1.71859688620689,0.0661882649795161,0.269740588055962,0.773182738253045,0.609485294918368
Zm00001eb084300,-1.48882369816511,-0.497477966278329,0.342289940542775,1.00554058794429,0.638471135956379
Zm00001eb434360,-1.31294064854611,-0.326624819719357,0.815948930788684,1.17488045486524,-0.351263917388458
Zm00001eb406610,-1.23944996436333,-0.0217643878701686,1.2843223374634,0.626230940282592,-0.649338925512489
Zm00001eb034940,-0.559919319337985,-1.5002980904593,0.786062844343064,0.691695374993512,0.582459190460709
Zm00001eb413540,-1.33502949666328,-0.66305709129474,1.19848758239713,0.29491917403467,0.504679831526228
Zm00001eb176680,-1.12613094046571,-0.99353487790018,0.335366961524961,0.750048500947576,1.03425035589334
Zm00001eb152420,-0.0716842333924358,-1.58592754010792,0.778019760461629,-0.0539343884537615,0.933526401492493
Zm00001eb055620,1.26175382612197,-1.435864625746,-0.336036577319949,0.0278906076764044,0.482256769267576
Zm00001eb084940,-0.967289692229173,-1.16731120333244,0.765260307137949,0.385868483098979,0.98347210532469
Zm00001eb229400,-0.850655478428344,-1.09263629008621,-0.0826469393882602,0.904602260406425,1.12133644749639
Zm00001eb342580,-1.03169955417484,-1.03169955417484,0.271249492464962,1.20568395655598,0.586465659328732
Zm00001eb292690,-1.06076105102516,-0.780119856066225,-0.0233434670688554,1.44591556714775,0.418308807012494
Zm00001eb371980,-0.993753086422503,-0.854751878738479,-0.0145435358836602,1.45409848255087,0.408950018493776
Zm00001eb136350,0.110693883962994,-1.58319000047472,-0.19565426296403,0.994718975116434,0.673431404359318
Zm00001eb217350,-0.52566233759636,-1.50491352379609,0.652523710915046,0.484559287343572,0.893492863133836
Zm00001eb383050,-1.04622753969812,-1.13219268255508,0.60741912550895,0.684091851195549,0.886909245548695
Zm00001eb312870,-1.22543103817694,-0.845449775837294,0.669247999423384,0.280487197622748,1.1211456169681
Zm00001eb069700,-1.20138682489444,-0.960687125287346,0.755929166793246,0.51110955265628,0.895035230732262
Zm00001eb062130,-1.10959706405471,-1.05047486401466,0.490712944072219,0.709943744699506,0.959415239297648
Zm00001eb001720,-1.01479256819914,-1.01479256819914,0.0766046371464845,0.859320711361096,1.09365978789069
Zm00001eb037290,-1.06637312720581,-1.06637312720581,0.57861138966332,0.474381144292419,1.07975372045588
Zm00001eb282210,-0.840532391957782,-0.0895496056547932,-0.540812348131378,-0.242111797762189,1.71300614350614
Zm00001eb250580,-1.05299885270979,-0.361042482071395,-0.499061684977406,0.372686116653098,1.5404169031055
Zm00001eb253350,-1.38778531499782,0.153115119128037,-0.35397146637804,0.218377815172595,1.37026384707523
Zm00001eb433840,-1.28181860644672,0.629212790017331,-0.427058329465116,-0.233413093321188,1.31307723921569
Zm00001eb182650,-1.2131735168673,0.126312214084191,-0.464272166711917,0.036073976950734,1.51505949254429
Zm00001eb000470,-1.31803784925286,0.0228957347104268,-0.418384842167412,0.300382843614712,1.41314411309514
Zm00001eb122550,-1.31027661755657,0.445231494423996,-0.368038659886352,-0.15457542729307,1.387659210312
Zm00001eb011550,-0.921605562487581,-0.0719244741628023,-0.921605562487581,0.476817831884354,1.43831776725361
Zm00001eb060980,-0.896624437073957,-0.0578984684152572,-0.709053044314827,0.0236377115964754,1.63993823820757
Zm00001eb256290,-0.986342295953812,-0.454628273982986,-0.544142189471047,0.46624138297499,1.51887137643286
Zm00001eb395560,-0.983032193972298,-0.53182725114976,-0.451008722030343,0.428371288263764,1.53749687888864
Zm00001eb417490,-0.829310777009119,-0.241025168660266,-0.829310777009119,0.332544938399588,1.56710178427892
Zm00001eb266360,-0.885814619902722,-0.351088305631917,-0.885814619902722,1.22633912174228,0.896378423695082
Zm00001eb359740,-1.38967949361042,0.183266262139677,-0.334365944851087,0.163593262352012,1.37718591396982
Zm00001eb185920,-1.0227868989936,-0.295085621915988,-0.241625296346207,-0.112560435192484,1.67205825244828
Zm00001eb320820,-0.318232209307604,-0.72623192144622,-0.650473383793846,-0.0219543977827233,1.71689191233039
Zm00001eb370600,-1.43830641850236,-0.0341900946656714,-0.0252414970050669,0.113314531735916,1.38442347843718
Zm00001eb129520,-1.27899706166102,-0.3419772768232,-0.158139961307906,0.324054733820672,1.45505956597145
Zm00001eb214190,-1.33635537350767,-0.207595251171806,-0.200401530809295,0.320127378507534,1.42422477698124
Zm00001eb157260,-1.43763614440016,-0.229939054892086,0.0208365168806211,0.311499219574125,1.3352394628375
Zm00001eb169140,-1.1547820768542,-0.470801005297566,-0.309380283076438,0.479082769612126,1.45588059561608
Zm00001eb296830,-1.55741276141419,-0.281071052903798,0.13549106949719,0.735275506310263,0.967717238510538
Zm00001eb316730,-1.29526784552651,-0.380112290625934,-0.249052340754767,0.598864750678222,1.32556772622899
Zm00001eb146230,-1.43359389325983,-0.168822339527168,-0.150274047338638,0.45340089518076,1.29928938494488
Zm00001eb299540,-1.26404145068175,-0.354980348482724,-0.221096425129086,0.403199849747463,1.4369183745461
Zm00001eb433050,-1.15032001513852,-0.472659670195129,-0.255034606407405,0.380059380652021,1.49795491108904
Zm00001eb209070,-1.19771741027194,-0.4382071609254,-0.00872743707706652,0.107857248023013,1.5367947602514
Zm00001eb384820,-1.22895376406427,-0.470205624722196,-0.0996330064152714,0.333346049739956,1.46544634546178
Zm00001eb288730,-1.09406271434084,-0.496999759731038,-0.188072276667271,0.204736518872212,1.57439823186693
Zm00001eb377500,-1.15715914307995,-0.621801113097649,0.0401073666139511,0.252606857419201,1.48624603214444
Zm00001eb144450,-1.03507798916593,-0.541970663842271,-0.306464759701277,0.322422661185433,1.56109075152405
Zm00001eb130740,-1.48560611432062,-0.375188241778447,0.153386105892843,0.561249434247167,1.14615881595905
Zm00001eb168720,-1.42222182965559,-0.302223970496427,-0.034873322046884,0.469094277952814,1.29022484424608
Zm00001eb104640,-1.23315369158384,-0.454144620760584,-0.187855309181369,0.447834803671882,1.42731881785392
Zm00001eb293740,-1.25758347451722,-0.582244860415454,0.0369739085813507,0.425525114042915,1.37732931230841
Zm00001eb367300,-1.32170688031125,-0.383446096155079,-0.17781257314011,0.553112415344419,1.32985313426201
Zm00001eb039810,-1.26730695067059,-0.430539837881552,-0.252028938393241,0.62562261922625,1.32425310771914
Zm00001eb233310,-1.2022996467577,-0.476789851623984,-0.131437100939245,0.326096656168675,1.48442994315225
Zm00001eb384320,-1.31325288838764,-0.421717776276303,-0.116963595427122,0.496426541853135,1.35550771823793
Zm00001eb398110,-1.10222452442851,-0.421106687862448,-0.340603768592762,0.31770674713929,1.54622823374443
Zm00001eb153470,-1.14868386733415,-0.573168514129631,-0.376439627460647,0.982506088286049,1.11578592063838
Zm00001eb193550,-1.02564499692312,-0.499862688991058,-0.55530439237671,0.705042645445634,1.37576943284526
Zm00001eb360120,-1.19813581690147,-0.384260490206666,-0.307529516230928,0.427116299385156,1.46280952395391
Zm00001eb171050,-1.02778555319952,-0.519930680159786,-0.311452596494456,0.278404003808012,1.58076482604575
Zm00001eb395580,-1.34522944952653,0.82117229172913,-0.618493291828366,0.0809747667179591,1.0615756829078
Zm00001eb433430,-1.15918957695864,-0.502748231220961,-0.15788363946178,0.308777857302334,1.51104359033905
Zm00001eb015490,-1.11772818546648,-0.227720959621021,-0.520608621428795,0.347064832624822,1.51899293389147
Zm00001eb165340,-1.34202617204946,-0.00925121644540722,-0.375508817223016,0.330956253745565,1.39582995197231
Zm00001eb041540,-1.23634129502401,-0.332900631793137,-0.428164942747957,0.696631380399182,1.30077548916592
Zm00001eb324600,-1.02058509330553,-0.440882645008055,-0.576311782646121,0.5972141732003,1.44056534775941
Zm00001eb366540,-1.14830687528741,-0.13058475109025,-0.465501417685839,0.191684278573092,1.55270876549041
Zm00001eb417610,-1.16800055552164,-0.593496774619482,0.0233301057400178,0.247642007143222,1.49052521725788
Zm00001eb252220,-1.2988604404449,-0.524552528117798,0.121092864362602,0.315344854895345,1.38697524930476
Zm00001eb399180,-1.18591448389637,-0.644526224360881,0.158020705446471,0.221910438185078,1.4505095646257
Zm00001eb066260,-0.31269443274289,-1.31159840733783,0.0546824488670096,0.0966543221483741,1.47295606906534
Zm00001eb062820,-1.13224758177914,-0.512432800305344,0.00324467798809848,0.0763181188906335,1.56511758520575
Zm00001eb190160,-1.29002430302326,-0.76799137981341,0.539006460374407,0.371043503233441,1.14796571922882
Zm00001eb002010,-1.20489629301268,-0.732832695973962,0.423922382152856,0.171383980397199,1.34242262643659
Zm00001eb002490,-1.09448116824606,-0.808804375251821,0.142629048039646,0.342904875477821,1.41775161998042
Zm00001eb377480,-1.15492067318328,-0.677079183109767,0.101796908728709,0.27325762277651,1.45694532478783
Zm00001eb204490,-1.23162371192553,-0.779314157160025,0.223346240708289,0.556048113595443,1.23154351478182
Zm00001eb332030,-1.17391099750358,-0.692288272394086,0.183227059183872,0.252886057951554,1.43008615276224
Zm00001eb045780,-1.20583502150613,-0.726339677529515,0.103095811633657,0.505272392004069,1.32380649539792
Zm00001eb155410,-1.34602014882391,-0.440614241345889,-0.00874913824653865,0.460478260980715,1.33490526743562
Zm00001eb332640,-1.33194176173837,-0.567177389747828,0.104716407289517,0.520814057121991,1.27358868707469
Zm00001eb289480,-1.17126148675816,-0.644283645332653,-0.0950183288092597,0.520028779787426,1.39053468111264
Zm00001eb012280,-0.772982112217833,-1.09397207305932,0.18444890208844,0.226317544979694,1.45618773820902
Zm00001eb189900,-1.26417510832114,-0.560478188479574,0.183524996911469,0.225840254805095,1.41528804508415
Zm00001eb187250,-1.11716125882841,-0.496284343084972,-0.445348639636208,0.722802684069756,1.33599155747983
Zm00001eb158520,-1.32025674324494,-0.639466004428682,0.0826274666796117,0.739255498301954,1.13783978269206
Zm00001eb386830,-1.3254123587161,-0.547200506568226,-0.0640365796342972,0.788815021898246,1.14783442302038
Zm00001eb387370,-1.25855380954267,-0.683672404067758,0.000153459775579359,0.793820353011439,1.14825240082341
Zm00001eb213430,-1.34375550224291,-0.554025367236661,-0.00725800490311479,0.761813108559592,1.14322576582309
Zm00001eb292790,-1.27090060783031,-0.484867639032834,-0.110705016110467,0.488490526194377,1.37798273677924
Zm00001eb224680,-1.20968185639343,-0.699147348718601,0.185465153732864,0.347642318541311,1.37572173283785
Zm00001eb218500,-1.26896069887139,-0.685870354544124,0.221567932239689,0.437604912658975,1.29565820851685
Zm00001eb328650,-1.34159822656618,-0.653532309855788,0.536690488701828,0.270172449316286,1.18826759840386
Zm00001eb322390,-1.25797517070651,-0.72084299664727,0.10420868515886,0.682408645952404,1.19220083624252
Zm00001eb187450,-1.35296754073938,-0.589500072780406,0.183698730227872,0.531829207192312,1.2269396760996
Zm00001eb071110,-1.3803250424924,-0.548604463978726,0.117655587524537,0.641500179407411,1.16977373953918
Zm00001eb384760,-1.26985570323277,-0.734756471514888,0.173857741462437,0.649349014405503,1.18140541887972
Zm00001eb059920,-1.33540138134324,-0.669631526064199,0.155845882653317,1.05547992230569,0.793707102448432
Zm00001eb366900,-1.1854631894006,-0.78161059046481,-0.0241433131768945,1.01440024769905,0.976816845343258
Zm00001eb409460,-1.18112196160152,-0.739170205804538,-0.0939104001218143,0.904015969813557,1.11018659771431
Zm00001eb023620,-1.19288212321191,-0.771114337517329,-0.0044059919812168,0.834048973769668,1.13435347894079
Zm00001eb178160,-1.33372277039678,-0.58255038891859,0.050093097422607,0.670416006741927,1.19576405515083
Zm00001eb384240,-1.01215877698285,-0.92905615413368,-0.0832716697251081,0.844639447287224,1.17984715355441
Zm00001eb143520,-1.12838651678569,-0.84410097102528,0.0885324457220005,0.601568851061846,1.28238619102712
Zm00001eb379460,-1.23715504104959,-0.815255487232527,0.17813952245028,0.845959015176197,1.02831199065564
Zm00001eb107900,-1.22498770208529,-0.854445897701263,0.286609640841783,0.696320278576758,1.09650368036802
Zm00001eb266370,-1.07130092769513,-0.963633041911038,0.120689600107099,0.760915724352105,1.15332864514696
Zm00001eb027860,-1.18313584407606,-0.855221748574387,0.3568824978339,0.435928351166727,1.24554674364982
Zm00001eb186490,-1.06039959110178,-1.06039959110178,0.517033187943262,0.487439508745714,1.11632648551458
Zm00001eb190120,-1.09536675564365,-0.666297265713699,-0.231758755634005,0.59944553317573,1.39397724381562
Zm00001eb074830,-1.18806683180863,-0.708169285721542,-0.000800024748875301,0.569295337564158,1.32774080471489
Zm00001eb427020,-1.19450828927781,-0.728842024292547,-0.0243365137379174,0.704952175478037,1.24273465183023
Zm00001eb397240,-0.865730542771476,-0.852819174200471,-0.25925036076218,0.488823664634712,1.48897641309942
Zm00001eb238140,-1.15156881805684,-0.788427318922272,-0.0795650136591326,0.952215794098295,1.06734535653995
Zm00001eb105770,-1.19596892601758,-0.687126920616696,-0.1407636465146,0.890075541108072,1.1337839520408
Zm00001eb188100,-1.2152305920788,-0.718728218887179,0.0061767524007108,0.691462717136336,1.23631934142894
Zm00001eb149360,-0.998205090932078,-0.231381843883502,0.202233155606307,-0.577520364722939,1.60487414393221
Zm00001eb327140,-1.01179928487271,-0.668493010222517,0.370177537994917,-0.22077010286178,1.53088485996209
Zm00001eb210530,-1.27546034740137,-0.644444044453264,0.349741749599882,0.236051211390163,1.33411143086459
Zm00001eb195920,-1.00518965628159,-0.533507074823933,0.366133167446414,-0.384145393259455,1.55670895691857
Zm00001eb346880,-1.05564705189947,-0.658666944365714,0.542393380976871,-0.271616981648033,1.44353759693635
Zm00001eb107800,-0.287242485129906,-1.08818370563884,0.233166332906415,-0.435498763108666,1.577758620971
Zm00001eb233790,-0.87823065967516,-0.766689635172245,0.0946190407112118,-0.0704935532976004,1.62079480743379
Zm00001eb044660,-1.10121339354669,-0.797630301779008,0.222697343264051,0.24782426239537,1.42832208966628
Zm00001eb216610,-1.24867199436558,-0.587151967368912,0.30106427486205,0.124072968034091,1.41068671883835
Zm00001eb212120,-0.863539213781827,-0.266233913436324,-0.82882933469404,0.441528201861183,1.51707426005101
Zm00001eb103490,-1.33370291791927,-0.719176262960355,0.260200832420812,0.774951930626546,1.01772641783227
Zm00001eb253280,0.00596757731759814,-1.42782260745659,-0.450671201568656,0.886237055061122,0.986289176646525
Zm00001eb181760,-1.21423613763707,-0.0343958004147526,1.49213027098777,0.244549254427276,-0.488047587363224
Zm00001eb181510,-0.535854011276023,-1.23302987197159,0.0639484297020188,0.246247485694764,1.45868796785083
Zm00001eb395100,-1.76438468455915,0.247988754880725,0.615401716955085,0.307609557159413,0.59338465556393
Zm00001eb075510,-1.55894922030398,-0.0615510275830099,1.15945466933751,0.470597940548807,-0.00955236199932876
Zm00001eb265410,-1.58169922901735,-0.354324925522346,0.881033644777577,0.668843450846493,0.386147058915631
Zm00001eb398190,-1.50138465328204,-0.111851044605042,1.29539388469241,0.207790330084787,0.110051483109892
Zm00001eb061930,-1.04451259251395,-1.07186069308118,1.11446625284539,0.590854069319221,0.411052963430514
Zm00001eb247330,-1.59690377759308,-0.277063535452988,0.678409195479341,0.282965241043031,0.912592876523692
Zm00001eb273390,-1.50302891888423,0.210222761938998,-0.320973538399576,1.1886908393252,0.425088856019611
Zm00001eb073010,-1.43257276926587,-0.561646982720429,0.815051601899534,0.958880738114162,0.220287411972608
Zm00001eb181970,-0.628678240701149,-1.15736115222485,-0.294245385528712,1.12647345649037,0.953811321964346
Zm00001eb265240,-1.63252827150616,-0.273948255934473,0.467126890185979,0.773212539610703,0.666137097643951
Zm00001eb326020,-1.48486727254614,-0.147225874607401,0.828302750111607,1.02010583323078,-0.216315436188845
Zm00001eb053560,-1.37160574156048,-0.4810373538939,0.88915054740993,1.04413097902811,-0.0806384309836571
Zm00001eb147220,-1.37819906200018,-0.460504752077399,1.14182346877168,0.761913737189626,-0.0650333918837309
Zm00001eb232000,-1.29488677435258,-0.651682508996027,1.29432715131217,0.398872268928584,0.25336986310786
Zm00001eb102780,-1.33297099314822,-0.380172892176765,0.771943835422266,-0.250451586053197,1.19165163595591
Zm00001eb110370,-1.34991627880008,-0.629606107697142,0.566096010970475,0.226103972169791,1.18732240335696
Zm00001eb300360,-1.44634347395534,-0.108013919723197,0.802434271550861,-0.320396320179119,1.07231944230679
Zm00001eb064880,-1.61091878073643,0.0451544510532796,0.634750593192229,0.9977662754406,-0.0667525389496765
Zm00001eb408080,-1.70439199072767,0.00850352475209704,0.414921977393714,0.866732898711654,0.414233589870203
Zm00001eb036040,-1.74881635692503,0.13349766274821,0.684271305070323,0.360243391389321,0.570803997717176
Zm00001eb254860,-1.75974955206092,0.173940655225652,0.475747174167953,0.431393741732123,0.678667980935185
Zm00001eb281290,-1.64472270211724,-0.107531817778093,0.700209900594114,0.179878339664743,0.872166279636478
Zm00001eb311960,-1.26746159645597,0.157925013740668,0.657454326719932,-0.73160322580194,1.18368548179731
Zm00001eb241300,-1.54617240490501,-0.326219858681031,0.943817718812743,0.163443235411474,0.765131309361819
Zm00001eb242480,-1.73448968947378,0.464940292631674,0.420193432178868,0.0796339680407093,0.769721996622526
Zm00001eb122740,-1.66100197058979,-0.0988462291619713,0.385052268596173,0.424714980817408,0.950080950338181
Zm00001eb415660,-1.5183042610623,-0.149275892986038,-0.0844005212037403,0.620424996269435,1.13155567898265
Zm00001eb386770,-1.67385762983886,-0.0787291476183959,0.541467887094289,0.317974327091066,0.8931445632719
Zm00001eb101420,-1.73778016396391,0.252451618826327,0.705871173972786,0.15060813971875,0.628849231446043
Zm00001eb325550,-1.75603180507014,0.175001375897874,0.416777649554748,0.451204769317643,0.713048010299871
Zm00001eb080570,-1.36088557327471,-0.47497436420863,0.0955880812963001,0.423493083197797,1.31677877298925
Zm00001eb268180,-1.72516248428461,0.145265685155595,0.847380639373619,0.275791584984353,0.456724574771046
Zm00001eb364360,-1.71409640792716,0.0657532096292341,0.794626133389151,0.25121270353801,0.602504361370765
Zm00001eb189080,-1.67687052045566,0.288723251811265,0.944269539288886,-0.017420132805674,0.461297862161184
Zm00001eb365340,-1.72710769960012,0.172107574826339,0.798787609375871,0.199938292628443,0.556274222769469
Zm00001eb041890,-1.73383359349221,0.188606926919272,0.785272558566707,0.542504563705784,0.21744954430044
Zm00001eb338940,-1.48822365325863,0.52897523394082,1.12971219508342,0.242332584102825,-0.412796359868435
Zm00001eb193920,-1.74335772405587,0.662006098162381,0.532911822888505,0.0643822830494111,0.484057519955576
Zm00001eb084180,-1.47579149230895,-0.315828549202,0.109032885863932,0.457331431015077,1.22525572463195
Zm00001eb390910,0.917423829322201,-0.996947800065377,-1.04280322896073,1.03401709482056,0.088310104883339
Zm00001eb388180,-1.60201475991883,-0.235067987256679,0.27120499415884,0.584503707225872,0.981374045790803
Zm00001eb146650,-1.78311366497453,0.536510509773254,0.464834212368919,0.465079975682575,0.316688967149783
Zm00001eb407530,-1.7336836743803,0.417943039051597,0.0642514697587697,0.498418787755186,0.753070377814744
Zm00001eb222650,-1.78831857286637,0.408647551281919,0.44302865369819,0.468250067627326,0.468392300258935
Zm00001eb423330,-1.78738446236863,0.45216985537239,0.403881044031481,0.421011406131694,0.510322156833068
Zm00001eb054670,-1.76927714211276,0.263526855349179,0.509101075242288,0.34937283389943,0.647276377621869
Zm00001eb179590,-1.7619712000083,0.413352076766165,0.504846406545442,0.66037268715116,0.183400029545539
Zm00001eb143080,-1.50837775861906,-0.501871636357932,0.746957462069037,0.873537154705007,0.389754778202944
Zm00001eb157620,-1.66056056682159,0.0892315420576377,0.779344210555997,0.791958923569712,2.58906382443681e-05
Zm00001eb087050,-1.39930202414407,-0.39932213269555,0.00549946061807547,0.525875588569188,1.26724910765236
Zm00001eb406660,-1.69746079292681,0.657890516404469,0.356853147436636,0.74472652118567,-0.0620093920999663
Zm00001eb018020,-1.1974330250119,-0.705785852634842,-0.0223533996545287,0.635978466770335,1.28959381053094
Zm00001eb371070,-1.10932921769435,-0.082970057380156,-0.650262432200398,0.354647549348464,1.48791415792644
Zm00001eb020740,-1.0633660767043,0.0288506138213006,-0.487295484516591,-0.0972929473992428,1.61910389479883
Zm00001eb279090,-1.42188505645698,0.287653395297374,-0.0455382241523157,-0.183903203219518,1.36367308853144
Zm00001eb309590,-1.47252965701939,0.261514691132826,0.0725903320797995,-0.175768151222985,1.31419278502975
Zm00001eb107170,-1.12882873280548,-0.445653383116895,-0.0501486685253144,0.0361352352155536,1.58849554923213
Zm00001eb145580,-1.36817736252548,-0.190099037947315,-0.00412303183284147,0.121127724617664,1.44127170768797
Zm00001eb275490,-1.56859369981141,0.0216648369561405,0.0317997407246476,0.315849105213197,1.19928001691743
Zm00001eb407990,-1.15784685230423,-0.124725481408875,-0.329121442320969,0.019483459554212,1.59221031647986
Zm00001eb050760,-1.36817137850868,-0.387213871557692,0.0120541272343027,0.392903881244101,1.35042724158797
Zm00001eb237340,-1.59330028103377,0.00945703575223788,-0.0400681034300259,0.54629113797306,1.0776202107385
Zm00001eb058370,-0.530242245662265,-0.764773005020264,-0.753350881252911,0.540175857244184,1.50819027469126
Zm00001eb108240,-1.45839800078326,0.0811955869696139,-0.425460935535386,1.07549821101013,0.727165138338902
Zm00001eb384950,-0.344626511502865,-0.608919414085877,-0.690038229134632,-0.0957079281485414,1.73929208287192
Zm00001eb310270,-1.35304980199523,-0.111247425116144,-0.353276578987595,0.472731498223472,1.3448423078755
Zm00001eb150140,-1.35645847346206,0.0513185814385737,-0.307014782477811,0.18817467944199,1.42397999505931
Zm00001eb353230,-1.38308345939255,0.140046512220235,-0.282585059366412,0.120996563740712,1.40462544279801
Zm00001eb410950,-1.47261801915817,0.0883840864170388,0.0983325355255715,-0.0595960733923223,1.34549747060788
Zm00001eb148190,-1.24467025660033,-0.716935149944377,0.643679696300697,0.0871183383091523,1.23080737193486
Zm00001eb073560,-1.24387696342969,-0.768385639693101,0.670209778935209,0.164755946173131,1.17729687801445
Zm00001eb192920,-0.536050722770353,-1.36283887913234,0.852543485784722,-0.0158396132350891,1.06218572935306
Zm00001eb188460,-1.42653927147351,-0.495522088499448,0.239150798644629,1.19228036781257,0.49063019351576
Zm00001eb240740,-1.53139837229378,-0.216018553350707,-0.0141517388180773,1.04870195850148,0.71286670596109
Zm00001eb075300,-1.30025963909227,-0.553839775043728,-0.131762262117091,1.07478980893484,0.911071867318247
Zm00001eb328570,-1.18308928483938,-0.81141081196226,0.313099608295184,1.30455748104032,0.376843007466144
Zm00001eb231360,-1.14754772445666,-0.970929535309407,0.332710144978033,1.02564635876872,0.760120756019312
Zm00001eb250390,-1.25645867776198,-0.875575529734301,0.405848096259554,0.855773210800613,0.870412900436117
Zm00001eb372610,-1.20992664298956,-0.965559051222471,0.593523173887139,0.801000526327448,0.780961993997445
Zm00001eb428830,-1.30064463212646,-0.632209583123377,0.232639241883492,0.397808863407629,1.30240610995872
Zm00001eb250760,-1.49803134492694,-0.498676584168709,0.501255745042388,1.01019305631488,0.485259127738386
Zm00001eb424710,-0.982738025213175,-0.994232774833289,-0.0204512203024005,1.15755298691276,0.839869033436107
Zm00001eb118900,-1.41189587070554,-0.597927754482702,0.228472873946319,0.819165421420312,0.962185329821609
Zm00001eb168870,-1.46621093942574,-0.523592718883072,0.251559887159071,0.837121377430412,0.901122393719328
Zm00001eb068530,-1.36310183871551,-0.618223948066577,0.208417779341069,0.617462223959798,1.15544578348122
Zm00001eb172290,-1.27945291080936,-0.578118217995377,0.182769027264796,0.292931575934753,1.38187052560519
Zm00001eb255970,-1.48415045100801,-0.405462605949155,0.247773296625236,0.486489761811086,1.15534999852084
Zm00001eb233420,-1.41135666319161,-0.628028636904175,0.334209643359438,0.697435798707954,1.00773985802839
Zm00001eb037480,-1.49085325955345,-0.416947766857044,0.153719593412192,0.73302584227032,1.02105559072798
Zm00001eb266750,-1.39652345756666,-0.687504390648351,0.415458730248323,0.755568175524442,0.913000942442244
Zm00001eb066640,-1.27576861253632,-0.798719745270394,0.273867371109806,0.761854886822223,1.03876609987468
Zm00001eb432100,-1.29045508486328,-0.784683324859052,0.321362740109629,0.679581989422648,1.07419368019005
Zm00001eb152630,-1.40860179344816,-0.63983582098591,0.310654668721182,0.86885101070237,0.868931935010516
Zm00001eb319090,-1.2741232047279,-0.733465152095573,0.151111381857761,0.713121192944009,1.14335578202171
Zm00001eb226740,-1.38723252206245,-0.447010320351822,0.135344254966726,0.394300180430605,1.30459840701693
Zm00001eb027720,-1.64386601244688,-0.150376050105797,0.32171433537923,0.52719149640158,0.945336230771863
Zm00001eb074460,-1.37409297990946,-0.613376642210004,0.287191616662062,0.527892276792911,1.17238572866449
Zm00001eb320470,-1.45193014449098,-0.52011127711059,0.370361252975828,0.483408220796876,1.11827194782887
Zm00001eb208150,-1.35392336740656,-0.686761595454143,0.310975999993552,0.638362312124897,1.09134665074225
Zm00001eb273840,-1.52737589441186,-0.482943076563758,0.43445944569488,0.746293058242805,0.829566467037933
Zm00001eb429830,-1.58311650751573,-0.39134246360684,0.815622211220932,0.535246611123003,0.623590148778631
Zm00001eb001990,-1.356244853688,-0.73525863585855,0.588024857291339,0.48341357786928,1.02006505438593
Zm00001eb024330,-1.33149017166282,-0.633012242544764,0.339181658217628,0.370760249936276,1.25456050605369
Zm00001eb002830,-1.42917917036196,-0.581498094833313,0.666113504589314,0.303721294683017,1.04084246592294
Zm00001eb193670,-1.40694077684378,-0.538870637832193,0.146130248224459,0.688469007262643,1.11121215918887
Zm00001eb364850,-1.44752691542358,-0.570927642701781,0.593615024211109,0.387423759095752,1.0374157748185
Zm00001eb174000,-1.4185279146085,-0.449659323609239,1.25806154713235,0.213576474061724,0.396549217023665
Zm00001eb050790,-1.26684194633296,-0.8950833141878,0.603797520747397,0.691072759859617,0.867054979913742
Zm00001eb071590,-0.798452577006224,-1.0599267286605,0.0347655279034181,0.375599575900606,1.4480142018627
Zm00001eb051350,-1.2184403158677,-0.911822653164398,0.632990321845968,0.46368614523909,1.03358650194704
Zm00001eb148290,-1.16527697310141,-0.929176547491212,0.403972849938093,0.539704734180272,1.15077593647426
Zm00001eb064180,-1.33406103332638,-0.767635122890177,0.819407578656447,0.903305212103258,0.378983365456852
Zm00001eb246520,-1.34046234873361,-0.7968799697028,0.549335318511071,0.741607901653038,0.846399098272299
Zm00001eb134520,-1.39093686984314,-0.672642000846365,0.446119701070864,0.578797537855139,1.03866163176351
Zm00001eb273540,-1.56763401526033,-0.435391244076727,0.692568844781744,0.569617323643593,0.740839090911717
Zm00001eb184110,-1.17703693708451,-0.998340803277595,0.852373622959435,0.571532761714672,0.751471355687999
Zm00001eb251530,0.427478852493274,-1.74419783742579,0.43095620657382,0.756748106786416,0.129014671572282
Zm00001eb238570,-1.22608314852769,-0.500776955305539,-0.295263258097982,0.772031644239331,1.25009171769188
Zm00001eb283990,-1.45344636663706,-0.412123034733105,0.0423875903793354,0.747493986313754,1.07568782467708
Zm00001eb028430,-1.42672001608599,-0.472677959421476,0.321362373828885,0.345918722200392,1.23211687947819
Zm00001eb349450,-1.31099473212607,-0.545050240639049,0.419430859526509,0.0952658274796632,1.34134828575895
Zm00001eb086370,-1.30535934604313,-0.677210696570453,0.380379092170907,0.348753527383492,1.25343742305918
Zm00001eb158610,-1.51559576278199,-0.00304419942084048,0.00659546871182041,0.226977144069272,1.28506734942173
Zm00001eb259650,-1.53450099375167,-0.168479030462823,0.140668381662201,0.347148281800874,1.21516336075142
Zm00001eb136460,-1.48067834894109,-0.343957145669141,0.322749868843469,0.272775784200243,1.22910984156652
Zm00001eb183160,-1.53706622357145,-0.384289788138935,0.558509879095,0.328477810319681,1.0343683222957
Zm00001eb337530,-1.51945724774591,-0.378643308505168,0.26645194334823,0.545876458628248,1.0857721542746
Zm00001eb330910,-1.50299960466183,-0.484987171151811,0.409401041000332,0.57457915248102,1.00400658233229
Zm00001eb390330,-1.25711259874808,-0.605343078925682,0.0516746019686325,0.452017978961374,1.35876309674376
Zm00001eb136980,-1.12260130746047,-0.565661117146098,-0.167453744471219,0.349104337937092,1.5066118311407
Zm00001eb310260,-1.48846273524268,-0.342789246368576,0.202567264905445,0.427280497443605,1.2014042192622
Zm00001eb200970,-1.41466880938459,-0.442056068197252,0.261174807429482,0.317048346038139,1.27850172411422
Zm00001eb073830,-1.52181712623074,-0.340632141922498,0.289668866903952,0.43474035314157,1.13804004810772
Zm00001eb146690,-1.4947330227552,-0.33289474048503,0.169431606773837,0.474527939608557,1.18366821685783
Zm00001eb033570,-1.51461722543833,-0.227021612891473,0.0480962012728185,0.516590102115604,1.17695253494138
Zm00001eb120740,-1.36196731447637,-0.503466879479798,0.090674120560588,0.494660238135293,1.28009983526028
Zm00001eb301170,-1.42259566110904,-0.424782003792252,0.0393792231473531,0.621331634885955,1.18666680686798
Zm00001eb155280,-1.39614132299142,-0.466429717733889,0.0335596145259332,0.632136204884475,1.1968752213149
Zm00001eb153520,-0.209828612219741,-1.25296824518024,-0.566083868102521,0.953558981442093,1.0753217440604
Zm00001eb355710,-1.53240294076635,-0.403667393693022,0.249880067697688,0.794438138476686,0.891752128284998
Zm00001eb011070,-1.59419020306501,-0.338531481629957,0.40660666751828,0.679058914848539,0.847056102328152
Zm00001eb273020,-0.994250114988855,-0.723621607041149,-0.185154926368601,0.384591407330822,1.51843524106778
Zm00001eb399830,-1.4762934812095,-0.260796427077547,-0.0963647920540121,0.739981008323005,1.09347369201805
Zm00001eb161460,-1.66452512993321,0.105102611426675,0.221261385623626,0.298935106287761,1.03922602659515
Zm00001eb324750,-1.53452943262431,-0.152856671815184,0.074269164450348,0.409528736559432,1.20358820342972
Zm00001eb249840,-1.28412317930317,-0.551809977621281,0.0698581542588925,0.39204728262298,1.37402772004258
Zm00001eb259370,-1.58912939672482,-0.184255912193006,0.0833013645464771,0.792190612502491,0.897893331868858
Zm00001eb117090,-1.70219856340794,0.252193586009003,0.264649155906794,0.227749795624027,0.95760602586811
Zm00001eb362240,-1.55632775405659,-0.0596630651820604,-0.0434627102183196,0.517075021399631,1.14237850805734
Zm00001eb017630,-1.53392939431044,-0.27499214410722,0.203616577762788,0.455177146772442,1.15012781388243
Zm00001eb319590,-1.63254182277223,-0.0269630109102788,0.104990215591759,0.537674965535615,1.01683965255513
Zm00001eb359300,-1.01277777544556,-1.01277777544556,1.28259800311216,0.488764234708173,0.254193313070789
Zm00001eb415010,-1.1090917860965,-0.765761734749172,-0.0351184021020786,0.531727943111173,1.37824397983658
Zm00001eb387280,-1.21112938223238,-0.759884168859816,0.23560779735557,1.31178286413625,0.423622889600379
Zm00001eb001630,-1.19949022810119,-0.602080416237369,0.262296432439459,1.45711088613826,0.0821633257608411
Zm00001eb284010,-1.19952857958544,-0.791769321348851,0.518778255369214,1.27521464324389,0.197305002321189
Zm00001eb031700,-1.12585502199137,-0.964458406277737,0.223598729711211,0.862780521698934,1.00393417685896
Zm00001eb067740,-1.066035082666,-0.958446945860321,0.152732040131143,1.22733474174863,0.644415246646551
Zm00001eb243730,-1.21408432534742,-0.914505329760811,1.05425582315896,0.560908450095232,0.513425381854042
Zm00001eb064860,-1.25334403249333,-0.803173341110479,0.431322715340676,0.440190832846655,1.18500382541648
Zm00001eb170920,-1.36454915371299,-0.746996275460726,0.943837130646271,0.523017042423113,0.644691256104327
Zm00001eb291140,-1.05996825863453,-1.05996825863453,1.02209511280694,0.778733981955113,0.319107422507004
Zm00001eb302890,-1.03049581597751,-0.828131927278104,1.41334711336799,0.501556432919556,-0.0562758030319373
Zm00001eb370470,-0.703487548054008,-1.04598308483799,0.767415061475344,-0.32747151383668,1.30952708525333
Zm00001eb075170,-1.29269899374072,-0.764670466431926,1.02678424043454,0.233450840987578,0.797134378750527
Zm00001eb245030,-0.996743843154003,-0.996743843154003,1.28875981430001,0.124569207660556,0.580158664347444
Zm00001eb374110,-1.01534777030827,-0.83650261993436,0.0798650067162251,0.297355386982243,1.47462999654416
Zm00001eb040160,-1.75525091249031,0.563635497888662,0.106179279284032,0.565624599978472,0.519811535339147
Zm00001eb187260,-1.65287542244247,0.922709459607074,0.408140639487198,0.475799220311423,-0.153773896963223
Zm00001eb073550,-1.76488084019219,0.470658681993303,0.196471821976614,0.442698551528221,0.655051784694047
Zm00001eb163520,-1.41325553003151,0.135520574503581,-0.254588337448836,0.155620729736273,1.3767025632405
Zm00001eb271520,-1.78691772828589,0.369510091001008,0.452385141499011,0.475411950373118,0.489610545412751
Zm00001eb219990,1.25318399745619,0.23657930774465,-0.365425925228196,-1.45881709399874,0.334479714026099
Zm00001eb065440,-1.38765674187089,1.20972822956162,0.548593932082272,-0.532690341382305,0.162024921609308
Zm00001eb071780,-1.73753143913271,0.769970502780255,0.529159835473318,0.296731282312656,0.141669818566484
Zm00001eb195490,-1.50294549482462,1.30707086817834,0.11301160583293,-0.0494415383586243,0.132304559171982
Zm00001eb249470,-1.4814739150678,0.457746897860502,0.402369221237008,-0.47696285781738,1.09832065378767
Zm00001eb199430,-1.68844064767479,0.63588316415772,0.50458356033299,-0.138371196577001,0.686345119761077
Zm00001eb234870,-1.43035426875527,0.727223143752025,0.0712340652848116,-0.465240284048017,1.09713734376645
Zm00001eb024300,-1.34423561564546,0.816186399530561,0.105224809368349,-0.633101819859832,1.05592622660638
Zm00001eb101350,-0.982811891786339,1.15097780846772,-0.982811891786339,-0.046322040395702,0.860968015500663
Zm00001eb273570,-1.59941453565923,0.347334727671837,-0.194736559802407,0.37940920039408,1.06740716739572
Zm00001eb318060,-1.05269251425053,1.14135431306978,-1.05269251425053,0.391711252683474,0.572319462747816
Zm00001eb154070,-1.33220981653977,1.23591456210198,-0.298413282194296,-0.317807986931875,0.712516523563961
Zm00001eb006680,-1.16841004029908,1.01677868157933,-0.143732713794964,-0.728873732000712,1.02423780451543
Zm00001eb006700,-1.46462060657317,0.718212520192316,0.219653515377989,-0.495593859795313,1.02234843079818
Zm00001eb389660,-0.700621903609371,-0.512169243643118,-0.179799229727065,-0.363145671589337,1.75573604856889
Zm00001eb037530,-0.822152220227602,0.984338106053795,-0.822152220227602,-0.524836160273955,1.18480249467536
Zm00001eb164360,1.56993590878627,-0.140949706868896,-0.799934276643465,-0.896628364771877,0.26757643949797
Zm00001eb397720,0.201174377567857,-0.630433811487853,-0.551370096327595,-0.688085837010718,1.66871536725831
Zm00001eb187310,-1.30480834973189,-0.0147459782047894,-0.578252622808424,0.664258064673808,1.23354888607129
Zm00001eb135910,-1.23069985445759,-0.0220503092914999,-0.41979824767756,0.161755121823867,1.51079328960279
Zm00001eb227200,-1.25866648138831,0.158819656195542,-0.399895018995444,0.00622914690472391,1.49351269728348
Zm00001eb294560,-0.972710689048714,0.100643170575449,1.54774307286133,-0.796055804249854,0.12038024986179
Zm00001eb100800,-0.740048710814441,-0.740048710814441,1.68248365413338,-0.264631898773515,0.0622456662690146
Zm00001eb335680,-0.893999285006778,-0.893999285006778,1.08630881791086,1.04915693195504,-0.347467179852343
Zm00001eb288080,-1.14508090419768,-0.769878558090417,1.37220945960424,0.08995126405761,0.452798738626249
Zm00001eb296340,-1.27737343386113,-0.750584155340035,1.16836940097652,0.242167400365915,0.617420787858726
Zm00001eb153330,-1.40015096453614,-0.639089256857334,0.916466168774516,0.277731272663779,0.845042779955178
Zm00001eb333460,-0.962232588979172,-0.908796533565033,0.85783468023016,-0.200168467637007,1.21336290995105
Zm00001eb160100,-0.310624312779291,-1.19413130347065,-0.555631141298707,1.18224633971239,0.87814041783626
Zm00001eb056050,-1.30429905883502,-0.456127082313268,-0.17925595959343,0.671985359738793,1.26769674100292
Zm00001eb192430,-1.69107623153684,0.240685521462636,0.389878219912547,0.959198701380508,0.101313788781148
Zm00001eb409800,-1.57803795314898,0.281014831231628,-0.307718987221326,0.958155022825539,0.646587086313138
Zm00001eb428070,-1.67854670593601,0.712664942817419,0.0594457699395267,0.813941388429772,0.0924946047492924
Zm00001eb016100,-1.57816616658373,-0.213587243876608,0.172078581269389,0.562362440492457,1.05731238869849
Zm00001eb295830,-1.23933408895607,-0.675981934766748,-0.00173050897760109,0.667350859613443,1.24969567308698
Zm00001eb054480,-1.14165568258991,-0.736987132640479,0.121609744891069,0.333034760246306,1.42399831009301
Zm00001eb320950,-1.38841169930995,-0.729442059934499,0.822152734052655,0.759366302881372,0.536334722310422
Zm00001eb348760,-1.00326265655418,-0.908160191636462,-0.0952583308868675,0.732923983673508,1.273757195404
Zm00001eb068520,-1.6796842583814,-0.146082500168386,0.456048241326608,0.759946836349751,0.609771680873424
Zm00001eb187120,-1.61997976881578,-0.327890990785228,0.675691602626452,0.670542453616332,0.601636703358221
Zm00001eb234270,-1.46228973716819,-0.393454129453676,0.0574098322398041,0.69107565006809,1.10725838431398
Zm00001eb038010,-1.62075952958936,-0.272847995519839,0.589890614103948,0.427266948586596,0.876449962418652
Zm00001eb256690,-1.55529570412883,-0.340191464936618,0.782232420040767,0.214743320462708,0.898511428561978
Zm00001eb109820,-1.19005608625107,-0.642156509425538,0.187234383809805,0.196642417142811,1.44833579472399
Zm00001eb364110,-1.58456940472938,-0.366549548808293,0.870974209910543,0.459982353889783,0.620162389737346
Zm00001eb371000,-1.78716389749771,0.501788378896848,0.380254446291703,0.456925429693624,0.448195642615536
Zm00001eb256160,-0.0402101537152945,0.0712543348832085,-1.63895462362667,0.888942601196525,0.718967841262226
Zm00001eb333350,-1.72910332741063,0.555769706287853,-0.00452722969875448,0.527192556349612,0.650668294471925
Zm00001eb149820,-1.45566163962704,-0.295994759784694,0.246800015767193,0.204600811337415,1.30025557230712
Zm00001eb246270,-1.49564295633934,-0.124953684254569,0.178738167196708,0.139545773364265,1.30231270003293
Zm00001eb319530,1.76013355629817,-0.605435028351613,-0.204257103156577,-0.620113561200117,-0.33032786358986
Zm00001eb372360,-1.72766877065275,0.77853755033398,0.374146785331197,0.0597307914153875,0.515253643572183
Zm00001eb261760,-1.49881380453932,-0.341079353904949,0.443040908430847,0.216068009632287,1.18078424038114
Zm00001eb406520,-1.75168123434062,0.250225373993159,0.220797791493863,0.63018245666839,0.65047561218521
Zm00001eb393510,-1.68898981541927,0.670170028465774,-0.106193118305202,0.726947231454859,0.398065673803838
Zm00001eb270930,-1.70289412842334,0.121616347500663,0.130695154314906,0.81524921938327,0.635333407224499
Zm00001eb335200,-1.48634407830511,-0.237218517901443,-0.0160988845997744,0.537386423512348,1.20227505729398
Zm00001eb030990,-1.66137556762775,-0.0120474585437818,0.367317118111105,1.00788241675814,0.298223491302283
Zm00001eb081720,-1.50024262082182,-0.370538926218482,0.132464542582593,0.664765347021176,1.07355165743653
Zm00001eb257810,-1.71068932756259,-0.0373447463417689,0.401846220571704,0.720823064863862,0.625364788468795
Zm00001eb363940,-1.76771373836961,0.358761626968071,0.262310237806975,0.472628881013362,0.674012992581202
Zm00001eb176840,1.49868568207725,-1.20873778540206,-0.51413965049897,0.0707217242228509,0.153470029600923
Zm00001eb336820,-1.7399580121732,0.0381708207692793,0.537494900511769,0.535241631140496,0.629050659751656
Zm00001eb206360,-1.64364408451335,-0.185918026424383,0.306119311988326,0.831437240167849,0.692005558781562
Zm00001eb393300,-1.55074209804461,-0.362206449087289,0.364992584665717,0.516391087289036,1.03156487517715
Zm00001eb023210,-1.32613516435301,-0.00972455725576651,0.440265163594391,-0.459504417895585,1.35509897590997
Zm00001eb102540,-1.53024680606285,0.32448491063871,0.259533486715801,-0.247310158036497,1.19353856674484
Zm00001eb350280,-1.21576326006569,0.49904742268819,-0.538311679981463,-0.145643685155262,1.40067120251423
Zm00001eb296640,-1.51664902082423,1.26385726937408,-0.117535629725022,0.0850269305933017,0.28530045058187
Zm00001eb330490,-1.51079182451151,0.182662227662289,-0.185266665480918,0.254386120150605,1.25901014217953
Zm00001eb379340,-1.53474772627761,0.496430034715975,-0.0188308409303457,-0.119102553963156,1.17625108645514
Zm00001eb274210,-0.88823532145405,-0.40160006407553,-0.553632647597454,0.199217892456396,1.64425014067064
Zm00001eb293840,-1.41926385280976,0.175364696516854,-0.162690790113063,0.0180134954617689,1.3885764509442
Zm00001eb175540,-1.70049038808228,0.623914982346248,-0.0159476193604676,0.299274743573302,0.793248281523202
Zm00001eb129860,-1.13971758271291,-0.0286466070734309,-0.487562789206334,0.0892285403225311,1.56669843867014
Zm00001eb215560,-1.68611717219437,0.562593287563479,-0.0391075009080267,0.295735223836066,0.866896161702852
Zm00001eb099980,-1.58976634361412,0.00514868104170694,-0.109539309908359,0.734088044880294,0.960068927600482
Zm00001eb009170,-1.75643359392,0.309813363787602,0.245178279467302,0.464498839399436,0.73694311126566
Zm00001eb122050,-1.73130242720983,0.552682529261482,0.0112938005631393,0.495115692331706,0.672210405053509
Zm00001eb107910,-1.22166681419245,-0.0666858175463879,-0.483526155441633,0.294539175627477,1.47733961155299
Zm00001eb344600,-1.62431117023246,0.260804938300698,0.123197844180885,0.115558390661317,1.12474999708956
Zm00001eb009140,-1.21258612285525,-0.949122355411664,0.587675338078627,0.637602409243545,0.936430730944738
Zm00001eb317890,-1.32743143368714,-0.618870821170553,1.23964343432486,0.538431418602131,0.168227401930698
Zm00001eb063390,-1.42644203293693,-0.565831999012165,0.471612159114739,0.395315196212896,1.12534667662146
Zm00001eb151260,-1.54259069853848,-0.35744497207287,0.803496976266603,0.898869606552757,0.197669087791988
Zm00001eb156040,-1.34572691355389,-0.758974118671985,0.978735951802188,0.460136497978989,0.665828582444695
Zm00001eb029220,-1.48644178558204,-0.554262311619659,0.914541272622781,0.483153272903436,0.643009551675483
Zm00001eb374760,-1.47390948366547,-0.609525030143271,0.753050023089054,0.620335318683597,0.710049172036087
Zm00001eb433460,-1.43689114957034,-0.668758826988751,0.643656873864631,0.781490947941117,0.680502154753347
Zm00001eb010280,-1.68492382018848,-0.0686151130948883,0.543509773445457,0.351208030794729,0.858821129043179
Zm00001eb349820,-1.41035267797504,-0.524950430807338,0.458892343230199,0.27191372944669,1.20449703610549
Zm00001eb193180,-1.60126771897467,-0.335484926918484,0.865236262462805,0.554252597892576,0.517263785537778
Zm00001eb023780,-1.6217360822566,-0.303834074158384,0.801073931452643,0.519285272391959,0.605210952570382
Zm00001eb344160,-1.65546250967267,-0.13483173816633,0.914561284833386,0.541277860199563,0.33445510280605
Zm00001eb285760,-1.14120961657341,-0.91977501746063,0.14800349849466,0.955755630955748,0.957225504583634
Zm00001eb136720,-1.36896700848491,-0.729850546243706,0.567519286773522,0.987833940216175,0.543464327738915
Zm00001eb020850,-1.53897231108674,-0.479604998371117,0.609034579770333,0.8411803060505,0.56836242363702
Zm00001eb028820,-1.43759152520132,-0.600770496701312,0.606151983500129,1.0155815565218,0.416628481880702
Zm00001eb063930,1.7358581654315,-0.838052743354356,-0.299508889267091,-0.210325173898805,-0.387971358911252
Zm00001eb136130,-1.41172997617806,-0.701996132458381,0.588149349937653,0.81078850018647,0.714788258512315
Zm00001eb063940,-1.45702867602773,0.0202660775670125,0.242445730705563,-0.146037502835385,1.34035437059054
Zm00001eb313510,-1.34396471553323,0.59838177527989,1.26233567422528,-0.491496556972842,-0.0252561769990926
Zm00001eb011300,-1.4481229030002,-0.395376853694009,0.394265961774859,0.204505247625303,1.24472854729405
Zm00001eb171140,-1.21762114623844,-0.56550094600933,0.274198133087639,0.0530359140382169,1.45588804512192
Zm00001eb051480,-1.27283177370265,-0.0417512014254054,0.00363784316503333,1.52692374350692,-0.215978611543893
Zm00001eb278680,-1.18069966806691,-0.871680740294417,0.660626300779161,1.16555999129222,0.226194116289951
Zm00001eb051310,-1.16202164007332,-0.752823719578348,0.828372995798948,1.17827525015947,-0.0918028863067501
Zm00001eb288970,-1.26950941208084,-0.743117141472885,0.618785270262459,1.18775197443218,0.206089308859084
Zm00001eb185160,-1.08628672704921,-1.08628672704921,0.847165511454828,0.810892672415241,0.514515270228358
Zm00001eb314630,-0.45019319513756,-1.55679900850147,0.810226323401134,0.57480378621366,0.62196209402423
Zm00001eb174220,-0.856473793487255,0.667253514271624,-0.856473793487255,-0.35491716404303,1.40061123674592
Zm00001eb348560,-0.985656558089234,0.831760277448167,-0.985656558089234,-0.0284905794412247,1.16804341817153
Zm00001eb150010,-1.53920526606794,0.0863373376769419,-0.298774892267116,0.876202986527273,0.875439834130842
Zm00001eb070890,-1.46664128424532,0.801832519140539,-0.425304312964883,1.00926066142076,0.0808524166489087
Zm00001eb293010,-1.69057384140299,0.643963688487701,-0.124296634210975,0.700148313520128,0.47075847360614
Zm00001eb011560,-1.29215283110002,0.300181060557305,-0.223831483163067,-0.243873896171549,1.45967714987733
Zm00001eb037440,-1.48910606864515,0.460514862910552,-0.447811017490887,0.363986796277351,1.11241542694813
Zm00001eb356430,-1.41575439362935,-0.0235197301047319,-0.29486836325055,0.417341388475833,1.3168010985088
Zm00001eb175500,-1.29468271611373,0.697185993227752,0.0416926983807271,-0.639030650901273,1.19483467540653
Zm00001eb103370,-1.31994480334201,-0.584070629419804,0.28847243150194,0.293766988109355,1.32177601315052
Zm00001eb268690,-0.822118043101832,-0.822118043101832,0.99073244725986,-0.525644673160172,1.17914831210398
Zm00001eb121610,-1.07507115984672,0.481739575383678,1.01390546981354,-1.07507115984672,0.65449727449623
Zm00001eb294830,-1.26997866721073,-0.445931472524249,0.941485183187747,-0.320614460256691,1.09503941680392
Zm00001eb168040,-1.31563564669408,-0.720941317837398,0.679312304684937,0.25038148307519,1.10688317677135
Zm00001eb312120,-0.988137347869059,-0.988137347869059,0.790037363745471,1.19288137885541,-0.00664404686276601
Zm00001eb416800,-1.52296656940719,-0.467737161458536,0.392791654571097,0.923149416742908,0.674762659551727
Zm00001eb082700,-1.04502496932056,0.461302187653775,-1.04502496932056,0.442462393763249,1.18628535722409
Zm00001eb003470,-1.52200290813322,0.188771952279385,-0.374217688922445,1.01206411790717,0.695384526869111
Zm00001eb288360,-1.51258087324879,0.387253986674831,-0.492878084005894,0.738707234781226,0.879497735798631
