gene_id,SAM,P1_P2,P3,P4,P5
Zm00001eb227240,0.484375,0.416234887737478,0.418308227114716,0.483797612279704,0.491205628397825
Zm00001eb050860,0.046875,0.0189982728842832,0.0231749710312862,0.0221716884593519,0.0211064918452191
Zm00001eb019780,0.140625,0.07426597582038,0.0996523754345307,0.10574189880614,0.118324272465622
Zm00001eb164530,0.1875,0.107081174438687,0.120509849362688,0.123934053439454,0.135913015669971
Zm00001eb055700,0.234375,0.129533678756477,0.12630359212051,0.158044343376919,0.196674128557723
Zm00001eb269420,0.015625,0.00172711571675302,0.00231749710312862,0.0045480386583286,0.00607611128877518
Zm00001eb325760,0.671875,0.582037996545769,0.564310544611819,0.607163160886868,0.716021746082507
Zm00001eb202570,0.046875,0.00863557858376511,0.0104287369640788,0.0210346787947698,0.0163095618803965
Zm00001eb380990,0.15625,0.0708117443868739,0.0822711471610661,0.101193860147811,0.104892868564119
Zm00001eb150830,0.015625,0.00345423143350604,0.00115874855156431,0.00397953382603752,0.00735529261272785
Zm00001eb361590,0.296875,0.18307426597582,0.17728852838934,0.201819215463331,0.215222257755037
Zm00001eb307400,0.078125,0.0103626943005181,0.0127462340672074,0.0255827174530984,0.0300607611128878
Zm00001eb314810,0.03125,0,0.00115874855156431,0.00397953382603752,0.00767508794371602
Zm00001eb203350,0.625,0.61139896373057,0.617612977983778,0.674815235929505,0.700991365526063
Zm00001eb424870,0.015625,0.00345423143350604,0.00347624565469293,0.0022740193291643,0.00383754397185801
Zm00001eb051340,0.09375,0.0138169257340242,0.0104287369640788,0.015349630471859,0.0214262871762072
Zm00001eb264780,0.0625,0.0259067357512953,0.0278099652375435,0.0363843092666288,0.0370962583946274
Zm00001eb062170,0.015625,0.00172711571675302,0.00347624565469293,0.0022740193291643,0.00351774864086984
Zm00001eb331080,0.046875,0.00518134715025907,0.0104287369640788,0.0125071063104036,0.0124720179085385
Zm00001eb162130,0.75,0.613126079447323,0.652375434530707,0.707220011370097,0.754716981132076
Zm00001eb353320,0.375,0.290155440414508,0.305909617612978,0.331438317225696,0.350175887432043
Zm00001eb386370,0.109375,0.0621761658031088,0.0637311703360371,0.0733371233655486,0.0684362008314679
Zm00001eb235640,0.03125,0.00518134715025907,0.00695249130938586,0.0113700966458215,0.0105532459226095
Zm00001eb388280,0.015625,0.00345423143350604,0.00463499420625724,0.00682205798749289,0.00447713463383435
Zm00001eb040220,0.046875,0.00518134715025907,0.00231749710312862,0.00739056281978397,0.00703549728173969
Zm00001eb289490,0.1875,0.172711571675302,0.169177288528389,0.205230244457078,0.284937639910457
Zm00001eb079950,0.125,0.0310880829015544,0.0428736964078795,0.0358158044343377,0.0345378957467221
Zm00001eb041860,0.015625,0,0.00231749710312862,0.000568504832291074,0.000319795330988168
Zm00001eb284130,0.015625,0,0.00115874855156431,0.000568504832291074,0.000639590661976335
Zm00001eb334160,0.015625,0,0,0.000568504832291074,0
Zm00001eb222520,0.078125,0.0138169257340242,0.00579374275782155,0.00113700966458215,0.000319795330988168
Zm00001eb360510,0.015625,0,0,0,0.000639590661976335
Zm00001eb073910,0.40625,0.212435233160622,0.203939745075319,0.228538942581012,0.250079948832747
Zm00001eb244670,0.03125,0.00345423143350604,0.00811123986095017,0.00852757248436612,0.00511672529581068
Zm00001eb144270,0.015625,0.00172711571675302,0.00231749710312862,0.00113700966458215,0.00127918132395267
Zm00001eb295700,0.34375,0.24006908462867,0.267670915411356,0.255258669698692,0.280460505276623
Zm00001eb160080,0.078125,0.0310880829015544,0.0266512166859791,0.030699260943718,0.0351774864086984
Zm00001eb216500,0.296875,0.184801381692573,0.192352259559676,0.193291642978965,0.195075151902782
Zm00001eb264150,0.484375,0.119170984455959,0.101969872537659,0.0852757248436612,0.0818676047329709
Zm00001eb358680,0.015625,0.00345423143350604,0.00347624565469293,0.00568504832291074,0.00447713463383435
Zm00001eb243260,0.203125,0.110535405872193,0.122827346465817,0.106878908470722,0.141029740965782
Zm00001eb430300,1.734375,1.00863557858377,0.880648899188876,0.938601478112564,1.26862807803006
Zm00001eb373300,0.734375,0.613126079447323,0.626882966396292,0.679363274587834,0.745442916533419
Zm00001eb198620,0.03125,0.00690846286701209,0.00463499420625724,0.00739056281978397,0.0137511992324912
Zm00001eb311020,0.625,0.528497409326425,0.54577056778679,0.567936327458783,0.634154141349536
Zm00001eb309600,0.46875,0.44559585492228,0.438006952491309,0.455372370665151,0.501439078989447
Zm00001eb093650,0.015625,0.00863557858376511,0.00231749710312862,0.0045480386583286,0.00607611128877518
Zm00001eb358260,1.109375,1.01036269430052,0.986095017381228,1.02103467879477,1.162136232811
Zm00001eb413100,0.1875,0.151986183074266,0.15063731170336,0.154064809550881,0.185161496642149
Zm00001eb015020,0.1875,0.0155440414507772,0.00811123986095017,0.0022740193291643,0.00319795330988168
Zm00001eb075640,0.21875,0.0466321243523316,0.00579374275782155,0.00284252416145537,0.00319795330988168
Zm00001eb082590,0.71875,0.176165803108808,0.0926998841251448,0.0784536668561683,0.0946594179724976
Zm00001eb354880,0.28125,0.0569948186528497,0.0162224797219003,0.00852757248436612,0.0118324272465622
Zm00001eb055920,2,0.238341968911917,0.0393974507531866,0.0164866401364412,0.0166293572113847
Zm00001eb154380,0.40625,0.0431778929188256,0.0162224797219003,0.00113700966458215,0.00351774864086984
Zm00001eb102260,0.15625,0.132987910189983,0.143684820393975,0.140989198408186,0.165014390789894
Zm00001eb104790,0.609375,0.514680483592401,0.523754345307068,0.547470153496305,0.604413175567637
Zm00001eb399030,0.390625,0.284974093264249,0.275782155272306,0.312677657760091,0.32459226095299
Zm00001eb197040,0.03125,0.0120898100172712,0.00347624565469293,0.00113700966458215,0.00255836264790534
Zm00001eb400120,0.015625,0.00690846286701209,0.00115874855156431,0.000568504832291074,0.000639590661976335
Zm00001eb071920,0.046875,0.0120898100172712,0.00579374275782155,0.00568504832291074,0.00703549728173969
Zm00001eb344540,0.21875,0.0673575129533679,0.0301274623406721,0.0204661739624787,0.0121522225775504
Zm00001eb172450,0.390625,0.316062176165803,0.314020857473928,0.292211483797612,0.314678605692357
Zm00001eb117820,0.515625,0.0708117443868739,0.015063731170336,0.00397953382603752,0.00511672529581068
Zm00001eb035180,0.765625,0.136442141623489,0.0359212050984936,0.0136441159749858,0.0124720179085385
Zm00001eb264380,1.1875,0.227979274611399,0.0463499420625724,0.0198976691301876,0.0137511992324912
Zm00001eb299420,0.640625,0.155440414507772,0.0347624565469293,0.0130756111426947,0.0147105852254557
Zm00001eb403140,0.328125,0.283246977547496,0.279258400926999,0.279135872654918,0.258394627438439
Zm00001eb103060,0.203125,0.0898100172711572,0.0811123986095017,0.0642410460488914,0.0677966101694915
Zm00001eb421120,0.125,0.101899827288428,0.100811123986095,0.0949403069926094,0.0981771666133675
Zm00001eb291720,0.1875,0.0535405872193437,0.0266512166859791,0.0159181353041501,0.0156699712184202
Zm00001eb130180,1.484375,0.341968911917098,0.0741599073001159,0.0250142126208073,0.0207866965142309
Zm00001eb202660,0.15625,0.0449050086355786,0.0139049826187717,0.00909607731665719,0.00959385992964503
Zm00001eb220660,0.203125,0.075993091537133,0.0231749710312862,0.0108015918135304,0.00575631595778702
Zm00001eb264910,0.046875,0.0172711571675302,0.00695249130938586,0.00682205798749289,0.00799488327470419
Zm00001eb251820,0.953125,0.49740932642487,0.37891077636153,0.400795906765207,0.408058842340902
Zm00001eb402580,0.015625,0.0120898100172712,0.00115874855156431,0.00341102899374645,0.00191877198592901
Zm00001eb227390,0.25,0.155440414507772,0.155272305909618,0.157475838544628,0.145506875599616
Zm00001eb279010,0.671875,0.42832469775475,0.41135573580533,0.393405343945424,0.376079309242085
Zm00001eb375660,0.4375,0.295336787564767,0.254924681344148,0.283683911313246,0.245283018867925
Zm00001eb015320,0.21875,0.141623488773748,0.146002317497103,0.114837976122797,0.1378317876559
Zm00001eb204190,0.671875,0.487046632124352,0.511008111239861,0.48664013644116,0.497921330348577
Zm00001eb062760,0.171875,0.0915371329879102,0.0996523754345307,0.108015918135304,0.10297409657819
Zm00001eb176440,0.8125,0.438687392055268,0.482039397450753,0.41785105173394,0.431403901503038
Zm00001eb076640,1.046875,0.808290155440414,0.841251448435689,0.844229675952246,0.940518068436201
Zm00001eb167310,0.25,0.110535405872193,0.101969872537659,0.0920977828311541,0.0940198273105213
Zm00001eb228170,0.40625,0.298791018998273,0.324449594438007,0.301876065946561,0.370642788615286
Zm00001eb267130,0.75,0.613126079447323,0.616454229432213,0.618533257532689,0.68404221298369
Zm00001eb149810,0.015625,0.0241796200345423,0.015063731170336,0.0170551449687322,0.0265430124720179
Zm00001eb023870,0.609375,0.481865284974093,0.458864426419467,0.454235361000568,0.519667412855772
Zm00001eb057820,0.046875,0.0293609671848014,0.0173812282734647,0.0142126208072769,0.0284617844579469
Zm00001eb184050,0.40625,0.326424870466321,0.3441483198146,0.342808413871518,0.3891909178126
Zm00001eb144290,0.046875,0.0120898100172712,0.0243337195828505,0.0272882319499716,0.0386952350495683
Zm00001eb273580,0.34375,0.226252158894646,0.269988412514484,0.313246162592382,0.347937320115126
Zm00001eb168120,0.546875,0.177892918825561,0.143684820393975,0.235929505400796,0.377358490566038
Zm00001eb067340,0.25,0.210708117443869,0.21784472769409,0.249005116543491,0.270227054685002
Zm00001eb320340,0.171875,0.13126079447323,0.13441483198146,0.191017623649801,0.212663895107131
Zm00001eb148320,0.3125,0.262521588946459,0.266512166859791,0.297328027288232,0.314998401023345
Zm00001eb199530,0.046875,0.0207253886010363,0.015063731170336,0.030699260943718,0.0230252638311481
Zm00001eb357490,0.234375,0.231433506044905,0.228273464658169,0.260943718021603,0.292932523185161
Zm00001eb419680,0.375,0.317789291882556,0.296639629200463,0.363843092666288,0.383434601854813
Zm00001eb031560,0.03125,0.0172711571675302,0.00695249130938586,0.00852757248436612,0.0182283338663256
Zm00001eb070520,0.0625,0.0379965457685665,0.0370799536500579,0.0386583285957931,0.0594819315637992
Zm00001eb116410,0.5,0.466321243523316,0.480880648899189,0.509948834565094,0.610169491525424
Zm00001eb294030,9.421875,8.95509499136442,8.93742757821553,10.4758385446276,11.6463063639271
Zm00001eb150840,0.375,0.274611398963731,0.235225955967555,0.300739056281978,0.470418931883595
Zm00001eb004670,0.015625,0.00345423143350604,0.00347624565469293,0.00682205798749289,0.011512631915574
Zm00001eb360260,0.015625,0.00345423143350604,0.00231749710312862,0.00341102899374645,0.00959385992964503
Zm00001eb388300,0.375,0.188255613126079,0.221320973348783,0.252984650369528,0.361048928685641
Zm00001eb005020,0.015625,0.00863557858376511,0.00695249130938586,0.00966458214894827,0.0198273105212664
Zm00001eb120590,0.015625,0.00172711571675302,0,0.0022740193291643,0.00767508794371602
Zm00001eb406000,0.015625,0.00172711571675302,0.00579374275782155,0.00852757248436612,0.00607611128877518
Zm00001eb148850,0.9375,0.848013816925734,0.937427578215527,0.9363274587834,1.08346658138791
Zm00001eb074570,0.015625,0.00518134715025907,0.00695249130938586,0.00739056281978397,0.0105532459226095
Zm00001eb139160,0.296875,0.224525043177893,0.273464658169177,0.292211483797612,0.337064278861529
Zm00001eb415640,0.234375,0.0621761658031088,0.0892236384704519,0.0847072200113701,0.128877518388232
Zm00001eb339390,0.296875,0.210708117443869,0.219003476245655,0.271745309835134,0.263191557403262
Zm00001eb142180,0.3125,0.253886010362694,0.274623406720742,0.304718590108016,0.326191237607931
Zm00001eb121110,0.296875,0.267702936096718,0.286210892236385,0.33314383172257,0.327470418931884
Zm00001eb362090,0.6875,0.630397236614853,0.648899188876014,0.775440591245026,0.81675727534378
Zm00001eb340550,0.046875,0.0328151986183074,0.0243337195828505,0.0272882319499716,0.0482890949792133
Zm00001eb092090,0.359375,0.336787564766839,0.346465816917729,0.346219442865264,0.428205948193156
Zm00001eb178550,0.015625,0.00863557858376511,0.00926998841251448,0.00625355315520182,0.015350175887432
Zm00001eb094740,0.171875,0.0880829015544041,0.0950173812282735,0.103467879476976,0.0869843300287816
Zm00001eb296770,0.046875,0.0276338514680484,0.0278099652375435,0.0375213189312109,0.0294211704509114
Zm00001eb355110,0.796875,0.597582037996546,0.641946697566628,0.673678226264923,0.677326511032939
Zm00001eb379550,0.421875,0.264248704663212,0.317497103128621,0.301307561114269,0.285257435241445
Zm00001eb317100,0.84375,0.716753022452504,0.785631517960603,0.74587833996589,0.729772945314998
Zm00001eb388060,0.5625,0.419689119170984,0.457705677867903,0.461625923820352,0.451231212024304
Zm00001eb278870,0.125,0.0949913644214162,0.0984936268829664,0.102899374644684,0.0943396226415094
Zm00001eb427580,0.953125,0.903281519861831,0.988412514484357,1.04036384309267,0.977934122161816
Zm00001eb106620,0.125,0.0656303972366149,0.0741599073001159,0.0881182490051165,0.0633194755356572
Zm00001eb306220,0.4375,0.271157167530225,0.317497103128621,0.312677657760091,0.310521266389511
Zm00001eb343660,0.703125,0.659758203799655,0.666280417149479,0.739056281978397,0.791493444195715
Zm00001eb101700,0.09375,0.0863557858376511,0.0869061413673233,0.0773166571915861,0.072593540134314
Zm00001eb244380,0.1875,0.157167530224525,0.166859791425261,0.163729391699829,0.155740326191238
Zm00001eb145420,0.5625,0.360967184801382,0.390498261877173,0.32291074474133,0.261272785417333
Zm00001eb376740,5.265625,5.24697754749568,5.61529548088065,5.54462762933485,6.57179405180684
Zm00001eb030510,0.5,0.357512953367876,0.361529548088065,0.301307561114269,0.23217141029741
Zm00001eb280500,1.078125,0.606217616580311,0.507531865585168,0.38601478112564,0.210105532459226
Zm00001eb312850,0.015625,0.0103626943005181,0.00926998841251448,0.00966458214894827,0.00479692996482251
Zm00001eb427790,0.484375,0.499136442141624,0.561993047508691,0.521887436043206,0.535017588743204
Zm00001eb097990,0.5,0.521588946459413,0.476245654692932,0.46560545764639,0.440038375439719
Zm00001eb143060,0.21875,0.157167530224525,0.188876013904983,0.181353041500853,0.20594819315638
Zm00001eb031670,1.03125,0.671848013816926,0.719582850521437,0.612848209209778,0.540773904700991
Zm00001eb220000,0.53125,0.506044905008636,0.523754345307068,0.515633882888005,0.512951710905021
Zm00001eb074810,0.015625,0.0120898100172712,0.0115874855156431,0.0102330869812393,0.0102334505916214
Zm00001eb053870,0.25,0.18307426597582,0.20162224797219,0.184764070494599,0.19891269587464
Zm00001eb429450,0.375,0.300518134715026,0.310544611819235,0.320636725412166,0.309242085065558
Zm00001eb313820,0.578125,0.528497409326425,0.571263035921205,0.572484366117112,0.562200191877199
Zm00001eb112080,0.15625,0.0829015544041451,0.0996523754345307,0.0898237635019898,0.0943396226415094
Zm00001eb100750,0.234375,0.264248704663212,0.256083429895713,0.258669698692439,0.241125679565078
Zm00001eb337450,0.578125,0.253886010362694,0.317497103128621,0.270608300170551,0.168532139430764
Zm00001eb075520,0.828125,0.504317789291883,0.297798377752028,0.376350198976691,0.407419251678926
Zm00001eb428800,0.046875,0.0241796200345423,0.0173812282734647,0.0198976691301876,0.0159897665494084
Zm00001eb152940,0.703125,0.483592400690846,0.337195828505214,0.313246162592382,0.318516149664215
Zm00001eb362740,0.875,0.416234887737478,0.103128621089224,0.0426378624218306,0.0345378957467221
Zm00001eb041290,0.265625,0.188255613126079,0.128621089223638,0.117111995451961,0.136232811000959
Zm00001eb106790,0.015625,0.0155440414507772,0.00579374275782155,0.00795906765207504,0.00479692996482251
Zm00001eb138730,0.390625,0.424870466321244,0.363847045191193,0.367254121660034,0.464662615925807
Zm00001eb157860,0.046875,0.0483592400690846,0.033603707995365,0.0437748720864127,0.0434921650143908
Zm00001eb274800,0.21875,0.0967184801381693,0.018539976825029,0.0198976691301876,0.0441317556763671
Zm00001eb169410,0.203125,0.117443868739206,0.123986095017381,0.098919840818647,0.11160857051487
Zm00001eb060670,0.546875,0.468048359240069,0.458864426419467,0.41785105173394,0.45890629996802
Zm00001eb361390,0.078125,0.0414507772020725,0.0312862108922364,0.0164866401364412,0.0249440358170771
Zm00001eb187880,0.234375,0.0880829015544041,0.0556199304750869,0.0221716884593519,0.017268947873361
Zm00001eb029300,1.4375,1.06390328151986,0.969872537659328,0.960204661739625,1.00511672529581
Zm00001eb303220,0.53125,0.471502590673575,0.436848203939745,0.428084138715179,0.43811960345379
Zm00001eb100610,0.09375,0.077720207253886,0.0695249130938586,0.0756111426947129,0.0885833066837224
Zm00001eb067270,1.640625,0.792746113989637,0.456546929316338,0.405912450255827,0.295490885833067
Zm00001eb250620,0.9375,0.633851468048359,0.603707995365006,0.616259238203525,0.588423409018228
Zm00001eb004190,0.4375,0.379965457685665,0.351100811123986,0.351335986355884,0.341221618164375
Zm00001eb271970,1.484375,1.21588946459413,1.22247972190035,1.1591813530415,1.19219699392389
Zm00001eb308280,1.921875,1.75474956822107,1.85863267670915,1.85673678226265,1.93604093380237
Zm00001eb324300,0.90625,0.780656303972366,0.786790266512167,0.756111426947129,0.780300607611129
Zm00001eb413890,1.9375,1.49050086355786,1.42178447276941,1.31381466742467,1.3540134314039
Zm00001eb073790,0.3125,0.146804835924007,0.13441483198146,0.128482092097783,0.0972177806204029
Zm00001eb074730,0.046875,0.0414507772020725,0.0405561993047509,0.0250142126208073,0.0291013751199233
Zm00001eb239380,0.171875,0.079447322970639,0.0845886442641947,0.0676520750426379,0.053405820275024
Zm00001eb425230,0.34375,0.200345423143351,0.207415990730012,0.166571915861285,0.181963543332267
Zm00001eb006890,0.171875,0.120898100172712,0.125144843568946,0.0858442296759522,0.103293891909178
Zm00001eb425660,0.1875,0.146804835924007,0.152954808806489,0.123365548607163,0.140390150303806
Zm00001eb051910,0.671875,0.390328151986183,0.28505214368482,0.231381466742467,0.221937959705788
Zm00001eb158680,0.640625,0.378238341968912,0.168018539976825,0.0591245025582717,0.0393348257115446
Zm00001eb361790,1.078125,0.580310880829015,0.359212050984936,0.221716884593519,0.246242404860889
Zm00001eb303810,1,0.806563039723662,0.564310544611819,0.409891984081865,0.532779021426287
Zm00001eb042240,0.453125,0.457685664939551,0.426419466975666,0.437180216031836,0.487687879756956
Zm00001eb349730,0.546875,0.454231433506045,0.428736964078795,0.398521887436043,0.400703549728174
Zm00001eb051330,0.09375,0.0673575129533679,0.048667439165701,0.0318362706083002,0.0278221937959706
Zm00001eb227100,0.875,0.569948186528497,0.383545770567787,0.253553155201819,0.191877198592901
Zm00001eb138370,0.375,0.267702936096718,0.234067207415991,0.192723138146674,0.245283018867925
Zm00001eb325750,0.078125,0.0552677029360967,0.0278099652375435,0.022740193291643,0.0450911416693316
Zm00001eb233350,0.21875,0.227979274611399,0.212050984936269,0.237066515065378,0.227374480332587
Zm00001eb361210,0.953125,0.811744386873921,0.880648899188876,0.852757248436612,0.895107131435881
Zm00001eb035370,1.203125,1.16062176165803,1.28621089223638,1.31097214326322,1.24400383754397
Zm00001eb229950,0.96875,0.886010362694301,0.93279258400927,0.956225127913587,0.929964822513591
Zm00001eb136060,2,1.7167530224525,1.90961761297798,1.91756679931779,1.70354972817397
Zm00001eb292900,0.40625,0.328151986183074,0.374275782155272,0.375213189312109,0.361688519347618
Zm00001eb407810,0.203125,0.188255613126079,0.205098493626883,0.200682205798749,0.197313719219699
Zm00001eb143690,0.0625,0.0500863557858377,0.0266512166859791,0.0204661739624787,0.00799488327470419
Zm00001eb008680,1.484375,1.14680483592401,0.720741599073001,0.466173962478681,0.239206907579149
Zm00001eb179440,3.875,3.95682210708117,3.28968713789108,2.99602046617396,2.72049888071634
Zm00001eb227180,0.71875,0.626943005181347,0.465816917728853,0.368959636156907,0.360409338023665
Zm00001eb330690,0.53125,0.523316062176166,0.44611819235226,0.41273450824332,0.391109689798529
Zm00001eb031310,0.953125,0.962003454231434,0.966396292004635,0.948834565093803,1.054045410937
Zm00001eb147970,1.6875,1.61139896373057,1.19698725376593,0.82035247299602,0.78541733290694
Zm00001eb145150,0.796875,0.775474956822107,0.438006952491309,0.288800454803866,0.237927726255197
Zm00001eb408860,0.21875,0.198618307426598,0.105446118192352,0.0579874928936896,0.0450911416693316
Zm00001eb232120,0.78125,0.607944732297064,0.652375434530707,0.554292211483798,0.304445155100736
Zm00001eb290900,1.34375,1.29533678756477,1.27346465816918,1.12450255827175,0.965781899584266
Zm00001eb408640,1.78125,1.73229706390328,1.76361529548088,1.55372370665151,1.38055644387592
Zm00001eb316800,0.234375,0.203799654576857,0.195828505214368,0.166571915861285,0.143907898944675
Zm00001eb108930,0.375,0.381692573402418,0.342989571263036,0.301307561114269,0.242404860889031
Zm00001eb045630,0.828125,0.689119170984456,0.64774044032445,0.545764638999432,0.441317556763671
Zm00001eb187040,5.4375,5.30569948186529,5.45075318655852,5.41728254690165,5.44483530540454
Zm00001eb243910,0.390625,0.347150259067358,0.355735805330243,0.344513928368391,0.348257115446114
Zm00001eb238060,4.046875,3.38687392055268,3.33603707995365,3.32916429789653,3.19603453789575
Zm00001eb032000,0.515625,0.393782383419689,0.355735805330243,0.347924957362138,0.283338663255516
Zm00001eb331630,0.453125,0.397236614853195,0.353418308227115,0.35474701534963,0.322993284298049
Zm00001eb047760,0.421875,0.426597582037997,0.41135573580533,0.403069926094372,0.389830508474576
Zm00001eb183700,0.21875,0.160621761658031,0.18539976825029,0.143263217737351,0.117045091141669
Zm00001eb058850,1.59375,1.1139896373057,1.01853997682503,0.713473564525298,0.418612088263511
Zm00001eb106720,0.421875,0.347150259067358,0.353418308227115,0.350767481523593,0.358490566037736
Zm00001eb389900,0.40625,0.426597582037997,0.41946697566628,0.374644684479818,0.348576910777103
Zm00001eb284410,0.0625,0.0587219343696028,0.0695249130938586,0.0528709494030699,0.0594819315637992
Zm00001eb159750,0.125,0.110535405872193,0.104287369640788,0.0858442296759522,0.100415733930285
Zm00001eb176740,0.421875,0.362694300518135,0.374275782155272,0.350767481523593,0.364246881995523
Zm00001eb161000,0.609375,0.48013816925734,0.397450753186559,0.316657191586128,0.26702910137512
Zm00001eb005740,2,1.3126079447323,0.894553881807648,0.397384877771461,0.103613687240166
Zm00001eb136750,1.703125,1.86873920552677,1.79837775202781,1.7771461057419,2.20402942117045
Zm00001eb092810,0.5,0.397236614853195,0.44611819235226,0.383172256964184,0.393987847777422
Zm00001eb199880,0.46875,0.379965457685665,0.287369640787949,0.237635019897669,0.212344099776143
Zm00001eb331880,1.46875,1.06908462867012,0.666280417149479,0.283683911313246,0.150303805564439
Zm00001eb073900,3.578125,3.42141623488774,3.29432213209734,3.31893121091529,3.27246562200192
Zm00001eb408800,2.640625,2.37305699481865,2.08227114716107,1.76861853325753,1.46018548129197
Zm00001eb053460,1.078125,0.877374784110535,0.775202780996524,0.627629334849346,0.517109050207867
Zm00001eb104350,1.09375,0.903281519861831,0.763615295480881,0.678226264923252,0.610169491525424
Zm00001eb258240,1.390625,1.18307426597582,0.966396292004635,0.856736782262649,0.679884873680844
Zm00001eb207760,3.65625,3.27115716753022,3.23986095017381,3.22228538942581,3.16949152542373
Zm00001eb091300,0.265625,0.203799654576857,0.180764774044032,0.133598635588403,0.0965781899584266
Zm00001eb206760,0.640625,0.590673575129534,0.557358053302433,0.550881182490051,0.550367764630636
Zm00001eb316740,0.4375,0.317789291882556,0.257242178447277,0.146674246731097,0.222257755036776
Zm00001eb246280,0.25,0.191709844559585,0.149478563151796,0.138146674246731,0.119923249120563
Zm00001eb288890,0.03125,0.0310880829015544,0.0243337195828505,0.0250142126208073,0.0281419891269587
Zm00001eb352570,0.125,0.0949913644214162,0.0602549246813441,0.0591245025582717,0.0502078669651423
Zm00001eb076420,0.078125,0.0656303972366149,0.0231749710312862,0.0176236498010233,0.0236648544931244
Zm00001eb128000,0.125,0.122625215889465,0.129779837775203,0.147242751563388,0.180044771346338
Zm00001eb428890,0.265625,0.0898100172711572,0.164542294322132,0.16941444002274,0.252958106811641
Zm00001eb060810,0.203125,0.150259067357513,0.184241019698725,0.176236498010233,0.183562519987208
Zm00001eb215910,0.359375,0.29706390328152,0.371958285052144,0.391131324616259,0.441637352094659
Zm00001eb042020,0.015625,0.00172711571675302,0.00463499420625724,0.0102330869812393,0.00991365526063319
Zm00001eb259870,0.375,0.255613126079447,0.316338354577057,0.349630471859011,0.348896706108091
Zm00001eb314500,0.21875,0.126079447322971,0.194669756662804,0.223990903922683,0.261912376079309
Zm00001eb067160,1.03125,0.944732297063903,1.02665121668598,1.08754974417283,1.18452190598017
Zm00001eb172100,1.03125,0.962003454231434,1.06604866743917,1.15861284820921,1.26670930604413
Zm00001eb146420,0.3125,0.245250431778929,0.300115874855156,0.317794201250711,0.363287496002558
Zm00001eb340790,0.0625,0.0172711571675302,0.0463499420625724,0.0488914155770324,0.0709945634793732
Zm00001eb100770,0.015625,0.00172711571675302,0.00463499420625724,0.00625355315520182,0.0150303805564439
Zm00001eb355240,0.46875,0.338514680483592,0.334878331402086,0.383172256964184,0.501758874320435
Zm00001eb126430,0.21875,0.077720207253886,0.122827346465817,0.151222285389426,0.2216181643748
Zm00001eb275820,0.359375,0.162348877374784,0.231749710312862,0.26435474701535,0.366165653981452
Zm00001eb278470,0.078125,0.0621761658031088,0.0764774044032445,0.0852757248436612,0.0978573712823793
Zm00001eb403880,0.078125,0.0293609671848014,0.0567786790266512,0.0562819783968164,0.0777102654301247
Zm00001eb356490,10.296875,9.4853195164076,9.91077636152955,11.6913018760659,13.5433322673489
Zm00001eb416530,0.265625,0.207253886010363,0.220162224797219,0.27515633882888,0.307003517748641
Zm00001eb292830,0.671875,0.385146804835924,0.397450753186559,0.452529846503695,0.618484170131116
Zm00001eb333750,0.421875,0.366148531951641,0.369640787949015,0.400795906765207,0.466901183242725
Zm00001eb402950,0.1875,0.124352331606218,0.117033603707995,0.140989198408186,0.158938279501119
Zm00001eb234690,0.203125,0.158894645941278,0.163383545770568,0.189312109152928,0.249760153501759
Zm00001eb118760,0.015625,0.00518134715025907,0.00347624565469293,0.0045480386583286,0.0111928365845859
Zm00001eb369560,0.1875,0.0984455958549223,0.0822711471610661,0.0864127345082433,0.131435881036137
Zm00001eb075080,0.171875,0.120898100172712,0.151796060254925,0.136441159749858,0.142948512951711
Zm00001eb301520,0.4375,0.393782383419689,0.466975666280417,0.455372370665151,0.474896066517429
Zm00001eb389540,0.515625,0.580310880829015,0.72305909617613,0.765776009096077,0.928046050527662
Zm00001eb420370,0.859375,0.737478411053541,0.794901506373117,0.796475270039795,0.815478094019827
Zm00001eb049650,0.125,0.0621761658031088,0.0811123986095017,0.0960773166571916,0.0789894467540774
Zm00001eb037670,0.296875,0.195164075993092,0.259559675550406,0.271745309835134,0.223536936360729
Zm00001eb135750,1.859375,1.43523316062176,1.64078794901506,1.72882319499716,1.87336104892869
Zm00001eb203940,0.046875,0.0518134715025907,0.0614136732329085,0.0625355315520182,0.072593540134314
Zm00001eb089380,0.234375,0.181347150259067,0.223638470451912,0.21148379761228,0.225775503677646
Zm00001eb197620,0.5,0.471502590673575,0.495944380069525,0.534963047185901,0.550687559961625
Zm00001eb118970,0.078125,0.0552677029360967,0.0370799536500579,0.0494599204093235,0.0454109370003198
Zm00001eb429330,0.03125,0.0345423143350604,0.0289687137891078,0.030699260943718,0.0767508794371602
Zm00001eb051370,0.25,0.221070811744387,0.24449594438007,0.219442865264355,0.213623281100096
Zm00001eb123510,0.71875,0.639032815198618,0.694090382387022,0.678794769755543,0.661976335145507
Zm00001eb369280,0.375,0.272884283246978,0.358053302433372,0.305287094940307,0.192196993923889
Zm00001eb134600,1.8125,1.74611398963731,1.91772885283893,1.88402501421262,1.92772625519667
Zm00001eb380460,0.890625,0.815198618307427,0.888760139049826,0.833996588971006,0.782219379597058
Zm00001eb181960,0.25,0.241796200345423,0.264194669756663,0.270608300170551,0.272145826670931
Zm00001eb289860,1.28125,1.29879101899827,1.40208574739282,1.37293916998294,1.37511992324912
Zm00001eb373390,0.25,0.241796200345423,0.234067207415991,0.240477544059124,0.26351135273425
Zm00001eb092480,0.125,0.138169257340242,0.0533024333719583,0.0386583285957931,0.0342181004157339
Zm00001eb352240,0.3125,0.27979274611399,0.253765932792584,0.251847640704946,0.27406459865686
Zm00001eb229050,0.609375,0.670120898100173,0.619930475086906,0.58214894826606,0.592260952990086
Zm00001eb291470,0.1875,0.164075993091537,0.165701042873696,0.155770324047754,0.158298688839143
Zm00001eb008010,0.8125,0.882556131260794,0.601390498261877,0.45480386583286,0.362008314678606
Zm00001eb400130,0.359375,0.369602763385147,0.230590961761298,0.127345082433201,0.0761112887751839
Zm00001eb399440,1.046875,1.09844559585492,0.756662804171495,0.562251279135873,0.315637991685321
Zm00001eb179960,0.109375,0.115716753022453,0.0869061413673233,0.0415008527572484,0.0217460825071954
Zm00001eb041450,1.953125,1.66493955094991,0.97566628041715,0.511085844229676,0.295810681164055
Zm00001eb312160,0.140625,0.167530224525043,0.152954808806489,0.14837976122797,0.139430764310841
Zm00001eb274340,0.3125,0.366148531951641,0.312862108922364,0.240477544059124,0.260633194755357
Zm00001eb019930,0.015625,0.0224525043177893,0.0115874855156431,0.0164866401364412,0.0156699712184202
Zm00001eb430240,0.296875,0.328151986183074,0.12630359212051,0.0477544059124503,0.0195075151902782
Zm00001eb042980,0.9375,0.784110535405872,0.690614136732329,0.569641841955657,0.549088583306684
Zm00001eb145660,0.890625,0.977547495682211,0.676709154113557,0.414440022740193,0.267988487368084
Zm00001eb043940,0.984375,0.987910189982729,0.558516801853998,0.387151790790222,0.288455388551327
Zm00001eb186770,0.546875,0.523316062176166,0.421784472769409,0.405912450255827,0.376718899904061
Zm00001eb062460,1.328125,1.16753022452504,0.97566628041715,0.852188743604321,1.05500479692996
Zm00001eb110960,0.3125,0.326424870466321,0.207415990730012,0.110289937464468,0.126319155740326
Zm00001eb237460,0.921875,0.867012089810017,0.894553881807648,0.869812393405344,0.726894787336105
Zm00001eb316260,2.03125,2.01727115716753,2.26071842410197,2.25923820352473,2.32779021426287
Zm00001eb032060,2.34375,2.4300518134715,2.42178447276941,2.53894258101194,2.51934761752478
Zm00001eb033590,0.3125,0.293609671848014,0.281575898030127,0.279704377487209,0.259034218100416
Zm00001eb102090,0.921875,0.846286701208981,0.830822711471611,0.91529277998863,0.918132395267029
Zm00001eb199140,0.375,0.335060449050086,0.301274623406721,0.322342239909039,0.299328429804925
Zm00001eb405850,0.640625,0.625215889464594,0.585168018539977,0.554860716316089,0.540134314039015
Zm00001eb399930,1.1875,1.19516407599309,1.1494785631518,1.18078453666856,1.15190278221938
Zm00001eb361750,0.296875,0.246977547495682,0.195828505214368,0.172256964184196,0.141669331627758
Zm00001eb433020,0.40625,0.27979274611399,0.228273464658169,0.234223990903923,0.212344099776143
Zm00001eb404260,2.875,2.89464594127807,2.95480880648899,2.78112563956794,2.27822193795971
Zm00001eb252640,0.234375,0.226252158894646,0.232908458864426,0.221148379761228,0.203070035177486
Zm00001eb024680,1.203125,1.25388601036269,1.20278099652375,1.02956225127914,0.942117045091142
Zm00001eb320870,19.859375,22.0639032815199,22.0092699884125,22.8646958499147,22.917812599936
Zm00001eb082150,2.9375,2.63730569948187,2.48899188876014,2.16884593519045,1.70322993284298
Zm00001eb250190,7.390625,7.89119170984456,8.02780996523754,8.19272313814667,8.17428845538855
Zm00001eb360340,0.8125,0.699481865284974,0.640787949015064,0.46048891415577,0.321714102974097
Zm00001eb209480,1.25,1.23661485319516,1.32676709154114,1.26662876634451,1.37448033258714
Zm00001eb284250,0.15625,0.177892918825561,0.195828505214368,0.157475838544628,0.156060121522226
Zm00001eb006360,2.609375,2.40587219343696,2.28968713789108,2.25753268902786,2.04669011832427
Zm00001eb312620,0.4375,0.416234887737478,0.371958285052144,0.353610005685048,0.316597377678286
Zm00001eb143110,0.5,0.436960276338515,0.391657010428737,0.26435474701535,0.222897345698753
Zm00001eb101920,0.515625,0.468048359240069,0.361529548088065,0.21716884593519,0.15701950751519
Zm00001eb416980,0.484375,0.435233160621762,0.406720741599073,0.321205230244457,0.261272785417333
Zm00001eb309370,1.03125,0.979274611398964,1.00695249130939,0.972711768050028,0.987527982091461
Zm00001eb232050,0.296875,0.229706390328152,0.228273464658169,0.181353041500853,0.172049888071634
Zm00001eb275690,0.546875,0.473229706390328,0.465816917728853,0.45480386583286,0.43811960345379
Zm00001eb403770,0.015625,0.0103626943005181,0.00695249130938586,0.0193291642978965,0.00671570195075152
Zm00001eb332590,0.546875,0.440414507772021,0.550405561993047,0.511654349061967,0.562839782539175
Zm00001eb036170,0.71875,0.542314335060449,0.68018539976825,0.60318362706083,0.631275983370643
Zm00001eb057410,0.75,0.61139896373057,0.691772885283893,0.702103467879477,0.740645986568596
Zm00001eb301280,0.171875,0.141623488773748,0.144843568945539,0.150653780557135,0.180044771346338
Zm00001eb385620,0.234375,0.0984455958549223,0.127462340672074,0.168845935190449,0.275983370642789
Zm00001eb071190,0.03125,0.00863557858376511,0.0115874855156431,0.0210346787947698,0.0431723696834026
Zm00001eb079510,0.46875,0.336787564766839,0.361529548088065,0.421830585559977,0.517428845538855
Zm00001eb215870,0.078125,0.075993091537133,0.0811123986095017,0.0977828311540648,0.110329389190918
Zm00001eb349860,0.34375,0.278065630397237,0.316338354577057,0.34906196702672,0.381515829868884
Zm00001eb429870,0.03125,0.00518134715025907,0.0115874855156431,0.0255827174530984,0.0367764630636393
Zm00001eb432090,0.0625,0.0328151986183074,0.0417149478563152,0.0545764638999431,0.0703549728173969
Zm00001eb033910,0.40625,0.390328151986183,0.433371958285052,0.47640704945992,0.601854812919731
Zm00001eb021750,0.03125,0.00690846286701209,0.0162224797219003,0.0216031836270608,0.049568276303166
Zm00001eb376730,0.28125,0.231433506044905,0.269988412514484,0.299602046617396,0.37703869523505
Zm00001eb370850,0.140625,0.136442141623489,0.14252607184241,0.191017623649801,0.218740006395907
Zm00001eb416370,0.140625,0.151986183074266,0.15063731170336,0.183058555997726,0.190917812599936
Zm00001eb107920,0.625,0.61139896373057,0.60486674391657,0.654917566799318,0.874640230252638
Zm00001eb363140,0.046875,0.0310880829015544,0.0173812282734647,0.0358158044343377,0.0645986568596098
Zm00001eb248560,0.015625,0.00863557858376511,0.00463499420625724,0.00852757248436612,0.0243044451551007
Zm00001eb388050,0.25,0.238341968911917,0.229432213209733,0.267197271176805,0.346338343460185
Zm00001eb320200,0.609375,0.540587219343696,0.606025492468134,0.653212052302445,0.671250399744164
Zm00001eb330680,0.3125,0.20552677029361,0.292004634994206,0.328595793064241,0.333546530220659
Zm00001eb085420,0.421875,0.364421416234888,0.425260718424102,0.437180216031836,0.493763991045731
Zm00001eb128930,0.0625,0.0518134715025907,0.0637311703360371,0.0727686185332575,0.0722737448033259
Zm00001eb244400,0.203125,0.191709844559585,0.243337195828505,0.291642978965321,0.274384393987848
Zm00001eb420440,0.1875,0.248704663212435,0.0648899188876014,0.109721432632177,0.169171730092741
Zm00001eb250280,0.234375,0.366148531951641,0.133256083429896,0.0938032973280273,0.0601215222257755
Zm00001eb001670,0.15625,0.219343696027634,0.13441483198146,0.0579874928936896,0.0386952350495683
Zm00001eb253150,0.109375,0.112262521588946,0.0938586326767092,0.0801591813530415,0.0786696514230892
Zm00001eb335690,0.296875,0.272884283246978,0.259559675550406,0.251279135872655,0.273425007994883
Zm00001eb427380,0.09375,0.120898100172712,0.0590961761297798,0.038089823763502,0.0252638311480652
Zm00001eb189840,0.09375,0.0829015544041451,0.0787949015063731,0.0352472996020466,0.0220658778381836
Zm00001eb321680,1.21875,1.16753022452504,1.17265353418308,1.0193291642979,1.02398464982411
Zm00001eb214850,0.390625,0.426597582037997,0.480880648899189,0.44968732234224,0.396546210425328
Zm00001eb311180,4.25,5.06563039723661,4.98030127462341,4.44457077885162,3.72529581068116
Zm00001eb372960,0.90625,0.963730569948187,0.879490150637312,0.783399658897101,0.480972177806204
Zm00001eb152350,0.203125,0.31433506044905,0.27694090382387,0.239909039226833,0.124080588423409
Zm00001eb133000,0.734375,0.766839378238342,0.673232908458864,0.558840250142126,0.460505276622961
Zm00001eb371020,0.96875,1.14680483592401,1.162224797219,1.13473564525298,1.16725295810681
Zm00001eb153100,1,1.13126079447323,1.10312862108922,1.08015918135304,1.06395906619763
Zm00001eb151240,0.53125,0.623488773747841,0.528389339513326,0.395679363274588,0.257435241445475
Zm00001eb193790,2.484375,2.38860103626943,1.9351100811124,1.42296759522456,1.12951710905021
Zm00001eb001460,11.140625,12.846286701209,12.8308227114716,12.6765207504264,13.0604413175568
Zm00001eb363810,4.921875,5.95164075993092,5.52954808806489,4.86469584991472,4.05724336424688
Zm00001eb041850,8.265625,9.35924006908463,8.60254924681344,8.07049459920409,7.67252958106812
Zm00001eb198700,8.75,10.1018998272884,9.85979142526072,9.86355884025014,9.94755356571794
Zm00001eb370810,0.703125,0.659758203799655,0.586326767091541,0.571915861284821,0.586824432363288
Zm00001eb066770,1.09375,1.77720207253886,1.17728852838934,0.818078453666856,0.501758874320435
Zm00001eb171720,1.046875,1.43696027633851,1.19930475086906,1.0125071063104,0.925487687879757
Zm00001eb058480,0.5,0.488773747841105,0.337195828505214,0.223990903922683,0.0978573712823793
Zm00001eb122470,1.09375,1.43523316062176,1.26535341830823,1.15577032404775,1.10841061720499
Zm00001eb185110,0.015625,0.0189982728842832,0.0173812282734647,0.00909607731665719,0.00543652062679885
Zm00001eb036990,2.265625,2.93436960276339,1.78215527230591,0.972143263217737,0.589382795011193
Zm00001eb373670,0.875,1.06217616580311,0.850521436848204,0.604889141557703,0.568276303165974
Zm00001eb199940,0.609375,0.613126079447323,0.638470451911935,0.58214894826606,0.588423409018228
Zm00001eb256730,0.3125,0.321243523316062,0.380069524913094,0.220011370096646,0.140070354972817
Zm00001eb249730,0.3125,0.355785837651123,0.360370799536501,0.322342239909039,0.316597377678286
Zm00001eb255670,1.84375,1.78411053540587,1.62804171494786,1.16429789653212,0.658778381835625
Zm00001eb000690,1.484375,1.54922279792746,1.6720741599073,1.75554292211484,1.71953949472338
Zm00001eb059460,0.3125,0.259067357512953,0.267670915411356,0.256395679363275,0.200831467860569
Zm00001eb378820,2.171875,2.35405872193437,2.24101969872538,2.24673109721433,1.75759513911097
Zm00001eb188950,0.265625,0.250431778929188,0.287369640787949,0.256964184195566,0.266709306044132
Zm00001eb216060,0.265625,0.233160621761658,0.323290845886443,0.303581580443434,0.128237927726255
Zm00001eb095290,0.578125,0.61139896373057,0.705677867902665,0.677657760090961,0.688519347617525
Zm00001eb331250,0.25,0.212435233160622,0.27694090382387,0.22228538942581,0.173968660057563
Zm00001eb208830,0.140625,0.143350604490501,0.156431054461182,0.19044911881751,0.201471058522546
Zm00001eb284910,0.515625,0.440414507772021,0.438006952491309,0.495167708925526,0.536936360729133
Zm00001eb353470,0.03125,0.0120898100172712,0.0173812282734647,0.0341102899374645,0.0585225455708347
Zm00001eb113220,0.03125,0.0293609671848014,0.0324449594438007,0.0488914155770324,0.0754716981132075
Zm00001eb286490,0.015625,0.0155440414507772,0.015063731170336,0.0221716884593519,0.0598017268947873
Zm00001eb124790,0.046875,0.0241796200345423,0.0463499420625724,0.0551449687322342,0.0786696514230892
Zm00001eb135400,0.21875,0.176165803108808,0.234067207415991,0.2484366117112,0.308602494403582
Zm00001eb288060,0.296875,0.22279792746114,0.239860950173812,0.270608300170551,0.303805564438759
Zm00001eb055990,0.21875,0.146804835924007,0.176129779837775,0.202956225127914,0.249120562839783
Zm00001eb246440,0.171875,0.117443868739206,0.168018539976825,0.175667993177942,0.259354013431404
Zm00001eb145040,0.015625,0.00690846286701209,0.0162224797219003,0.0198976691301876,0.0284617844579469
Zm00001eb300940,1.4375,1.25906735751295,1.38933951332561,1.57134735645253,1.76303165973777
Zm00001eb095690,0.03125,0.0120898100172712,0.00811123986095017,0.0204661739624787,0.0249440358170771
Zm00001eb352580,0.140625,0.075993091537133,0.0695249130938586,0.133030130756111,0.181004157339303
Zm00001eb227830,0.03125,0.0120898100172712,0.0162224797219003,0.0301307561114269,0.0639590661976335
Zm00001eb255490,0.109375,0.0829015544041451,0.0926998841251448,0.10062535531552,0.144547489606652
Zm00001eb245040,0.015625,0.0103626943005181,0.00695249130938586,0.0164866401364412,0.0297409657818996
Zm00001eb249290,0.03125,0.0207253886010363,0.0139049826187717,0.0233086981239341,0.0524464342820595
Zm00001eb127850,0.40625,0.264248704663212,0.366164542294322,0.349630471859011,0.39782539174928
Zm00001eb382780,0.015625,0.00863557858376511,0.0115874855156431,0.0142126208072769,0.0118324272465622
Zm00001eb051900,0.078125,0.0518134715025907,0.0880648899188876,0.0920977828311541,0.106811640550048
Zm00001eb369190,0.078125,0.0345423143350604,0.0590961761297798,0.0540079590676521,0.0732331307962904
Zm00001eb073130,0.234375,0.202072538860104,0.263035921205098,0.287094940306993,0.295810681164055
Zm00001eb194220,0.5625,0.366148531951641,0.546929316338355,0.572484366117112,0.642788615286217
Zm00001eb381600,0.453125,0.419689119170984,0.466975666280417,0.50255827174531,0.571474256475855
Zm00001eb035030,0.578125,0.450777202072539,0.519119351100811,0.565093803297328,0.639270866645347
Zm00001eb095110,0.0625,0.0708117443868739,0.0915411355735805,0.0784536668561683,0.0997761432683083
Zm00001eb368850,0.015625,0.0189982728842832,0.015063731170336,0.0181921546333144,0.0402942117045091
Zm00001eb237820,0.03125,0.0310880829015544,0.033603707995365,0.0528709494030699,0.0521266389510713
Zm00001eb221620,0.609375,0.53713298791019,0.593279258400927,0.632745878339966,0.905660377358491
Zm00001eb219490,10.140625,11.440414507772,12.2723059096176,13.9789653212052,17.9667412855772
Zm00001eb130510,0.078125,0.0397236614853195,0.0753186558516802,0.0682205798749289,0.113847137831788
Zm00001eb291730,0.140625,0.0621761658031088,0.106604866743917,0.150085275724844,0.253917492804605
Zm00001eb303620,0.1875,0.105354058721934,0.166859791425261,0.187038089823763,0.303805564438759
Zm00001eb419910,1.390625,1.13126079447323,1.17497103128621,1.4457077885162,1.79916853213943
Zm00001eb074930,0.046875,0.0103626943005181,0.0324449594438007,0.0551449687322342,0.121202430444516
Zm00001eb148820,1.03125,1.10535405872193,1.19698725376593,1.27117680500284,1.49600255836265
Zm00001eb169130,0.3125,0.29706390328152,0.309385863267671,0.382035247299602,0.475535657179405
Zm00001eb170530,0.40625,0.27979274611399,0.301274623406721,0.425241614553724,0.527982091461465
Zm00001eb242030,0.078125,0.07426597582038,0.105446118192352,0.06878908470722,0.074512312120243
Zm00001eb243450,0.265625,0.212435233160622,0.238702201622248,0.232518476407049,0.225775503677646
Zm00001eb287060,0.03125,0.0172711571675302,0.0127462340672074,0.015349630471859,0.00863447393668052
Zm00001eb324660,0.296875,0.260794473229706,0.239860950173812,0.232518476407049,0.261592580748321
Zm00001eb120750,0.859375,0.913644214162349,0.943221320973349,0.924957362137578,0.833066837224177
Zm00001eb126140,1.328125,1.38514680483592,1.54924681344148,1.47356452529847,1.42212983690438
Zm00001eb171080,0.65625,0.621761658031088,0.660486674391657,0.637293916998295,0.594179724976015
Zm00001eb088080,0.34375,0.373056994818653,0.410196987253766,0.333712336554861,0.245602814198913
Zm00001eb332860,0.25,0.31433506044905,0.322132097334878,0.219442865264355,0.124080588423409
Zm00001eb329910,0.5625,0.512953367875648,0.516801853997683,0.547470153496305,0.570514870482891
Zm00001eb071990,0.421875,0.683937823834197,0.449594438006952,0.18533257532689,0.0978573712823793
Zm00001eb113710,0.640625,0.694300518134715,0.677867902665122,0.645821489482661,0.658138791173649
Zm00001eb315910,0.96875,1.35233160621762,1.04171494785632,0.787379192723138,0.736168851934762
Zm00001eb429720,0.1875,0.29706390328152,0.222479721900348,0.154633314383172,0.0831467860569236
Zm00001eb214840,0.484375,0.490500863557858,0.44611819235226,0.463331438317226,0.462104253277902
Zm00001eb327230,0.203125,0.191709844559585,0.147161066048667,0.134735645252985,0.0943396226415094
Zm00001eb299300,2.078125,2.25561312607945,2.00115874855156,1.93916998294485,1.32363287496003
Zm00001eb142540,2.734375,3.36960276338515,3.26419466975666,3.07788516202388,2.81451870802686
Zm00001eb228620,25.171875,28.3367875647668,29.7358053302433,31.4627629334849,34.7818995842661
Zm00001eb359990,0.421875,0.442141623488774,0.47856315179606,0.437748720864127,0.423728813559322
Zm00001eb264080,0.328125,0.350604490500864,0.366164542294322,0.299602046617396,0.27054685001599
Zm00001eb251390,0.21875,0.290155440414508,0.282734646581692,0.130187606594656,0.0505276622961305
Zm00001eb255160,0.671875,0.896373056994819,0.869061413673233,0.646389994314952,0.648225135913016
Zm00001eb005690,0.453125,0.658031088082902,0.582850521436848,0.438885730528709,0.337384074192517
Zm00001eb315330,0.21875,0.253886010362694,0.206257242178447,0.149516770892553,0.0821874000639591
Zm00001eb405630,2.46875,2.86873920552677,2.54924681344148,2.00341102899375,1.72529581068116
Zm00001eb315610,0.25,0.397236614853195,0.322132097334878,0.173393973848778,0.0914614646626159
Zm00001eb032780,0.078125,0.077720207253886,0.0683661645422943,0.0505969300739056,0.0386952350495683
Zm00001eb248590,0.296875,0.392055267702936,0.355735805330243,0.279135872654918,0.195714742564759
Zm00001eb138920,0.0625,0.138169257340242,0.0683661645422943,0.0278567367822627,0.0332587144227694
Zm00001eb366690,0.265625,0.316062176165803,0.31981460023175,0.325753268902786,0.337703869523505
Zm00001eb052150,0.21875,0.307426597582038,0.263035921205098,0.101762364980102,0.0741925167892549
Zm00001eb340140,0.203125,0.290155440414508,0.261877172653534,0.180216031836271,0.164374800127918
Zm00001eb370960,0.109375,0.158894645941278,0.137891077636153,0.103467879476976,0.0981771666133675
Zm00001eb403750,0.15625,0.234887737478411,0.20973348783314,0.134167140420694,0.138151582986888
Zm00001eb278670,0.390625,0.623488773747841,0.412514484356895,0.336554860716316,0.306683722417653
Zm00001eb317060,0.15625,0.20552677029361,0.184241019698725,0.177942012507106,0.165653981451871
Zm00001eb367660,0.171875,0.219343696027634,0.192352259559676,0.20125071063104,0.203709625839463
Zm00001eb183200,0.015625,0.0397236614853195,0.0289687137891078,0.0341102899374645,0.0262232171410297
Zm00001eb337810,2.375,2.64766839378238,2.51216685979143,2.69471290505969,2.82603133994244
Zm00001eb264930,0.734375,0.949913644214162,1.2305909617613,1.09948834565094,1.14550687559962
Zm00001eb038320,0.03125,0.0345423143350604,0.0405561993047509,0.0289937464468448,0.0140709945634794
Zm00001eb119340,0.5,0.50259067357513,0.615295480880649,0.512791358726549,0.469779341221618
Zm00001eb019090,0.421875,0.552677029360967,0.559675550405562,0.516770892552587,0.370322993284298
Zm00001eb316310,0.015625,0.0224525043177893,0.0254924681344148,0.0170551449687322,0.0108730412535977
Zm00001eb101040,0.4375,0.654576856649395,0.684820393974508,0.557134735645253,0.30188679245283
Zm00001eb170540,2.546875,2.52849740932642,2.6071842410197,2.44968732234224,2.19923249120563
Zm00001eb428400,0.84375,0.953367875647668,1.04055619930475,0.77259806708357,0.577550367764631
Zm00001eb424290,2.46875,3.26597582037997,3.54345307068366,3.55997725980671,4.05788295490886
Zm00001eb252180,1.515625,1.82037996545769,1.76709154113557,1.4013644115975,0.99648225135913
Zm00001eb228320,3.09375,4.58894645941278,4.72537659327926,3.87151790790222,2.54908858330668
Zm00001eb246010,0.203125,0.202072538860104,0.221320973348783,0.192154633314383,0.164694595458906
Zm00001eb289320,0.03125,0.0449050086355786,0.0451911935110081,0.0392268334280841,0.0428525743524145
Zm00001eb002310,0.359375,0.613126079447323,0.629200463499421,0.394542353610006,0.25999360409338
Zm00001eb117830,0.5625,0.974093264248705,0.986095017381228,0.849346219442865,0.586824432363288
Zm00001eb215190,0.296875,0.411053540587219,0.377752027809965,0.350198976691302,0.291333546530221
Zm00001eb050220,1.9375,2.21588946459413,2.14020857473928,2.18192154633314,2.32491205628398
Zm00001eb175840,0.875,0.922279792746114,0.896871378910776,0.889710062535532,0.901503038055644
Zm00001eb056760,0.109375,0.143350604490501,0.14252607184241,0.114269471290506,0.118963863127598
Zm00001eb194770,0.3125,0.383419689119171,0.356894553881808,0.330869812393405,0.289414774544292
Zm00001eb292380,0.34375,0.359240069084629,0.339513325608343,0.370096645821489,0.379597057882955
Zm00001eb199970,0.296875,0.221070811744387,0.26071842410197,0.212620807276862,0.199232491205628
Zm00001eb101130,0.109375,0.105354058721934,0.111239860950174,0.125639567936327,0.100735529261273
Zm00001eb118950,0.734375,0.696027633851468,0.648899188876014,0.715747583854463,0.673169171730093
Zm00001eb202260,0.1875,0.210708117443869,0.232908458864426,0.252416145537237,0.242085065558043
Zm00001eb250240,0.125,0.153713298791019,0.198146002317497,0.187038089823763,0.0962583946274384
Zm00001eb365080,3.140625,3.30915371329879,3.60370799536501,4.13757816941444,4.56411896386313
Zm00001eb184870,0.3125,0.269430051813472,0.297798377752028,0.321205230244457,0.367125039974416
Zm00001eb089580,0.6875,0.659758203799655,0.756662804171495,0.816372939169983,0.971858010873041
Zm00001eb353990,1.09375,0.953367875647668,1.12514484356895,1.28140989198408,1.5324592260953
Zm00001eb188380,0.015625,0.0120898100172712,0.0104287369640788,0.0204661739624787,0.0508474576271186
Zm00001eb201290,0.03125,0.0189982728842832,0.0115874855156431,0.0176236498010233,0.0959385992964503
Zm00001eb225570,0.0625,0.101899827288428,0.103128621089224,0.111995451961342,0.213943076431084
Zm00001eb402220,0.015625,0.0155440414507772,0.0208574739281576,0.0181921546333144,0.0441317556763671
Zm00001eb391190,0.015625,0.0120898100172712,0.0162224797219003,0.0170551449687322,0.0345378957467221
Zm00001eb058610,0.015625,0,0.00695249130938586,0.0170551449687322,0.0665174288455389
Zm00001eb101980,0.046875,0.0328151986183074,0.0579374275782155,0.0602615122228539,0.121522225775504
Zm00001eb055830,0.015625,0.00863557858376511,0.0289687137891078,0.0272882319499716,0.0754716981132075
Zm00001eb118010,0.03125,0.0207253886010363,0.0382387022016222,0.053439454235361,0.105852254557083
Zm00001eb143430,0.25,0.236614853195164,0.323290845886443,0.321773735076748,0.383754397185801
Zm00001eb078590,0.09375,0.100172711571675,0.122827346465817,0.126208072768619,0.140390150303806
Zm00001eb121380,0.015625,0.00863557858376511,0.0243337195828505,0.0238772029562251,0.0313399424368404
Zm00001eb187720,0.078125,0.0259067357512953,0.0741599073001159,0.0790221716884593,0.102014710585225
Zm00001eb092230,0.328125,0.202072538860104,0.310544611819235,0.310972143263218,0.351135273425008
Zm00001eb432450,0.0625,0.0518134715025907,0.0741599073001159,0.0756111426947129,0.0793092420850656
Zm00001eb403060,0.28125,0.341968911917098,0.389339513325608,0.403069926094372,0.430444515510074
Zm00001eb042400,0.484375,0.424870466321244,0.574739281575898,0.600341102899375,0.654301247201791
Zm00001eb408520,0.015625,0.0120898100172712,0.0266512166859791,0.0295622512791359,0.0319795330988168
Zm00001eb050660,1.78125,1.76338514680484,1.9837775202781,2.2228538942581,2.02270546850016
Zm00001eb239680,0.875,0.763385146804836,0.841251448435689,0.891415577032405,0.808122801407099
Zm00001eb128760,0,0.0483592400690846,0.0208574739281576,0.00739056281978397,0.00415733930284618
Zm00001eb219100,0,0.0379965457685665,0.0173812282734647,0.00739056281978397,0.00511672529581068
Zm00001eb182260,0.390625,0.531951640759931,0.501738122827346,0.472427515633883,0.502398464982411
Zm00001eb038070,0.03125,0.119170984455959,0.0648899188876014,0.0670835702103468,0.0738727214582667
Zm00001eb099550,0.234375,0.376511226252159,0.253765932792584,0.266060261512223,0.258394627438439
Zm00001eb123570,0.03125,0.0276338514680484,0.018539976825029,0.0216031836270608,0.0230252638311481
Zm00001eb042490,0.28125,0.392055267702936,0.317497103128621,0.344513928368391,0.360409338023665
Zm00001eb098960,0,0.00345423143350604,0,0.000568504832291074,0.00127918132395267
Zm00001eb139970,0,0.0466321243523316,0.0104287369640788,0.0045480386583286,0.00607611128877518
Zm00001eb099960,0.5625,0.6286701208981,0.666280417149479,0.663445139283684,0.654940837863767
Zm00001eb218610,0.09375,0.115716753022453,0.127462340672074,0.101762364980102,0.074512312120243
Zm00001eb190840,1.390625,1.573402417962,1.60834298957126,1.64127345082433,1.53469779341222
Zm00001eb111570,0.390625,0.442141623488774,0.473928157589803,0.483797612279704,0.425647585545251
Zm00001eb101410,0.28125,0.412780656303972,0.443800695249131,0.401364411597499,0.355292612727854
Zm00001eb218880,0.15625,0.14853195164076,0.161066048667439,0.138715179079022,0.118963863127598
Zm00001eb104750,1.953125,2.09326424870466,2.20162224797219,2.30642410460489,2.49792133034858
Zm00001eb369730,0.328125,0.507772020725389,0.549246813441483,0.491756679931779,0.384074192516789
Zm00001eb113950,1.015625,1.0846286701209,1.25724217844728,1.2609437180216,1.06939558682443
Zm00001eb180800,0.046875,0.0518134715025907,0.0498261877172654,0.0488914155770324,0.0402942117045091
Zm00001eb207650,1.328125,1.35924006908463,1.53302433371958,1.43888573052871,1.52094659417972
Zm00001eb378270,0.25,0.217616580310881,0.219003476245655,0.196702671972712,0.191877198592901
Zm00001eb108090,0.015625,0.0241796200345423,0.0417149478563152,0.0301307561114269,0.0201471058522546
Zm00001eb333470,0.296875,0.319516407599309,0.33603707995365,0.332575326890279,0.346977934122162
Zm00001eb288420,1.21875,1.01381692573402,1.09617612977984,1.11313246162592,1.21426287176207
Zm00001eb349010,1.3125,1.47150259067358,1.74623406720742,1.70267197271177,1.90310201471059
Zm00001eb417000,0.671875,0.709844559585492,0.718424101969872,0.76179647527004,0.803006076111289
Zm00001eb100410,0.421875,0.459412780656304,0.393974507531866,0.424673109721433,0.356571794051807
Zm00001eb356650,0.328125,0.33160621761658,0.303592120509849,0.330301307561114,0.329069395586824
Zm00001eb428940,0.078125,0.210708117443869,0.15063731170336,0.115406480955088,0.0802686280780301
Zm00001eb415730,0.140625,0.157167530224525,0.154113557358053,0.128482092097783,0.138791173648865
Zm00001eb032370,0.21875,0.303972366148532,0.27694090382387,0.245025582717453,0.238247521586185
Zm00001eb178500,0.5,0.57685664939551,0.585168018539977,0.574189880613985,0.608890310201471
Zm00001eb312600,0.046875,0.227979274611399,0.196987253765933,0.0852757248436612,0.0508474576271186
Zm00001eb023160,0.21875,0.245250431778929,0.223638470451912,0.227970437748721,0.216181643748001
Zm00001eb053830,0.171875,0.18307426597582,0.17728852838934,0.168845935190449,0.173329069395587
Zm00001eb403500,0.140625,0.27979274611399,0.320973348783314,0.178510517339397,0.118004477134634
Zm00001eb248780,0.390625,0.454231433506045,0.482039397450753,0.474701534963047,0.464662615925807
Zm00001eb392530,0.375,0.481865284974093,0.524913093858633,0.454235361000568,0.430124720179085
Zm00001eb374830,0.0625,0.126079447322971,0.135573580533024,0.105173393973849,0.0607611128877518
Zm00001eb139480,0.328125,0.367875647668394,0.407879490150637,0.393405343945424,0.381835625199872
Zm00001eb035640,0.78125,0.946459412780656,1.02201622247972,1.01762364980102,0.991685321394308
Zm00001eb102580,0.515625,1.20379965457686,1.12746234067207,0.982944855031268,0.596098496961944
Zm00001eb295800,0.390625,0.48013816925734,0.497103128621089,0.436611711199545,0.453149984010233
Zm00001eb101190,0.34375,0.545768566493955,0.539976825028969,0.401364411597499,0.298049248480972
Zm00001eb330830,0.640625,0.899827288428325,0.864426419466976,0.786242183058556,0.811000959385993
Zm00001eb407120,0.40625,0.469775474956822,0.483198146002317,0.441159749857874,0.436200831467861
Zm00001eb216910,0.265625,0.347150259067358,0.330243337195828,0.339965889710063,0.319155740326191
Zm00001eb364730,0.21875,0.234887737478411,0.242178447276941,0.251847640704946,0.245602814198913
Zm00001eb051120,0.265625,0.215889464594128,0.315179606025492,0.327458783399659,0.323952670291014
Zm00001eb103730,0.125,0.0949913644214162,0.151796060254925,0.168277430358158,0.165653981451871
Zm00001eb411700,0.328125,0.312607944732297,0.3279258400927,0.350767481523593,0.44675407739047
Zm00001eb431760,0.015625,0.0120898100172712,0.0231749710312862,0.0352472996020466,0.0604413175567637
Zm00001eb195850,0,0,0.00231749710312862,0.00341102899374645,0.00863447393668052
Zm00001eb332400,0.03125,0.0328151986183074,0.0312862108922364,0.0869812393405344,0.244963223536936
Zm00001eb031210,0.21875,0.202072538860104,0.191193511008111,0.277430358158044,0.450911416693316
Zm00001eb307550,0,0,0,0.00397953382603752,0.00959385992964503
Zm00001eb045640,0.1875,0.167530224525043,0.20973348783314,0.251279135872655,0.351455068755996
Zm00001eb032670,0.046875,0.0189982728842832,0.06720741599073,0.0898237635019898,0.279501119283658
Zm00001eb270270,0,0.00172711571675302,0.00463499420625724,0.0113700966458215,0.0367764630636393
Zm00001eb078490,0.046875,0.0587219343696028,0.121668597914253,0.229675952245594,0.539814518708027
Zm00001eb006180,0,0,0.00231749710312862,0.0125071063104036,0.0281419891269587
Zm00001eb423100,0,0,0.00115874855156431,0.00341102899374645,0.00991365526063319
Zm00001eb204110,0,0.00518134715025907,0.0162224797219003,0.0409323479249574,0.0962583946274384
Zm00001eb248800,0,0,0.00231749710312862,0.00852757248436612,0.0223856731691717
Zm00001eb107280,0.265625,0.283246977547496,0.318655851680185,0.351904491188175,0.447073872721458
Zm00001eb292980,0.09375,0.07426597582038,0.108922363847045,0.111426947129051,0.189958426606972
Zm00001eb298580,0,0,0.00347624565469293,0.0022740193291643,0.0121522225775504
Zm00001eb358700,0,0,0.00231749710312862,0.00397953382603752,0.0105532459226095
Zm00001eb321620,0.140625,0.117443868739206,0.164542294322132,0.181353041500853,0.220019187719859
Zm00001eb185560,0.015625,0.0362694300518135,0.0845886442641947,0.160318362706083,0.370642788615286
Zm00001eb147710,0.09375,0.138169257340242,0.198146002317497,0.309266628766345,0.495043172369683
Zm00001eb250540,0,0,0.00811123986095017,0.0170551449687322,0.0489286856411896
Zm00001eb198030,0.046875,0.0449050086355786,0.0556199304750869,0.0511654349061967,0.17109050207867
Zm00001eb280600,0,0.00172711571675302,0.00347624565469293,0.00909607731665719,0.0236648544931244
Zm00001eb000880,0,0.00518134715025907,0.00231749710312862,0.00568504832291074,0.0230252638311481
Zm00001eb075250,0.015625,0.0103626943005181,0.0139049826187717,0.0420693575895395,0.148704828909498
Zm00001eb103330,0,0.0276338514680484,0.0220162224797219,0.0540079590676521,0.228014070994563
Zm00001eb220250,0,0.0103626943005181,0.00926998841251448,0.0198976691301876,0.0754716981132075
Zm00001eb315850,0,0.00172711571675302,0.00347624565469293,0.00625355315520182,0.0319795330988168
Zm00001eb006160,0,0.00172711571675302,0,0.000568504832291074,0.00575631595778702
Zm00001eb048440,0,0.0241796200345423,0.0463499420625724,0.099488345650938,0.35433322673489
Zm00001eb326210,0,0,0,0.00795906765207504,0.0281419891269587
Zm00001eb123060,0,0.00518134715025907,0.00231749710312862,0.00682205798749289,0.0492484809721778
Zm00001eb015120,0,0.00172711571675302,0,0.000568504832291074,0.000959385992964503
Zm00001eb349060,0,0.00172711571675302,0,0,0.00255836264790534
Zm00001eb025650,0,0,0,0.000568504832291074,0.00447713463383435
Zm00001eb398670,0,0.00172711571675302,0.00231749710312862,0.000568504832291074,0.00223856731691717
Zm00001eb370010,0,0,0.00115874855156431,0,0.000319795330988168
Zm00001eb025220,0,0,0,0,0.000319795330988168
Zm00001eb172020,0,0,0,0,0.000639590661976335
Zm00001eb136360,0.078125,0.0535405872193437,0.0660486674391657,0.105173393973849,0.105852254557083
Zm00001eb295810,0,0,0,0.00284252416145537,0.00351774864086984
Zm00001eb412510,0,0.00172711571675302,0.00463499420625724,0.00284252416145537,0.00383754397185801
Zm00001eb207450,0.484375,0.468048359240069,0.630359212050985,0.713473564525298,0.941797249760154
Zm00001eb315870,0.03125,0.0241796200345423,0.0625724217844728,0.0784536668561683,0.142948512951711
Zm00001eb102440,0.125,0.077720207253886,0.103128621089224,0.110289937464468,0.130476495043172
Zm00001eb395380,0.015625,0.00690846286701209,0.0208574739281576,0.0403638430926663,0.0521266389510713
Zm00001eb143990,0.671875,0.640759930915371,0.808806488991889,0.785105173393974,1.01822833386633
Zm00001eb179290,0.03125,0.0241796200345423,0.0405561993047509,0.0437748720864127,0.0524464342820595
Zm00001eb157450,0.578125,0.61139896373057,0.665121668597914,0.727686185332575,0.791813239526703
Zm00001eb316660,0.171875,0.119170984455959,0.164542294322132,0.164297896532121,0.181643748001279
Zm00001eb035050,0.359375,0.340241796200345,0.405561993047509,0.435474701534963,0.468180364566677
Zm00001eb427600,0.015625,0.0120898100172712,0.0289687137891078,0.0295622512791359,0.0284617844579469
Zm00001eb189510,0.15625,0.113989637305699,0.274623406720742,0.305855599772598,0.309242085065558
Zm00001eb031300,0.390625,0.42832469775475,0.490150637311703,0.527572484366117,0.557083466581388
Zm00001eb127840,0.40625,0.452504317789292,0.498261877172654,0.540648095508812,0.628717620722737
Zm00001eb335900,1.421875,1.72711571675302,2.0162224797219,2.20579874928937,2.65622001918772
Zm00001eb379300,0.296875,0.324697754749568,0.371958285052144,0.367822626492325,0.425647585545251
Zm00001eb427470,2.5,2.66666666666667,2.28505214368482,3.00056850483229,5.3108410617205
Zm00001eb271500,0.046875,0.0431778929188256,0.0579374275782155,0.0602615122228539,0.0879437160217461
Zm00001eb131420,0,0,0.00115874855156431,0.000568504832291074,0.00383754397185801
Zm00001eb197370,0,0,0.00347624565469293,0.00397953382603752,0.015350175887432
Zm00001eb249440,0,0.0120898100172712,0.018539976825029,0.0170551449687322,0.0799488327470419
Zm00001eb249450,0,0.00345423143350604,0.0115874855156431,0.00625355315520182,0.0335785097537576
Zm00001eb159390,0,0.00345423143350604,0.00115874855156431,0.00170551449687322,0.00927406459865686
Zm00001eb080700,0,0.00172711571675302,0.00231749710312862,0.0045480386583286,0.0124720179085385
Zm00001eb163680,0,0.00172711571675302,0.00115874855156431,0.0022740193291643,0.0166293572113847
Zm00001eb354920,0.015625,0.0328151986183074,0.0289687137891078,0.0392268334280841,0.0713143588103614
Zm00001eb098330,0,0.00518134715025907,0.00347624565469293,0.00397953382603752,0.0159897665494084
Zm00001eb336500,0,0.00345423143350604,0.00579374275782155,0.00568504832291074,0.0147105852254557
Zm00001eb391130,0.15625,0.252158894645941,0.258400926998841,0.30699260943718,0.373201151263192
Zm00001eb254990,0.0625,0.07426597582038,0.0787949015063731,0.101762364980102,0.152862168212344
Zm00001eb375580,0,0.0120898100172712,0.00579374275782155,0.0108015918135304,0.0265430124720179
Zm00001eb015570,0,0.0155440414507772,0.00347624565469293,0.0210346787947698,0.064918452190598
Zm00001eb413920,0.03125,0.0431778929188256,0.0498261877172654,0.0579874928936896,0.119283658458587
Zm00001eb012440,0.015625,0.0172711571675302,0.0196987253765933,0.076179647527004,0.0905020786696514
Zm00001eb035740,0.09375,0.120898100172712,0.112398609501738,0.140989198408186,0.162136232811001
Zm00001eb258400,0,0.00172711571675302,0.00115874855156431,0.00966458214894827,0.0105532459226095
Zm00001eb212930,0.046875,0.0276338514680484,0.0475086906141367,0.0858442296759522,0.114486728493764
Zm00001eb279120,0.1875,0.195164075993092,0.246813441483198,0.314383172256964,0.37863767188999
Zm00001eb286420,0,0.00172711571675302,0,0.0136441159749858,0.0185481291973137
Zm00001eb152810,0,0.00172711571675302,0.00231749710312862,0.0176236498010233,0.0316597377678286
Zm00001eb385610,0,0,0,0.00625355315520182,0.00575631595778702
Zm00001eb186480,0,0,0,0.000568504832291074,0.00191877198592901
Zm00001eb349120,0,0,0,0.000568504832291074,0.000959385992964503
Zm00001eb191020,0.5,0.512953367875648,0.601390498261877,0.741898806139852,0.921969939238887
Zm00001eb157950,0.03125,0.0414507772020725,0.0706836616454229,0.172256964184196,0.316597377678286
Zm00001eb256070,0,0.00172711571675302,0.00695249130938586,0.015349630471859,0.0275023984649824
Zm00001eb365420,0.03125,0.0207253886010363,0.033603707995365,0.0466173962478681,0.0601215222257755
Zm00001eb385190,0,0.00518134715025907,0.0289687137891078,0.0750426378624218,0.117045091141669
Zm00001eb287710,0.296875,0.293609671848014,0.334878331402086,0.399090392268334,0.483530540454109
Zm00001eb360750,0.03125,0.0604490500863558,0.143684820393975,0.218874360432064,0.33162775823473
Zm00001eb372490,0,0.0259067357512953,0.0753186558516802,0.164866401364412,0.292292932523185
Zm00001eb186200,0,0.00345423143350604,0.0127462340672074,0.0335417851051734,0.0594819315637992
Zm00001eb223300,0,0.00172711571675302,0.018539976825029,0.0329732802728823,0.0562839782539175
Zm00001eb124630,0.046875,0.0379965457685665,0.0590961761297798,0.0631040363843093,0.0984969619443556
Zm00001eb379950,0,0.00690846286701209,0.0266512166859791,0.0449118817509949,0.0879437160217461
Zm00001eb002660,0.71875,0.756476683937824,0.836616454229432,0.982376350198977,1.2731052126639
Zm00001eb101280,0.078125,0.119170984455959,0.222479721900348,0.344513928368391,0.567956507834986
Zm00001eb061300,0.546875,0.493955094991364,0.587485515643105,0.648095508811825,0.807163415414135
Zm00001eb337410,0,0.00345423143350604,0.0162224797219003,0.0193291642978965,0.0358170770706748
Zm00001eb370720,0.015625,0.00863557858376511,0.018539976825029,0.0204661739624787,0.0486088903102015
Zm00001eb010050,0,0.0155440414507772,0.0625724217844728,0.106878908470722,0.145826670930604
Zm00001eb234620,0.1875,0.214162348877375,0.261877172653534,0.339397384877771,0.474896066517429
Zm00001eb357780,0,0.0207253886010363,0.0556199304750869,0.0636725412166003,0.109370003197953
Zm00001eb104260,0.015625,0.0138169257340242,0.0347624565469293,0.0471859010801592,0.0857051487048289
Zm00001eb270470,0.53125,0.701208981001727,0.930475086906141,1.11597498578738,1.61592580748321
Zm00001eb023330,0.015625,0.0673575129533679,0.104287369640788,0.168277430358158,0.292292932523185
Zm00001eb372660,0,0.0155440414507772,0.0196987253765933,0.0324047754405912,0.0524464342820595
Zm00001eb015440,0.25,0.431778929188256,0.616454229432213,0.88914155770324,1.33034857691078
Zm00001eb248270,0.015625,0.07426597582038,0.184241019698725,0.284252416145537,0.430444515510074
Zm00001eb319390,0.015625,0.00345423143350604,0.00463499420625724,0.00966458214894827,0.015350175887432
Zm00001eb202140,0,0.00863557858376511,0.0220162224797219,0.0216031836270608,0.0582027502398465
Zm00001eb145340,0,0.00172711571675302,0.00347624565469293,0.00625355315520182,0.0143907898944675
Zm00001eb248900,0,0.00518134715025907,0.0115874855156431,0.0136441159749858,0.0412535976974736
Zm00001eb069140,0.015625,0.00345423143350604,0.00811123986095017,0.0204661739624787,0.0380556443875919
Zm00001eb254600,0,0.0500863557858377,0.115874855156431,0.222853894258101,0.477134633834346
Zm00001eb129490,0,0.00863557858376511,0.00347624565469293,0.00739056281978397,0.0217460825071954
Zm00001eb216410,0,0.0189982728842832,0.0324449594438007,0.0648095508811825,0.162775823472977
Zm00001eb391280,0.015625,0.0690846286701209,0.13441483198146,0.274587833996589,0.693955868244324
Zm00001eb028160,0,0.00518134715025907,0.00926998841251448,0.0181921546333144,0.0470099136552606
Zm00001eb058460,0.0625,0.0379965457685665,0.0382387022016222,0.0602615122228539,0.122801407099456
Zm00001eb252100,0.015625,0.0310880829015544,0.0347624565469293,0.06878908470722,0.156699712184202
Zm00001eb258290,0.078125,0.110535405872193,0.135573580533024,0.152927799886299,0.279501119283658
Zm00001eb215740,0,0.00345423143350604,0.00463499420625724,0.0136441159749858,0.0207866965142309
Zm00001eb122500,0,0.0155440414507772,0.015063731170336,0.038089823763502,0.0642788615286217
Zm00001eb313350,0,0.0120898100172712,0.0231749710312862,0.0420693575895395,0.0796290374160537
Zm00001eb359500,0.03125,0.0621761658031088,0.0926998841251448,0.201819215463331,0.321394307643108
Zm00001eb235510,0.046875,0.107081174438687,0.125144843568946,0.210346787947698,0.341541413495363
Zm00001eb178450,0.390625,0.525043177892919,0.53765932792584,0.674246731097214,0.84298049248481
Zm00001eb080690,0,0.0103626943005181,0.00926998841251448,0.0341102899374645,0.0658778381835625
Zm00001eb279580,0.015625,0.0259067357512953,0.0347624565469293,0.117111995451961,0.179405180684362
Zm00001eb101360,0.015625,0.0414507772020725,0.0417149478563152,0.0739056281978397,0.122801407099456
Zm00001eb048370,0,0.00863557858376511,0.015063731170336,0.0130756111426947,0.0185481291973137
Zm00001eb157080,0.140625,0.14853195164076,0.162224797219003,0.199545196134167,0.248800767508794
Zm00001eb413930,0.015625,0.0276338514680484,0.0278099652375435,0.0363843092666288,0.0604413175567637
Zm00001eb009550,0.015625,0.0138169257340242,0.018539976825029,0.0267197271176805,0.0508474576271186
Zm00001eb315750,0.28125,0.599309153713299,0.740440324449594,1.0511654349062,1.71570195075152
Zm00001eb160120,0.015625,0.0414507772020725,0.0509849362688297,0.0642410460488914,0.117364886472657
Zm00001eb294180,0,0.0224525043177893,0.0301274623406721,0.0471859010801592,0.105212663895107
Zm00001eb354510,0,0,0.00811123986095017,0.00511654349061967,0.0169491525423729
Zm00001eb101880,0.015625,0.0241796200345423,0.0590961761297798,0.0596930073905628,0.0831467860569236
Zm00001eb142960,0.21875,0.227979274611399,0.280417149478563,0.303013075611143,0.367125039974416
Zm00001eb432460,0.015625,0.0155440414507772,0.0312862108922364,0.030699260943718,0.04189318835945
Zm00001eb061430,0.421875,0.40587219343696,0.475086906141367,0.535531552018192,0.653022065877838
Zm00001eb209880,0.421875,0.398963730569948,0.559675550405562,0.660034110289937,0.808442596738088
Zm00001eb062640,0.015625,0.0138169257340242,0.033603707995365,0.0437748720864127,0.0614007035497282
Zm00001eb373970,0.09375,0.0708117443868739,0.0996523754345307,0.117680500284252,0.136232811000959
Zm00001eb106630,0.34375,0.42832469775475,0.550405561993047,0.588402501421262,0.803325871442277
Zm00001eb211700,0.03125,0.0120898100172712,0.0440324449594438,0.0710631040363843,0.103613687240166
Zm00001eb349900,0.125,0.129533678756477,0.172653534183082,0.191586128482092,0.228333866325552
Zm00001eb431080,0,0,0.00463499420625724,0.00341102899374645,0.00575631595778702
Zm00001eb108460,0,0.00172711571675302,0.00463499420625724,0.00511654349061967,0.00799488327470419
Zm00001eb135200,0,0,0.00115874855156431,0.00170551449687322,0.00287815797889351
Zm00001eb224800,0,0,0.00231749710312862,0.0022740193291643,0.00863447393668052
Zm00001eb417620,0,0,0.00347624565469293,0.00284252416145537,0.00735529261272785
Zm00001eb179000,0.59375,0.6286701208981,0.797219003476246,0.876065946560546,1.05116725295811
Zm00001eb217440,0.828125,0.789291882556131,0.901506373117034,1.02671972711768,1.11864406779661
Zm00001eb128310,0,0.00172711571675302,0.00347624565469293,0.00795906765207504,0.0118324272465622
Zm00001eb353030,0.015625,0.0483592400690846,0.0811123986095017,0.198976691301876,0.226734889670611
Zm00001eb240100,0.046875,0.0224525043177893,0.0637311703360371,0.17964752700398,0.161496642149025
Zm00001eb368970,0.015625,0.0276338514680484,0.0266512166859791,0.0420693575895395,0.0479692996482251
Zm00001eb142500,0.15625,0.132987910189983,0.239860950173812,0.495736213757817,0.454429165334186
Zm00001eb251200,0.484375,0.632124352331606,0.698725376593279,0.969869243888573,0.979533098816757
Zm00001eb432140,0,0.00172711571675302,0.00347624565469293,0.0164866401364412,0.0163095618803965
Zm00001eb252160,0,0.00518134715025907,0.00115874855156431,0.015349630471859,0.0105532459226095
Zm00001eb055540,0,0,0.00579374275782155,0.00397953382603752,0.00223856731691717
Zm00001eb067800,0.015625,0.0138169257340242,0.0289687137891078,0.125639567936327,0.0914614646626159
Zm00001eb394180,0.15625,0.141623488773748,0.158748551564311,0.177373507674815,0.17972497601535
Zm00001eb022070,0.015625,0.0259067357512953,0.0231749710312862,0.0267197271176805,0.0131116085705149
Zm00001eb289080,0.078125,0.127806563039724,0.14252607184241,0.115974985787379,0.112887751838823
Zm00001eb105640,0.015625,0.122625215889465,0.114716106604867,0.0932347924957362,0.0575631595778702
Zm00001eb195650,1.9375,2.58549222797927,2.69061413673233,2.68732234223991,2.67412855772306
Zm00001eb320600,0.515625,1.28151986183074,1.51100811123986,1.28254690164866,0.896386312759834
Zm00001eb393690,0,0.0224525043177893,0.0208574739281576,0.0147811256395679,0.00799488327470419
Zm00001eb015750,0.296875,0.390328151986183,0.366164542294322,0.376918703808982,0.370962583946274
Zm00001eb415520,0.46875,1.25561312607945,1.21900347624565,1.06310403638431,1.28525743524145
Zm00001eb198470,0.1875,0.24006908462867,0.26882966396292,0.250142126208073,0.238247521586185
Zm00001eb208910,0.296875,0.386873920552677,0.389339513325608,0.34906196702672,0.372881355932203
Zm00001eb265630,0.453125,0.618307426597582,0.607184241019699,0.617396247868107,0.654940837863767
Zm00001eb141310,0.21875,0.29706390328152,0.272305909617613,0.25923820352473,0.2513591301567
Zm00001eb185290,0.6875,0.984455958549223,0.959443800695249,0.91529277998863,0.906299968020467
Zm00001eb041610,0,0.0466321243523316,0.0533024333719583,0.0164866401364412,0.0131116085705149
Zm00001eb316580,0.21875,0.345423143350604,0.362688296639629,0.246731097214326,0.277582347297729
Zm00001eb280090,0.859375,1.10189982728843,1.14484356894554,1.06026151222285,1.17684681803646
Zm00001eb309360,0.28125,0.298791018998273,0.324449594438007,0.292211483797612,0.300927406459866
Zm00001eb319460,0.125,0.110535405872193,0.143684820393975,0.130756111426947,0.110329389190918
Zm00001eb234170,0.3125,0.316062176165803,0.323290845886443,0.330301307561114,0.316917173009274
Zm00001eb188410,0.203125,0.730569948186529,0.833140208574739,0.589539511085844,0.336104892868564
Zm00001eb323880,0.375,0.414507772020725,0.47856315179606,0.445707788516202,0.446114486728494
Zm00001eb086280,0.375,0.407599309153713,0.527230590961761,0.508811824900512,0.411256795650783
Zm00001eb256420,0.3125,0.379965457685665,0.406720741599073,0.409891984081865,0.430764310841062
Zm00001eb056780,0.40625,0.495682210708117,0.607184241019699,0.558840250142126,0.479692996482251
Zm00001eb093560,0.09375,0.0863557858376511,0.0926998841251448,0.0926662876634451,0.0959385992964503
Zm00001eb064730,0.765625,0.858376511226252,0.860950173812283,0.898806139852189,0.92324912056284
Zm00001eb056620,1.078125,1.12953367875648,1.23638470451912,1.30699260943718,1.40614007035497
Zm00001eb200840,0.046875,0.124352331606218,0.170336037079954,0.181921546333144,0.0716341541413495
Zm00001eb011370,0.015625,0.0276338514680484,0.0602549246813441,0.0346787947697555,0.0303805564438759
Zm00001eb218120,0.125,0.129533678756477,0.170336037079954,0.127345082433201,0.0837863767188999
Zm00001eb234120,0.015625,0.0829015544041451,0.0463499420625724,0.0653780557134736,0.131755676367125
Zm00001eb255860,0,0.0276338514680484,0.00695249130938586,0.00739056281978397,0.00991365526063319
Zm00001eb317460,0.1875,0.20552677029361,0.190034762456547,0.19556566230813,0.219379597057883
Zm00001eb368640,0,0.00518134715025907,0.00115874855156431,0.00113700966458215,0.00191877198592901
Zm00001eb074320,0,0.0103626943005181,0.00463499420625724,0.00568504832291074,0.00479692996482251
Zm00001eb392440,0.421875,0.485319516407599,0.492468134414832,0.515065378055714,0.563479373201151
Zm00001eb275130,0.0625,0.0725388601036269,0.0509849362688297,0.0568504832291074,0.0636392708666454
Zm00001eb281570,0.09375,0.0880829015544041,0.06720741599073,0.0722001137009665,0.0757914934441957
Zm00001eb010770,0,0.00172711571675302,0,0.000568504832291074,0.00255836264790534
Zm00001eb041070,0,0.00345423143350604,0.00115874855156431,0.0022740193291643,0.00351774864086984
Zm00001eb430640,0.0625,0.107081174438687,0.0683661645422943,0.0807276861853326,0.102014710585225
Zm00001eb257650,0.28125,0.379965457685665,0.426419466975666,0.391131324616259,0.422449632235369
Zm00001eb117560,0.109375,0.221070811744387,0.258400926998841,0.222853894258101,0.216501439078989
Zm00001eb248680,0,0.0155440414507772,0.0173812282734647,0.00852757248436612,0.00863447393668052
Zm00001eb010190,0.265625,0.373056994818653,0.40324449594438,0.401364411597499,0.40486088903102
Zm00001eb093670,0.4375,0.905008635578584,1.01738122827346,0.957362137578169,0.884553885513272
Zm00001eb101630,0.03125,0.0397236614853195,0.0463499420625724,0.0466173962478681,0.0425327790214263
Zm00001eb175150,0.015625,0.0207253886010363,0.018539976825029,0.0193291642978965,0.0121522225775504
Zm00001eb328900,0.59375,1.10017271157168,1.07068366164542,0.968732234223991,0.989126958746402
Zm00001eb430800,0.109375,0.188255613126079,0.171494785631518,0.188743604320637,0.181963543332267
Zm00001eb395640,0.140625,0.177892918825561,0.192352259559676,0.16941444002274,0.174288455388551
Zm00001eb193330,0.203125,0.487046632124352,0.526071842410197,0.520750426378624,0.438439398784778
Zm00001eb395300,1.3125,1.89637305699482,1.99884125144844,1.95395110858442,1.75087943716022
Zm00001eb399390,0.015625,0.0449050086355786,0.0544611819235226,0.0579874928936896,0.0422129836904381
Zm00001eb255520,0.03125,0.07426597582038,0.0938586326767092,0.0631040363843093,0.0620402942117045
Zm00001eb099470,0.265625,0.654576856649395,0.777520278099652,0.674815235929505,0.555164694595459
Zm00001eb361200,0.4375,0.469775474956822,0.516801853997683,0.503126776577601,0.525103933482571
Zm00001eb040700,0.265625,0.385146804835924,0.385863267670915,0.388857305287095,0.325871442276943
Zm00001eb150360,0.140625,0.224525043177893,0.25260718424102,0.233086981239341,0.17268947873361
Zm00001eb206080,0.078125,0.103626943005181,0.104287369640788,0.108015918135304,0.0796290374160537
Zm00001eb427970,0.015625,0.0276338514680484,0.0405561993047509,0.0295622512791359,0.0166293572113847
Zm00001eb056630,0,0.0172711571675302,0.0231749710312862,0.0102330869812393,0.00799488327470419
Zm00001eb174990,0.484375,0.511226252158895,0.53765932792584,0.527003979533826,0.526383114806524
Zm00001eb421100,0.015625,0.0604490500863558,0.0811123986095017,0.0494599204093235,0.0473297089862488
Zm00001eb218710,0.3125,0.381692573402418,0.347624565469293,0.368959636156907,0.400383754397186
Zm00001eb202410,0.109375,0.172711571675302,0.169177288528389,0.150653780557135,0.130476495043172
Zm00001eb319350,0.203125,0.284974093264249,0.287369640787949,0.280841387151791,0.290374160537256
Zm00001eb250560,0,0.00345423143350604,0.00231749710312862,0.0022740193291643,0.00191877198592901
Zm00001eb216950,0,0.0518134715025907,0.0359212050984936,0.0409323479249574,0.0198273105212664
Zm00001eb317770,0,0.00172711571675302,0.00115874855156431,0.00113700966458215,0.00127918132395267
Zm00001eb231040,0.140625,0.191709844559585,0.163383545770568,0.168845935190449,0.181963543332267
Zm00001eb389960,0.21875,0.298791018998273,0.295480880648899,0.307561114269471,0.315637991685321
Zm00001eb008690,0.0625,0.0518134715025907,0.06720741599073,0.0500284252416146,0.0316597377678286
Zm00001eb099390,0.375,0.317789291882556,0.48667439165701,0.430358158044343,0.356251998720819
Zm00001eb215440,0.015625,0.0241796200345423,0.0359212050984936,0.0221716884593519,0.0252638311480652
Zm00001eb418630,0.171875,0.188255613126079,0.271147161066049,0.213757816941444,0.19027822193796
Zm00001eb136080,0.109375,0.158894645941278,0.164542294322132,0.178510517339397,0.173968660057563
Zm00001eb084300,0.359375,0.400690846286701,0.435689455388181,0.463331438317226,0.448033258714423
Zm00001eb434360,0.46875,0.808290155440414,1.20162224797219,1.32518476407049,0.799808122801407
Zm00001eb406610,0.046875,0.0656303972366149,0.085747392815759,0.0756111426947129,0.0559641829229293
Zm00001eb034940,0.46875,0.395509499136442,0.573580533024334,0.56623081296191,0.557723057243364
Zm00001eb413540,0.046875,0.0587219343696028,0.0915411355735805,0.0756111426947129,0.0793092420850656
Zm00001eb176680,0.234375,0.238341968911917,0.278099652375435,0.290505969300739,0.299008634473937
Zm00001eb152420,0.15625,0.100172711571675,0.187717265353418,0.156907333712337,0.193476175247841
Zm00001eb055620,0.15625,0.0880829015544041,0.115874855156431,0.125071063104036,0.136552606331948
Zm00001eb084940,0.03125,0.0276338514680484,0.0625724217844728,0.0557134735645253,0.0665174288455389
Zm00001eb229400,0.4375,0.411053540587219,0.52143684820394,0.629334849346219,0.653022065877838
Zm00001eb342580,0,0,0.00463499420625724,0.00795906765207504,0.00575631595778702
Zm00001eb292690,0.03125,0.127806563039724,0.388180764774044,0.893689596361569,0.540134314039015
Zm00001eb371980,0,0.00345423143350604,0.0243337195828505,0.060830017055145,0.0348576910777103
Zm00001eb136350,0.1875,0.150259067357513,0.180764774044032,0.206935758953951,0.199872081867605
Zm00001eb217350,0.0625,0.0431778929188256,0.085747392815759,0.0824332006822058,0.0905020786696514
Zm00001eb383050,0.03125,0.0276338514680484,0.100811123986095,0.104036384309267,0.112567956507835
Zm00001eb312870,0.015625,0.0189982728842832,0.0324449594438007,0.0289937464468448,0.0364566677326511
Zm00001eb069700,0.015625,0.0310880829015544,0.141367323290846,0.125639567936327,0.150303805564439
Zm00001eb062130,0.078125,0.0829015544041451,0.207415990730012,0.225127913587265,0.245283018867925
Zm00001eb001720,0,0,0.00231749710312862,0.00397953382603752,0.00447713463383435
Zm00001eb037290,0,0,0.0127462340672074,0.0119386014781126,0.0166293572113847
Zm00001eb282210,0.015625,0.0345423143350604,0.0231749710312862,0.030699260943718,0.0799488327470419
Zm00001eb250580,0.6875,0.747841105354059,0.735805330243337,0.811824900511654,0.913655260633195
Zm00001eb253350,0,0.0103626943005181,0.00695249130938586,0.0108015918135304,0.0185481291973137
Zm00001eb433840,0,0.00518134715025907,0.00231749710312862,0.00284252416145537,0.00703549728173969
Zm00001eb182650,0,0.0103626943005181,0.00579374275782155,0.00966458214894827,0.0211064918452191
Zm00001eb000470,0,0.00518134715025907,0.00347624565469293,0.00625355315520182,0.0105532459226095
Zm00001eb122550,0,0.0172711571675302,0.00926998841251448,0.0113700966458215,0.0265430124720179
Zm00001eb011550,0,0.00172711571675302,0,0.00284252416145537,0.00479692996482251
Zm00001eb060980,0,0.00518134715025907,0.00115874855156431,0.00568504832291074,0.0156699712184202
Zm00001eb256290,1.1875,1.32987910189983,1.30590961761298,1.57646389994315,1.85833066837224
Zm00001eb395560,0.359375,0.416234887737478,0.426419466975666,0.537237066515065,0.677006715701951
Zm00001eb417490,0,0.00172711571675302,0,0.00341102899374645,0.00703549728173969
Zm00001eb266360,0,0.00172711571675302,0,0.00682205798749289,0.00575631595778702
Zm00001eb359740,0,0.00345423143350604,0.00231749710312862,0.00341102899374645,0.00607611128877518
Zm00001eb185920,0,0.00863557858376511,0.00926998841251448,0.0108015918135304,0.0319795330988168
Zm00001eb320820,0.015625,0.0120898100172712,0.0127462340672074,0.0181921546333144,0.0332587144227694
Zm00001eb370600,0,0.0241796200345423,0.0243337195828505,0.0267197271176805,0.0486088903102015
Zm00001eb129520,0.046875,0.127806563039724,0.143684820393975,0.18533257532689,0.283018867924528
Zm00001eb214190,0,0.0414507772020725,0.0417149478563152,0.060830017055145,0.101375119923249
Zm00001eb157260,0,0.00863557858376511,0.0104287369640788,0.0125071063104036,0.0198273105212664
Zm00001eb169140,1.234375,1.56131260794473,1.63847045191194,2.01534963047186,2.48225135913016
Zm00001eb296830,0.015625,0.0449050086355786,0.0544611819235226,0.0682205798749289,0.0735529261272785
Zm00001eb316730,0.03125,0.0708117443868739,0.0764774044032445,0.113132461625924,0.144547489606652
Zm00001eb146230,0.015625,0.0276338514680484,0.0278099652375435,0.0335417851051734,0.0415733930284618
Zm00001eb299540,0.109375,0.155440414507772,0.162224797219003,0.193860147811256,0.246242404860889
Zm00001eb433050,0.6875,0.810017271157167,0.84936268829664,0.964184195565662,1.16629357211385
Zm00001eb209070,0,0.0155440414507772,0.0243337195828505,0.0267197271176805,0.0559641829229293
Zm00001eb384820,0.125,0.195164075993092,0.229432213209733,0.269471290505969,0.374160537256156
Zm00001eb288730,0.09375,0.164075993091537,0.200463499420626,0.246731097214326,0.408058842340902
Zm00001eb377500,0,0.00518134715025907,0.0115874855156431,0.0136441159749858,0.0255836264790534
Zm00001eb144450,0.015625,0.0293609671848014,0.0359212050984936,0.053439454235361,0.0879437160217461
Zm00001eb130740,0,0.00863557858376511,0.0127462340672074,0.0159181353041501,0.0204669011832427
Zm00001eb168720,0.25,0.488773747841105,0.54577056778679,0.653212052302445,0.828269907259354
Zm00001eb104640,0,0.0155440414507772,0.0208574739281576,0.0335417851051734,0.0530860249440358
Zm00001eb293740,0,0.0241796200345423,0.0463499420625724,0.0602615122228539,0.0943396226415094
Zm00001eb367300,0.046875,0.227979274611399,0.267670915411356,0.408754974417283,0.558682443236329
Zm00001eb039810,0.203125,0.366148531951641,0.400926998841251,0.571915861284821,0.708026862807803
Zm00001eb233310,0,0.0259067357512953,0.0382387022016222,0.0545764638999431,0.0959385992964503
Zm00001eb384320,0,0.0103626943005181,0.0139049826187717,0.0210346787947698,0.0310201471058523
Zm00001eb398110,0,0.00518134715025907,0.00579374275782155,0.0108015918135304,0.0201471058522546
Zm00001eb153470,0,0.00690846286701209,0.00926998841251448,0.0255827174530984,0.0271826031339942
Zm00001eb193550,0,0.00518134715025907,0.00463499420625724,0.0170551449687322,0.0236648544931244
Zm00001eb360120,0.109375,0.150259067357513,0.154113557358053,0.191017623649801,0.243044451551007
Zm00001eb171050,0.03125,0.0518134715025907,0.0602549246813441,0.084138715179079,0.136872401662936
Zm00001eb395580,0,0.00345423143350604,0.00115874855156431,0.0022740193291643,0.00383754397185801
Zm00001eb433430,0.375,0.42314335060449,0.448435689455388,0.482660602615122,0.570834665813879
Zm00001eb015490,0,0.00172711571675302,0.00115874855156431,0.00284252416145537,0.00511672529581068
Zm00001eb165340,0.015625,0.0276338514680484,0.0243337195828505,0.030699260943718,0.0402942117045091
Zm00001eb041540,0,0.0103626943005181,0.00926998841251448,0.0221716884593519,0.0291013751199233
Zm00001eb324600,0.03125,0.0449050086355786,0.0417149478563152,0.0693575895395111,0.0892228973456988
Zm00001eb366540,0,0.00518134715025907,0.00347624565469293,0.00682205798749289,0.0137511992324912
Zm00001eb417610,0.171875,0.290155440414508,0.417149478563152,0.463331438317226,0.719219699392389
Zm00001eb252220,0,0.0259067357512953,0.0475086906141367,0.0540079590676521,0.0898624880076751
Zm00001eb399180,0,0.0172711571675302,0.0428736964078795,0.0449118817509949,0.0841061720498881
Zm00001eb066260,0.234375,0.184801381692573,0.25260718424102,0.254690164866401,0.322993284298049
Zm00001eb062820,0.359375,0.397236614853195,0.428736964078795,0.433200682205799,0.524144547489607
Zm00001eb190160,0,0.0155440414507772,0.0544611819235226,0.0494599204093235,0.072593540134314
Zm00001eb002010,0,0.0120898100172712,0.0417149478563152,0.0352472996020466,0.0652382475215862
Zm00001eb002490,0.125,0.141623488773748,0.196987253765933,0.208641273450824,0.271186440677966
Zm00001eb377480,0,0.0431778929188256,0.113557358053302,0.129050596930074,0.236008954269268
Zm00001eb204490,0.015625,0.0345423143350604,0.0764774044032445,0.0903922683342808,0.11864406779661
Zm00001eb332030,0,0.00863557858376511,0.0243337195828505,0.0255827174530984,0.0466901183242725
Zm00001eb045780,0.09375,0.124352331606218,0.17728852838934,0.202956225127914,0.255196674128558
Zm00001eb155410,0.015625,0.0379965457685665,0.048667439165701,0.0602615122228539,0.0818676047329709
Zm00001eb332640,0,0.0431778929188256,0.0811123986095017,0.104604889141558,0.147105852254557
Zm00001eb289480,0.140625,0.176165803108808,0.213209733487833,0.254690164866401,0.313399424368404
Zm00001eb012280,0.0625,0.0535405872193437,0.0892236384704519,0.0903922683342808,0.124720179085385
Zm00001eb189900,0.015625,0.0587219343696028,0.104287369640788,0.106878908470722,0.17972497601535
Zm00001eb187250,0.234375,0.269430051813472,0.272305909617613,0.338260375213189,0.372881355932203
Zm00001eb158520,0,0.0725388601036269,0.149478563151796,0.219442865264355,0.261912376079309
Zm00001eb386830,0.21875,0.283246977547496,0.323290845886443,0.393973848777715,0.423728813559322
Zm00001eb387370,0.046875,0.079447322970639,0.11819235225956,0.163160886867538,0.18324272465622
Zm00001eb213430,0.046875,0.231433506044905,0.359212050984936,0.538942581011939,0.628078030060761
Zm00001eb292790,0,0.00863557858376511,0.0127462340672074,0.0193291642978965,0.0291013751199233
Zm00001eb224680,0.6875,0.993091537132988,1.5225955967555,1.61967026719727,2.2350495682763
Zm00001eb218500,0.125,0.355785837651123,0.71494785631518,0.800454803865833,1.14007035497282
Zm00001eb328650,0.03125,0.0414507772020725,0.0590961761297798,0.0551449687322342,0.068755996162456
Zm00001eb322390,0.046875,0.10880829015544,0.203939745075319,0.270608300170551,0.329389190917813
Zm00001eb187450,0,0.00690846286701209,0.0139049826187717,0.0170551449687322,0.0233450591621362
Zm00001eb071110,0.078125,0.38860103626943,0.637311703360371,0.832859579306424,1.03006076111289
Zm00001eb384760,0.265625,0.42314335060449,0.690614136732329,0.83058555997726,0.987208186760473
Zm00001eb059920,0.03125,0.145077720207254,0.286210892236385,0.440022740193292,0.395267029101375
Zm00001eb366900,0.015625,0.0259067357512953,0.0451911935110081,0.0716316088686754,0.070674768148385
Zm00001eb409460,0,0.00518134715025907,0.0127462340672074,0.0244457077885162,0.0268628078030061
Zm00001eb023620,0,0.00863557858376511,0.0243337195828505,0.0415008527572484,0.047649504317237
Zm00001eb178160,0.046875,0.07426597582038,0.0973348783314021,0.119954519613417,0.139110968979853
Zm00001eb384240,0.171875,0.189982728842832,0.374275782155272,0.57646389994315,0.649504317236968
Zm00001eb143520,0.203125,0.272884283246978,0.501738122827346,0.627629334849346,0.794691397505596
Zm00001eb379460,0,0.00345423143350604,0.0115874855156431,0.0170551449687322,0.0185481291973137
Zm00001eb107900,0.046875,0.0552677029360967,0.0811123986095017,0.0903922683342808,0.0994563479373201
Zm00001eb266370,0.109375,0.139896373056995,0.447276940903824,0.628766344513928,0.74000639590662
Zm00001eb027860,0,0.00345423143350604,0.0162224797219003,0.0170551449687322,0.0255836264790534
Zm00001eb186490,0,0,0.00231749710312862,0.0022740193291643,0.00319795330988168
Zm00001eb190120,0,0.00518134715025907,0.0104287369640788,0.0204661739624787,0.0300607611128878
Zm00001eb074830,0,0.0276338514680484,0.0683661645422943,0.101193860147811,0.14486728493764
Zm00001eb427020,0.015625,0.0379965457685665,0.0718424101969873,0.106878908470722,0.13271506236009
Zm00001eb397240,0.84375,0.848013816925734,1.04403244495944,1.29107447413303,1.62136232811001
Zm00001eb238140,0,0.00863557858376511,0.0254924681344148,0.0500284252416146,0.0527662296130477
Zm00001eb105770,0,0.0189982728842832,0.0393974507531866,0.0778851620238772,0.0869843300287816
Zm00001eb188100,0,0.00518134715025907,0.0127462340672074,0.0198976691301876,0.0255836264790534
Zm00001eb149360,0,0.00518134715025907,0.00811123986095017,0.00284252416145537,0.0175887432043492
Zm00001eb327140,0,0.00172711571675302,0.00695249130938586,0.00397953382603752,0.0127918132395267
Zm00001eb210530,0.140625,0.169257340241796,0.214368482039397,0.209209778283115,0.259034218100416
Zm00001eb195920,0,0.00518134715025907,0.015063731170336,0.00682205798749289,0.0281419891269587
Zm00001eb346880,0,0.00172711571675302,0.00695249130938586,0.00341102899374645,0.0108730412535977
Zm00001eb107800,0.234375,0.181347150259067,0.26882966396292,0.224559408754974,0.357850975375759
Zm00001eb233790,0,0.00172711571675302,0.015063731170336,0.0125071063104036,0.0386952350495683
Zm00001eb044660,0,0.00345423143350604,0.015063731170336,0.015349630471859,0.0287815797889351
Zm00001eb216610,0.140625,0.221070811744387,0.329084588644264,0.307561114269471,0.464023025263831
Zm00001eb212120,0.015625,0.0259067357512953,0.0162224797219003,0.038089823763502,0.0566037735849057
Zm00001eb103490,0.234375,0.265975820379965,0.316338354577057,0.342808413871518,0.355292612727854
Zm00001eb253280,0.140625,0.0483592400690846,0.111239860950174,0.197271176805003,0.203709625839463
Zm00001eb181760,0.046875,0.0673575129533679,0.0938586326767092,0.0722001137009665,0.0594819315637992
Zm00001eb181510,0.390625,0.367875647668394,0.410196987253766,0.416145537237066,0.455708346658139
Zm00001eb395100,0.140625,0.260794473229706,0.282734646581692,0.26435474701535,0.281419891269587
Zm00001eb075510,0,0.0293609671848014,0.0533024333719583,0.0397953382603752,0.0303805564438759
Zm00001eb265410,0.28125,0.316062176165803,0.351100811123986,0.345082433200682,0.337064278861529
Zm00001eb398190,0,0.0328151986183074,0.0660486674391657,0.0403638430926663,0.0380556443875919
Zm00001eb061930,0.046875,0.0466321243523316,0.0660486674391657,0.061398521887436,0.0598017268947873
Zm00001eb247330,0.28125,0.390328151986183,0.469293163383546,0.436611711199545,0.48864726574992
Zm00001eb273390,0.0625,0.077720207253886,0.0730011587485516,0.0864127345082433,0.0796290374160537
Zm00001eb073010,0.03125,0.0604490500863558,0.106604866743917,0.111426947129051,0.0866645346977934
Zm00001eb181970,0.15625,0.146804835924007,0.162224797219003,0.187606594656055,0.184521905980173
Zm00001eb265240,0.640625,0.81692573402418,0.913093858632677,0.952814098919841,0.93891909178126
Zm00001eb326020,0.28125,0.490500863557858,0.643105446118192,0.673109721432632,0.479692996482251
Zm00001eb053560,0.046875,0.101899827288428,0.186558516801854,0.196134167140421,0.126638951071314
Zm00001eb147220,0.140625,0.295336787564767,0.565469293163384,0.501421262080728,0.362008314678606
Zm00001eb232000,0,0.00172711571675302,0.00695249130938586,0.0045480386583286,0.00415733930284618
Zm00001eb102780,0.234375,0.245250431778929,0.258400926998841,0.246731097214326,0.263191557403262
Zm00001eb110370,0.25,0.286701208981002,0.347624565469293,0.330301307561114,0.379277262551967
Zm00001eb300360,0.140625,0.409326424870466,0.592120509849363,0.366685616827743,0.646306363927087
Zm00001eb064880,0.03125,0.212435233160622,0.27694090382387,0.316657191586128,0.200191877198593
Zm00001eb408080,0.171875,0.430051813471503,0.491309385863268,0.559408754974417,0.491205628397825
Zm00001eb036040,0.015625,0.0483592400690846,0.0579374275782155,0.0523024445707789,0.0559641829229293
Zm00001eb254860,0.1875,0.272884283246978,0.286210892236385,0.284252416145537,0.295171090502079
Zm00001eb281290,0.15625,0.226252158894646,0.263035921205098,0.239340534394542,0.270866645346978
Zm00001eb311960,0.109375,0.145077720207254,0.157589803012746,0.122797043774872,0.170770706747681
Zm00001eb241300,0.0625,0.0880829015544041,0.114716106604867,0.0983513359863559,0.110968979852894
Zm00001eb242480,0.015625,0.0552677029360967,0.0544611819235226,0.0483229107447413,0.0607611128877518
Zm00001eb122740,0.328125,0.443868739205527,0.479721900347625,0.482660602615122,0.521586184841701
Zm00001eb415660,0.71875,0.844559585492228,0.850521436848204,0.91529277998863,0.962264150943396
Zm00001eb386770,0.0625,0.122625215889465,0.146002317497103,0.13757816941444,0.159258074832107
Zm00001eb101420,0.015625,0.0500863557858377,0.0579374275782155,0.0483229107447413,0.0566037735849057
Zm00001eb325550,0.171875,0.424870466321244,0.456546929316338,0.461057418988061,0.495362967700672
Zm00001eb080570,3.46875,4.49740932642487,5.15990730011587,5.54064809550881,6.57787016309562
Zm00001eb268180,0,0.0345423143350604,0.0475086906141367,0.0369528140989198,0.0402942117045091
Zm00001eb364360,0.03125,0.0863557858376511,0.108922363847045,0.0920977828311541,0.10297409657819
Zm00001eb189080,0.046875,0.0708117443868739,0.0787949015063731,0.0670835702103468,0.0729133354653022
Zm00001eb365340,0.0625,0.117443868739206,0.135573580533024,0.118249005116543,0.128557723057243
Zm00001eb041890,0.015625,0.214162348877375,0.275782155272306,0.250710631040364,0.217141029740966
Zm00001eb338940,0.015625,0.0259067357512953,0.0289687137891078,0.0244457077885162,0.0211064918452191
Zm00001eb193920,0.046875,0.234887737478411,0.224797219003476,0.188175099488346,0.220978573712824
Zm00001eb084180,1.09375,1.40932642487047,1.52491309385863,1.61967026719727,1.82858970259034
Zm00001eb390910,0.203125,0.177892918825561,0.17728852838934,0.204661739624787,0.192196993923889
Zm00001eb388180,0.890625,1.16407599309154,1.26535341830823,1.32802728823195,1.40741925167893
Zm00001eb146650,0,0.0310880829015544,0.0301274623406721,0.0301307561114269,0.0281419891269587
Zm00001eb407530,0.125,0.184801381692573,0.174971031286211,0.187038089823763,0.194115765909818
Zm00001eb222650,0.109375,0.246977547495682,0.249130938586327,0.250710631040364,0.250719539494723
Zm00001eb423330,0.0625,0.214162348877375,0.210892236384705,0.212052302444571,0.21810041573393
Zm00001eb054670,0.15625,0.276338514680484,0.290845886442642,0.281409891984082,0.299008634473937
Zm00001eb179590,0,0.0811744386873921,0.0845886442641947,0.0903922683342808,0.072593540134314
Zm00001eb143080,0.203125,0.221070811744387,0.243337195828505,0.245594087549744,0.236968340262232
Zm00001eb157620,0.09375,0.262521588946459,0.329084588644264,0.330301307561114,0.253917492804605
Zm00001eb087050,1.34375,1.73747841105354,1.89687137891078,2.1017623649801,2.39366805244643
Zm00001eb406660,0,0.0345423143350604,0.0301274623406721,0.0358158044343377,0.0239846498241126
Zm00001eb018020,0.203125,0.226252158894646,0.258400926998841,0.289368959636157,0.320115126319156
Zm00001eb371070,0,0.00518134715025907,0.00231749710312862,0.00739056281978397,0.0131116085705149
Zm00001eb020740,0.109375,0.150259067357513,0.130938586326767,0.145537237066515,0.209785737128238
Zm00001eb279090,0,0.00863557858376511,0.00695249130938586,0.00625355315520182,0.0140709945634794
Zm00001eb309590,0.015625,0.0449050086355786,0.0417149478563152,0.0375213189312109,0.0626798848736808
Zm00001eb107170,0.125,0.153713298791019,0.170336037079954,0.173962478681069,0.239206907579149
Zm00001eb145580,0.015625,0.0621761658031088,0.0695249130938586,0.0744741330301308,0.126638951071314
Zm00001eb275490,0,0.0172711571675302,0.0173812282734647,0.0204661739624787,0.0300607611128878
Zm00001eb407990,0.15625,0.188255613126079,0.181923522595597,0.192723138146674,0.241445474896067
Zm00001eb050760,0.21875,0.281519861830743,0.307068366164542,0.331438317225696,0.39270866645347
Zm00001eb237340,0,0.0310880829015544,0.0301274623406721,0.0415008527572484,0.0518068436200831
Zm00001eb058370,0.015625,0.0138169257340242,0.0139049826187717,0.0238772029562251,0.0313399424368404
Zm00001eb108240,0,0.00518134715025907,0.00347624565469293,0.00852757248436612,0.00735529261272785
Zm00001eb384950,0.234375,0.229706390328152,0.228273464658169,0.238772029562251,0.271186440677966
Zm00001eb310270,0,0.0259067357512953,0.0208574739281576,0.038089823763502,0.0562839782539175
Zm00001eb150140,0,0.0155440414507772,0.0115874855156431,0.0170551449687322,0.0307003517748641
Zm00001eb353230,0,0.0449050086355786,0.0324449594438007,0.0443433769187038,0.0821874000639591
Zm00001eb410950,0,0.00690846286701209,0.00695249130938586,0.00625355315520182,0.0124720179085385
Zm00001eb148190,0,0.00518134715025907,0.018539976825029,0.0130756111426947,0.0243044451551007
Zm00001eb073560,0,0.00345423143350604,0.0139049826187717,0.0102330869812393,0.0175887432043492
Zm00001eb192920,0.21875,0.177892918825561,0.287369640787949,0.244457077885162,0.297729453149984
Zm00001eb188460,0,0.0569948186528497,0.101969872537659,0.160318362706083,0.117364886472657
Zm00001eb240740,0.03125,0.0483592400690846,0.0509849362688297,0.0648095508811825,0.0604413175567637
Zm00001eb075300,0,0.00518134715025907,0.00811123986095017,0.0164866401364412,0.015350175887432
Zm00001eb328570,0,0.00518134715025907,0.0208574739281576,0.0346787947697555,0.0217460825071954
Zm00001eb231360,0.125,0.16580310880829,0.466975666280417,0.627060830017055,0.565717940518068
Zm00001eb250390,0.203125,0.259067357512953,0.447276940903824,0.51335986355884,0.515510073552926
Zm00001eb372610,0,0.00172711571675302,0.0127462340672074,0.0142126208072769,0.0140709945634794
Zm00001eb428830,0.015625,0.0224525043177893,0.0312862108922364,0.0329732802728823,0.0422129836904381
Zm00001eb250760,0.015625,0.0483592400690846,0.0811123986095017,0.0977828311540648,0.0805884234090182
Zm00001eb424710,0.046875,0.0466321243523316,0.06720741599073,0.0920977828311541,0.0853853533738407
Zm00001eb118900,0.390625,0.57685664939551,0.765932792584009,0.901080159181353,0.933802366485449
Zm00001eb168870,0.234375,0.68566493955095,1.05677867902665,1.33712336554861,1.36776463063639
Zm00001eb068530,0.03125,0.0708117443868739,0.114716106604867,0.136441159749858,0.165014390789894
Zm00001eb172290,0.34375,0.832469775474957,1.36268829663963,1.439454235361,2.19827310521266
Zm00001eb255970,0.03125,0.0673575129533679,0.0892236384704519,0.0972143263217737,0.119603453789575
Zm00001eb233420,0,0.0483592400690846,0.107763615295481,0.130187606594656,0.149344419571474
Zm00001eb037480,0.140625,0.278065630397237,0.351100811123986,0.425241614553724,0.462104253277902
Zm00001eb266750,0.015625,0.10880829015544,0.253765932792584,0.298465036952814,0.319155740326191
Zm00001eb066640,1.734375,2.39723661485319,3.88760139049826,4.56566230812962,4.95043172369683
Zm00001eb432100,0,0.0207253886010363,0.0660486674391657,0.0807276861853326,0.0968979852894148
Zm00001eb152630,0,0.00518134715025907,0.0115874855156431,0.015349630471859,0.015350175887432
Zm00001eb319090,0.390625,0.595854922279793,0.931633835457706,1.14496873223422,1.30828269907259
Zm00001eb226740,1.109375,1.31088082901554,1.43568945538818,1.49118817509949,1.68628078030061
Zm00001eb027720,0.0625,0.177892918825561,0.214368482039397,0.230244457077885,0.262551966741286
Zm00001eb074460,0.46875,0.568221070811744,0.685979142526072,0.717453098351336,0.801726894787336
Zm00001eb320470,0.046875,0.0880829015544041,0.127462340672074,0.13246162592382,0.16053725615606
Zm00001eb208150,0.109375,0.146804835924007,0.202780996523754,0.221148379761228,0.246562200191877
Zm00001eb273840,0.125,0.278065630397237,0.412514484356895,0.458214894826606,0.470418931883595
Zm00001eb429830,0,0.00863557858376511,0.0173812282734647,0.015349630471859,0.0159897665494084
Zm00001eb001990,0,0.00518134715025907,0.0162224797219003,0.015349630471859,0.0198273105212664
Zm00001eb024330,0.328125,0.468048359240069,0.662804171494786,0.669130187606595,0.846178445794691
Zm00001eb002830,0,0.0328151986183074,0.0811123986095017,0.0670835702103468,0.0956188039654621
Zm00001eb193670,0,0.00518134715025907,0.00926998841251448,0.0125071063104036,0.0150303805564439
Zm00001eb364850,0.265625,0.585492227979275,1.01042873696408,0.935190449118818,1.17236968340262
Zm00001eb174000,0,0.0293609671848014,0.0811123986095017,0.0494599204093235,0.0550047969299648
Zm00001eb050790,0,0.00345423143350604,0.0173812282734647,0.0181921546333144,0.0198273105212664
Zm00001eb071590,0.453125,0.433506044905009,0.515643105446118,0.541216600341103,0.621682123440998
Zm00001eb051350,0,0.00518134715025907,0.0312862108922364,0.0284252416145537,0.0380556443875919
Zm00001eb148290,0.09375,0.113989637305699,0.228273464658169,0.239909039226833,0.292292932523185
Zm00001eb064180,0,0.00518134715025907,0.0196987253765933,0.0204661739624787,0.0156699712184202
Zm00001eb246520,0,0.0189982728842832,0.0660486674391657,0.0727686185332575,0.0764310841061721
Zm00001eb134520,0.078125,0.174438687392055,0.324449594438007,0.342239909039227,0.403901503038056
Zm00001eb273540,0.03125,0.079447322970639,0.127462340672074,0.122228538942581,0.129517109050208
Zm00001eb184110,0.140625,0.145077720207254,0.191193511008111,0.184195565662308,0.188679245283019
Zm00001eb251530,0.03125,0.00863557858376511,0.0312862108922364,0.0346787947697555,0.0281419891269587
Zm00001eb238570,0.015625,0.0431778929188256,0.0509849362688297,0.091529277998863,0.109689798528941
Zm00001eb283990,0.03125,0.0829015544041451,0.105446118192352,0.140420693575895,0.156699712184202
Zm00001eb028430,0.046875,0.0984455958549223,0.141367323290846,0.14269471290506,0.190598017268948
Zm00001eb349450,0.015625,0.0328151986183074,0.0544611819235226,0.0471859010801592,0.0751519027822194
Zm00001eb086370,0,0.00345423143350604,0.00926998841251448,0.00909607731665719,0.0140709945634794
Zm00001eb158610,0,0.00345423143350604,0.00347624565469293,0.00397953382603752,0.00639590661976335
Zm00001eb259650,0.53125,0.754749568221071,0.805330243337196,0.839113132461626,0.981132075471698
Zm00001eb136460,0.0625,0.145077720207254,0.19351100811124,0.189880613985219,0.259354013431404
Zm00001eb183160,0.015625,0.0414507772020725,0.0625724217844728,0.0574189880613985,0.0732331307962904
Zm00001eb337530,0,0.0207253886010363,0.0324449594438007,0.0375213189312109,0.0473297089862488
Zm00001eb330910,0,0.0172711571675302,0.0324449594438007,0.0352472996020466,0.0425327790214263
Zm00001eb390330,0.15625,0.264248704663212,0.373117033603708,0.439454235361001,0.589702590342181
Zm00001eb136980,0.15625,0.212435233160622,0.25260718424102,0.304718590108016,0.421490246242405
Zm00001eb310260,0,0.0431778929188256,0.0637311703360371,0.0722001137009665,0.101375119923249
Zm00001eb200970,0,0.075993091537133,0.130938586326767,0.135304150085276,0.210425327790214
Zm00001eb073830,0.3125,0.633851468048359,0.805330243337196,0.844798180784537,1.03613687240166
Zm00001eb146690,0.109375,0.227979274611399,0.279258400926999,0.310403638430927,0.382795011192837
Zm00001eb033570,0.140625,0.217616580310881,0.234067207415991,0.262080727686185,0.301566997121842
Zm00001eb120740,0.125,0.286701208981002,0.398609501738123,0.474701534963047,0.622641509433962
Zm00001eb301170,0.09375,0.231433506044905,0.295480880648899,0.3757816941444,0.45378957467221
Zm00001eb155280,0.78125,0.896373056994819,0.958285052143685,1.03240477544059,1.10233450591621
Zm00001eb153520,0.140625,0.112262521588946,0.130938586326767,0.172256964184196,0.175567636712504
Zm00001eb355710,0.03125,0.0811744386873921,0.11008111239861,0.134167140420694,0.138471378317877
Zm00001eb011070,0,0.0138169257340242,0.0220162224797219,0.0250142126208073,0.0268628078030061
Zm00001eb273020,1.578125,1.66148531951641,1.82734646581692,2.00284252416146,2.35209465941797
Zm00001eb399830,0.0625,0.110535405872193,0.117033603707995,0.150085275724844,0.16405500479693
Zm00001eb161460,0.015625,0.0466321243523316,0.048667439165701,0.0500284252416146,0.062999680204669
Zm00001eb324750,0.0625,0.105354058721934,0.112398609501738,0.122797043774872,0.147425647585545
Zm00001eb249840,0.171875,0.198618307426598,0.221320973348783,0.233086981239341,0.268947873361049
Zm00001eb259370,0.0625,0.143350604490501,0.158748551564311,0.199545196134167,0.205628397825392
Zm00001eb117090,0,0.0345423143350604,0.0347624565469293,0.0341102899374645,0.0470099136552606
Zm00001eb362240,0.015625,0.0379965457685665,0.0382387022016222,0.0466173962478681,0.0559641829229293
Zm00001eb017630,0,0.0604490500863558,0.0834298957126304,0.0955088118249005,0.128877518388232
Zm00001eb319590,0.109375,0.286701208981002,0.301274623406721,0.34906196702672,0.401982731052127
Zm00001eb359300,0,0,0.00347624565469293,0.0022740193291643,0.00191877198592901
Zm00001eb415010,0.53125,0.544041450777202,0.571263035921205,0.5923820352473,0.623920690757915
Zm00001eb387280,0.203125,0.31433506044905,0.559675550405562,0.824900511654349,0.606012152222578
Zm00001eb001630,0.046875,0.217616580310881,0.464658169177289,0.806139852188744,0.413175567636712
Zm00001eb284010,0.015625,0.0328151986183074,0.0880648899188876,0.119954519613417,0.074512312120243
Zm00001eb031700,0.96875,1.04663212435233,1.61993047508691,1.92836839113132,1.99648225135913
Zm00001eb067740,0.015625,0.0259067357512953,0.132097334878331,0.234792495736214,0.179085385353374
Zm00001eb243730,0,0.0120898100172712,0.0915411355735805,0.0716316088686754,0.0697153821554205
Zm00001eb064860,0.4375,0.485319516407599,0.616454229432213,0.617396247868107,0.696514230892229
Zm00001eb170920,0,0.0120898100172712,0.0451911935110081,0.0369528140989198,0.0393348257115446
Zm00001eb291140,0,0,0.00579374275782155,0.00511654349061967,0.00383754397185801
Zm00001eb302890,0,0.00172711571675302,0.0208574739281576,0.0130756111426947,0.00831467860569236
Zm00001eb370470,0.203125,0.198618307426598,0.222479721900348,0.208072768618533,0.229613047649504
Zm00001eb075170,0.109375,0.136442141623489,0.228273464658169,0.187606594656055,0.216501439078989
Zm00001eb245030,0,0,0.00463499420625724,0.0022740193291643,0.00319795330988168
Zm00001eb374110,0.8125,0.849740932642487,1.04055619930475,1.08584422967595,1.33098816757275
Zm00001eb040160,0.046875,0.0880829015544041,0.0799536500579374,0.0881182490051165,0.0873041253597698
Zm00001eb187260,0.171875,0.245250431778929,0.230590961761298,0.232518476407049,0.21458266709306
Zm00001eb073550,0,0.0224525043177893,0.0196987253765933,0.0221716884593519,0.0243044451551007
Zm00001eb163520,0.671875,0.899827288428325,0.842410196987254,0.902785673678226,1.08250719539495
Zm00001eb271520,0.046875,0.07426597582038,0.0753186558516802,0.0756111426947129,0.0757914934441957
Zm00001eb219990,0.0625,0.0552677029360967,0.0509849362688297,0.0432063672541217,0.0559641829229293
Zm00001eb065440,0,0.0155440414507772,0.0115874855156431,0.00511654349061967,0.00927406459865686
Zm00001eb071780,0.03125,0.0915371329879102,0.085747392815759,0.0801591813530415,0.0764310841061721
Zm00001eb195490,0,0.0241796200345423,0.0139049826187717,0.0125071063104036,0.0140709945634794
Zm00001eb249470,0.015625,0.0293609671848014,0.0289687137891078,0.022740193291643,0.0338983050847458
Zm00001eb199430,0.234375,0.376511226252159,0.368482039397451,0.329164297896532,0.379597057882955
Zm00001eb234870,0.078125,0.115716753022453,0.104287369640788,0.0949403069926094,0.12216181643748
Zm00001eb024300,0,0.00172711571675302,0.00115874855156431,0.000568504832291074,0.00191877198592901
Zm00001eb101350,0,0.00518134715025907,0,0.0022740193291643,0.00447713463383435
Zm00001eb273570,0.03125,0.0569948186528497,0.0498261877172654,0.0574189880613985,0.0665174288455389
Zm00001eb318060,0,0.00345423143350604,0,0.0022740193291643,0.00255836264790534
Zm00001eb154070,0,0.0172711571675302,0.00695249130938586,0.00682205798749289,0.0137511992324912
Zm00001eb006680,0.234375,0.352331606217617,0.289687137891078,0.258101193860148,0.352734250079949
Zm00001eb006700,0.203125,0.298791018998273,0.27694090382387,0.245594087549744,0.312120243044452
Zm00001eb389660,0.0625,0.07426597582038,0.0950173812282735,0.083570210346788,0.215861848417013
Zm00001eb037530,0,0.00345423143350604,0,0.000568504832291074,0.00383754397185801
Zm00001eb164360,0.015625,0.00518134715025907,0.00115874855156431,0.000568504832291074,0.00767508794371602
Zm00001eb397720,0.140625,0.126079447322971,0.127462340672074,0.125071063104036,0.166293572113847
Zm00001eb187310,0.015625,0.0310880829015544,0.0243337195828505,0.0392268334280841,0.0460505276622961
Zm00001eb135910,0,0.00690846286701209,0.00463499420625724,0.00795906765207504,0.0156699712184202
Zm00001eb227200,0.375,0.597582037996546,0.509849362688297,0.573621375781694,0.807163415414135
Zm00001eb294560,0,0.00345423143350604,0.00811123986095017,0.000568504832291074,0.00351774864086984
Zm00001eb100800,0,0,0.00579374275782155,0.00113700966458215,0.00191877198592901
Zm00001eb335680,0,0,0.00115874855156431,0.00113700966458215,0.000319795330988168
Zm00001eb288080,0,0.00172711571675302,0.0115874855156431,0.00568504832291074,0.00735529261272785
Zm00001eb296340,0.078125,0.0949913644214162,0.156431054461182,0.12677657760091,0.138791173648865
Zm00001eb153330,0.09375,0.110535405872193,0.144843568945539,0.130756111426947,0.143268308282699
Zm00001eb333460,0.4375,0.442141623488774,0.595596755504056,0.503695281409892,0.62647905340582
Zm00001eb160100,0.125,0.10880829015544,0.120509849362688,0.152359295054008,0.146786056923569
Zm00001eb056050,1.5,1.76338514680484,1.84936268829664,2.11370096645821,2.29868883914295
Zm00001eb192430,0.015625,0.07426597582038,0.0787949015063731,0.0960773166571916,0.0700351774864087
Zm00001eb409800,0.21875,0.300518134715026,0.274623406720742,0.330301307561114,0.316597377678286
Zm00001eb428070,0,0.0207253886010363,0.015063731170336,0.0216031836270608,0.015350175887432
Zm00001eb016100,0.296875,0.383419689119171,0.407879490150637,0.432632177373508,0.464023025263831
Zm00001eb295830,1.5625,1.7426597582038,1.95828505214368,2.1722569641842,2.35849056603774
Zm00001eb054480,0.765625,0.85146804835924,1.03360370799537,1.07845366685617,1.30988167572753
Zm00001eb320950,0.0625,0.0811744386873921,0.125144843568946,0.123365548607163,0.117045091141669
Zm00001eb348760,0.125,0.127806563039724,0.151796060254925,0.176236498010233,0.192196993923889
Zm00001eb068520,0.15625,0.409326424870466,0.508690614136732,0.558840250142126,0.53405820275024
Zm00001eb187120,0.0625,0.196891191709845,0.301274623406721,0.300739056281978,0.293572113847138
Zm00001eb234270,0.421875,0.500863557858377,0.534183082271147,0.581011938601478,0.611768468180365
Zm00001eb038010,0.140625,0.290155440414508,0.385863267670915,0.367822626492325,0.417652702270547
Zm00001eb256690,0.109375,0.153713298791019,0.194669756662804,0.173962478681069,0.19891269587464
Zm00001eb109820,0.484375,0.51986183074266,0.573580533024334,0.574189880613985,0.655260633194755
Zm00001eb364110,0.078125,0.177892918825561,0.279258400926999,0.245594087549744,0.258714422769428
Zm00001eb371000,0.015625,0.0431778929188256,0.0417149478563152,0.0426378624218306,0.0425327790214263
Zm00001eb256160,0.140625,0.141623488773748,0.12630359212051,0.148948266060262,0.147425647585545
Zm00001eb333350,0,0.0138169257340242,0.0104287369640788,0.0136441159749858,0.0143907898944675
Zm00001eb149820,0.21875,0.29706390328152,0.333719582850521,0.330869812393405,0.40486088903102
Zm00001eb246270,0.65625,1.12262521588946,1.22595596755504,1.21262080727686,1.60825071953949
Zm00001eb319530,0.015625,0.00518134715025907,0.00695249130938586,0.00511654349061967,0.00639590661976335
Zm00001eb372360,0,0.0207253886010363,0.0173812282734647,0.0147811256395679,0.0185481291973137
Zm00001eb261760,0,0.00345423143350604,0.00579374275782155,0.00511654349061967,0.00799488327470419
Zm00001eb406520,0.0625,0.126079447322971,0.125144843568946,0.138146674246731,0.138791173648865
Zm00001eb393510,0,0.0155440414507772,0.0104287369640788,0.0159181353041501,0.0137511992324912
Zm00001eb270930,0.078125,0.136442141623489,0.136732329084589,0.15861284820921,0.152862168212344
Zm00001eb335200,1.09375,1.52504317789292,1.60139049826188,1.79249573621376,2.02206587783818
Zm00001eb030990,0,0.0207253886010363,0.0254924681344148,0.0335417851051734,0.0246242404860889
Zm00001eb081720,0.03125,0.0449050086355786,0.0509849362688297,0.0574189880613985,0.0623600895426927
Zm00001eb257810,0.09375,0.157167530224525,0.173812282734647,0.185901080159181,0.182283338663256
Zm00001eb363940,0.0625,0.22279792746114,0.215527230590962,0.231381466742467,0.246562200191877
Zm00001eb176840,0.015625,0.00863557858376511,0.0104287369640788,0.0119386014781126,0.0121522225775504
Zm00001eb336820,0.046875,0.18307426597582,0.221320973348783,0.221148379761228,0.228333866325552
Zm00001eb206360,0.046875,0.0932642487046632,0.108922363847045,0.125639567936327,0.121202430444516
Zm00001eb393300,0.0625,0.141623488773748,0.190034762456547,0.200113700966458,0.234409977614327
Zm00001eb023210,0,0.00863557858376511,0.0115874855156431,0.00568504832291074,0.0175887432043492
Zm00001eb102540,0.078125,0.164075993091537,0.161066048667439,0.13757816941444,0.204349216501439
Zm00001eb350280,0.015625,0.0552677029360967,0.0312862108922364,0.0403638430926663,0.0761112887751839
Zm00001eb296640,0,0.00690846286701209,0.00347624565469293,0.00397953382603752,0.00447713463383435
Zm00001eb330490,0,0.0103626943005181,0.00811123986095017,0.0108015918135304,0.0169491525423729
Zm00001eb379340,0.03125,0.0639032815198618,0.0556199304750869,0.0540079590676521,0.0748321074512312
Zm00001eb274210,0.3125,0.329879101899827,0.324449594438007,0.351335986355884,0.402942117045091
Zm00001eb293840,0.015625,0.0310880829015544,0.0278099652375435,0.0295622512791359,0.0428525743524145
Zm00001eb175540,0.015625,0.0708117443868739,0.0556199304750869,0.0631040363843093,0.0748321074512312
Zm00001eb129860,0.171875,0.196891191709845,0.186558516801854,0.199545196134167,0.232811000959386
Zm00001eb215560,0.109375,0.24006908462867,0.205098493626883,0.224559408754974,0.257755036776463
Zm00001eb099980,0.09375,0.167530224525043,0.162224797219003,0.20125071063104,0.211704509114167
Zm00001eb009170,0.046875,0.13126079447323,0.128621089223638,0.13757816941444,0.148704828909498
Zm00001eb122050,0.515625,0.799654576856649,0.732329084588644,0.792495736213758,0.814518708026863
Zm00001eb107910,0.0625,0.0898100172711572,0.0799536500579374,0.0983513359863559,0.126319155740326
Zm00001eb344600,0.015625,0.0362694300518135,0.0347624565469293,0.0346787947697555,0.045730732331308
Zm00001eb009140,0.171875,0.179620034542314,0.224797219003476,0.226264923251848,0.235049568276303
Zm00001eb317890,0,0.00863557858376511,0.0312862108922364,0.022740193291643,0.0182283338663256
Zm00001eb063390,0.625,0.704663212435233,0.800695249130939,0.79363274587834,0.861208826351135
Zm00001eb151260,0.015625,0.0276338514680484,0.0393974507531866,0.0403638430926663,0.0332587144227694
Zm00001eb156040,0.21875,0.288428324697755,0.494785631517961,0.433200682205799,0.457627118644068
Zm00001eb029220,0.265625,0.362694300518135,0.515643105446118,0.47072200113701,0.487368084425967
Zm00001eb374760,0.203125,0.298791018998273,0.449594438006952,0.434906196702672,0.444835305404541
Zm00001eb433460,0.484375,1.07944732297064,2.09617612977984,2.20295622512791,2.12472017908539
Zm00001eb010280,0.1875,0.322970639032815,0.374275782155272,0.358158044343377,0.400703549728174
Zm00001eb349820,0.75,0.861830742659758,0.986095017381228,0.962478681068789,1.08026862807803
Zm00001eb193180,0.71875,1.02245250431779,1.31054461181924,1.2359295054008,1.2270546850016
Zm00001eb023780,0.1875,0.321243523316062,0.433371958285052,0.404775440591245,0.413495362967701
Zm00001eb344160,0.015625,0.0276338514680484,0.0359212050984936,0.0329732802728823,0.0313399424368404
Zm00001eb285760,1.140625,1.18652849740933,1.40787949015064,1.57532689027857,1.5756315957787
Zm00001eb136720,0.171875,0.438687392055268,0.980301274623407,1.15577032404775,0.9702590342181
Zm00001eb020850,0.1875,0.255613126079447,0.325608342989571,0.340534394542354,0.322993284298049
Zm00001eb028820,0.328125,0.756476683937824,1.37427578215527,1.58385446276293,1.27726255196674
Zm00001eb063930,0.015625,0.00172711571675302,0.00463499420625724,0.00511654349061967,0.00415733930284618
Zm00001eb136130,0.609375,0.863557858376511,1.32560834298957,1.40534394542354,1.37096258394627
Zm00001eb063940,0.1875,0.227979274611399,0.234067207415991,0.223422399090392,0.264150943396226
Zm00001eb313510,0,0.00518134715025907,0.00695249130938586,0.0022740193291643,0.00351774864086984
Zm00001eb011300,0.203125,0.302245250431779,0.376593279258401,0.358726549175668,0.456667732651103
Zm00001eb171140,0.296875,0.336787564766839,0.388180764774044,0.374644684479818,0.460505276622961
Zm00001eb051480,0,0.0189982728842832,0.0196987253765933,0.0432063672541217,0.0163095618803965
Zm00001eb278680,0.015625,0.0310880829015544,0.107763615295481,0.133030130756111,0.0860249440358171
Zm00001eb051310,0,0.0138169257340242,0.06720741599073,0.0790221716884593,0.0361368724016629
Zm00001eb288970,0.046875,0.127806563039724,0.337195828505214,0.424673109721433,0.273744803325871
Zm00001eb185160,0,0,0.00115874855156431,0.00113700966458215,0.000959385992964503
Zm00001eb314630,0.125,0.115716753022453,0.135573580533024,0.133598635588403,0.133994243684042
Zm00001eb174220,0,0.00172711571675302,0,0.000568504832291074,0.00255836264790534
Zm00001eb348560,0,0.00863557858376511,0,0.0045480386583286,0.0102334505916214
Zm00001eb150010,0.203125,0.2573402417962,0.24449594438007,0.283683911313246,0.283658458586505
Zm00001eb070890,0,0.0328151986183074,0.015063731170336,0.0358158044343377,0.0223856731691717
Zm00001eb293010,0,0.0155440414507772,0.0104287369640788,0.0159181353041501,0.0143907898944675
Zm00001eb011560,0,0.00518134715025907,0.00347624565469293,0.00341102899374645,0.00895426926766869
Zm00001eb037440,0.015625,0.0362694300518135,0.0266512166859791,0.0352472996020466,0.0431723696834026
Zm00001eb356430,0,0.00863557858376511,0.00695249130938586,0.0113700966458215,0.0169491525423729
Zm00001eb175500,0,0.00690846286701209,0.00463499420625724,0.0022740193291643,0.00863447393668052
Zm00001eb103370,0.34375,0.386873920552677,0.438006952491309,0.438317225696418,0.498560921010553
Zm00001eb268690,0,0,0.00695249130938586,0.00113700966458215,0.00767508794371602
Zm00001eb121610,0,0.00172711571675302,0.00231749710312862,0,0.00191877198592901
Zm00001eb294830,0,0.00345423143350604,0.00926998841251448,0.00397953382603752,0.00991365526063319
Zm00001eb168040,0,0.00172711571675302,0.00579374275782155,0.0045480386583286,0.00703549728173969
Zm00001eb312120,0,0,0.00231749710312862,0.00284252416145537,0.00127918132395267
Zm00001eb416800,0.390625,0.435233160621762,0.471610660486674,0.494030699260944,0.483530540454109
Zm00001eb082700,0,0.00172711571675302,0,0.00170551449687322,0.00255836264790534
Zm00001eb003470,0,0.00345423143350604,0.00231749710312862,0.00511654349061967,0.00447713463383435
Zm00001eb288360,0,0.00863557858376511,0.00463499420625724,0.0102330869812393,0.0108730412535977
