"spot","transferred_label","SPOTlight_argmax","agreement"
"AAACCCGAACGAAATC-1_1_1","Vascular_tissue","Leaf_subsidiary_cell",FALSE
"AAACGTGTTCGCCCTA-1_1_1","Leaf_rim","Bundle_sheath",FALSE
"AAACTCGTGATATAAG-1_1_1","Pavement_cell_N","Leaf_subsidiary_cell",FALSE
"AAAGGGCAGCTTGAAT-1_1_1","Leaf_primordium","Leaf_subsidiary_cell",FALSE
"AAAGTAGCATTGCTCA-1_1_1","Leaf_primordium","Leaf_subsidiary_cell",FALSE
"AAATCTAGCCCTGCTA-1_1_1","Bundle_sheath","Bundle_sheath",TRUE
"AAATGCTCGTTACGTT-1_1_1","Leaf_primordium","Leaf_subsidiary_cell",FALSE
"AAATTGATAGTCCTTT-1_1_1","Leaf_primordium","Leaf_subsidiary_cell",FALSE
"AAATTGGTGAGAAGCA-1_1_1","Leaf_primordium","Bundle_sheath",FALSE
"AACATCGATACGTCTA-1_1_1","Pavement_cell_N","Leaf_subsidiary_cell",FALSE
"AACTTCTGCGTCTATC-1_1_1","Leaf_rim","Leaf_subsidiary_cell",FALSE
"AAGCCGAAGCGGTTTA-1_1_1","Bundle_sheath","Leaf_subsidiary_cell",FALSE
"AAGGGACTATGCATTC-1_1_1","Pavement_cell_N","Leaf_subsidiary_cell",FALSE
"AAGTTCAGTCTGCGTA-1_1_1","Bundle_sheath","Leaf_subsidiary_cell",FALSE
"AATATCGAATCAATGC-1_1_1","Leaf_rim","Leaf_subsidiary_cell",FALSE
"AATCATGTAAAGACTC-1_1_1","Vascular_tissue","Pavement_cell_N",FALSE
"AATGTGCCCGAGGTGT-1_1_1","Pavement_cell_N","Leaf_subsidiary_cell",FALSE
"ACAACGGTCCCTGCGA-1_1_1","Leaf_primordium","Leaf_subsidiary_cell",FALSE
"ACAATGAATACGGAGA-1_1_1","Leaf_primordium","Leaf_subsidiary_cell",FALSE
"ACAATTGTGTCTCTTT-1_1_1","Leaf_primordium","Leaf_primordium",TRUE
"ACACATGATCAAATCT-1_1_1","Bundle_sheath","Leaf_subsidiary_cell",FALSE
"ACAGAACTGAGAACAA-1_1_1","Leaf_rim","Leaf_subsidiary_cell",FALSE
"ACAGTATACCGTGGGA-1_1_1","Pavement_cell_N","Bundle_sheath",FALSE
"ACCAACACCACACACT-1_1_1","Pavement_cell_N","Leaf_subsidiary_cell",FALSE
"ACCCTGGTAACGCCCT-1_1_1","Leaf_rim","Shoot_system_epidermis",FALSE
"ACCTCCGCCCTCGCTG-1_1_1","S_phase","Bundle_sheath",FALSE
"ACGAGGTTTACAACGT-1_1_1","Leaf_primordium","Bundle_sheath",FALSE
"ACGGAGCGCAAATTAC-1_1_1","Pavement_cell_N","Leaf_subsidiary_cell",FALSE
"ACGTTATTGGTCACTC-1_1_1","Pavement_cell_N","Bundle_sheath",FALSE
"ACTAGTTGCGATCGTC-1_1_1","Pavement_cell_N","Pavement_cell_N",TRUE
"ACTATCTGCCCGCGTA-1_1_1","Leaf_rim","Bundle_sheath",FALSE
"ACTTTGGTCGTGCTCC-1_1_1","Leaf_primordium","Bundle_sheath",FALSE
"AGAAATTATGACTCGC-1_1_1","Leaf_primordium","Bundle_sheath",FALSE
"AGAATTGTTTGACATA-1_1_1","Pavement_cell_N","Leaf_subsidiary_cell",FALSE
"AGACAGCTCAGAATCC-1_1_1","Leaf_primordium","Leaf_subsidiary_cell",FALSE
"AGACCATGGGATACAA-1_1_1","Leaf_rim","Leaf_subsidiary_cell",FALSE
"AGACCGCTCCGCGGTT-1_1_1","Bundle_sheath","Leaf_subsidiary_cell",FALSE
"AGACGAAGTGCCGGTC-1_1_1","Leaf_rim","Leaf_primordium",FALSE
"AGAGCGTACAAGCTCG-1_1_1","Leaf_primordium","Leaf_primordium",TRUE
"AGAGGCTTCGGAAACC-1_1_1","Bundle_sheath","Bundle_sheath",TRUE
"AGAGTAAACTTCACTA-1_1_1","S_phase","Leaf_subsidiary_cell",FALSE
"AGATGCAAGACGTGCA-1_1_1","Shoot_apical_meristem","Leaf_subsidiary_cell",FALSE
"AGCAACCGAAAGTAAT-1_1_1","Leaf_rim","Leaf_subsidiary_cell",FALSE
"AGCCCTTCTAATCCGA-1_1_1","Pavement_cell_N","Leaf_subsidiary_cell",FALSE
"AGCCTTAAAGCGGAAG-1_1_1","Leaf_rim","Leaf_subsidiary_cell",FALSE
"AGCTCCATATATGTTC-1_1_1","Leaf_primordium","Leaf_primordium",TRUE
"AGCTGTAACCTCAATC-1_1_1","Pavement_cell_N","Bundle_sheath",FALSE
"AGGAGGCCTTCGCGCG-1_1_1","Leaf_primordium","Leaf_subsidiary_cell",FALSE
"AGGCATTGTCGTAGGG-1_1_1","Leaf_rim","Leaf_subsidiary_cell",FALSE
"AGGCGGTTTGTCCCGC-1_1_1","Bundle_sheath","Leaf_subsidiary_cell",FALSE
"AGGCGTCTATGGACGG-1_1_1","S_phase","Leaf_subsidiary_cell",FALSE
"AGGCTTGCTAGACACC-1_1_1","Bundle_sheath","Leaf_subsidiary_cell",FALSE
"AGGGTCAGTAACCCTA-1_1_1","Bundle_sheath","Leaf_subsidiary_cell",FALSE
"AGTCACTAGCTCTCGA-1_1_1","Bundle_sheath","Leaf_subsidiary_cell",FALSE
"AGTCAGCCACCGCCTG-1_1_1","Leaf_primordium","Leaf_subsidiary_cell",FALSE
"AGTCTCACAAGACTAC-1_1_1","Leaf_primordium","Leaf_subsidiary_cell",FALSE
"AGTCTGGACATCCTTG-1_1_1","Leaf_rim","Leaf_subsidiary_cell",FALSE
"AGTGCACGCTTAAGAA-1_1_1","Bundle_sheath","Leaf_subsidiary_cell",FALSE
"AGTGTGGTCTATTGTG-1_1_1","Pavement_cell_N","Leaf_subsidiary_cell",FALSE
"AGTTAAGTCAACCGCT-1_1_1","Vascular_tissue","Leaf_subsidiary_cell",FALSE
"AGTTACCGCACATGGT-1_1_1","Bundle_sheath","Leaf_subsidiary_cell",FALSE
"AGTTGCTGACTGATAT-1_1_1","Vascular_tissue","Leaf_subsidiary_cell",FALSE
"ATAAACGTTGCACCAC-1_1_1","Leaf_rim","Leaf_primordium",FALSE
"ATAATAGTGTAGGGAC-1_1_1","Leaf_primordium","Leaf_subsidiary_cell",FALSE
"ATACGGAACGTCGTTT-1_1_1","Shoot_apical_meristem","Leaf_subsidiary_cell",FALSE
"ATAGCCTCAGTACCCA-1_1_1","Vascular_tissue","Leaf_subsidiary_cell",FALSE
"ATATTGCTGTCAAAGT-1_1_1","Leaf_primordium","Leaf_subsidiary_cell",FALSE
"ATCAATGCCGTGGCTG-1_1_1","Pavement_cell_N","Leaf_subsidiary_cell",FALSE
"ATCGCTGCGTGCAGCA-1_1_1","Vascular_tissue","Leaf_subsidiary_cell",FALSE
"ATCTCGTGAGCGAAAC-1_1_1","Leaf_rim","Leaf_subsidiary_cell",FALSE
"ATGACGCGTTCTATCC-1_1_1","Leaf_primordium","Leaf_subsidiary_cell",FALSE
"ATGCACGCGCTGTTCA-1_1_1","Leaf_rim","Leaf_subsidiary_cell",FALSE
"ATGCCAATCGCTCTGC-1_1_1","Pavement_cell_N","Leaf_subsidiary_cell",FALSE
"ATGCGAGTCCCACCAC-1_1_1","Bundle_sheath","Leaf_subsidiary_cell",FALSE
"ATGCTCAGTGTTGCAT-1_1_1","Pavement_cell_N","Leaf_subsidiary_cell",FALSE
"ATTACATGTCAGTCTT-1_1_1","Shoot_apical_meristem","Leaf_subsidiary_cell",FALSE
"ATTACCACACTGCCTG-1_1_1","Leaf_rim","Leaf_subsidiary_cell",FALSE
"ATTCCTAAGACGTGGA-1_1_1","Bundle_sheath","Leaf_subsidiary_cell",FALSE
"ATTGGATTACAGCGTA-1_1_1","Pavement_cell_N","Bundle_sheath",FALSE
"ATTTGCGCGAGTAGCT-1_1_1","Leaf_primordium","Leaf_subsidiary_cell",FALSE
"CAAAGATTATTGGGCC-1_1_1","Pavement_cell_N","Leaf_subsidiary_cell",FALSE
"CAAATTGGATTATGCC-1_1_1","Leaf_rim","Leaf_primordium",FALSE
"CAACGTGGTGGAGTCT-1_1_1","Leaf_rim","Bundle_sheath",FALSE
"CAACTCCGTAACTTGC-1_1_1","Leaf_rim","Leaf_subsidiary_cell",FALSE
"CACAAGAAAGATATTA-1_1_1","Leaf_rim","Leaf_subsidiary_cell",FALSE
"CACACAGCTTGCGCTC-1_1_1","Leaf_rim","Leaf_subsidiary_cell",FALSE
"CACAGTTCGCTTCCCA-1_1_1","Bundle_sheath","Bundle_sheath",TRUE
"CACCAGTCAGCATGCA-1_1_1","Vascular_tissue","Leaf_subsidiary_cell",FALSE
"CACCGCGTCCACTCTA-1_1_1","Pavement_cell_N","Bundle_sheath",FALSE
"CACCGTATCCCATCCG-1_1_1","Leaf_primordium","Leaf_subsidiary_cell",FALSE
"CACCTAATAGAGTCGT-1_1_1","Bundle_sheath","Bundle_sheath",TRUE
"CACGGCGCGCCAAAGG-1_1_1","Pavement_cell_N","Leaf_subsidiary_cell",FALSE
"CACTTCGCCACAGGCT-1_1_1","Vascular_tissue","Pavement_cell_N",FALSE
"CAGAATAACACACGGA-1_1_1","Leaf_rim","Leaf_subsidiary_cell",FALSE
"CAGATCATTTAAAGTC-1_1_1","Leaf_rim","S_phase",FALSE
"CAGCAGTCCAGACTAT-1_1_1","Bundle_sheath","Leaf_subsidiary_cell",FALSE
"CAGGCGCACGGTGGTC-1_1_1","Bundle_sheath","Leaf_subsidiary_cell",FALSE
"CAGTAACTATTTATTG-1_1_1","Leaf_primordium","Leaf_subsidiary_cell",FALSE
"CAGTACATTCTCTAAA-1_1_1","Leaf_primordium","Bundle_sheath",FALSE
"CAGTGGTTGCACATGA-1_1_1","Leaf_rim","Leaf_subsidiary_cell",FALSE
"CATCGTCCGGTTACTA-1_1_1","Mesophyll","Bundle_sheath",FALSE
"CATCTATCCCGTGTCT-1_1_1","Leaf_primordium","Leaf_subsidiary_cell",FALSE
"CATGGATTGTCTTCCG-1_1_1","Leaf_primordium","Leaf_primordium",TRUE
"CATGTAGGAGCGCCAA-1_1_1","S_phase","Leaf_subsidiary_cell",FALSE
"CATTTCTAGCAGACTA-1_1_1","Vascular_tissue","Pavement_cell_N",FALSE
"CCATATGGAAACTATA-1_1_1","Pavement_cell_N","Bundle_sheath",FALSE
"CCATGCCCTAGATTTC-1_1_1","Shoot_system_epidermis","Shoot_system_epidermis",TRUE
"CCCAGAGGAGGGCGTA-1_1_1","Pavement_cell_N","Bundle_sheath",FALSE
"CCCGAGTTTCTCCGTA-1_1_1","Leaf_rim","Leaf_subsidiary_cell",FALSE
"CCCGGTGGAAGAACCT-1_1_1","Leaf_primordium","Leaf_subsidiary_cell",FALSE
"CCCGGTGTATCGGAAT-1_1_1","Leaf_rim","Bundle_sheath",FALSE
"CCCGTTTCGCAGATGT-1_1_1","S_phase","Leaf_subsidiary_cell",FALSE
"CCCTATGTAGAGCAGA-1_1_1","Leaf_rim","Leaf_subsidiary_cell",FALSE
"CCGAAGTATATTGTTC-1_1_1","Shoot_apical_meristem","Leaf_subsidiary_cell",FALSE
"CCGACGGGCATGAGGT-1_1_1","Pavement_cell_N","Leaf_subsidiary_cell",FALSE
"CCGAGAAGTCGCATAA-1_1_1","Leaf_primordium","Bundle_sheath",FALSE
"CCGAGCTGTGCTTGTC-1_1_1","Pavement_cell_N","Leaf_subsidiary_cell",FALSE
"CCGGAGGTCTTATGGT-1_1_1","Leaf_rim","Bundle_sheath",FALSE
"CCGTATTAGCGCAGTT-1_1_1","S_phase","Leaf_subsidiary_cell",FALSE
"CCTAAATTGTATCCTA-1_1_1","Leaf_rim","Bundle_sheath",FALSE
"CCTCTATCGATTAGCA-1_1_1","Leaf_primordium","Leaf_subsidiary_cell",FALSE
"CGAAGCTATAAATTCA-1_1_1","Bundle_sheath","Bundle_sheath",TRUE
"CGAGAGGGTAGCCGCG-1_1_1","Leaf_primordium","Leaf_primordium",TRUE
"CGAGCACTTCAAGTTT-1_1_1","Pavement_cell_N","Leaf_subsidiary_cell",FALSE
"CGAGTGAAGGTACCAG-1_1_1","Pavement_cell_N","Leaf_subsidiary_cell",FALSE
"CGATGTTGTTATCTAC-1_1_1","Leaf_primordium","Bundle_sheath",FALSE
"CGCAGGCGATCCAAAC-1_1_1","Bundle_sheath","Leaf_subsidiary_cell",FALSE
"CGCCCTTGAAGGCTGA-1_1_1","Leaf_rim","Leaf_subsidiary_cell",FALSE
"CGCGACACTGCGCAGC-1_1_1","Leaf_primordium","Bundle_sheath",FALSE
"CGCGAGAGGGACTTGT-1_1_1","S_phase","Leaf_subsidiary_cell",FALSE
"CGCGAGTCTGCCGGGT-1_1_1","Leaf_rim","Bundle_sheath",FALSE
"CGCGCAAATGTCCAGA-1_1_1","Bundle_sheath","Leaf_subsidiary_cell",FALSE
"CGCGGTCACAAACCAA-1_1_1","Leaf_subsidiary_cell","Leaf_subsidiary_cell",TRUE
"CGCTATTCAATGTATG-1_1_1","Leaf_primordium","Leaf_subsidiary_cell",FALSE
"CGGATAAGCGGACATG-1_1_1","Bundle_sheath","Leaf_subsidiary_cell",FALSE
"CGGCAATAAGATCGCC-1_1_1","Pavement_cell_N","Leaf_subsidiary_cell",FALSE
"CGGCTCTAAAGCTGCA-1_1_1","Leaf_primordium","Bundle_sheath",FALSE
"CGGGAATATAGTATAC-1_1_1","Pavement_cell_N","Leaf_subsidiary_cell",FALSE
"CGGGAGTATACCGCCG-1_1_1","Leaf_rim","Leaf_subsidiary_cell",FALSE
"CGGTCCATGAGACTCC-1_1_1","Leaf_rim","Leaf_subsidiary_cell",FALSE
"CGGTGTACTTGATCCC-1_1_1","Leaf_primordium","Leaf_subsidiary_cell",FALSE
"CGTCATACCATATCCA-1_1_1","Bundle_sheath","Leaf_subsidiary_cell",FALSE
"CGTCGGGTCTAAGCGC-1_1_1","Vascular_tissue","Leaf_subsidiary_cell",FALSE
"CGTGGCCGAATATCTA-1_1_1","Pavement_cell_N","Bundle_sheath",FALSE
"CGTTAAACTAGTTAGG-1_1_1","Bundle_sheath","Leaf_subsidiary_cell",FALSE
"CGTTCTTCGCACACCT-1_1_1","Pavement_cell_N","Leaf_subsidiary_cell",FALSE
"CGTTTACAAGGCAGCT-1_1_1","Leaf_rim","Bundle_sheath",FALSE
"CTACACTCGCAGATGG-1_1_1","Leaf_primordium","Leaf_primordium",TRUE
"CTACTATCATAGGTTT-1_1_1","Pavement_cell_N","Leaf_subsidiary_cell",FALSE
"CTATGGGAAGCGGAAT-1_1_1","Bundle_sheath","Bundle_sheath",TRUE
"CTCAAGACATTAGCGC-1_1_1","Leaf_rim","Leaf_primordium",FALSE
"CTCAGGACTCACCTGT-1_1_1","Mesophyll","Leaf_subsidiary_cell",FALSE
"CTCCCAATGAGTCGCG-1_1_1","Vascular_tissue","Bundle_sheath",FALSE
"CTCCCTCCTTTCGATC-1_1_1","Leaf_primordium","Leaf_subsidiary_cell",FALSE
"CTCCTTTACGCAAGTC-1_1_1","Leaf_primordium","Leaf_primordium",TRUE
"CTCGCATTGCATAGCC-1_1_1","Leaf_primordium","Bundle_sheath",FALSE
"CTCGTCGAGGGCTCAT-1_1_1","Leaf_rim","Leaf_subsidiary_cell",FALSE
"CTCGTTTCTAATGTTT-1_1_1","Leaf_primordium","Bundle_sheath",FALSE
"CTCTAATGCATTGATC-1_1_1","Pavement_cell_N","Bundle_sheath",FALSE
"CTCTCTAACTGCCTAG-1_1_1","Shoot_apical_meristem","Leaf_subsidiary_cell",FALSE
"CTGAATTTATTGCCAG-1_1_1","Leaf_primordium","Bundle_sheath",FALSE
"CTGAGAAAGTTCGGCG-1_1_1","Pavement_cell_N","Bundle_sheath",FALSE
"CTGAGCAAGTAACAAG-1_1_1","Leaf_primordium","Leaf_subsidiary_cell",FALSE
"CTGCTGTCTAACGAGC-1_1_1","Bundle_sheath","Leaf_subsidiary_cell",FALSE
"CTGCTTTATGTCCGCG-1_1_1","Pavement_cell_N","Bundle_sheath",FALSE
"CTGGCGGGAATAAGTA-1_1_1","Bundle_sheath","Leaf_subsidiary_cell",FALSE
"CTGGTCATTCCAATCC-1_1_1","Leaf_rim","Leaf_subsidiary_cell",FALSE
"CTGTATGGTGTAGAAA-1_1_1","Leaf_primordium","Leaf_subsidiary_cell",FALSE
"CTTCGGCCAATTGTTT-1_1_1","Bundle_sheath","Leaf_subsidiary_cell",FALSE
"CTTGTTTATGTAGCCA-1_1_1","Vascular_tissue","Leaf_subsidiary_cell",FALSE
"GAAACATAGGAAACAG-1_1_1","Leaf_rim","Leaf_subsidiary_cell",FALSE
"GAAATACTAAACGTTT-1_1_1","Bundle_sheath","Leaf_subsidiary_cell",FALSE
"GAAATATGCTTGAATG-1_1_1","Shoot_apical_meristem","Shoot_apical_meristem",TRUE
"GAACGCGGGTCACACG-1_1_1","Pavement_cell_N","Leaf_subsidiary_cell",FALSE
"GAAGAAACGATATTGT-1_1_1","Leaf_primordium","Leaf_subsidiary_cell",FALSE
"GAAGCTCGGACCCGTC-1_1_1","Pavement_cell_N","Leaf_subsidiary_cell",FALSE
"GAATAGCATTTAGGGT-1_1_1","Leaf_primordium","Bundle_sheath",FALSE
"GAATAGCCCTGCGGTC-1_1_1","Pavement_cell_N","Leaf_subsidiary_cell",FALSE
"GAATGAAGGTCTTCAG-1_1_1","Leaf_rim","Leaf_subsidiary_cell",FALSE
"GAATGCCGAAATGACC-1_1_1","Pavement_cell_N","Leaf_subsidiary_cell",FALSE
"GACACGAGTTAGAGGA-1_1_1","Vascular_tissue","Leaf_subsidiary_cell",FALSE
"GACACTGGAACCCGAT-1_1_1","Pavement_cell_N","Leaf_subsidiary_cell",FALSE
"GACCCAATTATGATAC-1_1_1","Leaf_rim","Leaf_subsidiary_cell",FALSE
"GACCGCGTCTGACGTG-1_1_1","Pavement_cell_N","Leaf_subsidiary_cell",FALSE
"GACGAGGCTAATAAAC-1_1_1","Leaf_primordium","Bundle_sheath",FALSE
"GAGCGCAAATACTCCG-1_1_1","Bundle_sheath","Leaf_subsidiary_cell",FALSE
"GAGCGCTGTTAGGTAA-1_1_1","Leaf_primordium","Leaf_subsidiary_cell",FALSE
"GAGCTGTCGTCTCGGA-1_1_1","Pavement_cell_N","Bundle_sheath",FALSE
"GAGGCATTTGCAGCAG-1_1_1","Pavement_cell_N","Bundle_sheath",FALSE
"GAGGCCCGACTCCGCA-1_1_1","Pavement_cell_N","Leaf_subsidiary_cell",FALSE
"GAGGTCCCAAAGATCT-1_1_1","S_phase","Bundle_sheath",FALSE
"GAGTAAACCGGAAAGT-1_1_1","Bundle_sheath","Bundle_sheath",TRUE
"GATCGCTACCCGATTT-1_1_1","Vascular_tissue","Pavement_cell_N",FALSE
"GATCTCGACGCTGTGG-1_1_1","Leaf_rim","Bundle_sheath",FALSE
"GATGACAAGTAGGGCA-1_1_1","Leaf_primordium","Leaf_subsidiary_cell",FALSE
"GATGACGATGATCGCG-1_1_1","Leaf_rim","Leaf_subsidiary_cell",FALSE
"GATGCCAGCAGAAGGC-1_1_1","Leaf_rim","Leaf_subsidiary_cell",FALSE
"GATGGCGCACACATTA-1_1_1","Leaf_rim","Leaf_subsidiary_cell",FALSE
"GATGTAACGAACCACC-1_1_1","Mesophyll","Leaf_subsidiary_cell",FALSE
"GATTCCTATACGGCGC-1_1_1","Leaf_primordium","Leaf_subsidiary_cell",FALSE
"GCAAACGTCGCCAGGT-1_1_1","Leaf_rim","Leaf_subsidiary_cell",FALSE
"GCAACAGCAGTATGCG-1_1_1","Mesophyll","Bundle_sheath",FALSE
"GCCATTAGCCTCAAAC-1_1_1","Leaf_primordium","Bundle_sheath",FALSE
"GCGAAACGATCGGGAG-1_1_1","Leaf_primordium","Leaf_primordium",TRUE
"GCGCCTCCCACTCCGA-1_1_1","Bundle_sheath","Leaf_subsidiary_cell",FALSE
"GCGGAGAAACTTCGCA-1_1_1","Leaf_primordium","Leaf_subsidiary_cell",FALSE
"GCGGCAAAGTATTGCC-1_1_1","Bundle_sheath","Leaf_subsidiary_cell",FALSE
"GCGGTCCCGGTGAAGG-1_1_1","Bundle_sheath","Bundle_sheath",TRUE
"GCGTTCGGAGACCGGG-1_1_1","Bundle_sheath","Leaf_subsidiary_cell",FALSE
"GCTAAACCTGAGGTGA-1_1_1","Pavement_cell_N","Leaf_subsidiary_cell",FALSE
"GCTAGCAGGGAGTGGG-1_1_1","Leaf_primordium","Bundle_sheath",FALSE
"GCTATCGCGGCGCAAC-1_1_1","S_phase","Leaf_subsidiary_cell",FALSE
"GCTCCTGACATACTGG-1_1_1","Leaf_primordium","Leaf_subsidiary_cell",FALSE
"GCTCGCGGTTCCGCTC-1_1_1","Leaf_primordium","Leaf_subsidiary_cell",FALSE
"GCTGAATCTTCCAATC-1_1_1","Bundle_sheath","Leaf_subsidiary_cell",FALSE
"GGAAACCTTGTTGAAT-1_1_1","Pavement_cell_N","Bundle_sheath",FALSE
"GGAACCCGAACAAGAA-1_1_1","Leaf_primordium","S_phase",FALSE
"GGAACCTTGACTCTGC-1_1_1","Bundle_sheath","Leaf_subsidiary_cell",FALSE
"GGAACGGCCTGCAGCC-1_1_1","Leaf_primordium","Leaf_subsidiary_cell",FALSE
"GGACACAAGTTTACAC-1_1_1","Vascular_tissue","Leaf_subsidiary_cell",FALSE
"GGACCTACGGTAACGT-1_1_1","Pavement_cell_N","Leaf_subsidiary_cell",FALSE
"GGACCTCTAGGCCGCC-1_1_1","Leaf_rim","Leaf_subsidiary_cell",FALSE
"GGAGCAACATTTCAAG-1_1_1","Vascular_tissue","Leaf_subsidiary_cell",FALSE
"GGATCATCCCGTACGC-1_1_1","Vascular_tissue","Leaf_subsidiary_cell",FALSE
"GGATTCAGTACGGTGG-1_1_1","Vascular_tissue","Leaf_subsidiary_cell",FALSE
"GGCAGCAAACCTATGC-1_1_1","Vascular_tissue","Pavement_cell_N",FALSE
"GGCGCTCCTCATCAAT-1_1_1","Leaf_rim","Leaf_subsidiary_cell",FALSE
"GGGACAGAGTTACTCC-1_1_1","S_phase","Leaf_subsidiary_cell",FALSE
"GGGCAACCGCACGTGC-1_1_1","Vascular_tissue","Leaf_subsidiary_cell",FALSE
"GGGTCATGCGTACCAT-1_1_1","Leaf_primordium","Leaf_subsidiary_cell",FALSE
"GGTAACCGGGAGGATA-1_1_1","Pavement_cell_N","Leaf_subsidiary_cell",FALSE
"GGTCAAGACTACTTCG-1_1_1","Pavement_cell_N","Leaf_subsidiary_cell",FALSE
"GGTCATTGTAGTCATA-1_1_1","Pavement_cell_N","Bundle_sheath",FALSE
"GGTTGTGCTCTTGTCC-1_1_1","Leaf_primordium","Bundle_sheath",FALSE
"GTAACATCTAAGATAA-1_1_1","Vascular_tissue","Leaf_subsidiary_cell",FALSE
"GTATCAAACGTTAGCT-1_1_1","Pavement_cell_N","Bundle_sheath",FALSE
"GTATCTCAGTCTTGAC-1_1_1","Shoot_apical_meristem","Leaf_subsidiary_cell",FALSE
"GTATGAAATTTCACTC-1_1_1","Pavement_cell_N","Leaf_subsidiary_cell",FALSE
"GTATTAAGGCGTCTAA-1_1_1","Vascular_tissue","Leaf_subsidiary_cell",FALSE
"GTCAAAGAAGTGGTGT-1_1_1","Leaf_rim","Leaf_subsidiary_cell",FALSE
"GTCCTACAGGCGGCTC-1_1_1","Leaf_rim","Leaf_subsidiary_cell",FALSE
"GTCTCCTGCCAGTATG-1_1_1","Bundle_sheath","Leaf_subsidiary_cell",FALSE
"GTGAAGATTTCAAGTG-1_1_1","Leaf_primordium","Leaf_primordium",TRUE
"GTGAGTCTAAGACGGA-1_1_1","Leaf_primordium","Leaf_subsidiary_cell",FALSE
"GTGGAGCGTTTACCGA-1_1_1","Pavement_cell_N","Leaf_subsidiary_cell",FALSE
"GTTAGGCTACCCGTTT-1_1_1","Vascular_tissue","Leaf_subsidiary_cell",FALSE
"GTTATAATACGGTGAA-1_1_1","Vascular_tissue","Leaf_subsidiary_cell",FALSE
"GTTCGCTGAGACGTCT-1_1_1","Leaf_rim","Leaf_subsidiary_cell",FALSE
"TAAATGAATCCGTTTC-1_1_1","Leaf_primordium","Leaf_subsidiary_cell",FALSE
"TAACATACACGCGATC-1_1_1","Pavement_cell_N","Leaf_subsidiary_cell",FALSE
"TAACTCCATGGAGGCT-1_1_1","Leaf_rim","Bundle_sheath",FALSE
"TAAGTCGCCGAGTATC-1_1_1","Leaf_primordium","Leaf_subsidiary_cell",FALSE
"TAATAGGTCACCAGAA-1_1_1","Vascular_tissue","Leaf_subsidiary_cell",FALSE
"TAATTGGAATCGGGAA-1_1_1","Pavement_cell_N","Leaf_subsidiary_cell",FALSE
"TACGTGCACTATGCTG-1_1_1","Leaf_rim","Leaf_subsidiary_cell",FALSE
"TACTGCAATCAATTAC-1_1_1","Leaf_rim","Bundle_sheath",FALSE
"TACTGTTTCTCTGGTA-1_1_1","Vascular_tissue","Leaf_subsidiary_cell",FALSE
"TAGAGGTTCTACTTGT-1_1_1","Mesophyll","Leaf_subsidiary_cell",FALSE
"TAGTACCTTAGTGGTC-1_1_1","Shoot_apical_meristem","Leaf_subsidiary_cell",FALSE
"TAGTCTTTCCGAATTG-1_1_1","Leaf_rim","Leaf_subsidiary_cell",FALSE
"TAGTGTCAGAAACGGC-1_1_1","S_phase","Leaf_subsidiary_cell",FALSE
"TATACTCATGCGGCAA-1_1_1","Pavement_cell_N","Leaf_subsidiary_cell",FALSE
"TATATTACAAATGTCG-1_1_1","S_phase","Leaf_subsidiary_cell",FALSE
"TATCACTTCGAGTAAC-1_1_1","Vascular_tissue","Leaf_subsidiary_cell",FALSE
"TATCCATCTCGGTTAG-1_1_1","Bundle_sheath","Leaf_subsidiary_cell",FALSE
"TATTATGTTTGCCTGC-1_1_1","Leaf_rim","Leaf_subsidiary_cell",FALSE
"TCAACAAAGATAATTC-1_1_1","Leaf_primordium","Pavement_cell_N",FALSE
"TCAACTGCAGAGTCAG-1_1_1","Leaf_primordium","Leaf_primordium",TRUE
"TCAAGGTTACTACACC-1_1_1","Vascular_tissue","Leaf_subsidiary_cell",FALSE
"TCACGATGTCCGTGGA-1_1_1","Leaf_primordium","Bundle_sheath",FALSE
"TCAGGGCGCAAACTCG-1_1_1","Pavement_cell_N","Leaf_subsidiary_cell",FALSE
"TCATCACTCGAGCTCG-1_1_1","Leaf_primordium","Leaf_subsidiary_cell",FALSE
"TCATCGATGGTCCCAA-1_1_1","Leaf_rim","Leaf_subsidiary_cell",FALSE
"TCATTTAGAAGTGTGA-1_1_1","Pavement_cell_N","Leaf_subsidiary_cell",FALSE
"TCCCTGGCGTATTAAC-1_1_1","Bundle_sheath","Leaf_subsidiary_cell",FALSE
"TCCGAAGTAGTCACCA-1_1_1","Leaf_rim","Leaf_subsidiary_cell",FALSE
"TCCGCGGCCCAATGAA-1_1_1","Leaf_primordium","Bundle_sheath",FALSE
"TCCGTAACCACAATCC-1_1_1","Leaf_rim","Leaf_subsidiary_cell",FALSE
"TCCGTTAAGCTAATAT-1_1_1","Vascular_tissue","Leaf_subsidiary_cell",FALSE
"TCGCTCGGCACCAGCG-1_1_1","Pavement_cell_N","Shoot_system_epidermis",FALSE
"TCGGCGAACCCAAACC-1_1_1","Leaf_rim","Leaf_subsidiary_cell",FALSE
"TCGGTCCCGACAATAG-1_1_1","Shoot_apical_meristem","Leaf_subsidiary_cell",FALSE
"TCGGTGACCGCTCCGG-1_1_1","Pavement_cell_N","Leaf_subsidiary_cell",FALSE
"TCGTAAGCTCCGAGGA-1_1_1","Bundle_sheath","S_phase",FALSE
"TCGTGTTCGACCACAA-1_1_1","Bundle_sheath","Bundle_sheath",TRUE
"TCTAATACTGCCTCAG-1_1_1","Leaf_rim","Leaf_subsidiary_cell",FALSE
"TCTACCCAATAGAGAG-1_1_1","Pavement_cell_N","Bundle_sheath",FALSE
"TCTCGACGTATCGCCG-1_1_1","Leaf_primordium","Bundle_sheath",FALSE
"TCTCGAGGAGGTTCGC-1_1_1","Pavement_cell_N","Leaf_subsidiary_cell",FALSE
"TCTGCGTCCGGTTTCT-1_1_1","Leaf_primordium","Leaf_subsidiary_cell",FALSE
"TCTTTAGAGTCTAACA-1_1_1","Pavement_cell_N","Leaf_subsidiary_cell",FALSE
"TGACACTTCTCTTTGC-1_1_1","Pavement_cell_N","Leaf_subsidiary_cell",FALSE
"TGACTCCGAATCATAC-1_1_1","Leaf_primordium","Leaf_subsidiary_cell",FALSE
"TGAGTTAAAGACATTC-1_1_1","Leaf_rim","Leaf_subsidiary_cell",FALSE
"TGATCTACGCTGATCT-1_1_1","Leaf_primordium","Bundle_sheath",FALSE
"TGCAGTGAGGCTCGGG-1_1_1","Leaf_rim","Bundle_sheath",FALSE
"TGCCTAATTGAAGATT-1_1_1","Pavement_cell_N","Bundle_sheath",FALSE
"TGCGTCATGACTGAGC-1_1_1","Pavement_cell_N","Leaf_subsidiary_cell",FALSE
"TGGAATATCCTTGACC-1_1_1","Vascular_tissue","Leaf_subsidiary_cell",FALSE
"TGGAATTAGACGCTTT-1_1_1","Leaf_primordium","Leaf_primordium",TRUE
"TGGACGCAATCCAGCC-1_1_1","Bundle_sheath","Leaf_subsidiary_cell",FALSE
"TGGCAATGGGACGGCG-1_1_1","Vascular_tissue","Leaf_subsidiary_cell",FALSE
"TGGCATGAAGTTTGGG-1_1_1","Bundle_sheath","Bundle_sheath",TRUE
"TGGGAAATGCCTTTCC-1_1_1","Leaf_rim","Leaf_subsidiary_cell",FALSE
"TGGGCAATAGTTGGGT-1_1_1","Leaf_rim","Bundle_sheath",FALSE
"TGGTAGAATATATGGG-1_1_1","Leaf_rim","Bundle_sheath",FALSE
"TGGTGATCGTATTTGT-1_1_1","Leaf_primordium","Leaf_subsidiary_cell",FALSE
"TGTCGTTATCACATAT-1_1_1","Leaf_primordium","Leaf_subsidiary_cell",FALSE
"TGTGCCGGTGCCGGAA-1_1_1","Leaf_primordium","Leaf_primordium",TRUE
"TGTTTGAGATCGTCAG-1_1_1","Pavement_cell_N","Leaf_subsidiary_cell",FALSE
"TTAAACCTGGTTCCTT-1_1_1","Leaf_primordium","Leaf_primordium",TRUE
"TTAACACCTCGAACAT-1_1_1","Leaf_rim","Leaf_subsidiary_cell",FALSE
"TTAACGAACAAGCAGT-1_1_1","Bundle_sheath","Leaf_subsidiary_cell",FALSE
"TTAAGGCCCGTACTTT-1_1_1","Bundle_sheath","Leaf_subsidiary_cell",FALSE
"TTACCCTAACAGTCCT-1_1_1","Leaf_primordium","Leaf_subsidiary_cell",FALSE
"TTAGCAACATGGATGT-1_1_1","Pavement_cell_N","Leaf_subsidiary_cell",FALSE
"TTAGTTCAAGTGTTCG-1_1_1","Pavement_cell_N","Bundle_sheath",FALSE
"TTATCCTCAAGGAATA-1_1_1","Vascular_tissue","Leaf_subsidiary_cell",FALSE
"TTATGTTTGCGATAGA-1_1_1","Leaf_primordium","Leaf_primordium",TRUE
"TTCCGCAGAGAAATAT-1_1_1","Vascular_tissue","Leaf_subsidiary_cell",FALSE
"TTCGCTATCTGACGTG-1_1_1","Pavement_cell_N","Leaf_subsidiary_cell",FALSE
"TTCGGCTAGAGATGGT-1_1_1","Pavement_cell_N","Leaf_subsidiary_cell",FALSE
"TTCGTTCAACGAAGTT-1_1_1","Leaf_primordium","Bundle_sheath",FALSE
"TTCTACTTGCGAGGGC-1_1_1","Leaf_primordium","Leaf_subsidiary_cell",FALSE
"TTCTGTTTCCTGTCGC-1_1_1","Vascular_tissue","Bundle_sheath",FALSE
"TTCTTATCCGCTGGGT-1_1_1","Bundle_sheath","Leaf_subsidiary_cell",FALSE
"TTGCCATAGCCCGCTC-1_1_1","Pavement_cell_N","Leaf_subsidiary_cell",FALSE
"TTGCCGCAGACCTACA-1_1_1","Leaf_primordium","Leaf_subsidiary_cell",FALSE
"TTGCTGCACCTATCCA-1_1_1","Pavement_cell_N","Leaf_subsidiary_cell",FALSE
"TTGGACCATCTGGCAA-1_1_1","Bundle_sheath","Leaf_subsidiary_cell",FALSE
"TTGGCCATCTTGCGCT-1_1_1","Pavement_cell_N","Leaf_subsidiary_cell",FALSE
"TTGGGACGTAAGAGTT-1_1_1","Bundle_sheath","Leaf_subsidiary_cell",FALSE
"TTGGTTGCGGTGCGCG-1_1_1","Pavement_cell_N","Leaf_subsidiary_cell",FALSE
"AAACCCGAACGAAATC-1_1_2","Pavement_cell_N","Bundle_sheath",FALSE
"AAATTTGCGGGTGTGG-1_1_2","Shoot_apical_meristem","Leaf_subsidiary_cell",FALSE
"AACAGGAAATCGAATA-1_1_2","Leaf_primordium","Leaf_primordium",TRUE
"AACCCTGGTGGAACCA-1_1_2","Leaf_primordium","Shoot_system_epidermis",FALSE
"AACGTACTGTGGGTAC-1_1_2","Leaf_rim","Leaf_subsidiary_cell",FALSE
"AACGTGATGAAGGACA-1_1_2","Bundle_sheath","Leaf_subsidiary_cell",FALSE
"AACTGATATTAGGCCT-1_1_2","Leaf_primordium","Leaf_subsidiary_cell",FALSE
"AAGGCAGGCTGTCTCC-1_1_2","Leaf_primordium","Leaf_subsidiary_cell",FALSE
"AAGTTCGGCCAACAGG-1_1_2","Shoot_apical_meristem","Leaf_subsidiary_cell",FALSE
"AATAACACTAGAACAA-1_1_2","Leaf_rim","Bundle_sheath",FALSE
"AATTTGGTTCCAAAGA-1_1_2","Leaf_primordium","Leaf_primordium",TRUE
"ACAATTTGGCCATATT-1_1_2","Bundle_sheath","Leaf_subsidiary_cell",FALSE
"ACACCTTACTACTTGC-1_1_2","Leaf_primordium","Leaf_subsidiary_cell",FALSE
"ACAGGTGGAGGTGAGG-1_1_2","Leaf_primordium","Bundle_sheath",FALSE
"ACCACAACTCAGAACA-1_1_2","Leaf_rim","Leaf_subsidiary_cell",FALSE
"ACCATCGTATATGGTA-1_1_2","Shoot_system_epidermis","Bundle_sheath",FALSE
"ACCCTTCATCTGCGAA-1_1_2","Leaf_primordium","Leaf_primordium",TRUE
"ACCCTTTAGTTCTCCA-1_1_2","Leaf_rim","Bundle_sheath",FALSE
"ACCTAAGTACCTTTCA-1_1_2","Vascular_tissue","Leaf_subsidiary_cell",FALSE
"ACGAGATATTTGCTTA-1_1_2","Bundle_sheath","Leaf_subsidiary_cell",FALSE
"ACGCCAGATGATTTCT-1_1_2","Leaf_primordium","Leaf_subsidiary_cell",FALSE
"ACGTACAGATTTCTCT-1_1_2","Leaf_primordium","Shoot_system_epidermis",FALSE
"ACGTTTAGTTGTGATC-1_1_2","Pavement_cell_N","Leaf_subsidiary_cell",FALSE
"ACTATTCGTCCGTGGT-1_1_2","Bundle_sheath","Leaf_subsidiary_cell",FALSE
"AGAAGTGATTCGTGAT-1_1_2","Leaf_primordium","Bundle_sheath",FALSE
"AGATACCGGTGTTCAC-1_1_2","Leaf_rim","Bundle_sheath",FALSE
"AGCCCATACATGTAAG-1_1_2","Leaf_rim","Bundle_sheath",FALSE
"AGCCCTAAGCGAAGTT-1_1_2","Leaf_primordium","Leaf_subsidiary_cell",FALSE
"AGCGACAGGAACGGTC-1_1_2","Vascular_tissue","Pavement_cell_N",FALSE
"AGCTATTTAATCCAAC-1_1_2","Leaf_primordium","Leaf_subsidiary_cell",FALSE
"AGGCCACATTGGTTAC-1_1_2","Leaf_rim","Leaf_subsidiary_cell",FALSE
"AGGCCCTAGAACGCCA-1_1_2","Leaf_rim","Bundle_sheath",FALSE
"AGGGCAGCGGCGTGGT-1_1_2","Leaf_primordium","Leaf_subsidiary_cell",FALSE
"AGGTACGATATTGCCA-1_1_2","Shoot_apical_meristem","Leaf_subsidiary_cell",FALSE
"AGGTATGCGGACATTA-1_1_2","Leaf_rim","Leaf_subsidiary_cell",FALSE
"AGTCGGTTGCGTGAGA-1_1_2","Vascular_tissue","Pavement_cell_N",FALSE
"AGTGCGTAGCTCGTAA-1_1_2","Leaf_rim","Leaf_subsidiary_cell",FALSE
"ATATTCAGTTAAACCT-1_1_2","Leaf_rim","Leaf_subsidiary_cell",FALSE
"ATCAAACGAAGGTTTG-1_1_2","Vascular_tissue","Leaf_subsidiary_cell",FALSE
"ATCACGTGCTAATTAA-1_1_2","Shoot_apical_meristem","Leaf_subsidiary_cell",FALSE
"ATCAGACGGCACGCCG-1_1_2","Leaf_rim","Leaf_subsidiary_cell",FALSE
"ATCCTTCTGAAAGAAC-1_1_2","Leaf_rim","Leaf_subsidiary_cell",FALSE
"ATCTCCCTGCAATCTA-1_1_2","Leaf_primordium","Bundle_sheath",FALSE
"ATGAGGGCAGCGGCTA-1_1_2","Bundle_sheath","Leaf_subsidiary_cell",FALSE
"ATGGAACCTTTGCACA-1_1_2","Leaf_rim","Leaf_subsidiary_cell",FALSE
"ATTAATTCGGTCACTC-1_1_2","Leaf_primordium","Leaf_primordium",TRUE
"ATTACAACTACCGGCC-1_1_2","Leaf_primordium","Leaf_subsidiary_cell",FALSE
"ATTACCACACTGCCTG-1_1_2","Pavement_cell_N","Pavement_cell_N",TRUE
"ATTACGCGCTGGCAGG-1_1_2","Leaf_rim","Bundle_sheath",FALSE
"ATTGACGTAACTCGGT-1_1_2","Leaf_primordium","Bundle_sheath",FALSE
"ATTTCATTATTTCGCG-1_1_2","Bundle_sheath","Leaf_subsidiary_cell",FALSE
"CAAACGAGTATCGCAG-1_1_2","Leaf_primordium","Bundle_sheath",FALSE
"CAAACTATTGAGCTTC-1_1_2","Shoot_apical_meristem","Leaf_subsidiary_cell",FALSE
"CACCGATACACCGAGC-1_1_2","Leaf_rim","Leaf_subsidiary_cell",FALSE
"CACCGTTGCGCGATAT-1_1_2","Leaf_rim","Leaf_subsidiary_cell",FALSE
"CACGTCGGCAACCTCT-1_1_2","Bundle_sheath","Leaf_subsidiary_cell",FALSE
"CAGAGTGATTTAACGT-1_1_2","Leaf_primordium","Leaf_subsidiary_cell",FALSE
"CAGCCGGGCCCTCTAT-1_1_2","Leaf_rim","Bundle_sheath",FALSE
"CAGGAAGACTTTATAT-1_1_2","Leaf_rim","Leaf_subsidiary_cell",FALSE
"CATAGTACATTGAGAG-1_1_2","Leaf_rim","Leaf_subsidiary_cell",FALSE
"CATAGTCCACAAGAAC-1_1_2","Shoot_apical_meristem","Leaf_subsidiary_cell",FALSE
"CATATTATTTGCCCTA-1_1_2","Bundle_sheath","Pavement_cell_N",FALSE
"CCAACTTGATAGATCC-1_1_2","Leaf_rim","Leaf_subsidiary_cell",FALSE
"CCAATCGGTAGATCGA-1_1_2","Leaf_rim","Leaf_subsidiary_cell",FALSE
"CCACCAACTTTACTGT-1_1_2","Pavement_cell_N","Bundle_sheath",FALSE
"CCACGAGAAGAGAATC-1_1_2","Leaf_primordium","Bundle_sheath",FALSE
"CCACGGAGCCATAAGA-1_1_2","Bundle_sheath","Bundle_sheath",TRUE
"CCAGAAAGCAACTCAT-1_1_2","Leaf_rim","Leaf_subsidiary_cell",FALSE
"CCGCCGTTGAGGATAA-1_1_2","Bundle_sheath","Leaf_subsidiary_cell",FALSE
"CCGCTTACCTCACTCT-1_1_2","Shoot_apical_meristem","Leaf_subsidiary_cell",FALSE
"CCGGAAGTTATCAGTC-1_1_2","Leaf_primordium","Leaf_subsidiary_cell",FALSE
"CCGGTAATGGCTAGTC-1_1_2","Leaf_primordium","Leaf_subsidiary_cell",FALSE
"CCGTGTTAAATTCCAT-1_1_2","Shoot_apical_meristem","Leaf_subsidiary_cell",FALSE
"CCTAAAGGCTGACGCT-1_1_2","Bundle_sheath","Pavement_cell_N",FALSE
"CCTACATTCACAGACG-1_1_2","Vascular_tissue","Leaf_subsidiary_cell",FALSE
"CCTAGTTAGTCGCATG-1_1_2","Shoot_apical_meristem","Leaf_subsidiary_cell",FALSE
"CCTCGAAGTGGACGGG-1_1_2","Leaf_rim","Leaf_subsidiary_cell",FALSE
"CCTCTGGCCTAGACGG-1_1_2","Leaf_rim","Leaf_subsidiary_cell",FALSE
"CCTGGAAACGTTCTGC-1_1_2","Leaf_primordium","Bundle_sheath",FALSE
"CGAAACATAGATGGCA-1_1_2","Shoot_apical_meristem","Leaf_subsidiary_cell",FALSE
"CGAACGCCCAGTGCCG-1_1_2","Vascular_tissue","Leaf_subsidiary_cell",FALSE
"CGAGTACTAAAGAGGA-1_1_2","Shoot_apical_meristem","Leaf_subsidiary_cell",FALSE
"CGCATCATGGCTTCAG-1_1_2","Leaf_rim","Bundle_sheath",FALSE
"CGCCGTCTACCCATCG-1_1_2","Leaf_primordium","Leaf_subsidiary_cell",FALSE
"CGCCTGGCCTACGTAA-1_1_2","Leaf_primordium","Leaf_subsidiary_cell",FALSE
"CGCTTATTCCCGGTCG-1_1_2","Leaf_rim","Leaf_subsidiary_cell",FALSE
"CGGAACGTAAACATAG-1_1_2","Leaf_primordium","Bundle_sheath",FALSE
"CGGAGCTTATAACACC-1_1_2","Leaf_rim","Leaf_subsidiary_cell",FALSE
"CGGCTCTTCGTCGAAC-1_1_2","Leaf_rim","Bundle_sheath",FALSE
"CGGTGCGCGTTGGTCC-1_1_2","Bundle_sheath","Leaf_subsidiary_cell",FALSE
"CGTGGAAGCCTCGTAC-1_1_2","Leaf_rim","Bundle_sheath",FALSE
"CTAACTGGTCCGGTTC-1_1_2","Pavement_cell_N","Leaf_subsidiary_cell",FALSE
"CTACGCCATTTCCGAT-1_1_2","Bundle_sheath","Leaf_subsidiary_cell",FALSE
"CTAGTATTCGGAATTA-1_1_2","Leaf_rim","Leaf_subsidiary_cell",FALSE
"CTCCGCCCACATGAGG-1_1_2","Leaf_rim","Leaf_subsidiary_cell",FALSE
"CTGCTGAGGCCACGAA-1_1_2","Vascular_tissue","Leaf_subsidiary_cell",FALSE
"CTGGGATACGCTACCC-1_1_2","Shoot_system_epidermis","Shoot_system_epidermis",TRUE
"CTGGGCCTGCTATATC-1_1_2","Bundle_sheath","Pavement_cell_N",FALSE
"CTTGCAACCGCCTCCT-1_1_2","Leaf_rim","Leaf_subsidiary_cell",FALSE
"GAAATACCTGCTGGCT-1_1_2","Leaf_rim","Leaf_subsidiary_cell",FALSE
"GAATAGCATTTAGGGT-1_1_2","Leaf_rim","Leaf_subsidiary_cell",FALSE
"GACACTGAGTTCAGTG-1_1_2","Leaf_primordium","Bundle_sheath",FALSE
"GACCGTCAGGTCGTGA-1_1_2","Leaf_rim","Leaf_subsidiary_cell",FALSE
"GACGGTCCTAGGGTGT-1_1_2","S_phase","Leaf_subsidiary_cell",FALSE
"GACTACAATTGCTCGT-1_1_2","Pavement_cell_N","Bundle_sheath",FALSE
"GAGCACGGCGCCTCTT-1_1_2","S_phase","Leaf_subsidiary_cell",FALSE
"GAGGATAAACAGTGCT-1_1_2","Leaf_rim","Bundle_sheath",FALSE
"GATACGATGGGAGTCA-1_1_2","Vascular_tissue","Leaf_subsidiary_cell",FALSE
"GATAGGTGTCCCGGGC-1_1_2","Leaf_rim","Leaf_subsidiary_cell",FALSE
"GATCCTCGACACTGGC-1_1_2","Leaf_primordium","Leaf_subsidiary_cell",FALSE
"GATGTGTTGTCACAAG-1_1_2","Mesophyll","Leaf_subsidiary_cell",FALSE
"GATTACTGAATTTGGG-1_1_2","Mesophyll","Bundle_sheath",FALSE
"GATTCCGCGTTTCCGT-1_1_2","Leaf_primordium","Pavement_cell_N",FALSE
"GCAAACGTCGCCAGGT-1_1_2","Pavement_cell_N","Leaf_subsidiary_cell",FALSE
"GCAACCACGGCCGCGT-1_1_2","Leaf_rim","Leaf_subsidiary_cell",FALSE
"GCAACGGCTAGTTATG-1_1_2","Vascular_tissue","Pavement_cell_N",FALSE
"GCAAGAATTCCTTGGC-1_1_2","Bundle_sheath","Leaf_subsidiary_cell",FALSE
"GCCACAATTTAAGGAC-1_1_2","Bundle_sheath","Leaf_subsidiary_cell",FALSE
"GCCCAGATGCTGGAGA-1_1_2","Leaf_primordium","Bundle_sheath",FALSE
"GCCCGCGCGTAAACGG-1_1_2","Bundle_sheath","Leaf_subsidiary_cell",FALSE
"GCCGCACTCCGTTTCA-1_1_2","S_phase","Leaf_subsidiary_cell",FALSE
"GCCGTGGAAGAAATGT-1_1_2","Leaf_primordium","Bundle_sheath",FALSE
"GCGATTCTGGAAGCAG-1_1_2","Shoot_apical_meristem","Leaf_subsidiary_cell",FALSE
"GCGGACCGCGTTGTGG-1_1_2","Leaf_primordium","Leaf_primordium",TRUE
"GCTCCGCTCGCTTCAG-1_1_2","Leaf_primordium","Bundle_sheath",FALSE
"GCTGTATTACTGGCCC-1_1_2","Shoot_apical_meristem","Leaf_subsidiary_cell",FALSE
"GGACTCACAAATTAGG-1_1_2","Leaf_rim","Leaf_subsidiary_cell",FALSE
"GGAGGATTGAAAGGAG-1_1_2","Leaf_rim","Leaf_subsidiary_cell",FALSE
"GGAGGCCGAAGTCGTC-1_1_2","Bundle_sheath","Leaf_subsidiary_cell",FALSE
"GGGATGGTCGTAACCG-1_1_2","Leaf_rim","Leaf_subsidiary_cell",FALSE
"GGGCGGGTTCCCTACG-1_1_2","Leaf_rim","Leaf_subsidiary_cell",FALSE
"GGGTGTTTCAGCTATG-1_1_2","Vascular_tissue","Pavement_cell_N",FALSE
"GGTCTCCAAGTAGTGC-1_1_2","Leaf_rim","Leaf_subsidiary_cell",FALSE
"GGTGAAGTACAGGGAT-1_1_2","Shoot_apical_meristem","Leaf_subsidiary_cell",FALSE
"GGTGGAGGTTGATACG-1_1_2","Leaf_rim","Leaf_subsidiary_cell",FALSE
"GGTGTTGGGCGTCTTA-1_1_2","Leaf_rim","Leaf_subsidiary_cell",FALSE
"GTAAGGATTTGTCGGA-1_1_2","Vascular_tissue","Leaf_subsidiary_cell",FALSE
"GTAATCTGATTCTTCG-1_1_2","Leaf_primordium","Leaf_subsidiary_cell",FALSE
"GTATTCTGAGAAACGA-1_1_2","Vascular_tissue","Leaf_subsidiary_cell",FALSE
"GTCAGTTGTGCTCGTT-1_1_2","Vascular_tissue","Pavement_cell_N",FALSE
"GTCGGATGTAGCGCGC-1_1_2","Leaf_primordium","Bundle_sheath",FALSE
"GTCTTGAGGAGCAGTG-1_1_2","Leaf_primordium","Bundle_sheath",FALSE
"GTCTTGTAGCTATTCA-1_1_2","Leaf_rim","Shoot_system_epidermis",FALSE
"GTGATTCGCCGCTCAA-1_1_2","Leaf_rim","Leaf_subsidiary_cell",FALSE
"GTGCACGAAAGTGACT-1_1_2","Leaf_primordium","Leaf_subsidiary_cell",FALSE
"GTGCCGCTTCAAAGGT-1_1_2","Leaf_primordium","Bundle_sheath",FALSE
"GTGCGAAATCGAACAC-1_1_2","Leaf_rim","Leaf_subsidiary_cell",FALSE
"GTGCTTACATCAGCGC-1_1_2","Pavement_cell_N","Leaf_subsidiary_cell",FALSE
"GTGGAACCTACATGCG-1_1_2","Leaf_primordium","Leaf_subsidiary_cell",FALSE
"GTGGACCAACCCGATT-1_1_2","Leaf_rim","Leaf_subsidiary_cell",FALSE
"GTGGTTTCCGCCTTTC-1_1_2","Vascular_tissue","Leaf_subsidiary_cell",FALSE
"GTTAGAGTGTGCCGCT-1_1_2","Leaf_primordium","Leaf_subsidiary_cell",FALSE
"GTTGAACCGGTTCCAT-1_1_2","Vascular_tissue","Leaf_subsidiary_cell",FALSE
"GTTGCGCTAACATTAC-1_1_2","Leaf_rim","Leaf_subsidiary_cell",FALSE
"TAAGTAACATCTTGAC-1_1_2","Bundle_sheath","Leaf_subsidiary_cell",FALSE
"TAATAGAACAGAGTTA-1_1_2","Bundle_sheath","Leaf_subsidiary_cell",FALSE
"TACCAGCTAGGTTTAA-1_1_2","Leaf_primordium","Leaf_primordium",TRUE
"TACCATGTATTGATTT-1_1_2","Leaf_rim","Pavement_cell_N",FALSE
"TACCTTAAGATTTCCC-1_1_2","Leaf_primordium","Bundle_sheath",FALSE
"TACGCCGCCTCAGAAG-1_1_2","Leaf_rim","Leaf_subsidiary_cell",FALSE
"TACGTTTACCGGCAAT-1_1_2","Pavement_cell_N","Leaf_primordium",FALSE
"TACTGTTTCTCTGGTA-1_1_2","Leaf_rim","Leaf_subsidiary_cell",FALSE
"TAGAGATCATGCAACT-1_1_2","Vascular_tissue","Bundle_sheath",FALSE
"TAGTCTAACAACGAGA-1_1_2","Leaf_rim","Bundle_sheath",FALSE
"TAGTTAAGATAGGATA-1_1_2","Leaf_rim","Leaf_subsidiary_cell",FALSE
"TATGATAAATCTAACG-1_1_2","Leaf_rim","Bundle_sheath",FALSE
"TATTCCTCCGCCCACT-1_1_2","Bundle_sheath","Leaf_subsidiary_cell",FALSE
"TATTTATACCGAGTAG-1_1_2","Leaf_primordium","Leaf_subsidiary_cell",FALSE
"TCAACGCAGGAAATAA-1_1_2","Vascular_tissue","Pavement_cell_N",FALSE
"TCATCCCAGAGGGTGG-1_1_2","Vascular_tissue","Leaf_subsidiary_cell",FALSE
"TCCATTGTGACCTCGT-1_1_2","Vascular_tissue","Leaf_subsidiary_cell",FALSE
"TCCCAAAGCCCTAAAT-1_1_2","Vascular_tissue","Leaf_subsidiary_cell",FALSE
"TCCTATCATAGGTAAC-1_1_2","Bundle_sheath","Leaf_subsidiary_cell",FALSE
"TCCTTCAGTGGTCGAA-1_1_2","Leaf_rim","Leaf_subsidiary_cell",FALSE
"TCGCCGAAGTTGCGTC-1_1_2","Shoot_apical_meristem","Leaf_subsidiary_cell",FALSE
"TCGGAATGACCATCAA-1_1_2","Leaf_primordium","Bundle_sheath",FALSE
"TCTCGACGTATCGCCG-1_1_2","Leaf_primordium","Bundle_sheath",FALSE
"TCTGGGTAGCGCTCAT-1_1_2","Leaf_primordium","Bundle_sheath",FALSE
"TCTGTTACCCAGCATA-1_1_2","Leaf_primordium","Bundle_sheath",FALSE
"TCTTTCTCTTAAGGAG-1_1_2","Leaf_rim","Bundle_sheath",FALSE
"TGAAACTTATGCAAGC-1_1_2","Shoot_apical_meristem","Leaf_subsidiary_cell",FALSE
"TGAGTGCCTCTTAAAT-1_1_2","Bundle_sheath","Leaf_subsidiary_cell",FALSE
"TGCCTAAATTTAATAG-1_1_2","Leaf_rim","Leaf_subsidiary_cell",FALSE
"TGCGACACCCTAGTGC-1_1_2","Leaf_primordium","Bundle_sheath",FALSE
"TGCGAGAATATTACCC-1_1_2","Leaf_rim","Bundle_sheath",FALSE
"TGCGCCGTTAATAACG-1_1_2","Bundle_sheath","Leaf_subsidiary_cell",FALSE
"TGCGGTGAAATTTCAT-1_1_2","Vascular_tissue","Pavement_cell_N",FALSE
"TGCGTAAGAACCTGAT-1_1_2","Leaf_rim","Bundle_sheath",FALSE
"TGGGCACGTTCTATGG-1_1_2","Leaf_rim","Leaf_subsidiary_cell",FALSE
"TGGGTAAGGTTCCCGC-1_1_2","Bundle_sheath","Leaf_subsidiary_cell",FALSE
"TGTGGCTCCCACCAAC-1_1_2","Bundle_sheath","Leaf_subsidiary_cell",FALSE
"TGTTGCCGTCGTCCCA-1_1_2","Leaf_rim","Leaf_subsidiary_cell",FALSE
"TTAACTTCAGGTAGGA-1_1_2","Leaf_primordium","Bundle_sheath",FALSE
"TTAATTTCAGACGCGG-1_1_2","Leaf_primordium","Leaf_subsidiary_cell",FALSE
"TTACTCTGGTACGTAC-1_1_2","Leaf_rim","Leaf_subsidiary_cell",FALSE
"TTAGGATGGGAGGGTA-1_1_2","Leaf_rim","Leaf_subsidiary_cell",FALSE
"TTCAAGCCGAGCTGAG-1_1_2","Shoot_apical_meristem","Leaf_subsidiary_cell",FALSE
"TTCAATTAGCCATAAT-1_1_2","Leaf_rim","Bundle_sheath",FALSE
"TTCCAATCTGGCTATC-1_1_2","Leaf_rim","Leaf_subsidiary_cell",FALSE
"TTCCGGTATCTGTGTC-1_1_2","Bundle_sheath","Leaf_subsidiary_cell",FALSE
"TTCGGTGGAGACGCCC-1_1_2","Leaf_rim","Leaf_subsidiary_cell",FALSE
"TTCGTAATCCCAGCGG-1_1_2","Leaf_primordium","Leaf_subsidiary_cell",FALSE
"TTGACATGAACGTGGA-1_1_2","Bundle_sheath","Leaf_subsidiary_cell",FALSE
"TTGAGCGCCACGTGAT-1_1_2","Leaf_rim","Leaf_subsidiary_cell",FALSE
"TTGAGTCCCGCTGCTG-1_1_2","Bundle_sheath","Leaf_subsidiary_cell",FALSE
"TTGATTAGCTGTTTCT-1_1_2","Shoot_apical_meristem","Leaf_subsidiary_cell",FALSE
"TTGCATGCTGATCACG-1_1_2","Pavement_cell_N","Bundle_sheath",FALSE
"TTGCCAAGCAGAACCC-1_1_2","Leaf_rim","Leaf_subsidiary_cell",FALSE
"TTGCGTCGGCCAACCG-1_1_2","Pavement_cell_N","Leaf_subsidiary_cell",FALSE
"TTGCTGGCCGGGCTTC-1_1_2","Shoot_apical_meristem","Leaf_subsidiary_cell",FALSE
"TTGGACATGTGGCTTA-1_1_2","Leaf_rim","Leaf_primordium",FALSE
"TTGGTTCGCTCAAAGG-1_1_2","Leaf_primordium","Leaf_subsidiary_cell",FALSE
"TTGTATCACACAGAAT-1_1_2","Shoot_apical_meristem","Leaf_subsidiary_cell",FALSE
"TTGTTTCCATACAACT-1_1_2","Leaf_rim","Bundle_sheath",FALSE
"AAACAAGTATCTCCCA-1_1_3","Bundle_sheath","Leaf_subsidiary_cell",FALSE
"AAATCTAGCCCTGCTA-1_1_3","Vascular_tissue","Leaf_subsidiary_cell",FALSE
"AACACACGCTCGCCGC-1_1_3","Bundle_sheath","Leaf_subsidiary_cell",FALSE
"AACAGCTGTGTGGCAA-1_1_3","Pavement_cell_N","Leaf_subsidiary_cell",FALSE
"AACTCTCAGTGTGCTC-1_1_3","Leaf_primordium","Leaf_subsidiary_cell",FALSE
"AAGAGATGAATCGGTA-1_1_3","Leaf_rim","Leaf_subsidiary_cell",FALSE
"AAGATGGCACCGGACC-1_1_3","Vascular_tissue","Leaf_subsidiary_cell",FALSE
"AAGCGTCCCTCATCGA-1_1_3","Shoot_apical_meristem","Leaf_subsidiary_cell",FALSE
"AAGTCAATTGTCGTCA-1_1_3","Leaf_rim","Leaf_subsidiary_cell",FALSE
"AAGTGCCTTGACTGTA-1_1_3","Bundle_sheath","Leaf_subsidiary_cell",FALSE
"AATATCGAATCAATGC-1_1_3","Bundle_sheath","Leaf_subsidiary_cell",FALSE
"AATGGTTCTCACAAGC-1_1_3","Pavement_cell_N","Leaf_subsidiary_cell",FALSE
"ACAACGGTCCCTGCGA-1_1_3","Shoot_apical_meristem","Leaf_subsidiary_cell",FALSE
"ACAATGAATACGGAGA-1_1_3","Leaf_rim","Leaf_subsidiary_cell",FALSE
"ACACCCGAGAAATCCG-1_1_3","Leaf_rim","Leaf_primordium",FALSE
"ACATCCTGGTAACTGT-1_1_3","Leaf_primordium","Leaf_subsidiary_cell",FALSE
"ACCAGTGCGGGAGACG-1_1_3","Vascular_tissue","Leaf_subsidiary_cell",FALSE
"ACCCACCTACATGCTC-1_1_3","Vascular_tissue","Leaf_subsidiary_cell",FALSE
"ACCCGAGCGAAATTAC-1_1_3","Bundle_sheath","Leaf_subsidiary_cell",FALSE
"ACCCTATGCCATATCG-1_1_3","Pavement_cell_N","Leaf_subsidiary_cell",FALSE
"ACCGCGGTGGAAGTCG-1_1_3","Bundle_sheath","Leaf_subsidiary_cell",FALSE
"ACCGGGCCTTTGTTGA-1_1_3","Bundle_sheath","Leaf_subsidiary_cell",FALSE
"AGACCATGGGATACAA-1_1_3","Pavement_cell_N","Leaf_subsidiary_cell",FALSE
"AGACGAAGTGCCGGTC-1_1_3","Bundle_sheath","Leaf_subsidiary_cell",FALSE
"AGAGCGTACAAGCTCG-1_1_3","Pavement_cell_N","Leaf_subsidiary_cell",FALSE
"AGAGGCTTCGGAAACC-1_1_3","Bundle_sheath","Leaf_subsidiary_cell",FALSE
"AGAGTAAACTTCACTA-1_1_3","Leaf_rim","Leaf_subsidiary_cell",FALSE
"AGCATATCAATATGCT-1_1_3","Leaf_primordium","Leaf_subsidiary_cell",FALSE
"AGGAGGCCTTCGCGCG-1_1_3","Leaf_primordium","Leaf_subsidiary_cell",FALSE
"AGGATATAGGGATTTA-1_1_3","Leaf_primordium","Leaf_subsidiary_cell",FALSE
"AGGCATTGTCGTAGGG-1_1_3","Bundle_sheath","Leaf_subsidiary_cell",FALSE
"AGTGCACGCTTAAGAA-1_1_3","Leaf_primordium","Leaf_subsidiary_cell",FALSE
"AGTGTGGTCTATTGTG-1_1_3","Leaf_primordium","Leaf_subsidiary_cell",FALSE
"AGTTTGGCACGGGTTG-1_1_3","Shoot_apical_meristem","Leaf_subsidiary_cell",FALSE
"ATAATAGTGTAGGGAC-1_1_3","Pavement_cell_N","Leaf_subsidiary_cell",FALSE
"ATATTGCTGTCAAAGT-1_1_3","Pavement_cell_N","Leaf_subsidiary_cell",FALSE
"ATGAGGAGTGTTAATC-1_1_3","Leaf_rim","Leaf_subsidiary_cell",FALSE
"ATGCTCAGTGTTGCAT-1_1_3","Bundle_sheath","Leaf_subsidiary_cell",FALSE
"ATGGGACCTGCTGAAC-1_1_3","Pavement_cell_N","Leaf_subsidiary_cell",FALSE
"ATTACATGTCAGTCTT-1_1_3","Bundle_sheath","Leaf_subsidiary_cell",FALSE
"ATTATTATGTCCGTCA-1_1_3","Pavement_cell_N","Leaf_subsidiary_cell",FALSE
"ATTCAGTAGCAGGGTC-1_1_3","Leaf_primordium","Leaf_subsidiary_cell",FALSE
"ATTCCCACATAAACAA-1_1_3","Leaf_primordium","Leaf_subsidiary_cell",FALSE
"ATTGCGATCAGTAACT-1_1_3","Bundle_sheath","Leaf_subsidiary_cell",FALSE
"CAAACTCGCGACGCCG-1_1_3","Leaf_rim","Leaf_subsidiary_cell",FALSE
"CAACGGTTCTTGATAC-1_1_3","Pavement_cell_N","Leaf_subsidiary_cell",FALSE
"CACACAGGGATAGATT-1_1_3","Leaf_primordium","Leaf_subsidiary_cell",FALSE
"CACATTTCTTGTCAGA-1_1_3","Leaf_rim","Leaf_subsidiary_cell",FALSE
"CACCCGGTTTGTGACT-1_1_3","Leaf_primordium","Leaf_subsidiary_cell",FALSE
"CACCGTATCCCATCCG-1_1_3","Leaf_primordium","Leaf_subsidiary_cell",FALSE
"CACCGTTAGGGATCAC-1_1_3","Leaf_rim","Leaf_subsidiary_cell",FALSE
"CACTTCGCCACAGGCT-1_1_3","Shoot_apical_meristem","Leaf_subsidiary_cell",FALSE
"CAGCAGTCCAGACTAT-1_1_3","Bundle_sheath","Leaf_subsidiary_cell",FALSE
"CAGGCGCACGGTGGTC-1_1_3","Leaf_primordium","Leaf_subsidiary_cell",FALSE
"CAGTAATCCCTCCCAG-1_1_3","Leaf_rim","Leaf_subsidiary_cell",FALSE
"CATAGCGTTGCCCACC-1_1_3","Leaf_primordium","Leaf_subsidiary_cell",FALSE
"CATCATTACCCTGAGG-1_1_3","Vascular_tissue","Leaf_subsidiary_cell",FALSE
"CCAGAGACAAAGCCGG-1_1_3","S_phase","Leaf_subsidiary_cell",FALSE
"CCATATGGAAACTATA-1_1_3","Leaf_primordium","Leaf_subsidiary_cell",FALSE
"CCCGAGTTTCTCCGTA-1_1_3","Bundle_sheath","Leaf_subsidiary_cell",FALSE
"CCCGTTTCGCAGATGT-1_1_3","Leaf_rim","Leaf_subsidiary_cell",FALSE
"CCCTCCTCGCTCGTAT-1_1_3","Bundle_sheath","Leaf_subsidiary_cell",FALSE
"CCGAAAGTGGTGAGCA-1_1_3","Leaf_primordium","Leaf_subsidiary_cell",FALSE
"CCGAAGTATATTGTTC-1_1_3","Leaf_primordium","Leaf_subsidiary_cell",FALSE
"CCGCACGTGACCTCGG-1_1_3","Leaf_primordium","Leaf_subsidiary_cell",FALSE
"CCTCACCAATCTTGAC-1_1_3","Leaf_primordium","Leaf_subsidiary_cell",FALSE
"CGAACAGTATGGGCGT-1_1_3","Bundle_sheath","Leaf_subsidiary_cell",FALSE
"CGAGCACTTCAAGTTT-1_1_3","Bundle_sheath","Leaf_subsidiary_cell",FALSE
"CGAGTGAAGGTACCAG-1_1_3","Leaf_primordium","Leaf_subsidiary_cell",FALSE
"CGCAATTACTTTCGGT-1_1_3","Leaf_rim","Leaf_subsidiary_cell",FALSE
"CGCAATTCTACAATAA-1_1_3","Leaf_primordium","Bundle_sheath",FALSE
"CGCTGTGTGGATGTTG-1_1_3","Leaf_primordium","Leaf_subsidiary_cell",FALSE
"CGGCTCTAAAGCTGCA-1_1_3","Leaf_primordium","Leaf_subsidiary_cell",FALSE
"CGGGAATATAGTATAC-1_1_3","Leaf_rim","Leaf_subsidiary_cell",FALSE
"CGGTGTACTTGATCCC-1_1_3","Leaf_rim","Leaf_subsidiary_cell",FALSE
"CGTGTCTCGTTACGAC-1_1_3","Leaf_rim","Leaf_subsidiary_cell",FALSE
"CTAATTTCAACAACAC-1_1_3","Pavement_cell_N","Leaf_subsidiary_cell",FALSE
"CTACAAGAAATAACCC-1_1_3","Leaf_primordium","Leaf_subsidiary_cell",FALSE
"CTACTCAAGGTATAGT-1_1_3","Leaf_primordium","Leaf_subsidiary_cell",FALSE
"CTATAGGCGTTGATGT-1_1_3","Leaf_primordium","Leaf_subsidiary_cell",FALSE
"CTCAGGACTCACCTGT-1_1_3","Vascular_tissue","Leaf_subsidiary_cell",FALSE
"CTCGGGTTCTCTGGCC-1_1_3","Bundle_sheath","Leaf_subsidiary_cell",FALSE
"CTCTTCTATTGACTGG-1_1_3","Bundle_sheath","Leaf_subsidiary_cell",FALSE
"CTGTATGGTGTAGAAA-1_1_3","Pavement_cell_N","Leaf_subsidiary_cell",FALSE
"CTGTTCATCTCACGGG-1_1_3","Leaf_rim","Leaf_subsidiary_cell",FALSE
"CTTCATAGCTCAAGAA-1_1_3","Leaf_rim","Leaf_subsidiary_cell",FALSE
"CTTCGGCCAATTGTTT-1_1_3","Leaf_rim","Leaf_subsidiary_cell",FALSE
"CTTGTTTATGTAGCCA-1_1_3","Vascular_tissue","Leaf_subsidiary_cell",FALSE
"GAAAGTGACTAACTGC-1_1_3","Leaf_rim","Leaf_subsidiary_cell",FALSE
"GAAGAAACGATATTGT-1_1_3","Bundle_sheath","Leaf_subsidiary_cell",FALSE
"GAATTTCTCGCTGCAG-1_1_3","Pavement_cell_N","Shoot_system_epidermis",FALSE
"GACACGAGTTAGAGGA-1_1_3","Leaf_rim","Leaf_subsidiary_cell",FALSE
"GAGCGCAAATACTCCG-1_1_3","Vascular_tissue","Leaf_subsidiary_cell",FALSE
"GAGCGCGCACGAGTAG-1_1_3","Bundle_sheath","Leaf_subsidiary_cell",FALSE
"GAGGAATGGAGAGGTT-1_1_3","G2_M_phase","Leaf_subsidiary_cell",FALSE
"GAGGTCCCAAAGATCT-1_1_3","Leaf_rim","Leaf_subsidiary_cell",FALSE
"GATCAACATAAAGGGA-1_1_3","Pavement_cell_N","Leaf_subsidiary_cell",FALSE
"GATCGCTACCCGATTT-1_1_3","Bundle_sheath","Leaf_subsidiary_cell",FALSE
"GATGACAAGTAGGGCA-1_1_3","Shoot_apical_meristem","Leaf_subsidiary_cell",FALSE
"GATGGCGCACACATTA-1_1_3","Bundle_sheath","Leaf_subsidiary_cell",FALSE
"GATGTTTGTGCGAGAT-1_1_3","Pavement_cell_N","Leaf_subsidiary_cell",FALSE
"GATTCCTATACGGCGC-1_1_3","Bundle_sheath","Leaf_subsidiary_cell",FALSE
"GCAACAGCAGTATGCG-1_1_3","Bundle_sheath","Leaf_subsidiary_cell",FALSE
"GCACGCCTACTTAGAT-1_1_3","Pavement_cell_N","Leaf_subsidiary_cell",FALSE
"GCATCGGCCGTGTAGG-1_1_3","Bundle_sheath","Leaf_subsidiary_cell",FALSE
"GCCCAGTTGGTATGCC-1_1_3","Leaf_rim","Leaf_subsidiary_cell",FALSE
"GCCGACCCACGACTGC-1_1_3","Bundle_sheath","Leaf_subsidiary_cell",FALSE
"GCCTATTCCGATATAG-1_1_3","Pavement_cell_N","Leaf_subsidiary_cell",FALSE
"GCGCAAATATATTCAA-1_1_3","Bundle_sheath","Leaf_subsidiary_cell",FALSE
"GCGCCTCCCACTCCGA-1_1_3","Vascular_tissue","Leaf_subsidiary_cell",FALSE
"GCGGCAAAGTATTGCC-1_1_3","Bundle_sheath","Leaf_subsidiary_cell",FALSE
"GCTAAACCTGAGGTGA-1_1_3","Leaf_primordium","Leaf_subsidiary_cell",FALSE
"GCTACTATAGTAGAGT-1_1_3","Leaf_primordium","Leaf_subsidiary_cell",FALSE
"GCTAGACCGTCTACTG-1_1_3","Leaf_primordium","Leaf_subsidiary_cell",FALSE
"GCTAGTTTCATTGAGG-1_1_3","Leaf_primordium","Leaf_subsidiary_cell",FALSE
"GCTATCGCGGCGCAAC-1_1_3","Vascular_tissue","Leaf_subsidiary_cell",FALSE
"GCTCAATCCGTTTATT-1_1_3","Leaf_rim","Leaf_subsidiary_cell",FALSE
"GCTCCCAGTCGGTCCA-1_1_3","Bundle_sheath","Leaf_subsidiary_cell",FALSE
"GCTTGATGATAATCAG-1_1_3","Leaf_rim","Leaf_subsidiary_cell",FALSE
"GGACCTCTAGGCCGCC-1_1_3","Bundle_sheath","Leaf_subsidiary_cell",FALSE
"GGATTCAGTACGGTGG-1_1_3","Bundle_sheath","Leaf_subsidiary_cell",FALSE
"GGCAGCAAACCTATGC-1_1_3","Bundle_sheath","Leaf_subsidiary_cell",FALSE
"GGCCGAGACTCTGGTG-1_1_3","Pavement_cell_N","Leaf_subsidiary_cell",FALSE
"GGCTCGTGCCACCAGC-1_1_3","Vascular_tissue","Leaf_subsidiary_cell",FALSE
"GGGTATGTATGCACTT-1_1_3","Leaf_primordium","Leaf_subsidiary_cell",FALSE
"GGTAACCGGGAGGATA-1_1_3","Bundle_sheath","Leaf_subsidiary_cell",FALSE
"GGTGAGATGCAGATAA-1_1_3","Leaf_primordium","Leaf_subsidiary_cell",FALSE
"GGTTAGTTACGGCGCC-1_1_3","Pavement_cell_N","Leaf_subsidiary_cell",FALSE
"GTACTTGGGCACTTCT-1_1_3","Leaf_primordium","Leaf_subsidiary_cell",FALSE
"GTATCAGCTTGGGTTC-1_1_3","Vascular_tissue","Leaf_subsidiary_cell",FALSE
"GTATTAAGGCGTCTAA-1_1_3","Pavement_cell_N","Leaf_subsidiary_cell",FALSE
"GTCACTCTCCAAATCT-1_1_3","Shoot_apical_meristem","Leaf_subsidiary_cell",FALSE
"GTCCATTACTGCTACG-1_1_3","Bundle_sheath","Leaf_subsidiary_cell",FALSE
"GTGATCACTAACGCCT-1_1_3","Bundle_sheath","Leaf_subsidiary_cell",FALSE
"GTGGTATAGTCTGCCG-1_1_3","Pavement_cell_N","Leaf_subsidiary_cell",FALSE
"TAAACCCAGGAGGGCA-1_1_3","Pavement_cell_N","Leaf_subsidiary_cell",FALSE
"TAAATGAATCCGTTTC-1_1_3","Pavement_cell_N","Leaf_subsidiary_cell",FALSE
"TAACAAAGGGAGAAGC-1_1_3","Leaf_rim","Leaf_subsidiary_cell",FALSE
"TAACGCTTTGAGAGCG-1_1_3","Leaf_primordium","Leaf_subsidiary_cell",FALSE
"TAACTCCATGGAGGCT-1_1_3","Pavement_cell_N","Leaf_subsidiary_cell",FALSE
"TAAGGCTGAATCCCTC-1_1_3","Bundle_sheath","Leaf_subsidiary_cell",FALSE
"TAAGTTGCGACGTAGG-1_1_3","Bundle_sheath","Leaf_subsidiary_cell",FALSE
"TAATTAGGACATCCGT-1_1_3","Leaf_primordium","Leaf_subsidiary_cell",FALSE
"TACTGAACAGATTTAG-1_1_3","Leaf_primordium","Leaf_subsidiary_cell",FALSE
"TAGCAACCTGTCACAA-1_1_3","Leaf_rim","Leaf_subsidiary_cell",FALSE
"TAGCGTCCCTCGATTG-1_1_3","Bundle_sheath","Leaf_epidermis",FALSE
"TAGTCGATCACGGGTT-1_1_3","Leaf_rim","Leaf_subsidiary_cell",FALSE
"TATATATCGAGAAATG-1_1_3","Bundle_sheath","Leaf_subsidiary_cell",FALSE
"TCAACATAGCGCCCTA-1_1_3","Vascular_tissue","Leaf_subsidiary_cell",FALSE
"TCAGCAGTAGGCCCTG-1_1_3","Vascular_tissue","Leaf_subsidiary_cell",FALSE
"TCAGTACTGACCCGCG-1_1_3","Leaf_rim","Leaf_subsidiary_cell",FALSE
"TCATACTTACAGATCC-1_1_3","Leaf_primordium","Leaf_subsidiary_cell",FALSE
"TCATCACTCGAGCTCG-1_1_3","Leaf_primordium","Leaf_subsidiary_cell",FALSE
"TCCGCGGCCCAATGAA-1_1_3","Leaf_primordium","Leaf_subsidiary_cell",FALSE
"TCCTCTACGAGATGGC-1_1_3","Leaf_primordium","Bundle_sheath",FALSE
"TCCTTACGACGGTCCG-1_1_3","Bundle_sheath","Leaf_subsidiary_cell",FALSE
"TCGAGCCAGGCAGGCC-1_1_3","Bundle_sheath","Leaf_subsidiary_cell",FALSE
"TCGTCAAGTACGCGCA-1_1_3","Pavement_cell_N","Leaf_subsidiary_cell",FALSE
"TCTAGTGATATCGTGG-1_1_3","Bundle_sheath","Leaf_subsidiary_cell",FALSE
"TCTGAACCGGTCGGCT-1_1_3","Leaf_rim","Leaf_subsidiary_cell",FALSE
"TCTGAACTCGTACCCG-1_1_3","Leaf_primordium","Leaf_subsidiary_cell",FALSE
"TCTTACGGCATCCGAC-1_1_3","Vascular_tissue","Leaf_subsidiary_cell",FALSE
"TCTTAGAGTGAACTCT-1_1_3","Leaf_rim","Leaf_subsidiary_cell",FALSE
"TCTTCTATAACCCGCC-1_1_3","Bundle_sheath","Leaf_subsidiary_cell",FALSE
"TGATACATTTAGCCGT-1_1_3","Leaf_primordium","Leaf_subsidiary_cell",FALSE
"TGATTTCCTCCTGACG-1_1_3","Leaf_primordium","Leaf_subsidiary_cell",FALSE
"TGCCGGATGTACGAGC-1_1_3","Leaf_primordium","Leaf_subsidiary_cell",FALSE
"TGCGACGGCCGAACGT-1_1_3","Leaf_rim","Leaf_subsidiary_cell",FALSE
"TGGGCAATAGTTGGGT-1_1_3","Leaf_rim","Leaf_subsidiary_cell",FALSE
"TGGTAGAATATATGGG-1_1_3","Bundle_sheath","Leaf_subsidiary_cell",FALSE
"TGTGCCGGTGCCGGAA-1_1_3","Leaf_primordium","Leaf_subsidiary_cell",FALSE
"TGTGTCGCGAGTTGCA-1_1_3","Vascular_tissue","Leaf_subsidiary_cell",FALSE
"TTAACACCTCGAACAT-1_1_3","Leaf_primordium","Leaf_subsidiary_cell",FALSE
"TTACATCGTGGCCTGG-1_1_3","Pavement_cell_N","Leaf_subsidiary_cell",FALSE
"TTACCCTAACAGTCCT-1_1_3","Leaf_rim","Leaf_subsidiary_cell",FALSE
"TTAGGTCATAACCGAC-1_1_3","Leaf_rim","Leaf_subsidiary_cell",FALSE
"TTCCGGCCTTGAGGCT-1_1_3","Vascular_tissue","Leaf_subsidiary_cell",FALSE
"TTCGGGCGCTAGTCTT-1_1_3","Leaf_rim","Leaf_subsidiary_cell",FALSE
"TTCTACTTGCGAGGGC-1_1_3","Shoot_apical_meristem","Leaf_subsidiary_cell",FALSE
"TTCTTAGTGAACGGTG-1_1_3","Pavement_cell_N","Leaf_subsidiary_cell",FALSE
"TTCTTATCCGCTGGGT-1_1_3","Bundle_sheath","Leaf_subsidiary_cell",FALSE
"TTCTTGTAACCTAATG-1_1_3","Leaf_rim","Leaf_subsidiary_cell",FALSE
"TTGACAGGAGCTCCCG-1_1_3","Leaf_rim","Leaf_subsidiary_cell",FALSE
"TTGACTATTGTCCGGC-1_1_3","Leaf_rim","Leaf_subsidiary_cell",FALSE
"TTGATTATGCAGATGA-1_1_3","Leaf_rim","Leaf_subsidiary_cell",FALSE
"TTGGCTCGCATGAGAC-1_1_3","Leaf_primordium","Leaf_subsidiary_cell",FALSE
"TTGTTTCATTAGTCTA-1_1_3","Vascular_tissue","Leaf_subsidiary_cell",FALSE
"AAACACCAATAACTGC-1_1_4","Leaf_primordium","Leaf_subsidiary_cell",FALSE
"AAAGGCCCTATAATAC-1_1_4","Shoot_system_epidermis","Leaf_primordium",FALSE
"AAAGGGCAGCTTGAAT-1_1_4","Pavement_cell_N","Leaf_subsidiary_cell",FALSE
"AAAGTAGCATTGCTCA-1_1_4","Vascular_tissue","Vascular_tissue",TRUE
"AAATAAGGTAGTGCCC-1_1_4","Leaf_primordium","Leaf_primordium",TRUE
"AACAACTGGTAGTTGC-1_1_4","Shoot_system_epidermis","Bundle_sheath",FALSE
"AACAATACATTGTCGA-1_1_4","Pavement_cell_N","Leaf_subsidiary_cell",FALSE
"AACAATTACTCTACGC-1_1_4","Pavement_cell_N","Leaf_subsidiary_cell",FALSE
"AACACACGCTCGCCGC-1_1_4","Leaf_rim","Shoot_system_epidermis",FALSE
"AACAGCTGTGTGGCAA-1_1_4","Bundle_sheath","Leaf_subsidiary_cell",FALSE
"AACAGGATGGGCCGCG-1_1_4","Pavement_cell_N","Leaf_subsidiary_cell",FALSE
"AACAGGTAGTATGGAT-1_1_4","Leaf_primordium","Leaf_primordium",TRUE
"AACATATCAACTGGTG-1_1_4","Leaf_rim","Leaf_primordium",FALSE
"AACATCGATACGTCTA-1_1_4","Leaf_primordium","Leaf_subsidiary_cell",FALSE
"AACGCATGATCTGGGT-1_1_4","Pavement_cell_N","Leaf_subsidiary_cell",FALSE
"AACGCTGTTGCTGAAA-1_1_4","Pavement_cell_N","S_phase",FALSE
"AACGTCAGACTAGTGG-1_1_4","Leaf_primordium","Bundle_sheath",FALSE
"AACTCCAGAGCGTGTT-1_1_4","Leaf_primordium","Leaf_primordium",TRUE
"AACTCTCAGTGTGCTC-1_1_4","Shoot_system_epidermis","Shoot_system_epidermis",TRUE
"AACTTGCCCGTATGCA-1_1_4","S_phase","Leaf_subsidiary_cell",FALSE
"AAGAGGCCCTTTGGAA-1_1_4","Leaf_rim","Leaf_subsidiary_cell",FALSE
"AAGATGGCACCGGACC-1_1_4","S_phase","Leaf_subsidiary_cell",FALSE
"AAGCCGAAGCGGTTTA-1_1_4","Leaf_primordium","Bundle_sheath",FALSE
"AAGCCGCCGTGAAATC-1_1_4","Leaf_primordium","Leaf_subsidiary_cell",FALSE
"AAGGCGCGTAAAGCTT-1_1_4","Leaf_primordium","Leaf_primordium",TRUE
"AAGGGAACGACTGGCT-1_1_4","Leaf_primordium","Leaf_subsidiary_cell",FALSE
"AAGGGACTATGCATTC-1_1_4","Leaf_rim","Leaf_subsidiary_cell",FALSE
"AATAACACTAGAACAA-1_1_4","S_phase","S_phase",TRUE
"AATACCGGAGGGCTGT-1_1_4","Bundle_sheath","Leaf_subsidiary_cell",FALSE
"AATATCGAATCAATGC-1_1_4","Leaf_primordium","Leaf_primordium",TRUE
"AATATCGAGGGTTCTC-1_1_4","Leaf_rim","Leaf_primordium",FALSE
"AATCATGTAAAGACTC-1_1_4","Pavement_cell_N","Leaf_subsidiary_cell",FALSE
"AATGATGCGACTCCTG-1_1_4","Pavement_cell_N","Leaf_primordium",FALSE
"AATGTGCCCGAGGTGT-1_1_4","Leaf_primordium","Leaf_primordium",TRUE
"AATGTGCTAATCTGAG-1_1_4","Leaf_rim","Leaf_subsidiary_cell",FALSE
"AATTGCAGCAATCGAC-1_1_4","Leaf_primordium","Mesophyll",FALSE
"ACAAAGCATGACCTAG-1_1_4","Leaf_primordium","Leaf_subsidiary_cell",FALSE
"ACAACGGTCCCTGCGA-1_1_4","Pavement_cell_N","Leaf_subsidiary_cell",FALSE
"ACAAGCAGTGCCTAGC-1_1_4","Bundle_sheath","Bundle_sheath",TRUE
"ACAAGGACAAGAGGTT-1_1_4","Leaf_rim","Leaf_subsidiary_cell",FALSE
"ACAATGAATACGGAGA-1_1_4","Vascular_tissue","Leaf_subsidiary_cell",FALSE
"ACAATTGTGTCTCTTT-1_1_4","Pavement_cell_N","Shoot_system_epidermis",FALSE
"ACACCCGAGAAATCCG-1_1_4","Leaf_primordium","Leaf_primordium",TRUE
"ACACCTTAAGTAGGGC-1_1_4","Vascular_tissue","Bundle_sheath",FALSE
"ACACGTAGGCCACAAG-1_1_4","Vascular_tissue","Pavement_cell_N",FALSE
"ACAGAACTGAGAACAA-1_1_4","Leaf_primordium","Bundle_sheath",FALSE
"ACCAAACACCCAGCGA-1_1_4","Leaf_primordium","Leaf_subsidiary_cell",FALSE
"ACCAACACCACACACT-1_1_4","Leaf_rim","Pavement_cell_N",FALSE
"ACCCACCTACATGCTC-1_1_4","S_phase","Leaf_subsidiary_cell",FALSE
"ACCCATTTGTCCCTCT-1_1_4","Leaf_primordium","Leaf_subsidiary_cell",FALSE
"ACCCGAGCGAAATTAC-1_1_4","Pavement_cell_N","Leaf_subsidiary_cell",FALSE
"ACCCTATGCCATATCG-1_1_4","Mesophyll","Leaf_subsidiary_cell",FALSE
"ACCCTGGTAACGCCCT-1_1_4","Pavement_cell_N","S_phase",FALSE
"ACCGATAGGCATAACC-1_1_4","Leaf_primordium","Leaf_subsidiary_cell",FALSE
"ACCGATATTTAATCAT-1_1_4","Leaf_primordium","Leaf_subsidiary_cell",FALSE
"ACCGTGACCACGTGGG-1_1_4","Bundle_sheath","Leaf_subsidiary_cell",FALSE
"ACCTAATCGACTTCCT-1_1_4","Leaf_primordium","Bundle_sheath",FALSE
"ACCTCCGCCCTCGCTG-1_1_4","S_phase","Leaf_subsidiary_cell",FALSE
"ACGAAATGGGCGGCAC-1_1_4","Leaf_primordium","Bundle_sheath",FALSE
"ACGAGTACGGATGCCC-1_1_4","Leaf_primordium","Leaf_primordium",TRUE
"ACGCAATCACTACAGC-1_1_4","Pavement_cell_N","Leaf_subsidiary_cell",FALSE
"ACGCTAGTGATACACT-1_1_4","Leaf_primordium","Leaf_primordium",TRUE
"ACGGAGCGCAAATTAC-1_1_4","Pavement_cell_N","Leaf_subsidiary_cell",FALSE
"ACGGGCGTATGCGACA-1_1_4","Leaf_primordium","Leaf_primordium",TRUE
"ACGTTCGTTCAGGAAA-1_1_4","Leaf_rim","Bundle_sheath",FALSE
"ACTAGTTGCGATCGTC-1_1_4","Leaf_rim","S_phase",FALSE
"ACTATCTGCCCGCGTA-1_1_4","Leaf_rim","Leaf_subsidiary_cell",FALSE
"ACTATGTCCAGCTGCC-1_1_4","Leaf_primordium","Leaf_subsidiary_cell",FALSE
"ACTATTTCCGGGCCCA-1_1_4","Leaf_rim","Leaf_subsidiary_cell",FALSE
"ACTCCAATATCATCAT-1_1_4","Vascular_tissue","Leaf_subsidiary_cell",FALSE
"ACTCCCGAATTCGTTT-1_1_4","Leaf_primordium","Leaf_primordium",TRUE
"ACTGAAACGCCGTTAG-1_1_4","Pavement_cell_N","S_phase",FALSE
"ACTGCCCGCCATTCTC-1_1_4","Leaf_rim","Leaf_subsidiary_cell",FALSE
"ACTGTAGCACTTTGGA-1_1_4","Leaf_primordium","Leaf_primordium",TRUE
"ACTTTGTCGACGCACT-1_1_4","Leaf_rim","Leaf_subsidiary_cell",FALSE
"AGACCATGGGATACAA-1_1_4","Vascular_tissue","Pavement_cell_N",FALSE
"AGACCGCTCCGCGGTT-1_1_4","Leaf_rim","Leaf_subsidiary_cell",FALSE
"AGACTGTTACCGGGTC-1_1_4","Vascular_tissue","Leaf_subsidiary_cell",FALSE
"AGAGAAACACCAGAAA-1_1_4","Pavement_cell_N","Leaf_subsidiary_cell",FALSE
"AGAGAAGGAGTACAAT-1_1_4","Leaf_rim","Leaf_subsidiary_cell",FALSE
"AGAGCAGTTATGAGAC-1_1_4","Bundle_sheath","Leaf_subsidiary_cell",FALSE
"AGAGCGTACAAGCTCG-1_1_4","Bundle_sheath","Leaf_subsidiary_cell",FALSE
"AGAGGCTTCGGAAACC-1_1_4","Bundle_sheath","Leaf_subsidiary_cell",FALSE
"AGAGTAAACTTCACTA-1_1_4","Leaf_primordium","Leaf_primordium",TRUE
"AGATCGTGCATAAGAT-1_1_4","Leaf_primordium","Bundle_sheath",FALSE
"AGATGCAAGACGTGCA-1_1_4","Leaf_primordium","Leaf_primordium",TRUE
"AGCAACCGAAAGTAAT-1_1_4","Leaf_primordium","Leaf_primordium",TRUE
"AGCACTTAAGGACGCC-1_1_4","Leaf_primordium","Bundle_sheath",FALSE
"AGCATATCAATATGCT-1_1_4","Mesophyll","S_phase",FALSE
"AGCCCGGCATTAGAGG-1_1_4","Bundle_sheath","Leaf_subsidiary_cell",FALSE
"AGCCCTCCCTGGTGGC-1_1_4","Leaf_primordium","Leaf_subsidiary_cell",FALSE
"AGCCCTTCTAATCCGA-1_1_4","Leaf_primordium","Leaf_primordium",TRUE
"AGCCCTTGGACATCCC-1_1_4","Leaf_primordium","Leaf_subsidiary_cell",FALSE
"AGCGACAGGAACGGTC-1_1_4","Pavement_cell_N","Shoot_system_epidermis",FALSE
"AGCGATGCGCCTAATA-1_1_4","Leaf_primordium","Leaf_subsidiary_cell",FALSE
"AGCGGTTGCCGCTCTG-1_1_4","Leaf_primordium","Bundle_sheath",FALSE
"AGCTAACAAGCAATGT-1_1_4","Bundle_sheath","Leaf_subsidiary_cell",FALSE
"AGCTAGAAGCAGAAGT-1_1_4","Leaf_rim","Bundle_sheath",FALSE
"AGCTCCATATATGTTC-1_1_4","Bundle_sheath","Leaf_subsidiary_cell",FALSE
"AGCTGTAACCTCAATC-1_1_4","Vascular_tissue","Leaf_subsidiary_cell",FALSE
"AGGAGGCCTTCGCGCG-1_1_4","Leaf_primordium","Leaf_primordium",TRUE
"AGGCACGTGACTGTCC-1_1_4","Leaf_rim","Leaf_subsidiary_cell",FALSE
"AGGCATTGTCGTAGGG-1_1_4","Leaf_primordium","Leaf_primordium",TRUE
"AGGCCACCCGTTATGA-1_1_4","Leaf_rim","Leaf_subsidiary_cell",FALSE
"AGGCGGTTTGTCCCGC-1_1_4","Shoot_system_epidermis","Mesophyll",FALSE
"AGGCGTCTATGGACGG-1_1_4","Leaf_primordium","Leaf_subsidiary_cell",FALSE
"AGGCTATGGTTAGCTT-1_1_4","Bundle_sheath","Leaf_subsidiary_cell",FALSE
"AGGGAGACATACTTCG-1_1_4","Leaf_primordium","Leaf_primordium",TRUE
"AGGGTGCCGTTCTTTA-1_1_4","Bundle_sheath","Leaf_subsidiary_cell",FALSE
"AGGTAGATCGAGATAT-1_1_4","Vascular_tissue","Leaf_subsidiary_cell",FALSE
"AGGTCGCGGAGTTACT-1_1_4","Pavement_cell_N","Leaf_subsidiary_cell",FALSE
"AGTACATCATTTATCA-1_1_4","Vascular_tissue","Leaf_subsidiary_cell",FALSE
"AGTATAATACTAGGCA-1_1_4","Leaf_primordium","Pavement_cell_N",FALSE
"AGTATGCTGGAGACCA-1_1_4","Vascular_tissue","Leaf_subsidiary_cell",FALSE
"AGTCAAATGATGTGAT-1_1_4","Leaf_primordium","Leaf_subsidiary_cell",FALSE
"AGTCGGCCCAAACGAC-1_1_4","Vascular_tissue","Pavement_cell_N",FALSE
"AGTCGTCGACCACCAA-1_1_4","Pavement_cell_N","S_phase",FALSE
"AGTCGTGGGCATTACG-1_1_4","Pavement_cell_N","Bundle_sheath",FALSE
"AGTCTAAAGTATACTC-1_1_4","Leaf_primordium","Leaf_primordium",TRUE
"AGTCTCACAAGACTAC-1_1_4","Leaf_primordium","Leaf_primordium",TRUE
"AGTGACTGTGACACAA-1_1_4","Leaf_primordium","Bundle_sheath",FALSE
"AGTGAGCCTCGCCGCC-1_1_4","Leaf_rim","Leaf_primordium",FALSE
"AGTGCACGCTTAAGAA-1_1_4","Pavement_cell_N","Shoot_system_epidermis",FALSE
"AGTGTGGTCTATTGTG-1_1_4","Pavement_cell_N","Leaf_subsidiary_cell",FALSE
"AGTTAAGTCAACCGCT-1_1_4","Leaf_primordium","Leaf_primordium",TRUE
"AGTTACCGCACATGGT-1_1_4","Leaf_primordium","Leaf_subsidiary_cell",FALSE
"AGTTTGGCACGGGTTG-1_1_4","Leaf_primordium","Leaf_subsidiary_cell",FALSE
"ATAAACGTTGCACCAC-1_1_4","Bundle_sheath","Leaf_subsidiary_cell",FALSE
"ATAAGTAGGATTCAGA-1_1_4","Leaf_primordium","Leaf_primordium",TRUE
"ATAATAGTGTAGGGAC-1_1_4","Leaf_rim","Leaf_primordium",FALSE
"ATACGGAACGTCGTTT-1_1_4","Leaf_primordium","Leaf_subsidiary_cell",FALSE
"ATACTACCCGTACCAC-1_1_4","Leaf_rim","Leaf_subsidiary_cell",FALSE
"ATAGCAACTAGGGAAG-1_1_4","Leaf_primordium","Leaf_subsidiary_cell",FALSE
"ATAGGCTAGCTTCGCA-1_1_4","Leaf_rim","Bundle_sheath",FALSE
"ATATCGTTCCTCGAAC-1_1_4","Leaf_primordium","Leaf_primordium",TRUE
"ATATTGCTGTCAAAGT-1_1_4","Shoot_system_epidermis","Shoot_system_epidermis",TRUE
"ATCAATGCCGTGGCTG-1_1_4","Bundle_sheath","Leaf_subsidiary_cell",FALSE
"ATCATAGCCCTATGTA-1_1_4","Bundle_sheath","Leaf_subsidiary_cell",FALSE
"ATCCAACGCAGTCATA-1_1_4","S_phase","S_phase",TRUE
"ATCGCTGCGTGCAGCA-1_1_4","Pavement_cell_N","Leaf_subsidiary_cell",FALSE
"ATCGTTAGCTAGCGGA-1_1_4","Pavement_cell_N","Leaf_subsidiary_cell",FALSE
"ATCTCCCACGGAATAT-1_1_4","Leaf_rim","Leaf_subsidiary_cell",FALSE
"ATCTGACATGGAAGGA-1_1_4","Leaf_rim","Leaf_subsidiary_cell",FALSE
"ATCTGCACCTCTGCGA-1_1_4","Leaf_primordium","Leaf_primordium",TRUE
"ATCTTATCGCACACCC-1_1_4","Vascular_tissue","Leaf_subsidiary_cell",FALSE
"ATCTTGACCTGCAACG-1_1_4","Bundle_sheath","Bundle_sheath",TRUE
"ATCTTGACTTGTCCAA-1_1_4","Leaf_primordium","Leaf_primordium",TRUE
"ATCTTTCGTATAACCA-1_1_4","Leaf_primordium","Mesophyll",FALSE
"ATGACGCGTTCTATCC-1_1_4","Leaf_primordium","Bundle_sheath",FALSE
"ATGACTATCAGCTGTG-1_1_4","Vascular_tissue","Pavement_cell_N",FALSE
"ATGCGAGTCCCACCAC-1_1_4","Leaf_rim","Leaf_primordium",FALSE
"ATGCTTAGGAGTTGAT-1_1_4","Vascular_tissue","Leaf_subsidiary_cell",FALSE
"ATGGGACCTGCTGAAC-1_1_4","Bundle_sheath","Leaf_subsidiary_cell",FALSE
"ATGTAAGGCTGCTCTT-1_1_4","Leaf_primordium","Leaf_primordium",TRUE
"ATTACATGTCAGTCTT-1_1_4","Leaf_primordium","Leaf_primordium",TRUE
"ATTACTTACTGGGCAT-1_1_4","Leaf_rim","Leaf_primordium",FALSE
"ATTAGATTCCTCAGCA-1_1_4","Pavement_cell_N","Shoot_system_epidermis",FALSE
"ATTATTATGTCCGTCA-1_1_4","Leaf_rim","Leaf_subsidiary_cell",FALSE
"ATTCAACCATTTAAGG-1_1_4","Pavement_cell_N","Leaf_subsidiary_cell",FALSE
"ATTCAGGACCTATTTC-1_1_4","Leaf_primordium","Leaf_primordium",TRUE
"ATTCAGTAGCAGGGTC-1_1_4","Leaf_rim","Leaf_subsidiary_cell",FALSE
"ATTCCCACATAAACAA-1_1_4","Leaf_primordium","Leaf_subsidiary_cell",FALSE
"ATTCCTAAGACGTGGA-1_1_4","Pavement_cell_N","Shoot_system_epidermis",FALSE
"ATTCCTCCGCCAGTGC-1_1_4","Leaf_primordium","Leaf_primordium",TRUE
"ATTGACCGGCGATGAC-1_1_4","Pavement_cell_N","Leaf_subsidiary_cell",FALSE
"ATTGCCTATTAGACCG-1_1_4","Leaf_primordium","Leaf_subsidiary_cell",FALSE
"ATTGCGATCAGTAACT-1_1_4","Pavement_cell_N","Shoot_system_epidermis",FALSE
"ATTGGATTACAGCGTA-1_1_4","Pavement_cell_N","Leaf_subsidiary_cell",FALSE
"ATTTACAGTTTACTGG-1_1_4","Leaf_primordium","Bundle_sheath",FALSE
"ATTTACTAAGTCCATT-1_1_4","Leaf_primordium","Leaf_primordium",TRUE
"ATTTCCGGGTTCTGCG-1_1_4","Leaf_primordium","Leaf_primordium",TRUE
"CAACCAGTGGCCTACC-1_1_4","Leaf_primordium","Leaf_subsidiary_cell",FALSE
"CAACCTACCGAGCAGT-1_1_4","Leaf_primordium","Leaf_subsidiary_cell",FALSE
"CAACGGTTCTTGATAC-1_1_4","Vascular_tissue","Vascular_tissue",TRUE
"CAATATTCTTGACCTA-1_1_4","Leaf_primordium","Bundle_sheath",FALSE
"CACACACGCTAACGAG-1_1_4","Leaf_rim","Leaf_subsidiary_cell",FALSE
"CACACAGGGATAGATT-1_1_4","Bundle_sheath","Leaf_subsidiary_cell",FALSE
"CACAGAGACGAGGACG-1_1_4","Leaf_primordium","Leaf_subsidiary_cell",FALSE
"CACAGTCCCGCTTCGC-1_1_4","Bundle_sheath","Leaf_subsidiary_cell",FALSE
"CACAGTTCGCTTCCCA-1_1_4","Leaf_rim","Leaf_subsidiary_cell",FALSE
"CACATCGTGCACGCGC-1_1_4","Vascular_tissue","Leaf_subsidiary_cell",FALSE
"CACCAGTCAGCATGCA-1_1_4","Bundle_sheath","Leaf_subsidiary_cell",FALSE
"CACCCGGTTTGTGACT-1_1_4","Shoot_system_epidermis","Shoot_system_epidermis",TRUE
"CACCGCGTCCACTCTA-1_1_4","Leaf_primordium","Leaf_primordium",TRUE
"CACCGTTAGGGATCAC-1_1_4","Leaf_primordium","Leaf_primordium",TRUE
"CACCTAATAGAGTCGT-1_1_4","Leaf_primordium","Leaf_primordium",TRUE
"CACGTCAATCAATGGA-1_1_4","Leaf_primordium","Leaf_subsidiary_cell",FALSE
"CACGTTTCGTACACAC-1_1_4","Pavement_cell_N","Shoot_system_epidermis",FALSE
"CACTACGGGAGCTGCC-1_1_4","Vascular_tissue","Leaf_subsidiary_cell",FALSE
"CACTCCTATGTAAGAT-1_1_4","Pavement_cell_N","Leaf_subsidiary_cell",FALSE
"CACTCTTCTGCTAGCC-1_1_4","Leaf_rim","Leaf_subsidiary_cell",FALSE
"CAGAATAACACACGGA-1_1_4","Vascular_tissue","Pavement_cell_N",FALSE
"CAGATCATTTAAAGTC-1_1_4","Pavement_cell_N","Leaf_subsidiary_cell",FALSE
"CAGGCGCACGGTGGTC-1_1_4","Pavement_cell_N","Bundle_sheath",FALSE
"CAGTAACTATTTATTG-1_1_4","Leaf_rim","Bundle_sheath",FALSE
"CAGTAATCCCTCCCAG-1_1_4","Vascular_tissue","Leaf_subsidiary_cell",FALSE
"CAGTACATTCTCTAAA-1_1_4","Leaf_rim","Bundle_sheath",FALSE
"CAGTCGAGGATGCAAT-1_1_4","Pavement_cell_N","Shoot_system_epidermis",FALSE
"CAGTGTCGGCTGGCCC-1_1_4","Leaf_rim","Leaf_primordium",FALSE
"CAGTTCCGCGGGTCGA-1_1_4","Bundle_sheath","Leaf_subsidiary_cell",FALSE
"CATACGAACTAGCTGG-1_1_4","Bundle_sheath","Leaf_subsidiary_cell",FALSE
"CATAGCCGCCCGGGAT-1_1_4","S_phase","Leaf_subsidiary_cell",FALSE
"CATAGCGTTGCCCACC-1_1_4","Vascular_tissue","Vascular_tissue",TRUE
"CATATACTACTGATAA-1_1_4","Leaf_primordium","Leaf_primordium",TRUE
"CATCATTACCCTGAGG-1_1_4","Leaf_rim","Leaf_primordium",FALSE
"CATCCTCTCAAAGATC-1_1_4","Pavement_cell_N","Shoot_system_epidermis",FALSE
"CATCTATCCCGTGTCT-1_1_4","Leaf_primordium","Bundle_sheath",FALSE
"CATGCGACCAGTTTAA-1_1_4","Leaf_rim","Leaf_primordium",FALSE
"CATGTAAGAGACATTT-1_1_4","Leaf_rim","S_phase",FALSE
"CATGTAGGAGCGCCAA-1_1_4","Leaf_primordium","Leaf_primordium",TRUE
"CATTACATAGATTGTG-1_1_4","Leaf_primordium","Leaf_primordium",TRUE
"CATTATCCCATTAACG-1_1_4","Bundle_sheath","Leaf_subsidiary_cell",FALSE
"CATTGATGAACACGCC-1_1_4","Leaf_primordium","Leaf_primordium",TRUE
"CATTGCGGGTCAATTC-1_1_4","Pavement_cell_N","Shoot_system_epidermis",FALSE
"CCAACGATGCACTGAT-1_1_4","Leaf_primordium","Bundle_sheath",FALSE
"CCACATACTGCACCCA-1_1_4","Leaf_primordium","Leaf_subsidiary_cell",FALSE
"CCACTATCCGGGTCAC-1_1_4","Leaf_primordium","Leaf_primordium",TRUE
"CCACTGTTTGGATTAA-1_1_4","S_phase","Leaf_subsidiary_cell",FALSE
"CCAGAAAGCAACTCAT-1_1_4","Pavement_cell_N","Shoot_system_epidermis",FALSE
"CCAGAGACAAAGCCGG-1_1_4","Leaf_rim","Leaf_subsidiary_cell",FALSE
"CCAGCTTCCGCCCGCA-1_1_4","Leaf_primordium","Leaf_subsidiary_cell",FALSE
"CCATACCTTTACTTGT-1_1_4","Pavement_cell_N","Leaf_primordium",FALSE
"CCATATGGAAACTATA-1_1_4","Leaf_rim","Leaf_subsidiary_cell",FALSE
"CCATGCTCTGCAGGAA-1_1_4","Leaf_primordium","Bundle_sheath",FALSE
"CCATGGCCCTTGTACC-1_1_4","Shoot_system_epidermis","Shoot_system_epidermis",TRUE
"CCATGTTCATCTATAT-1_1_4","Leaf_rim","Leaf_subsidiary_cell",FALSE
"CCCAATGAGATTTGCA-1_1_4","S_phase","Leaf_subsidiary_cell",FALSE
"CCCGAGTTTCTCCGTA-1_1_4","Leaf_primordium","Leaf_primordium",TRUE
"CCCGCCATGCTCCCGT-1_1_4","G2_M_phase","Bundle_sheath",FALSE
"CCCGCGCAATGCACCC-1_1_4","Leaf_primordium","Leaf_primordium",TRUE
"CCCGTAGCTGGGAAGA-1_1_4","Pavement_cell_N","Leaf_subsidiary_cell",FALSE
"CCCTATGTAGAGCAGA-1_1_4","Bundle_sheath","Leaf_subsidiary_cell",FALSE
"CCCTCCTCGCTCGTAT-1_1_4","Pavement_cell_N","Shoot_system_epidermis",FALSE
"CCCTTTAATGGAGTTC-1_1_4","Leaf_primordium","Leaf_subsidiary_cell",FALSE
"CCGAAAGTGGTGAGCA-1_1_4","Leaf_primordium","Leaf_primordium",TRUE
"CCGAAGTATATTGTTC-1_1_4","Leaf_rim","Leaf_subsidiary_cell",FALSE
"CCGACAATAGGCCGCC-1_1_4","Leaf_primordium","Leaf_subsidiary_cell",FALSE
"CCGACGGGCATGAGGT-1_1_4","Leaf_rim","Leaf_subsidiary_cell",FALSE
"CCGAGCTGTGCTTGTC-1_1_4","Vascular_tissue","Leaf_subsidiary_cell",FALSE
"CCGCACGTGACCTCGG-1_1_4","Pavement_cell_N","Leaf_subsidiary_cell",FALSE
"CCGCGGGTACGAAGAA-1_1_4","Leaf_primordium","Bundle_sheath",FALSE
"CCGCGTAGGTAAGGGC-1_1_4","Leaf_primordium","Bundle_sheath",FALSE
"CCGCTCTTCCGAACTA-1_1_4","Leaf_primordium","Leaf_subsidiary_cell",FALSE
"CCGCTTGCTGACATGG-1_1_4","Vascular_tissue","Vascular_tissue",TRUE
"CCGGAATGGTTTCAGT-1_1_4","Leaf_rim","Leaf_subsidiary_cell",FALSE
"CCGGTTTGTAATTGTG-1_1_4","Pavement_cell_N","Shoot_system_epidermis",FALSE
"CCGTATCTCGTCGTAG-1_1_4","Leaf_primordium","Leaf_subsidiary_cell",FALSE
"CCGTATTAGCGCAGTT-1_1_4","Leaf_rim","Bundle_sheath",FALSE
"CCGTGGAACGATCCAA-1_1_4","Pavement_cell_N","Shoot_system_epidermis",FALSE
"CCTACATTCACAGACG-1_1_4","Pavement_cell_N","Bundle_sheath",FALSE
"CCTATACCGTCCTGTC-1_1_4","Shoot_system_epidermis","Shoot_system_epidermis",TRUE
"CCTATGGCTCCTAGTG-1_1_4","Leaf_rim","Leaf_subsidiary_cell",FALSE
"CCTCACCAATCTTGAC-1_1_4","Leaf_primordium","Leaf_primordium",TRUE
"CCTCACCTGAGGGAGC-1_1_4","Leaf_rim","Leaf_subsidiary_cell",FALSE
"CCTCACCTTAGCATCG-1_1_4","Pavement_cell_N","Shoot_system_epidermis",FALSE
"CCTCCTGTTGTGTCGT-1_1_4","Vascular_tissue","Leaf_subsidiary_cell",FALSE
"CCTCTACAAGGATTGG-1_1_4","Leaf_primordium","Leaf_subsidiary_cell",FALSE
"CCTCTATCGATTAGCA-1_1_4","Pavement_cell_N","Leaf_subsidiary_cell",FALSE
"CCTTGACCACTTTATT-1_1_4","Bundle_sheath","Leaf_subsidiary_cell",FALSE
"CGAACAGTATGGGCGT-1_1_4","Leaf_rim","Leaf_primordium",FALSE
"CGAAGCTATAAATTCA-1_1_4","Pavement_cell_N","Shoot_system_epidermis",FALSE
"CGAATGAAGTCATTGC-1_1_4","Leaf_primordium","Bundle_sheath",FALSE
"CGAGAGGGTAGCCGCG-1_1_4","Bundle_sheath","Leaf_subsidiary_cell",FALSE
"CGAGCACTTCAAGTTT-1_1_4","Leaf_primordium","Leaf_subsidiary_cell",FALSE
"CGAGGAGCTTCCATAT-1_1_4","Leaf_rim","Leaf_primordium",FALSE
"CGAGGATCGGGAACGA-1_1_4","Leaf_primordium","Leaf_primordium",TRUE
"CGAGTGAAGGTACCAG-1_1_4","Leaf_primordium","Bundle_sheath",FALSE
"CGATCCTCGCAACATA-1_1_4","Bundle_sheath","Leaf_subsidiary_cell",FALSE
"CGATGGACCCTACGCC-1_1_4","Leaf_primordium","Bundle_sheath",FALSE
"CGCAAACACGAGTTAC-1_1_4","Vascular_tissue","Pavement_cell_N",FALSE
"CGCAATTCTACAATAA-1_1_4","Bundle_sheath","Leaf_subsidiary_cell",FALSE
"CGCACGTCTGTTTATG-1_1_4","Bundle_sheath","Leaf_subsidiary_cell",FALSE
"CGCATCCATCAGCCAG-1_1_4","Leaf_primordium","Leaf_primordium",TRUE
"CGCCCTTGAAGGCTGA-1_1_4","Bundle_sheath","Leaf_subsidiary_cell",FALSE
"CGCCGTTCAGCATAGT-1_1_4","S_phase","Leaf_subsidiary_cell",FALSE
"CGCGAGAGGGACTTGT-1_1_4","Leaf_primordium","Bundle_sheath",FALSE
"CGCGCAAATGTCCAGA-1_1_4","Leaf_primordium","Leaf_subsidiary_cell",FALSE
"CGCGGTCACAAACCAA-1_1_4","Leaf_rim","G2_M_phase",FALSE
"CGCTATTCAATGTATG-1_1_4","Pavement_cell_N","Leaf_subsidiary_cell",FALSE
"CGCTGTGTGGATGTTG-1_1_4","Leaf_rim","Leaf_subsidiary_cell",FALSE
"CGGAGTTTGAGAGACA-1_1_4","Vascular_tissue","Leaf_subsidiary_cell",FALSE
"CGGCAATAAGATCGCC-1_1_4","Pavement_cell_N","Leaf_subsidiary_cell",FALSE
"CGGCCCAACCTGTAGT-1_1_4","Leaf_rim","Leaf_primordium",FALSE
"CGGCGCCATCAATCCC-1_1_4","Leaf_primordium","Bundle_sheath",FALSE
"CGGGTTTGTTAGGGCT-1_1_4","Bundle_sheath","Leaf_subsidiary_cell",FALSE
"CGGTGTACTTGATCCC-1_1_4","Leaf_primordium","Leaf_primordium",TRUE
"CGGTTCAAGTAGGTGT-1_1_4","Leaf_rim","Shoot_system_epidermis",FALSE
"CGTCATACCATATCCA-1_1_4","Leaf_primordium","Bundle_sheath",FALSE
"CGTCGCTTGGTTATAC-1_1_4","Bundle_sheath","Leaf_subsidiary_cell",FALSE
"CGTCGGGTCTAAGCGC-1_1_4","Leaf_primordium","Leaf_primordium",TRUE
"CGTGCTTCTACCTAAA-1_1_4","Leaf_primordium","Leaf_subsidiary_cell",FALSE
"CGTGGTACCCAAAGGC-1_1_4","Leaf_rim","Bundle_sheath",FALSE
"CGTGTCCCATTCGCGA-1_1_4","Leaf_primordium","Leaf_primordium",TRUE
"CGTGTCTCGTTACGAC-1_1_4","S_phase","Leaf_subsidiary_cell",FALSE
"CGTTAAACTAGTTAGG-1_1_4","Vascular_tissue","Leaf_subsidiary_cell",FALSE
"CGTTGTAAGATTGATT-1_1_4","Pavement_cell_N","Leaf_subsidiary_cell",FALSE
"CGTTTACAAGGCAGCT-1_1_4","Leaf_primordium","Bundle_sheath",FALSE
"CGTTTGTGTAGAGGGT-1_1_4","Leaf_rim","Pavement_cell_N",FALSE
"CTAAATCCGGTGTACA-1_1_4","Leaf_rim","Leaf_subsidiary_cell",FALSE
"CTAACTGATAATCGCC-1_1_4","Bundle_sheath","Leaf_subsidiary_cell",FALSE
"CTAATTCGCACGCGCT-1_1_4","S_phase","Bundle_sheath",FALSE
"CTAATTCTCAGATATT-1_1_4","Pavement_cell_N","Bundle_sheath",FALSE
"CTACAAGAAATAACCC-1_1_4","Pavement_cell_N","Leaf_subsidiary_cell",FALSE
"CTACACTCGCAGATGG-1_1_4","Leaf_rim","Leaf_subsidiary_cell",FALSE
"CTACTATCATAGGTTT-1_1_4","Leaf_primordium","Bundle_sheath",FALSE
"CTACTCAAGGTATAGT-1_1_4","Leaf_primordium","Bundle_sheath",FALSE
"CTACTCTAGGCCCGGC-1_1_4","Vascular_tissue","Pavement_cell_N",FALSE
"CTAGCCACAGGCGAGC-1_1_4","Leaf_primordium","Leaf_subsidiary_cell",FALSE
"CTAGCCGATGTTATGA-1_1_4","Pavement_cell_N","Shoot_system_epidermis",FALSE
"CTATAAGAGCCAATCG-1_1_4","Leaf_rim","Leaf_primordium",FALSE
"CTATCGACGAAATACA-1_1_4","Leaf_rim","S_phase",FALSE
"CTATCGCGTAGAGAAC-1_1_4","Vascular_tissue","Leaf_subsidiary_cell",FALSE
"CTCAAACCACTGCCCG-1_1_4","Vascular_tissue","Leaf_subsidiary_cell",FALSE
"CTCAGTCACGACAAAT-1_1_4","Leaf_rim","Leaf_primordium",FALSE
"CTCCCAATGAGTCGCG-1_1_4","Leaf_primordium","Bundle_sheath",FALSE
"CTCCTTTACGCAAGTC-1_1_4","Bundle_sheath","Leaf_subsidiary_cell",FALSE
"CTCGGGTTCTCTGGCC-1_1_4","Bundle_sheath","Leaf_subsidiary_cell",FALSE
"CTCGGTTGTCGGCCCT-1_1_4","Leaf_primordium","Leaf_primordium",TRUE
"CTCGTCGAGGGCTCAT-1_1_4","Vascular_tissue","Leaf_subsidiary_cell",FALSE
"CTCGTTTCTAATGTTT-1_1_4","Bundle_sheath","Leaf_subsidiary_cell",FALSE
"CTCTAATGCATTGATC-1_1_4","Pavement_cell_N","Leaf_subsidiary_cell",FALSE
"CTCTCTAACTGCCTAG-1_1_4","Pavement_cell_N","Bundle_sheath",FALSE
"CTCTTCTGGAAGTTAG-1_1_4","S_phase","Leaf_subsidiary_cell",FALSE
"CTGAATTTATTGCCAG-1_1_4","Pavement_cell_N","Leaf_subsidiary_cell",FALSE
"CTGACTGCGCAGCTCG-1_1_4","Leaf_rim","Leaf_primordium",FALSE
"CTGCAAGCACGTTCCG-1_1_4","Leaf_rim","Leaf_subsidiary_cell",FALSE
"CTGCACCTAGTCCACA-1_1_4","Leaf_primordium","Leaf_primordium",TRUE
"CTGCAGAGAATCAGAG-1_1_4","Leaf_rim","Leaf_subsidiary_cell",FALSE
"CTGCCTTTAATACCTT-1_1_4","Vascular_tissue","Leaf_subsidiary_cell",FALSE
"CTGCGGGTGAAATGTT-1_1_4","Leaf_primordium","Bundle_sheath",FALSE
"CTGCTTTATGTCCGCG-1_1_4","Vascular_tissue","Leaf_subsidiary_cell",FALSE
"CTGGTCATTCCAATCC-1_1_4","Leaf_primordium","Leaf_subsidiary_cell",FALSE
"CTGTAGCCATCTCACT-1_1_4","Pavement_cell_N","Leaf_primordium",FALSE
"CTGTATGGTGTAGAAA-1_1_4","Leaf_primordium","Leaf_primordium",TRUE
"CTGTGGTCGGGAGATA-1_1_4","Pavement_cell_N","S_phase",FALSE
"CTGTTCATCTCACGGG-1_1_4","Pavement_cell_N","Bundle_sheath",FALSE
"CTTAGTTGAGGAATCG-1_1_4","Bundle_sheath","Leaf_subsidiary_cell",FALSE
"CTTCATAGCTCAAGAA-1_1_4","Leaf_primordium","Shoot_system_epidermis",FALSE
"CTTGTTTATGTAGCCA-1_1_4","Leaf_primordium","Leaf_primordium",TRUE
"CTTTGCATCGCTCTTG-1_1_4","Leaf_primordium","Leaf_primordium",TRUE
"CTTTGGGATTGTTGCA-1_1_4","Leaf_primordium","Bundle_sheath",FALSE
"GAAACATAGGAAACAG-1_1_4","Vascular_tissue","Pavement_cell_N",FALSE
"GAAACCATGGTGCGCT-1_1_4","Pavement_cell_N","Leaf_subsidiary_cell",FALSE
"GAAACTCGTGCGATGC-1_1_4","Bundle_sheath","Leaf_subsidiary_cell",FALSE
"GAAAGTGACTAACTGC-1_1_4","Bundle_sheath","Leaf_subsidiary_cell",FALSE
"GAAATACTAAACGTTT-1_1_4","Leaf_primordium","Leaf_primordium",TRUE
"GAAATATGCTTGAATG-1_1_4","Leaf_primordium","Leaf_primordium",TRUE
"GAAGAAACGATATTGT-1_1_4","S_phase","Leaf_subsidiary_cell",FALSE
"GAAGCTCGGACCCGTC-1_1_4","Vascular_tissue","Pavement_cell_N",FALSE
"GAAGCTTGCTGACCGC-1_1_4","Leaf_primordium","Bundle_sheath",FALSE
"GAAGGCTACCATTGTT-1_1_4","Leaf_primordium","Leaf_primordium",TRUE
"GAATAGCCCTGCGGTC-1_1_4","Leaf_rim","Leaf_subsidiary_cell",FALSE
"GAATAGTGCTCGATTA-1_1_4","S_phase","Leaf_subsidiary_cell",FALSE
"GAATCGACATGGTCAC-1_1_4","Leaf_primordium","Bundle_sheath",FALSE
"GAATGCCGAAATGACC-1_1_4","Vascular_tissue","Leaf_subsidiary_cell",FALSE
"GAATTTCTCGCTGCAG-1_1_4","Vascular_tissue","Leaf_subsidiary_cell",FALSE
"GACAAGAGATGAGATT-1_1_4","Bundle_sheath","Leaf_subsidiary_cell",FALSE
"GACACGAGTTAGAGGA-1_1_4","Pavement_cell_N","Shoot_system_epidermis",FALSE
"GACCAAACGTTGACTG-1_1_4","S_phase","Leaf_subsidiary_cell",FALSE
"GACCCAATTATGATAC-1_1_4","Leaf_primordium","Leaf_primordium",TRUE
"GACCGCGTCTGACGTG-1_1_4","Leaf_primordium","Leaf_primordium",TRUE
"GACGGTCAATAGAAGC-1_1_4","Leaf_rim","Leaf_primordium",FALSE
"GACGTGTAGGGATTAT-1_1_4","Leaf_rim","Leaf_subsidiary_cell",FALSE
"GACGTTCGTAAATACA-1_1_4","Leaf_rim","S_phase",FALSE
"GACTAAGTAGGCTCAC-1_1_4","Pavement_cell_N","Bundle_sheath",FALSE
"GACTGCGGCACGTGTA-1_1_4","Bundle_sheath","Leaf_subsidiary_cell",FALSE
"GACTGCTGGTGAGAAA-1_1_4","Leaf_primordium","Leaf_subsidiary_cell",FALSE
"GAGCGCAAATACTCCG-1_1_4","Bundle_sheath","Leaf_subsidiary_cell",FALSE
"GAGCGCTGTTAGGTAA-1_1_4","Bundle_sheath","Leaf_subsidiary_cell",FALSE
"GAGCTGTCGTCTCGGA-1_1_4","Leaf_rim","Pavement_cell_N",FALSE
"GAGGAATGGAGAGGTT-1_1_4","Pavement_cell_N","Leaf_subsidiary_cell",FALSE
"GAGGCCCGACTCCGCA-1_1_4","Leaf_primordium","Leaf_subsidiary_cell",FALSE
"GAGGCCTGTTGATACA-1_1_4","Leaf_primordium","Leaf_subsidiary_cell",FALSE
"GAGGGAGTCAGATCGC-1_1_4","Leaf_primordium","Bundle_sheath",FALSE
"GAGGGTAGTAACAAAG-1_1_4","Leaf_primordium","Pavement_cell_N",FALSE
"GAGGTCCCAAAGATCT-1_1_4","Leaf_primordium","Bundle_sheath",FALSE
"GAGTAAACCGGAAAGT-1_1_4","Leaf_primordium","Leaf_subsidiary_cell",FALSE
"GATATGGATTACGCGG-1_1_4","Leaf_primordium","Leaf_subsidiary_cell",FALSE
"GATCAACATAAAGGGA-1_1_4","Leaf_primordium","Leaf_subsidiary_cell",FALSE
"GATCGCTACCCGATTT-1_1_4","Leaf_primordium","Leaf_primordium",TRUE
"GATCGCTATATCTCAG-1_1_4","Leaf_rim","Bundle_sheath",FALSE
"GATGACAAGTAGGGCA-1_1_4","Pavement_cell_N","Leaf_subsidiary_cell",FALSE
"GATGACGATGATCGCG-1_1_4","Bundle_sheath","Leaf_subsidiary_cell",FALSE
"GATGCCAGCAGAAGGC-1_1_4","Leaf_primordium","Bundle_sheath",FALSE
"GATGGCGCACACATTA-1_1_4","Pavement_cell_N","Bundle_sheath",FALSE
"GATGTTTGTGCGAGAT-1_1_4","Pavement_cell_N","Bundle_sheath",FALSE
"GATTAACCGAAAGCCC-1_1_4","Leaf_rim","S_phase",FALSE
"GATTCCTATACGGCGC-1_1_4","Vascular_tissue","Pavement_cell_N",FALSE
"GATTGCTCCAGTTGCA-1_1_4","Bundle_sheath","Leaf_subsidiary_cell",FALSE
"GCAAGTGCACAGAGAA-1_1_4","Leaf_primordium","Bundle_sheath",FALSE
"GCACAAACCCTAGATG-1_1_4","Leaf_primordium","Leaf_subsidiary_cell",FALSE
"GCACACACTGGTAGCC-1_1_4","Pavement_cell_N","S_phase",FALSE
"GCACGCCTACTTAGAT-1_1_4","Leaf_rim","Leaf_subsidiary_cell",FALSE
"GCACGTGGTTTACTTA-1_1_4","Leaf_primordium","Leaf_subsidiary_cell",FALSE
"GCAGTTCGATCCGAGC-1_1_4","Leaf_primordium","Leaf_subsidiary_cell",FALSE
"GCATCGGCCGTGTAGG-1_1_4","Leaf_rim","Leaf_primordium",FALSE
"GCCAACCATTTCCGGA-1_1_4","Pavement_cell_N","Leaf_subsidiary_cell",FALSE
"GCCAATAGGGCATCTC-1_1_4","Pavement_cell_N","Leaf_subsidiary_cell",FALSE
"GCCACTCCTTACGGTA-1_1_4","Vascular_tissue","Leaf_subsidiary_cell",FALSE
"GCCATCGATGCTGCAT-1_1_4","Leaf_primordium","Leaf_primordium",TRUE
"GCCCAGTTGGTATGCC-1_1_4","Leaf_primordium","Leaf_primordium",TRUE
"GCCCGCGCGTTTGACA-1_1_4","Leaf_primordium","Leaf_primordium",TRUE
"GCCTAGCGATCTGACC-1_1_4","Leaf_primordium","Bundle_sheath",FALSE
"GCCTATGCTGGGCCTT-1_1_4","Leaf_primordium","Leaf_subsidiary_cell",FALSE
"GCCTATTCCGATATAG-1_1_4","Bundle_sheath","Leaf_subsidiary_cell",FALSE
"GCCTCCGACAATTCAC-1_1_4","Leaf_primordium","Leaf_subsidiary_cell",FALSE
"GCGACCCAACCATCTG-1_1_4","Bundle_sheath","Leaf_subsidiary_cell",FALSE
"GCGAGAGGCCATGTAA-1_1_4","Vascular_tissue","Leaf_subsidiary_cell",FALSE
"GCGCAAATATATTCAA-1_1_4","Bundle_sheath","Leaf_subsidiary_cell",FALSE
"GCGCCTCCCACTCCGA-1_1_4","Shoot_system_epidermis","Shoot_system_epidermis",TRUE
"GCGCTTAAATAATTGG-1_1_4","Pavement_cell_N","Leaf_primordium",FALSE
"GCGTCCCTAAGACATA-1_1_4","Leaf_primordium","Leaf_primordium",TRUE
"GCGTTCGGAGACCGGG-1_1_4","Leaf_rim","Bundle_sheath",FALSE
"GCTAAACCTGAGGTGA-1_1_4","Vascular_tissue","Pavement_cell_N",FALSE
"GCTACAATCGAGGATA-1_1_4","Leaf_rim","Leaf_subsidiary_cell",FALSE
"GCTAGAGTAGAGATGT-1_1_4","Pavement_cell_N","Leaf_primordium",FALSE
"GCTAGCGATAGGTCTT-1_1_4","Bundle_sheath","Leaf_subsidiary_cell",FALSE
"GCTAGTTTCATTGAGG-1_1_4","Shoot_system_epidermis","Leaf_primordium",FALSE
"GCTATCGCGGCGCAAC-1_1_4","Pavement_cell_N","Bundle_sheath",FALSE
"GCTCAATCCGTTTATT-1_1_4","Pavement_cell_N","Shoot_system_epidermis",FALSE
"GCTCTATGTTACGTGC-1_1_4","Leaf_primordium","Leaf_primordium",TRUE
"GCTGAATCTTCCAATC-1_1_4","Leaf_rim","Leaf_subsidiary_cell",FALSE
"GCTTGATGATAATCAG-1_1_4","Leaf_primordium","Leaf_primordium",TRUE
"GCTTGCAGCACAATTG-1_1_4","Leaf_primordium","Bundle_sheath",FALSE
"GGAACCTTGACTCTGC-1_1_4","S_phase","Leaf_subsidiary_cell",FALSE
"GGAACGGCCTGCAGCC-1_1_4","Bundle_sheath","Leaf_subsidiary_cell",FALSE
"GGAACTTTGGCGATTA-1_1_4","Bundle_sheath","Leaf_subsidiary_cell",FALSE
"GGACCTACGGTAACGT-1_1_4","Leaf_rim","Shoot_system_epidermis",FALSE
"GGACCTCTAGGCCGCC-1_1_4","Leaf_rim","Leaf_subsidiary_cell",FALSE
"GGACTCGTGAGTGGTC-1_1_4","Leaf_rim","Leaf_subsidiary_cell",FALSE
"GGAGAAGTCATTGGCA-1_1_4","Leaf_primordium","Bundle_sheath",FALSE
"GGAGACCAATGTGCTT-1_1_4","Leaf_primordium","Bundle_sheath",FALSE
"GGAGCAACATTTCAAG-1_1_4","S_phase","Leaf_subsidiary_cell",FALSE
"GGAGGGTCAAGTAAGA-1_1_4","Leaf_primordium","Leaf_subsidiary_cell",FALSE
"GGATCATCCCGTACGC-1_1_4","Leaf_primordium","Leaf_primordium",TRUE
"GGATCTTACTGCCCTT-1_1_4","Leaf_rim","Leaf_subsidiary_cell",FALSE
"GGATTCAGTACGGTGG-1_1_4","Leaf_rim","S_phase",FALSE
"GGCAAAGGCGCCAATA-1_1_4","Leaf_primordium","Leaf_subsidiary_cell",FALSE
"GGCAGCAAACCTATGC-1_1_4","Leaf_rim","Leaf_primordium",FALSE
"GGCCCGTATACCATGC-1_1_4","Leaf_primordium","Mesophyll",FALSE
"GGCCGAGACTCTGGTG-1_1_4","Bundle_sheath","Leaf_subsidiary_cell",FALSE
"GGCCGTTTGGGTTTCA-1_1_4","Leaf_primordium","Bundle_sheath",FALSE
"GGCGTCCTATCCGCTG-1_1_4","Leaf_primordium","Bundle_sheath",FALSE
"GGCTAAAGGGCGGGTC-1_1_4","Leaf_primordium","Bundle_sheath",FALSE
"GGCTACTATACACTCC-1_1_4","Leaf_primordium","Bundle_sheath",FALSE
"GGCTCCTCCACCTGTT-1_1_4","Leaf_rim","Leaf_subsidiary_cell",FALSE
"GGCTCGTGCCACCAGC-1_1_4","Leaf_primordium","Bundle_sheath",FALSE
"GGGAACGGTTTCAGAT-1_1_4","Bundle_sheath","Leaf_subsidiary_cell",FALSE
"GGGAATGAGCCCTCAC-1_1_4","Pavement_cell_N","Leaf_subsidiary_cell",FALSE
"GGGACAGAGTTACTCC-1_1_4","Leaf_primordium","Leaf_subsidiary_cell",FALSE
"GGGCAACCGCACGTGC-1_1_4","Leaf_primordium","Leaf_subsidiary_cell",FALSE
"GGGCGTTTACATTCAT-1_1_4","Leaf_primordium","Leaf_primordium",TRUE
"GGGTATGTATGCACTT-1_1_4","Bundle_sheath","Leaf_subsidiary_cell",FALSE
"GGGTCGTGGCAAGTGT-1_1_4","Pavement_cell_N","Leaf_primordium",FALSE
"GGGTCTATCGCTTTCC-1_1_4","Leaf_primordium","Leaf_subsidiary_cell",FALSE
"GGGTGCATATGAAAGC-1_1_4","Leaf_primordium","Leaf_primordium",TRUE
"GGGTTCAGACGAACAA-1_1_4","Leaf_primordium","Bundle_sheath",FALSE
"GGTAACCGGGAGGATA-1_1_4","Pavement_cell_N","Bundle_sheath",FALSE
"GGTACACCAGATTTAT-1_1_4","Leaf_primordium","Leaf_primordium",TRUE
"GGTACCATTAAGACGG-1_1_4","Leaf_rim","Leaf_primordium",FALSE
"GGTCAAGACTACTTCG-1_1_4","Leaf_rim","Leaf_subsidiary_cell",FALSE
"GGTCGGATAAACGGCG-1_1_4","Leaf_primordium","Leaf_primordium",TRUE
"GGTCTCCGTCCAGGTT-1_1_4","Leaf_primordium","Leaf_subsidiary_cell",FALSE
"GGTCTCTGAATGGACT-1_1_4","Leaf_rim","S_phase",FALSE
"GGTGCTGATCACAAAG-1_1_4","Bundle_sheath","Leaf_subsidiary_cell",FALSE
"GGTTAGGCTTGGAGAA-1_1_4","Pavement_cell_N","Leaf_primordium",FALSE
"GGTTTAATTACCATCG-1_1_4","S_phase","Leaf_subsidiary_cell",FALSE
"GGTTTAATTGAGCAGG-1_1_4","Leaf_rim","Shoot_system_epidermis",FALSE
"GGTTTGTGACCTGAGG-1_1_4","Vascular_tissue","Leaf_subsidiary_cell",FALSE
"GTAACATCTAAGATAA-1_1_4","Bundle_sheath","Leaf_subsidiary_cell",FALSE
"GTAAGTAGGGTATACC-1_1_4","S_phase","Bundle_sheath",FALSE
"GTAATAAAGGGCTCCC-1_1_4","Leaf_rim","Leaf_primordium",FALSE
"GTACTCCTGGGTATGC-1_1_4","Leaf_rim","Shoot_system_epidermis",FALSE
"GTACTTGGGCACTTCT-1_1_4","Vascular_tissue","Vascular_tissue",TRUE
"GTAGAAACGGGTGGAG-1_1_4","Bundle_sheath","Leaf_subsidiary_cell",FALSE
"GTAGAGGGAGACAAGT-1_1_4","Leaf_primordium","Bundle_sheath",FALSE
"GTAGCTCCGGGAGGCT-1_1_4","Vascular_tissue","Leaf_subsidiary_cell",FALSE
"GTATCAAACGTTAGCT-1_1_4","Pavement_cell_N","Leaf_primordium",FALSE
"GTATCAGCTTGGGTTC-1_1_4","Leaf_primordium","G2_M_phase",FALSE
"GTATCTCAGTCTTGAC-1_1_4","Pavement_cell_N","Leaf_subsidiary_cell",FALSE
"GTATGAAATTTCACTC-1_1_4","Leaf_primordium","Leaf_primordium",TRUE
"GTATTAAGGCGTCTAA-1_1_4","S_phase","Leaf_subsidiary_cell",FALSE
"GTCAGAATAGTCTATG-1_1_4","Leaf_primordium","Bundle_sheath",FALSE
"GTCCTACGAATAGTCT-1_1_4","Vascular_tissue","S_phase",FALSE
"GTCGGATATCTCAGAC-1_1_4","Pavement_cell_N","Shoot_system_epidermis",FALSE
"GTCGTGTCTGGTCATC-1_1_4","Leaf_primordium","Leaf_primordium",TRUE
"GTGAACTCCCATTCGA-1_1_4","Leaf_primordium","Leaf_primordium",TRUE
"GTGAAGATTTCAAGTG-1_1_4","Pavement_cell_N","S_phase",FALSE
"GTGATCAAGCGTGCAC-1_1_4","Pavement_cell_N","Leaf_subsidiary_cell",FALSE
"GTGGAGTCGGCGGTTG-1_1_4","Pavement_cell_N","Shoot_system_epidermis",FALSE
"GTGGGCTTAGACACAC-1_1_4","Leaf_rim","Bundle_sheath",FALSE
"GTGGTATAGTCTGCCG-1_1_4","Leaf_primordium","Leaf_subsidiary_cell",FALSE
"GTGGTTACTTCTTTCG-1_1_4","Pavement_cell_N","Leaf_primordium",FALSE
"GTTAGCCGTAAATCAA-1_1_4","Leaf_primordium","Leaf_primordium",TRUE
"GTTATAATACGGTGAA-1_1_4","Leaf_rim","Leaf_subsidiary_cell",FALSE
"GTTATATCAGGAGCCA-1_1_4","Pavement_cell_N","S_phase",FALSE
"GTTATTAACGTGGGAG-1_1_4","Leaf_primordium","Bundle_sheath",FALSE
"GTTCACAGGAGTCTAG-1_1_4","Leaf_primordium","Bundle_sheath",FALSE
"GTTCCCGTAAACATAT-1_1_4","Leaf_primordium","Leaf_subsidiary_cell",FALSE
"GTTCGCTGAGACGTCT-1_1_4","Pavement_cell_N","Leaf_subsidiary_cell",FALSE
"GTTCGGGCGTACCATT-1_1_4","Vascular_tissue","Vascular_tissue",TRUE
"GTTCGTCTGGGTCCCT-1_1_4","Leaf_primordium","Leaf_primordium",TRUE
"GTTGCGGACGGTCAGG-1_1_4","Pavement_cell_N","Leaf_subsidiary_cell",FALSE
"GTTGGACCGCATCAGG-1_1_4","Leaf_rim","Bundle_sheath",FALSE
"GTTTCAAACGAGTTGT-1_1_4","Leaf_rim","Leaf_subsidiary_cell",FALSE
"GTTTGGTGATCGGTGC-1_1_4","Leaf_primordium","Bundle_sheath",FALSE
"TAAACCCAGGAGGGCA-1_1_4","Mesophyll","Leaf_subsidiary_cell",FALSE
"TAAATCTTTACACCTC-1_1_4","Leaf_primordium","Leaf_primordium",TRUE
"TAAATGAATCCGTTTC-1_1_4","Pavement_cell_N","Leaf_subsidiary_cell",FALSE
"TAACAAAGGGAGAAGC-1_1_4","Leaf_primordium","Leaf_primordium",TRUE
"TAACAATATTTGTTGC-1_1_4","Leaf_primordium","Leaf_subsidiary_cell",FALSE
"TAACAGCGTTTGTGCT-1_1_4","Leaf_rim","Leaf_subsidiary_cell",FALSE
"TAACATACACGCGATC-1_1_4","Leaf_primordium","Leaf_subsidiary_cell",FALSE
"TAACTATTACGCCAAA-1_1_4","Leaf_primordium","Leaf_primordium",TRUE
"TAACTCCATGGAGGCT-1_1_4","Pavement_cell_N","Bundle_sheath",FALSE
"TAAGAGGGACAGGGAC-1_1_4","Pavement_cell_N","Leaf_subsidiary_cell",FALSE
"TAAGGGCCTGTCCGAT-1_1_4","Leaf_primordium","Leaf_primordium",TRUE
"TAAGTCGCCGAGTATC-1_1_4","Vascular_tissue","Pavement_cell_N",FALSE
"TAAGTTGCGACGTAGG-1_1_4","Pavement_cell_N","Shoot_system_epidermis",FALSE
"TAATGAAAGACCCTTG-1_1_4","Leaf_primordium","Bundle_sheath",FALSE
"TAATTACGTCAGTAGA-1_1_4","Pavement_cell_N","Leaf_subsidiary_cell",FALSE
"TAATTGGAATCGGGAA-1_1_4","Leaf_primordium","Leaf_primordium",TRUE
"TACACCGTCGTTAGTC-1_1_4","Leaf_rim","Leaf_primordium",FALSE
"TACCTCCACACCAATG-1_1_4","Vascular_tissue","Leaf_subsidiary_cell",FALSE
"TACCTGCTGCACTGTG-1_1_4","Leaf_rim","Leaf_subsidiary_cell",FALSE
"TACGCCGAGGGTACCC-1_1_4","Pavement_cell_N","Leaf_subsidiary_cell",FALSE
"TACGTAAAGCGGAGTG-1_1_4","Leaf_primordium","Leaf_subsidiary_cell",FALSE
"TACGTACTAGTGCTGA-1_1_4","Leaf_rim","Bundle_sheath",FALSE
"TACGTGCACTATGCTG-1_1_4","Leaf_rim","Shoot_system_epidermis",FALSE
"TACTATGGTTCCTCAG-1_1_4","Shoot_system_epidermis","Shoot_system_epidermis",TRUE
"TACTCCTCTAGTTGAC-1_1_4","Vascular_tissue","Leaf_subsidiary_cell",FALSE
"TACTCTTTCGTCTTCA-1_1_4","Leaf_primordium","Bundle_sheath",FALSE
"TACTGAACAGATTTAG-1_1_4","G2_M_phase","Bundle_sheath",FALSE
"TAGAATAGCCGATGAA-1_1_4","Leaf_primordium","Leaf_subsidiary_cell",FALSE
"TAGAGGTTCTACTTGT-1_1_4","Leaf_primordium","Leaf_primordium",TRUE
"TAGATGGTTCCTTACT-1_1_4","Leaf_primordium","Leaf_subsidiary_cell",FALSE
"TAGCAACCTGTCACAA-1_1_4","Pavement_cell_N","Leaf_subsidiary_cell",FALSE
"TAGGTCCAAGTAAGGA-1_1_4","Bundle_sheath","Leaf_subsidiary_cell",FALSE
"TAGTAGCTTATACCAG-1_1_4","Pavement_cell_N","Leaf_subsidiary_cell",FALSE
"TAGTCTGTGACGTTGC-1_1_4","Pavement_cell_N","Leaf_subsidiary_cell",FALSE
"TAGTCTTTCCGAATTG-1_1_4","Shoot_system_epidermis","Shoot_system_epidermis",TRUE
"TAGTGTCAGAAACGGC-1_1_4","Leaf_primordium","Bundle_sheath",FALSE
"TATAAGTGAGGATAGC-1_1_4","Leaf_primordium","Bundle_sheath",FALSE
"TATACACGCAAAGTAT-1_1_4","Leaf_primordium","Leaf_primordium",TRUE
"TATACTCATGCGGCAA-1_1_4","Leaf_primordium","Leaf_subsidiary_cell",FALSE
"TATATAGGGCTTTACG-1_1_4","Leaf_primordium","Leaf_subsidiary_cell",FALSE
"TATATATCGAGAAATG-1_1_4","S_phase","Leaf_subsidiary_cell",FALSE
"TATCACCCAACCGACC-1_1_4","Leaf_rim","Bundle_sheath",FALSE
"TATCTACAGAGGTAAT-1_1_4","Pavement_cell_N","Leaf_subsidiary_cell",FALSE
"TATGATCTTCTCTTTA-1_1_4","Leaf_rim","S_phase",FALSE
"TATGGCCCGGCCTCGC-1_1_4","Leaf_primordium","Bundle_sheath",FALSE
"TATTAACCTGACCGCG-1_1_4","Leaf_primordium","Bundle_sheath",FALSE
"TATTTGATTTGCACAG-1_1_4","Leaf_primordium","Leaf_subsidiary_cell",FALSE
"TCAACATAGCGCCCTA-1_1_4","Leaf_primordium","Bundle_sheath",FALSE
"TCAACTAACGTATAAC-1_1_4","Shoot_system_epidermis","Shoot_system_epidermis",TRUE
"TCAACTGCAGAGTCAG-1_1_4","Bundle_sheath","Leaf_subsidiary_cell",FALSE
"TCACAAACCGAGGTAC-1_1_4","Leaf_primordium","Leaf_subsidiary_cell",FALSE
"TCACGATGTCCGTGGA-1_1_4","Leaf_primordium","Leaf_subsidiary_cell",FALSE
"TCACGGTCATCGCACA-1_1_4","Pavement_cell_N","Shoot_system_epidermis",FALSE
"TCAGAACCTCCACAGG-1_1_4","Leaf_primordium","S_phase",FALSE
"TCAGCAGTAGGCCCTG-1_1_4","Vascular_tissue","Pavement_cell_N",FALSE
"TCAGCCAATCCGTAAA-1_1_4","Leaf_primordium","Leaf_subsidiary_cell",FALSE
"TCAGGGCGCAAACTCG-1_1_4","Pavement_cell_N","Leaf_subsidiary_cell",FALSE
"TCAGTGTATACGTCAT-1_1_4","Pavement_cell_N","Leaf_subsidiary_cell",FALSE
"TCATCACTCGAGCTCG-1_1_4","Vascular_tissue","Vascular_tissue",TRUE
"TCATTTAGAAGTGTGA-1_1_4","Leaf_rim","Leaf_subsidiary_cell",FALSE
"TCCAGATGTACGCCAA-1_1_4","Leaf_rim","Leaf_subsidiary_cell",FALSE
"TCCAGCGCTATAAGCG-1_1_4","Vascular_tissue","Pavement_cell_N",FALSE
"TCCCAAACAGACAACG-1_1_4","Pavement_cell_N","Leaf_subsidiary_cell",FALSE
"TCCCACTCTCTTCCGG-1_1_4","Shoot_system_epidermis","Shoot_system_epidermis",TRUE
"TCCCGTCGCGTCATAG-1_1_4","Leaf_rim","Leaf_primordium",FALSE
"TCCCTAGATCAATAGG-1_1_4","Leaf_primordium","Leaf_primordium",TRUE
"TCCCTGGCGTATTAAC-1_1_4","Leaf_primordium","Leaf_subsidiary_cell",FALSE
"TCCGAATGGTCCTGAG-1_1_4","Leaf_primordium","Leaf_primordium",TRUE
"TCCGATTACATTGCCG-1_1_4","Vascular_tissue","Bundle_sheath",FALSE
"TCCGCGGCCCAATGAA-1_1_4","Pavement_cell_N","Shoot_system_epidermis",FALSE
"TCCGGCCTAGCGTACA-1_1_4","Leaf_rim","Leaf_primordium",FALSE
"TCCGTTAAGCTAATAT-1_1_4","Leaf_rim","Leaf_subsidiary_cell",FALSE
"TCCTAACCGTCGGGCA-1_1_4","Leaf_primordium","Bundle_sheath",FALSE
"TCCTCTACGAGATGGC-1_1_4","Bundle_sheath","Leaf_subsidiary_cell",FALSE
"TCCTCTCCAGTTGTCC-1_1_4","Leaf_primordium","Bundle_sheath",FALSE
"TCCTTTAAATCCGCTT-1_1_4","Mesophyll","Bundle_sheath",FALSE
"TCGAATATCCCGCAGG-1_1_4","Pavement_cell_N","Leaf_subsidiary_cell",FALSE
"TCGAGCCAGGCAGGCC-1_1_4","Pavement_cell_N","Leaf_subsidiary_cell",FALSE
"TCGAGGGCAACAGACG-1_1_4","Leaf_primordium","Leaf_subsidiary_cell",FALSE
"TCGCATAAAGGGCGCA-1_1_4","Bundle_sheath","Leaf_subsidiary_cell",FALSE
"TCGCGTAGCAGTGTCC-1_1_4","Bundle_sheath","Leaf_subsidiary_cell",FALSE
"TCGCTCGGCACCAGCG-1_1_4","Pavement_cell_N","Leaf_subsidiary_cell",FALSE
"TCGGAATGCGCTCTGA-1_1_4","Bundle_sheath","Pavement_cell_N",FALSE
"TCGGCGAACCCAAACC-1_1_4","Leaf_primordium","Bundle_sheath",FALSE
"TCGGCTTGTATCGACG-1_1_4","Vascular_tissue","Pavement_cell_N",FALSE
"TCGGGAACGTGCCTAG-1_1_4","Shoot_system_epidermis","Shoot_system_epidermis",TRUE
"TCGGTCCCGACAATAG-1_1_4","Bundle_sheath","Leaf_subsidiary_cell",FALSE
"TCGGTGACCGCTCCGG-1_1_4","Pavement_cell_N","Leaf_primordium",FALSE
"TCGTAAGCTCCGAGGA-1_1_4","Leaf_primordium","Bundle_sheath",FALSE
"TCGTCAAGTACGCGCA-1_1_4","Leaf_primordium","Leaf_primordium",TRUE
"TCGTCACACTGTTAGC-1_1_4","Bundle_sheath","Leaf_subsidiary_cell",FALSE
"TCGTGTATTGGTCACG-1_1_4","Bundle_sheath","Leaf_subsidiary_cell",FALSE
"TCGTGTTCGACCACAA-1_1_4","Bundle_sheath","Leaf_subsidiary_cell",FALSE
"TCTAATACTGCCTCAG-1_1_4","Vascular_tissue","Pavement_cell_N",FALSE
"TCTACCCAATAGAGAG-1_1_4","Bundle_sheath","Leaf_subsidiary_cell",FALSE
"TCTAGCATCTTCGATG-1_1_4","Pavement_cell_N","Bundle_sheath",FALSE
"TCTAGGTGGCGACGCT-1_1_4","Leaf_rim","Leaf_primordium",FALSE
"TCTATCATGCAGTTAC-1_1_4","Pavement_cell_N","Leaf_primordium",FALSE
"TCTCCACAAGTTGAAT-1_1_4","Leaf_primordium","Leaf_subsidiary_cell",FALSE
"TCTCGAGGAGGTTCGC-1_1_4","Vascular_tissue","Leaf_subsidiary_cell",FALSE
"TCTCTCGCCGCACATA-1_1_4","Leaf_rim","Leaf_subsidiary_cell",FALSE
"TCTCTTACCGCGAACC-1_1_4","Vascular_tissue","Leaf_subsidiary_cell",FALSE
"TCTGAACCGGTCGGCT-1_1_4","Leaf_primordium","Bundle_sheath",FALSE
"TCTGCATACCTTGCTT-1_1_4","Mesophyll","Leaf_subsidiary_cell",FALSE
"TCTGTTACCCAGCATA-1_1_4","Pavement_cell_N","Shoot_system_epidermis",FALSE
"TCTTACGGCATCCGAC-1_1_4","Bundle_sheath","Leaf_subsidiary_cell",FALSE
"TCTTCGCGGTGAGAGG-1_1_4","Leaf_primordium","Leaf_subsidiary_cell",FALSE
"TCTTTAGAGTCTAACA-1_1_4","Vascular_tissue","Bundle_sheath",FALSE
"TCTTTCCTTCGAGATA-1_1_4","Leaf_rim","Leaf_subsidiary_cell",FALSE
"TGAACAAGCAGGGACT-1_1_4","Leaf_primordium","Leaf_subsidiary_cell",FALSE
"TGAATATGCTATAAAC-1_1_4","Vascular_tissue","Leaf_subsidiary_cell",FALSE
"TGACACTTCTCTTTGC-1_1_4","Leaf_primordium","Leaf_primordium",TRUE
"TGATACATTTAGCCGT-1_1_4","Leaf_primordium","Bundle_sheath",FALSE
"TGATCCCAGCATTAGT-1_1_4","Pavement_cell_N","Bundle_sheath",FALSE
"TGATGTCAATTAAGTG-1_1_4","Pavement_cell_N","Leaf_subsidiary_cell",FALSE
"TGCCGGATGTACGAGC-1_1_4","Bundle_sheath","Leaf_subsidiary_cell",FALSE
"TGCCTAATTGAAGATT-1_1_4","Bundle_sheath","Leaf_subsidiary_cell",FALSE
"TGCGACGGCCGAACGT-1_1_4","Bundle_sheath","Leaf_subsidiary_cell",FALSE
"TGCGCGATTAACGGAG-1_1_4","Leaf_primordium","Bundle_sheath",FALSE
"TGCGTCATGACTGAGC-1_1_4","Pavement_cell_N","Bundle_sheath",FALSE
"TGCTGGTTGGACAATT-1_1_4","Vascular_tissue","Vascular_tissue",TRUE
"TGCTTAGAGAGAATGC-1_1_4","Leaf_rim","Leaf_subsidiary_cell",FALSE
"TGGAACCACTGACACA-1_1_4","S_phase","S_phase",TRUE
"TGGAATATCCTTGACC-1_1_4","Pavement_cell_N","Leaf_subsidiary_cell",FALSE
"TGGAGTGATGCGATGA-1_1_4","Shoot_system_epidermis","Shoot_system_epidermis",TRUE
"TGGCCGTATATTGACC-1_1_4","Leaf_primordium","Leaf_primordium",TRUE
"TGGCTACACTCTACCT-1_1_4","Shoot_system_epidermis","Mesophyll",FALSE
"TGGTAGAATATATGGG-1_1_4","Leaf_primordium","Leaf_primordium",TRUE
"TGGTGATCGTATTTGT-1_1_4","Leaf_primordium","Leaf_subsidiary_cell",FALSE
"TGGTTAAGGGCGCTGG-1_1_4","Leaf_rim","Leaf_primordium",FALSE
"TGGTTTAAACGTGGGT-1_1_4","Pavement_cell_N","Leaf_subsidiary_cell",FALSE
"TGTACCTACACGAGGG-1_1_4","Leaf_primordium","Leaf_primordium",TRUE
"TGTAGCCATCCCATTC-1_1_4","Leaf_primordium","Leaf_subsidiary_cell",FALSE
"TGTCCGTGGCGCCTTT-1_1_4","Leaf_primordium","Bundle_sheath",FALSE
"TGTGCCGGTGCCGGAA-1_1_4","Vascular_tissue","Leaf_subsidiary_cell",FALSE
"TGTGTCGCGAGTTGCA-1_1_4","Pavement_cell_N","Bundle_sheath",FALSE
"TGTGTTCGTATCCAAG-1_1_4","Vascular_tissue","Bundle_sheath",FALSE
"TTAACACCTCGAACAT-1_1_4","Pavement_cell_N","Leaf_subsidiary_cell",FALSE
"TTAACGAACAAGCAGT-1_1_4","Pavement_cell_N","Bundle_sheath",FALSE
"TTAACTCACGCGTGGA-1_1_4","Leaf_primordium","Bundle_sheath",FALSE
"TTACACGATCTGCGAC-1_1_4","Leaf_primordium","Leaf_subsidiary_cell",FALSE
"TTACAGACCTAAATGA-1_1_4","Pavement_cell_N","Shoot_system_epidermis",FALSE
"TTACTGTCTAGAGCTC-1_1_4","Leaf_rim","Bundle_sheath",FALSE
"TTAGAATAAGGGTCGG-1_1_4","Leaf_primordium","Bundle_sheath",FALSE
"TTAGCAACATGGATGT-1_1_4","Vascular_tissue","Leaf_subsidiary_cell",FALSE
"TTAGCTAATACGATCT-1_1_4","Leaf_rim","Leaf_primordium",FALSE
"TTAGTAAACCTGCTCT-1_1_4","Leaf_primordium","Leaf_subsidiary_cell",FALSE
"TTATCGCCTGCGAAGC-1_1_4","Bundle_sheath","Leaf_subsidiary_cell",FALSE
"TTATGACAAACTGGAT-1_1_4","S_phase","Bundle_sheath",FALSE
"TTATGTTTGCGATAGA-1_1_4","S_phase","Leaf_subsidiary_cell",FALSE
"TTCAGCTGGCGTGCCC-1_1_4","Leaf_rim","Leaf_primordium",FALSE
"TTCCAATCAGAGCTAG-1_1_4","Shoot_system_epidermis","Leaf_primordium",FALSE
"TTCCATCGACAGCGTG-1_1_4","Leaf_rim","Leaf_subsidiary_cell",FALSE
"TTCCGCAGAGAAATAT-1_1_4","Leaf_rim","Leaf_primordium",FALSE
"TTCCGGCCTTGAGGCT-1_1_4","Pavement_cell_N","Shoot_system_epidermis",FALSE
"TTCGACGGGAAGGGCG-1_1_4","Leaf_rim","Bundle_sheath",FALSE
"TTCGCACTCGCGTGCT-1_1_4","Pavement_cell_N","S_phase",FALSE
"TTCGGCTAGAGATGGT-1_1_4","Leaf_primordium","Bundle_sheath",FALSE
"TTCGGGCGCTAGTCTT-1_1_4","Vascular_tissue","Pavement_cell_N",FALSE
"TTCGGGTTGCCACGGG-1_1_4","Bundle_sheath","Leaf_subsidiary_cell",FALSE
"TTCGTACTCCAGAACG-1_1_4","S_phase","Leaf_subsidiary_cell",FALSE
"TTCGTTCAACGAAGTT-1_1_4","Leaf_rim","Leaf_subsidiary_cell",FALSE
"TTCTACTTGCGAGGGC-1_1_4","Bundle_sheath","Leaf_subsidiary_cell",FALSE
"TTCTAGAAAGTCTTAT-1_1_4","Leaf_primordium","Bundle_sheath",FALSE
"TTCTAGGCCAATTGTG-1_1_4","Vascular_tissue","Vascular_tissue",TRUE
"TTCTTAGTGAACGGTG-1_1_4","Leaf_primordium","Leaf_primordium",TRUE
"TTCTTATCCGCTGGGT-1_1_4","Leaf_primordium","Bundle_sheath",FALSE
"TTCTTGGACGATCTGC-1_1_4","Vascular_tissue","Leaf_subsidiary_cell",FALSE
"TTCTTGTAACCTAATG-1_1_4","Pavement_cell_N","Bundle_sheath",FALSE
"TTCTTTGGTCGCGACG-1_1_4","Leaf_rim","Leaf_subsidiary_cell",FALSE
"TTGAACGAATCCTTTG-1_1_4","Vascular_tissue","Bundle_sheath",FALSE
"TTGATAGTCAATACAT-1_1_4","Leaf_primordium","Leaf_primordium",TRUE
"TTGATTATGCAGATGA-1_1_4","Vascular_tissue","Leaf_subsidiary_cell",FALSE
"TTGCCATAGCCCGCTC-1_1_4","Leaf_primordium","Leaf_subsidiary_cell",FALSE
"TTGCCGCAGACCTACA-1_1_4","Shoot_system_epidermis","Leaf_subsidiary_cell",FALSE
"TTGCGTAGTTTGAGGA-1_1_4","Bundle_sheath","Leaf_subsidiary_cell",FALSE
"TTGGACCATCTGGCAA-1_1_4","Leaf_rim","Leaf_primordium",FALSE
"TTGGCTCGCATGAGAC-1_1_4","Pavement_cell_N","Bundle_sheath",FALSE
"TTGGGACGTAAGAGTT-1_1_4","Leaf_rim","Leaf_subsidiary_cell",FALSE
"TTGGTTGCGGTGCGCG-1_1_4","Leaf_primordium","Leaf_subsidiary_cell",FALSE
"TTGTGAACCTAATCCG-1_1_4","Leaf_rim","S_phase",FALSE
"TTGTGGTGGTACTAAG-1_1_4","Shoot_system_epidermis","Shoot_system_epidermis",TRUE
"TTGTTAGCAAATTCGA-1_1_4","Vascular_tissue","Bundle_sheath",FALSE
"TTGTTTCACATCCAGG-1_1_4","Vascular_tissue","Leaf_subsidiary_cell",FALSE
"TTGTTTCATTAGTCTA-1_1_4","Bundle_sheath","Leaf_subsidiary_cell",FALSE
"AAACAAGTATCTCCCA-1_1_5","Shoot_system_epidermis","Leaf_subsidiary_cell",FALSE
"AAACAGAGCGACTCCT-1_1_5","Bundle_sheath","Leaf_subsidiary_cell",FALSE
"AAAGGTAAGCTGTACC-1_1_5","Leaf_primordium","Bundle_sheath",FALSE
"AAATAACCATACGGGA-1_1_5","Vascular_tissue","Leaf_subsidiary_cell",FALSE
"AAATTGATAGTCCTTT-1_1_5","Bundle_sheath","Leaf_subsidiary_cell",FALSE
"AACAATACATTGTCGA-1_1_5","Leaf_primordium","Leaf_subsidiary_cell",FALSE
"AACAGCTGTGTGGCAA-1_1_5","Leaf_rim","Bundle_sheath",FALSE
"AACAGGTAGTATGGAT-1_1_5","Leaf_primordium","Leaf_primordium",TRUE
"AACATCGATACGTCTA-1_1_5","Leaf_primordium","Leaf_subsidiary_cell",FALSE
"AACCCGAGCAGAATCG-1_1_5","Leaf_rim","Leaf_subsidiary_cell",FALSE
"AACCTTTACGACGTCT-1_1_5","Leaf_primordium","Leaf_subsidiary_cell",FALSE
"AACGCATGATCTGGGT-1_1_5","Vascular_tissue","Leaf_subsidiary_cell",FALSE
"AACTCCTAATCCCATG-1_1_5","Leaf_primordium","Leaf_primordium",TRUE
"AACTCTCAGTGTGCTC-1_1_5","Leaf_primordium","Leaf_subsidiary_cell",FALSE
"AAGATGGCACCGGACC-1_1_5","Bundle_sheath","Leaf_subsidiary_cell",FALSE
"AAGCGGCGTCATGGGT-1_1_5","Bundle_sheath","Leaf_epidermis",FALSE
"AAGCGTCCCTCATCGA-1_1_5","Bundle_sheath","Leaf_subsidiary_cell",FALSE
"AAGGGACTATGCATTC-1_1_5","Leaf_primordium","Leaf_primordium",TRUE
"AAGTAGAAGACCGGGT-1_1_5","Pavement_cell_N","Leaf_subsidiary_cell",FALSE
"AAGTGAGTCGGGTTTA-1_1_5","Leaf_primordium","Leaf_subsidiary_cell",FALSE
"AAGTTCAGTCTGCGTA-1_1_5","Vascular_tissue","Leaf_subsidiary_cell",FALSE
"AATAACACTAGAACAA-1_1_5","Leaf_primordium","Leaf_subsidiary_cell",FALSE
"AATAGCTACCGCGTGC-1_1_5","Leaf_primordium","Leaf_primordium",TRUE
"AATCATGTAAAGACTC-1_1_5","Leaf_primordium","Leaf_primordium",TRUE
"AATCCAAGGGCCTGAG-1_1_5","Leaf_primordium","Leaf_primordium",TRUE
"AATGACTGTCAGCCGG-1_1_5","Leaf_primordium","Bundle_sheath",FALSE
"AATGGTTCTCACAAGC-1_1_5","Leaf_rim","Leaf_subsidiary_cell",FALSE
"AATGTGCCCGAGGTGT-1_1_5","Leaf_primordium","Leaf_subsidiary_cell",FALSE
"AATTTGGGACATAGTA-1_1_5","Leaf_primordium","Leaf_primordium",TRUE
"ACACCCAGCATGCAGC-1_1_5","Leaf_primordium","Leaf_subsidiary_cell",FALSE
"ACACCCGAGAAATCCG-1_1_5","Pavement_cell_N","Leaf_subsidiary_cell",FALSE
"ACACCTTAAGTAGGGC-1_1_5","Leaf_primordium","Leaf_primordium",TRUE
"ACACTGGGACAGTCGT-1_1_5","Bundle_sheath","Bundle_sheath",TRUE
"ACCAACACCACACACT-1_1_5","Leaf_primordium","Bundle_sheath",FALSE
"ACCAAGAACGCGTGTC-1_1_5","Vascular_tissue","Leaf_subsidiary_cell",FALSE
"ACCAGTGCCCGGTCAA-1_1_5","Leaf_primordium","Bundle_sheath",FALSE
"ACCCTATGCCATATCG-1_1_5","Bundle_sheath","Leaf_subsidiary_cell",FALSE
"ACCGATAGGCATAACC-1_1_5","Leaf_primordium","Leaf_subsidiary_cell",FALSE
"ACCGATATTTAATCAT-1_1_5","Leaf_primordium","Leaf_epidermis",FALSE
"ACCTCCGCCCTCGCTG-1_1_5","Leaf_rim","Leaf_subsidiary_cell",FALSE
"ACGCAAACTAATAGAT-1_1_5","Leaf_primordium","Leaf_primordium",TRUE
"ACGCATACGTTTACTA-1_1_5","Bundle_sheath","Leaf_subsidiary_cell",FALSE
"ACGGAGCGCAAATTAC-1_1_5","Bundle_sheath","Leaf_subsidiary_cell",FALSE
"ACGTTCGTTCAGGAAA-1_1_5","Leaf_rim","Leaf_subsidiary_cell",FALSE
"ACTACCAGCTCTCTGG-1_1_5","Leaf_primordium","Leaf_subsidiary_cell",FALSE
"ACTAGTTGCGATCGTC-1_1_5","Leaf_rim","Leaf_subsidiary_cell",FALSE
"ACTATATGCTGTGTTC-1_1_5","Bundle_sheath","Leaf_subsidiary_cell",FALSE
"ACTATCTGCCCGCGTA-1_1_5","Leaf_rim","Leaf_subsidiary_cell",FALSE
"ACTATTTCCGGGCCCA-1_1_5","Leaf_rim","Leaf_subsidiary_cell",FALSE
"ACTCCAATATCATCAT-1_1_5","Shoot_system_epidermis","Leaf_primordium",FALSE
"ACTTAGTACGACAAGA-1_1_5","Leaf_primordium","Bundle_sheath",FALSE
"ACTTGTGGATGGAACG-1_1_5","Pavement_cell_N","Leaf_subsidiary_cell",FALSE
"AGAATGCGGGTTCGGA-1_1_5","Bundle_sheath","Bundle_sheath",TRUE
"AGACCGCTCCGCGGTT-1_1_5","Pavement_cell_N","Leaf_subsidiary_cell",FALSE
"AGACGACGATGCCGCT-1_1_5","Leaf_primordium","Leaf_primordium",TRUE
"AGACGCCCACTTCGCC-1_1_5","Shoot_system_epidermis","Leaf_epidermis",FALSE
"AGACTGTTACCGGGTC-1_1_5","Vascular_tissue","Leaf_subsidiary_cell",FALSE
"AGAGAAGGAGTACAAT-1_1_5","Bundle_sheath","Leaf_subsidiary_cell",FALSE
"AGAGCCGCCGAGATTT-1_1_5","Leaf_primordium","Leaf_subsidiary_cell",FALSE
"AGAGGCTTCGGAAACC-1_1_5","Leaf_primordium","Mesophyll",FALSE
"AGAGTAAACTTCACTA-1_1_5","Leaf_primordium","Leaf_primordium",TRUE
"AGATACGACTTCATAT-1_1_5","Pavement_cell_N","Leaf_subsidiary_cell",FALSE
"AGCATCGTCGATAATT-1_1_5","Leaf_primordium","Leaf_subsidiary_cell",FALSE
"AGCCCGGTAGCCTGTA-1_1_5","Leaf_primordium","Leaf_subsidiary_cell",FALSE
"AGCCCTTCTAATCCGA-1_1_5","Pavement_cell_N","Leaf_subsidiary_cell",FALSE
"AGCCCTTGGACATCCC-1_1_5","Bundle_sheath","Leaf_subsidiary_cell",FALSE
"AGCGGGAAGGGTCCAT-1_1_5","Pavement_cell_N","Leaf_subsidiary_cell",FALSE
"AGCTCTTCCCAGTGCA-1_1_5","Shoot_system_epidermis","Leaf_primordium",FALSE
"AGCTGTAACCTCAATC-1_1_5","Vascular_tissue","Leaf_subsidiary_cell",FALSE
"AGGACATCGCACGTCG-1_1_5","Leaf_rim","Leaf_subsidiary_cell",FALSE
"AGGACGCTCGATGTTG-1_1_5","Bundle_sheath","Leaf_subsidiary_cell",FALSE
"AGGAGGCCTTCGCGCG-1_1_5","Leaf_primordium","Leaf_primordium",TRUE
"AGGCAGGGAGCGTACT-1_1_5","Vascular_tissue","Leaf_subsidiary_cell",FALSE
"AGGCGATAACTGGCGT-1_1_5","Leaf_primordium","Leaf_epidermis",FALSE
"AGGCGTCTATGGACGG-1_1_5","Leaf_primordium","Leaf_primordium",TRUE
"AGGGAAACGAGGTACT-1_1_5","Leaf_primordium","Leaf_primordium",TRUE
"AGGGCGTGATCGGCTA-1_1_5","Bundle_sheath","Leaf_subsidiary_cell",FALSE
"AGGGTCAGTAACCCTA-1_1_5","Leaf_primordium","Bundle_sheath",FALSE
"AGGGTGCCGTTCTTTA-1_1_5","Leaf_primordium","Leaf_primordium",TRUE
"AGGTAGATCGAGATAT-1_1_5","Bundle_sheath","Leaf_subsidiary_cell",FALSE
"AGTACCTTCGAGTGCT-1_1_5","Leaf_primordium","Leaf_subsidiary_cell",FALSE
"AGTAGGAAGGAAGTTG-1_1_5","Leaf_rim","Leaf_subsidiary_cell",FALSE
"AGTATGCTGGAGACCA-1_1_5","Leaf_primordium","Leaf_primordium",TRUE
"AGTCACTAGCTCTCGA-1_1_5","Leaf_primordium","Leaf_primordium",TRUE
"AGTCCCGCCTTTAATT-1_1_5","Leaf_rim","Leaf_subsidiary_cell",FALSE
"AGTCGGCCCAAACGAC-1_1_5","Leaf_primordium","Bundle_sheath",FALSE
"AGTCTCACAAGACTAC-1_1_5","Leaf_primordium","Leaf_primordium",TRUE
"AGTGTATTGCGCATTG-1_1_5","Leaf_rim","Leaf_subsidiary_cell",FALSE
"AGTTACTCTATCGTGG-1_1_5","Leaf_primordium","Leaf_subsidiary_cell",FALSE
"ATAAACGTTGCACCAC-1_1_5","Pavement_cell_N","Leaf_subsidiary_cell",FALSE
"ATAATAGTGTAGGGAC-1_1_5","Leaf_primordium","Leaf_rim",FALSE
"ATACCGTCATCCATAA-1_1_5","Leaf_primordium","Leaf_primordium",TRUE
"ATATTGCTGTCAAAGT-1_1_5","Bundle_sheath","Leaf_subsidiary_cell",FALSE
"ATATTGGAGAGGCCTT-1_1_5","Leaf_primordium","Leaf_subsidiary_cell",FALSE
"ATCCAACGCAGTCATA-1_1_5","Bundle_sheath","Bundle_sheath",TRUE
"ATCGGCAAGCAGTCCA-1_1_5","Leaf_primordium","Leaf_subsidiary_cell",FALSE
"ATCGTTCACTTTCGCC-1_1_5","Bundle_sheath","Leaf_subsidiary_cell",FALSE
"ATCTCCCACGGAATAT-1_1_5","Leaf_primordium","Leaf_subsidiary_cell",FALSE
"ATCTGACATGGAAGGA-1_1_5","Bundle_sheath","Leaf_subsidiary_cell",FALSE
"ATGAAGCCAAGGAGCC-1_1_5","Leaf_primordium","Leaf_subsidiary_cell",FALSE
"ATGACTATCAGCTGTG-1_1_5","Leaf_primordium","Leaf_epidermis",FALSE
"ATGAGGAGTGTTAATC-1_1_5","Shoot_system_epidermis","Shoot_system_epidermis",TRUE
"ATGCCAATCGCTCTGC-1_1_5","Pavement_cell_N","Leaf_subsidiary_cell",FALSE
"ATGCGACAATTGGTCC-1_1_5","Pavement_cell_N","Leaf_subsidiary_cell",FALSE
"ATGCGAGTCCCACCAC-1_1_5","Leaf_primordium","Leaf_subsidiary_cell",FALSE
"ATGCTTAGGAGTTGAT-1_1_5","Bundle_sheath","Leaf_subsidiary_cell",FALSE
"ATGTTACGAGCAATAC-1_1_5","Leaf_primordium","Bundle_sheath",FALSE
"ATTACATGTCAGTCTT-1_1_5","Vascular_tissue","Leaf_subsidiary_cell",FALSE
"ATTACTAGCCTCTTGC-1_1_5","Leaf_subsidiary_cell","Leaf_subsidiary_cell",TRUE
"ATTACTTACTGGGCAT-1_1_5","Leaf_primordium","Leaf_subsidiary_cell",FALSE
"ATTAGATTGATAGCGG-1_1_5","Leaf_primordium","Leaf_subsidiary_cell",FALSE
"ATTATGCCATAGGGAG-1_1_5","Leaf_primordium","Leaf_subsidiary_cell",FALSE
"ATTATTATGTCCGTCA-1_1_5","Bundle_sheath","Leaf_subsidiary_cell",FALSE
"ATTCAACCATTTAAGG-1_1_5","Leaf_primordium","Leaf_primordium",TRUE
"ATTCAGGACCTATTTC-1_1_5","Leaf_primordium","Leaf_subsidiary_cell",FALSE
"ATTCCTAAGACGTGGA-1_1_5","Vascular_tissue","Leaf_subsidiary_cell",FALSE
"ATTCCTCCGCCAGTGC-1_1_5","Leaf_primordium","Leaf_subsidiary_cell",FALSE
"ATTGCGATCAGTAACT-1_1_5","Leaf_primordium","Shoot_system_epidermis",FALSE
"ATTGGATTACAGCGTA-1_1_5","Leaf_primordium","Leaf_subsidiary_cell",FALSE
"ATTGTGACTTCGCTGC-1_1_5","Leaf_primordium","Bundle_sheath",FALSE
"ATTTCCGGGTTCTGCG-1_1_5","Bundle_sheath","Leaf_subsidiary_cell",FALSE
"ATTTGCGCGAGTAGCT-1_1_5","Leaf_primordium","Leaf_primordium",TRUE
"CAAAGATTATTGGGCC-1_1_5","Bundle_sheath","Leaf_subsidiary_cell",FALSE
"CAACCAGTGGCCTACC-1_1_5","Leaf_primordium","Leaf_subsidiary_cell",FALSE
"CAACGGTTCTTGATAC-1_1_5","Bundle_sheath","Leaf_subsidiary_cell",FALSE
"CAACGTGGTGGAGTCT-1_1_5","Bundle_sheath","Leaf_subsidiary_cell",FALSE
"CAACTCCTTGATCCCG-1_1_5","Pavement_cell_N","Leaf_subsidiary_cell",FALSE
"CAATATTCTTGACCTA-1_1_5","Leaf_primordium","Leaf_primordium",TRUE
"CACAAGAAAGATATTA-1_1_5","Leaf_primordium","Bundle_sheath",FALSE
"CACAGTTCGCTTCCCA-1_1_5","Leaf_rim","Leaf_subsidiary_cell",FALSE
"CACATCGTGCACGCGC-1_1_5","Bundle_sheath","Leaf_subsidiary_cell",FALSE
"CACATTCTTTCGATGG-1_1_5","Leaf_primordium","Leaf_primordium",TRUE
"CACCCACACGTCACCC-1_1_5","Pavement_cell_N","Leaf_subsidiary_cell",FALSE
"CACCCGGTTTGTGACT-1_1_5","Leaf_primordium","Leaf_subsidiary_cell",FALSE
"CACCGCGTCCACTCTA-1_1_5","Pavement_cell_N","Leaf_subsidiary_cell",FALSE
"CACCGTATCCCATCCG-1_1_5","Leaf_rim","Leaf_subsidiary_cell",FALSE
"CACCGTTAGGGATCAC-1_1_5","Leaf_primordium","Leaf_subsidiary_cell",FALSE
"CACGGCGCGCCAAAGG-1_1_5","Bundle_sheath","Leaf_subsidiary_cell",FALSE
"CACTCCTATGTAAGAT-1_1_5","Bundle_sheath","Leaf_subsidiary_cell",FALSE
"CACTCCTCTCGGTCGG-1_1_5","Leaf_primordium","Leaf_primordium",TRUE
"CACTCTTCTGCTAGCC-1_1_5","Leaf_primordium","Leaf_primordium",TRUE
"CACTGTCCAAGTGAGA-1_1_5","Leaf_primordium","Leaf_primordium",TRUE
"CACTTCGCCACAGGCT-1_1_5","Leaf_primordium","Leaf_primordium",TRUE
"CAGAATAACACACGGA-1_1_5","S_phase","Leaf_subsidiary_cell",FALSE
"CAGCAGTCCAGACTAT-1_1_5","Leaf_primordium","Leaf_primordium",TRUE
"CAGCCTCTCCTCAAGA-1_1_5","Pavement_cell_N","Leaf_subsidiary_cell",FALSE
"CAGCGATTCCCTTCAA-1_1_5","Bundle_sheath","Leaf_subsidiary_cell",FALSE
"CAGCTCGTGCTTGTGT-1_1_5","Leaf_primordium","Leaf_subsidiary_cell",FALSE
"CAGGCGCACGGTGGTC-1_1_5","Leaf_primordium","Leaf_subsidiary_cell",FALSE
"CAGTAACTATTTATTG-1_1_5","Bundle_sheath","Leaf_subsidiary_cell",FALSE
"CAGTACATTCTCTAAA-1_1_5","Leaf_rim","Leaf_subsidiary_cell",FALSE
"CAGTGTCCGCAGAATG-1_1_5","Leaf_rim","Leaf_subsidiary_cell",FALSE
"CATACAAAGCCGAACC-1_1_5","Leaf_primordium","Leaf_subsidiary_cell",FALSE
"CATAGCGTTGCCCACC-1_1_5","Pavement_cell_N","Leaf_subsidiary_cell",FALSE
"CATAGTAGCATAGTAG-1_1_5","Pavement_cell_N","Leaf_subsidiary_cell",FALSE
"CATCGCCCGCGGCCAA-1_1_5","Leaf_primordium","Leaf_subsidiary_cell",FALSE
"CATGGATTGTCTTCCG-1_1_5","Leaf_primordium","Leaf_primordium",TRUE
"CATGTAGGAGCGCCAA-1_1_5","Bundle_sheath","Leaf_subsidiary_cell",FALSE
"CCAAATAACAAGATTC-1_1_5","Bundle_sheath","Leaf_subsidiary_cell",FALSE
"CCAAGGAACAGAGAGG-1_1_5","Leaf_primordium","Pavement_cell_N",FALSE
"CCACCAACTTTACTGT-1_1_5","Leaf_primordium","Leaf_subsidiary_cell",FALSE
"CCACTGTTTGGATTAA-1_1_5","Leaf_primordium","Leaf_subsidiary_cell",FALSE
"CCAGAAAGCAACTCAT-1_1_5","Leaf_primordium","Leaf_subsidiary_cell",FALSE
"CCAGGCTGGCGTCTGA-1_1_5","Leaf_primordium","Leaf_subsidiary_cell",FALSE
"CCATATGGAAACTATA-1_1_5","Leaf_rim","Leaf_subsidiary_cell",FALSE
"CCATCCATACCAAGTC-1_1_5","Leaf_primordium","Leaf_subsidiary_cell",FALSE
"CCATGCCCTAGATTTC-1_1_5","Leaf_primordium","Leaf_subsidiary_cell",FALSE
"CCCAGAGGAGGGCGTA-1_1_5","Leaf_primordium","Leaf_primordium",TRUE
"CCCAGGTCTGAAGGCT-1_1_5","Bundle_sheath","Leaf_subsidiary_cell",FALSE
"CCCGAGTTTCTCCGTA-1_1_5","Leaf_primordium","Leaf_primordium",TRUE
"CCCGCCATGCTCCCGT-1_1_5","Pavement_cell_N","Leaf_subsidiary_cell",FALSE
"CCCGTAGCTGGGAAGA-1_1_5","Bundle_sheath","Leaf_subsidiary_cell",FALSE
"CCCGTCAGCGTCTGAC-1_1_5","Leaf_primordium","Leaf_subsidiary_cell",FALSE
"CCCGTTTCGCAGATGT-1_1_5","Pavement_cell_N","Leaf_subsidiary_cell",FALSE
"CCCTCATTCTGGAATT-1_1_5","Pavement_cell_N","Leaf_subsidiary_cell",FALSE
"CCCTCCTCGCTCGTAT-1_1_5","Leaf_primordium","Leaf_subsidiary_cell",FALSE
"CCGACGTAAACACAAC-1_1_5","Pavement_cell_N","Leaf_subsidiary_cell",FALSE
"CCGAGCTGTGCTTGTC-1_1_5","Leaf_primordium","Leaf_primordium",TRUE
"CCGGGACCCGCAGAGA-1_1_5","Leaf_primordium","Leaf_primordium",TRUE
"CCGGTTTGTAATTGTG-1_1_5","Bundle_sheath","Leaf_subsidiary_cell",FALSE
"CCGTACCCAAGCGCCA-1_1_5","Leaf_primordium","Bundle_sheath",FALSE
"CCGTAGGGTTGTTTAC-1_1_5","Leaf_primordium","Leaf_primordium",TRUE
"CCGTATTAGCGCAGTT-1_1_5","Leaf_primordium","Leaf_subsidiary_cell",FALSE
"CCTAACTAAGGCTCTA-1_1_5","Leaf_primordium","Leaf_primordium",TRUE
"CCTACAAGTCCGGAAT-1_1_5","Leaf_primordium","Bundle_sheath",FALSE
"CCTACGGCTCAGTCGA-1_1_5","Leaf_rim","Leaf_subsidiary_cell",FALSE
"CCTATACCGTCCTGTC-1_1_5","Bundle_sheath","Leaf_subsidiary_cell",FALSE
"CCTCACCAATCTTGAC-1_1_5","Leaf_primordium","Leaf_subsidiary_cell",FALSE
"CCTCGCGCGATATAGG-1_1_5","Leaf_primordium","Leaf_subsidiary_cell",FALSE
"CCTTCAGTTAAAGTGA-1_1_5","Leaf_primordium","Leaf_subsidiary_cell",FALSE
"CCTTGACCACTTTATT-1_1_5","Bundle_sheath","Leaf_subsidiary_cell",FALSE
"CGAAGCTATAAATTCA-1_1_5","Leaf_rim","Leaf_subsidiary_cell",FALSE
"CGAGAGGGTAGCCGCG-1_1_5","Pavement_cell_N","Leaf_subsidiary_cell",FALSE
"CGAGCGTTGATCAGCC-1_1_5","Leaf_primordium","Leaf_primordium",TRUE
"CGAGTGAAGGTACCAG-1_1_5","Leaf_primordium","Leaf_primordium",TRUE
"CGATCCTCGCAACATA-1_1_5","Leaf_primordium","Leaf_primordium",TRUE
"CGATGGACCCTACGCC-1_1_5","Leaf_primordium","Leaf_subsidiary_cell",FALSE
"CGCAATTACTTTCGGT-1_1_5","Leaf_primordium","Bundle_sheath",FALSE
"CGCCGTTCAGCATAGT-1_1_5","Leaf_primordium","Leaf_primordium",TRUE
"CGCGAGAGGGACTTGT-1_1_5","Leaf_rim","Leaf_subsidiary_cell",FALSE
"CGCGGTCACAAACCAA-1_1_5","Pavement_cell_N","Leaf_subsidiary_cell",FALSE
"CGCTATACCGCCCACT-1_1_5","Leaf_primordium","Bundle_sheath",FALSE
"CGCTCGACATAATGAT-1_1_5","Pavement_cell_N","Leaf_subsidiary_cell",FALSE
"CGCTGTGACGCCGCAC-1_1_5","Leaf_primordium","Leaf_primordium",TRUE
"CGCTGTGTGGATGTTG-1_1_5","Bundle_sheath","Leaf_subsidiary_cell",FALSE
"CGCTTCCACTGAAATC-1_1_5","S_phase","Leaf_subsidiary_cell",FALSE
"CGCTTTCATACCGGTG-1_1_5","Leaf_primordium","Leaf_primordium",TRUE
"CGGAAAGAATCAAACG-1_1_5","Leaf_primordium","Leaf_subsidiary_cell",FALSE
"CGGCAATAAGATCGCC-1_1_5","Pavement_cell_N","Leaf_subsidiary_cell",FALSE
"CGGGTTTGTTAGGGCT-1_1_5","Vascular_tissue","Leaf_subsidiary_cell",FALSE
"CGGTATAGGTATTAGC-1_1_5","Leaf_rim","Leaf_subsidiary_cell",FALSE
"CGGTGGGCTCCAGCCT-1_1_5","Bundle_sheath","Leaf_subsidiary_cell",FALSE
"CGGTTTATGAAGGAAC-1_1_5","Leaf_rim","Leaf_epidermis",FALSE
"CGTGCTTCTACCTAAA-1_1_5","Shoot_system_epidermis","Leaf_primordium",FALSE
"CGTGGTACCCAAAGGC-1_1_5","Leaf_primordium","Leaf_primordium",TRUE
"CGTTAGCTCACAACTG-1_1_5","Vascular_tissue","Pavement_cell_N",FALSE
"CGTTGAGTAATTGCGT-1_1_5","Bundle_sheath","Leaf_subsidiary_cell",FALSE
"CGTTTGTGTAGAGGGT-1_1_5","Bundle_sheath","Leaf_subsidiary_cell",FALSE
"CTAAATCCGGTGTACA-1_1_5","Bundle_sheath","Leaf_subsidiary_cell",FALSE
"CTAACTGATAATCGCC-1_1_5","Leaf_rim","Leaf_primordium",FALSE
"CTACAAGAAATAACCC-1_1_5","Bundle_sheath","Leaf_subsidiary_cell",FALSE
"CTACACTCGCAGATGG-1_1_5","Leaf_primordium","Leaf_primordium",TRUE
"CTACTCAAGGTATAGT-1_1_5","Bundle_sheath","Leaf_subsidiary_cell",FALSE
"CTAGACTGCATTTCGT-1_1_5","Leaf_primordium","Bundle_sheath",FALSE
"CTAGCCGATGTTATGA-1_1_5","Leaf_primordium","Leaf_subsidiary_cell",FALSE
"CTATAGGCGTTGATGT-1_1_5","Bundle_sheath","Leaf_subsidiary_cell",FALSE
"CTATCGCGTAGAGAAC-1_1_5","Leaf_rim","Leaf_subsidiary_cell",FALSE
"CTATGGGAAGCGGAAT-1_1_5","Pavement_cell_N","Leaf_subsidiary_cell",FALSE
"CTATTGTGTTTGGTCA-1_1_5","Leaf_rim","Leaf_subsidiary_cell",FALSE
"CTCAAACCACTGCCCG-1_1_5","Leaf_primordium","Leaf_epidermis",FALSE
"CTCAAGACATTAGCGC-1_1_5","Bundle_sheath","Leaf_subsidiary_cell",FALSE
"CTCCCAATGAGTCGCG-1_1_5","Leaf_rim","Leaf_subsidiary_cell",FALSE
"CTCCTGTTCAAGGCAG-1_1_5","Leaf_rim","Leaf_subsidiary_cell",FALSE
"CTCGATATTTGCGAGC-1_1_5","Bundle_sheath","Leaf_subsidiary_cell",FALSE
"CTCGGGTTCTCTGGCC-1_1_5","Leaf_primordium","Leaf_primordium",TRUE
"CTCGGTTGTCGGCCCT-1_1_5","Leaf_primordium","Leaf_subsidiary_cell",FALSE
"CTCGTTTCTAATGTTT-1_1_5","Bundle_sheath","Leaf_subsidiary_cell",FALSE
"CTGAATTTATTGCCAG-1_1_5","Shoot_system_epidermis","Leaf_primordium",FALSE
"CTGACATAGAAATAGA-1_1_5","Bundle_sheath","Leaf_subsidiary_cell",FALSE
"CTGAGAAAGTTCGGCG-1_1_5","Leaf_primordium","Leaf_primordium",TRUE
"CTGCAAGCACGTTCCG-1_1_5","Leaf_primordium","Leaf_primordium",TRUE
"CTGCACCTGGAACCGC-1_1_5","Leaf_primordium","Leaf_primordium",TRUE
"CTGTAGCCATCTCACT-1_1_5","Leaf_rim","Leaf_subsidiary_cell",FALSE
"CTGTATGGTGTAGAAA-1_1_5","Leaf_primordium","Leaf_subsidiary_cell",FALSE
"CTGTCACGCCAGGCGC-1_1_5","Leaf_primordium","Bundle_sheath",FALSE
"CTTACACTGGGAAATA-1_1_5","Leaf_rim","Leaf_subsidiary_cell",FALSE
"CTTATAGATGGCTGTT-1_1_5","Shoot_system_epidermis","Leaf_subsidiary_cell",FALSE
"CTTCTGGGCGTACCTA-1_1_5","Leaf_primordium","Leaf_primordium",TRUE
"CTTGTACTTGTTGACT-1_1_5","Leaf_primordium","Leaf_subsidiary_cell",FALSE
"CTTGTGCTCACCGATT-1_1_5","Bundle_sheath","Leaf_subsidiary_cell",FALSE
"CTTGTTTATGTAGCCA-1_1_5","Leaf_primordium","Bundle_sheath",FALSE
"CTTTGGGATTGTTGCA-1_1_5","Leaf_primordium","Leaf_subsidiary_cell",FALSE
"GAAATATGCTTGAATG-1_1_5","Leaf_primordium","Leaf_subsidiary_cell",FALSE
"GAAATTAGCACGGATA-1_1_5","Pavement_cell_N","Leaf_subsidiary_cell",FALSE
"GAAATTCACATCGCTG-1_1_5","Leaf_primordium","Leaf_primordium",TRUE
"GAACACACATCAACCA-1_1_5","Leaf_primordium","Leaf_subsidiary_cell",FALSE
"GAACGCGGGTCACACG-1_1_5","Leaf_primordium","Leaf_primordium",TRUE
"GAAGAAACGATATTGT-1_1_5","Leaf_rim","Leaf_subsidiary_cell",FALSE
"GAAGAACGGTGCAGGT-1_1_5","Vascular_tissue","Leaf_subsidiary_cell",FALSE
"GAATAGCCCTGCGGTC-1_1_5","Leaf_primordium","Leaf_subsidiary_cell",FALSE
"GAATAGTGCTCGATTA-1_1_5","Bundle_sheath","Leaf_subsidiary_cell",FALSE
"GAATCGACATGGTCAC-1_1_5","Leaf_primordium","Leaf_primordium",TRUE
"GAATGTATGGCAGGTC-1_1_5","Leaf_primordium","Leaf_subsidiary_cell",FALSE
"GACAACGCAGCTTACG-1_1_5","Leaf_primordium","Leaf_subsidiary_cell",FALSE
"GACACTGGAACCCGAT-1_1_5","Pavement_cell_N","Leaf_subsidiary_cell",FALSE
"GACCGCGTCTGACGTG-1_1_5","Leaf_primordium","Leaf_subsidiary_cell",FALSE
"GACGAGGCTAATAAAC-1_1_5","Leaf_primordium","Leaf_primordium",TRUE
"GACTCGGTCGGCGGAT-1_1_5","Leaf_primordium","Bundle_sheath",FALSE
"GACTGATTGGTCACAA-1_1_5","Leaf_primordium","Bundle_sheath",FALSE
"GAGACCCTGCAACGCC-1_1_5","Leaf_primordium","Leaf_subsidiary_cell",FALSE
"GAGCATCAACAACTTG-1_1_5","Leaf_primordium","Leaf_primordium",TRUE
"GAGCATCATCCCTGGG-1_1_5","Bundle_sheath","Leaf_subsidiary_cell",FALSE
"GAGCCGAGCGTTTATT-1_1_5","Pavement_cell_N","Leaf_subsidiary_cell",FALSE
"GAGCTCTCGGACCTAA-1_1_5","Bundle_sheath","Leaf_subsidiary_cell",FALSE
"GAGCTGTCGTCTCGGA-1_1_5","Leaf_primordium","Leaf_primordium",TRUE
"GAGTACGGGTATACAA-1_1_5","Bundle_sheath","Leaf_subsidiary_cell",FALSE
"GAGTATCAAAGTTACA-1_1_5","Leaf_primordium","Bundle_sheath",FALSE
"GAGTCAGACCAGAATC-1_1_5","Leaf_primordium","Bundle_sheath",FALSE
"GATAAATCGGTGGATG-1_1_5","Leaf_rim","Leaf_subsidiary_cell",FALSE
"GATATGCGGTAGCCAA-1_1_5","Leaf_primordium","Leaf_primordium",TRUE
"GATATTTCCTACATGG-1_1_5","Leaf_primordium","Leaf_primordium",TRUE
"GATCAACATAAAGGGA-1_1_5","Bundle_sheath","Pavement_cell_N",FALSE
"GATCTCGACGCTGTGG-1_1_5","Leaf_primordium","Bundle_sheath",FALSE
"GATGACAAGTAGGGCA-1_1_5","Bundle_sheath","Leaf_subsidiary_cell",FALSE
"GATGCTACAAGCGCCT-1_1_5","Leaf_primordium","Bundle_sheath",FALSE
"GATGTTTGTGCGAGAT-1_1_5","Leaf_primordium","Bundle_sheath",FALSE
"GCAACCACCAGACCGG-1_1_5","Leaf_primordium","Leaf_subsidiary_cell",FALSE
"GCAAGATGTGTTCGCG-1_1_5","Bundle_sheath","Leaf_subsidiary_cell",FALSE
"GCAAGTGCACAGAGAA-1_1_5","Leaf_primordium","Shoot_system_epidermis",FALSE
"GCACGCCTACTTAGAT-1_1_5","Bundle_sheath","Leaf_subsidiary_cell",FALSE
"GCAGCTATGGACAGGT-1_1_5","Leaf_primordium","Leaf_subsidiary_cell",FALSE
"GCAGGTAGAGTATGGT-1_1_5","Leaf_primordium","Leaf_subsidiary_cell",FALSE
"GCAGTTCGATCCGAGC-1_1_5","Leaf_rim","Leaf_subsidiary_cell",FALSE
"GCATCGGCCGTGTAGG-1_1_5","Bundle_sheath","Leaf_primordium",FALSE
"GCCACTCCTTACGGTA-1_1_5","Bundle_sheath","Leaf_subsidiary_cell",FALSE
"GCCCACCAAGGCTGTC-1_1_5","Leaf_primordium","Bundle_sheath",FALSE
"GCCCAGTTGGTATGCC-1_1_5","Bundle_sheath","Leaf_subsidiary_cell",FALSE
"GCCCGCGCGTTTGACA-1_1_5","Leaf_rim","Leaf_subsidiary_cell",FALSE
"GCCGACCCACGACTGC-1_1_5","Leaf_primordium","Leaf_subsidiary_cell",FALSE
"GCCTAGCGATCTGACC-1_1_5","Bundle_sheath","Leaf_subsidiary_cell",FALSE
"GCCTTCAGCCCTACCG-1_1_5","Leaf_primordium","Leaf_primordium",TRUE
"GCGAAACGATCGGGAG-1_1_5","Leaf_primordium","Leaf_primordium",TRUE
"GCGCCTCCCACTCCGA-1_1_5","Leaf_primordium","Leaf_primordium",TRUE
"GCGGAGAAACTTCGCA-1_1_5","Bundle_sheath","Leaf_subsidiary_cell",FALSE
"GCGGCAAAGTATTGCC-1_1_5","Leaf_primordium","Leaf_subsidiary_cell",FALSE
"GCGGGAACCAGGCCCT-1_1_5","Leaf_rim","Leaf_subsidiary_cell",FALSE
"GCGGTCCCTAGACGCA-1_1_5","Leaf_primordium","Leaf_primordium",TRUE
"GCGTTCGGAGACCGGG-1_1_5","Bundle_sheath","Leaf_subsidiary_cell",FALSE
"GCTAATACCGAATGCC-1_1_5","Leaf_primordium","Leaf_subsidiary_cell",FALSE
"GCTAGCAGGGAGTGGG-1_1_5","Bundle_sheath","Leaf_subsidiary_cell",FALSE
"GCTCAATCCGTTTATT-1_1_5","Leaf_primordium","Leaf_primordium",TRUE
"GCTCATTACTGCATGT-1_1_5","Leaf_primordium","Leaf_subsidiary_cell",FALSE
"GCTCCTGACATACTGG-1_1_5","S_phase","Leaf_subsidiary_cell",FALSE
"GCTCTATGTTACGTGC-1_1_5","Leaf_primordium","Leaf_primordium",TRUE
"GCTGGACCCAAAGTGG-1_1_5","Leaf_primordium","Leaf_subsidiary_cell",FALSE
"GCTTGATGATAATCAG-1_1_5","Leaf_rim","Leaf_subsidiary_cell",FALSE
"GGAAACCTTGTTGAAT-1_1_5","Leaf_primordium","Leaf_primordium",TRUE
"GGAAACTAAATGGGCC-1_1_5","Leaf_primordium","Leaf_primordium",TRUE
"GGAAAGTGCCCATGCC-1_1_5","Leaf_primordium","Leaf_primordium",TRUE
"GGAACTTTGGCGATTA-1_1_5","Leaf_primordium","Bundle_sheath",FALSE
"GGACCTACGGTAACGT-1_1_5","Leaf_primordium","Leaf_subsidiary_cell",FALSE
"GGACCTCTAGGCCGCC-1_1_5","Leaf_primordium","Leaf_subsidiary_cell",FALSE
"GGACTCGTGAGTGGTC-1_1_5","Bundle_sheath","Leaf_rim",FALSE
"GGACTCTTCCGGTTGA-1_1_5","Leaf_primordium","Leaf_epidermis",FALSE
"GGAGAAGTCATTGGCA-1_1_5","Leaf_primordium","Leaf_subsidiary_cell",FALSE
"GGAGCAACATTTCAAG-1_1_5","Leaf_primordium","Leaf_subsidiary_cell",FALSE
"GGAGTGCCGCCCTGGA-1_1_5","Leaf_primordium","Leaf_subsidiary_cell",FALSE
"GGATCATCCCGTACGC-1_1_5","Bundle_sheath","Leaf_subsidiary_cell",FALSE
"GGATCTTACTGCCCTT-1_1_5","Leaf_rim","Leaf_subsidiary_cell",FALSE
"GGATTCAGTACGGTGG-1_1_5","Pavement_cell_N","Leaf_subsidiary_cell",FALSE
"GGCACTCAGCCGACCC-1_1_5","Leaf_primordium","Leaf_epidermis",FALSE
"GGCAGCGGTAATCCTA-1_1_5","Bundle_sheath","Leaf_subsidiary_cell",FALSE
"GGCCGTTTGGGTTTCA-1_1_5","Bundle_sheath","Leaf_subsidiary_cell",FALSE
"GGCCTGCTTCTCCCGA-1_1_5","Pavement_cell_N","Leaf_subsidiary_cell",FALSE
"GGCTAAAGGGCGGGTC-1_1_5","Pavement_cell_N","Leaf_subsidiary_cell",FALSE
"GGCTACTATACACTCC-1_1_5","Leaf_rim","Leaf_epidermis",FALSE
"GGCTCCTCCACCTGTT-1_1_5","Bundle_sheath","Leaf_subsidiary_cell",FALSE
"GGCTGAGCATCGTAAG-1_1_5","Bundle_sheath","Leaf_subsidiary_cell",FALSE
"GGGAACGGTTTCAGAT-1_1_5","Shoot_system_epidermis","Shoot_system_epidermis",TRUE
"GGGAATGAGCCCTCAC-1_1_5","Leaf_primordium","Leaf_subsidiary_cell",FALSE
"GGTAACCGGGAGGATA-1_1_5","Leaf_primordium","Bundle_sheath",FALSE
"GGTAACTATGTATCTG-1_1_5","Leaf_primordium","Leaf_primordium",TRUE
"GGTCAAGACTACTTCG-1_1_5","Pavement_cell_N","Leaf_subsidiary_cell",FALSE
"GGTCGGATAAACGGCG-1_1_5","Leaf_primordium","Leaf_subsidiary_cell",FALSE
"GGTCGGTAATTAGACA-1_1_5","Leaf_primordium","Leaf_subsidiary_cell",FALSE
"GGTCTCTGAATGGACT-1_1_5","Pavement_cell_N","Leaf_subsidiary_cell",FALSE
"GGTGAGATGCAGATAA-1_1_5","Vascular_tissue","Pavement_cell_N",FALSE
"GGTGCAGAGCCTATCG-1_1_5","Leaf_rim","Leaf_subsidiary_cell",FALSE
"GGTGCGGATAAGTGGC-1_1_5","S_phase","Leaf_subsidiary_cell",FALSE
"GGTTTGACAAGAAGCT-1_1_5","Leaf_primordium","Leaf_subsidiary_cell",FALSE
"GGTTTGAGTGCTGGAA-1_1_5","Leaf_primordium","Leaf_subsidiary_cell",FALSE
"GGTTTGTGACCTGAGG-1_1_5","Leaf_primordium","Leaf_primordium",TRUE
"GTAACATCTAAGATAA-1_1_5","Bundle_sheath","Leaf_subsidiary_cell",FALSE
"GTACGTCACGTATTAA-1_1_5","Bundle_sheath","Leaf_subsidiary_cell",FALSE
"GTACTTGGGCACTTCT-1_1_5","Pavement_cell_N","Leaf_subsidiary_cell",FALSE
"GTAGACGTCGTTACAT-1_1_5","Leaf_primordium","Bundle_sheath",FALSE
"GTAGCTCCGGGAGGCT-1_1_5","Vascular_tissue","Leaf_subsidiary_cell",FALSE
"GTAGTTCGAAGGCGAA-1_1_5","Bundle_sheath","Leaf_subsidiary_cell",FALSE
"GTATCAAACGTTAGCT-1_1_5","Leaf_primordium","Leaf_subsidiary_cell",FALSE
"GTATCAGCTTGGGTTC-1_1_5","Bundle_sheath","Leaf_subsidiary_cell",FALSE
"GTATTTAATGGCATAA-1_1_5","Leaf_primordium","Leaf_rim",FALSE
"GTCGATAGGTGACTTT-1_1_5","Leaf_primordium","Bundle_sheath",FALSE
"GTCGTATTGGCGTACA-1_1_5","Bundle_sheath","Leaf_subsidiary_cell",FALSE
"GTGAAGCCGTATAGTC-1_1_5","Leaf_primordium","Leaf_primordium",TRUE
"GTGATGCACAACATCT-1_1_5","Leaf_rim","Leaf_subsidiary_cell",FALSE
"GTGCCTCAGTGTACGG-1_1_5","Leaf_primordium","Leaf_primordium",TRUE
"GTGGACGTGCTGAGAC-1_1_5","Bundle_sheath","Leaf_subsidiary_cell",FALSE
"GTGGAGTCGGCGGTTG-1_1_5","Bundle_sheath","Pavement_cell_N",FALSE
"GTGGTATAGTCTGCCG-1_1_5","Bundle_sheath","Leaf_subsidiary_cell",FALSE
"GTTATAATACGGTGAA-1_1_5","Pavement_cell_N","Leaf_subsidiary_cell",FALSE
"GTTCCAGTCTGACCAT-1_1_5","Leaf_primordium","Leaf_subsidiary_cell",FALSE
"GTTCCCGTAAACATAT-1_1_5","Leaf_primordium","Bundle_sheath",FALSE
"GTTCGCTGAGACGTCT-1_1_5","Leaf_rim","Leaf_subsidiary_cell",FALSE
"GTTCTTCCCTCGATGT-1_1_5","Leaf_primordium","Bundle_sheath",FALSE
"GTTGCACGGAGTTTCG-1_1_5","G2_M_phase","Leaf_primordium",FALSE
"GTTGGATTCAGTGGCT-1_1_5","Pavement_cell_N","Leaf_subsidiary_cell",FALSE
"GTTGTCGTGTTAGTTG-1_1_5","Leaf_rim","Leaf_subsidiary_cell",FALSE
"GTTTCAAACGAGTTGT-1_1_5","Leaf_primordium","Leaf_subsidiary_cell",FALSE
"GTTTGGTGATCGGTGC-1_1_5","Leaf_primordium","Leaf_primordium",TRUE
"TAAACCCAGGAGGGCA-1_1_5","Bundle_sheath","Leaf_subsidiary_cell",FALSE
"TAAAGCTGCAATAGGG-1_1_5","Bundle_sheath","Leaf_subsidiary_cell",FALSE
"TAAATGCCGTCTCATG-1_1_5","Leaf_primordium","Leaf_subsidiary_cell",FALSE
"TAACAAAGGGAGAAGC-1_1_5","Leaf_rim","Leaf_subsidiary_cell",FALSE
"TAAGCCCTTACGACCA-1_1_5","Leaf_primordium","Leaf_subsidiary_cell",FALSE
"TAAGGCATAACATCAA-1_1_5","Leaf_primordium","Leaf_subsidiary_cell",FALSE
"TAATATTGAAATTCGC-1_1_5","Bundle_sheath","Leaf_subsidiary_cell",FALSE
"TACATGCCGGAATTGT-1_1_5","Leaf_primordium","Leaf_subsidiary_cell",FALSE
"TACGCCGAGGGTACCC-1_1_5","Bundle_sheath","Leaf_subsidiary_cell",FALSE
"TACGCTCGGTATTGGA-1_1_5","Leaf_primordium","Leaf_subsidiary_cell",FALSE
"TACGTACTAGTGCTGA-1_1_5","Bundle_sheath","Leaf_subsidiary_cell",FALSE
"TACGTGCACTATGCTG-1_1_5","Leaf_primordium","Leaf_subsidiary_cell",FALSE
"TACTATGGTTCCTCAG-1_1_5","Leaf_primordium","Leaf_subsidiary_cell",FALSE
"TACTCCTCTAGTTGAC-1_1_5","Leaf_primordium","Leaf_rim",FALSE
"TACTCTTACTTTACTG-1_1_5","S_phase","Leaf_subsidiary_cell",FALSE
"TACTCTTTCGTCTTCA-1_1_5","Pavement_cell_N","Leaf_subsidiary_cell",FALSE
"TACTGAACAGATTTAG-1_1_5","Leaf_primordium","Leaf_subsidiary_cell",FALSE
"TACTGCAATCAATTAC-1_1_5","Leaf_primordium","Leaf_subsidiary_cell",FALSE
"TAGTAGCTTATACCAG-1_1_5","S_phase","Leaf_subsidiary_cell",FALSE
"TAGTCTGTGACGTTGC-1_1_5","Leaf_primordium","Leaf_subsidiary_cell",FALSE
"TAGTCTTTCCGAATTG-1_1_5","Leaf_primordium","Leaf_primordium",TRUE
"TATAAATCCACAAGCT-1_1_5","Bundle_sheath","Leaf_subsidiary_cell",FALSE
"TATAAGTGAGGATAGC-1_1_5","Bundle_sheath","Leaf_subsidiary_cell",FALSE
"TATACACGCAAAGTAT-1_1_5","Leaf_primordium","Leaf_subsidiary_cell",FALSE
"TATATAGGGCTTTACG-1_1_5","Bundle_sheath","Leaf_subsidiary_cell",FALSE
"TATATTACAAATGTCG-1_1_5","Pavement_cell_N","Leaf_subsidiary_cell",FALSE
"TATCACTTCGAGTAAC-1_1_5","Leaf_rim","Leaf_subsidiary_cell",FALSE
"TATCCATATCATGCGA-1_1_5","Leaf_primordium","Leaf_subsidiary_cell",FALSE
"TATCGATGATTAAACG-1_1_5","Leaf_primordium","Leaf_subsidiary_cell",FALSE
"TATGTCAAGACCGACT-1_1_5","Leaf_primordium","Leaf_primordium",TRUE
"TATTAACCTGACCGCG-1_1_5","Bundle_sheath","Leaf_subsidiary_cell",FALSE
"TATTTGATTTGCACAG-1_1_5","Bundle_sheath","Leaf_subsidiary_cell",FALSE
"TATTTGTTACCCTTTA-1_1_5","Leaf_primordium","Leaf_subsidiary_cell",FALSE
"TCAACAAAGATAATTC-1_1_5","Leaf_primordium","Leaf_subsidiary_cell",FALSE
"TCAACATAGCGCCCTA-1_1_5","Bundle_sheath","Leaf_subsidiary_cell",FALSE
"TCAACTGCAGAGTCAG-1_1_5","Pavement_cell_N","Leaf_subsidiary_cell",FALSE
"TCAAGCGCGGACGGTA-1_1_5","Bundle_sheath","Leaf_subsidiary_cell",FALSE
"TCACGGTCATCGCACA-1_1_5","Leaf_primordium","Leaf_subsidiary_cell",FALSE
"TCACTACGACCAATGC-1_1_5","Bundle_sheath","Leaf_subsidiary_cell",FALSE
"TCACTCGTGCAACGGC-1_1_5","Pavement_cell_N","Leaf_subsidiary_cell",FALSE
"TCAGCAGTAGGCCCTG-1_1_5","Bundle_sheath","Leaf_subsidiary_cell",FALSE
"TCAGTGTATACGTCAT-1_1_5","Bundle_sheath","Leaf_subsidiary_cell",FALSE
"TCATCACTCGAGCTCG-1_1_5","Leaf_primordium","Bundle_sheath",FALSE
"TCATCGATGGTCCCAA-1_1_5","Leaf_rim","Leaf_subsidiary_cell",FALSE
"TCATTTAGAAGTGTGA-1_1_5","Bundle_sheath","Leaf_subsidiary_cell",FALSE
"TCCAGCGCTATAAGCG-1_1_5","Leaf_rim","Leaf_subsidiary_cell",FALSE
"TCCGAAGTAGTCACCA-1_1_5","Pavement_cell_N","Leaf_subsidiary_cell",FALSE
"TCCGCGGCCCAATGAA-1_1_5","Leaf_primordium","Leaf_primordium",TRUE
"TCCGGAGGAAGGGCTG-1_1_5","Leaf_primordium","Leaf_subsidiary_cell",FALSE
"TCCGTTAAGCTAATAT-1_1_5","Leaf_primordium","Leaf_subsidiary_cell",FALSE
"TCCTAACCGTCGGGCA-1_1_5","Leaf_primordium","Bundle_sheath",FALSE
"TCCTGCCAACTGGAGA-1_1_5","Leaf_primordium","Leaf_subsidiary_cell",FALSE
"TCCTGGCGCTGCCTGG-1_1_5","Bundle_sheath","Leaf_subsidiary_cell",FALSE
"TCGAATATCCCGCAGG-1_1_5","Bundle_sheath","Leaf_subsidiary_cell",FALSE
"TCGAGGGCAACAGACG-1_1_5","Bundle_sheath","Leaf_subsidiary_cell",FALSE
"TCGCATCCCTAAGTGT-1_1_5","Leaf_primordium","Bundle_sheath",FALSE
"TCGCGTAGCAGTGTCC-1_1_5","Bundle_sheath","Bundle_sheath",TRUE
"TCGCTAAACCGCTATC-1_1_5","Vascular_tissue","Leaf_subsidiary_cell",FALSE
"TCGCTGTGCGTAAATC-1_1_5","S_phase","Leaf_subsidiary_cell",FALSE
"TCGGCGAACCCAAACC-1_1_5","Leaf_primordium","Leaf_subsidiary_cell",FALSE
"TCGGTGACCGCTCCGG-1_1_5","Vascular_tissue","Leaf_subsidiary_cell",FALSE
"TCGTAAGCTCCGAGGA-1_1_5","Leaf_rim","Leaf_subsidiary_cell",FALSE
"TCGTCAAGTACGCGCA-1_1_5","Bundle_sheath","Leaf_subsidiary_cell",FALSE
"TCGTCCGCTGGCGTCT-1_1_5","S_phase","Leaf_subsidiary_cell",FALSE
"TCGTGTATTGGTCACG-1_1_5","Bundle_sheath","Leaf_subsidiary_cell",FALSE
"TCGTGTTCGACCACAA-1_1_5","Pavement_cell_N","Leaf_subsidiary_cell",FALSE
"TCGTTGCTATCCGGTC-1_1_5","Leaf_primordium","Leaf_subsidiary_cell",FALSE
"TCTACCCAATAGAGAG-1_1_5","Bundle_sheath","Leaf_subsidiary_cell",FALSE
"TCTAGCATCTTCGATG-1_1_5","Bundle_sheath","Leaf_subsidiary_cell",FALSE
"TCTATCATGCAGTTAC-1_1_5","Bundle_sheath","Leaf_subsidiary_cell",FALSE
"TCTATTACGCTGGCGA-1_1_5","Bundle_sheath","Leaf_subsidiary_cell",FALSE
"TCTCGAACGAGGTCAC-1_1_5","Pavement_cell_N","Leaf_subsidiary_cell",FALSE
"TCTCGAGGAGGTTCGC-1_1_5","Bundle_sheath","Leaf_subsidiary_cell",FALSE
"TCTCTAATAGCTGGTA-1_1_5","Leaf_primordium","Leaf_subsidiary_cell",FALSE
"TCTCTCGCCGCACATA-1_1_5","Vascular_tissue","Pavement_cell_N",FALSE
"TCTCTTACCGCGAACC-1_1_5","Leaf_primordium","Leaf_subsidiary_cell",FALSE
"TCTGAGCAATTGACTG-1_1_5","Bundle_sheath","Leaf_subsidiary_cell",FALSE
"TCTTACAGAGGTACCG-1_1_5","Bundle_sheath","Pavement_cell_N",FALSE
"TCTTACCGGAACTCGT-1_1_5","Leaf_primordium","Leaf_primordium",TRUE
"TCTTTAGAGTCTAACA-1_1_5","Vascular_tissue","Leaf_subsidiary_cell",FALSE
"TCTTTCCTTCGAGATA-1_1_5","Leaf_primordium","Bundle_sheath",FALSE
"TGAACAAGCAGGGACT-1_1_5","Leaf_primordium","Leaf_subsidiary_cell",FALSE
"TGAATATGCTATAAAC-1_1_5","Bundle_sheath","Bundle_sheath",TRUE
"TGACACTTCTCTTTGC-1_1_5","Bundle_sheath","Leaf_subsidiary_cell",FALSE
"TGAGAATGCTTTACCG-1_1_5","Leaf_primordium","Leaf_primordium",TRUE
"TGAGATTAGGCCCTAA-1_1_5","Leaf_primordium","Leaf_subsidiary_cell",FALSE
"TGAGTTAAAGACATTC-1_1_5","Bundle_sheath","Leaf_primordium",FALSE
"TGATACATTTAGCCGT-1_1_5","Leaf_primordium","Leaf_subsidiary_cell",FALSE
"TGATCTACGCTGATCT-1_1_5","Bundle_sheath","Leaf_subsidiary_cell",FALSE
"TGATGTCAATTAAGTG-1_1_5","Leaf_primordium","Leaf_primordium",TRUE
"TGATTTCCTCCTGACG-1_1_5","Vascular_tissue","Leaf_subsidiary_cell",FALSE
"TGCAATTTGGGCACGG-1_1_5","Bundle_sheath","Leaf_subsidiary_cell",FALSE
"TGCCTAATTGAAGATT-1_1_5","Pavement_cell_N","Leaf_subsidiary_cell",FALSE
"TGCGACGGCCGAACGT-1_1_5","Leaf_primordium","Bundle_sheath",FALSE
"TGCTGGTTGGACAATT-1_1_5","Leaf_rim","Leaf_subsidiary_cell",FALSE
"TGGCCGTATATTGACC-1_1_5","Leaf_primordium","Leaf_primordium",TRUE
"TGGCGACTGCTCCAAA-1_1_5","Leaf_primordium","Pavement_cell_N",FALSE
"TGGCTTTGGGTAGACA-1_1_5","Leaf_primordium","Leaf_subsidiary_cell",FALSE
"TGGGATGCACTCATTC-1_1_5","Bundle_sheath","Leaf_subsidiary_cell",FALSE
"TGTCATTTGTTGGGAA-1_1_5","Leaf_primordium","Leaf_primordium",TRUE
"TGTGCCGGTGCCGGAA-1_1_5","Leaf_primordium","Leaf_primordium",TRUE
"TGTGTAGTAGCACGTG-1_1_5","Bundle_sheath","Leaf_subsidiary_cell",FALSE
"TGTGTCGCGAGTTGCA-1_1_5","Leaf_primordium","Bundle_sheath",FALSE
"TGTTTGAGATCGTCAG-1_1_5","Leaf_primordium","Leaf_primordium",TRUE
"TTACATCGTGGCCTGG-1_1_5","Vascular_tissue","Leaf_subsidiary_cell",FALSE
"TTAGAATAAGGGTCGG-1_1_5","Leaf_rim","Leaf_subsidiary_cell",FALSE
"TTAGCTAATACGATCT-1_1_5","Leaf_primordium","Leaf_subsidiary_cell",FALSE
"TTAGGTCATAACCGAC-1_1_5","Bundle_sheath","Leaf_subsidiary_cell",FALSE
"TTATCCAATCGAACTC-1_1_5","Leaf_primordium","Bundle_sheath",FALSE
"TTATTATCTGGAAGGC-1_1_5","Leaf_primordium","Leaf_epidermis",FALSE
"TTCAACGACCCGACCG-1_1_5","Leaf_primordium","Leaf_subsidiary_cell",FALSE
"TTCCATCATGCGGTGA-1_1_5","Vascular_tissue","Leaf_subsidiary_cell",FALSE
"TTCCATCGACAGCGTG-1_1_5","Leaf_primordium","Leaf_primordium",TRUE
"TTCCGGCCTTGAGGCT-1_1_5","Bundle_sheath","Leaf_subsidiary_cell",FALSE
"TTCGACGGGAAGGGCG-1_1_5","Leaf_primordium","Bundle_sheath",FALSE
"TTCGCACTCGCGTGCT-1_1_5","Leaf_primordium","Bundle_sheath",FALSE
"TTCGCGCGCCATACGA-1_1_5","Leaf_rim","Leaf_subsidiary_cell",FALSE
"TTCGCTATCTGACGTG-1_1_5","Leaf_primordium","Leaf_subsidiary_cell",FALSE
"TTCGGCAACCCGCTGA-1_1_5","Leaf_primordium","Leaf_subsidiary_cell",FALSE
"TTCGGGCGCTAGTCTT-1_1_5","Bundle_sheath","Leaf_subsidiary_cell",FALSE
"TTCGGGTTGCCACGGG-1_1_5","Pavement_cell_N","Leaf_subsidiary_cell",FALSE
"TTCGTTCAACGAAGTT-1_1_5","Leaf_primordium","Leaf_primordium",TRUE
"TTCTACTTGCGAGGGC-1_1_5","Bundle_sheath","Bundle_sheath",TRUE
"TTCTAGGCCAATTGTG-1_1_5","Leaf_rim","Leaf_subsidiary_cell",FALSE
"TTCTTAGTGAACGGTG-1_1_5","Leaf_rim","Leaf_subsidiary_cell",FALSE
"TTCTTATCCGCTGGGT-1_1_5","Leaf_primordium","Leaf_subsidiary_cell",FALSE
"TTCTTGGACGATCTGC-1_1_5","Leaf_primordium","Leaf_subsidiary_cell",FALSE
"TTGAAAGGTGTAAAGG-1_1_5","Leaf_primordium","Leaf_subsidiary_cell",FALSE
"TTGCCGGTGATCCCTC-1_1_5","Bundle_sheath","Leaf_subsidiary_cell",FALSE
"TTGCGTGAACGCTTAG-1_1_5","Mesophyll","Leaf_subsidiary_cell",FALSE
"TTGGACCATCTGGCAA-1_1_5","Leaf_primordium","Leaf_subsidiary_cell",FALSE
"TTGGCTCGCATGAGAC-1_1_5","Pavement_cell_N","Leaf_subsidiary_cell",FALSE
"TTGGGACGTAAGAGTT-1_1_5","Leaf_rim","Leaf_subsidiary_cell",FALSE
"TTGTTAGCAAATTCGA-1_1_5","Pavement_cell_N","Leaf_subsidiary_cell",FALSE
"TTGTTTCACATCCAGG-1_1_5","Leaf_rim","Leaf_subsidiary_cell",FALSE
"AAATGATTCGATCAGC-1_1_6","Leaf_primordium","Leaf_primordium",TRUE
"AAATTACCTATCGATG-1_1_6","Leaf_primordium","Mesophyll",FALSE
"AACAACTGGTAGTTGC-1_1_6","Pavement_cell_N","Leaf_subsidiary_cell",FALSE
"AACAATACATTGTCGA-1_1_6","Pavement_cell_N","Mesophyll",FALSE
"AACATATCAACTGGTG-1_1_6","Leaf_primordium","Mesophyll",FALSE
"AACATCGATACGTCTA-1_1_6","Leaf_primordium","Bundle_sheath",FALSE
"AACATTGTGACTCGAG-1_1_6","Leaf_rim","Bundle_sheath",FALSE
"AACCCGAGCAGAATCG-1_1_6","Leaf_rim","Shoot_system_epidermis",FALSE
"AACGCATGATCTGGGT-1_1_6","S_phase","S_phase",TRUE
"AAGACATACGTGGTTT-1_1_6","Leaf_primordium","Leaf_subsidiary_cell",FALSE
"AAGACCCAACTGAACA-1_1_6","Leaf_primordium","Mesophyll",FALSE
"AAGAGGCCCTTTGGAA-1_1_6","Leaf_primordium","Leaf_primordium",TRUE
"AAGATGGCACCGGACC-1_1_6","Leaf_primordium","Bundle_sheath",FALSE
"AAGGCTGTGCTCATCG-1_1_6","Leaf_primordium","Bundle_sheath",FALSE
"AAGGGACAGATTCTGT-1_1_6","Leaf_primordium","Mesophyll",FALSE
"AAGTGAGTCGGGTTTA-1_1_6","Leaf_rim","S_phase",FALSE
"AAGTTCAGTCTGCGTA-1_1_6","Leaf_rim","Bundle_sheath",FALSE
"AAGTTGTGATGTTATA-1_1_6","S_phase","Leaf_subsidiary_cell",FALSE
"AATAGCTACCGCGTGC-1_1_6","Leaf_rim","Leaf_primordium",FALSE
"AATATCGAGGGTTCTC-1_1_6","Leaf_primordium","Mesophyll",FALSE
"AATCTATGCCGGAGCC-1_1_6","Leaf_primordium","Mesophyll",FALSE
"AATGATGATACGCTAT-1_1_6","Leaf_primordium","Leaf_primordium",TRUE
"AATGATGCGACTCCTG-1_1_6","Pavement_cell_N","Leaf_primordium",FALSE
"AATGCACCAAGCAATG-1_1_6","Leaf_rim","Bundle_sheath",FALSE
"AATGGTTCTCACAAGC-1_1_6","Leaf_primordium","Leaf_primordium",TRUE
"AATGTGCTAATCTGAG-1_1_6","Leaf_primordium","Bundle_sheath",FALSE
"AATGTTGTCGTGAGAC-1_1_6","Leaf_rim","Leaf_subsidiary_cell",FALSE
"AATTCATAAGGGATCT-1_1_6","Leaf_primordium","Leaf_primordium",TRUE
"AATTGCAGCAATCGAC-1_1_6","Pavement_cell_N","Leaf_subsidiary_cell",FALSE
"AATTGTGGTTGCCAAA-1_1_6","Leaf_primordium","Leaf_subsidiary_cell",FALSE
"ACAAGGACAAGAGGTT-1_1_6","Leaf_primordium","Leaf_primordium",TRUE
"ACACCCAGCATGCAGC-1_1_6","Leaf_primordium","Leaf_subsidiary_cell",FALSE
"ACACCCGAGAAATCCG-1_1_6","Leaf_rim","Pavement_cell_N",FALSE
"ACACCTTAAGTAGGGC-1_1_6","Pavement_cell_N","Leaf_subsidiary_cell",FALSE
"ACACGTAGGCCACAAG-1_1_6","Leaf_rim","Leaf_primordium",FALSE
"ACACTGGGACAGTCGT-1_1_6","Leaf_rim","S_phase",FALSE
"ACCAACACCACACACT-1_1_6","Leaf_primordium","Leaf_primordium",TRUE
"ACCAAGAACGCGTGTC-1_1_6","Leaf_primordium","Bundle_sheath",FALSE
"ACCCATTTGTCCCTCT-1_1_6","Leaf_primordium","Leaf_primordium",TRUE
"ACCCGATTGGTTCCGA-1_1_6","Pavement_cell_N","Bundle_sheath",FALSE
"ACCCGTAGTCTAGTTG-1_1_6","Leaf_rim","Leaf_subsidiary_cell",FALSE
"ACCGATAGGCATAACC-1_1_6","Leaf_primordium","Leaf_subsidiary_cell",FALSE
"ACCGTGACCACGTGGG-1_1_6","Leaf_rim","Leaf_subsidiary_cell",FALSE
"ACCTCCGCCCTCGCTG-1_1_6","Leaf_primordium","Mesophyll",FALSE
"ACGACTGGTCATACTC-1_1_6","Leaf_primordium","Leaf_primordium",TRUE
"ACGAGTACGGATGCCC-1_1_6","Leaf_primordium","Leaf_primordium",TRUE
"ACGCAAACTAATAGAT-1_1_6","Pavement_cell_N","Bundle_sheath",FALSE
"ACGCAATCACTACAGC-1_1_6","Leaf_primordium","Leaf_primordium",TRUE
"ACGCATACGTTTACTA-1_1_6","Leaf_primordium","Mesophyll",FALSE
"ACGCTAGTGATACACT-1_1_6","Leaf_primordium","Mesophyll",FALSE
"ACGGAGCGCAAATTAC-1_1_6","Leaf_rim","Bundle_sheath",FALSE
"ACGTTCGTTCAGGAAA-1_1_6","Pavement_cell_N","Leaf_subsidiary_cell",FALSE
"ACTACCAGCTCTCTGG-1_1_6","Leaf_rim","Leaf_primordium",FALSE
"ACTATATGCTGTGTTC-1_1_6","Shoot_system_epidermis","Shoot_system_epidermis",TRUE
"ACTATTTCCGGGCCCA-1_1_6","Leaf_primordium","Bundle_sheath",FALSE
"ACTCGCCGTTCGATAA-1_1_6","Leaf_rim","Leaf_subsidiary_cell",FALSE
"ACTGTAGCACTTTGGA-1_1_6","Pavement_cell_N","Leaf_subsidiary_cell",FALSE
"ACTTGGGACCCGGTGG-1_1_6","Leaf_primordium","Bundle_sheath",FALSE
"AGACGCCCACTTCGCC-1_1_6","Leaf_primordium","Leaf_subsidiary_cell",FALSE
"AGACTAGCCTTCCAGA-1_1_6","Pavement_cell_N","Leaf_subsidiary_cell",FALSE
"AGACTGTTACCGGGTC-1_1_6","Bundle_sheath","Bundle_sheath",TRUE
"AGAGAAACACCAGAAA-1_1_6","Leaf_primordium","Leaf_primordium",TRUE
"AGAGCCGCCGAGATTT-1_1_6","Leaf_rim","S_phase",FALSE
"AGATACCAATAGAACC-1_1_6","Leaf_rim","Leaf_subsidiary_cell",FALSE
"AGATCGTGCATAAGAT-1_1_6","Leaf_rim","Leaf_primordium",FALSE
"AGATGAGGGTTGCGAT-1_1_6","Leaf_primordium","Leaf_primordium",TRUE
"AGCATTACGAGGCAAG-1_1_6","Bundle_sheath","Leaf_subsidiary_cell",FALSE
"AGCCAAGCTTTGTGTC-1_1_6","Leaf_primordium","Bundle_sheath",FALSE
"AGCCCGCAACAAGCAG-1_1_6","Leaf_primordium","Leaf_subsidiary_cell",FALSE
"AGCCCGGTAGCCTGTA-1_1_6","Leaf_rim","S_phase",FALSE
"AGCCCTTCTAATCCGA-1_1_6","Leaf_primordium","Leaf_primordium",TRUE
"AGCCCTTGGACATCCC-1_1_6","Leaf_primordium","Bundle_sheath",FALSE
"AGCGATGCGCCTAATA-1_1_6","Bundle_sheath","Leaf_subsidiary_cell",FALSE
"AGCGCGGGTGCCAATG-1_1_6","Leaf_primordium","Leaf_primordium",TRUE
"AGCTAACAAGCAATGT-1_1_6","Pavement_cell_N","Leaf_subsidiary_cell",FALSE
"AGCTAGAAGCAGAAGT-1_1_6","Pavement_cell_N","Leaf_subsidiary_cell",FALSE
"AGCTCCATATATGTTC-1_1_6","Leaf_rim","S_phase",FALSE
"AGGAACGAACGACTTC-1_1_6","Leaf_primordium","Leaf_subsidiary_cell",FALSE
"AGGACATCGCACGTCG-1_1_6","Leaf_primordium","Leaf_primordium",TRUE
"AGGACGCTCGATGTTG-1_1_6","S_phase","S_phase",TRUE
"AGGCACGTGACTGTCC-1_1_6","Leaf_primordium","Bundle_sheath",FALSE
"AGGCAGGGAGCGTACT-1_1_6","Leaf_primordium","Mesophyll",FALSE
"AGGCCACCCGTTATGA-1_1_6","Leaf_primordium","Leaf_primordium",TRUE
"AGGCGTCTATGGACGG-1_1_6","Leaf_primordium","Bundle_sheath",FALSE
"AGGGCCCTAATGTTCT-1_1_6","Leaf_primordium","Leaf_subsidiary_cell",FALSE
"AGGGCGTGATCGGCTA-1_1_6","Leaf_rim","Leaf_subsidiary_cell",FALSE
"AGGGTGCCGTTCTTTA-1_1_6","Leaf_rim","Bundle_sheath",FALSE
"AGGGTTCAGACGGTCC-1_1_6","Leaf_rim","Leaf_subsidiary_cell",FALSE
"AGGTAGATCGAGATAT-1_1_6","Leaf_primordium","Leaf_subsidiary_cell",FALSE
"AGGTCGCCTCCCAACA-1_1_6","Vascular_tissue","Leaf_subsidiary_cell",FALSE
"AGGTCGCGGAGTTACT-1_1_6","Leaf_rim","Mesophyll",FALSE
"AGGTGGTGACCTTCGC-1_1_6","Leaf_primordium","Bundle_sheath",FALSE
"AGTAGGAAGGAAGTTG-1_1_6","Leaf_rim","Shoot_system_epidermis",FALSE
"AGTATAATACTAGGCA-1_1_6","Leaf_primordium","Leaf_primordium",TRUE
"AGTATACACAGCGACA-1_1_6","Leaf_rim","Leaf_subsidiary_cell",FALSE
"AGTCAAATGATGTGAT-1_1_6","Leaf_primordium","Leaf_subsidiary_cell",FALSE
"AGTCCCGCCTTTAATT-1_1_6","Leaf_primordium","Leaf_primordium",TRUE
"AGTGTATTGCGCATTG-1_1_6","Leaf_primordium","Leaf_primordium",TRUE
"AGTTCCTACAGAATTA-1_1_6","Shoot_system_epidermis","Leaf_primordium",FALSE
"AGTTGGCAAGGCTAGA-1_1_6","Bundle_sheath","Leaf_subsidiary_cell",FALSE
"ATAAACGTTGCACCAC-1_1_6","Leaf_rim","Bundle_sheath",FALSE
"ATAAGTAGGATTCAGA-1_1_6","Leaf_primordium","Leaf_primordium",TRUE
"ATACTACCCGTACCAC-1_1_6","Bundle_sheath","Leaf_subsidiary_cell",FALSE
"ATAGAGTACTGGGACA-1_1_6","Vascular_tissue","Leaf_subsidiary_cell",FALSE
"ATAGGCTAGCTTCGCA-1_1_6","Leaf_rim","Bundle_sheath",FALSE
"ATATACGCTCGTGACG-1_1_6","Bundle_sheath","Leaf_subsidiary_cell",FALSE
"ATCATAGCCCTATGTA-1_1_6","S_phase","Bundle_sheath",FALSE
"ATCCAACGCAGTCATA-1_1_6","Leaf_rim","Leaf_subsidiary_cell",FALSE
"ATCGCTGCGTGCAGCA-1_1_6","Leaf_primordium","Leaf_primordium",TRUE
"ATCGGCAAGCAGTCCA-1_1_6","Leaf_rim","Bundle_sheath",FALSE
"ATCTCCCACGGAATAT-1_1_6","S_phase","S_phase",TRUE
"ATCTGACATGGAAGGA-1_1_6","S_phase","Bundle_sheath",FALSE
"ATCTGCACCTCTGCGA-1_1_6","Leaf_primordium","Mesophyll",FALSE
"ATCTGCTGTTATCGCC-1_1_6","Pavement_cell_N","Leaf_subsidiary_cell",FALSE
"ATCTTATCGCACACCC-1_1_6","Pavement_cell_N","Leaf_subsidiary_cell",FALSE
"ATCTTGACCTGCAACG-1_1_6","Vascular_tissue","Pavement_cell_N",FALSE
"ATGAAGCCAAGGAGCC-1_1_6","Pavement_cell_N","Leaf_subsidiary_cell",FALSE
"ATGACTATCAGCTGTG-1_1_6","Bundle_sheath","Bundle_sheath",TRUE
"ATGCACTACCGCATTG-1_1_6","Leaf_rim","Leaf_subsidiary_cell",FALSE
"ATGCCAATCGCTCTGC-1_1_6","Leaf_rim","Shoot_system_epidermis",FALSE
"ATGTACATGCGGTGAG-1_1_6","Bundle_sheath","Leaf_subsidiary_cell",FALSE
"ATGTTGTAGTCTGTTT-1_1_6","Bundle_sheath","Leaf_subsidiary_cell",FALSE
"ATTACTAGCCTCTTGC-1_1_6","Leaf_primordium","Leaf_primordium",TRUE
"ATTACTTACTGGGCAT-1_1_6","Pavement_cell_N","Bundle_sheath",FALSE
"ATTAGATTCCTCAGCA-1_1_6","Vascular_tissue","Mesophyll",FALSE
"ATTAGATTGATAGCGG-1_1_6","Leaf_primordium","Leaf_subsidiary_cell",FALSE
"ATTATGCCATAGGGAG-1_1_6","Leaf_primordium","Leaf_subsidiary_cell",FALSE
"ATTATTATGTCCGTCA-1_1_6","Leaf_primordium","Bundle_sheath",FALSE
"ATTCAACCATTTAAGG-1_1_6","Leaf_primordium","Mesophyll",FALSE
"ATTCAGGACCTATTTC-1_1_6","Leaf_rim","Leaf_primordium",FALSE
"ATTCCTAAGACGTGGA-1_1_6","Leaf_primordium","Bundle_sheath",FALSE
"ATTCCTCCGCCAGTGC-1_1_6","Leaf_primordium","Leaf_subsidiary_cell",FALSE
"ATTGACCGGCGATGAC-1_1_6","Leaf_primordium","Leaf_primordium",TRUE
"ATTTACAGTTTACTGG-1_1_6","Leaf_primordium","Leaf_primordium",TRUE
"CAAACGGTCGCACTTT-1_1_6","Vascular_tissue","Leaf_primordium",FALSE
"CAACCAGTGGCCTACC-1_1_6","Leaf_rim","Leaf_subsidiary_cell",FALSE
"CAACCTACCGAGCAGT-1_1_6","Leaf_rim","Leaf_subsidiary_cell",FALSE
"CAACGACCCGTTTACA-1_1_6","Vascular_tissue","Leaf_subsidiary_cell",FALSE
"CAACGTGGTGGAGTCT-1_1_6","Leaf_primordium","Mesophyll",FALSE
"CAACTCCTTGATCCCG-1_1_6","Leaf_primordium","Leaf_subsidiary_cell",FALSE
"CAAGTAAGTGATAGAC-1_1_6","Vascular_tissue","Leaf_subsidiary_cell",FALSE
"CACAGTCCCGCTTCGC-1_1_6","S_phase","S_phase",TRUE
"CACCGCGTCCACTCTA-1_1_6","Leaf_primordium","Leaf_primordium",TRUE
"CACGCAGCGAGGCTTT-1_1_6","Leaf_primordium","Leaf_primordium",TRUE
"CACGGCGCGCCAAAGG-1_1_6","Leaf_rim","Bundle_sheath",FALSE
"CACTACGGGAGCTGCC-1_1_6","Leaf_rim","Leaf_subsidiary_cell",FALSE
"CACTCTCAAGCATCGA-1_1_6","Vascular_tissue","Leaf_subsidiary_cell",FALSE
"CACTCTTCTGCTAGCC-1_1_6","Leaf_primordium","Leaf_primordium",TRUE
"CACTGACGATTGTGGA-1_1_6","Vascular_tissue","Leaf_subsidiary_cell",FALSE
"CACTGTCCAAGTGAGA-1_1_6","Leaf_primordium","Leaf_subsidiary_cell",FALSE
"CAGAATAACACACGGA-1_1_6","Leaf_primordium","Mesophyll",FALSE
"CAGATACTAACATAGT-1_1_6","Leaf_rim","Leaf_subsidiary_cell",FALSE
"CAGATCATTTAAAGTC-1_1_6","Leaf_rim","Leaf_subsidiary_cell",FALSE
"CAGCCTCTCCTCAAGA-1_1_6","Leaf_primordium","Leaf_primordium",TRUE
"CAGTAACTATTTATTG-1_1_6","Leaf_rim","Leaf_primordium",FALSE
"CAGTACATTCTCTAAA-1_1_6","S_phase","S_phase",TRUE
"CAGTAGCCCACGCGGT-1_1_6","Leaf_primordium","Mesophyll",FALSE
"CAGTCGAGGATGCAAT-1_1_6","Leaf_primordium","Mesophyll",FALSE
"CAGTTCAAATTGACAC-1_1_6","Leaf_primordium","Leaf_primordium",TRUE
"CATACACGGTTCCCAC-1_1_6","Leaf_primordium","Bundle_sheath",FALSE
"CATACGAACTAGCTGG-1_1_6","Leaf_primordium","Bundle_sheath",FALSE
"CATAGTAGCATAGTAG-1_1_6","Pavement_cell_N","Leaf_subsidiary_cell",FALSE
"CATATACTACTGATAA-1_1_6","Leaf_rim","Leaf_primordium",FALSE
"CATCCCGAGATTCATA-1_1_6","Leaf_rim","Leaf_subsidiary_cell",FALSE
"CATCTATCCCGTGTCT-1_1_6","Leaf_rim","Leaf_primordium",FALSE
"CATGATCGCTTTGAGA-1_1_6","Leaf_rim","Leaf_subsidiary_cell",FALSE
"CATGCGACCAGTTTAA-1_1_6","Leaf_rim","Bundle_sheath",FALSE
"CATGTAGGAGCGCCAA-1_1_6","Leaf_rim","Bundle_sheath",FALSE
"CATTATGCTTGTTGTG-1_1_6","Leaf_primordium","Leaf_primordium",TRUE
"CATTCGTCGTAGCGGT-1_1_6","Leaf_primordium","Leaf_primordium",TRUE
"CCAAACAGAACCCTCG-1_1_6","Pavement_cell_N","Leaf_subsidiary_cell",FALSE
"CCAAGGTTGCCCTTTC-1_1_6","Leaf_rim","Leaf_subsidiary_cell",FALSE
"CCAATTACGGGTCGAG-1_1_6","Leaf_primordium","Leaf_primordium",TRUE
"CCAATTGAATGTTAAT-1_1_6","Pavement_cell_N","Leaf_subsidiary_cell",FALSE
"CCACTGTTTGGATTAA-1_1_6","Leaf_rim","Leaf_subsidiary_cell",FALSE
"CCAGGGACGTGGCCTC-1_1_6","Leaf_primordium","Leaf_subsidiary_cell",FALSE
"CCATGCTCTGCAGGAA-1_1_6","Pavement_cell_N","Leaf_subsidiary_cell",FALSE
"CCCAATGAGATTTGCA-1_1_6","Leaf_primordium","Leaf_subsidiary_cell",FALSE
"CCCAGAGGAGGGCGTA-1_1_6","Pavement_cell_N","Bundle_sheath",FALSE
"CCCATATAGGTCGATT-1_1_6","Leaf_rim","Leaf_subsidiary_cell",FALSE
"CCCGGGTCGTTCAGGG-1_1_6","Leaf_primordium","Leaf_subsidiary_cell",FALSE
"CCCGTCAGCGTCTGAC-1_1_6","Bundle_sheath","Leaf_subsidiary_cell",FALSE
"CCCTCATTCTGGAATT-1_1_6","Leaf_primordium","Bundle_sheath",FALSE
"CCCTTTAATGGAGTTC-1_1_6","Bundle_sheath","Leaf_subsidiary_cell",FALSE
"CCGACAATAGGCCGCC-1_1_6","Leaf_rim","S_phase",FALSE
"CCGAGCTGTGCTTGTC-1_1_6","Leaf_primordium","Bundle_sheath",FALSE
"CCGCCTGCGAATTGGT-1_1_6","Leaf_primordium","Leaf_primordium",TRUE
"CCGGAATGGTTTCAGT-1_1_6","Leaf_primordium","Leaf_primordium",TRUE
"CCGTAGGGTTGTTTAC-1_1_6","Leaf_rim","G2_M_phase",FALSE
"CCGTATTAGCGCAGTT-1_1_6","Leaf_primordium","Bundle_sheath",FALSE
"CCTAACTAAGGCTCTA-1_1_6","Leaf_primordium","Leaf_primordium",TRUE
"CCTACTCAACACGATT-1_1_6","Leaf_primordium","Leaf_subsidiary_cell",FALSE
"CCTACTGCTTACACTT-1_1_6","Leaf_rim","Bundle_sheath",FALSE
"CCTATATTTGTCCTGG-1_1_6","Leaf_rim","Bundle_sheath",FALSE
"CCTCACCTGAGGGAGC-1_1_6","Leaf_primordium","Leaf_primordium",TRUE
"CCTCACCTTAGCATCG-1_1_6","Leaf_primordium","Mesophyll",FALSE
"CCTCGCGCGATATAGG-1_1_6","Leaf_rim","Leaf_primordium",FALSE
"CCTCGGTTTCCTTGCC-1_1_6","Leaf_primordium","Leaf_subsidiary_cell",FALSE
"CCTGCTATTTGAGAAG-1_1_6","Leaf_rim","Leaf_primordium",FALSE
"CCTTCAGTTAAAGTGA-1_1_6","Leaf_rim","Bundle_sheath",FALSE
"CCTTGACCACTTTATT-1_1_6","Leaf_primordium","Mesophyll",FALSE
"CGAAGCTATAAATTCA-1_1_6","Pavement_cell_N","Shoot_system_epidermis",FALSE
"CGAATGACGCATAATG-1_1_6","Leaf_primordium","Bundle_sheath",FALSE
"CGAGAGGGTAGCCGCG-1_1_6","Leaf_primordium","Leaf_primordium",TRUE
"CGATCCTCGCAACATA-1_1_6","Leaf_primordium","Leaf_subsidiary_cell",FALSE
"CGATGGACCCTACGCC-1_1_6","Pavement_cell_N","G2_M_phase",FALSE
"CGCAATTACTTTCGGT-1_1_6","Leaf_primordium","Leaf_primordium",TRUE
"CGCAATTAGGGTAATA-1_1_6","Pavement_cell_N","Leaf_subsidiary_cell",FALSE
"CGCACGTCTGTTTATG-1_1_6","Leaf_rim","Leaf_primordium",FALSE
"CGCCCAGCACGCCTAG-1_1_6","Leaf_rim","Mesophyll",FALSE
"CGCCGTTCAGCATAGT-1_1_6","Leaf_rim","Mesophyll",FALSE
"CGCGAGAGGGACTTGT-1_1_6","Leaf_primordium","Bundle_sheath",FALSE
"CGCGGTACGGTATACA-1_1_6","Bundle_sheath","Leaf_subsidiary_cell",FALSE
"CGCGGTCACAAACCAA-1_1_6","Leaf_rim","Leaf_primordium",FALSE
"CGCGTTCATGAAATAC-1_1_6","Leaf_primordium","Leaf_primordium",TRUE
"CGCTCGACATAATGAT-1_1_6","Leaf_rim","Leaf_subsidiary_cell",FALSE
"CGCTGTGACGCCGCAC-1_1_6","Leaf_rim","Leaf_subsidiary_cell",FALSE
"CGCTGTGTGGATGTTG-1_1_6","Leaf_primordium","Pavement_cell_N",FALSE
"CGCTTAGTATTGATAC-1_1_6","Vascular_tissue","Leaf_subsidiary_cell",FALSE
"CGCTTCCACTGAAATC-1_1_6","Vascular_tissue","Pavement_cell_N",FALSE
"CGCTTCGGTCTAAGAC-1_1_6","Leaf_rim","Leaf_subsidiary_cell",FALSE
"CGCTTGGACGGATAGA-1_1_6","Leaf_rim","Leaf_subsidiary_cell",FALSE
"CGGCAATAAGATCGCC-1_1_6","Leaf_primordium","Mesophyll",FALSE
"CGGCCAGAGCGACCAT-1_1_6","Bundle_sheath","Leaf_subsidiary_cell",FALSE
"CGGGTTTGTTAGGGCT-1_1_6","Leaf_primordium","Leaf_primordium",TRUE
"CGGTAGAGGTGCAGGT-1_1_6","Leaf_primordium","Leaf_primordium",TRUE
"CGGTCCGTCGCAAGCC-1_1_6","Leaf_primordium","Leaf_primordium",TRUE
"CGGTTCAAGTAGGTGT-1_1_6","Leaf_rim","Mesophyll",FALSE
"CGTAACTTCGACACTT-1_1_6","Bundle_sheath","Leaf_subsidiary_cell",FALSE
"CGTATCTAGAACTAAG-1_1_6","Leaf_primordium","Leaf_subsidiary_cell",FALSE
"CGTGACCAGTCCTCTG-1_1_6","Leaf_primordium","Bundle_sheath",FALSE
"CGTGGTACCCAAAGGC-1_1_6","Leaf_rim","Leaf_subsidiary_cell",FALSE
"CGTGTATGGGAGCTGA-1_1_6","Bundle_sheath","Leaf_subsidiary_cell",FALSE
"CGTGTCCCATTCGCGA-1_1_6","Pavement_cell_N","Shoot_system_epidermis",FALSE
"CGTGTCTCGTTACGAC-1_1_6","Leaf_primordium","Bundle_sheath",FALSE
"CGTTCTTCGCACACCT-1_1_6","Leaf_rim","S_phase",FALSE
"CGTTGCCCGCGTGGGA-1_1_6","Bundle_sheath","Leaf_subsidiary_cell",FALSE
"CGTTGTAAGATTGATT-1_1_6","Leaf_primordium","Mesophyll",FALSE
"CGTTTCACTTCGGGCG-1_1_6","Leaf_primordium","Leaf_primordium",TRUE
"CGTTTGGTGTTGTGGG-1_1_6","Leaf_primordium","Leaf_subsidiary_cell",FALSE
"CTAAATCCGGTGTACA-1_1_6","Leaf_primordium","Leaf_subsidiary_cell",FALSE
"CTAACTGATAATCGCC-1_1_6","Leaf_primordium","Mesophyll",FALSE
"CTAATTCTCAGATATT-1_1_6","Leaf_primordium","Mesophyll",FALSE
"CTACACTCGCAGATGG-1_1_6","Leaf_primordium","Leaf_primordium",TRUE
"CTACTCAAGGTATAGT-1_1_6","Leaf_rim","Leaf_subsidiary_cell",FALSE
"CTAGCCACAGGCGAGC-1_1_6","Leaf_primordium","Leaf_subsidiary_cell",FALSE
"CTAGCCGATGTTATGA-1_1_6","Leaf_rim","Leaf_primordium",FALSE
"CTAGGGATAGGGACAA-1_1_6","Leaf_primordium","Leaf_subsidiary_cell",FALSE
"CTATAAGAGCCAATCG-1_1_6","Leaf_rim","Mesophyll",FALSE
"CTATAGGCGTTGATGT-1_1_6","Leaf_rim","Leaf_subsidiary_cell",FALSE
"CTATCGCGTAGAGAAC-1_1_6","Leaf_primordium","Bundle_sheath",FALSE
"CTATTGTGTTTGGTCA-1_1_6","Leaf_primordium","Bundle_sheath",FALSE
"CTCAAACCACTGCCCG-1_1_6","Pavement_cell_N","Bundle_sheath",FALSE
"CTCAAGACATTAGCGC-1_1_6","Leaf_primordium","Leaf_primordium",TRUE
"CTCAGTCACGACAAAT-1_1_6","Leaf_rim","Bundle_sheath",FALSE
"CTCCTCCAGCTCACAC-1_1_6","Leaf_rim","Leaf_primordium",FALSE
"CTCCTTTACGCAAGTC-1_1_6","Pavement_cell_N","Leaf_primordium",FALSE
"CTCGATATTTGCGAGC-1_1_6","Leaf_primordium","Leaf_primordium",TRUE
"CTCGGTCCGTAGCCTG-1_1_6","Leaf_primordium","Leaf_subsidiary_cell",FALSE
"CTCGTTACGGCTACCA-1_1_6","Leaf_primordium","Leaf_subsidiary_cell",FALSE
"CTCGTTTCTAATGTTT-1_1_6","Pavement_cell_N","Shoot_system_epidermis",FALSE
"CTCTAATGCATTGATC-1_1_6","Leaf_primordium","Leaf_primordium",TRUE
"CTGCAAGCACGTTCCG-1_1_6","S_phase","Leaf_subsidiary_cell",FALSE
"CTGCAGAGAATCAGAG-1_1_6","Leaf_primordium","Leaf_primordium",TRUE
"CTGCTTTATGTCCGCG-1_1_6","Leaf_rim","Leaf_primordium",FALSE
"CTGGTAAAGTGTGGGC-1_1_6","Leaf_rim","Leaf_subsidiary_cell",FALSE
"CTGTAGTGAGGATCGA-1_1_6","Leaf_rim","Leaf_subsidiary_cell",FALSE
"CTGTATGGTGTAGAAA-1_1_6","Leaf_primordium","Leaf_primordium",TRUE
"CTGTTCATCTCACGGG-1_1_6","Leaf_primordium","Leaf_primordium",TRUE
"CTTACACGGTATTCCA-1_1_6","Leaf_primordium","Leaf_primordium",TRUE
"CTTACACTGGGAAATA-1_1_6","Leaf_primordium","Bundle_sheath",FALSE
"CTTAGTTGAGGAATCG-1_1_6","Leaf_primordium","Leaf_primordium",TRUE
"CTTATAGATGGCTGTT-1_1_6","Leaf_primordium","Leaf_subsidiary_cell",FALSE
"CTTCATAGCTCAAGAA-1_1_6","Leaf_primordium","Leaf_primordium",TRUE
"CTTCTGGGCGTACCTA-1_1_6","Leaf_primordium","Bundle_sheath",FALSE
"CTTGTACTTGTTGACT-1_1_6","Leaf_primordium","Leaf_subsidiary_cell",FALSE
"CTTGTGCTCACCGATT-1_1_6","Leaf_rim","Bundle_sheath",FALSE
"GAAACCATGGTGCGCT-1_1_6","Leaf_primordium","Mesophyll",FALSE
"GAAACCTATACAAATG-1_1_6","Leaf_primordium","Bundle_sheath",FALSE
"GAAATATGCTTGAATG-1_1_6","Leaf_primordium","Bundle_sheath",FALSE
"GAAATTAGCACGGATA-1_1_6","Leaf_primordium","Leaf_primordium",TRUE
"GAATAGCCCTGCGGTC-1_1_6","Leaf_primordium","Leaf_primordium",TRUE
"GAATAGTGCTCGATTA-1_1_6","Leaf_rim","Pavement_cell_N",FALSE
"GAATCGACATGGTCAC-1_1_6","Leaf_rim","Leaf_subsidiary_cell",FALSE
"GACAACGCAGCTTACG-1_1_6","Leaf_primordium","Leaf_primordium",TRUE
"GACAAGAGATGAGATT-1_1_6","Leaf_primordium","Bundle_sheath",FALSE
"GACCAAACGTTGACTG-1_1_6","Leaf_rim","Leaf_subsidiary_cell",FALSE
"GACTAAGATCATGCAC-1_1_6","Leaf_primordium","Leaf_subsidiary_cell",FALSE
"GACTAAGTAGGCTCAC-1_1_6","Vascular_tissue","Pavement_cell_N",FALSE
"GACTCGCGGGAATGAC-1_1_6","Leaf_primordium","Mesophyll",FALSE
"GACTGCTGGTGAGAAA-1_1_6","Leaf_rim","Leaf_subsidiary_cell",FALSE
"GAGAACGGTTCTGACT-1_1_6","Leaf_rim","Leaf_subsidiary_cell",FALSE
"GAGAGGCCTATGTGTA-1_1_6","Leaf_primordium","Leaf_subsidiary_cell",FALSE
"GAGCGGAATGCGGTGT-1_1_6","Bundle_sheath","Leaf_subsidiary_cell",FALSE
"GAGCTGTCGTCTCGGA-1_1_6","Pavement_cell_N","Shoot_system_epidermis",FALSE
"GAGGAATATCTCTTTG-1_1_6","Leaf_primordium","Leaf_subsidiary_cell",FALSE
"GAGGGAGTCAGATCGC-1_1_6","Bundle_sheath","Leaf_subsidiary_cell",FALSE
"GAGGGTAGTAACAAAG-1_1_6","Leaf_rim","Leaf_subsidiary_cell",FALSE
"GAGTACGGGTATACAA-1_1_6","Shoot_system_epidermis","Shoot_system_epidermis",TRUE
"GATAAATCGGTGGATG-1_1_6","Vascular_tissue","Bundle_sheath",FALSE
"GATCAACATAAAGGGA-1_1_6","Pavement_cell_N","Bundle_sheath",FALSE
"GATCCTAAATCGGGAC-1_1_6","Leaf_primordium","Mesophyll",FALSE
"GATCGACACTATCTGA-1_1_6","Leaf_rim","Leaf_subsidiary_cell",FALSE
"GATCTGCTATCTAAGG-1_1_6","Vascular_tissue","Bundle_sheath",FALSE
"GATGACGATGATCGCG-1_1_6","Leaf_rim","Bundle_sheath",FALSE
"GCAAGTGCACAGAGAA-1_1_6","Pavement_cell_N","Leaf_subsidiary_cell",FALSE
"GCACGTGGTTTACTTA-1_1_6","Leaf_rim","Leaf_subsidiary_cell",FALSE
"GCAGGTAGAGTATGGT-1_1_6","Leaf_primordium","Leaf_primordium",TRUE
"GCAGTTCGATCCGAGC-1_1_6","Leaf_primordium","Leaf_primordium",TRUE
"GCATCCCTAACTTTGA-1_1_6","Leaf_primordium","Leaf_primordium",TRUE
"GCCAACCATTTCCGGA-1_1_6","Leaf_rim","Mesophyll",FALSE
"GCCAATAGGGCATCTC-1_1_6","Leaf_primordium","Leaf_primordium",TRUE
"GCCCAGTTGGTATGCC-1_1_6","Pavement_cell_N","Leaf_subsidiary_cell",FALSE
"GCCCGCGCGTTTGACA-1_1_6","Leaf_rim","Leaf_subsidiary_cell",FALSE
"GCCGTCGGTTTCGGGC-1_1_6","Bundle_sheath","Leaf_subsidiary_cell",FALSE
"GCCTATGCTGGGCCTT-1_1_6","Leaf_primordium","Leaf_primordium",TRUE
"GCGAGAGGCCATGTAA-1_1_6","Leaf_primordium","Leaf_primordium",TRUE
"GCGGTGAACTGCGCTC-1_1_6","Vascular_tissue","S_phase",FALSE
"GCGTCCCTAAGACATA-1_1_6","Bundle_sheath","Leaf_subsidiary_cell",FALSE
"GCGTTCGGAGACCGGG-1_1_6","Pavement_cell_N","S_phase",FALSE
"GCTAATACCGAATGCC-1_1_6","Pavement_cell_N","Leaf_subsidiary_cell",FALSE
"GCTACAATCGAGGATA-1_1_6","Leaf_rim","Leaf_primordium",FALSE
"GCTAGCAGGGAGTGGG-1_1_6","Leaf_rim","Shoot_system_epidermis",FALSE
"GCTAGTTTCATTGAGG-1_1_6","Leaf_primordium","Leaf_primordium",TRUE
"GCTGGACCCAAAGTGG-1_1_6","Vascular_tissue","Pavement_cell_N",FALSE
"GCTTGATGATAATCAG-1_1_6","Leaf_primordium","Leaf_subsidiary_cell",FALSE
"GGAAACCTTGTTGAAT-1_1_6","Leaf_rim","Bundle_sheath",FALSE
"GGAACTTTGGCGATTA-1_1_6","S_phase","Bundle_sheath",FALSE
"GGACCTACGGTAACGT-1_1_6","Leaf_primordium","Leaf_primordium",TRUE
"GGACGGGCGACCAACC-1_1_6","Bundle_sheath","Leaf_subsidiary_cell",FALSE
"GGACTCGACAGCGCAT-1_1_6","Bundle_sheath","Leaf_subsidiary_cell",FALSE
"GGAGAAGTCATTGGCA-1_1_6","Pavement_cell_N","Leaf_subsidiary_cell",FALSE
"GGAGCAACATTTCAAG-1_1_6","Leaf_primordium","Mesophyll",FALSE
"GGAGTGCCGCCCTGGA-1_1_6","Shoot_system_epidermis","Shoot_system_epidermis",TRUE
"GGAGTTGATTCTGTGT-1_1_6","Bundle_sheath","Leaf_subsidiary_cell",FALSE
"GGATCATCCCGTACGC-1_1_6","Leaf_rim","Leaf_primordium",FALSE
"GGATCTTACTGCCCTT-1_1_6","Pavement_cell_N","Leaf_subsidiary_cell",FALSE
"GGATTCAGTACGGTGG-1_1_6","Leaf_primordium","Leaf_primordium",TRUE
"GGCAGCGGTAATCCTA-1_1_6","Leaf_rim","Bundle_sheath",FALSE
"GGCCGAGACTCTGGTG-1_1_6","S_phase","Leaf_subsidiary_cell",FALSE
"GGCCGCAGGAACCGCA-1_1_6","Bundle_sheath","Leaf_subsidiary_cell",FALSE
"GGCCGTTTGGGTTTCA-1_1_6","Bundle_sheath","Bundle_sheath",TRUE
"GGCCTGCTTCTCCCGA-1_1_6","S_phase","S_phase",TRUE
"GGCTAAAGGGCGGGTC-1_1_6","Leaf_rim","Leaf_primordium",FALSE
"GGCTACTATACACTCC-1_1_6","Bundle_sheath","Leaf_subsidiary_cell",FALSE
"GGCTCGTGCCACCAGC-1_1_6","Shoot_system_epidermis","Shoot_system_epidermis",TRUE
"GGGAACGGTTTCAGAT-1_1_6","Leaf_primordium","Bundle_sheath",FALSE
"GGGAATGAGCCCTCAC-1_1_6","Pavement_cell_N","Bundle_sheath",FALSE
"GGGCACGTAGTACTGT-1_1_6","Bundle_sheath","Pavement_cell_N",FALSE
"GGGCGTACATTTATAT-1_1_6","Leaf_primordium","Leaf_subsidiary_cell",FALSE
"GGGTCGTGGCAAGTGT-1_1_6","Leaf_rim","Mesophyll",FALSE
"GGGTCTATCGCTTTCC-1_1_6","Leaf_rim","Leaf_subsidiary_cell",FALSE
"GGTAAACTCTGCGCTG-1_1_6","Bundle_sheath","Leaf_subsidiary_cell",FALSE
"GGTACGTTGCGGCCGG-1_1_6","Leaf_primordium","Leaf_subsidiary_cell",FALSE
"GGTCTCCGTCCAGGTT-1_1_6","Leaf_primordium","Leaf_primordium",TRUE
"GGTGCATAAATGATTA-1_1_6","Bundle_sheath","Leaf_subsidiary_cell",FALSE
"GGTGCGGATAAGTGGC-1_1_6","Leaf_primordium","Leaf_subsidiary_cell",FALSE
"GGTGTAGGTAAGTAAA-1_1_6","Leaf_primordium","Leaf_subsidiary_cell",FALSE
"GGTTAGGCTTGGAGAA-1_1_6","Leaf_primordium","Leaf_primordium",TRUE
"GGTTTAATTACCATCG-1_1_6","Leaf_rim","Bundle_sheath",FALSE
"GGTTTGTGACCTGAGG-1_1_6","Leaf_rim","Leaf_subsidiary_cell",FALSE
"GTAACTGCCCAAGGAG-1_1_6","Leaf_rim","Bundle_sheath",FALSE
"GTACTCCTGGGTATGC-1_1_6","Leaf_primordium","Mesophyll",FALSE
"GTAGCTCCGGGAGGCT-1_1_6","Mesophyll","Leaf_subsidiary_cell",FALSE
"GTAGTGAGCAACCTCA-1_1_6","Leaf_rim","Leaf_subsidiary_cell",FALSE
"GTAGTTCGAAGGCGAA-1_1_6","Leaf_rim","Leaf_subsidiary_cell",FALSE
"GTATCAGCTTGGGTTC-1_1_6","Leaf_primordium","Leaf_primordium",TRUE
"GTCAACCAGGCCTATA-1_1_6","Leaf_rim","Leaf_subsidiary_cell",FALSE
"GTCCAATATTTAGCCT-1_1_6","Vascular_tissue","Leaf_subsidiary_cell",FALSE
"GTCCACGTCGCATTCG-1_1_6","Leaf_rim","Leaf_subsidiary_cell",FALSE
"GTCCGGCTGAATTGCG-1_1_6","Leaf_primordium","Leaf_primordium",TRUE
"GTCGTATTGGCGTACA-1_1_6","Leaf_primordium","Leaf_primordium",TRUE
"GTCTATTGCATGCTCG-1_1_6","Bundle_sheath","Leaf_subsidiary_cell",FALSE
"GTCTCGACTAAGTTTG-1_1_6","Leaf_primordium","Mesophyll",FALSE
"GTGAAGATTTCAAGTG-1_1_6","S_phase","S_phase",TRUE
"GTGAAGCCGTATAGTC-1_1_6","Pavement_cell_N","Bundle_sheath",FALSE
"GTGAGATAACCTTATA-1_1_6","Bundle_sheath","Leaf_subsidiary_cell",FALSE
"GTGGACGTGCTGAGAC-1_1_6","Leaf_primordium","Leaf_primordium",TRUE
"GTGGGAACAAACCGGG-1_1_6","Leaf_primordium","Leaf_subsidiary_cell",FALSE
"GTGGGCTTAGACACAC-1_1_6","Leaf_primordium","Leaf_primordium",TRUE
"GTTCCCGTAAACATAT-1_1_6","Leaf_primordium","Leaf_subsidiary_cell",FALSE
"GTTCGGAGCACTCAAC-1_1_6","Pavement_cell_N","Leaf_subsidiary_cell",FALSE
"GTTGCACGGAGTTTCG-1_1_6","Bundle_sheath","Leaf_subsidiary_cell",FALSE
"GTTGGATTCAGTGGCT-1_1_6","Leaf_primordium","Bundle_sheath",FALSE
"GTTGTTGCAAGATGGC-1_1_6","Bundle_sheath","Leaf_subsidiary_cell",FALSE
"GTTTCAAACGAGTTGT-1_1_6","Bundle_sheath","Bundle_sheath",TRUE
"GTTTCCTGGAGGGTGA-1_1_6","Leaf_rim","Leaf_subsidiary_cell",FALSE
"TAAAGCTGCAATAGGG-1_1_6","Leaf_rim","Leaf_primordium",FALSE
"TAAATTTAGTAACACC-1_1_6","Leaf_primordium","Leaf_subsidiary_cell",FALSE
"TAACAGCGTTTGTGCT-1_1_6","Bundle_sheath","Bundle_sheath",TRUE
"TAACCTAGGGAGTCCA-1_1_6","Leaf_rim","Leaf_subsidiary_cell",FALSE
"TAACTATCGAAGGTCC-1_1_6","Leaf_primordium","Leaf_primordium",TRUE
"TAAGGAACTTGTGGGA-1_1_6","Leaf_primordium","Leaf_primordium",TRUE
"TAATATTGAAATTCGC-1_1_6","Leaf_primordium","Leaf_subsidiary_cell",FALSE
"TAATCGATCCGTACGT-1_1_6","Leaf_primordium","Mesophyll",FALSE
"TAATTCCAATGCTTCA-1_1_6","Bundle_sheath","Leaf_subsidiary_cell",FALSE
"TAATTGGAATCGGGAA-1_1_6","Leaf_rim","Leaf_primordium",FALSE
"TACCAGGAATCCCGTC-1_1_6","Leaf_primordium","Bundle_sheath",FALSE
"TACCTCAGTTGTCTGT-1_1_6","Leaf_primordium","Leaf_primordium",TRUE
"TACGCTCGGTATTGGA-1_1_6","Bundle_sheath","Leaf_subsidiary_cell",FALSE
"TACGGCATGGACGCTA-1_1_6","Leaf_rim","Leaf_subsidiary_cell",FALSE
"TACGTAAAGCGGAGTG-1_1_6","Leaf_primordium","Bundle_sheath",FALSE
"TACGTGCACTATGCTG-1_1_6","Leaf_primordium","Leaf_primordium",TRUE
"TACTCTTACTTTACTG-1_1_6","Leaf_rim","Leaf_primordium",FALSE
"TACTGCAATCAATTAC-1_1_6","S_phase","S_phase",TRUE
"TACTTAAACATGTACA-1_1_6","Leaf_primordium","Leaf_subsidiary_cell",FALSE
"TAGAATAGCCGATGAA-1_1_6","Leaf_rim","Leaf_primordium",FALSE
"TAGGCCTATATAGTCT-1_1_6","Leaf_primordium","Leaf_subsidiary_cell",FALSE
"TAGGGTGTTTCAAGAG-1_1_6","Leaf_primordium","Leaf_primordium",TRUE
"TAGTCCCGGAGACCAC-1_1_6","Leaf_primordium","Pavement_cell_N",FALSE
"TAGTCTGTGACGTTGC-1_1_6","S_phase","S_phase",TRUE
"TATAAGTGAGGATAGC-1_1_6","Leaf_rim","Leaf_subsidiary_cell",FALSE
"TATACACGCAAAGTAT-1_1_6","Bundle_sheath","Leaf_primordium",FALSE
"TATAGAGTCGCTTGAA-1_1_6","Bundle_sheath","Bundle_sheath",TRUE
"TATATTACAAATGTCG-1_1_6","Leaf_rim","Bundle_sheath",FALSE
"TATCACCCAACCGACC-1_1_6","Leaf_rim","Leaf_primordium",FALSE
"TATCACTTCGAGTAAC-1_1_6","Leaf_primordium","Leaf_primordium",TRUE
"TATCCATATCATGCGA-1_1_6","Mesophyll","Leaf_subsidiary_cell",FALSE
"TATCGATGATTAAACG-1_1_6","Leaf_rim","Leaf_subsidiary_cell",FALSE
"TATGGATGTGCTACGC-1_1_6","Leaf_primordium","Leaf_subsidiary_cell",FALSE
"TATGTAAAGTGCTTAA-1_1_6","Bundle_sheath","Leaf_subsidiary_cell",FALSE
"TATGTCAAGACCGACT-1_1_6","Leaf_primordium","Bundle_sheath",FALSE
"TATTGCCGGGCTTGTA-1_1_6","Leaf_rim","Leaf_subsidiary_cell",FALSE
"TATTTGTTACCCTTTA-1_1_6","Leaf_rim","Leaf_subsidiary_cell",FALSE
"TCAACTGCAGAGTCAG-1_1_6","Leaf_rim","Shoot_system_epidermis",FALSE
"TCAAGCGCGGACGGTA-1_1_6","Leaf_primordium","Leaf_primordium",TRUE
"TCACGGTCATCGCACA-1_1_6","Pavement_cell_N","Leaf_subsidiary_cell",FALSE
"TCAGCCAATCCGTAAA-1_1_6","Leaf_rim","Bundle_sheath",FALSE
"TCAGGTTCTTTGAGAA-1_1_6","Leaf_primordium","Leaf_primordium",TRUE
"TCAGTACTGACCCGCG-1_1_6","Vascular_tissue","Leaf_subsidiary_cell",FALSE
"TCATTTAGAAGTGTGA-1_1_6","Leaf_primordium","Mesophyll",FALSE
"TCCAATAAAGGCTACC-1_1_6","Pavement_cell_N","Bundle_sheath",FALSE
"TCCACCTCTAGCCTTT-1_1_6","Leaf_primordium","Leaf_primordium",TRUE
"TCCCAAACAGACAACG-1_1_6","Leaf_rim","Bundle_sheath",FALSE
"TCCCAGGCTTAGCTAA-1_1_6","Vascular_tissue","Leaf_subsidiary_cell",FALSE
"TCCCTCTTCTCAAGGG-1_1_6","Bundle_sheath","Pavement_cell_N",FALSE
"TCCCTTGTCTGAAACT-1_1_6","Leaf_primordium","Bundle_sheath",FALSE
"TCCGACCGCTAATCAA-1_1_6","Leaf_primordium","Bundle_sheath",FALSE
"TCCGATGGTGCGACAT-1_1_6","Leaf_primordium","Leaf_primordium",TRUE
"TCCGGAGGAAGGGCTG-1_1_6","Pavement_cell_N","Bundle_sheath",FALSE
"TCCGGCCTAGCGTACA-1_1_6","Leaf_primordium","Mesophyll",FALSE
"TCCTAACCGTCGGGCA-1_1_6","Leaf_rim","Bundle_sheath",FALSE
"TCGAGGGCAACAGACG-1_1_6","Leaf_primordium","Leaf_primordium",TRUE
"TCGCATAAAGGGCGCA-1_1_6","Bundle_sheath","Leaf_subsidiary_cell",FALSE
"TCGCTCGGCACCAGCG-1_1_6","Leaf_primordium","Leaf_primordium",TRUE
"TCGCTGTGCGTAAATC-1_1_6","Leaf_primordium","Leaf_primordium",TRUE
"TCGGTGACCGCTCCGG-1_1_6","Leaf_primordium","Bundle_sheath",FALSE
"TCGTAACTCCCAAGAC-1_1_6","Leaf_rim","Leaf_subsidiary_cell",FALSE
"TCGTAAGCTCCGAGGA-1_1_6","Leaf_rim","Leaf_primordium",FALSE
"TCGTACCGACGTCAAG-1_1_6","Leaf_primordium","Leaf_subsidiary_cell",FALSE
"TCTACCCAATAGAGAG-1_1_6","Leaf_primordium","Leaf_primordium",TRUE
"TCTAGCATCTTCGATG-1_1_6","Bundle_sheath","Leaf_subsidiary_cell",FALSE
"TCTAGGTGGCGACGCT-1_1_6","Leaf_primordium","Mesophyll",FALSE
"TCTATAGGTGGGTAAT-1_1_6","Leaf_rim","Leaf_subsidiary_cell",FALSE
"TCTATCATGCAGTTAC-1_1_6","Leaf_primordium","Leaf_subsidiary_cell",FALSE
"TCTCTAATAGCTGGTA-1_1_6","Leaf_primordium","Leaf_primordium",TRUE
"TCTCTCGCCGCACATA-1_1_6","Leaf_primordium","Mesophyll",FALSE
"TCTCTTACCGCGAACC-1_1_6","Bundle_sheath","Leaf_subsidiary_cell",FALSE
"TCTGAACCGGTCGGCT-1_1_6","Leaf_rim","Leaf_subsidiary_cell",FALSE
"TCTGAGCAATTGACTG-1_1_6","Leaf_primordium","Mesophyll",FALSE
"TCTTACAGAGGTACCG-1_1_6","Leaf_primordium","Leaf_subsidiary_cell",FALSE
"TCTTACCGGAACTCGT-1_1_6","Leaf_primordium","Leaf_primordium",TRUE
"TCTTCGCGGTGAGAGG-1_1_6","Vascular_tissue","Leaf_subsidiary_cell",FALSE
"TCTTTCCTTCGAGATA-1_1_6","Leaf_primordium","Leaf_primordium",TRUE
"TGACACTTCTCTTTGC-1_1_6","Leaf_rim","Leaf_primordium",FALSE
"TGAGATTAGGCCCTAA-1_1_6","Vascular_tissue","Leaf_primordium",FALSE
"TGATCCCAGCATTAGT-1_1_6","Leaf_primordium","Mesophyll",FALSE
"TGATCTACGCTGATCT-1_1_6","Leaf_primordium","Leaf_primordium",TRUE
"TGATCTCCGGCGCCAG-1_1_6","Leaf_primordium","Leaf_primordium",TRUE
"TGATTCGTCTATCACT-1_1_6","Shoot_system_epidermis","Leaf_primordium",FALSE
"TGCAATTTGGGCACGG-1_1_6","Leaf_primordium","Leaf_primordium",TRUE
"TGCATGTGACCCATAG-1_1_6","Leaf_rim","Bundle_sheath",FALSE
"TGCCTAATTGAAGATT-1_1_6","Leaf_primordium","Mesophyll",FALSE
"TGCGCGATTAACGGAG-1_1_6","Pavement_cell_N","Leaf_subsidiary_cell",FALSE
"TGCTGGTTGGACAATT-1_1_6","Leaf_rim","Leaf_subsidiary_cell",FALSE
"TGGAACCACTGACACA-1_1_6","Leaf_rim","Leaf_primordium",FALSE
"TGGAATATCCTTGACC-1_1_6","Leaf_rim","Shoot_system_epidermis",FALSE
"TGGCAAGCACAAGTCG-1_1_6","Leaf_primordium","Leaf_subsidiary_cell",FALSE
"TGGCCGTATATTGACC-1_1_6","Pavement_cell_N","Leaf_subsidiary_cell",FALSE
"TGGCTACACTCTACCT-1_1_6","Leaf_rim","Leaf_primordium",FALSE
"TGGCTTTGGGTAGACA-1_1_6","Leaf_rim","Leaf_subsidiary_cell",FALSE
"TGGTTCGTAGCAAAGG-1_1_6","Leaf_primordium","Mesophyll",FALSE
"TGGTTTAAACGTGGGT-1_1_6","Leaf_primordium","Mesophyll",FALSE
"TGTAGCCATCCCATTC-1_1_6","Bundle_sheath","Leaf_subsidiary_cell",FALSE
"TGTCCACGGCTCAACT-1_1_6","Pavement_cell_N","Leaf_subsidiary_cell",FALSE
"TGTGACTAGAGTTTGC-1_1_6","Bundle_sheath","Leaf_subsidiary_cell",FALSE
"TGTGGTTGCTAAAGCT-1_1_6","Vascular_tissue","Leaf_subsidiary_cell",FALSE
"TGTGTAGTAGCACGTG-1_1_6","Pavement_cell_N","Bundle_sheath",FALSE
"TGTGTCGCGAGTTGCA-1_1_6","Leaf_rim","Leaf_subsidiary_cell",FALSE
"TTAAGCGCCTGACCCA-1_1_6","Leaf_primordium","Leaf_primordium",TRUE
"TTACAACTACGCATCC-1_1_6","Leaf_primordium","Leaf_primordium",TRUE
"TTACACGATCTGCGAC-1_1_6","S_phase","Leaf_subsidiary_cell",FALSE
"TTACAGACCTAAATGA-1_1_6","Leaf_primordium","Mesophyll",FALSE
"TTACATCGTGGCCTGG-1_1_6","Leaf_primordium","Leaf_subsidiary_cell",FALSE
"TTACGTATCTATGACA-1_1_6","Leaf_rim","Leaf_subsidiary_cell",FALSE
"TTAGCTAATACGATCT-1_1_6","Leaf_primordium","Leaf_primordium",TRUE
"TTAGTTCAAGTGTTCG-1_1_6","Leaf_primordium","Leaf_primordium",TRUE
"TTATGACAAACTGGAT-1_1_6","Leaf_primordium","Leaf_primordium",TRUE
"TTCACTTCCTAGAACG-1_1_6","Bundle_sheath","Leaf_subsidiary_cell",FALSE
"TTCCAATCAGAGCTAG-1_1_6","Leaf_rim","S_phase",FALSE
"TTCCATCGACAGCGTG-1_1_6","Bundle_sheath","Leaf_subsidiary_cell",FALSE
"TTCCGCAGAGAAATAT-1_1_6","Pavement_cell_N","S_phase",FALSE
"TTCGACGGGAAGGGCG-1_1_6","Pavement_cell_N","Leaf_subsidiary_cell",FALSE
"TTCGCACTCGCGTGCT-1_1_6","Leaf_rim","Leaf_subsidiary_cell",FALSE
"TTCGCGCGCCATACGA-1_1_6","Leaf_primordium","Bundle_sheath",FALSE
"TTCGCTATCTGACGTG-1_1_6","Leaf_rim","Leaf_primordium",FALSE
"TTCGGGTTGCCACGGG-1_1_6","Bundle_sheath","Leaf_subsidiary_cell",FALSE
"TTCTACTTGCGAGGGC-1_1_6","Leaf_primordium","Leaf_primordium",TRUE
"TTCTAGGCCAATTGTG-1_1_6","S_phase","Leaf_subsidiary_cell",FALSE
"TTCTATTAAACGCAGC-1_1_6","Bundle_sheath","Pavement_cell_N",FALSE
"TTCTGCTAGACTCCAA-1_1_6","Shoot_system_epidermis","Mesophyll",FALSE
"TTCTTAGTGAACGGTG-1_1_6","Leaf_primordium","Leaf_primordium",TRUE
"TTCTTTGGTCGCGACG-1_1_6","Leaf_rim","Leaf_primordium",FALSE
"TTGAAAGGTGTAAAGG-1_1_6","Leaf_primordium","Bundle_sheath",FALSE
"TTGATCTAACTTTGTC-1_1_6","Leaf_primordium","Leaf_primordium",TRUE
"TTGCTCATAGTACGTG-1_1_6","Bundle_sheath","Leaf_subsidiary_cell",FALSE
"TTGGCTCAATATGTGT-1_1_6","Leaf_rim","Leaf_subsidiary_cell",FALSE
"TTGGCTCGCATGAGAC-1_1_6","Pavement_cell_N","Leaf_subsidiary_cell",FALSE
"TTGTGATCTGTTCAGT-1_1_6","Leaf_rim","Leaf_subsidiary_cell",FALSE
"TTGTTAGCAAATTCGA-1_1_6","Pavement_cell_N","Leaf_subsidiary_cell",FALSE
"AAACAGAGCGACTCCT-1_1_7","Leaf_rim","Leaf_subsidiary_cell",FALSE
"AAACGGTTGCGAACTG-1_1_7","Leaf_primordium","Leaf_primordium",TRUE
"AAATAACCATACGGGA-1_1_7","Leaf_primordium","Leaf_primordium",TRUE
"AAATGGTCAATGTGCC-1_1_7","Leaf_primordium","Leaf_subsidiary_cell",FALSE
"AAATTACACGACTCTG-1_1_7","Leaf_primordium","Leaf_primordium",TRUE
"AAATTACCTATCGATG-1_1_7","Vascular_tissue","Leaf_subsidiary_cell",FALSE
"AACAACTGGTAGTTGC-1_1_7","Pavement_cell_N","Leaf_subsidiary_cell",FALSE
"AACAATACATTGTCGA-1_1_7","Leaf_primordium","Leaf_primordium",TRUE
"AACCCGACAACCCGTG-1_1_7","Pavement_cell_N","Leaf_subsidiary_cell",FALSE
"AACCCGAGCAGAATCG-1_1_7","Leaf_primordium","Leaf_primordium",TRUE
"AACCTTTACGACGTCT-1_1_7","Bundle_sheath","Leaf_subsidiary_cell",FALSE
"AACGCATGATCTGGGT-1_1_7","Leaf_rim","Leaf_subsidiary_cell",FALSE
"AACGCGACCTTGGGCG-1_1_7","Leaf_rim","Leaf_subsidiary_cell",FALSE
"AACGTCAGACTAGTGG-1_1_7","Leaf_rim","Leaf_subsidiary_cell",FALSE
"AACTCCTAATCCCATG-1_1_7","Leaf_primordium","Leaf_primordium",TRUE
"AAGACCCAACTGAACA-1_1_7","Pavement_cell_N","Leaf_subsidiary_cell",FALSE
"AAGATGGCACCGGACC-1_1_7","Leaf_primordium","Leaf_primordium",TRUE
"AAGATTGGCGGAACGT-1_1_7","Leaf_primordium","Leaf_primordium",TRUE
"AAGGAGCGGTTGGTGC-1_1_7","Pavement_cell_N","Leaf_subsidiary_cell",FALSE
"AAGGCTGTGCTCATCG-1_1_7","Leaf_primordium","Pavement_cell_N",FALSE
"AAGGGACAGATTCTGT-1_1_7","Leaf_primordium","Leaf_subsidiary_cell",FALSE
"AAGTAGAAGACCGGGT-1_1_7","Leaf_primordium","Leaf_subsidiary_cell",FALSE
"AAGTGAGTCGGGTTTA-1_1_7","Leaf_rim","Leaf_subsidiary_cell",FALSE
"AAGTTCAGTCTGCGTA-1_1_7","Bundle_sheath","Leaf_subsidiary_cell",FALSE
"AAGTTGTGATGTTATA-1_1_7","Leaf_rim","Leaf_primordium",FALSE
"AATACCGGAGGGCTGT-1_1_7","Leaf_primordium","Bundle_sheath",FALSE
"AATAGCTACCGCGTGC-1_1_7","Pavement_cell_N","Leaf_subsidiary_cell",FALSE
"AATAGTCCGTCCCGAC-1_1_7","Leaf_primordium","Leaf_primordium",TRUE
"AATCGGTATAGCCCTC-1_1_7","Pavement_cell_N","Leaf_primordium",FALSE
"AATGATGCGACTCCTG-1_1_7","Leaf_primordium","Leaf_subsidiary_cell",FALSE
"AATGCACCAAGCAATG-1_1_7","Bundle_sheath","Leaf_subsidiary_cell",FALSE
"AATGGTTCTCACAAGC-1_1_7","Leaf_primordium","Bundle_sheath",FALSE
"AATGTTGTCGTGAGAC-1_1_7","Bundle_sheath","Leaf_subsidiary_cell",FALSE
"AATTCATAAGGGATCT-1_1_7","Vascular_tissue","Leaf_subsidiary_cell",FALSE
"AATTGCAGCAATCGAC-1_1_7","Vascular_tissue","Leaf_subsidiary_cell",FALSE
"AATTTGGGACATAGTA-1_1_7","Vascular_tissue","Pavement_cell_N",FALSE
"ACAAGGACAAGAGGTT-1_1_7","Leaf_primordium","Leaf_subsidiary_cell",FALSE
"ACACAAAGACGGGTGG-1_1_7","Leaf_primordium","Leaf_subsidiary_cell",FALSE
"ACACCCAGCATGCAGC-1_1_7","Leaf_rim","Leaf_subsidiary_cell",FALSE
"ACACCCGAGAAATCCG-1_1_7","Leaf_primordium","Leaf_primordium",TRUE
"ACACCTTAAGTAGGGC-1_1_7","Bundle_sheath","Leaf_subsidiary_cell",FALSE
"ACACGTAGGCCACAAG-1_1_7","Leaf_primordium","Leaf_primordium",TRUE
"ACACTGGGACAGTCGT-1_1_7","Bundle_sheath","Leaf_primordium",FALSE
"ACCAACACCACACACT-1_1_7","Leaf_primordium","Leaf_subsidiary_cell",FALSE
"ACCAAGTCATCGGCAG-1_1_7","Bundle_sheath","Leaf_epidermis",FALSE
"ACCCATTTGTCCCTCT-1_1_7","Bundle_sheath","Leaf_primordium",FALSE
"ACCCGTGTCATCAGTA-1_1_7","Leaf_primordium","Leaf_subsidiary_cell",FALSE
"ACCGATAGGCATAACC-1_1_7","Leaf_primordium","Leaf_primordium",TRUE
"ACCTACTATAAATCTA-1_1_7","Leaf_primordium","Bundle_sheath",FALSE
"ACGACTGGTCATACTC-1_1_7","Leaf_primordium","Leaf_subsidiary_cell",FALSE
"ACGCAAACTAATAGAT-1_1_7","Bundle_sheath","Leaf_subsidiary_cell",FALSE
"ACGGAGCGCAAATTAC-1_1_7","Leaf_primordium","Leaf_primordium",TRUE
"ACTACCAGCTCTCTGG-1_1_7","Bundle_sheath","Leaf_subsidiary_cell",FALSE
"ACTATATGCTGTGTTC-1_1_7","Leaf_primordium","Leaf_subsidiary_cell",FALSE
"ACTGTAGCACTTTGGA-1_1_7","Bundle_sheath","Leaf_subsidiary_cell",FALSE
"AGACCCGCCCTCCTCG-1_1_7","Leaf_primordium","Leaf_subsidiary_cell",FALSE
"AGACTAGCCTTCCAGA-1_1_7","Bundle_sheath","Leaf_subsidiary_cell",FALSE
"AGACTGTTACCGGGTC-1_1_7","Bundle_sheath","Leaf_subsidiary_cell",FALSE
"AGATAACTTCAGGGCC-1_1_7","Leaf_rim","Leaf_primordium",FALSE
"AGATACCAATAGAACC-1_1_7","S_phase","Shoot_apical_meristem",FALSE
"AGATCGTGCATAAGAT-1_1_7","Bundle_sheath","Leaf_subsidiary_cell",FALSE
"AGATGACTCGCCCACG-1_1_7","Leaf_primordium","Leaf_subsidiary_cell",FALSE
"AGATGAGGGTTGCGAT-1_1_7","Leaf_rim","Leaf_subsidiary_cell",FALSE
"AGCACTTAAGGACGCC-1_1_7","Leaf_primordium","Leaf_subsidiary_cell",FALSE
"AGCAGCCAGATGAATA-1_1_7","Shoot_system_epidermis","Leaf_primordium",FALSE
"AGCATCGTCGATAATT-1_1_7","Leaf_rim","Leaf_subsidiary_cell",FALSE
"AGCATTACGAGGCAAG-1_1_7","Leaf_primordium","Bundle_sheath",FALSE
"AGCCAAGCTTTGTGTC-1_1_7","Leaf_primordium","Leaf_subsidiary_cell",FALSE
"AGCCCGCAACAAGCAG-1_1_7","Leaf_primordium","Leaf_primordium",TRUE
"AGCCCGGTAGCCTGTA-1_1_7","Bundle_sheath","Leaf_subsidiary_cell",FALSE
"AGCCCTTCTAATCCGA-1_1_7","Pavement_cell_N","Pavement_cell_N",TRUE
"AGCCCTTGGACATCCC-1_1_7","Leaf_primordium","Leaf_primordium",TRUE
"AGCGACCAACGATATT-1_1_7","Leaf_rim","Leaf_subsidiary_cell",FALSE
"AGCGCATAATGAATCG-1_1_7","Leaf_primordium","Leaf_primordium",TRUE
"AGCGCGGGTGCCAATG-1_1_7","Leaf_primordium","Leaf_subsidiary_cell",FALSE
"AGCGGACACTTCGTAG-1_1_7","Leaf_primordium","Leaf_primordium",TRUE
"AGCTCCATATATGTTC-1_1_7","Leaf_primordium","Leaf_primordium",TRUE
"AGCTGAAGTAAACCAA-1_1_7","Leaf_primordium","Leaf_primordium",TRUE
"AGCTTCTTCTCGAGCA-1_1_7","Leaf_primordium","Leaf_primordium",TRUE
"AGGACGCTCGATGTTG-1_1_7","Bundle_sheath","Leaf_subsidiary_cell",FALSE
"AGGCACGTGACTGTCC-1_1_7","Leaf_primordium","Leaf_primordium",TRUE
"AGGCAGGGAGCGTACT-1_1_7","Leaf_primordium","Leaf_primordium",TRUE
"AGGCCACCCGTTATGA-1_1_7","Leaf_primordium","Leaf_subsidiary_cell",FALSE
"AGGGAAACGAGGTACT-1_1_7","Leaf_primordium","Leaf_subsidiary_cell",FALSE
"AGGGTCAGAGCACTCG-1_1_7","Vascular_tissue","Leaf_subsidiary_cell",FALSE
"AGGGTTCAGACGGTCC-1_1_7","Leaf_primordium","Leaf_subsidiary_cell",FALSE
"AGGTAGATCGAGATAT-1_1_7","Vascular_tissue","Leaf_subsidiary_cell",FALSE
"AGGTCGCCTCCCAACA-1_1_7","Leaf_primordium","Leaf_subsidiary_cell",FALSE
"AGTAACTATAGCAGCC-1_1_7","Bundle_sheath","Bundle_sheath",TRUE
"AGTAGGAAGGAAGTTG-1_1_7","Vascular_tissue","Leaf_subsidiary_cell",FALSE
"AGTATAATACTAGGCA-1_1_7","Leaf_primordium","Leaf_subsidiary_cell",FALSE
"AGTATACACAGCGACA-1_1_7","S_phase","Leaf_subsidiary_cell",FALSE
"AGTATTTGGCACGACC-1_1_7","Leaf_primordium","Leaf_primordium",TRUE
"AGTCGGCCCAAACGAC-1_1_7","Pavement_cell_N","Leaf_subsidiary_cell",FALSE
"AGTGAGTCGAATTAAC-1_1_7","Leaf_rim","Leaf_subsidiary_cell",FALSE
"AGTGGCGGCAATTTGA-1_1_7","Leaf_rim","Leaf_subsidiary_cell",FALSE
"AGTGTATTGCGCATTG-1_1_7","Bundle_sheath","Leaf_subsidiary_cell",FALSE
"AGTTACTCTATCGTGG-1_1_7","Leaf_primordium","Leaf_subsidiary_cell",FALSE
"AGTTCCTACAGAATTA-1_1_7","Leaf_primordium","Leaf_subsidiary_cell",FALSE
"AGTTGACGGTCCTTGC-1_1_7","Leaf_primordium","Leaf_primordium",TRUE
"AGTTGGCAAGGCTAGA-1_1_7","Bundle_sheath","Leaf_subsidiary_cell",FALSE
"ATAAACGTTGCACCAC-1_1_7","Leaf_primordium","Leaf_primordium",TRUE
"ATAAAGGCTCGGTCGT-1_1_7","Leaf_primordium","Leaf_primordium",TRUE
"ATAATTAGCTAAGTAG-1_1_7","Leaf_primordium","Leaf_primordium",TRUE
"ATACGGGTTTCGATTG-1_1_7","Leaf_primordium","Leaf_primordium",TRUE
"ATACTACCCGTACCAC-1_1_7","Leaf_primordium","Leaf_primordium",TRUE
"ATAGACGAAGAGAAAG-1_1_7","Vascular_tissue","Leaf_subsidiary_cell",FALSE
"ATAGAGTACTGGGACA-1_1_7","Bundle_sheath","Leaf_subsidiary_cell",FALSE
"ATAGCAACTAGGGAAG-1_1_7","Leaf_primordium","Leaf_subsidiary_cell",FALSE
"ATAGGCTAGCTTCGCA-1_1_7","Leaf_primordium","Leaf_subsidiary_cell",FALSE
"ATATACGCTCGTGACG-1_1_7","Leaf_rim","Shoot_system_epidermis",FALSE
"ATATCTCCCTCGTTAA-1_1_7","Pavement_cell_N","Leaf_subsidiary_cell",FALSE
"ATATTGGAGAGGCCTT-1_1_7","Vascular_tissue","Leaf_primordium",FALSE
"ATATTTAACCCTCAAG-1_1_7","Leaf_primordium","Leaf_subsidiary_cell",FALSE
"ATCACATTAGAATATC-1_1_7","Leaf_primordium","Leaf_primordium",TRUE
"ATCATAGCCCTATGTA-1_1_7","Leaf_rim","Leaf_subsidiary_cell",FALSE
"ATCCAACGCAGTCATA-1_1_7","Bundle_sheath","Leaf_subsidiary_cell",FALSE
"ATCGCACGCCGGGAGA-1_1_7","Leaf_primordium","Leaf_subsidiary_cell",FALSE
"ATCGGCAAGCAGTCCA-1_1_7","Bundle_sheath","Leaf_subsidiary_cell",FALSE
"ATCTCCCACGGAATAT-1_1_7","Leaf_primordium","Leaf_primordium",TRUE
"ATCTGACATGGAAGGA-1_1_7","Leaf_rim","Leaf_subsidiary_cell",FALSE
"ATCTTATCGCACACCC-1_1_7","Leaf_rim","Leaf_subsidiary_cell",FALSE
"ATCTTGACCTGCAACG-1_1_7","Bundle_sheath","Leaf_subsidiary_cell",FALSE
"ATGAAGCCAAGGAGCC-1_1_7","Leaf_primordium","Leaf_subsidiary_cell",FALSE
"ATGACTATCAGCTGTG-1_1_7","Leaf_primordium","Leaf_primordium",TRUE
"ATGAGGAGTGTTAATC-1_1_7","Bundle_sheath","Leaf_subsidiary_cell",FALSE
"ATGCACTACCGCATTG-1_1_7","Bundle_sheath","Leaf_subsidiary_cell",FALSE
"ATGCCAATCGCTCTGC-1_1_7","Leaf_rim","Leaf_subsidiary_cell",FALSE
"ATGCCGGTTGATGGGA-1_1_7","Leaf_primordium","Leaf_primordium",TRUE
"ATGGATCCGGCGTCCG-1_1_7","Leaf_primordium","Leaf_primordium",TRUE
"ATGTGCATCCGACGCA-1_1_7","Leaf_primordium","Leaf_subsidiary_cell",FALSE
"ATGTTGTAGTCTGTTT-1_1_7","Leaf_primordium","Leaf_subsidiary_cell",FALSE
"ATTACTAGCCTCTTGC-1_1_7","Leaf_primordium","Leaf_subsidiary_cell",FALSE
"ATTAGATTGATAGCGG-1_1_7","Leaf_primordium","Leaf_subsidiary_cell",FALSE
"ATTATGCCATAGGGAG-1_1_7","Leaf_primordium","Leaf_subsidiary_cell",FALSE
"ATTCAGGACCTATTTC-1_1_7","Bundle_sheath","Leaf_subsidiary_cell",FALSE
"ATTCCTAAGACGTGGA-1_1_7","Leaf_primordium","Leaf_subsidiary_cell",FALSE
"ATTCCTCCGCCAGTGC-1_1_7","Vascular_tissue","Leaf_subsidiary_cell",FALSE
"ATTGAAGATCTTAGTG-1_1_7","Pavement_cell_N","Leaf_subsidiary_cell",FALSE
"ATTGTCGCAATACCTT-1_1_7","Leaf_primordium","Leaf_primordium",TRUE
"CAACGACCCGTTTACA-1_1_7","Leaf_primordium","Leaf_subsidiary_cell",FALSE
"CAACGGTTCTTGATAC-1_1_7","Leaf_primordium","Leaf_subsidiary_cell",FALSE
"CAACTCCTTGATCCCG-1_1_7","Leaf_primordium","Leaf_subsidiary_cell",FALSE
"CAACTGCTCATCCGAT-1_1_7","S_phase","Leaf_subsidiary_cell",FALSE
"CAAGCAACGTCGGAGT-1_1_7","Leaf_primordium","Leaf_primordium",TRUE
"CAAGGCCAGTGGTGCA-1_1_7","Leaf_primordium","Leaf_primordium",TRUE
"CAAGTAAGTGATAGAC-1_1_7","Leaf_primordium","Bundle_sheath",FALSE
"CACAAACCGCAGAACT-1_1_7","Bundle_sheath","Leaf_subsidiary_cell",FALSE
"CACAGGGCCGTTGTCA-1_1_7","Bundle_sheath","Leaf_subsidiary_cell",FALSE
"CACAGTCCCGCTTCGC-1_1_7","Bundle_sheath","Pavement_cell_N",FALSE
"CACATCGTGCACGCGC-1_1_7","Leaf_primordium","Leaf_primordium",TRUE
"CACATTCTTTCGATGG-1_1_7","Bundle_sheath","Leaf_subsidiary_cell",FALSE
"CACCCACACGTCACCC-1_1_7","Leaf_primordium","Leaf_subsidiary_cell",FALSE
"CACCCACGAGGCAATT-1_1_7","Leaf_primordium","Leaf_primordium",TRUE
"CACCGCGTCCACTCTA-1_1_7","Leaf_rim","Leaf_subsidiary_cell",FALSE
"CACCTTGCGAAACTCG-1_1_7","Leaf_rim","Leaf_primordium",FALSE
"CACGCAGCGAGGCTTT-1_1_7","Leaf_primordium","Leaf_primordium",TRUE
"CACGGCGCGCCAAAGG-1_1_7","Leaf_rim","Leaf_subsidiary_cell",FALSE
"CACGTCAATCAATGGA-1_1_7","Leaf_rim","Leaf_subsidiary_cell",FALSE
"CACTACGGGAGCTGCC-1_1_7","Leaf_rim","Leaf_primordium",FALSE
"CACTCTCAAGCATCGA-1_1_7","Leaf_primordium","Leaf_primordium",TRUE
"CACTGACGATTGTGGA-1_1_7","Leaf_rim","Leaf_subsidiary_cell",FALSE
"CACTGTCCAAGTGAGA-1_1_7","Leaf_rim","Bundle_sheath",FALSE
"CACTTAATCAGACGGA-1_1_7","Leaf_primordium","Leaf_subsidiary_cell",FALSE
"CAGATACTAACATAGT-1_1_7","Bundle_sheath","Leaf_subsidiary_cell",FALSE
"CAGATCATTTAAAGTC-1_1_7","Pavement_cell_N","Leaf_subsidiary_cell",FALSE
"CAGCCTCTCCTCAAGA-1_1_7","Leaf_rim","Leaf_subsidiary_cell",FALSE
"CAGTACATTCTCTAAA-1_1_7","Leaf_primordium","Leaf_subsidiary_cell",FALSE
"CAGTAGCCCACGCGGT-1_1_7","Leaf_primordium","Leaf_primordium",TRUE
"CAGTCGAGGATGCAAT-1_1_7","Leaf_primordium","Leaf_subsidiary_cell",FALSE
"CAGTTCAAATTGACAC-1_1_7","Leaf_primordium","Leaf_subsidiary_cell",FALSE
"CAGTTCGAGGACCCGA-1_1_7","Leaf_primordium","Leaf_primordium",TRUE
"CATACACGGTTCCCAC-1_1_7","Pavement_cell_N","Shoot_system_epidermis",FALSE
"CATAGTAGCATAGTAG-1_1_7","Leaf_primordium","Leaf_subsidiary_cell",FALSE
"CATATACTACTGATAA-1_1_7","Leaf_primordium","Leaf_subsidiary_cell",FALSE
"CATCCCGAGATTCATA-1_1_7","Pavement_cell_N","Leaf_subsidiary_cell",FALSE
"CATCTATCCCGTGTCT-1_1_7","Bundle_sheath","Leaf_subsidiary_cell",FALSE
"CATGCGACCAGTTTAA-1_1_7","Leaf_primordium","Leaf_subsidiary_cell",FALSE
"CATGGGTCGGGTGTGG-1_1_7","Leaf_primordium","Leaf_primordium",TRUE
"CATGGTTTATTAATCA-1_1_7","Leaf_primordium","Leaf_subsidiary_cell",FALSE
"CATTATGCTTGTTGTG-1_1_7","Pavement_cell_N","Leaf_subsidiary_cell",FALSE
"CATTTAGCGGACCATG-1_1_7","Leaf_rim","Leaf_primordium",FALSE
"CCAAACAGAACCCTCG-1_1_7","Vascular_tissue","Leaf_subsidiary_cell",FALSE
"CCAACGATGCACTGAT-1_1_7","Leaf_primordium","Leaf_primordium",TRUE
"CCAAGGTTGCCCTTTC-1_1_7","Bundle_sheath","Leaf_subsidiary_cell",FALSE
"CCAATAGTGCCGTCGA-1_1_7","Leaf_primordium","Leaf_primordium",TRUE
"CCAATCGGTAGATCGA-1_1_7","Leaf_primordium","Leaf_primordium",TRUE
"CCAATTACGGGTCGAG-1_1_7","Bundle_sheath","Leaf_subsidiary_cell",FALSE
"CCAATTGAATGTTAAT-1_1_7","Bundle_sheath","Leaf_subsidiary_cell",FALSE
"CCACCTGTATGGAATA-1_1_7","Leaf_primordium","Leaf_primordium",TRUE
"CCACTGTTTGGATTAA-1_1_7","Leaf_primordium","Leaf_primordium",TRUE
"CCAGCTCGAACGCATT-1_1_7","Leaf_primordium","Leaf_primordium",TRUE
"CCAGGGACGTGGCCTC-1_1_7","Bundle_sheath","Leaf_subsidiary_cell",FALSE
"CCAGTCTAGACGGCGC-1_1_7","Leaf_rim","Leaf_primordium",FALSE
"CCAGTCTTGTCATAGA-1_1_7","Shoot_system_epidermis","Leaf_subsidiary_cell",FALSE
"CCATGCTCTGCAGGAA-1_1_7","Pavement_cell_N","Leaf_subsidiary_cell",FALSE
"CCATTAGCGATAATCC-1_1_7","Leaf_primordium","Leaf_primordium",TRUE
"CCATTCCCTGCCCACA-1_1_7","Leaf_primordium","Bundle_sheath",FALSE
"CCCAATGAGATTTGCA-1_1_7","Pavement_cell_N","Leaf_subsidiary_cell",FALSE
"CCCAGAGGAGGGCGTA-1_1_7","Leaf_rim","Leaf_subsidiary_cell",FALSE
"CCCGCCATGCTCCCGT-1_1_7","Leaf_primordium","Bundle_sheath",FALSE
"CCCGGGTCGTTCAGGG-1_1_7","Pavement_cell_N","Leaf_subsidiary_cell",FALSE
"CCCGTCAGCGTCTGAC-1_1_7","Pavement_cell_N","Leaf_subsidiary_cell",FALSE
"CCCTGAAATGAGTTGA-1_1_7","Leaf_primordium","Bundle_sheath",FALSE
"CCGACAATAGGCCGCC-1_1_7","Leaf_primordium","Leaf_primordium",TRUE
"CCGCACTTGCAATGAC-1_1_7","Bundle_sheath","Leaf_subsidiary_cell",FALSE
"CCGCCTGCGAATTGGT-1_1_7","Leaf_rim","Leaf_subsidiary_cell",FALSE
"CCGCTCTTCCGAACTA-1_1_7","Leaf_primordium","Leaf_primordium",TRUE
"CCGGAATGGTTTCAGT-1_1_7","Leaf_primordium","Leaf_subsidiary_cell",FALSE
"CCGTAGGGTTGTTTAC-1_1_7","Leaf_primordium","Leaf_primordium",TRUE
"CCGTATTAGCGCAGTT-1_1_7","Leaf_primordium","Leaf_subsidiary_cell",FALSE
"CCGTGGAACGATCCAA-1_1_7","Leaf_primordium","Leaf_primordium",TRUE
"CCGTTACGTTAGAACA-1_1_7","Bundle_sheath","Leaf_subsidiary_cell",FALSE
"CCTACTCAACACGATT-1_1_7","Bundle_sheath","Leaf_subsidiary_cell",FALSE
"CCTACTGCTTACACTT-1_1_7","Leaf_rim","Leaf_subsidiary_cell",FALSE
"CCTATATTTGTCCTGG-1_1_7","Leaf_primordium","Leaf_primordium",TRUE
"CCTCACGTCAGCTAAT-1_1_7","Leaf_primordium","Leaf_subsidiary_cell",FALSE
"CCTCGCGCGATATAGG-1_1_7","Bundle_sheath","Leaf_subsidiary_cell",FALSE
"CCTCGCGCTGTGCGAT-1_1_7","Leaf_primordium","Leaf_primordium",TRUE
"CCTGCTATTTGAGAAG-1_1_7","Leaf_rim","Leaf_subsidiary_cell",FALSE
"CCTGGCTAGACCCGCC-1_1_7","Bundle_sheath","Leaf_subsidiary_cell",FALSE
"CCTTCAGTTAAAGTGA-1_1_7","Bundle_sheath","Leaf_subsidiary_cell",FALSE
"CCTTTAAGGGAGCACT-1_1_7","Leaf_primordium","Leaf_subsidiary_cell",FALSE
"CCTTTCAATGAAGAAA-1_1_7","Leaf_primordium","Leaf_subsidiary_cell",FALSE
"CGAAGCTATAAATTCA-1_1_7","Bundle_sheath","Leaf_subsidiary_cell",FALSE
"CGACTCAGGATGTTAT-1_1_7","Leaf_primordium","Leaf_subsidiary_cell",FALSE
"CGAGGGTATCCAGGTG-1_1_7","Shoot_system_epidermis","Shoot_system_epidermis",TRUE
"CGATCCTCGCAACATA-1_1_7","Leaf_primordium","Leaf_subsidiary_cell",FALSE
"CGATGGACCCTACGCC-1_1_7","Leaf_rim","Leaf_subsidiary_cell",FALSE
"CGCAAACACGAGTTAC-1_1_7","Pavement_cell_N","Leaf_subsidiary_cell",FALSE
"CGCAATTACTTTCGGT-1_1_7","Leaf_primordium","Leaf_subsidiary_cell",FALSE
"CGCAATTAGGGTAATA-1_1_7","Pavement_cell_N","Leaf_subsidiary_cell",FALSE
"CGCATTAGCTAATAGG-1_1_7","Leaf_primordium","Leaf_subsidiary_cell",FALSE
"CGCCCAGCACGCCTAG-1_1_7","Leaf_primordium","Leaf_subsidiary_cell",FALSE
"CGCCCGCTTCCGTACA-1_1_7","Leaf_primordium","Leaf_primordium",TRUE
"CGCCGTTCAGCATAGT-1_1_7","Leaf_primordium","Leaf_primordium",TRUE
"CGCGAGAGGGACTTGT-1_1_7","Leaf_primordium","Leaf_primordium",TRUE
"CGCGGTCACAAACCAA-1_1_7","Bundle_sheath","Leaf_subsidiary_cell",FALSE
"CGCGTTCATGAAATAC-1_1_7","Bundle_sheath","Leaf_subsidiary_cell",FALSE
"CGCTCGACATAATGAT-1_1_7","Leaf_rim","Leaf_subsidiary_cell",FALSE
"CGCTCTCCGTAGATTA-1_1_7","Shoot_system_epidermis","Shoot_system_epidermis",TRUE
"CGCTGTGACGCCGCAC-1_1_7","Bundle_sheath","Leaf_subsidiary_cell",FALSE
"CGCTGTGTGGATGTTG-1_1_7","Leaf_rim","Leaf_subsidiary_cell",FALSE
"CGCTTAGTATTGATAC-1_1_7","Bundle_sheath","Leaf_subsidiary_cell",FALSE
"CGCTTCCACTGAAATC-1_1_7","Vascular_tissue","Pavement_cell_N",FALSE
"CGCTTCGGTCTAAGAC-1_1_7","Leaf_rim","Leaf_primordium",FALSE
"CGGAAAGAATCAAACG-1_1_7","Pavement_cell_N","Leaf_subsidiary_cell",FALSE
"CGGAGTTTGAGAGACA-1_1_7","Vascular_tissue","Leaf_subsidiary_cell",FALSE
"CGGCCAGAGCGACCAT-1_1_7","Leaf_rim","Leaf_subsidiary_cell",FALSE
"CGGTAGAGGTGCAGGT-1_1_7","Bundle_sheath","Leaf_subsidiary_cell",FALSE
"CGGTCCGTCGCAAGCC-1_1_7","S_phase","Leaf_subsidiary_cell",FALSE
"CGGTCTATCAACCCGT-1_1_7","Leaf_primordium","Leaf_primordium",TRUE
"CGGTGGGCTCCAGCCT-1_1_7","Leaf_rim","Leaf_subsidiary_cell",FALSE
"CGGTTCAAGTAGGTGT-1_1_7","S_phase","Leaf_subsidiary_cell",FALSE
"CGTCCTCATCGCGTGC-1_1_7","Pavement_cell_N","Bundle_sheath",FALSE
"CGTGACATTGGGTCGT-1_1_7","Leaf_primordium","Leaf_primordium",TRUE
"CGTGACCAGTCCTCTG-1_1_7","Leaf_rim","Shoot_system_epidermis",FALSE
"CGTGGTACCCAAAGGC-1_1_7","Leaf_rim","Leaf_subsidiary_cell",FALSE
"CGTTCAGACCCGCGAA-1_1_7","Leaf_primordium","Leaf_primordium",TRUE
"CGTTCTTCGCACACCT-1_1_7","Bundle_sheath","Pavement_cell_N",FALSE
"CGTTGCCCGCGTGGGA-1_1_7","Leaf_primordium","Leaf_subsidiary_cell",FALSE
"CGTTGTTTCAATTCCC-1_1_7","Leaf_primordium","Shoot_system_epidermis",FALSE
"CGTTTGGTGTTGTGGG-1_1_7","Leaf_primordium","Leaf_subsidiary_cell",FALSE
"CTAATTCGCACGCGCT-1_1_7","Leaf_primordium","Leaf_subsidiary_cell",FALSE
"CTACAAGAAATAACCC-1_1_7","Bundle_sheath","Leaf_subsidiary_cell",FALSE
"CTACTCAAGGTATAGT-1_1_7","Vascular_tissue","Leaf_subsidiary_cell",FALSE
"CTAGCCACAGGCGAGC-1_1_7","Pavement_cell_N","S_phase",FALSE
"CTAGCCGATGTTATGA-1_1_7","Leaf_rim","Leaf_subsidiary_cell",FALSE
"CTATAGGCGTTGATGT-1_1_7","Leaf_rim","Leaf_subsidiary_cell",FALSE
"CTATCGCGTAGAGAAC-1_1_7","Leaf_primordium","Leaf_primordium",TRUE
"CTATGCCCGAATGCAA-1_1_7","Leaf_primordium","Leaf_subsidiary_cell",FALSE
"CTATTGTGTTTGGTCA-1_1_7","Leaf_primordium","Leaf_subsidiary_cell",FALSE
"CTCAAACCACTGCCCG-1_1_7","Leaf_rim","Leaf_subsidiary_cell",FALSE
"CTCAAGACATTAGCGC-1_1_7","Leaf_rim","Leaf_subsidiary_cell",FALSE
"CTCAGTCACGACAAAT-1_1_7","Bundle_sheath","Leaf_subsidiary_cell",FALSE
"CTCCTCCAGCTCACAC-1_1_7","S_phase","Leaf_subsidiary_cell",FALSE
"CTCGATATTTGCGAGC-1_1_7","Bundle_sheath","Leaf_subsidiary_cell",FALSE
"CTCGCCGAATGTAGGG-1_1_7","Leaf_primordium","Leaf_primordium",TRUE
"CTCGTTTCTAATGTTT-1_1_7","Leaf_rim","Leaf_subsidiary_cell",FALSE
"CTCTTCTGGAAGTTAG-1_1_7","Bundle_sheath","Leaf_subsidiary_cell",FALSE
"CTGAATTTATTGCCAG-1_1_7","Leaf_primordium","Leaf_subsidiary_cell",FALSE
"CTGCAAGCACGTTCCG-1_1_7","Bundle_sheath","S_phase",FALSE
"CTGCAGAGAATCAGAG-1_1_7","Leaf_primordium","Leaf_primordium",TRUE
"CTGCGTTACGATATAA-1_1_7","Bundle_sheath","Leaf_subsidiary_cell",FALSE
"CTGGAAATGGATGCTT-1_1_7","Leaf_rim","Leaf_subsidiary_cell",FALSE
"CTGGCGACATAAGTCC-1_1_7","Leaf_primordium","Leaf_primordium",TRUE
"CTGGTAAAGTGTGGGC-1_1_7","Leaf_rim","Bundle_sheath",FALSE
"CTGTAGCCATCTCACT-1_1_7","Leaf_primordium","Leaf_primordium",TRUE
"CTGTAGTGAGGATCGA-1_1_7","Leaf_primordium","Leaf_primordium",TRUE
"CTGTCAAATGGCTCGG-1_1_7","Leaf_primordium","Leaf_primordium",TRUE
"CTGTTCACTGCCTGTG-1_1_7","Leaf_primordium","Leaf_subsidiary_cell",FALSE
"CTGTTCATCTCACGGG-1_1_7","Leaf_primordium","Leaf_primordium",TRUE
"CTTAACTTACAGTATA-1_1_7","Pavement_cell_N","Leaf_primordium",FALSE
"CTTACACGGTATTCCA-1_1_7","Bundle_sheath","Leaf_subsidiary_cell",FALSE
"CTTATAGATGGCTGTT-1_1_7","Leaf_rim","Leaf_subsidiary_cell",FALSE
"CTTCATAGCTCAAGAA-1_1_7","Leaf_primordium","Leaf_primordium",TRUE
"CTTCCGCTCCGTGAAG-1_1_7","Leaf_primordium","Leaf_primordium",TRUE
"CTTGGCCAAGCTGGGA-1_1_7","Leaf_rim","Leaf_subsidiary_cell",FALSE
"CTTGTGCTCACCGATT-1_1_7","Leaf_rim","Leaf_subsidiary_cell",FALSE
"CTTTGGCTTTAGTAAA-1_1_7","Leaf_primordium","Leaf_primordium",TRUE
"CTTTGGGATTGTTGCA-1_1_7","Leaf_primordium","Leaf_subsidiary_cell",FALSE
"GAAAGCAGTGCACTTT-1_1_7","G2_M_phase","Leaf_primordium",FALSE
"GAAAGTGACTAACTGC-1_1_7","Leaf_primordium","Leaf_primordium",TRUE
"GAAATATGCTTGAATG-1_1_7","Leaf_primordium","Leaf_subsidiary_cell",FALSE
"GAAATGGCGGTGTTAG-1_1_7","Leaf_primordium","Leaf_subsidiary_cell",FALSE
"GAAATTAGCACGGATA-1_1_7","Bundle_sheath","Leaf_subsidiary_cell",FALSE
"GAACACACATCAACCA-1_1_7","Leaf_primordium","Leaf_subsidiary_cell",FALSE
"GAAGCCTGCACATTCC-1_1_7","Leaf_primordium","Leaf_primordium",TRUE
"GAAGGAGTCGAGTGCG-1_1_7","Leaf_rim","Shoot_system_epidermis",FALSE
"GAATAGCCCTGCGGTC-1_1_7","Leaf_primordium","Leaf_subsidiary_cell",FALSE
"GAATCGACATGGTCAC-1_1_7","Bundle_sheath","Leaf_subsidiary_cell",FALSE
"GAATGTATGGCAGGTC-1_1_7","Leaf_rim","Leaf_subsidiary_cell",FALSE
"GACAACGCAGCTTACG-1_1_7","Leaf_primordium","Leaf_primordium",TRUE
"GACCAAACGTTGACTG-1_1_7","Leaf_primordium","Leaf_primordium",TRUE
"GACCAGAGCCCTGTAG-1_1_7","Leaf_primordium","Leaf_subsidiary_cell",FALSE
"GACGTGTAGGGATTAT-1_1_7","Leaf_primordium","Leaf_primordium",TRUE
"GACTAAGATCATGCAC-1_1_7","Leaf_rim","Leaf_subsidiary_cell",FALSE
"GACTAAGTAGGCTCAC-1_1_7","Pavement_cell_N","Leaf_subsidiary_cell",FALSE
"GACTGCTGGTGAGAAA-1_1_7","Leaf_primordium","Leaf_primordium",TRUE
"GAGAACGGTTCTGACT-1_1_7","Leaf_primordium","Leaf_primordium",TRUE
"GAGACTGATGGGTAGA-1_1_7","Leaf_primordium","Leaf_subsidiary_cell",FALSE
"GAGATCTGCTTGGCAT-1_1_7","Leaf_primordium","Leaf_primordium",TRUE
"GAGCCGAGCGTTTATT-1_1_7","Pavement_cell_N","Shoot_system_epidermis",FALSE
"GAGCGGAATGCGGTGT-1_1_7","Leaf_rim","Leaf_subsidiary_cell",FALSE
"GAGCTGTCGTCTCGGA-1_1_7","Leaf_primordium","Leaf_primordium",TRUE
"GAGGCCTGTTGATACA-1_1_7","Leaf_rim","Leaf_subsidiary_cell",FALSE
"GAGGGAGTCAGATCGC-1_1_7","Leaf_primordium","Leaf_subsidiary_cell",FALSE
"GAGTAGATACTAGTTG-1_1_7","Leaf_primordium","Leaf_primordium",TRUE
"GATCAACATAAAGGGA-1_1_7","Leaf_primordium","Leaf_subsidiary_cell",FALSE
"GATCATTCCAAACATT-1_1_7","Leaf_primordium","Leaf_subsidiary_cell",FALSE
"GATCGACACTATCTGA-1_1_7","Pavement_cell_N","Leaf_subsidiary_cell",FALSE
"GATCTGCTATCTAAGG-1_1_7","Bundle_sheath","Leaf_subsidiary_cell",FALSE
"GCAACCACCAGACCGG-1_1_7","Pavement_cell_N","Leaf_subsidiary_cell",FALSE
"GCAAGTGCACAGAGAA-1_1_7","Pavement_cell_N","Leaf_subsidiary_cell",FALSE
"GCAAGTGTAAAGCATG-1_1_7","Bundle_sheath","Leaf_subsidiary_cell",FALSE
"GCACGTGGTTTACTTA-1_1_7","Bundle_sheath","Leaf_subsidiary_cell",FALSE
"GCAGGTAGAGTATGGT-1_1_7","Bundle_sheath","Leaf_subsidiary_cell",FALSE
"GCCAATAGGGCATCTC-1_1_7","Leaf_primordium","Leaf_subsidiary_cell",FALSE
"GCCAGGAGTAACCGAT-1_1_7","Pavement_cell_N","Leaf_subsidiary_cell",FALSE
"GCCATATTGCACACAG-1_1_7","Pavement_cell_N","Leaf_subsidiary_cell",FALSE
"GCCCAGTTGGTATGCC-1_1_7","Vascular_tissue","Leaf_subsidiary_cell",FALSE
"GCCCGCGCGTTTGACA-1_1_7","Leaf_rim","Leaf_subsidiary_cell",FALSE
"GCCTAGCGATCTGACC-1_1_7","Leaf_rim","Leaf_subsidiary_cell",FALSE
"GCGCTGATCCAGACTC-1_1_7","Leaf_primordium","Leaf_primordium",TRUE
"GCGGGAACCAGGCCCT-1_1_7","Leaf_primordium","Bundle_sheath",FALSE
"GCGGTGAACTGCGCTC-1_1_7","S_phase","Leaf_subsidiary_cell",FALSE
"GCGTCCCTAAGACATA-1_1_7","Bundle_sheath","Leaf_subsidiary_cell",FALSE
"GCGTTCGGAGACCGGG-1_1_7","Leaf_rim","Leaf_subsidiary_cell",FALSE
"GCTAATACCGAATGCC-1_1_7","Leaf_rim","Leaf_subsidiary_cell",FALSE
"GCTACAATCGAGGATA-1_1_7","Leaf_primordium","Leaf_primordium",TRUE
"GCTAGCAGGGAGTGGG-1_1_7","Leaf_rim","Leaf_subsidiary_cell",FALSE
"GCTCAATGTAATACCG-1_1_7","Leaf_primordium","Pavement_cell_N",FALSE
"GCTCATTACTGCATGT-1_1_7","Leaf_primordium","Leaf_subsidiary_cell",FALSE
"GCTCCATGCAAAGCAA-1_1_7","Leaf_primordium","Leaf_primordium",TRUE
"GCTCGGAATTTAAAGC-1_1_7","Leaf_rim","Leaf_primordium",FALSE
"GCTCTAAACCCTGACG-1_1_7","Pavement_cell_N","Bundle_sheath",FALSE
"GCTCTATGTTACGTGC-1_1_7","Pavement_cell_N","Leaf_subsidiary_cell",FALSE
"GCTCTCGGGTACCGAA-1_1_7","Leaf_primordium","Leaf_subsidiary_cell",FALSE
"GCTCTTTCCGCTAGTG-1_1_7","Bundle_sheath","Leaf_subsidiary_cell",FALSE
"GCTGCTAAGTAGTCGA-1_1_7","Vascular_tissue","Vascular_tissue",TRUE
"GCTGGACCCAAAGTGG-1_1_7","Bundle_sheath","Leaf_subsidiary_cell",FALSE
"GCTTGATGATAATCAG-1_1_7","Leaf_rim","Leaf_subsidiary_cell",FALSE
"GCTTTACACAACTGGG-1_1_7","Pavement_cell_N","Leaf_rim",FALSE
"GGAAACCTTGTTGAAT-1_1_7","Leaf_rim","Leaf_subsidiary_cell",FALSE
"GGAAACTAAATGGGCC-1_1_7","Bundle_sheath","Leaf_subsidiary_cell",FALSE
"GGAAAGTGCCCATGCC-1_1_7","Bundle_sheath","Leaf_subsidiary_cell",FALSE
"GGAACTTTGGCGATTA-1_1_7","Bundle_sheath","Leaf_subsidiary_cell",FALSE
"GGACCTACGGTAACGT-1_1_7","Leaf_primordium","Leaf_subsidiary_cell",FALSE
"GGACTCGAAGCTTTCA-1_1_7","Leaf_primordium","Leaf_subsidiary_cell",FALSE
"GGACTCGACAGCGCAT-1_1_7","Leaf_rim","Leaf_subsidiary_cell",FALSE
"GGAGAAGTCATTGGCA-1_1_7","Leaf_primordium","Leaf_subsidiary_cell",FALSE
"GGAGGGTCAAGTAAGA-1_1_7","Leaf_rim","Shoot_system_epidermis",FALSE
"GGATCATCCCGTACGC-1_1_7","Bundle_sheath","Leaf_subsidiary_cell",FALSE
"GGATCTTACTGCCCTT-1_1_7","Leaf_primordium","Leaf_subsidiary_cell",FALSE
"GGATTCCGCTATACCC-1_1_7","Leaf_primordium","Leaf_primordium",TRUE
"GGCAAGCCCATAGTGG-1_1_7","Leaf_primordium","Leaf_primordium",TRUE
"GGCACTCCACTGGGCA-1_1_7","Vascular_tissue","Leaf_subsidiary_cell",FALSE
"GGCACTGCGGTGGTTT-1_1_7","Bundle_sheath","Leaf_subsidiary_cell",FALSE
"GGCAGCGGTAATCCTA-1_1_7","Leaf_rim","Leaf_subsidiary_cell",FALSE
"GGCATATCGGTTCTGC-1_1_7","Leaf_primordium","Leaf_primordium",TRUE
"GGCCGTTTGGGTTTCA-1_1_7","Leaf_primordium","Leaf_primordium",TRUE
"GGCCTGCTTCTCCCGA-1_1_7","Leaf_primordium","Leaf_primordium",TRUE
"GGCGGAGTAATATTAG-1_1_7","Leaf_primordium","Leaf_subsidiary_cell",FALSE
"GGCTAAAGGGCGGGTC-1_1_7","Bundle_sheath","Leaf_subsidiary_cell",FALSE
"GGCTACTATACACTCC-1_1_7","Leaf_primordium","Leaf_subsidiary_cell",FALSE
"GGCTATTAAGTTGTAT-1_1_7","Leaf_primordium","Leaf_primordium",TRUE
"GGCTTTCAATAAGGGT-1_1_7","Leaf_primordium","Leaf_primordium",TRUE
"GGGAAAGAATGCCAAC-1_1_7","Leaf_primordium","Leaf_subsidiary_cell",FALSE
"GGGCAGAGCAATCGTT-1_1_7","Leaf_primordium","Leaf_primordium",TRUE
"GGGCGATATGTGTGAA-1_1_7","Shoot_system_epidermis","Leaf_subsidiary_cell",FALSE
"GGGCGTACATTTATAT-1_1_7","Bundle_sheath","Leaf_subsidiary_cell",FALSE
"GGGCGTCCACTGGCTC-1_1_7","Leaf_primordium","Leaf_primordium",TRUE
"GGGCTATGATCGATGG-1_1_7","Leaf_rim","Bundle_sheath",FALSE
"GGGCTCATCGAACCCA-1_1_7","Leaf_primordium","Leaf_primordium",TRUE
"GGGTCAGGAGCTAGAT-1_1_7","Leaf_rim","Shoot_system_epidermis",FALSE
"GGGTCTATCGCTTTCC-1_1_7","Bundle_sheath","Leaf_subsidiary_cell",FALSE
"GGTCGGTCGTCCACAG-1_1_7","Leaf_primordium","Leaf_primordium",TRUE
"GGTCTCCGTCCAGGTT-1_1_7","Leaf_primordium","Leaf_primordium",TRUE
"GGTGCATAAATGATTA-1_1_7","Vascular_tissue","Pavement_cell_N",FALSE
"GGTTTAATTACCATCG-1_1_7","Bundle_sheath","Leaf_subsidiary_cell",FALSE
"GGTTTGTGACCTGAGG-1_1_7","Leaf_primordium","Pavement_cell_N",FALSE
"GTAACTGCCCAAGGAG-1_1_7","Pavement_cell_N","Leaf_subsidiary_cell",FALSE
"GTAAGTAGGGTATACC-1_1_7","Pavement_cell_N","Leaf_subsidiary_cell",FALSE
"GTACTAAGATTTGGAG-1_1_7","Leaf_rim","Leaf_subsidiary_cell",FALSE
"GTAGTGAGCAACCTCA-1_1_7","Bundle_sheath","Leaf_subsidiary_cell",FALSE
"GTAGTTCGAAGGCGAA-1_1_7","Leaf_rim","Leaf_subsidiary_cell",FALSE
"GTATCAGCTTGGGTTC-1_1_7","Leaf_primordium","Leaf_primordium",TRUE
"GTCAACCAGGCCTATA-1_1_7","Leaf_primordium","Leaf_primordium",TRUE
"GTCACTCTCCAAATCT-1_1_7","Leaf_primordium","Leaf_primordium",TRUE
"GTCATGCGCGAGGGCT-1_1_7","Shoot_system_epidermis","Shoot_system_epidermis",TRUE
"GTCCAATATTTAGCCT-1_1_7","Leaf_rim","Leaf_subsidiary_cell",FALSE
"GTCCGGCTGAATTGCG-1_1_7","Leaf_rim","Leaf_subsidiary_cell",FALSE
"GTCGCCGTTGTGTGTT-1_1_7","Leaf_primordium","Leaf_subsidiary_cell",FALSE
"GTCGGATATCTCAGAC-1_1_7","Leaf_primordium","Leaf_primordium",TRUE
"GTCGTATTGGCGTACA-1_1_7","Bundle_sheath","Leaf_subsidiary_cell",FALSE
"GTCTATTGCATGCTCG-1_1_7","Bundle_sheath","Bundle_sheath",TRUE
"GTCTCGATCTGCTTTC-1_1_7","Leaf_primordium","Leaf_primordium",TRUE
"GTGAAGATTTCAAGTG-1_1_7","Leaf_rim","Leaf_subsidiary_cell",FALSE
"GTGAGATAACCTTATA-1_1_7","Leaf_primordium","Shoot_system_epidermis",FALSE
"GTGAGGAGCGGTTGAG-1_1_7","Leaf_primordium","Leaf_primordium",TRUE
"GTGAGTCGACTAATAG-1_1_7","Pavement_cell_N","Shoot_apical_meristem",FALSE
"GTGATGCACAACATCT-1_1_7","Leaf_primordium","Leaf_subsidiary_cell",FALSE
"GTGCACCAGCTTCAAC-1_1_7","Leaf_primordium","Leaf_subsidiary_cell",FALSE
"GTGGGCTTAGACACAC-1_1_7","Leaf_primordium","Leaf_subsidiary_cell",FALSE
"GTGGTATAGTCTGCCG-1_1_7","Leaf_primordium","Leaf_primordium",TRUE
"GTGTCAGTGTACGTGG-1_1_7","Leaf_primordium","Leaf_primordium",TRUE
"GTTCCCGTAAACATAT-1_1_7","Leaf_primordium","Leaf_primordium",TRUE
"GTTGCACGGAGTTTCG-1_1_7","Leaf_rim","Leaf_subsidiary_cell",FALSE
"GTTGGATTCAGTGGCT-1_1_7","Bundle_sheath","Leaf_subsidiary_cell",FALSE
"GTTTCAAACGAGTTGT-1_1_7","Leaf_rim","Leaf_subsidiary_cell",FALSE
"GTTTCCTGGAGGGTGA-1_1_7","Leaf_rim","Leaf_subsidiary_cell",FALSE
"GTTTGGTGATCGGTGC-1_1_7","Leaf_primordium","Leaf_primordium",TRUE
"TAAAGCGGTATTTCCA-1_1_7","S_phase","Leaf_subsidiary_cell",FALSE
"TAAAGCTGCAATAGGG-1_1_7","Bundle_sheath","Leaf_subsidiary_cell",FALSE
"TAACAAAGGGAGAAGC-1_1_7","Leaf_primordium","Bundle_sheath",FALSE
"TAACCTAGGGAGTCCA-1_1_7","Pavement_cell_N","Leaf_primordium",FALSE
"TAACTATCGAAGGTCC-1_1_7","Pavement_cell_N","Leaf_primordium",FALSE
"TAAGGCATAACATCAA-1_1_7","S_phase","Leaf_subsidiary_cell",FALSE
"TAATAAACAAGGAGAT-1_1_7","Bundle_sheath","Leaf_subsidiary_cell",FALSE
"TAATCGATCCGTACGT-1_1_7","Leaf_primordium","Leaf_epidermis",FALSE
"TAATTGGAATCGGGAA-1_1_7","Leaf_rim","Leaf_subsidiary_cell",FALSE
"TACCAAATAGCCCAGA-1_1_7","Vascular_tissue","Vascular_tissue",TRUE
"TACCGTAGGTTAACTA-1_1_7","Leaf_primordium","Leaf_subsidiary_cell",FALSE
"TACCTACTCCCAGTAT-1_1_7","Shoot_system_epidermis","Shoot_system_epidermis",TRUE
"TACCTCAGTTGTCTGT-1_1_7","Leaf_rim","Leaf_subsidiary_cell",FALSE
"TACGAACACGACTTCA-1_1_7","Leaf_primordium","Leaf_subsidiary_cell",FALSE
"TACGCTCGGTATTGGA-1_1_7","Leaf_rim","Leaf_primordium",FALSE
"TACGGCATGGACGCTA-1_1_7","Leaf_rim","Leaf_subsidiary_cell",FALSE
"TACGGGATGCTAGCAG-1_1_7","Leaf_primordium","Leaf_primordium",TRUE
"TACGTAAAGCGGAGTG-1_1_7","Leaf_primordium","Leaf_primordium",TRUE
"TACGTGCACTATGCTG-1_1_7","Vascular_tissue","Leaf_subsidiary_cell",FALSE
"TACTATGGTTCCTCAG-1_1_7","Leaf_primordium","Leaf_subsidiary_cell",FALSE
"TACTCCTCTAGTTGAC-1_1_7","Leaf_primordium","Leaf_primordium",TRUE
"TACTCTCCGAACAAAT-1_1_7","Leaf_primordium","Leaf_primordium",TRUE
"TACTCTTACTTTACTG-1_1_7","Pavement_cell_N","Leaf_primordium",FALSE
"TACTGAACAGATTTAG-1_1_7","Leaf_primordium","Leaf_primordium",TRUE
"TACTGCAATCAATTAC-1_1_7","Vascular_tissue","Leaf_subsidiary_cell",FALSE
"TAGAATAGCCGATGAA-1_1_7","Leaf_primordium","Leaf_primordium",TRUE
"TAGAGTCTAAGCGAAC-1_1_7","Leaf_primordium","Leaf_subsidiary_cell",FALSE
"TAGCTAAGTCCGGGAG-1_1_7","Vascular_tissue","Leaf_subsidiary_cell",FALSE
"TAGCTAGTGATGATGG-1_1_7","Leaf_rim","Pavement_cell_N",FALSE
"TAGGCATGTTACGCCA-1_1_7","Leaf_rim","Leaf_primordium",FALSE
"TAGGCCTATATAGTCT-1_1_7","Bundle_sheath","Leaf_subsidiary_cell",FALSE
"TAGGCTAAAGTGGCAC-1_1_7","Leaf_primordium","Leaf_primordium",TRUE
"TAGGGTGTTTCAAGAG-1_1_7","Leaf_primordium","Leaf_primordium",TRUE
"TAGGTGAGCCCTACTC-1_1_7","Leaf_primordium","Leaf_subsidiary_cell",FALSE
"TAGGTGTTCCACAGAT-1_1_7","Leaf_primordium","Leaf_primordium",TRUE
"TAGTCCCGGAGACCAC-1_1_7","Leaf_rim","Leaf_subsidiary_cell",FALSE
"TAGTCTGTGACGTTGC-1_1_7","Leaf_rim","Leaf_subsidiary_cell",FALSE
"TAGTGCCCTCCAGAGT-1_1_7","Leaf_primordium","Leaf_subsidiary_cell",FALSE
"TATAAATCCACAAGCT-1_1_7","Pavement_cell_N","Leaf_subsidiary_cell",FALSE
"TATAAGTGAGGATAGC-1_1_7","Leaf_primordium","Leaf_subsidiary_cell",FALSE
"TATAGAGTCGCTTGAA-1_1_7","Bundle_sheath","Pavement_cell_N",FALSE
"TATATTACAAATGTCG-1_1_7","Leaf_rim","Leaf_subsidiary_cell",FALSE
"TATCACTTCGAGTAAC-1_1_7","Leaf_rim","Leaf_subsidiary_cell",FALSE
"TATCCGCACCGTCGGG-1_1_7","S_phase","Leaf_subsidiary_cell",FALSE
"TATCGATCTATGCATA-1_1_7","Leaf_rim","Leaf_subsidiary_cell",FALSE
"TATCGATGATTAAACG-1_1_7","Leaf_rim","Leaf_subsidiary_cell",FALSE
"TATGAAGAATTAAGGT-1_1_7","Leaf_rim","Leaf_primordium",FALSE
"TATGGATGTGCTACGC-1_1_7","Leaf_rim","Leaf_subsidiary_cell",FALSE
"TATGTAAAGTGCTTAA-1_1_7","Bundle_sheath","Bundle_sheath",TRUE
"TATGTCAAGACCGACT-1_1_7","Vascular_tissue","Leaf_subsidiary_cell",FALSE
"TATTAACCTGACCGCG-1_1_7","Leaf_primordium","Bundle_sheath",FALSE
"TATTTGTTACCCTTTA-1_1_7","Bundle_sheath","Leaf_subsidiary_cell",FALSE
"TCAACATAGCGCCCTA-1_1_7","Bundle_sheath","Bundle_sheath",TRUE
"TCAACCATGTTCGGGC-1_1_7","Leaf_rim","Leaf_subsidiary_cell",FALSE
"TCAATACGCCGTCATG-1_1_7","Leaf_primordium","Leaf_primordium",TRUE
"TCACAGGTTATTGGGC-1_1_7","Leaf_primordium","Leaf_subsidiary_cell",FALSE
"TCACGCATTGTAGATC-1_1_7","Leaf_primordium","Leaf_subsidiary_cell",FALSE
"TCACGGTCATCGCACA-1_1_7","Bundle_sheath","Leaf_subsidiary_cell",FALSE
"TCACTCGTGCAACGGC-1_1_7","Bundle_sheath","Leaf_subsidiary_cell",FALSE
"TCAGCAGTAGGCCCTG-1_1_7","Bundle_sheath","Leaf_subsidiary_cell",FALSE
"TCAGCCAATCCGTAAA-1_1_7","Leaf_rim","Shoot_system_epidermis",FALSE
"TCAGGTTCTTTGAGAA-1_1_7","Leaf_primordium","Leaf_subsidiary_cell",FALSE
"TCATATGAGCTTTGTT-1_1_7","Leaf_primordium","Leaf_subsidiary_cell",FALSE
"TCCAATAAAGGCTACC-1_1_7","Leaf_rim","Leaf_subsidiary_cell",FALSE
"TCCACAATGGTTTACG-1_1_7","Leaf_primordium","Leaf_primordium",TRUE
"TCCACCTCTAGCCTTT-1_1_7","Bundle_sheath","Leaf_subsidiary_cell",FALSE
"TCCAGGGTATATACGA-1_1_7","Pavement_cell_N","Leaf_subsidiary_cell",FALSE
"TCCCAGGCTTAGCTAA-1_1_7","Leaf_primordium","Pavement_cell_N",FALSE
"TCCCTTAGATTACTCG-1_1_7","Leaf_primordium","Leaf_primordium",TRUE
"TCCGATGGTGCGACAT-1_1_7","Pavement_cell_N","Leaf_subsidiary_cell",FALSE
"TCCGGAGGAAGGGCTG-1_1_7","Leaf_primordium","Leaf_subsidiary_cell",FALSE
"TCCTAACCGTCGGGCA-1_1_7","Bundle_sheath","Leaf_subsidiary_cell",FALSE
"TCCTCTACGAGATGGC-1_1_7","Vascular_tissue","Leaf_subsidiary_cell",FALSE
"TCCTGCCAACTGGAGA-1_1_7","Leaf_primordium","Leaf_subsidiary_cell",FALSE
"TCGAAATTTAGGACCA-1_1_7","Pavement_cell_N","Leaf_subsidiary_cell",FALSE
"TCGCATAAAGGGCGCA-1_1_7","Bundle_sheath","Shoot_apical_meristem",FALSE
"TCGCTAAACCGCTATC-1_1_7","Bundle_sheath","Leaf_subsidiary_cell",FALSE
"TCGCTGTGCGTAAATC-1_1_7","Leaf_primordium","Bundle_sheath",FALSE
"TCGCTTTAAACGTTTG-1_1_7","Leaf_primordium","Leaf_primordium",TRUE
"TCGGTGACCGCTCCGG-1_1_7","Leaf_primordium","Leaf_subsidiary_cell",FALSE
"TCGTAAGCTCCGAGGA-1_1_7","Vascular_tissue","Leaf_subsidiary_cell",FALSE
"TCGTACCGACGTCAAG-1_1_7","Bundle_sheath","Bundle_sheath",TRUE
"TCGTCCGCTGGCGTCT-1_1_7","Leaf_rim","Leaf_subsidiary_cell",FALSE
"TCTATAGGTGGGTAAT-1_1_7","S_phase","Bundle_sheath",FALSE
"TCTATCATGCAGTTAC-1_1_7","Leaf_primordium","Leaf_subsidiary_cell",FALSE
"TCTCGAACGAGGTCAC-1_1_7","Leaf_primordium","Leaf_subsidiary_cell",FALSE
"TCTCTAATAGCTGGTA-1_1_7","Vascular_tissue","Leaf_subsidiary_cell",FALSE
"TCTCTTACCGCGAACC-1_1_7","Bundle_sheath","Pavement_cell_N",FALSE
"TCTGAACCGGTCGGCT-1_1_7","Leaf_primordium","Leaf_subsidiary_cell",FALSE
"TCTGCATACCTTGCTT-1_1_7","Leaf_primordium","Leaf_primordium",TRUE
"TCTTACCGGAACTCGT-1_1_7","Bundle_sheath","Leaf_subsidiary_cell",FALSE
"TCTTTCCTTCGAGATA-1_1_7","Leaf_primordium","Leaf_primordium",TRUE
"TGAACAAGCAGGGACT-1_1_7","Bundle_sheath","Leaf_subsidiary_cell",FALSE
"TGAATGAGTGTTTCCC-1_1_7","Leaf_rim","Leaf_subsidiary_cell",FALSE
"TGACACTTCTCTTTGC-1_1_7","Bundle_sheath","Leaf_subsidiary_cell",FALSE
"TGACCAAATCTTAAAC-1_1_7","Leaf_primordium","Leaf_primordium",TRUE
"TGACCCACGTTAGACA-1_1_7","Leaf_primordium","Leaf_subsidiary_cell",FALSE
"TGAGATTAGGCCCTAA-1_1_7","Bundle_sheath","Leaf_subsidiary_cell",FALSE
"TGAGCTTTAATGACGC-1_1_7","Leaf_primordium","Leaf_primordium",TRUE
"TGAGGAGTGCCAGCTT-1_1_7","Leaf_primordium","Leaf_subsidiary_cell",FALSE
"TGATCACCACACTGAC-1_1_7","Leaf_primordium","Bundle_sheath",FALSE
"TGATCTACGCTGATCT-1_1_7","Leaf_rim","Leaf_subsidiary_cell",FALSE
"TGATCTCCGGCGCCAG-1_1_7","Bundle_sheath","Leaf_subsidiary_cell",FALSE
"TGATGTCAATTAAGTG-1_1_7","Bundle_sheath","Leaf_primordium",FALSE
"TGATTCCCGGTTACCT-1_1_7","Bundle_sheath","Leaf_subsidiary_cell",FALSE
"TGATTCGTCTATCACT-1_1_7","Leaf_primordium","Bundle_sheath",FALSE
"TGCAATTTGGGCACGG-1_1_7","Leaf_primordium","Leaf_subsidiary_cell",FALSE
"TGCACAGTGAAGTTAT-1_1_7","Bundle_sheath","Leaf_subsidiary_cell",FALSE
"TGCATGTGACCCATAG-1_1_7","Leaf_primordium","Leaf_primordium",TRUE
"TGCCATTACTAAAGAA-1_1_7","Leaf_rim","Leaf_subsidiary_cell",FALSE
"TGCGAGCCCTTCCGCG-1_1_7","Leaf_primordium","Leaf_subsidiary_cell",FALSE
"TGCGCGATTAACGGAG-1_1_7","Bundle_sheath","Leaf_subsidiary_cell",FALSE
"TGCGTACGGCTAATTG-1_1_7","Leaf_primordium","Leaf_primordium",TRUE
"TGCTGGTTGGACAATT-1_1_7","Leaf_rim","Leaf_subsidiary_cell",FALSE
"TGGAACCACTGACACA-1_1_7","Leaf_primordium","Leaf_subsidiary_cell",FALSE
"TGGAATATCCTTGACC-1_1_7","Leaf_primordium","Leaf_subsidiary_cell",FALSE
"TGGAGTGATGCGATGA-1_1_7","Bundle_sheath","Leaf_subsidiary_cell",FALSE
"TGGCAACTCGCGCGCC-1_1_7","Leaf_rim","Leaf_primordium",FALSE
"TGGCAAGCACAAGTCG-1_1_7","Leaf_rim","Leaf_subsidiary_cell",FALSE
"TGGCCGTATATTGACC-1_1_7","Leaf_rim","Leaf_subsidiary_cell",FALSE
"TGGCTACACTCTACCT-1_1_7","Leaf_primordium","Leaf_primordium",TRUE
"TGGCTTTGGGTAGACA-1_1_7","Leaf_primordium","Leaf_subsidiary_cell",FALSE
"TGGGATGCACTCATTC-1_1_7","Bundle_sheath","Leaf_subsidiary_cell",FALSE
"TGGGTGTAATAGATTT-1_1_7","Leaf_primordium","Bundle_sheath",FALSE
"TGGTTCGTAGCAAAGG-1_1_7","Leaf_primordium","Leaf_subsidiary_cell",FALSE
"TGTACTTCCGGGCATG-1_1_7","Pavement_cell_N","Leaf_subsidiary_cell",FALSE
"TGTAGCCATCCCATTC-1_1_7","Bundle_sheath","S_phase",FALSE
"TGTCATTTGTTGGGAA-1_1_7","Leaf_primordium","Leaf_subsidiary_cell",FALSE
"TGTCCACGGCTCAACT-1_1_7","Leaf_rim","Shoot_system_epidermis",FALSE
"TGTGAGACTAGCCCAA-1_1_7","Leaf_primordium","Leaf_primordium",TRUE
"TGTGGTTGCTAAAGCT-1_1_7","Leaf_rim","Leaf_subsidiary_cell",FALSE
"TGTGTAGTAGCACGTG-1_1_7","Leaf_rim","Shoot_system_epidermis",FALSE
"TGTGTCGCGAGTTGCA-1_1_7","Pavement_cell_N","Leaf_subsidiary_cell",FALSE
"TGTTCTTCCATTGACT-1_1_7","Leaf_primordium","Leaf_primordium",TRUE
"TTAAAGTAAGTCGCCA-1_1_7","Leaf_primordium","Leaf_subsidiary_cell",FALSE
"TTAAGCGCCTGACCCA-1_1_7","Leaf_primordium","Leaf_subsidiary_cell",FALSE
"TTACAACTACGCATCC-1_1_7","Leaf_rim","Leaf_subsidiary_cell",FALSE
"TTACACGATCTGCGAC-1_1_7","Bundle_sheath","Bundle_sheath",TRUE
"TTACAGACCTAAATGA-1_1_7","Leaf_primordium","Leaf_subsidiary_cell",FALSE
"TTACATCGTGGCCTGG-1_1_7","Leaf_primordium","Leaf_primordium",TRUE
"TTACCCATTGCCGGGT-1_1_7","Leaf_primordium","Leaf_primordium",TRUE
"TTACCCTAGGGATTGG-1_1_7","Leaf_primordium","Leaf_subsidiary_cell",FALSE
"TTAGAATAAGGGTCGG-1_1_7","Leaf_primordium","Leaf_subsidiary_cell",FALSE
"TTAGACACGATCGTTG-1_1_7","Leaf_primordium","Leaf_primordium",TRUE
"TTAGCTAATACGATCT-1_1_7","Leaf_rim","Leaf_subsidiary_cell",FALSE
"TTATGACAAACTGGAT-1_1_7","Leaf_primordium","Leaf_subsidiary_cell",FALSE
"TTCACTTCCTAGAACG-1_1_7","Leaf_rim","Leaf_subsidiary_cell",FALSE
"TTCCATCGACAGCGTG-1_1_7","Leaf_primordium","G2_M_phase",FALSE
"TTCCGCAGAGAAATAT-1_1_7","Leaf_rim","Leaf_subsidiary_cell",FALSE
"TTCCTCGAGGGTGTCT-1_1_7","Bundle_sheath","Leaf_subsidiary_cell",FALSE
"TTCGACGGGAAGGGCG-1_1_7","Bundle_sheath","Leaf_subsidiary_cell",FALSE
"TTCGCACTCGCGTGCT-1_1_7","Bundle_sheath","Leaf_subsidiary_cell",FALSE
"TTCGCACTGTACGACA-1_1_7","Leaf_primordium","Leaf_subsidiary_cell",FALSE
"TTCGCGCGCCATACGA-1_1_7","Leaf_rim","Leaf_subsidiary_cell",FALSE
"TTCGGCAACCCGCTGA-1_1_7","Vascular_tissue","Pavement_cell_N",FALSE
"TTCGGGTTGCCACGGG-1_1_7","Leaf_rim","Bundle_sheath",FALSE
"TTCGTTCAACGAAGTT-1_1_7","Leaf_primordium","Leaf_subsidiary_cell",FALSE
"TTCTACTTGCGAGGGC-1_1_7","Leaf_primordium","Leaf_subsidiary_cell",FALSE
"TTCTAGAAAGTCTTAT-1_1_7","Leaf_primordium","Leaf_subsidiary_cell",FALSE
"TTCTAGGCCAATTGTG-1_1_7","Leaf_primordium","Pavement_cell_N",FALSE
"TTCTTGTAACCTAATG-1_1_7","Leaf_primordium","Leaf_subsidiary_cell",FALSE
"TTCTTTGGTCGCGACG-1_1_7","Bundle_sheath","Leaf_subsidiary_cell",FALSE
"TTGAAAGGTGTAAAGG-1_1_7","Leaf_primordium","Leaf_subsidiary_cell",FALSE
"TTGAAGAATTCCCAGG-1_1_7","Leaf_primordium","Leaf_subsidiary_cell",FALSE
"TTGATCTAACTTTGTC-1_1_7","Bundle_sheath","Leaf_subsidiary_cell",FALSE
"TTGATTATGCAGATGA-1_1_7","Leaf_primordium","Leaf_subsidiary_cell",FALSE
"TTGCGTGAACGCTTAG-1_1_7","Pavement_cell_N","Leaf_subsidiary_cell",FALSE
"TTGCTCATAGTACGTG-1_1_7","Bundle_sheath","Leaf_subsidiary_cell",FALSE
"TTGGCCTAGAATTTCG-1_1_7","Leaf_primordium","Leaf_primordium",TRUE
"TTGGCTCGCATGAGAC-1_1_7","Leaf_rim","Leaf_subsidiary_cell",FALSE
"TTGTCGTTCAGTTACC-1_1_7","Leaf_primordium","Leaf_primordium",TRUE
"TTGTGATCTGTTCAGT-1_1_7","Bundle_sheath","Leaf_subsidiary_cell",FALSE
"TTGTTAGCAAATTCGA-1_1_7","Leaf_primordium","Leaf_subsidiary_cell",FALSE
"TTGTTTCACATCCAGG-1_1_7","Leaf_primordium","Leaf_subsidiary_cell",FALSE
"AAACACCAATAACTGC-1_1_8","S_phase","Bundle_sheath",FALSE
"AAACAGAGCGACTCCT-1_1_8","Bundle_sheath","Leaf_subsidiary_cell",FALSE
"AAAGAATGTGGACTAA-1_1_8","Bundle_sheath","Leaf_subsidiary_cell",FALSE
"AAAGACCCAAGTCGCG-1_1_8","Leaf_rim","Leaf_subsidiary_cell",FALSE
"AAAGTAGCATTGCTCA-1_1_8","Leaf_primordium","Leaf_subsidiary_cell",FALSE
"AAAGTCACTGATGTAA-1_1_8","Bundle_sheath","Leaf_subsidiary_cell",FALSE
"AAATGATTCGATCAGC-1_1_8","Bundle_sheath","Leaf_subsidiary_cell",FALSE
"AAATGGCATGTCTTGT-1_1_8","Shoot_system_epidermis","Leaf_primordium",FALSE
"AAATTGATAGTCCTTT-1_1_8","Pavement_cell_N","Leaf_subsidiary_cell",FALSE
"AACAATACATTGTCGA-1_1_8","Leaf_primordium","Leaf_primordium",TRUE
"AACACGACTGTACTGA-1_1_8","Leaf_rim","Leaf_subsidiary_cell",FALSE
"AACAGGAAATCGAATA-1_1_8","Leaf_primordium","Leaf_subsidiary_cell",FALSE
"AACATCGATACGTCTA-1_1_8","Leaf_rim","Leaf_subsidiary_cell",FALSE
"AACCGTTGTGTTTGCT-1_1_8","Vascular_tissue","Leaf_subsidiary_cell",FALSE
"AACGATAGAAGGGCCG-1_1_8","Bundle_sheath","Leaf_subsidiary_cell",FALSE
"AACGCATGATCTGGGT-1_1_8","Leaf_rim","Leaf_subsidiary_cell",FALSE
"AACGTCGCTGCACTTC-1_1_8","Pavement_cell_N","Pavement_cell_N",TRUE
"AACTCTCAGTGTGCTC-1_1_8","Leaf_primordium","Leaf_subsidiary_cell",FALSE
"AACTGATATTAGGCCT-1_1_8","Pavement_cell_N","Leaf_subsidiary_cell",FALSE
"AACTGGTGTGGGCCTT-1_1_8","Leaf_rim","Leaf_rim",TRUE
"AAGACATACGTGGTTT-1_1_8","Bundle_sheath","Leaf_subsidiary_cell",FALSE
"AAGATGGCACCGGACC-1_1_8","Leaf_primordium","Bundle_sheath",FALSE
"AAGCGTCCCTCATCGA-1_1_8","Leaf_primordium","Leaf_subsidiary_cell",FALSE
"AAGTTCAGTCTGCGTA-1_1_8","Bundle_sheath","Leaf_subsidiary_cell",FALSE
"AAGTTGTGATGTTATA-1_1_8","Leaf_rim","Leaf_subsidiary_cell",FALSE
"AATAACACTAGAACAA-1_1_8","Leaf_primordium","Leaf_subsidiary_cell",FALSE
"AATACCTGATGTGAAC-1_1_8","Bundle_sheath","Leaf_epidermis",FALSE
"AATAGCTACCGCGTGC-1_1_8","Bundle_sheath","Bundle_sheath",TRUE
"AATATCAAGGTCGGAT-1_1_8","Leaf_primordium","Leaf_subsidiary_cell",FALSE
"AATCCAAGGGCCTGAG-1_1_8","S_phase","Leaf_subsidiary_cell",FALSE
"AATCGGTATAGCCCTC-1_1_8","Bundle_sheath","Leaf_subsidiary_cell",FALSE
"AATGTGCCCGAGGTGT-1_1_8","S_phase","Leaf_subsidiary_cell",FALSE
"AATGTTGTCGTGAGAC-1_1_8","Bundle_sheath","Leaf_subsidiary_cell",FALSE
"AATTGCAGCAATCGAC-1_1_8","Bundle_sheath","Leaf_subsidiary_cell",FALSE
"AATTTGGGACATAGTA-1_1_8","Bundle_sheath","Leaf_subsidiary_cell",FALSE
"AATTTGGTTCCAAAGA-1_1_8","Pavement_cell_N","Leaf_subsidiary_cell",FALSE
"ACAAAGCATGACCTAG-1_1_8","Bundle_sheath","Leaf_subsidiary_cell",FALSE
"ACAATGAATACGGAGA-1_1_8","Pavement_cell_N","Leaf_subsidiary_cell",FALSE
"ACAGCATAGAGCCAGT-1_1_8","Bundle_sheath","Leaf_subsidiary_cell",FALSE
"ACCAACACCACACACT-1_1_8","Bundle_sheath","Leaf_subsidiary_cell",FALSE
"ACCAACCGCACTCCAC-1_1_8","Pavement_cell_N","Leaf_subsidiary_cell",FALSE
"ACCAAGAACGCGTGTC-1_1_8","Pavement_cell_N","Leaf_subsidiary_cell",FALSE
"ACCAAGTCATCGGCAG-1_1_8","Bundle_sheath","Leaf_subsidiary_cell",FALSE
"ACCCGAGCGAAATTAC-1_1_8","Leaf_primordium","Leaf_subsidiary_cell",FALSE
"ACCCTATGCCATATCG-1_1_8","Bundle_sheath","Leaf_subsidiary_cell",FALSE
"ACCGAAAGGGCCCTGC-1_1_8","Bundle_sheath","Leaf_subsidiary_cell",FALSE
"ACGCCAGTGCGTTTGC-1_1_8","Leaf_rim","Leaf_subsidiary_cell",FALSE
"ACGGAACACGAGTGCC-1_1_8","Bundle_sheath","Leaf_subsidiary_cell",FALSE
"ACGGAGCGCAAATTAC-1_1_8","Bundle_sheath","Leaf_subsidiary_cell",FALSE
"ACGTACAGATTTCTCT-1_1_8","Leaf_rim","Leaf_subsidiary_cell",FALSE
"ACGTTCCGCGCTCCGT-1_1_8","Leaf_rim","Leaf_subsidiary_cell",FALSE
"ACGTTTAGTTGTGATC-1_1_8","Bundle_sheath","Leaf_subsidiary_cell",FALSE
"ACTATATGCTGTGTTC-1_1_8","Leaf_rim","Leaf_subsidiary_cell",FALSE
"ACTATTTCCGGGCCCA-1_1_8","Vascular_tissue","Leaf_subsidiary_cell",FALSE
"ACTCAGACCTGCTTCT-1_1_8","Bundle_sheath","Leaf_subsidiary_cell",FALSE
"ACTCGCCGTTCGATAA-1_1_8","Bundle_sheath","Leaf_subsidiary_cell",FALSE
"AGACGACGATGCCGCT-1_1_8","Bundle_sheath","Leaf_subsidiary_cell",FALSE
"AGAGAAGGAGTACAAT-1_1_8","Leaf_rim","Leaf_subsidiary_cell",FALSE
"AGAGCGGGCTAATCAT-1_1_8","Leaf_primordium","Leaf_subsidiary_cell",FALSE
"AGATACCAATAGAACC-1_1_8","Bundle_sheath","Leaf_subsidiary_cell",FALSE
"AGATCGTGCATAAGAT-1_1_8","Bundle_sheath","Leaf_subsidiary_cell",FALSE
"AGATGAGGGTTGCGAT-1_1_8","Bundle_sheath","Leaf_subsidiary_cell",FALSE
"AGATGCAAGACGTGCA-1_1_8","Leaf_primordium","Leaf_subsidiary_cell",FALSE
"AGCAACCGAAAGTAAT-1_1_8","Pavement_cell_N","Bundle_sheath",FALSE
"AGCATCATTTCGAAAG-1_1_8","S_phase","Bundle_sheath",FALSE
"AGCATTACGAGGCAAG-1_1_8","Bundle_sheath","Leaf_subsidiary_cell",FALSE
"AGCCCTAAGCGAAGTT-1_1_8","Leaf_primordium","Leaf_subsidiary_cell",FALSE
"AGCCCTTCTAATCCGA-1_1_8","Bundle_sheath","Leaf_subsidiary_cell",FALSE
"AGCGACATCCCATTCA-1_1_8","Pavement_cell_N","Leaf_subsidiary_cell",FALSE
"AGCGATGCGCCTAATA-1_1_8","Bundle_sheath","Leaf_subsidiary_cell",FALSE
"AGCTAACAAGCAATGT-1_1_8","Leaf_primordium","Leaf_subsidiary_cell",FALSE
"AGCTAGAAGCAGAAGT-1_1_8","Bundle_sheath","Leaf_subsidiary_cell",FALSE
"AGCTCTTCCCAGTGCA-1_1_8","Leaf_primordium","Leaf_primordium",TRUE
"AGCTGTAACCTCAATC-1_1_8","Pavement_cell_N","Leaf_subsidiary_cell",FALSE
"AGCTTCTTCTCGAGCA-1_1_8","Bundle_sheath","Pavement_cell_N",FALSE
"AGGACGCTCGATGTTG-1_1_8","Bundle_sheath","Pavement_cell_N",FALSE
"AGGCCCATTGTACAGG-1_1_8","Bundle_sheath","Leaf_subsidiary_cell",FALSE
"AGGCGTCTATGGACGG-1_1_8","Bundle_sheath","Leaf_subsidiary_cell",FALSE
"AGGGCGTGATCGGCTA-1_1_8","Leaf_rim","Leaf_subsidiary_cell",FALSE
"AGGTAACCTCCTATTC-1_1_8","Leaf_primordium","Leaf_subsidiary_cell",FALSE
"AGGTGCACGTCCACAT-1_1_8","Bundle_sheath","Leaf_subsidiary_cell",FALSE
"AGTAACTATAGCAGCC-1_1_8","Bundle_sheath","Leaf_subsidiary_cell",FALSE
"AGTAATGTCTTGCCGC-1_1_8","Leaf_primordium","Leaf_subsidiary_cell",FALSE
"AGTAGGAAGGAAGTTG-1_1_8","Bundle_sheath","Leaf_subsidiary_cell",FALSE
"AGTCGTGGGCATTACG-1_1_8","Vascular_tissue","Leaf_subsidiary_cell",FALSE
"AGTCTCACAAGACTAC-1_1_8","Bundle_sheath","Leaf_subsidiary_cell",FALSE
"AGTGAGTCGAATTAAC-1_1_8","Bundle_sheath","Pavement_cell_N",FALSE
"AGTGTATTGCGCATTG-1_1_8","Bundle_sheath","Leaf_subsidiary_cell",FALSE
"AGTTAAGTCAACCGCT-1_1_8","Vascular_tissue","Leaf_subsidiary_cell",FALSE
"AGTTACTCTATCGTGG-1_1_8","Leaf_primordium","Leaf_subsidiary_cell",FALSE
"AGTTGGCAAGGCTAGA-1_1_8","Leaf_rim","Leaf_subsidiary_cell",FALSE
"AGTTTCGCAGGTCGGA-1_1_8","Leaf_rim","Leaf_subsidiary_cell",FALSE
"ATACCAGGCTAATAGA-1_1_8","Bundle_sheath","Leaf_subsidiary_cell",FALSE
"ATACGGAACGTCGTTT-1_1_8","Leaf_primordium","Leaf_subsidiary_cell",FALSE
"ATAGCAACTAGGGAAG-1_1_8","Leaf_primordium","Leaf_subsidiary_cell",FALSE
"ATATACGCTCGTGACG-1_1_8","Bundle_sheath","Leaf_subsidiary_cell",FALSE
"ATATCTCCCTCGTTAA-1_1_8","Vascular_tissue","Leaf_subsidiary_cell",FALSE
"ATATTCCCACAGGTCA-1_1_8","Bundle_sheath","Leaf_subsidiary_cell",FALSE
"ATCATAGCCCTATGTA-1_1_8","Leaf_rim","Pavement_cell_N",FALSE
"ATCCTGCTGCAGATAG-1_1_8","Bundle_sheath","Leaf_subsidiary_cell",FALSE
"ATCGGCAAGCAGTCCA-1_1_8","Bundle_sheath","Leaf_subsidiary_cell",FALSE
"ATCTGTAATTGTACCC-1_1_8","Bundle_sheath","Pavement_cell_N",FALSE
"ATCTTATCGCACACCC-1_1_8","Bundle_sheath","Leaf_subsidiary_cell",FALSE
"ATGACGCGTTCTATCC-1_1_8","Vascular_tissue","Leaf_subsidiary_cell",FALSE
"ATGATCGGGAATAGAC-1_1_8","Leaf_rim","Leaf_subsidiary_cell",FALSE
"ATGCCAATCGCTCTGC-1_1_8","Leaf_rim","Leaf_subsidiary_cell",FALSE
"ATGGGACCTGCTGAAC-1_1_8","Leaf_primordium","Leaf_primordium",TRUE
"ATGTACATGCGGTGAG-1_1_8","Bundle_sheath","Leaf_subsidiary_cell",FALSE
"ATTAATTCGGTCACTC-1_1_8","Pavement_cell_N","Leaf_subsidiary_cell",FALSE
"ATTACTTACTGGGCAT-1_1_8","Leaf_rim","Leaf_subsidiary_cell",FALSE
"ATTATTATGTCCGTCA-1_1_8","Leaf_rim","Leaf_subsidiary_cell",FALSE
"ATTCAGGACCTATTTC-1_1_8","Bundle_sheath","Leaf_subsidiary_cell",FALSE
"ATTCCTAAGACGTGGA-1_1_8","Bundle_sheath","Leaf_subsidiary_cell",FALSE
"ATTCGCGCCTTGAGAG-1_1_8","Bundle_sheath","Leaf_subsidiary_cell",FALSE
"ATTCTCGTCTCTTTAG-1_1_8","Bundle_sheath","Leaf_subsidiary_cell",FALSE
"ATTGGGAATATCTTGG-1_1_8","S_phase","Leaf_subsidiary_cell",FALSE
"ATTGGTTGTGCATTAC-1_1_8","Leaf_rim","Pavement_cell_N",FALSE
"ATTTAACTCGTATTAC-1_1_8","Leaf_rim","Leaf_subsidiary_cell",FALSE
"ATTTCCGGGTTCTGCG-1_1_8","Vascular_tissue","Leaf_subsidiary_cell",FALSE
"ATTTGCGCGAGTAGCT-1_1_8","Bundle_sheath","Leaf_subsidiary_cell",FALSE
"CAAATTGTCAGCAAGC-1_1_8","Pavement_cell_N","Leaf_subsidiary_cell",FALSE
"CAACCTACCGAGCAGT-1_1_8","Vascular_tissue","Leaf_subsidiary_cell",FALSE
"CAACTTGTAGTGGGCA-1_1_8","Bundle_sheath","Leaf_subsidiary_cell",FALSE
"CAAGGCCAGTGGTGCA-1_1_8","Bundle_sheath","Leaf_subsidiary_cell",FALSE
"CAATATTCTTGACCTA-1_1_8","Leaf_primordium","Leaf_subsidiary_cell",FALSE
"CACATCGTGCACGCGC-1_1_8","Leaf_primordium","Bundle_sheath",FALSE
"CACCAGTCAGCATGCA-1_1_8","Leaf_primordium","Leaf_subsidiary_cell",FALSE
"CACCATCGGAGGAGAC-1_1_8","Bundle_sheath","Leaf_subsidiary_cell",FALSE
"CACCCGGTTTGTGACT-1_1_8","Vascular_tissue","Pavement_cell_N",FALSE
"CACCCTTTCCTCGCTC-1_1_8","Leaf_rim","Leaf_subsidiary_cell",FALSE
"CACCGCCGACCAGCGA-1_1_8","Leaf_primordium","Leaf_subsidiary_cell",FALSE
"CACCGCGTCCACTCTA-1_1_8","Bundle_sheath","Leaf_subsidiary_cell",FALSE
"CACGGCGCGCCAAAGG-1_1_8","Bundle_sheath","Leaf_epidermis",FALSE
"CACTCCTATGTAAGAT-1_1_8","Bundle_sheath","Leaf_subsidiary_cell",FALSE
"CACTCCTCTCGGTCGG-1_1_8","Pavement_cell_N","Leaf_subsidiary_cell",FALSE
"CAGATCATTTAAAGTC-1_1_8","Vascular_tissue","Leaf_subsidiary_cell",FALSE
"CAGATCCTGGTTTGAA-1_1_8","Leaf_rim","Bundle_sheath",FALSE
"CAGCCTCTCCTCAAGA-1_1_8","Bundle_sheath","Pavement_cell_N",FALSE
"CAGCTCGTGCTTGTGT-1_1_8","Bundle_sheath","Leaf_subsidiary_cell",FALSE
"CAGGCGCACGGTGGTC-1_1_8","Bundle_sheath","Leaf_subsidiary_cell",FALSE
"CAGTACATTCTCTAAA-1_1_8","Bundle_sheath","Leaf_subsidiary_cell",FALSE
"CATAGCGTTGCCCACC-1_1_8","Leaf_primordium","Leaf_subsidiary_cell",FALSE
"CATATACTACTGATAA-1_1_8","Bundle_sheath","Pavement_cell_N",FALSE
"CATCATCTACCCGGAC-1_1_8","Pavement_cell_N","Leaf_primordium",FALSE
"CATCTATCCCGTGTCT-1_1_8","Bundle_sheath","Leaf_subsidiary_cell",FALSE
"CATGCTGGCTCCAATT-1_1_8","Bundle_sheath","Leaf_subsidiary_cell",FALSE
"CATGGCAGGAAGATCG-1_1_8","Leaf_rim","Leaf_subsidiary_cell",FALSE
"CATGGTTTATTAATCA-1_1_8","Bundle_sheath","Leaf_subsidiary_cell",FALSE
"CATGTAGGAGCGCCAA-1_1_8","Leaf_rim","Leaf_rim",TRUE
"CCAAGGTTGCCCTTTC-1_1_8","Bundle_sheath","Leaf_subsidiary_cell",FALSE
"CCAATTACGGGTCGAG-1_1_8","S_phase","Leaf_subsidiary_cell",FALSE
"CCAGAAAGCAACTCAT-1_1_8","Leaf_primordium","Leaf_subsidiary_cell",FALSE
"CCATCTTGTTCACAAT-1_1_8","Bundle_sheath","Leaf_subsidiary_cell",FALSE
"CCCAGAGGAGGGCGTA-1_1_8","Bundle_sheath","Leaf_subsidiary_cell",FALSE
"CCCGTAGCTGGGAAGA-1_1_8","Bundle_sheath","Leaf_subsidiary_cell",FALSE
"CCCTATGTAGAGCAGA-1_1_8","Leaf_rim","Leaf_subsidiary_cell",FALSE
"CCCTCATTCTGGAATT-1_1_8","Leaf_primordium","Leaf_subsidiary_cell",FALSE
"CCCTTTAATGGAGTTC-1_1_8","Bundle_sheath","Leaf_subsidiary_cell",FALSE
"CCGACGGGCATGAGGT-1_1_8","Leaf_primordium","Leaf_subsidiary_cell",FALSE
"CCGACGTAAACACAAC-1_1_8","Bundle_sheath","Leaf_subsidiary_cell",FALSE
"CCGAGCTGTGCTTGTC-1_1_8","Bundle_sheath","Leaf_subsidiary_cell",FALSE
"CCGCACTTGCAATGAC-1_1_8","Bundle_sheath","Leaf_subsidiary_cell",FALSE
"CCGCCGGTCAACACAC-1_1_8","Bundle_sheath","Leaf_subsidiary_cell",FALSE
"CCGCCTGCGAATTGGT-1_1_8","Bundle_sheath","Leaf_epidermis",FALSE
"CCGCTCTTCCGAACTA-1_1_8","Leaf_rim","Leaf_subsidiary_cell",FALSE
"CCGGAAGTGCAATATG-1_1_8","Bundle_sheath","Leaf_subsidiary_cell",FALSE
"CCGGCGCATATTGGAT-1_1_8","Bundle_sheath","Leaf_subsidiary_cell",FALSE
"CCGGGACCCGCAGAGA-1_1_8","Vascular_tissue","Leaf_subsidiary_cell",FALSE
"CCGGTTTGTAATTGTG-1_1_8","Leaf_primordium","Leaf_primordium",TRUE
"CCGTATTAGCGCAGTT-1_1_8","Bundle_sheath","Leaf_subsidiary_cell",FALSE
"CCGTGCCCATGACGGC-1_1_8","Leaf_rim","Pavement_cell_N",FALSE
"CCGTTACGTTAGAACA-1_1_8","Leaf_rim","Leaf_subsidiary_cell",FALSE
"CCTAACTAAGGCTCTA-1_1_8","Leaf_rim","Leaf_subsidiary_cell",FALSE
"CCTACATTCACAGACG-1_1_8","Bundle_sheath","Pavement_cell_N",FALSE
"CCTCCCGACAATCCCT-1_1_8","Leaf_rim","Leaf_subsidiary_cell",FALSE
"CCTCGCGCGATATAGG-1_1_8","Bundle_sheath","Leaf_subsidiary_cell",FALSE
"CCTCTATCGATTAGCA-1_1_8","Pavement_cell_N","Leaf_subsidiary_cell",FALSE
"CGAAGCTATAAATTCA-1_1_8","Leaf_rim","Leaf_subsidiary_cell",FALSE
"CGAGCGTTGATCAGCC-1_1_8","Bundle_sheath","Leaf_subsidiary_cell",FALSE
"CGAGTGAAGGTACCAG-1_1_8","Bundle_sheath","Leaf_subsidiary_cell",FALSE
"CGATGGACCCTACGCC-1_1_8","Pavement_cell_N","Leaf_subsidiary_cell",FALSE
"CGCGAGAGGGACTTGT-1_1_8","Bundle_sheath","Leaf_subsidiary_cell",FALSE
"CGCGAGTCTGCCGGGT-1_1_8","Leaf_rim","Leaf_subsidiary_cell",FALSE
"CGCGGTCACAAACCAA-1_1_8","Leaf_primordium","Pavement_cell_N",FALSE
"CGCTTCGGTCTAAGAC-1_1_8","Bundle_sheath","Leaf_subsidiary_cell",FALSE
"CGCTTTCATACCGGTG-1_1_8","Bundle_sheath","Leaf_subsidiary_cell",FALSE
"CGGCTTTGTATGATAA-1_1_8","Leaf_rim","Leaf_subsidiary_cell",FALSE
"CGGTGGGCTCCAGCCT-1_1_8","Bundle_sheath","Leaf_subsidiary_cell",FALSE
"CGTCAGTGCGCACAAG-1_1_8","Bundle_sheath","Pavement_cell_N",FALSE
"CGTCGGGTCTAAGCGC-1_1_8","Pavement_cell_N","Leaf_subsidiary_cell",FALSE
"CGTCTGGAAGGGCCCG-1_1_8","Bundle_sheath","Leaf_subsidiary_cell",FALSE
"CGTGCTTCTACCTAAA-1_1_8","Leaf_primordium","Pavement_cell_N",FALSE
"CGTGTATGGGAGCTGA-1_1_8","Bundle_sheath","Leaf_subsidiary_cell",FALSE
"CGTGTCTCGTTACGAC-1_1_8","Pavement_cell_N","Leaf_subsidiary_cell",FALSE
"CGTTAGCTCACAACTG-1_1_8","Bundle_sheath","Leaf_subsidiary_cell",FALSE
"CGTTCTTCGCACACCT-1_1_8","Bundle_sheath","Leaf_subsidiary_cell",FALSE
"CGTTTAAGCGGAGCAC-1_1_8","Vascular_tissue","Leaf_subsidiary_cell",FALSE
"CGTTTGTGTAGAGGGT-1_1_8","Leaf_primordium","Leaf_primordium",TRUE
"CTAAATCCGGTGTACA-1_1_8","Leaf_primordium","Bundle_sheath",FALSE
"CTACAAGAAATAACCC-1_1_8","Leaf_primordium","Pavement_cell_N",FALSE
"CTACTATCATAGGTTT-1_1_8","Leaf_rim","Leaf_subsidiary_cell",FALSE
"CTAGCCGATGTTATGA-1_1_8","Leaf_primordium","Leaf_subsidiary_cell",FALSE
"CTATGTCTATTGAAAC-1_1_8","Bundle_sheath","Leaf_subsidiary_cell",FALSE
"CTATTGTGTTTGGTCA-1_1_8","Bundle_sheath","Leaf_subsidiary_cell",FALSE
"CTCAAGACATTAGCGC-1_1_8","Bundle_sheath","Leaf_subsidiary_cell",FALSE
"CTCATAAATGTGTATA-1_1_8","Bundle_sheath","Leaf_subsidiary_cell",FALSE
"CTCATGGCTCACAATC-1_1_8","Pavement_cell_N","Leaf_subsidiary_cell",FALSE
"CTCCCTCCTTTCGATC-1_1_8","Pavement_cell_N","Leaf_subsidiary_cell",FALSE
"CTCGATATTTGCGAGC-1_1_8","Leaf_primordium","Leaf_subsidiary_cell",FALSE
"CTCGGGTTCTCTGGCC-1_1_8","Vascular_tissue","Pavement_cell_N",FALSE
"CTCGGTCCGTAGCCTG-1_1_8","Leaf_rim","Leaf_subsidiary_cell",FALSE
"CTCGTTTCTAATGTTT-1_1_8","Bundle_sheath","Leaf_subsidiary_cell",FALSE
"CTGAATTTATTGCCAG-1_1_8","Bundle_sheath","Leaf_subsidiary_cell",FALSE
"CTGCACCTGGAACCGC-1_1_8","Bundle_sheath","Leaf_subsidiary_cell",FALSE
"CTGCAGAGAATCAGAG-1_1_8","Leaf_primordium","Leaf_subsidiary_cell",FALSE
"CTGCTTTATGTCCGCG-1_1_8","Bundle_sheath","Leaf_subsidiary_cell",FALSE
"CTTAACTTACAGTATA-1_1_8","Pavement_cell_N","Leaf_subsidiary_cell",FALSE
"CTTAACTTCGAAGTAC-1_1_8","Leaf_primordium","Leaf_subsidiary_cell",FALSE
"CTTACACTGGGAAATA-1_1_8","Leaf_rim","Leaf_subsidiary_cell",FALSE
"CTTCAGTGGTCGCCTA-1_1_8","Vascular_tissue","Leaf_subsidiary_cell",FALSE
"CTTCTTACGTCGTATA-1_1_8","Bundle_sheath","Leaf_subsidiary_cell",FALSE
"CTTGTGCTCACCGATT-1_1_8","Leaf_primordium","Leaf_subsidiary_cell",FALSE
"GAAACAGCCATGCAGT-1_1_8","Leaf_rim","Leaf_subsidiary_cell",FALSE
"GAAATATGCTTGAATG-1_1_8","Leaf_rim","Leaf_subsidiary_cell",FALSE
"GAAATTAGCACGGATA-1_1_8","Bundle_sheath","Leaf_subsidiary_cell",FALSE
"GAAATTCACATCGCTG-1_1_8","Leaf_primordium","Pavement_cell_N",FALSE
"GAATAGCCCTGCGGTC-1_1_8","Bundle_sheath","Leaf_subsidiary_cell",FALSE
"GAATAGTGCTCGATTA-1_1_8","Leaf_primordium","Leaf_subsidiary_cell",FALSE
"GAATCGCCGGACACGG-1_1_8","Leaf_rim","Leaf_subsidiary_cell",FALSE
"GAATGTATGGCAGGTC-1_1_8","Leaf_rim","Leaf_subsidiary_cell",FALSE
"GACACAGCCGGGACTG-1_1_8","Bundle_sheath","Leaf_epidermis",FALSE
"GACCCAATTATGATAC-1_1_8","Pavement_cell_N","Leaf_subsidiary_cell",FALSE
"GACCCGTCGCCGGCTA-1_1_8","Bundle_sheath","Leaf_subsidiary_cell",FALSE
"GACGGGCATCGAATTT-1_1_8","Bundle_sheath","Leaf_subsidiary_cell",FALSE
"GAGAACGGTTCTGACT-1_1_8","Bundle_sheath","Leaf_subsidiary_cell",FALSE
"GAGCATCATCCCTGGG-1_1_8","Vascular_tissue","Leaf_subsidiary_cell",FALSE
"GAGCCACGGTAGTAGG-1_1_8","Leaf_rim","Leaf_subsidiary_cell",FALSE
"GAGCCGAGCGTTTATT-1_1_8","Bundle_sheath","Leaf_subsidiary_cell",FALSE
"GAGCGAGGGAGTACCG-1_1_8","Bundle_sheath","Leaf_subsidiary_cell",FALSE
"GAGCTGTCGTCTCGGA-1_1_8","Bundle_sheath","Leaf_subsidiary_cell",FALSE
"GAGGCCCGACTCCGCA-1_1_8","Leaf_primordium","Pavement_cell_N",FALSE
"GAGGCCTGTTGATACA-1_1_8","Leaf_rim","Leaf_subsidiary_cell",FALSE
"GAGGTACATCCATCTT-1_1_8","Leaf_primordium","Leaf_subsidiary_cell",FALSE
"GAGTACGGGTATACAA-1_1_8","Bundle_sheath","Leaf_subsidiary_cell",FALSE
"GATAAATCGGTGGATG-1_1_8","Leaf_rim","Shoot_system_epidermis",FALSE
"GATATGCGGTAGCCAA-1_1_8","Bundle_sheath","Leaf_subsidiary_cell",FALSE
"GATATTTCCTACATGG-1_1_8","Leaf_rim","Pavement_cell_N",FALSE
"GATCGCTATATCTCAG-1_1_8","Pavement_cell_N","Leaf_subsidiary_cell",FALSE
"GATGACAAGTAGGGCA-1_1_8","Bundle_sheath","Leaf_subsidiary_cell",FALSE
"GATGACGATGATCGCG-1_1_8","Leaf_rim","Leaf_subsidiary_cell",FALSE
"GATGCTACAAGCGCCT-1_1_8","Leaf_primordium","Leaf_subsidiary_cell",FALSE
"GCAACCACCAGACCGG-1_1_8","Leaf_rim","Leaf_subsidiary_cell",FALSE
"GCACAAGTGTCGGAAG-1_1_8","Vascular_tissue","Leaf_subsidiary_cell",FALSE
"GCACCTAGGCGAGTCC-1_1_8","Bundle_sheath","Leaf_subsidiary_cell",FALSE
"GCACGCCTACTTAGAT-1_1_8","Bundle_sheath","Leaf_subsidiary_cell",FALSE
"GCACGTGGTTTACTTA-1_1_8","Bundle_sheath","Leaf_subsidiary_cell",FALSE
"GCAGGTAGAGTATGGT-1_1_8","Bundle_sheath","Leaf_subsidiary_cell",FALSE
"GCCGACCCACGACTGC-1_1_8","Leaf_primordium","Leaf_primordium",TRUE
"GCCTTCAGCCCTACCG-1_1_8","Bundle_sheath","Leaf_subsidiary_cell",FALSE
"GCGACCCAACCATCTG-1_1_8","Leaf_rim","Leaf_subsidiary_cell",FALSE
"GCGCAAATATATTCAA-1_1_8","Bundle_sheath","Leaf_subsidiary_cell",FALSE
"GCGCTGATCCAGACTC-1_1_8","Vascular_tissue","Leaf_subsidiary_cell",FALSE
"GCGGAGAAACTTCGCA-1_1_8","Leaf_primordium","Leaf_subsidiary_cell",FALSE
"GCGGCAAAGTATTGCC-1_1_8","Leaf_rim","Leaf_subsidiary_cell",FALSE
"GCGGTCCCTAGACGCA-1_1_8","Bundle_sheath","Leaf_subsidiary_cell",FALSE
"GCGGTGAACTGCGCTC-1_1_8","Bundle_sheath","Leaf_subsidiary_cell",FALSE
"GCGTTCGGAGACCGGG-1_1_8","Bundle_sheath","Leaf_subsidiary_cell",FALSE
"GCTAAGCCCAGTATGC-1_1_8","Bundle_sheath","Leaf_subsidiary_cell",FALSE
"GCTACAATCGAGGATA-1_1_8","Leaf_primordium","Pavement_cell_N",FALSE
"GCTAGCAGGGAGTGGG-1_1_8","Bundle_sheath","Leaf_rim",FALSE
"GCTCAATCCGTTTATT-1_1_8","Vascular_tissue","Leaf_subsidiary_cell",FALSE
"GCTCATTACTGCATGT-1_1_8","Leaf_rim","Leaf_subsidiary_cell",FALSE
"GCTCCTGACATACTGG-1_1_8","Pavement_cell_N","Leaf_subsidiary_cell",FALSE
"GCTTCCATGTAACCGC-1_1_8","Bundle_sheath","Leaf_subsidiary_cell",FALSE
"GGAAACCTTGTTGAAT-1_1_8","Bundle_sheath","Leaf_subsidiary_cell",FALSE
"GGAAAGTGCCCATGCC-1_1_8","Bundle_sheath","Pavement_cell_N",FALSE
"GGAACCTTGACTCTGC-1_1_8","Mesophyll","Leaf_subsidiary_cell",FALSE
"GGACAACCATGAAGCC-1_1_8","Bundle_sheath","Leaf_subsidiary_cell",FALSE
"GGACCTACGGTAACGT-1_1_8","Bundle_sheath","Leaf_subsidiary_cell",FALSE
"GGACCTCTAGGCCGCC-1_1_8","Bundle_sheath","Leaf_subsidiary_cell",FALSE
"GGATACTCATGAATTG-1_1_8","Bundle_sheath","Leaf_subsidiary_cell",FALSE
"GGATCATCCCGTACGC-1_1_8","Bundle_sheath","Leaf_subsidiary_cell",FALSE
"GGATTGAAGTAGCCTC-1_1_8","Bundle_sheath","Leaf_subsidiary_cell",FALSE
"GGCAAAGGCGCCAATA-1_1_8","Bundle_sheath","Leaf_subsidiary_cell",FALSE
"GGCACGCTGCTACAGT-1_1_8","Bundle_sheath","Leaf_primordium",FALSE
"GGCACTGCGGTGGTTT-1_1_8","Bundle_sheath","Leaf_subsidiary_cell",FALSE
"GGCAGCGGTAATCCTA-1_1_8","Bundle_sheath","Leaf_subsidiary_cell",FALSE
"GGCCGAGACTCTGGTG-1_1_8","Shoot_system_epidermis","Shoot_system_epidermis",TRUE
"GGCTCCTCCACCTGTT-1_1_8","Pavement_cell_N","Leaf_subsidiary_cell",FALSE
"GGGAAAGAATGCCAAC-1_1_8","Bundle_sheath","Leaf_subsidiary_cell",FALSE
"GGGAATGAGCCCTCAC-1_1_8","Bundle_sheath","Leaf_subsidiary_cell",FALSE
"GGGACAGAGTTACTCC-1_1_8","Pavement_cell_N","Bundle_sheath",FALSE
"GGGAGTAATGGCTGGC-1_1_8","Leaf_rim","Leaf_subsidiary_cell",FALSE
"GGGCAACCGCACGTGC-1_1_8","Leaf_primordium","Leaf_subsidiary_cell",FALSE
"GGTAACCGGGAGGATA-1_1_8","Vascular_tissue","Leaf_subsidiary_cell",FALSE
"GGTAACTATGTATCTG-1_1_8","Bundle_sheath","Leaf_subsidiary_cell",FALSE
"GGTACGTTGCGGCCGG-1_1_8","Bundle_sheath","Leaf_subsidiary_cell",FALSE
"GGTCGGATAAACGGCG-1_1_8","Shoot_system_epidermis","Leaf_subsidiary_cell",FALSE
"GGTCTCCGTCCAGGTT-1_1_8","Bundle_sheath","Leaf_subsidiary_cell",FALSE
"GGTCTCTGAATGGACT-1_1_8","Pavement_cell_N","Leaf_subsidiary_cell",FALSE
"GGTGCAGAGCCTATCG-1_1_8","Bundle_sheath","Leaf_subsidiary_cell",FALSE
"GGTGCGGATAAGTGGC-1_1_8","Bundle_sheath","Leaf_subsidiary_cell",FALSE
"GGTTCGCATTTGCCGT-1_1_8","Bundle_sheath","Leaf_subsidiary_cell",FALSE
"GGTTTGAGTGCTGGAA-1_1_8","Bundle_sheath","Leaf_subsidiary_cell",FALSE
"GGTTTGTGACCTGAGG-1_1_8","Leaf_primordium","Leaf_subsidiary_cell",FALSE
"GTAACTTGCGGCAGTC-1_1_8","Bundle_sheath","Leaf_subsidiary_cell",FALSE
"GTAAGGATTTGTCGGA-1_1_8","Leaf_primordium","Leaf_subsidiary_cell",FALSE
"GTACTGAGGTCGTAAC-1_1_8","Bundle_sheath","Leaf_subsidiary_cell",FALSE
"GTACTGCATGAAGCGT-1_1_8","Bundle_sheath","Leaf_subsidiary_cell",FALSE
"GTAGAGGGAGACAAGT-1_1_8","Leaf_primordium","Leaf_subsidiary_cell",FALSE
"GTAGTGAGCAACCTCA-1_1_8","Bundle_sheath","Leaf_subsidiary_cell",FALSE
"GTATGAAATTTCACTC-1_1_8","Pavement_cell_N","Leaf_subsidiary_cell",FALSE
"GTCAAAGAAGTGGTGT-1_1_8","Pavement_cell_N","Bundle_sheath",FALSE
"GTCAACCAGGCCTATA-1_1_8","Vascular_tissue","Leaf_subsidiary_cell",FALSE
"GTCATGCGCGAGGGCT-1_1_8","Bundle_sheath","Leaf_subsidiary_cell",FALSE
"GTCGCCGTTGTGTGTT-1_1_8","Pavement_cell_N","Leaf_subsidiary_cell",FALSE
"GTCGTATTGGCGTACA-1_1_8","Bundle_sheath","Leaf_subsidiary_cell",FALSE
"GTCGTCAATTATAAGG-1_1_8","Bundle_sheath","Pavement_cell_N",FALSE
"GTCTATTGCATGCTCG-1_1_8","Bundle_sheath","Leaf_subsidiary_cell",FALSE
"GTGAAGATTTCAAGTG-1_1_8","Bundle_sheath","Leaf_subsidiary_cell",FALSE
"GTGAAGCCGTATAGTC-1_1_8","Bundle_sheath","Leaf_subsidiary_cell",FALSE
"GTGAGTCGACTAATAG-1_1_8","Bundle_sheath","Leaf_subsidiary_cell",FALSE
"GTGATGCACAACATCT-1_1_8","Bundle_sheath","Leaf_subsidiary_cell",FALSE
"GTGCAACAAATGTGGC-1_1_8","Vascular_tissue","Leaf_subsidiary_cell",FALSE
"GTGGAGTCGGCGGTTG-1_1_8","S_phase","Leaf_subsidiary_cell",FALSE
"GTGGTATAGTCTGCCG-1_1_8","Leaf_primordium","Leaf_subsidiary_cell",FALSE
"GTTATCAAGCTATCGA-1_1_8","Bundle_sheath","Leaf_subsidiary_cell",FALSE
"GTTCCAGTCTGACCAT-1_1_8","Bundle_sheath","Pavement_cell_N",FALSE
"GTTCTTCCCTCGATGT-1_1_8","Bundle_sheath","Leaf_subsidiary_cell",FALSE
"GTTGTCGTGTTAGTTG-1_1_8","Bundle_sheath","Leaf_subsidiary_cell",FALSE
"TAAACCCAGGAGGGCA-1_1_8","Pavement_cell_N","Leaf_subsidiary_cell",FALSE
"TAAAGAGCCCGAAACC-1_1_8","Bundle_sheath","Leaf_subsidiary_cell",FALSE
"TAAAGCTGCAATAGGG-1_1_8","Bundle_sheath","Leaf_subsidiary_cell",FALSE
"TAACATACACGCGATC-1_1_8","Leaf_primordium","Leaf_subsidiary_cell",FALSE
"TAACCGCCCGCAGTGC-1_1_8","Bundle_sheath","Pavement_cell_N",FALSE
"TAAGTCGCCGAGTATC-1_1_8","Pavement_cell_N","Leaf_subsidiary_cell",FALSE
"TAATAAACAAGGAGAT-1_1_8","S_phase","Leaf_subsidiary_cell",FALSE
"TAATATTGAAATTCGC-1_1_8","Leaf_primordium","Leaf_subsidiary_cell",FALSE
"TAATTACGTCAGTAGA-1_1_8","Leaf_primordium","Leaf_subsidiary_cell",FALSE
"TAATTGGAATCGGGAA-1_1_8","Bundle_sheath","Leaf_subsidiary_cell",FALSE
"TACCTCACGCTTGTAC-1_1_8","Pavement_cell_N","Leaf_subsidiary_cell",FALSE
"TACGTAAAGCGGAGTG-1_1_8","Bundle_sheath","Leaf_subsidiary_cell",FALSE
"TACTGAACAGATTTAG-1_1_8","Leaf_primordium","Leaf_subsidiary_cell",FALSE
"TACTGCAATCAATTAC-1_1_8","Bundle_sheath","Leaf_subsidiary_cell",FALSE
"TAGAATAGCCGATGAA-1_1_8","Leaf_primordium","Leaf_subsidiary_cell",FALSE
"TAGAGTGTTCCGGGTA-1_1_8","Bundle_sheath","Leaf_subsidiary_cell",FALSE
"TAGGCCTATATAGTCT-1_1_8","Bundle_sheath","Leaf_subsidiary_cell",FALSE
"TAGGCTAAAGTGGCAC-1_1_8","Bundle_sheath","Leaf_subsidiary_cell",FALSE
"TAGTCTGTGACGTTGC-1_1_8","Leaf_rim","Leaf_subsidiary_cell",FALSE
"TAGTTTATTCTTGCTT-1_1_8","Bundle_sheath","Leaf_subsidiary_cell",FALSE
"TATATATCGAGAAATG-1_1_8","Pavement_cell_N","Leaf_subsidiary_cell",FALSE
"TATATTACAAATGTCG-1_1_8","Leaf_primordium","Pavement_cell_N",FALSE
"TATATTCGCGTCGATA-1_1_8","Bundle_sheath","Leaf_subsidiary_cell",FALSE
"TATCACTTCGAGTAAC-1_1_8","Bundle_sheath","Shoot_system_epidermis",FALSE
"TATCCATATCATGCGA-1_1_8","Leaf_rim","Leaf_subsidiary_cell",FALSE
"TATCCTGCATGGGAAT-1_1_8","Bundle_sheath","Leaf_subsidiary_cell",FALSE
"TATTATGTTTGCCTGC-1_1_8","Leaf_primordium","Bundle_sheath",FALSE
"TATTGCCGGGCTTGTA-1_1_8","Bundle_sheath","Vascular_tissue",FALSE
"TATTTAGTCTAGATCG-1_1_8","Pavement_cell_N","Leaf_subsidiary_cell",FALSE
"TCAACAAAGATAATTC-1_1_8","Bundle_sheath","Leaf_subsidiary_cell",FALSE
"TCAATCCGGGAAGTTT-1_1_8","Bundle_sheath","Pavement_cell_N",FALSE
"TCACGATGTCCGTGGA-1_1_8","Leaf_primordium","Bundle_sheath",FALSE
"TCACTATCCCTTCGGT-1_1_8","Leaf_rim","Pavement_cell_N",FALSE
"TCACTCGTGCAACGGC-1_1_8","Bundle_sheath","Leaf_subsidiary_cell",FALSE
"TCAGCCAATCCGTAAA-1_1_8","Vascular_tissue","Leaf_subsidiary_cell",FALSE
"TCAGTGTATACGTCAT-1_1_8","Vascular_tissue","Leaf_subsidiary_cell",FALSE
"TCATCGATGGTCCCAA-1_1_8","Leaf_rim","Leaf_subsidiary_cell",FALSE
"TCCACCAAGACATAGG-1_1_8","Bundle_sheath","Leaf_subsidiary_cell",FALSE
"TCCCTGGCGTATTAAC-1_1_8","S_phase","Bundle_sheath",FALSE
"TCCCTTAGATTACTCG-1_1_8","Leaf_primordium","Leaf_primordium",TRUE
"TCCGAAGTAGTCACCA-1_1_8","Leaf_primordium","Leaf_epidermis",FALSE
"TCCGAGAAGGCTAAGC-1_1_8","Bundle_sheath","Leaf_subsidiary_cell",FALSE
"TCCGGAGGAAGGGCTG-1_1_8","Bundle_sheath","Leaf_subsidiary_cell",FALSE
"TCCTGGCGCTGCCTGG-1_1_8","Leaf_rim","Leaf_subsidiary_cell",FALSE
"TCGATAGGCTAGTCGC-1_1_8","Bundle_sheath","Leaf_rim",FALSE
"TCGCATAAAGGGCGCA-1_1_8","Bundle_sheath","Leaf_subsidiary_cell",FALSE
"TCGCTAAACCGCTATC-1_1_8","Leaf_primordium","Leaf_primordium",TRUE
"TCGGGTGAAACTGCTA-1_1_8","Leaf_rim","Leaf_subsidiary_cell",FALSE
"TCGGTCCCGACAATAG-1_1_8","Vascular_tissue","Pavement_cell_N",FALSE
"TCGGTGACCGCTCCGG-1_1_8","Bundle_sheath","Leaf_subsidiary_cell",FALSE
"TCGTAAGCTCCGAGGA-1_1_8","Leaf_primordium","Leaf_subsidiary_cell",FALSE
"TCGTATAGTGCAATTA-1_1_8","Bundle_sheath","Leaf_subsidiary_cell",FALSE
"TCGTCAAGTACGCGCA-1_1_8","Vascular_tissue","Leaf_subsidiary_cell",FALSE
"TCGTTCGTTATTATGT-1_1_8","Vascular_tissue","Pavement_cell_N",FALSE
"TCTATAGGTGGGTAAT-1_1_8","Bundle_sheath","Leaf_subsidiary_cell",FALSE
"TCTCGAACGAGGTCAC-1_1_8","Bundle_sheath","Leaf_subsidiary_cell",FALSE
"TCTGCATACCTTGCTT-1_1_8","Leaf_rim","Leaf_subsidiary_cell",FALSE
"TCTGTCATACAAGAGC-1_1_8","Bundle_sheath","Leaf_subsidiary_cell",FALSE
"TCTGTTACCCAGCATA-1_1_8","Leaf_primordium","Leaf_primordium",TRUE
"TCTTACAGAGGTACCG-1_1_8","Leaf_primordium","Leaf_subsidiary_cell",FALSE
"TCTTACCGGAACTCGT-1_1_8","Leaf_primordium","Leaf_subsidiary_cell",FALSE
"TGAGAATGCTTTACCG-1_1_8","Vascular_tissue","Leaf_subsidiary_cell",FALSE
"TGAGATTAGGCCCTAA-1_1_8","Leaf_rim","Leaf_subsidiary_cell",FALSE
"TGAGTGTAACAACGGG-1_1_8","Bundle_sheath","Leaf_subsidiary_cell",FALSE
"TGATACATTTAGCCGT-1_1_8","Vascular_tissue","Leaf_subsidiary_cell",FALSE
"TGATCTACGCTGATCT-1_1_8","Bundle_sheath","Leaf_subsidiary_cell",FALSE
"TGCAATTTGGGCACGG-1_1_8","Leaf_rim","Leaf_subsidiary_cell",FALSE
"TGCACAGTGAAGTTAT-1_1_8","Leaf_primordium","Leaf_subsidiary_cell",FALSE
"TGCGACGGCCGAACGT-1_1_8","S_phase","Leaf_subsidiary_cell",FALSE
"TGCGAGCCCTTCCGCG-1_1_8","Bundle_sheath","Leaf_subsidiary_cell",FALSE
"TGCGGCATAGTTCAAC-1_1_8","S_phase","Leaf_subsidiary_cell",FALSE
"TGCGGTGAAATTTCAT-1_1_8","Pavement_cell_N","Bundle_sheath",FALSE
"TGCGTACGGCTAATTG-1_1_8","Bundle_sheath","Leaf_subsidiary_cell",FALSE
"TGCGTCATGACTGAGC-1_1_8","Pavement_cell_N","Leaf_subsidiary_cell",FALSE
"TGGAAGACGAACACCA-1_1_8","Bundle_sheath","Leaf_subsidiary_cell",FALSE
"TGGACGCAATCCAGCC-1_1_8","S_phase","Leaf_subsidiary_cell",FALSE
"TGGCGGTGTGCGATTG-1_1_8","Bundle_sheath","Leaf_subsidiary_cell",FALSE
"TGGCTACACTCTACCT-1_1_8","Bundle_sheath","Leaf_subsidiary_cell",FALSE
"TGGGATGCACTCATTC-1_1_8","Bundle_sheath","Leaf_subsidiary_cell",FALSE
"TGGGCACAAACAGAAC-1_1_8","Bundle_sheath","Leaf_subsidiary_cell",FALSE
"TGTATCCTTATTCCAT-1_1_8","Leaf_rim","Leaf_subsidiary_cell",FALSE
"TGTCATTTGTTGGGAA-1_1_8","Bundle_sheath","Leaf_subsidiary_cell",FALSE
"TGTCCCGACATAGCAC-1_1_8","Bundle_sheath","Leaf_subsidiary_cell",FALSE
"TGTCTACAGTTTCTGT-1_1_8","Bundle_sheath","Shoot_apical_meristem",FALSE
"TGTGACTAGAGTTTGC-1_1_8","Pavement_cell_N","Leaf_subsidiary_cell",FALSE
"TGTTTCGGTACTTCTC-1_1_8","Leaf_rim","Leaf_subsidiary_cell",FALSE
"TTAAACCGGTAGCGAC-1_1_8","Leaf_rim","Leaf_subsidiary_cell",FALSE
"TTAAAGTAAGTCGCCA-1_1_8","Bundle_sheath","Leaf_subsidiary_cell",FALSE
"TTAACGTCGCAAGACC-1_1_8","Bundle_sheath","Leaf_subsidiary_cell",FALSE
"TTAAGGCCCGTACTTT-1_1_8","Vascular_tissue","Pavement_cell_N",FALSE
"TTACACGATCTGCGAC-1_1_8","Bundle_sheath","Leaf_subsidiary_cell",FALSE
"TTAGACACGATCGTTG-1_1_8","Leaf_primordium","Leaf_subsidiary_cell",FALSE
"TTAGCTAATACGATCT-1_1_8","Leaf_rim","Leaf_subsidiary_cell",FALSE
"TTAGGTCATAACCGAC-1_1_8","Pavement_cell_N","Leaf_subsidiary_cell",FALSE
"TTATTAGGGAAGCATC-1_1_8","Leaf_rim","Leaf_subsidiary_cell",FALSE
"TTCCATCATGCGGTGA-1_1_8","Bundle_sheath","Pavement_cell_N",FALSE
"TTCCATCGACAGCGTG-1_1_8","Bundle_sheath","Leaf_subsidiary_cell",FALSE
"TTCCGCAGAGAAATAT-1_1_8","Bundle_sheath","Leaf_subsidiary_cell",FALSE
"TTCGCTATCTGACGTG-1_1_8","Bundle_sheath","Leaf_subsidiary_cell",FALSE
"TTCGGCAACCCGCTGA-1_1_8","Leaf_primordium","Leaf_primordium",TRUE
"TTCGGGCGCTAGTCTT-1_1_8","Bundle_sheath","Bundle_sheath",TRUE
"TTCGTTCAACGAAGTT-1_1_8","Leaf_rim","Leaf_subsidiary_cell",FALSE
"TTCTTAGTGGCTCAGA-1_1_8","Leaf_rim","Leaf_primordium",FALSE
"TTCTTGGACGATCTGC-1_1_8","S_phase","Leaf_subsidiary_cell",FALSE
"TTGAAAGGTGTAAAGG-1_1_8","Bundle_sheath","Leaf_subsidiary_cell",FALSE
"TTGCCATAGCCCGCTC-1_1_8","Mesophyll","Leaf_subsidiary_cell",FALSE
"TTGCCTTCTCGCCGGG-1_1_8","Bundle_sheath","Leaf_subsidiary_cell",FALSE
"TTGCGCTTGATCAATA-1_1_8","Bundle_sheath","Leaf_subsidiary_cell",FALSE
"TTGCGTGAACGCTTAG-1_1_8","Bundle_sheath","Leaf_subsidiary_cell",FALSE
"TTGCTCATAGTACGTG-1_1_8","Bundle_sheath","Leaf_subsidiary_cell",FALSE
"TTGGATCGACTTCTGG-1_1_8","Bundle_sheath","Leaf_subsidiary_cell",FALSE
"TTGGATTGGGTACCAC-1_1_8","Leaf_primordium","Leaf_subsidiary_cell",FALSE
"TTGGCTCAATATGTGT-1_1_8","Bundle_sheath","Leaf_subsidiary_cell",FALSE
"TTGTGATCTGTTCAGT-1_1_8","Pavement_cell_N","Leaf_rim",FALSE
"TTGTTTCACATCCAGG-1_1_8","Leaf_rim","Leaf_subsidiary_cell",FALSE
"TTGTTTCATTAGTCTA-1_1_8","Pavement_cell_N","Leaf_subsidiary_cell",FALSE
"TTGTTTGTGTAAATTC-1_1_8","Bundle_sheath","Leaf_subsidiary_cell",FALSE
"AAACAAGTATCTCCCA-1_1_9","Leaf_primordium","Leaf_subsidiary_cell",FALSE
"AAACGTGTTCGCCCTA-1_1_9","Bundle_sheath","Bundle_sheath",TRUE
"AAAGGCCCTATAATAC-1_1_9","Leaf_primordium","Leaf_subsidiary_cell",FALSE
"AAAGGGCAGCTTGAAT-1_1_9","Bundle_sheath","Leaf_subsidiary_cell",FALSE
"AAAGGTAAGCTGTACC-1_1_9","Bundle_sheath","Bundle_sheath",TRUE
"AAATCTAGCCCTGCTA-1_1_9","Bundle_sheath","Leaf_subsidiary_cell",FALSE
"AAATGATTCGATCAGC-1_1_9","Leaf_rim","Leaf_subsidiary_cell",FALSE
"AAATTGATAGTCCTTT-1_1_9","Pavement_cell_N","Leaf_subsidiary_cell",FALSE
"AACAATACATTGTCGA-1_1_9","Leaf_primordium","Leaf_primordium",TRUE
"AACACACGCTCGCCGC-1_1_9","Leaf_rim","Leaf_subsidiary_cell",FALSE
"AACAGCTGTGTGGCAA-1_1_9","Bundle_sheath","Leaf_subsidiary_cell",FALSE
"AACAGGATGGGCCGCG-1_1_9","Leaf_primordium","Leaf_subsidiary_cell",FALSE
"AACATCGATACGTCTA-1_1_9","Bundle_sheath","Leaf_subsidiary_cell",FALSE
"AACATTGAAGTTGATC-1_1_9","Vascular_tissue","Leaf_subsidiary_cell",FALSE
"AACGCTGTTGCTGAAA-1_1_9","Bundle_sheath","Leaf_subsidiary_cell",FALSE
"AACGGACGTACGTATA-1_1_9","Pavement_cell_N","Leaf_subsidiary_cell",FALSE
"AACGTCAGACTAGTGG-1_1_9","Bundle_sheath","Leaf_subsidiary_cell",FALSE
"AACTCCAGAGCGTGTT-1_1_9","Bundle_sheath","Leaf_subsidiary_cell",FALSE
"AAGAGATGAATCGGTA-1_1_9","Leaf_rim","Leaf_subsidiary_cell",FALSE
"AAGCCGCCGTGAAATC-1_1_9","Leaf_rim","Leaf_subsidiary_cell",FALSE
"AAGCTCTTTCATGGTG-1_1_9","Leaf_primordium","Leaf_subsidiary_cell",FALSE
"AAGGCGCGTAAAGCTT-1_1_9","Bundle_sheath","Leaf_subsidiary_cell",FALSE
"AAGGGAACGACTGGCT-1_1_9","Leaf_rim","Leaf_subsidiary_cell",FALSE
"AAGTAGAAGACCGGGT-1_1_9","Vascular_tissue","Leaf_subsidiary_cell",FALSE
"AATACCGGAGGGCTGT-1_1_9","Leaf_primordium","Leaf_subsidiary_cell",FALSE
"AATCAGGTTTCATTTA-1_1_9","Leaf_primordium","Leaf_subsidiary_cell",FALSE
"AATCATGTAAAGACTC-1_1_9","Leaf_primordium","Pavement_cell_N",FALSE
"AATGACTGTCAGCCGG-1_1_9","Bundle_sheath","Leaf_subsidiary_cell",FALSE
"AATGCACCAAGCAATG-1_1_9","Leaf_rim","Bundle_sheath",FALSE
"AATGGTTCTCACAAGC-1_1_9","Bundle_sheath","Leaf_subsidiary_cell",FALSE
"AATGTGCCCGAGGTGT-1_1_9","Leaf_primordium","Leaf_subsidiary_cell",FALSE
"ACAAACCATGCGTCCT-1_1_9","Leaf_primordium","Shoot_system_epidermis",FALSE
"ACAACGGTCCCTGCGA-1_1_9","Bundle_sheath","Leaf_subsidiary_cell",FALSE
"ACAATTGTGTCTCTTT-1_1_9","Pavement_cell_N","Leaf_subsidiary_cell",FALSE
"ACACATGATCAAATCT-1_1_9","Leaf_primordium","Leaf_subsidiary_cell",FALSE
"ACACCCAGCATGCAGC-1_1_9","Vascular_tissue","Leaf_subsidiary_cell",FALSE
"ACACCGGTCTGACCGC-1_1_9","Leaf_primordium","Leaf_subsidiary_cell",FALSE
"ACACCTTAAGTAGGGC-1_1_9","Bundle_sheath","Leaf_subsidiary_cell",FALSE
"ACAGCGACATTCTCAT-1_1_9","Bundle_sheath","Leaf_subsidiary_cell",FALSE
"ACAGGCTTGCCCGACT-1_1_9","Leaf_primordium","Leaf_subsidiary_cell",FALSE
"ACAGTATACCGTGGGA-1_1_9","Bundle_sheath","Leaf_subsidiary_cell",FALSE
"ACCAAACACCCAGCGA-1_1_9","Bundle_sheath","Bundle_sheath",TRUE
"ACCAACACCACACACT-1_1_9","Vascular_tissue","Leaf_subsidiary_cell",FALSE
"ACCACCCTCTCTTCTA-1_1_9","Pavement_cell_N","Bundle_sheath",FALSE
"ACCCATTTGTCCCTCT-1_1_9","Bundle_sheath","Pavement_cell_N",FALSE
"ACCCGAGCGAAATTAC-1_1_9","S_phase","Leaf_subsidiary_cell",FALSE
"ACCCTGGTAACGCCCT-1_1_9","Leaf_rim","Leaf_subsidiary_cell",FALSE
"ACCGTGACCACGTGGG-1_1_9","Leaf_primordium","Leaf_subsidiary_cell",FALSE
"ACCTCCGCCCTCGCTG-1_1_9","Bundle_sheath","Leaf_subsidiary_cell",FALSE
"ACGGAGCGCAAATTAC-1_1_9","Bundle_sheath","Leaf_subsidiary_cell",FALSE
"ACTACCAGCTCTCTGG-1_1_9","Leaf_rim","Leaf_subsidiary_cell",FALSE
"ACTAGTTGCGATCGTC-1_1_9","Leaf_rim","Leaf_subsidiary_cell",FALSE
"ACTATATGCTGTGTTC-1_1_9","Bundle_sheath","Leaf_subsidiary_cell",FALSE
"ACTATGTCCAGCTGCC-1_1_9","Leaf_rim","Leaf_subsidiary_cell",FALSE
"ACTCCAATATCATCAT-1_1_9","Bundle_sheath","Leaf_subsidiary_cell",FALSE
"ACTGAAACGCCGTTAG-1_1_9","Bundle_sheath","Leaf_subsidiary_cell",FALSE
"ACTGCCCGCCATTCTC-1_1_9","Leaf_rim","Leaf_subsidiary_cell",FALSE
"ACTGTAGCACTTTGGA-1_1_9","Bundle_sheath","Leaf_subsidiary_cell",FALSE
"AGAATGCGGGTTCGGA-1_1_9","Leaf_rim","Bundle_sheath",FALSE
"AGACCATGGGATACAA-1_1_9","Leaf_rim","Leaf_subsidiary_cell",FALSE
"AGACGAAGTGCCGGTC-1_1_9","Vascular_tissue","Leaf_subsidiary_cell",FALSE
"AGACTAGCCTTCCAGA-1_1_9","Pavement_cell_N","Leaf_subsidiary_cell",FALSE
"AGAGAAACACCAGAAA-1_1_9","Leaf_primordium","Leaf_subsidiary_cell",FALSE
"AGAGAAGGAGTACAAT-1_1_9","Leaf_primordium","Leaf_subsidiary_cell",FALSE
"AGATACCAGCACTTCA-1_1_9","Bundle_sheath","Leaf_subsidiary_cell",FALSE
"AGATGAGGGTTGCGAT-1_1_9","Leaf_primordium","Bundle_sheath",FALSE
"AGATGCAAGACGTGCA-1_1_9","Leaf_rim","Leaf_subsidiary_cell",FALSE
"AGCAACCGAAAGTAAT-1_1_9","Leaf_primordium","Leaf_subsidiary_cell",FALSE
"AGCACACGTTTAGACT-1_1_9","Leaf_primordium","Leaf_subsidiary_cell",FALSE
"AGCACTTAAGGACGCC-1_1_9","Leaf_primordium","Leaf_subsidiary_cell",FALSE
"AGCATCGTCGATAATT-1_1_9","Leaf_primordium","Leaf_subsidiary_cell",FALSE
"AGCCCGGCATTAGAGG-1_1_9","Bundle_sheath","Leaf_subsidiary_cell",FALSE
"AGCCCTCCCTGGTGGC-1_1_9","Bundle_sheath","Leaf_subsidiary_cell",FALSE
"AGCGGTTGCCGCTCTG-1_1_9","Bundle_sheath","Bundle_sheath",TRUE
"AGGACGCTCGATGTTG-1_1_9","Bundle_sheath","Bundle_sheath",TRUE
"AGGAGGCCTTCGCGCG-1_1_9","Bundle_sheath","Leaf_subsidiary_cell",FALSE
"AGGCATTGTCGTAGGG-1_1_9","Leaf_primordium","Leaf_subsidiary_cell",FALSE
"AGGCCACCCGTTATGA-1_1_9","Leaf_rim","Leaf_subsidiary_cell",FALSE
"AGGCGGTTTGTCCCGC-1_1_9","Leaf_primordium","Leaf_subsidiary_cell",FALSE
"AGGCGTCTATGGACGG-1_1_9","Bundle_sheath","Bundle_sheath",TRUE
"AGGCTATGGTTAGCTT-1_1_9","Vascular_tissue","Leaf_subsidiary_cell",FALSE
"AGGGTCAGTAACCCTA-1_1_9","S_phase","Bundle_sheath",FALSE
"AGTACCTTCGAGTGCT-1_1_9","Vascular_tissue","Bundle_sheath",FALSE
"AGTAGGAAGGAAGTTG-1_1_9","Leaf_primordium","Bundle_sheath",FALSE
"AGTATAATACTAGGCA-1_1_9","Leaf_primordium","Leaf_subsidiary_cell",FALSE
"AGTATGCTGGAGACCA-1_1_9","Leaf_rim","Leaf_subsidiary_cell",FALSE
"AGTCAAATGATGTGAT-1_1_9","Bundle_sheath","Leaf_subsidiary_cell",FALSE
"AGTCGGCCCAAACGAC-1_1_9","S_phase","Leaf_subsidiary_cell",FALSE
"AGTCGTCGACCACCAA-1_1_9","Bundle_sheath","Leaf_subsidiary_cell",FALSE
"AGTGAAGATGGTGTCC-1_1_9","Leaf_rim","Bundle_sheath",FALSE
"AGTGACTGTGACACAA-1_1_9","Bundle_sheath","Leaf_subsidiary_cell",FALSE
"AGTGATAACCTGCGCG-1_1_9","Bundle_sheath","Leaf_subsidiary_cell",FALSE
"AGTGCACGCTTAAGAA-1_1_9","Bundle_sheath","Leaf_subsidiary_cell",FALSE
"ATAAACGTTGCACCAC-1_1_9","Vascular_tissue","Leaf_subsidiary_cell",FALSE
"ATAACGTTACCTCCAC-1_1_9","Leaf_rim","Bundle_sheath",FALSE
"ATAATAGTGTAGGGAC-1_1_9","Bundle_sheath","Leaf_subsidiary_cell",FALSE
"ATACGGAACGTCGTTT-1_1_9","Pavement_cell_N","Leaf_subsidiary_cell",FALSE
"ATACTACCCGTACCAC-1_1_9","Leaf_primordium","Leaf_subsidiary_cell",FALSE
"ATAGAGTACTGGGACA-1_1_9","Leaf_primordium","Leaf_subsidiary_cell",FALSE
"ATATCGTTCCTCGAAC-1_1_9","Bundle_sheath","Leaf_subsidiary_cell",FALSE
"ATATTGCTGTCAAAGT-1_1_9","Bundle_sheath","Leaf_subsidiary_cell",FALSE
"ATCAGCCTCATGCTGC-1_1_9","Leaf_primordium","Leaf_subsidiary_cell",FALSE
"ATCCAACGCAGTCATA-1_1_9","S_phase","Leaf_subsidiary_cell",FALSE
"ATCGCTGCGTGCAGCA-1_1_9","Leaf_primordium","Bundle_sheath",FALSE
"ATCGTTAGCTAGCGGA-1_1_9","Bundle_sheath","Leaf_subsidiary_cell",FALSE
"ATCTGACATGGAAGGA-1_1_9","Mesophyll","Leaf_subsidiary_cell",FALSE
"ATCTTGACCTGCAACG-1_1_9","Bundle_sheath","Leaf_subsidiary_cell",FALSE
"ATGAAGCCAAGGAGCC-1_1_9","Bundle_sheath","Leaf_subsidiary_cell",FALSE
"ATGAGGAGTGTTAATC-1_1_9","Bundle_sheath","Leaf_subsidiary_cell",FALSE
"ATGCACTACCGCATTG-1_1_9","Leaf_primordium","Leaf_subsidiary_cell",FALSE
"ATGCCAATCGCTCTGC-1_1_9","Leaf_primordium","Bundle_sheath",FALSE
"ATGCGACAATTGGTCC-1_1_9","Bundle_sheath","Leaf_subsidiary_cell",FALSE
"ATTACTAGCCTCTTGC-1_1_9","Bundle_sheath","Leaf_subsidiary_cell",FALSE
"ATTATGCCATAGGGAG-1_1_9","Vascular_tissue","Leaf_subsidiary_cell",FALSE
"ATTATTATGTCCGTCA-1_1_9","Pavement_cell_N","Leaf_subsidiary_cell",FALSE
"ATTCAACCATTTAAGG-1_1_9","Bundle_sheath","Leaf_subsidiary_cell",FALSE
"ATTCCTAAGACGTGGA-1_1_9","S_phase","Bundle_sheath",FALSE
"ATTCCTCCGCCAGTGC-1_1_9","S_phase","Leaf_subsidiary_cell",FALSE
"ATTGACCGGCGATGAC-1_1_9","Bundle_sheath","Leaf_subsidiary_cell",FALSE
"ATTGCCTATTAGACCG-1_1_9","Leaf_primordium","Leaf_subsidiary_cell",FALSE
"ATTGCGATCAGTAACT-1_1_9","Bundle_sheath","Leaf_subsidiary_cell",FALSE
"ATTGGATTACAGCGTA-1_1_9","Bundle_sheath","Leaf_subsidiary_cell",FALSE
"ATTGTGACTTCGCTGC-1_1_9","Leaf_rim","Bundle_sheath",FALSE
"ATTTACAGTTTACTGG-1_1_9","Leaf_primordium","Bundle_sheath",FALSE
"CAAACGGTCGCACTTT-1_1_9","Leaf_primordium","Leaf_subsidiary_cell",FALSE
"CAAAGATTATTGGGCC-1_1_9","Leaf_primordium","Leaf_subsidiary_cell",FALSE
"CAAATTGGATTATGCC-1_1_9","Leaf_rim","Bundle_sheath",FALSE
"CAACGGTTCTTGATAC-1_1_9","Bundle_sheath","Leaf_subsidiary_cell",FALSE
"CAACTCCGTAACTTGC-1_1_9","Bundle_sheath","Bundle_sheath",TRUE
"CACAAGAAAGATATTA-1_1_9","S_phase","Leaf_subsidiary_cell",FALSE
"CACACACGCTAACGAG-1_1_9","Bundle_sheath","Leaf_subsidiary_cell",FALSE
"CACACAGGGATAGATT-1_1_9","Leaf_primordium","Leaf_subsidiary_cell",FALSE
"CACATCGTGCACGCGC-1_1_9","Leaf_primordium","Leaf_subsidiary_cell",FALSE
"CACCAGTCAGCATGCA-1_1_9","Bundle_sheath","Leaf_subsidiary_cell",FALSE
"CACCGCGTCCACTCTA-1_1_9","Leaf_primordium","Pavement_cell_N",FALSE
"CACCGTATCCCATCCG-1_1_9","Bundle_sheath","Pavement_cell_N",FALSE
"CACGTTTCGTACACAC-1_1_9","Leaf_rim","Leaf_subsidiary_cell",FALSE
"CACTACGGGAGCTGCC-1_1_9","Leaf_rim","Leaf_subsidiary_cell",FALSE
"CACTCTTCTGCTAGCC-1_1_9","Bundle_sheath","Leaf_subsidiary_cell",FALSE
"CACTGTCCAAGTGAGA-1_1_9","Bundle_sheath","Leaf_subsidiary_cell",FALSE
"CACTTCGCCACAGGCT-1_1_9","Leaf_rim","Leaf_subsidiary_cell",FALSE
"CAGATACTAACATAGT-1_1_9","Leaf_primordium","Leaf_subsidiary_cell",FALSE
"CAGATCATTTAAAGTC-1_1_9","Leaf_rim","Bundle_sheath",FALSE
"CAGCAGTCCAGACTAT-1_1_9","Leaf_primordium","Leaf_subsidiary_cell",FALSE
"CAGCCTCTCCTCAAGA-1_1_9","Pavement_cell_N","Bundle_sheath",FALSE
"CAGTAACTATTTATTG-1_1_9","Leaf_rim","Bundle_sheath",FALSE
"CAGTACATTCTCTAAA-1_1_9","Leaf_primordium","Bundle_sheath",FALSE
"CAGTTCCGCGGGTCGA-1_1_9","Vascular_tissue","Leaf_subsidiary_cell",FALSE
"CATACGAACTAGCTGG-1_1_9","Leaf_primordium","Pavement_cell_N",FALSE
"CATAGTAGCATAGTAG-1_1_9","Bundle_sheath","Pavement_cell_N",FALSE
"CATATACTACTGATAA-1_1_9","Bundle_sheath","Leaf_subsidiary_cell",FALSE
"CATCAAACTGGCGCCC-1_1_9","Bundle_sheath","Pavement_cell_N",FALSE
"CATCATTACCCTGAGG-1_1_9","Pavement_cell_N","Leaf_subsidiary_cell",FALSE
"CATCTATCCCGTGTCT-1_1_9","Pavement_cell_N","Bundle_sheath",FALSE
"CATGGATTGTCTTCCG-1_1_9","Leaf_rim","Leaf_subsidiary_cell",FALSE
"CATGGGTATGCCTTAT-1_1_9","Leaf_primordium","Leaf_subsidiary_cell",FALSE
"CATGTAAGAGACATTT-1_1_9","Bundle_sheath","Leaf_subsidiary_cell",FALSE
"CATGTAGGAGCGCCAA-1_1_9","Bundle_sheath","Leaf_subsidiary_cell",FALSE
"CATTATCCCATTAACG-1_1_9","Bundle_sheath","Leaf_subsidiary_cell",FALSE
"CATTGATGAACACGCC-1_1_9","Leaf_primordium","Bundle_sheath",FALSE
"CCAACGATGCACTGAT-1_1_9","Vascular_tissue","Leaf_subsidiary_cell",FALSE
"CCAATTGAATGTTAAT-1_1_9","Leaf_primordium","Leaf_subsidiary_cell",FALSE
"CCACTGTTTGGATTAA-1_1_9","Bundle_sheath","Bundle_sheath",TRUE
"CCAGATGTAAATGGGT-1_1_9","Leaf_primordium","Bundle_sheath",FALSE
"CCATATGGAAACTATA-1_1_9","Bundle_sheath","Leaf_subsidiary_cell",FALSE
"CCATGCCCTAGATTTC-1_1_9","Bundle_sheath","Leaf_subsidiary_cell",FALSE
"CCATGCTCTGCAGGAA-1_1_9","Bundle_sheath","Leaf_subsidiary_cell",FALSE
"CCATGTTCATCTATAT-1_1_9","Leaf_rim","Leaf_subsidiary_cell",FALSE
"CCCAGAGGAGGGCGTA-1_1_9","Leaf_primordium","Bundle_sheath",FALSE
"CCCGTCAGCGTCTGAC-1_1_9","Leaf_primordium","Leaf_subsidiary_cell",FALSE
"CCCGTTTCGCAGATGT-1_1_9","Leaf_primordium","Leaf_subsidiary_cell",FALSE
"CCCTATGTAGAGCAGA-1_1_9","Bundle_sheath","Leaf_subsidiary_cell",FALSE
"CCCTCGATAATACACA-1_1_9","Pavement_cell_N","Leaf_subsidiary_cell",FALSE
"CCCTGAAATGAGTTGA-1_1_9","Leaf_primordium","Leaf_subsidiary_cell",FALSE
"CCGACGGGCATGAGGT-1_1_9","Pavement_cell_N","Shoot_system_epidermis",FALSE
"CCGACGTAAACACAAC-1_1_9","Leaf_primordium","Bundle_sheath",FALSE
"CCGAGCTGTGCTTGTC-1_1_9","Leaf_rim","S_phase",FALSE
"CCGCCTGCGAATTGGT-1_1_9","Leaf_primordium","Bundle_sheath",FALSE
"CCGGAATGGTTTCAGT-1_1_9","Pavement_cell_N","Leaf_subsidiary_cell",FALSE
"CCGGAGGTCTTATGGT-1_1_9","Bundle_sheath","Pavement_cell_N",FALSE
"CCGTAGGAAATCCCTG-1_1_9","Bundle_sheath","Leaf_subsidiary_cell",FALSE
"CCGTATTAGCGCAGTT-1_1_9","Bundle_sheath","Bundle_sheath",TRUE
"CCTATGGCTCCTAGTG-1_1_9","Bundle_sheath","Leaf_subsidiary_cell",FALSE
"CCTCACCAATCTTGAC-1_1_9","Bundle_sheath","Pavement_cell_N",FALSE
"CCTGGCTAGACCCGCC-1_1_9","Leaf_primordium","Leaf_subsidiary_cell",FALSE
"CCTGTTTGAAGACACG-1_1_9","Bundle_sheath","Leaf_subsidiary_cell",FALSE
"CGAACAGTATGGGCGT-1_1_9","Leaf_primordium","Leaf_subsidiary_cell",FALSE
"CGAATGAAGTCATTGC-1_1_9","Leaf_rim","Leaf_subsidiary_cell",FALSE
"CGAGAGGGTAGCCGCG-1_1_9","Bundle_sheath","Leaf_subsidiary_cell",FALSE
"CGAGCACTTCAAGTTT-1_1_9","Bundle_sheath","Leaf_subsidiary_cell",FALSE
"CGAGTGAAGGTACCAG-1_1_9","Leaf_primordium","Leaf_subsidiary_cell",FALSE
"CGATCCTCGCAACATA-1_1_9","Pavement_cell_N","Shoot_system_epidermis",FALSE
"CGCAAACACGAGTTAC-1_1_9","Vascular_tissue","Leaf_subsidiary_cell",FALSE
"CGCAATTACTTTCGGT-1_1_9","Leaf_primordium","Pavement_cell_N",FALSE
"CGCAATTAGGGTAATA-1_1_9","Bundle_sheath","Leaf_subsidiary_cell",FALSE
"CGCAATTCTACAATAA-1_1_9","Leaf_primordium","Leaf_subsidiary_cell",FALSE
"CGCACGTCTGTTTATG-1_1_9","Leaf_primordium","Leaf_subsidiary_cell",FALSE
"CGCAGGCGATCCAAAC-1_1_9","Bundle_sheath","Leaf_subsidiary_cell",FALSE
"CGCCGTTCAGCATAGT-1_1_9","Bundle_sheath","Leaf_subsidiary_cell",FALSE
"CGCGAGAGGGACTTGT-1_1_9","S_phase","Bundle_sheath",FALSE
"CGCGGTCACAAACCAA-1_1_9","Bundle_sheath","Pavement_cell_N",FALSE
"CGCTATTCAATGTATG-1_1_9","Bundle_sheath","Leaf_subsidiary_cell",FALSE
"CGCTGTGACGCCGCAC-1_1_9","Pavement_cell_N","Leaf_subsidiary_cell",FALSE
"CGCTTCCACTGAAATC-1_1_9","Leaf_primordium","Pavement_cell_N",FALSE
"CGGAGTTTGAGAGACA-1_1_9","Leaf_primordium","Bundle_sheath",FALSE
"CGGCAATAAGATCGCC-1_1_9","Vascular_tissue","Leaf_subsidiary_cell",FALSE
"CGGCGCCATCAATCCC-1_1_9","Bundle_sheath","Leaf_subsidiary_cell",FALSE
"CGGTCCATGAGACTCC-1_1_9","Pavement_cell_N","Leaf_subsidiary_cell",FALSE
"CGGTGTACTTGATCCC-1_1_9","Leaf_rim","Leaf_subsidiary_cell",FALSE
"CGGTTTATGAAGGAAC-1_1_9","Leaf_rim","Bundle_sheath",FALSE
"CGTCGCTTGGTTATAC-1_1_9","Bundle_sheath","Leaf_subsidiary_cell",FALSE
"CGTGCTTCTACCTAAA-1_1_9","Bundle_sheath","Leaf_subsidiary_cell",FALSE
"CGTGTCCCATTCGCGA-1_1_9","S_phase","Leaf_subsidiary_cell",FALSE
"CGTGTCTCGTTACGAC-1_1_9","Pavement_cell_N","Leaf_subsidiary_cell",FALSE
"CGTTAATGTCCCGACG-1_1_9","Leaf_primordium","Leaf_subsidiary_cell",FALSE
"CGTTCTTCGCACACCT-1_1_9","Bundle_sheath","Leaf_subsidiary_cell",FALSE
"CGTTGAGTAATTGCGT-1_1_9","Leaf_primordium","Bundle_sheath",FALSE
"CGTTTACAAGGCAGCT-1_1_9","Bundle_sheath","Bundle_sheath",TRUE
"CTAACTGATAATCGCC-1_1_9","Bundle_sheath","Leaf_subsidiary_cell",FALSE
"CTAATTCGCACGCGCT-1_1_9","Pavement_cell_N","Leaf_subsidiary_cell",FALSE
"CTAATTTCAACAACAC-1_1_9","Bundle_sheath","Leaf_subsidiary_cell",FALSE
"CTACACTCGCAGATGG-1_1_9","Leaf_rim","Leaf_subsidiary_cell",FALSE
"CTAGGCGCCCTATCAG-1_1_9","Leaf_primordium","Leaf_subsidiary_cell",FALSE
"CTATAGGCGTTGATGT-1_1_9","Leaf_primordium","Leaf_subsidiary_cell",FALSE
"CTATATCCAGCCTGGC-1_1_9","Bundle_sheath","Leaf_subsidiary_cell",FALSE
"CTATCGACGAAATACA-1_1_9","Leaf_rim","Leaf_subsidiary_cell",FALSE
"CTATGGGAAGCGGAAT-1_1_9","Vascular_tissue","Leaf_subsidiary_cell",FALSE
"CTCAAGACATTAGCGC-1_1_9","Bundle_sheath","Leaf_subsidiary_cell",FALSE
"CTCACACGCAAGCCTA-1_1_9","Leaf_rim","Bundle_sheath",FALSE
"CTCCTTTACGCAAGTC-1_1_9","Pavement_cell_N","Bundle_sheath",FALSE
"CTCGGGTTCTCTGGCC-1_1_9","Bundle_sheath","Leaf_subsidiary_cell",FALSE
"CTCGTCGAGGGCTCAT-1_1_9","Pavement_cell_N","Leaf_subsidiary_cell",FALSE
"CTCGTTTCTAATGTTT-1_1_9","Leaf_rim","Bundle_sheath",FALSE
"CTCTAATGCATTGATC-1_1_9","Mesophyll","Bundle_sheath",FALSE
"CTCTTCTGGAAGTTAG-1_1_9","Leaf_primordium","Leaf_primordium",TRUE
"CTGAATTTATTGCCAG-1_1_9","Pavement_cell_N","Bundle_sheath",FALSE
"CTGCCTTTAATACCTT-1_1_9","Bundle_sheath","Leaf_subsidiary_cell",FALSE
"CTGCTTTATGTCCGCG-1_1_9","Bundle_sheath","Bundle_sheath",TRUE
"CTGGTGAATGGGCCTA-1_1_9","Bundle_sheath","Leaf_subsidiary_cell",FALSE
"CTGTATGGTGTAGAAA-1_1_9","Bundle_sheath","Leaf_subsidiary_cell",FALSE
"CTGTGGTCGGGAGATA-1_1_9","Bundle_sheath","Pavement_cell_N",FALSE
"CTGTTCATCTCACGGG-1_1_9","Leaf_rim","Leaf_subsidiary_cell",FALSE
"CTGTTGTTCAGTCGTA-1_1_9","Pavement_cell_N","Leaf_subsidiary_cell",FALSE
"CTTAGTTGAGGAATCG-1_1_9","Pavement_cell_N","Leaf_subsidiary_cell",FALSE
"CTTCTGGGCGTACCTA-1_1_9","Pavement_cell_N","Leaf_subsidiary_cell",FALSE
"CTTTGCATCGCTCTTG-1_1_9","Bundle_sheath","Leaf_subsidiary_cell",FALSE
"GAAACATAGGAAACAG-1_1_9","Pavement_cell_N","Leaf_subsidiary_cell",FALSE
"GAAAGTGACTAACTGC-1_1_9","Vascular_tissue","Leaf_subsidiary_cell",FALSE
"GAAATATGCTTGAATG-1_1_9","Bundle_sheath","Leaf_subsidiary_cell",FALSE
"GAAATTAGCACGGATA-1_1_9","Vascular_tissue","Bundle_sheath",FALSE
"GAACACACATCAACCA-1_1_9","Pavement_cell_N","Leaf_subsidiary_cell",FALSE
"GAACATTAGTATGTTA-1_1_9","Bundle_sheath","Bundle_sheath",TRUE
"GAAGAAACGATATTGT-1_1_9","Bundle_sheath","Leaf_subsidiary_cell",FALSE
"GAAGCTTGCTGACCGC-1_1_9","Pavement_cell_N","Leaf_subsidiary_cell",FALSE
"GAATAGCCCTGCGGTC-1_1_9","Bundle_sheath","Leaf_subsidiary_cell",FALSE
"GAATAGTGCTCGATTA-1_1_9","Leaf_primordium","Leaf_subsidiary_cell",FALSE
"GACCAAACGTTGACTG-1_1_9","Leaf_primordium","Leaf_subsidiary_cell",FALSE
"GACGAGGCTAATAAAC-1_1_9","Leaf_primordium","Leaf_subsidiary_cell",FALSE
"GACGTGTAGGGATTAT-1_1_9","Bundle_sheath","Leaf_subsidiary_cell",FALSE
"GACGTTCGTAAATACA-1_1_9","Bundle_sheath","Bundle_sheath",TRUE
"GACTAAGTAGGCTCAC-1_1_9","Leaf_rim","Leaf_subsidiary_cell",FALSE
"GAGACCCTGCAACGCC-1_1_9","Leaf_primordium","Bundle_sheath",FALSE
"GAGCATCAACAACTTG-1_1_9","Bundle_sheath","Leaf_subsidiary_cell",FALSE
"GAGCCGAGCGTTTATT-1_1_9","Bundle_sheath","Leaf_subsidiary_cell",FALSE
"GAGCGCTGTTAGGTAA-1_1_9","Bundle_sheath","Leaf_subsidiary_cell",FALSE
"GAGCTGTCGTCTCGGA-1_1_9","Leaf_rim","Leaf_subsidiary_cell",FALSE
"GAGGAATGGAGAGGTT-1_1_9","S_phase","Leaf_subsidiary_cell",FALSE
"GAGGCCCGACTCCGCA-1_1_9","Bundle_sheath","Pavement_cell_N",FALSE
"GAGGGAGTCAGATCGC-1_1_9","Shoot_system_epidermis","Shoot_system_epidermis",TRUE
"GAGGGCCATAATATTA-1_1_9","Leaf_primordium","Bundle_sheath",FALSE
"GAGGGTAGTAACAAAG-1_1_9","Bundle_sheath","Leaf_subsidiary_cell",FALSE
"GATCGCTACCCGATTT-1_1_9","Leaf_primordium","Leaf_subsidiary_cell",FALSE
"GATCGCTATATCTCAG-1_1_9","Bundle_sheath","Leaf_subsidiary_cell",FALSE
"GATGACAAGTAGGGCA-1_1_9","Leaf_primordium","Leaf_subsidiary_cell",FALSE
"GATGACGATGATCGCG-1_1_9","Bundle_sheath","S_phase",FALSE
"GATGGCGCACACATTA-1_1_9","Bundle_sheath","Leaf_subsidiary_cell",FALSE
"GATGTTTGTGCGAGAT-1_1_9","Bundle_sheath","Leaf_subsidiary_cell",FALSE
"GATTGCTCCAGTTGCA-1_1_9","Bundle_sheath","Leaf_subsidiary_cell",FALSE
"GCAAAGGGCGTTAGCC-1_1_9","Pavement_cell_N","Leaf_subsidiary_cell",FALSE
"GCAAGATGTGTTCGCG-1_1_9","Leaf_primordium","Bundle_sheath",FALSE
"GCAAGTGCACAGAGAA-1_1_9","Bundle_sheath","Leaf_subsidiary_cell",FALSE
"GCACAAACCCTAGATG-1_1_9","Leaf_rim","Leaf_subsidiary_cell",FALSE
"GCACACACTGGTAGCC-1_1_9","Bundle_sheath","Leaf_subsidiary_cell",FALSE
"GCAGCTATGGACAGGT-1_1_9","S_phase","Bundle_sheath",FALSE
"GCCACTCAGAGCGCGA-1_1_9","Bundle_sheath","Leaf_subsidiary_cell",FALSE
"GCCCAGTTGGTATGCC-1_1_9","S_phase","Leaf_subsidiary_cell",FALSE
"GCCCGCGCGTTTGACA-1_1_9","Bundle_sheath","Leaf_subsidiary_cell",FALSE
"GCCGACCCACGACTGC-1_1_9","Bundle_sheath","Leaf_subsidiary_cell",FALSE
"GCCTAGCGATCTGACC-1_1_9","Bundle_sheath","Leaf_subsidiary_cell",FALSE
"GCCTATGCTGGGCCTT-1_1_9","S_phase","Shoot_system_epidermis",FALSE
"GCCTATTCCGATATAG-1_1_9","Vascular_tissue","Leaf_subsidiary_cell",FALSE
"GCCTCCGACAATTCAC-1_1_9","Bundle_sheath","Leaf_subsidiary_cell",FALSE
"GCGAAACGATCGGGAG-1_1_9","Bundle_sheath","Pavement_cell_N",FALSE
"GCGAGAGGCCATGTAA-1_1_9","Bundle_sheath","Pavement_cell_N",FALSE
"GCGCAAATATATTCAA-1_1_9","Leaf_rim","Leaf_subsidiary_cell",FALSE
"GCGCGTCATTGGTACA-1_1_9","Pavement_cell_N","Leaf_subsidiary_cell",FALSE
"GCGCTTAAATAATTGG-1_1_9","S_phase","Leaf_subsidiary_cell",FALSE
"GCGGCAAAGTATTGCC-1_1_9","Vascular_tissue","Leaf_subsidiary_cell",FALSE
"GCGGTCCCGGTGAAGG-1_1_9","Bundle_sheath","Leaf_subsidiary_cell",FALSE
"GCGTCCCTAAGACATA-1_1_9","Pavement_cell_N","Leaf_primordium",FALSE
"GCGTTCGGAGACCGGG-1_1_9","Leaf_rim","Bundle_sheath",FALSE
"GCTAATACCGAATGCC-1_1_9","Bundle_sheath","Leaf_subsidiary_cell",FALSE
"GCTACTATAGTAGAGT-1_1_9","Leaf_primordium","Leaf_subsidiary_cell",FALSE
"GCTAGAGTAGAGATGT-1_1_9","Bundle_sheath","Leaf_subsidiary_cell",FALSE
"GCTAGCAGGGAGTGGG-1_1_9","Bundle_sheath","Leaf_subsidiary_cell",FALSE
"GCTAGCGATAGGTCTT-1_1_9","Vascular_tissue","Leaf_subsidiary_cell",FALSE
"GCTAGTTTCATTGAGG-1_1_9","Bundle_sheath","Leaf_subsidiary_cell",FALSE
"GCTATACGTCTCGGAC-1_1_9","Leaf_primordium","Leaf_subsidiary_cell",FALSE
"GCTCTATGTTACGTGC-1_1_9","Vascular_tissue","Leaf_subsidiary_cell",FALSE
"GCTGGACCCAAAGTGG-1_1_9","Leaf_rim","Leaf_subsidiary_cell",FALSE
"GCTGGTGACTCGTAGT-1_1_9","Leaf_rim","Bundle_sheath",FALSE
"GCTTGATGATAATCAG-1_1_9","Bundle_sheath","Leaf_subsidiary_cell",FALSE
"GCTTGCAGCACAATTG-1_1_9","Leaf_rim","Pavement_cell_N",FALSE
"GGAAACCTTGTTGAAT-1_1_9","Bundle_sheath","Bundle_sheath",TRUE
"GGAACCTTGACTCTGC-1_1_9","Pavement_cell_N","Leaf_subsidiary_cell",FALSE
"GGACCTACGGTAACGT-1_1_9","Bundle_sheath","Bundle_sheath",TRUE
"GGACTCGTGAGTGGTC-1_1_9","Leaf_primordium","Leaf_subsidiary_cell",FALSE
"GGAGAAGTCATTGGCA-1_1_9","Bundle_sheath","Leaf_subsidiary_cell",FALSE
"GGAGACCAATGTGCTT-1_1_9","Leaf_rim","Bundle_sheath",FALSE
"GGAGCAACATTTCAAG-1_1_9","Bundle_sheath","Leaf_subsidiary_cell",FALSE
"GGATCATCCCGTACGC-1_1_9","Vascular_tissue","Leaf_subsidiary_cell",FALSE
"GGATCTTACTGCCCTT-1_1_9","S_phase","Leaf_subsidiary_cell",FALSE
"GGATTCAGTACGGTGG-1_1_9","Bundle_sheath","Leaf_subsidiary_cell",FALSE
"GGCAAGCCAGGGATAG-1_1_9","Bundle_sheath","Leaf_subsidiary_cell",FALSE
"GGCAGCAAACCTATGC-1_1_9","Leaf_primordium","Leaf_subsidiary_cell",FALSE
"GGCCCAGTTATCAGCA-1_1_9","Bundle_sheath","Bundle_sheath",TRUE
"GGCCGAGACTCTGGTG-1_1_9","Bundle_sheath","Leaf_subsidiary_cell",FALSE
"GGCGCGGAGATCTTTC-1_1_9","Bundle_sheath","Leaf_subsidiary_cell",FALSE
"GGCGTCCTATCCGCTG-1_1_9","S_phase","Leaf_subsidiary_cell",FALSE
"GGCTAAAGGGCGGGTC-1_1_9","Leaf_primordium","Bundle_sheath",FALSE
"GGCTAATGATTGAAAT-1_1_9","Bundle_sheath","Bundle_sheath",TRUE
"GGCTCGTGCCACCAGC-1_1_9","Bundle_sheath","Leaf_subsidiary_cell",FALSE
"GGGAATGAGCCCTCAC-1_1_9","Bundle_sheath","Leaf_subsidiary_cell",FALSE
"GGGACAGAGTTACTCC-1_1_9","Bundle_sheath","Pavement_cell_N",FALSE
"GGGCGTTTACATTCAT-1_1_9","Bundle_sheath","Leaf_subsidiary_cell",FALSE
"GGGTATGTATGCACTT-1_1_9","Leaf_primordium","Leaf_subsidiary_cell",FALSE
"GGTAACCGGGAGGATA-1_1_9","S_phase","Leaf_subsidiary_cell",FALSE
"GGTCAAGACTACTTCG-1_1_9","Leaf_primordium","Leaf_subsidiary_cell",FALSE
"GGTCATTGTAGTCATA-1_1_9","Bundle_sheath","Bundle_sheath",TRUE
"GGTGAGATGCAGATAA-1_1_9","Leaf_primordium","Leaf_subsidiary_cell",FALSE
"GGTGCAGAGCCTATCG-1_1_9","Leaf_rim","Pavement_cell_N",FALSE
"GGTGGACTGCTCTGGC-1_1_9","Bundle_sheath","Leaf_subsidiary_cell",FALSE
"GGTTAGGCTTGGAGAA-1_1_9","Bundle_sheath","Leaf_subsidiary_cell",FALSE
"GGTTTAATTACCATCG-1_1_9","Vascular_tissue","Pavement_cell_N",FALSE
"GGTTTGCGAACACGTA-1_1_9","Vascular_tissue","Bundle_sheath",FALSE
"GGTTTGTGACCTGAGG-1_1_9","Leaf_rim","Leaf_subsidiary_cell",FALSE
"GTAAGTAGGGTATACC-1_1_9","Leaf_primordium","Leaf_subsidiary_cell",FALSE
"GTACGTCACGTATTAA-1_1_9","Bundle_sheath","Bundle_sheath",TRUE
"GTACTTGGGCACTTCT-1_1_9","Bundle_sheath","Leaf_subsidiary_cell",FALSE
"GTAGCTCCGGGAGGCT-1_1_9","Leaf_primordium","Leaf_primordium",TRUE
"GTAGTTCGAAGGCGAA-1_1_9","Leaf_primordium","Leaf_subsidiary_cell",FALSE
"GTATCAAACGTTAGCT-1_1_9","S_phase","Leaf_subsidiary_cell",FALSE
"GTATCAGCTTGGGTTC-1_1_9","Bundle_sheath","Leaf_subsidiary_cell",FALSE
"GTATCTCAGTCTTGAC-1_1_9","Leaf_primordium","Leaf_subsidiary_cell",FALSE
"GTCACTCTCCAAATCT-1_1_9","Bundle_sheath","Leaf_subsidiary_cell",FALSE
"GTCAGAATAGTCTATG-1_1_9","Leaf_primordium","Leaf_subsidiary_cell",FALSE
"GTCCCGCGACGTTATG-1_1_9","Bundle_sheath","Leaf_subsidiary_cell",FALSE
"GTCCTACGAATAGTCT-1_1_9","Bundle_sheath","Leaf_subsidiary_cell",FALSE
"GTCGGAAGGATACCAG-1_1_9","Bundle_sheath","Leaf_subsidiary_cell",FALSE
"GTGAAGATTTCAAGTG-1_1_9","Bundle_sheath","Bundle_sheath",TRUE
"GTGAAGCCGTATAGTC-1_1_9","Bundle_sheath","Leaf_subsidiary_cell",FALSE
"GTGATCAAGCGTGCAC-1_1_9","Vascular_tissue","Leaf_subsidiary_cell",FALSE
"GTTATAATACGGTGAA-1_1_9","Bundle_sheath","Leaf_subsidiary_cell",FALSE
"GTTCGTCTAAAGAACT-1_1_9","Vascular_tissue","Leaf_subsidiary_cell",FALSE
"GTTCGTCTGGGTCCCT-1_1_9","Bundle_sheath","Leaf_subsidiary_cell",FALSE
"GTTGCACGGAGTTTCG-1_1_9","Leaf_rim","Leaf_subsidiary_cell",FALSE
"GTTGGACCGCATCAGG-1_1_9","Leaf_rim","Pavement_cell_N",FALSE
"GTTGTTACATTGCGCT-1_1_9","Bundle_sheath","Bundle_sheath",TRUE
"GTTTCCTGGAGGGTGA-1_1_9","Leaf_primordium","Leaf_subsidiary_cell",FALSE
"GTTTGGTGATCGGTGC-1_1_9","Leaf_primordium","Leaf_subsidiary_cell",FALSE
"TAAAGCTGCAATAGGG-1_1_9","Leaf_primordium","Bundle_sheath",FALSE
"TAAATGAATCCGTTTC-1_1_9","Leaf_rim","Leaf_subsidiary_cell",FALSE
"TAAATGCCGTCTCATG-1_1_9","Bundle_sheath","Bundle_sheath",TRUE
"TAACAAAGGGAGAAGC-1_1_9","S_phase","Leaf_subsidiary_cell",FALSE
"TAACATACACGCGATC-1_1_9","Leaf_primordium","Leaf_primordium",TRUE
"TAACCTAGGGAGTCCA-1_1_9","Vascular_tissue","Leaf_subsidiary_cell",FALSE
"TAACTATCGAAGGTCC-1_1_9","S_phase","Leaf_subsidiary_cell",FALSE
"TAAGAGGGACAGGGAC-1_1_9","Pavement_cell_N","Leaf_subsidiary_cell",FALSE
"TAAGCCCTTACGACCA-1_1_9","Bundle_sheath","Bundle_sheath",TRUE
"TAAGCGCGAATCAAAT-1_1_9","Bundle_sheath","Leaf_subsidiary_cell",FALSE
"TAAGGGCCTGTCCGAT-1_1_9","Bundle_sheath","Leaf_subsidiary_cell",FALSE
"TAATAGGTCACCAGAA-1_1_9","Pavement_cell_N","Leaf_subsidiary_cell",FALSE
"TAATTGGAATCGGGAA-1_1_9","Leaf_rim","Shoot_system_epidermis",FALSE
"TACCAGGAATCCCGTC-1_1_9","Leaf_primordium","Leaf_subsidiary_cell",FALSE
"TACCTCCACACCAATG-1_1_9","Leaf_primordium","Leaf_subsidiary_cell",FALSE
"TACGCTGCTGTGTTAA-1_1_9","Leaf_primordium","Leaf_subsidiary_cell",FALSE
"TACGTGCACTATGCTG-1_1_9","Bundle_sheath","Leaf_subsidiary_cell",FALSE
"TACTCCTCTAGTTGAC-1_1_9","Pavement_cell_N","Shoot_system_epidermis",FALSE
"TAGAGGTTCTACTTGT-1_1_9","S_phase","Leaf_subsidiary_cell",FALSE
"TAGATGGTTCCTTACT-1_1_9","Bundle_sheath","Leaf_subsidiary_cell",FALSE
"TAGCAACCTGTCACAA-1_1_9","Bundle_sheath","Leaf_subsidiary_cell",FALSE
"TAGGTGAGCCCTACTC-1_1_9","Leaf_rim","Leaf_subsidiary_cell",FALSE
"TATAAGTGAGGATAGC-1_1_9","Leaf_rim","Leaf_subsidiary_cell",FALSE
"TATACACGCAAAGTAT-1_1_9","Vascular_tissue","Leaf_subsidiary_cell",FALSE
"TATATTACAAATGTCG-1_1_9","Pavement_cell_N","Leaf_subsidiary_cell",FALSE
"TATCACTTCGAGTAAC-1_1_9","Leaf_rim","Bundle_sheath",FALSE
"TATCCATCTCGGTTAG-1_1_9","Pavement_cell_N","Leaf_subsidiary_cell",FALSE
"TATCGATGATTAAACG-1_1_9","Leaf_rim","Leaf_subsidiary_cell",FALSE
"TATGATCTTCTCTTTA-1_1_9","Bundle_sheath","Leaf_subsidiary_cell",FALSE
"TATGGCCCGGCCTCGC-1_1_9","Pavement_cell_N","Bundle_sheath",FALSE
"TATTATGTTTGCCTGC-1_1_9","Vascular_tissue","Leaf_subsidiary_cell",FALSE
"TATTCCGAGCTGTTAT-1_1_9","Leaf_primordium","Leaf_subsidiary_cell",FALSE
"TATTTGTTACCCTTTA-1_1_9","Bundle_sheath","Leaf_subsidiary_cell",FALSE
"TCAACTGCAGAGTCAG-1_1_9","Bundle_sheath","Leaf_subsidiary_cell",FALSE
"TCAGGTTCTTTGAGAA-1_1_9","Leaf_primordium","Leaf_subsidiary_cell",FALSE
"TCAGTACTGACCCGCG-1_1_9","Leaf_primordium","Leaf_subsidiary_cell",FALSE
"TCATCGATGGTCCCAA-1_1_9","Leaf_rim","S_phase",FALSE
"TCCACAATGGTTTACG-1_1_9","Leaf_primordium","Bundle_sheath",FALSE
"TCCAGATGTACGCCAA-1_1_9","Leaf_primordium","Bundle_sheath",FALSE
"TCCCTGGCGTATTAAC-1_1_9","Vascular_tissue","Leaf_subsidiary_cell",FALSE
"TCCGAAGTAGTCACCA-1_1_9","Bundle_sheath","Leaf_subsidiary_cell",FALSE
"TCCGGAGGAAGGGCTG-1_1_9","Leaf_primordium","Pavement_cell_N",FALSE
"TCCGTTAAGCTAATAT-1_1_9","Pavement_cell_N","Leaf_subsidiary_cell",FALSE
"TCCTCTACGAGATGGC-1_1_9","Bundle_sheath","Leaf_subsidiary_cell",FALSE
"TCCTGGCGCTGCCTGG-1_1_9","Leaf_rim","Leaf_subsidiary_cell",FALSE
"TCCTTACGACGGTCCG-1_1_9","Leaf_primordium","Leaf_subsidiary_cell",FALSE
"TCCTTTAAATCCGCTT-1_1_9","Bundle_sheath","Leaf_subsidiary_cell",FALSE
"TCGAAATTTAGGACCA-1_1_9","Pavement_cell_N","Leaf_primordium",FALSE
"TCGCGTAGCAGTGTCC-1_1_9","Bundle_sheath","Leaf_subsidiary_cell",FALSE
"TCGCTTAATTACGAAG-1_1_9","Vascular_tissue","Bundle_sheath",FALSE
"TCGGCTTGTATCGACG-1_1_9","Bundle_sheath","Leaf_subsidiary_cell",FALSE
"TCGGTCCCGACAATAG-1_1_9","Leaf_primordium","Leaf_subsidiary_cell",FALSE
"TCGGTGACCGCTCCGG-1_1_9","Bundle_sheath","Bundle_sheath",TRUE
"TCGTCCGCTGGCGTCT-1_1_9","S_phase","Leaf_subsidiary_cell",FALSE
"TCGTGTTCGACCACAA-1_1_9","Leaf_rim","Leaf_subsidiary_cell",FALSE
"TCTAATACTGCCTCAG-1_1_9","Vascular_tissue","Leaf_subsidiary_cell",FALSE
"TCTACCCAATAGAGAG-1_1_9","Leaf_primordium","Leaf_subsidiary_cell",FALSE
"TCTACGGGCTCAGTTG-1_1_9","Bundle_sheath","Bundle_sheath",TRUE
"TCTAGCATCTTCGATG-1_1_9","Bundle_sheath","Leaf_subsidiary_cell",FALSE
"TCTATCATGCAGTTAC-1_1_9","Bundle_sheath","Leaf_subsidiary_cell",FALSE
"TCTCTAATAGCTGGTA-1_1_9","Pavement_cell_N","Leaf_subsidiary_cell",FALSE
"TCTGCGAATCGTTCGC-1_1_9","Leaf_rim","Bundle_sheath",FALSE
"TCTTACGGCATCCGAC-1_1_9","Bundle_sheath","Leaf_subsidiary_cell",FALSE
"TGAACAAGCAGGGACT-1_1_9","Leaf_primordium","Leaf_subsidiary_cell",FALSE
"TGAATATGCTATAAAC-1_1_9","Bundle_sheath","Leaf_subsidiary_cell",FALSE
"TGACACTTCTCTTTGC-1_1_9","Leaf_rim","Leaf_subsidiary_cell",FALSE
"TGACTCCGAATCATAC-1_1_9","Leaf_primordium","Leaf_subsidiary_cell",FALSE
"TGATGTCAATTAAGTG-1_1_9","Bundle_sheath","Leaf_subsidiary_cell",FALSE
"TGATTATGGCACGCAG-1_1_9","Bundle_sheath","Bundle_sheath",TRUE
"TGATTCGTCTATCACT-1_1_9","Pavement_cell_N","Shoot_system_epidermis",FALSE
"TGATTTCCTCCTGACG-1_1_9","Pavement_cell_N","Leaf_subsidiary_cell",FALSE
"TGCAACCCATCTGCGG-1_1_9","Bundle_sheath","Leaf_subsidiary_cell",FALSE
"TGCACAGTGAAGTTAT-1_1_9","Leaf_primordium","Bundle_sheath",FALSE
"TGCCTAATTGAAGATT-1_1_9","Leaf_rim","Leaf_subsidiary_cell",FALSE
"TGCGAGATGGCGGCCA-1_1_9","Bundle_sheath","Bundle_sheath",TRUE
"TGCGAGCCCTTCCGCG-1_1_9","Leaf_rim","Bundle_sheath",FALSE
"TGCGCGATTAACGGAG-1_1_9","Vascular_tissue","Leaf_subsidiary_cell",FALSE
"TGCTAAGTGTCTATTT-1_1_9","Vascular_tissue","Pavement_cell_N",FALSE
"TGCTGGTTGGACAATT-1_1_9","Vascular_tissue","Leaf_subsidiary_cell",FALSE
"TGCTTAGAGAGAATGC-1_1_9","Bundle_sheath","Leaf_subsidiary_cell",FALSE
"TGGAATATCCTTGACC-1_1_9","Leaf_primordium","Bundle_sheath",FALSE
"TGGACGCAATCCAGCC-1_1_9","Leaf_rim","Leaf_subsidiary_cell",FALSE
"TGGAGGGAAACACCTC-1_1_9","Pavement_cell_N","Bundle_sheath",FALSE
"TGGAGTGATGCGATGA-1_1_9","Leaf_primordium","Leaf_primordium",TRUE
"TGGCAATGGGACGGCG-1_1_9","Leaf_primordium","Leaf_subsidiary_cell",FALSE
"TGGCCGTATATTGACC-1_1_9","Leaf_primordium","Leaf_subsidiary_cell",FALSE
"TGGCTTTGGGTAGACA-1_1_9","Pavement_cell_N","Leaf_subsidiary_cell",FALSE
"TGGGAAATGCCTTTCC-1_1_9","Bundle_sheath","Leaf_subsidiary_cell",FALSE
"TGGGATGCACTCATTC-1_1_9","Leaf_rim","Bundle_sheath",FALSE
"TGGGTGGGATGTCATT-1_1_9","Vascular_tissue","Bundle_sheath",FALSE
"TGGTTTAAACGTGGGT-1_1_9","Pavement_cell_N","Leaf_subsidiary_cell",FALSE
"TGTACCTACACGAGGG-1_1_9","Bundle_sheath","Leaf_subsidiary_cell",FALSE
"TGTACTACTCTCACGG-1_1_9","Bundle_sheath","Bundle_sheath",TRUE
"TGTATCAGACTGAAGC-1_1_9","Bundle_sheath","Bundle_sheath",TRUE
"TGTCATTTGTTGGGAA-1_1_9","Leaf_primordium","Bundle_sheath",FALSE
"TGTGTCGCGAGTTGCA-1_1_9","S_phase","Leaf_subsidiary_cell",FALSE
"TTAACGAACAAGCAGT-1_1_9","Bundle_sheath","Leaf_subsidiary_cell",FALSE
"TTAAGGCCCGTACTTT-1_1_9","Bundle_sheath","Leaf_subsidiary_cell",FALSE
"TTACATCGTGGCCTGG-1_1_9","S_phase","Leaf_subsidiary_cell",FALSE
"TTACTGTCTAGAGCTC-1_1_9","Bundle_sheath","Leaf_subsidiary_cell",FALSE
"TTAGCAACATGGATGT-1_1_9","Bundle_sheath","Leaf_subsidiary_cell",FALSE
"TTATGACAAACTGGAT-1_1_9","Pavement_cell_N","Leaf_subsidiary_cell",FALSE
"TTCAACGACCCGACCG-1_1_9","Leaf_rim","Leaf_subsidiary_cell",FALSE
"TTCAGCTGGCGTGCCC-1_1_9","Bundle_sheath","Leaf_subsidiary_cell",FALSE
"TTCCATCATGCGGTGA-1_1_9","Bundle_sheath","Bundle_sheath",TRUE
"TTCCGCAGAGAAATAT-1_1_9","Leaf_primordium","Bundle_sheath",FALSE
"TTCCGGCTCGACTTCT-1_1_9","Bundle_sheath","Pavement_cell_N",FALSE
"TTCGACGGGAAGGGCG-1_1_9","S_phase","Leaf_subsidiary_cell",FALSE
"TTCGCACTCGCGTGCT-1_1_9","Vascular_tissue","Leaf_subsidiary_cell",FALSE
"TTCGCTATCTGACGTG-1_1_9","Leaf_primordium","Bundle_sheath",FALSE
"TTCGTACTCCAGAACG-1_1_9","Vascular_tissue","Leaf_subsidiary_cell",FALSE
"TTCTACTTGCGAGGGC-1_1_9","Bundle_sheath","Leaf_subsidiary_cell",FALSE
"TTCTAGGCCAATTGTG-1_1_9","Bundle_sheath","Leaf_subsidiary_cell",FALSE
"TTCTTATCCGCTGGGT-1_1_9","Mesophyll","Leaf_subsidiary_cell",FALSE
"TTCTTGTAACCTAATG-1_1_9","S_phase","Leaf_subsidiary_cell",FALSE
"TTGAAAGGTGTAAAGG-1_1_9","Bundle_sheath","Leaf_subsidiary_cell",FALSE
"TTGAGAAGTTTAGCAT-1_1_9","Leaf_rim","Leaf_subsidiary_cell",FALSE
"TTGATTATGCAGATGA-1_1_9","Bundle_sheath","Leaf_subsidiary_cell",FALSE
"TTGCGTGAACGCTTAG-1_1_9","Leaf_rim","Bundle_sheath",FALSE
"TTGGACCATCTGGCAA-1_1_9","Vascular_tissue","Leaf_subsidiary_cell",FALSE
"TTGGCTCGCATGAGAC-1_1_9","S_phase","Leaf_subsidiary_cell",FALSE
"TTGTGAACCTAATCCG-1_1_9","Bundle_sheath","Leaf_subsidiary_cell",FALSE
"TTGTTAGCAAATTCGA-1_1_9","Vascular_tissue","Leaf_subsidiary_cell",FALSE
"TTGTTTCATTAGTCTA-1_1_9","Vascular_tissue","Leaf_subsidiary_cell",FALSE
"AAACTCGTGATATAAG-1_1_10","Bundle_sheath","Leaf_subsidiary_cell",FALSE
"AAAGGCCCTATAATAC-1_1_10","Bundle_sheath","Leaf_subsidiary_cell",FALSE
"AAATGATTCGATCAGC-1_1_10","Bundle_sheath","Leaf_subsidiary_cell",FALSE
"AAATTACCTATCGATG-1_1_10","Vascular_tissue","Leaf_subsidiary_cell",FALSE
"AACAGCTGTGTGGCAA-1_1_10","Leaf_rim","Leaf_subsidiary_cell",FALSE
"AACATTGAAGTTGATC-1_1_10","Leaf_rim","Leaf_subsidiary_cell",FALSE
"AACCATGGGATCGCTA-1_1_10","Pavement_cell_N","Leaf_subsidiary_cell",FALSE
"AACCCAGAGACGGAGA-1_1_10","Bundle_sheath","Leaf_subsidiary_cell",FALSE
"AACGCATGATCTGGGT-1_1_10","Pavement_cell_N","Leaf_subsidiary_cell",FALSE
"AACGCTGTTGCTGAAA-1_1_10","Leaf_primordium","Leaf_subsidiary_cell",FALSE
"AACTCCAGAGCGTGTT-1_1_10","Bundle_sheath","Leaf_subsidiary_cell",FALSE
"AAGAAGGATCAGTTAG-1_1_10","Bundle_sheath","Leaf_subsidiary_cell",FALSE
"AAGGGAACGACTGGCT-1_1_10","Leaf_primordium","Leaf_subsidiary_cell",FALSE
"AAGTAGAAGACCGGGT-1_1_10","Leaf_rim","Leaf_subsidiary_cell",FALSE
"AAGTTCACTCCAAGCT-1_1_10","Bundle_sheath","Leaf_subsidiary_cell",FALSE
"AAGTTCAGTCTGCGTA-1_1_10","Leaf_rim","Pavement_cell_N",FALSE
"AATCATGTAAAGACTC-1_1_10","Pavement_cell_N","Leaf_subsidiary_cell",FALSE
"AATCTATGCCGGAGCC-1_1_10","Bundle_sheath","Leaf_subsidiary_cell",FALSE
"AATGATGATACGCTAT-1_1_10","Leaf_primordium","Leaf_subsidiary_cell",FALSE
"AATGCACCAAGCAATG-1_1_10","Leaf_primordium","Leaf_subsidiary_cell",FALSE
"ACAAGGATGCTTTAGG-1_1_10","Bundle_sheath","Leaf_subsidiary_cell",FALSE
"ACACCCGAGAAATCCG-1_1_10","Bundle_sheath","Leaf_subsidiary_cell",FALSE
"ACAGCGACATTCTCAT-1_1_10","Bundle_sheath","Leaf_subsidiary_cell",FALSE
"ACCAACACCACACACT-1_1_10","Leaf_rim","Leaf_subsidiary_cell",FALSE
"ACCAATATGCAAGTTA-1_1_10","Pavement_cell_N","Leaf_primordium",FALSE
"ACGACTGGTCATACTC-1_1_10","Bundle_sheath","Leaf_subsidiary_cell",FALSE
"ACGAGTACGGATGCCC-1_1_10","Bundle_sheath","Leaf_subsidiary_cell",FALSE
"ACGCAATCACTACAGC-1_1_10","Bundle_sheath","Leaf_subsidiary_cell",FALSE
"ACGCATACGTTTACTA-1_1_10","Leaf_primordium","Leaf_subsidiary_cell",FALSE
"ACGGAATTTAGCAAAT-1_1_10","Bundle_sheath","Leaf_subsidiary_cell",FALSE
"ACGGAGCGCAAATTAC-1_1_10","Bundle_sheath","Leaf_subsidiary_cell",FALSE
"ACGGATGGTGCGGATA-1_1_10","Leaf_rim","Leaf_subsidiary_cell",FALSE
"ACTCAAGTGCAAGGCT-1_1_10","Bundle_sheath","Leaf_subsidiary_cell",FALSE
"ACTCCAATATCATCAT-1_1_10","Bundle_sheath","Leaf_subsidiary_cell",FALSE
"ACTCCCGAATTCGTTT-1_1_10","Leaf_rim","Leaf_subsidiary_cell",FALSE
"ACTGAAACGCCGTTAG-1_1_10","Vascular_tissue","Leaf_subsidiary_cell",FALSE
"ACTGCCCGCCATTCTC-1_1_10","Leaf_primordium","Leaf_subsidiary_cell",FALSE
"ACTGTGCTAGTAGATC-1_1_10","S_phase","Leaf_subsidiary_cell",FALSE
"ACTTACGCATCCACGC-1_1_10","Pavement_cell_N","Leaf_subsidiary_cell",FALSE
"ACTTAGTACGACAAGA-1_1_10","Bundle_sheath","Leaf_subsidiary_cell",FALSE
"ACTTCCATGCGGGACA-1_1_10","Bundle_sheath","Leaf_subsidiary_cell",FALSE
"ACTTTACCCTCATGAA-1_1_10","Leaf_rim","Leaf_subsidiary_cell",FALSE
"AGACCATGGGATACAA-1_1_10","Vascular_tissue","Leaf_subsidiary_cell",FALSE
"AGAGAAACACCAGAAA-1_1_10","Bundle_sheath","Leaf_subsidiary_cell",FALSE
"AGATACGACTTCATAT-1_1_10","S_phase","Leaf_subsidiary_cell",FALSE
"AGATCGTGCATAAGAT-1_1_10","Bundle_sheath","Leaf_subsidiary_cell",FALSE
"AGCCACAGGTTACCCG-1_1_10","Bundle_sheath","Leaf_subsidiary_cell",FALSE
"AGCCCGGCATTAGAGG-1_1_10","Bundle_sheath","Leaf_subsidiary_cell",FALSE
"AGCCCTCCCTGGTGGC-1_1_10","Pavement_cell_N","Leaf_subsidiary_cell",FALSE
"AGCCCTTCTAATCCGA-1_1_10","Bundle_sheath","Leaf_subsidiary_cell",FALSE
"AGCGAGACGTGAAGGC-1_1_10","Leaf_rim","Leaf_subsidiary_cell",FALSE
"AGCGGGAAGGGTCCAT-1_1_10","S_phase","Leaf_subsidiary_cell",FALSE
"AGCTAACAAGCAATGT-1_1_10","Bundle_sheath","Leaf_subsidiary_cell",FALSE
"AGCTAAGTACGCAGGC-1_1_10","Leaf_rim","Leaf_subsidiary_cell",FALSE
"AGGACATCGCACGTCG-1_1_10","Bundle_sheath","Leaf_subsidiary_cell",FALSE
"AGGACGCTCGATGTTG-1_1_10","Bundle_sheath","Leaf_subsidiary_cell",FALSE
"AGGGAGACATACTTCG-1_1_10","Vascular_tissue","Leaf_subsidiary_cell",FALSE
"AGGGTGCCGTTCTTTA-1_1_10","Bundle_sheath","Leaf_subsidiary_cell",FALSE
"AGGTAACCTCCTATTC-1_1_10","Bundle_sheath","Leaf_subsidiary_cell",FALSE
"AGGTCGCGGAGTTACT-1_1_10","Leaf_rim","Leaf_subsidiary_cell",FALSE
"AGTACATCATTTATCA-1_1_10","Vascular_tissue","Leaf_subsidiary_cell",FALSE
"AGTACTCTTATGCCCA-1_1_10","Bundle_sheath","Leaf_subsidiary_cell",FALSE
"AGTCAAATGATGTGAT-1_1_10","Vascular_tissue","Leaf_subsidiary_cell",FALSE
"AGTCACTAGCTCTCGA-1_1_10","Leaf_primordium","Leaf_subsidiary_cell",FALSE
"AGTCGTCGACCACCAA-1_1_10","Leaf_rim","Leaf_subsidiary_cell",FALSE
"AGTCTAAAGTATACTC-1_1_10","Leaf_primordium","Leaf_subsidiary_cell",FALSE
"AGTCTGGACATCCTTG-1_1_10","Leaf_rim","Leaf_subsidiary_cell",FALSE
"AGTGACTGTGACACAA-1_1_10","Leaf_rim","Leaf_subsidiary_cell",FALSE
"AGTGAGCCTCGCCGCC-1_1_10","Bundle_sheath","Leaf_subsidiary_cell",FALSE
"AGTGATAACCTGCGCG-1_1_10","Pavement_cell_N","Leaf_subsidiary_cell",FALSE
"AGTGCTAAACACAGCA-1_1_10","Bundle_sheath","Leaf_subsidiary_cell",FALSE
"AGTGGCGGCAATTTGA-1_1_10","Leaf_primordium","Leaf_subsidiary_cell",FALSE
"ATAAGTAGGATTCAGA-1_1_10","Bundle_sheath","Leaf_subsidiary_cell",FALSE
"ATAATAGTGTAGGGAC-1_1_10","Leaf_primordium","Pavement_cell_N",FALSE
"ATAATCTTGGAGAACC-1_1_10","Leaf_rim","Leaf_subsidiary_cell",FALSE
"ATACTGCCTTACACCG-1_1_10","Leaf_rim","Leaf_subsidiary_cell",FALSE
"ATATCGTTCCTCGAAC-1_1_10","Bundle_sheath","Leaf_subsidiary_cell",FALSE
"ATCGCTGCGTGCAGCA-1_1_10","S_phase","Leaf_subsidiary_cell",FALSE
"ATCGGCAAGCAGTCCA-1_1_10","Leaf_rim","Leaf_subsidiary_cell",FALSE
"ATCGTTAGCTAGCGGA-1_1_10","Bundle_sheath","Leaf_subsidiary_cell",FALSE
"ATCTGCACCTCTGCGA-1_1_10","Bundle_sheath","Leaf_subsidiary_cell",FALSE
"ATCTTGACTTGTCCAA-1_1_10","Leaf_rim","Leaf_subsidiary_cell",FALSE
"ATGCTCAGTGTTGCAT-1_1_10","Vascular_tissue","Pavement_cell_N",FALSE
"ATGCTCTGGCGCGGTA-1_1_10","Pavement_cell_N","Leaf_subsidiary_cell",FALSE
"ATGGGTGTATACCTCC-1_1_10","Bundle_sheath","Leaf_subsidiary_cell",FALSE
"ATTACTTACTGGGCAT-1_1_10","Bundle_sheath","Leaf_subsidiary_cell",FALSE
"ATTAGATTCCTCAGCA-1_1_10","Leaf_rim","Pavement_cell_N",FALSE
"ATTCAACCATTTAAGG-1_1_10","Bundle_sheath","Leaf_subsidiary_cell",FALSE
"ATTCAGGACCTATTTC-1_1_10","Bundle_sheath","Leaf_subsidiary_cell",FALSE
"ATTCATCGTTGAGGCA-1_1_10","Bundle_sheath","Leaf_subsidiary_cell",FALSE
"ATTTACTAAGTCCATT-1_1_10","Leaf_rim","Leaf_subsidiary_cell",FALSE
"CAACGGTTCTTGATAC-1_1_10","Bundle_sheath","Leaf_subsidiary_cell",FALSE
"CAATCCTGCCGTGGAG-1_1_10","Bundle_sheath","Leaf_subsidiary_cell",FALSE
"CACACACGCTAACGAG-1_1_10","Leaf_rim","Leaf_subsidiary_cell",FALSE
"CACAGGGCCATATAGT-1_1_10","Bundle_sheath","Leaf_subsidiary_cell",FALSE
"CACCCACACGTCACCC-1_1_10","Vascular_tissue","Leaf_subsidiary_cell",FALSE
"CACCCTAACAAGATCT-1_1_10","Leaf_primordium","Leaf_subsidiary_cell",FALSE
"CACCTAATAGAGTCGT-1_1_10","Bundle_sheath","Leaf_subsidiary_cell",FALSE
"CACGTTTCGTACACAC-1_1_10","Bundle_sheath","Leaf_subsidiary_cell",FALSE
"CACTTCGCCACAGGCT-1_1_10","Leaf_rim","Leaf_subsidiary_cell",FALSE
"CAGACCTGTAAGTGTT-1_1_10","Leaf_primordium","Leaf_subsidiary_cell",FALSE
"CAGATCATTTAAAGTC-1_1_10","Bundle_sheath","Leaf_subsidiary_cell",FALSE
"CAGCTCGTGCTTGTGT-1_1_10","Bundle_sheath","Leaf_subsidiary_cell",FALSE
"CAGTAACTATTTATTG-1_1_10","Bundle_sheath","Leaf_subsidiary_cell",FALSE
"CAGTAATCCCTCCCAG-1_1_10","Bundle_sheath","Leaf_subsidiary_cell",FALSE
"CAGTACATTCTCTAAA-1_1_10","Bundle_sheath","Leaf_subsidiary_cell",FALSE
"CAGTCGAGGATGCAAT-1_1_10","Leaf_rim","Leaf_subsidiary_cell",FALSE
"CAGTGGTTGCACATGA-1_1_10","Bundle_sheath","Leaf_subsidiary_cell",FALSE
"CAGTGTCCGCAGAATG-1_1_10","Bundle_sheath","Leaf_subsidiary_cell",FALSE
"CATACGAACTAGCTGG-1_1_10","Bundle_sheath","Leaf_subsidiary_cell",FALSE
"CATAGTAGCATAGTAG-1_1_10","Bundle_sheath","Leaf_subsidiary_cell",FALSE
"CATATACTACTGATAA-1_1_10","Leaf_rim","Leaf_subsidiary_cell",FALSE
"CATCTATCCCGTGTCT-1_1_10","Bundle_sheath","Pavement_cell_N",FALSE
"CATGAGATGCACTCTC-1_1_10","Leaf_rim","Leaf_subsidiary_cell",FALSE
"CATGGATTGTCTTCCG-1_1_10","Bundle_sheath","Leaf_subsidiary_cell",FALSE
"CATGGGTATGCCTTAT-1_1_10","Bundle_sheath","Leaf_subsidiary_cell",FALSE
"CATGTAAGAGACATTT-1_1_10","Leaf_primordium","Leaf_subsidiary_cell",FALSE
"CATTATCCCATTAACG-1_1_10","Bundle_sheath","Leaf_subsidiary_cell",FALSE
"CATTGCGGGTCAATTC-1_1_10","Vascular_tissue","Leaf_subsidiary_cell",FALSE
"CATTTCTAGCAGACTA-1_1_10","Bundle_sheath","Leaf_subsidiary_cell",FALSE
"CCAAGGAACAGAGAGG-1_1_10","Leaf_rim","Leaf_subsidiary_cell",FALSE
"CCACGGCAGGTGTAGG-1_1_10","Bundle_sheath","Pavement_cell_N",FALSE
"CCATCCATACCAAGTC-1_1_10","Bundle_sheath","Leaf_subsidiary_cell",FALSE
"CCATGCCCTAGATTTC-1_1_10","Bundle_sheath","Leaf_subsidiary_cell",FALSE
"CCATGTTCATCTATAT-1_1_10","Bundle_sheath","Leaf_subsidiary_cell",FALSE
"CCCAGAGGAGGGCGTA-1_1_10","Bundle_sheath","Leaf_subsidiary_cell",FALSE
"CCCGCCATGCTCCCGT-1_1_10","Bundle_sheath","Leaf_subsidiary_cell",FALSE
"CCCGCGCAATGCACCC-1_1_10","Leaf_primordium","Leaf_subsidiary_cell",FALSE
"CCCTCATTCTGGAATT-1_1_10","Bundle_sheath","Leaf_subsidiary_cell",FALSE
"CCGCTTGCTGACATGG-1_1_10","Bundle_sheath","Leaf_subsidiary_cell",FALSE
"CCGTGGAACGATCCAA-1_1_10","Leaf_rim","Leaf_subsidiary_cell",FALSE
"CCTAACTAAGGCTCTA-1_1_10","Vascular_tissue","Leaf_subsidiary_cell",FALSE
"CCTACGGCTCAGTCGA-1_1_10","Bundle_sheath","Leaf_subsidiary_cell",FALSE
"CCTATGTCCACTCCAC-1_1_10","Leaf_rim","Leaf_subsidiary_cell",FALSE
"CCTCACCAATCTTGAC-1_1_10","Bundle_sheath","Leaf_subsidiary_cell",FALSE
"CCTCACCTTAGCATCG-1_1_10","Leaf_rim","Leaf_subsidiary_cell",FALSE
"CCTCCTGTTGTGTCGT-1_1_10","Vascular_tissue","Leaf_subsidiary_cell",FALSE
"CCTCGCGCGATATAGG-1_1_10","Leaf_rim","Leaf_subsidiary_cell",FALSE
"CCTCTACAAGGATTGG-1_1_10","Pavement_cell_N","Leaf_subsidiary_cell",FALSE
"CCTGAGAATAAATGCA-1_1_10","Leaf_rim","Bundle_sheath",FALSE
"CCTTTCAATGAAGAAA-1_1_10","Leaf_rim","Leaf_subsidiary_cell",FALSE
"CGAAGCTATAAATTCA-1_1_10","Bundle_sheath","Leaf_subsidiary_cell",FALSE
"CGAGAGGGTAGCCGCG-1_1_10","Pavement_cell_N","Leaf_subsidiary_cell",FALSE
"CGATGGACCCTACGCC-1_1_10","Bundle_sheath","Leaf_subsidiary_cell",FALSE
"CGCACGTCTGTTTATG-1_1_10","Bundle_sheath","Leaf_subsidiary_cell",FALSE
"CGCAGATCTTCACCCG-1_1_10","Leaf_primordium","Pavement_cell_N",FALSE
"CGCCGTTCAGCATAGT-1_1_10","Leaf_primordium","Leaf_subsidiary_cell",FALSE
"CGCGGTCACAAACCAA-1_1_10","Vascular_tissue","Leaf_subsidiary_cell",FALSE
"CGCTATACCGCCCACT-1_1_10","Bundle_sheath","Leaf_subsidiary_cell",FALSE
"CGGCACTCAAGAAAGT-1_1_10","Bundle_sheath","Leaf_subsidiary_cell",FALSE
"CGGCCCAACCTGTAGT-1_1_10","Leaf_rim","Leaf_subsidiary_cell",FALSE
"CGGCGCCATCAATCCC-1_1_10","Bundle_sheath","Leaf_subsidiary_cell",FALSE
"CGGTAGAGGTGCAGGT-1_1_10","Bundle_sheath","Leaf_subsidiary_cell",FALSE
"CGGTGTACTTGATCCC-1_1_10","Bundle_sheath","Leaf_subsidiary_cell",FALSE
"CGGTTATCCAACAGTG-1_1_10","Vascular_tissue","Leaf_subsidiary_cell",FALSE
"CGGTTGAGTATCCTTC-1_1_10","Bundle_sheath","Leaf_subsidiary_cell",FALSE
"CGTGCTTCTACCTAAA-1_1_10","Bundle_sheath","Leaf_subsidiary_cell",FALSE
"CGTGTCTCGTTACGAC-1_1_10","Leaf_rim","Leaf_subsidiary_cell",FALSE
"CGTTAATGTCCCGACG-1_1_10","Bundle_sheath","Leaf_subsidiary_cell",FALSE
"CGTTCTTCGCACACCT-1_1_10","Bundle_sheath","Leaf_subsidiary_cell",FALSE
"CGTTGAATACCGCGCT-1_1_10","Leaf_primordium","Leaf_subsidiary_cell",FALSE
"CGTTGTAAGATTGATT-1_1_10","Bundle_sheath","Leaf_subsidiary_cell",FALSE
"CTAAATCCGGTGTACA-1_1_10","Leaf_rim","Leaf_subsidiary_cell",FALSE
"CTAACTGATAATCGCC-1_1_10","Leaf_rim","Leaf_subsidiary_cell",FALSE
"CTAATTCTCAGATATT-1_1_10","Bundle_sheath","Leaf_subsidiary_cell",FALSE
"CTAATTTCAACAACAC-1_1_10","Leaf_rim","Leaf_subsidiary_cell",FALSE
"CTACACTCGCAGATGG-1_1_10","Leaf_rim","Leaf_subsidiary_cell",FALSE
"CTAGCCGATGTTATGA-1_1_10","Bundle_sheath","Leaf_subsidiary_cell",FALSE
"CTAGTAGAAAGGGATT-1_1_10","Leaf_rim","Leaf_subsidiary_cell",FALSE
"CTATAAGAGCCAATCG-1_1_10","Bundle_sheath","Leaf_subsidiary_cell",FALSE
"CTATCGACGAAATACA-1_1_10","Vascular_tissue","Leaf_subsidiary_cell",FALSE
"CTATGAACACCTTGCC-1_1_10","Pavement_cell_N","Leaf_subsidiary_cell",FALSE
"CTCAGTCACGACAAAT-1_1_10","Leaf_rim","Leaf_subsidiary_cell",FALSE
"CTCATTGCTCTAACAA-1_1_10","Leaf_rim","Leaf_subsidiary_cell",FALSE
"CTCCTAAGTTATGTCT-1_1_10","Leaf_rim","Leaf_subsidiary_cell",FALSE
"CTCCTTTACGCAAGTC-1_1_10","Leaf_rim","Leaf_subsidiary_cell",FALSE
"CTCGAGGCAAGTTTCA-1_1_10","Leaf_primordium","Leaf_subsidiary_cell",FALSE
"CTCGATATTTGCGAGC-1_1_10","Bundle_sheath","Pavement_cell_N",FALSE
"CTCGTTTCTAATGTTT-1_1_10","Bundle_sheath","Leaf_subsidiary_cell",FALSE
"CTCTAATGCATTGATC-1_1_10","Bundle_sheath","Pavement_cell_N",FALSE
"CTGAATTTATTGCCAG-1_1_10","Bundle_sheath","Leaf_subsidiary_cell",FALSE
"CTGATCCCTTTATGCA-1_1_10","Leaf_rim","Leaf_subsidiary_cell",FALSE
"CTGCCTTTAATACCTT-1_1_10","Leaf_rim","Leaf_subsidiary_cell",FALSE
"CTGCCTTTCTAGTAAA-1_1_10","Leaf_rim","Leaf_subsidiary_cell",FALSE
"CTGGTAACGAGCTCTT-1_1_10","Leaf_primordium","Leaf_subsidiary_cell",FALSE
"CTGTATGGTGTAGAAA-1_1_10","Bundle_sheath","Leaf_subsidiary_cell",FALSE
"CTGTGGTCGGGAGATA-1_1_10","Leaf_rim","Leaf_subsidiary_cell",FALSE
"CTGTTCATCTCACGGG-1_1_10","Leaf_primordium","Leaf_subsidiary_cell",FALSE
"CTTACACTGGGAAATA-1_1_10","Bundle_sheath","Leaf_subsidiary_cell",FALSE
"CTTAGTAGGCCTACAG-1_1_10","Vascular_tissue","Leaf_subsidiary_cell",FALSE
"CTTAGTGTAGTAGCAT-1_1_10","Leaf_primordium","Leaf_subsidiary_cell",FALSE
"CTTAGTTGAGGAATCG-1_1_10","Leaf_primordium","Leaf_subsidiary_cell",FALSE
"CTTATGTTGACTACCA-1_1_10","Leaf_rim","Leaf_subsidiary_cell",FALSE
"CTTCAACTCCACTTGG-1_1_10","Leaf_rim","Leaf_subsidiary_cell",FALSE
"CTTCATAGCTCAAGAA-1_1_10","Bundle_sheath","Leaf_subsidiary_cell",FALSE
"CTTCTGGGCGTACCTA-1_1_10","Leaf_primordium","Leaf_subsidiary_cell",FALSE
"CTTGTGCTCACCGATT-1_1_10","Leaf_rim","Leaf_subsidiary_cell",FALSE
"CTTGTTTATGTAGCCA-1_1_10","Bundle_sheath","Leaf_subsidiary_cell",FALSE
"CTTTGCATCGCTCTTG-1_1_10","Bundle_sheath","Leaf_subsidiary_cell",FALSE
"GAAATACTAAACGTTT-1_1_10","Vascular_tissue","Pavement_cell_N",FALSE
"GAAATTAGCACGGATA-1_1_10","Leaf_rim","Leaf_subsidiary_cell",FALSE
"GAACCTTTAACGATCC-1_1_10","Leaf_rim","Leaf_subsidiary_cell",FALSE
"GAAGAAACGATATTGT-1_1_10","Bundle_sheath","Leaf_subsidiary_cell",FALSE
"GAAGAACGGTGCAGGT-1_1_10","Bundle_sheath","Leaf_subsidiary_cell",FALSE
"GAATCGCCGGACACGG-1_1_10","Bundle_sheath","Leaf_subsidiary_cell",FALSE
"GACGAGGCTAATAAAC-1_1_10","Leaf_rim","Leaf_subsidiary_cell",FALSE
"GACTCCCAGAATAAGG-1_1_10","Vascular_tissue","Leaf_subsidiary_cell",FALSE
"GACTCGCGGGAATGAC-1_1_10","Leaf_primordium","Leaf_subsidiary_cell",FALSE
"GAGCATCAACAACTTG-1_1_10","Leaf_rim","Leaf_subsidiary_cell",FALSE
"GAGCATCATCCCTGGG-1_1_10","Leaf_rim","Leaf_subsidiary_cell",FALSE
"GAGCCAGCTACCTGTG-1_1_10","Vascular_tissue","Leaf_subsidiary_cell",FALSE
"GAGCTCTCGGACCTAA-1_1_10","Bundle_sheath","Leaf_subsidiary_cell",FALSE
"GAGCTGTCGTCTCGGA-1_1_10","Bundle_sheath","Leaf_subsidiary_cell",FALSE
"GAGGGCATCGCGTATC-1_1_10","Bundle_sheath","Leaf_subsidiary_cell",FALSE
"GAGGTCCCAAAGATCT-1_1_10","Bundle_sheath","Leaf_subsidiary_cell",FALSE
"GAGTACGGGTATACAA-1_1_10","Leaf_rim","Leaf_subsidiary_cell",FALSE
"GAGTGTCAACCAGAAA-1_1_10","Bundle_sheath","Pavement_cell_N",FALSE
"GATAAATCGGTGGATG-1_1_10","Bundle_sheath","Leaf_subsidiary_cell",FALSE
"GATCAACATAAAGGGA-1_1_10","Vascular_tissue","Leaf_subsidiary_cell",FALSE
"GATCCTAAATCGGGAC-1_1_10","Bundle_sheath","Leaf_subsidiary_cell",FALSE
"GATGGCGCACACATTA-1_1_10","Bundle_sheath","Leaf_subsidiary_cell",FALSE
"GATGTTTGTGCGAGAT-1_1_10","Bundle_sheath","Leaf_subsidiary_cell",FALSE
"GATTAACCGAAAGCCC-1_1_10","Vascular_tissue","Leaf_subsidiary_cell",FALSE
"GATTGCTCCAGTTGCA-1_1_10","Bundle_sheath","Leaf_subsidiary_cell",FALSE
"GCACAAACCCTAGATG-1_1_10","Leaf_primordium","Leaf_subsidiary_cell",FALSE
"GCACACACTGGTAGCC-1_1_10","Bundle_sheath","Leaf_subsidiary_cell",FALSE
"GCACTAGTCGCGCTAT-1_1_10","Leaf_rim","Leaf_subsidiary_cell",FALSE
"GCAGTGTGGCTATAGG-1_1_10","Vascular_tissue","Pavement_cell_N",FALSE
"GCATTCAAGGCAACGC-1_1_10","Leaf_rim","Pavement_cell_N",FALSE
"GCCAATAGGGCATCTC-1_1_10","Bundle_sheath","Leaf_subsidiary_cell",FALSE
"GCCACTCAGAGCGCGA-1_1_10","Bundle_sheath","Leaf_subsidiary_cell",FALSE
"GCCAGGAAAGAACACT-1_1_10","Leaf_primordium","Leaf_subsidiary_cell",FALSE
"GCCCGCGCGTTTGACA-1_1_10","Leaf_rim","Leaf_subsidiary_cell",FALSE
"GCCGACCCACGACTGC-1_1_10","Bundle_sheath","Leaf_subsidiary_cell",FALSE
"GCCTAGCGATCTGACC-1_1_10","Bundle_sheath","Leaf_subsidiary_cell",FALSE
"GCGAAACGATCGGGAG-1_1_10","Shoot_system_epidermis","Leaf_subsidiary_cell",FALSE
"GCGCAAATATATTCAA-1_1_10","Leaf_primordium","Leaf_subsidiary_cell",FALSE
"GCGCATCCAGTCAGCA-1_1_10","Shoot_system_epidermis","Leaf_subsidiary_cell",FALSE
"GCGCTTAAATAATTGG-1_1_10","Bundle_sheath","Leaf_subsidiary_cell",FALSE
"GCGGGAACCAGGCCCT-1_1_10","Bundle_sheath","Leaf_subsidiary_cell",FALSE
"GCGGTCCCTAGACGCA-1_1_10","Bundle_sheath","Leaf_subsidiary_cell",FALSE
"GCGTTCGGAGACCGGG-1_1_10","Bundle_sheath","Pavement_cell_N",FALSE
"GCTAACTGAAGTCTGA-1_1_10","Bundle_sheath","Leaf_subsidiary_cell",FALSE
"GCTAGAGTAGAGATGT-1_1_10","Bundle_sheath","Leaf_subsidiary_cell",FALSE
"GCTAGGCACCACGGAG-1_1_10","Pavement_cell_N","Leaf_subsidiary_cell",FALSE
"GCTAGTTTCATTGAGG-1_1_10","Bundle_sheath","Leaf_subsidiary_cell",FALSE
"GCTATCGCGGCGCAAC-1_1_10","Pavement_cell_N","Leaf_subsidiary_cell",FALSE
"GCTTGATGATAATCAG-1_1_10","Vascular_tissue","Leaf_subsidiary_cell",FALSE
"GGAAACCTTGTTGAAT-1_1_10","Bundle_sheath","Leaf_subsidiary_cell",FALSE
"GGACTCGTGAGTGGTC-1_1_10","Pavement_cell_N","Leaf_subsidiary_cell",FALSE
"GGAGCAACATTTCAAG-1_1_10","Vascular_tissue","Leaf_subsidiary_cell",FALSE
"GGATCATCCCGTACGC-1_1_10","Bundle_sheath","Leaf_subsidiary_cell",FALSE
"GGATCTTACTGCCCTT-1_1_10","Bundle_sheath","Leaf_subsidiary_cell",FALSE
"GGATTGCTGTGACTCC-1_1_10","Leaf_rim","Leaf_subsidiary_cell",FALSE
"GGCGCGGAGATCTTTC-1_1_10","Bundle_sheath","Leaf_subsidiary_cell",FALSE
"GGCTCGTGCCACCAGC-1_1_10","Bundle_sheath","Leaf_subsidiary_cell",FALSE
"GGGAACGGTTTCAGAT-1_1_10","Bundle_sheath","Leaf_subsidiary_cell",FALSE
"GGGAATGAGCCCTCAC-1_1_10","Bundle_sheath","Leaf_subsidiary_cell",FALSE
"GGGCGGTCCTATTGTC-1_1_10","Bundle_sheath","Leaf_subsidiary_cell",FALSE
"GGGCGTTTACATTCAT-1_1_10","Leaf_rim","Leaf_subsidiary_cell",FALSE
"GGGTGCATATGAAAGC-1_1_10","Leaf_rim","Leaf_subsidiary_cell",FALSE
"GGTAACCGGGAGGATA-1_1_10","Leaf_primordium","Leaf_subsidiary_cell",FALSE
"GGTAACTATGTATCTG-1_1_10","Leaf_rim","Leaf_subsidiary_cell",FALSE
"GGTACCATTAAGACGG-1_1_10","Leaf_rim","Leaf_subsidiary_cell",FALSE
"GGTCGGTAATTAGACA-1_1_10","Bundle_sheath","Pavement_cell_N",FALSE
"GGTGAGATGCAGATAA-1_1_10","Bundle_sheath","Leaf_subsidiary_cell",FALSE
"GGTGCGGATAAGTGGC-1_1_10","Leaf_rim","Leaf_subsidiary_cell",FALSE
"GGTTTGAGTGCTGGAA-1_1_10","Vascular_tissue","Leaf_subsidiary_cell",FALSE
"GTAATAAAGGGCTCCC-1_1_10","Pavement_cell_N","Leaf_subsidiary_cell",FALSE
"GTACTGCATGAAGCGT-1_1_10","Bundle_sheath","Leaf_subsidiary_cell",FALSE
"GTACTTGGGCACTTCT-1_1_10","S_phase","Leaf_subsidiary_cell",FALSE
"GTAGACGTCGTTACAT-1_1_10","Bundle_sheath","Pavement_cell_N",FALSE
"GTAGCTCCGGGAGGCT-1_1_10","Bundle_sheath","Leaf_subsidiary_cell",FALSE
"GTATCAGCTTGGGTTC-1_1_10","Bundle_sheath","Leaf_subsidiary_cell",FALSE
"GTATTAAGGCGTCTAA-1_1_10","Leaf_rim","Leaf_subsidiary_cell",FALSE
"GTCCGGACCTGAAATT-1_1_10","Leaf_primordium","Leaf_subsidiary_cell",FALSE
"GTCCTACGAATAGTCT-1_1_10","Leaf_rim","Leaf_subsidiary_cell",FALSE
"GTCGTATTGGCGTACA-1_1_10","Bundle_sheath","Leaf_subsidiary_cell",FALSE
"GTCGTGTCTGGTCATC-1_1_10","Bundle_sheath","Leaf_subsidiary_cell",FALSE
"GTCTCGACTAAGTTTG-1_1_10","Bundle_sheath","Leaf_subsidiary_cell",FALSE
"GTGAAACGTGCTCCAC-1_1_10","Bundle_sheath","Leaf_subsidiary_cell",FALSE
"GTGAAGATTTCAAGTG-1_1_10","Leaf_primordium","Pavement_cell_N",FALSE
"GTGAAGCCGTATAGTC-1_1_10","Leaf_rim","Leaf_subsidiary_cell",FALSE
"GTGATCAAGCGTGCAC-1_1_10","Leaf_rim","Leaf_subsidiary_cell",FALSE
"GTGATCCTTGTCATGA-1_1_10","Leaf_primordium","Leaf_subsidiary_cell",FALSE
"GTGGACGTGCTGAGAC-1_1_10","Bundle_sheath","Leaf_subsidiary_cell",FALSE
"GTGGTTACTTCTTTCG-1_1_10","Leaf_rim","Leaf_subsidiary_cell",FALSE
"GTGTATATCAGCGGGC-1_1_10","Vascular_tissue","Leaf_subsidiary_cell",FALSE
"GTTAGCCGTAAATCAA-1_1_10","Bundle_sheath","Leaf_subsidiary_cell",FALSE
"GTTCGGGCGTACCATT-1_1_10","Bundle_sheath","Leaf_subsidiary_cell",FALSE
"GTTGTCGTGTTAGTTG-1_1_10","Leaf_rim","Leaf_subsidiary_cell",FALSE
"GTTTGGCCGCTCAGCG-1_1_10","Leaf_rim","Leaf_subsidiary_cell",FALSE
"GTTTGGGTTTCGCCCG-1_1_10","Leaf_rim","Leaf_subsidiary_cell",FALSE
"GTTTGGTGATCGGTGC-1_1_10","Leaf_rim","Leaf_subsidiary_cell",FALSE
"TAACAAAGGGAGAAGC-1_1_10","Leaf_rim","Leaf_subsidiary_cell",FALSE
"TAACAGCGTTTGTGCT-1_1_10","Pavement_cell_N","Leaf_subsidiary_cell",FALSE
"TAACTATTACGCCAAA-1_1_10","Leaf_primordium","Leaf_subsidiary_cell",FALSE
"TAACTCCATGGAGGCT-1_1_10","Bundle_sheath","Leaf_subsidiary_cell",FALSE
"TAAGCGCGAATCAAAT-1_1_10","Bundle_sheath","Leaf_subsidiary_cell",FALSE
"TAAGGAACTTGTGGGA-1_1_10","Bundle_sheath","Leaf_subsidiary_cell",FALSE
"TAAGGGCCTGTCCGAT-1_1_10","Bundle_sheath","Leaf_subsidiary_cell",FALSE
"TAAGTTGCGACGTAGG-1_1_10","Bundle_sheath","Leaf_subsidiary_cell",FALSE
"TAATATTGAAATTCGC-1_1_10","Leaf_rim","Leaf_subsidiary_cell",FALSE
"TAATCGATCCGTACGT-1_1_10","Leaf_primordium","Leaf_subsidiary_cell",FALSE
"TAATTGGAATCGGGAA-1_1_10","Bundle_sheath","Leaf_subsidiary_cell",FALSE
"TACAGAAACGGTGGGC-1_1_10","Bundle_sheath","Leaf_subsidiary_cell",FALSE
"TACCAATAAAGTACCA-1_1_10","Pavement_cell_N","Leaf_subsidiary_cell",FALSE
"TACCTCCACACCAATG-1_1_10","Bundle_sheath","Leaf_subsidiary_cell",FALSE
"TACTGCAATCAATTAC-1_1_10","S_phase","Leaf_subsidiary_cell",FALSE
"TAGAGGTTCTACTTGT-1_1_10","Pavement_cell_N","Leaf_subsidiary_cell",FALSE
"TAGATGGTTCCTTACT-1_1_10","Bundle_sheath","Leaf_subsidiary_cell",FALSE
"TAGGTCGCCGGAACTG-1_1_10","Leaf_rim","Leaf_subsidiary_cell",FALSE
"TAGGTGACGATAACCT-1_1_10","Bundle_sheath","Leaf_subsidiary_cell",FALSE
"TAGTCTGTGACGTTGC-1_1_10","Bundle_sheath","Leaf_subsidiary_cell",FALSE
"TATAAATCCACAAGCT-1_1_10","Vascular_tissue","Leaf_subsidiary_cell",FALSE
"TATAAGTGAGGATAGC-1_1_10","Leaf_primordium","Leaf_subsidiary_cell",FALSE
"TATACACGCAAAGTAT-1_1_10","Bundle_sheath","Leaf_subsidiary_cell",FALSE
"TATATAGGGCTTTACG-1_1_10","Bundle_sheath","Leaf_subsidiary_cell",FALSE
"TATCACCCAACCGACC-1_1_10","Leaf_rim","Leaf_subsidiary_cell",FALSE
"TATCACTTCGAGTAAC-1_1_10","Vascular_tissue","Leaf_subsidiary_cell",FALSE
"TATGATCCGGCACGCC-1_1_10","Bundle_sheath","Leaf_subsidiary_cell",FALSE
"TATGATCTTCTCTTTA-1_1_10","Bundle_sheath","Leaf_subsidiary_cell",FALSE
"TCAAAGTCACGGCGTC-1_1_10","Vascular_tissue","Leaf_subsidiary_cell",FALSE
"TCAACACATTGGGTAA-1_1_10","Bundle_sheath","Leaf_subsidiary_cell",FALSE
"TCATCACTCGAGCTCG-1_1_10","Leaf_primordium","Leaf_subsidiary_cell",FALSE
"TCCAGATGTACGCCAA-1_1_10","Leaf_rim","Leaf_subsidiary_cell",FALSE
"TCCCAAACAGACAACG-1_1_10","Bundle_sheath","Leaf_subsidiary_cell",FALSE
"TCCCACTCTCTTCCGG-1_1_10","Vascular_tissue","Leaf_subsidiary_cell",FALSE
"TCCCTAGATCAATAGG-1_1_10","Bundle_sheath","Leaf_subsidiary_cell",FALSE
"TCCGGCCTAGCGTACA-1_1_10","Vascular_tissue","Leaf_subsidiary_cell",FALSE
"TCCTTTAAATCCGCTT-1_1_10","Bundle_sheath","Leaf_subsidiary_cell",FALSE
"TCGACATAGCGTAGCG-1_1_10","Leaf_primordium","Leaf_subsidiary_cell",FALSE
"TCGCATCCCTAAGTGT-1_1_10","Pavement_cell_N","Leaf_subsidiary_cell",FALSE
"TCGCGTAGCAGTGTCC-1_1_10","Bundle_sheath","Leaf_subsidiary_cell",FALSE
"TCGCTCGGCACCAGCG-1_1_10","Bundle_sheath","Leaf_subsidiary_cell",FALSE
"TCGCTGTGCGTAAATC-1_1_10","Bundle_sheath","Leaf_subsidiary_cell",FALSE
"TCGGCTTGTATCGACG-1_1_10","Bundle_sheath","Pavement_cell_N",FALSE
"TCGGGAACGTGCCTAG-1_1_10","Leaf_rim","Leaf_subsidiary_cell",FALSE
"TCGTGTTCGACCACAA-1_1_10","Leaf_rim","Leaf_subsidiary_cell",FALSE
"TCTAATACTGCCTCAG-1_1_10","Vascular_tissue","Leaf_subsidiary_cell",FALSE
"TCTATCATGCAGTTAC-1_1_10","Bundle_sheath","Leaf_subsidiary_cell",FALSE
"TCTATTACGCTGGCGA-1_1_10","Bundle_sheath","Leaf_subsidiary_cell",FALSE
"TCTGAACCGGTCGGCT-1_1_10","Leaf_primordium","Leaf_subsidiary_cell",FALSE
"TCTGCGTCCGGTTTCT-1_1_10","Bundle_sheath","Leaf_subsidiary_cell",FALSE
"TGATCCCAGCATTAGT-1_1_10","Bundle_sheath","Leaf_subsidiary_cell",FALSE
"TGATGTCAATTAAGTG-1_1_10","Leaf_primordium","Leaf_subsidiary_cell",FALSE
"TGATTTCCTCCTGACG-1_1_10","S_phase","Leaf_subsidiary_cell",FALSE
"TGCAACCCATCTGCGG-1_1_10","Bundle_sheath","Leaf_subsidiary_cell",FALSE
"TGCGACGGCCGAACGT-1_1_10","Leaf_rim","Leaf_subsidiary_cell",FALSE
"TGCTGGTTGGACAATT-1_1_10","Leaf_rim","Leaf_subsidiary_cell",FALSE
"TGCTTAGAGAGAATGC-1_1_10","Bundle_sheath","Leaf_subsidiary_cell",FALSE
"TGGAACCACTGACACA-1_1_10","Bundle_sheath","Leaf_subsidiary_cell",FALSE
"TGGAAGACGAACACCA-1_1_10","Pavement_cell_N","Leaf_subsidiary_cell",FALSE
"TGGAATATCCTTGACC-1_1_10","Leaf_rim","Leaf_subsidiary_cell",FALSE
"TGGACCAATCTAAGAT-1_1_10","Pavement_cell_N","Leaf_subsidiary_cell",FALSE
"TGGCTATGTGACATAC-1_1_10","Leaf_rim","Leaf_subsidiary_cell",FALSE
"TGGGTTTCGGGCGTAC-1_1_10","Shoot_system_epidermis","Leaf_subsidiary_cell",FALSE
"TGGTTAAGGGCGCTGG-1_1_10","Bundle_sheath","Leaf_subsidiary_cell",FALSE
"TGTACCTACACGAGGG-1_1_10","Bundle_sheath","Leaf_subsidiary_cell",FALSE
"TGTCATTTGTTGGGAA-1_1_10","Bundle_sheath","Leaf_subsidiary_cell",FALSE
"TGTGCCGGTGCCGGAA-1_1_10","Vascular_tissue","Leaf_subsidiary_cell",FALSE
"TTACAGACCTAAATGA-1_1_10","Leaf_rim","Leaf_subsidiary_cell",FALSE
"TTACATCGTGGCCTGG-1_1_10","Bundle_sheath","Leaf_subsidiary_cell",FALSE
"TTAGCAACATGGATGT-1_1_10","Bundle_sheath","Leaf_subsidiary_cell",FALSE
"TTAGTAAACCTGCTCT-1_1_10","Bundle_sheath","Leaf_subsidiary_cell",FALSE
"TTAGTTCAAGTGTTCG-1_1_10","Bundle_sheath","Leaf_subsidiary_cell",FALSE
"TTATCCAATCGAACTC-1_1_10","Leaf_rim","Leaf_subsidiary_cell",FALSE
"TTCACGGTCGTCACGT-1_1_10","Leaf_primordium","Leaf_subsidiary_cell",FALSE
"TTCAGCTGGCGTGCCC-1_1_10","Bundle_sheath","Leaf_subsidiary_cell",FALSE
"TTCCAATCAGAGCTAG-1_1_10","Leaf_rim","Leaf_subsidiary_cell",FALSE
"TTCCGCAGAGAAATAT-1_1_10","Leaf_rim","Leaf_subsidiary_cell",FALSE
"TTCGCTATCTGACGTG-1_1_10","Bundle_sheath","Leaf_subsidiary_cell",FALSE
"TTCGTTCAACGAAGTT-1_1_10","Bundle_sheath","Leaf_subsidiary_cell",FALSE
"TTCTACCTCAATCGGT-1_1_10","Leaf_primordium","Leaf_subsidiary_cell",FALSE
"TTCTACTTGCGAGGGC-1_1_10","Vascular_tissue","Leaf_subsidiary_cell",FALSE
"TTCTGCTAGACTCCAA-1_1_10","Bundle_sheath","Leaf_subsidiary_cell",FALSE
"TTCTTTGGTCGCGACG-1_1_10","Bundle_sheath","Leaf_subsidiary_cell",FALSE
"TTGAACGAATCCTTTG-1_1_10","Vascular_tissue","Leaf_subsidiary_cell",FALSE
"TTGAACGACGTGCTGA-1_1_10","Bundle_sheath","Leaf_subsidiary_cell",FALSE
"TTGAGAAGTTTAGCAT-1_1_10","Leaf_rim","Leaf_subsidiary_cell",FALSE
"TTGATAGTCAATACAT-1_1_10","Vascular_tissue","Leaf_subsidiary_cell",FALSE
"TTGCCGCTTTCTAGTA-1_1_10","Leaf_rim","Leaf_subsidiary_cell",FALSE
"TTGGACCTATAACAGT-1_1_10","Leaf_rim","Leaf_subsidiary_cell",FALSE
"TTGGCCATCTTGCGCT-1_1_10","Bundle_sheath","Leaf_subsidiary_cell",FALSE
"TTGTGAACCTAATCCG-1_1_10","Bundle_sheath","Leaf_subsidiary_cell",FALSE
"AAACATTTCCCGGATT-1_1_11","Bundle_sheath","Leaf_subsidiary_cell",FALSE
"AAAGGTAAGCTGTACC-1_1_11","Bundle_sheath","Leaf_subsidiary_cell",FALSE
"AAATCTAGCCCTGCTA-1_1_11","Leaf_primordium","Leaf_subsidiary_cell",FALSE
"AAATGATTCGATCAGC-1_1_11","Leaf_primordium","Leaf_epidermis",FALSE
"AACAATACATTGTCGA-1_1_11","Bundle_sheath","Leaf_subsidiary_cell",FALSE
"AACAGCTGTGTGGCAA-1_1_11","Vascular_tissue","Leaf_subsidiary_cell",FALSE
"AACATCGATACGTCTA-1_1_11","Leaf_rim","Leaf_subsidiary_cell",FALSE
"AACCCAGAGACGGAGA-1_1_11","Leaf_primordium","Leaf_subsidiary_cell",FALSE
"AACCCGACAACCCGTG-1_1_11","Leaf_primordium","Leaf_subsidiary_cell",FALSE
"AACCCGAGCAGAATCG-1_1_11","Leaf_rim","Leaf_subsidiary_cell",FALSE
"AACGCATGATCTGGGT-1_1_11","Bundle_sheath","Leaf_subsidiary_cell",FALSE
"AACGCTGTTGCTGAAA-1_1_11","Leaf_primordium","Leaf_subsidiary_cell",FALSE
"AACGTCAGACTAGTGG-1_1_11","Bundle_sheath","Leaf_subsidiary_cell",FALSE
"AACTCCAGAGCGTGTT-1_1_11","Bundle_sheath","Leaf_subsidiary_cell",FALSE
"AACTCTCAGTGTGCTC-1_1_11","Bundle_sheath","Pavement_cell_N",FALSE
"AAGAGGCCCTTTGGAA-1_1_11","Bundle_sheath","Leaf_subsidiary_cell",FALSE
"AAGATGGCACCGGACC-1_1_11","Bundle_sheath","Leaf_subsidiary_cell",FALSE
"AAGCGTCCCTCATCGA-1_1_11","Bundle_sheath","Pavement_cell_N",FALSE
"AAGGCGCGTAAAGCTT-1_1_11","Vascular_tissue","Leaf_subsidiary_cell",FALSE
"AAGTAGAAGACCGGGT-1_1_11","Bundle_sheath","Leaf_subsidiary_cell",FALSE
"AAGTTCACTCCAAGCT-1_1_11","Pavement_cell_N","Bundle_sheath",FALSE
"AAGTTCAGTCTGCGTA-1_1_11","Bundle_sheath","Bundle_sheath",TRUE
"AATAGCTACCGCGTGC-1_1_11","Bundle_sheath","Leaf_epidermis",FALSE
"AATGACTGTCAGCCGG-1_1_11","Bundle_sheath","Leaf_subsidiary_cell",FALSE
"AATGCACCAAGCAATG-1_1_11","Leaf_rim","Leaf_subsidiary_cell",FALSE
"AATGGTTCTCACAAGC-1_1_11","Leaf_rim","Leaf_subsidiary_cell",FALSE
"AATTGCAGCAATCGAC-1_1_11","Vascular_tissue","Leaf_subsidiary_cell",FALSE
"ACAAAGCATGACCTAG-1_1_11","Leaf_rim","Leaf_epidermis",FALSE
"ACAACGGTCCCTGCGA-1_1_11","Vascular_tissue","Leaf_subsidiary_cell",FALSE
"ACAAGGATGCTTTAGG-1_1_11","Pavement_cell_N","Leaf_subsidiary_cell",FALSE
"ACAATGAATACGGAGA-1_1_11","Leaf_primordium","Leaf_subsidiary_cell",FALSE
"ACACCCAGCATGCAGC-1_1_11","Bundle_sheath","Leaf_subsidiary_cell",FALSE
"ACACCCGAGAAATCCG-1_1_11","S_phase","Leaf_subsidiary_cell",FALSE
"ACACCTTAAGTAGGGC-1_1_11","Leaf_primordium","Leaf_subsidiary_cell",FALSE
"ACAGCGACATTCTCAT-1_1_11","Bundle_sheath","Leaf_subsidiary_cell",FALSE
"ACCAAACACCCAGCGA-1_1_11","Bundle_sheath","Leaf_subsidiary_cell",FALSE
"ACCAACACCACACACT-1_1_11","Leaf_rim","Leaf_rim",TRUE
"ACCAAGAACGCGTGTC-1_1_11","Leaf_rim","Leaf_subsidiary_cell",FALSE
"ACCAGTGCCCGGTCAA-1_1_11","Bundle_sheath","Leaf_subsidiary_cell",FALSE
"ACCCATTTGTCCCTCT-1_1_11","Bundle_sheath","Leaf_subsidiary_cell",FALSE
"ACCCTGGTAACGCCCT-1_1_11","Leaf_rim","Leaf_subsidiary_cell",FALSE
"ACCGTGACCACGTGGG-1_1_11","Bundle_sheath","Leaf_subsidiary_cell",FALSE
"ACCTCCGCCCTCGCTG-1_1_11","Leaf_rim","Leaf_subsidiary_cell",FALSE
"ACGACTGGTCATACTC-1_1_11","Bundle_sheath","Leaf_subsidiary_cell",FALSE
"ACGCATACGTTTACTA-1_1_11","Bundle_sheath","Leaf_subsidiary_cell",FALSE
"ACGGAGCGCAAATTAC-1_1_11","Bundle_sheath","Leaf_subsidiary_cell",FALSE
"ACTACCAGCTCTCTGG-1_1_11","Leaf_primordium","Leaf_subsidiary_cell",FALSE
"ACTATATGCTGTGTTC-1_1_11","Bundle_sheath","Leaf_subsidiary_cell",FALSE
"ACTATTTCCGGGCCCA-1_1_11","Bundle_sheath","Leaf_subsidiary_cell",FALSE
"ACTCAAGTGCAAGGCT-1_1_11","Pavement_cell_N","Leaf_subsidiary_cell",FALSE
"ACTGAAACGCCGTTAG-1_1_11","Leaf_rim","Leaf_subsidiary_cell",FALSE
"AGAATGCGGGTTCGGA-1_1_11","Bundle_sheath","Leaf_subsidiary_cell",FALSE
"AGAGAAGGAGTACAAT-1_1_11","Leaf_rim","Leaf_subsidiary_cell",FALSE
"AGAGCCGCCGAGATTT-1_1_11","Pavement_cell_N","Leaf_subsidiary_cell",FALSE
"AGATCGTGCATAAGAT-1_1_11","Vascular_tissue","Leaf_subsidiary_cell",FALSE
"AGATGACTCGCCCACG-1_1_11","Vascular_tissue","Leaf_subsidiary_cell",FALSE
"AGATGAGGGTTGCGAT-1_1_11","Bundle_sheath","Leaf_subsidiary_cell",FALSE
"AGCCCTTCTAATCCGA-1_1_11","Bundle_sheath","Bundle_sheath",TRUE
"AGCTAACAAGCAATGT-1_1_11","Leaf_primordium","Leaf_subsidiary_cell",FALSE
"AGCTAGAAGCAGAAGT-1_1_11","Leaf_rim","Leaf_subsidiary_cell",FALSE
"AGCTCCATATATGTTC-1_1_11","Bundle_sheath","Leaf_subsidiary_cell",FALSE
"AGGACATCGCACGTCG-1_1_11","Leaf_rim","Pavement_cell_N",FALSE
"AGGACGCTCGATGTTG-1_1_11","S_phase","Leaf_subsidiary_cell",FALSE
"AGGCGTCTATGGACGG-1_1_11","S_phase","Leaf_subsidiary_cell",FALSE
"AGGGCGTGATCGGCTA-1_1_11","Bundle_sheath","Leaf_subsidiary_cell",FALSE
"AGGGTCAGTAACCCTA-1_1_11","Bundle_sheath","Leaf_subsidiary_cell",FALSE
"AGTACCTTCGAGTGCT-1_1_11","Bundle_sheath","Leaf_subsidiary_cell",FALSE
"AGTACTCTTATGCCCA-1_1_11","Pavement_cell_N","Pavement_cell_N",TRUE
"AGTAGGAAGGAAGTTG-1_1_11","Bundle_sheath","Leaf_subsidiary_cell",FALSE
"AGTATAATACTAGGCA-1_1_11","Leaf_rim","Leaf_subsidiary_cell",FALSE
"AGTCACTAGCTCTCGA-1_1_11","Bundle_sheath","Leaf_subsidiary_cell",FALSE
"AGTCGGCCCAAACGAC-1_1_11","Leaf_primordium","Leaf_subsidiary_cell",FALSE
"AGTCGTCGACCACCAA-1_1_11","Bundle_sheath","Leaf_epidermis",FALSE
"AGTGCTAAACACAGCA-1_1_11","Leaf_rim","Leaf_epidermis",FALSE
"AGTGTATTGCGCATTG-1_1_11","Bundle_sheath","Leaf_subsidiary_cell",FALSE
"ATAAACGTTGCACCAC-1_1_11","Bundle_sheath","Leaf_subsidiary_cell",FALSE
"ATAATAGTGTAGGGAC-1_1_11","Bundle_sheath","Bundle_sheath",TRUE
"ATACTACCCGTACCAC-1_1_11","Leaf_primordium","Leaf_epidermis",FALSE
"ATAGCAACTAGGGAAG-1_1_11","Leaf_primordium","Leaf_subsidiary_cell",FALSE
"ATATACGCTCGTGACG-1_1_11","Bundle_sheath","Pavement_cell_N",FALSE
"ATATCGTTCCTCGAAC-1_1_11","Bundle_sheath","Leaf_subsidiary_cell",FALSE
"ATATTGCTGTCAAAGT-1_1_11","Leaf_rim","Leaf_subsidiary_cell",FALSE
"ATCAGCCTCATGCTGC-1_1_11","Pavement_cell_N","Leaf_subsidiary_cell",FALSE
"ATCCAACGCAGTCATA-1_1_11","Bundle_sheath","Pavement_cell_N",FALSE
"ATCGCTGCGTGCAGCA-1_1_11","Leaf_rim","Shoot_system_epidermis",FALSE
"ATCGGCAAGCAGTCCA-1_1_11","Pavement_cell_N","Bundle_sheath",FALSE
"ATCGTTAGCTAGCGGA-1_1_11","Bundle_sheath","Leaf_subsidiary_cell",FALSE
"ATCTCCCACGGAATAT-1_1_11","Bundle_sheath","Leaf_subsidiary_cell",FALSE
"ATCTGACATGGAAGGA-1_1_11","Leaf_primordium","Leaf_epidermis",FALSE
"ATCTTATCGCACACCC-1_1_11","Leaf_rim","Leaf_subsidiary_cell",FALSE
"ATCTTGACCTGCAACG-1_1_11","Leaf_rim","Leaf_subsidiary_cell",FALSE
"ATGAAGCCAAGGAGCC-1_1_11","Bundle_sheath","Leaf_subsidiary_cell",FALSE
"ATGACTATCAGCTGTG-1_1_11","Bundle_sheath","Leaf_subsidiary_cell",FALSE
"ATGAGGAGTGTTAATC-1_1_11","Bundle_sheath","Leaf_subsidiary_cell",FALSE
"ATGCCAATCGCTCTGC-1_1_11","Bundle_sheath","Leaf_subsidiary_cell",FALSE
"ATGCGACAATTGGTCC-1_1_11","Bundle_sheath","Shoot_system_epidermis",FALSE
"ATGCTTAGGAGTTGAT-1_1_11","Pavement_cell_N","Leaf_subsidiary_cell",FALSE
"ATTACTAGCCTCTTGC-1_1_11","Bundle_sheath","Leaf_subsidiary_cell",FALSE
"ATTACTTACTGGGCAT-1_1_11","Bundle_sheath","Leaf_subsidiary_cell",FALSE
"ATTAGATTGATAGCGG-1_1_11","Bundle_sheath","Leaf_subsidiary_cell",FALSE
"ATTATGCCATAGGGAG-1_1_11","Leaf_rim","Leaf_subsidiary_cell",FALSE
"ATTCAACCATTTAAGG-1_1_11","Bundle_sheath","Leaf_subsidiary_cell",FALSE
"ATTCAGGACCTATTTC-1_1_11","Leaf_rim","Leaf_subsidiary_cell",FALSE
"ATTCATCGTTGAGGCA-1_1_11","Bundle_sheath","Leaf_subsidiary_cell",FALSE
"ATTCCTAAGACGTGGA-1_1_11","Leaf_rim","Leaf_subsidiary_cell",FALSE
"ATTCCTCCGCCAGTGC-1_1_11","Bundle_sheath","Leaf_subsidiary_cell",FALSE
"ATTGACCGGCGATGAC-1_1_11","Bundle_sheath","Leaf_subsidiary_cell",FALSE
"ATTGGATTACAGCGTA-1_1_11","Leaf_rim","Leaf_subsidiary_cell",FALSE
"ATTGTGACTTCGCTGC-1_1_11","Bundle_sheath","Leaf_epidermis",FALSE
"CAACCTACCGAGCAGT-1_1_11","Bundle_sheath","Leaf_subsidiary_cell",FALSE
"CAACGACCCGTTTACA-1_1_11","Leaf_rim","Leaf_subsidiary_cell",FALSE
"CAACGGTTCTTGATAC-1_1_11","Leaf_rim","Leaf_epidermis",FALSE
"CAACTCCTTGATCCCG-1_1_11","Bundle_sheath","Leaf_subsidiary_cell",FALSE
"CAATATTCTTGACCTA-1_1_11","Leaf_rim","Leaf_subsidiary_cell",FALSE
"CACACACGCTAACGAG-1_1_11","Bundle_sheath","Leaf_subsidiary_cell",FALSE
"CACAGGGCCATATAGT-1_1_11","Bundle_sheath","Leaf_subsidiary_cell",FALSE
"CACAGTCCCGCTTCGC-1_1_11","Mesophyll","Leaf_subsidiary_cell",FALSE
"CACATCGTGCACGCGC-1_1_11","Bundle_sheath","Leaf_subsidiary_cell",FALSE
"CACCCACACGTCACCC-1_1_11","Leaf_rim","Leaf_epidermis",FALSE
"CACCCGGTTTGTGACT-1_1_11","Pavement_cell_N","Leaf_subsidiary_cell",FALSE
"CACCGCGTCCACTCTA-1_1_11","Bundle_sheath","Leaf_subsidiary_cell",FALSE
"CACCGTTAGGGATCAC-1_1_11","Leaf_rim","Leaf_subsidiary_cell",FALSE
"CACGGCGCGCCAAAGG-1_1_11","Bundle_sheath","Leaf_subsidiary_cell",FALSE
"CACGTTTCGTACACAC-1_1_11","Pavement_cell_N","Leaf_subsidiary_cell",FALSE
"CACTACGGGAGCTGCC-1_1_11","Vascular_tissue","Leaf_subsidiary_cell",FALSE
"CACTCCTATGTAAGAT-1_1_11","Leaf_rim","Leaf_subsidiary_cell",FALSE
"CACTCTTCTGCTAGCC-1_1_11","Bundle_sheath","Leaf_subsidiary_cell",FALSE
"CACTGTCCAAGTGAGA-1_1_11","S_phase","Bundle_sheath",FALSE
"CACTTCGCCACAGGCT-1_1_11","Leaf_primordium","Leaf_subsidiary_cell",FALSE
"CAGATCATTTAAAGTC-1_1_11","Leaf_rim","Leaf_rim",TRUE
"CAGCCTCTCCTCAAGA-1_1_11","Vascular_tissue","Leaf_subsidiary_cell",FALSE
"CAGCTCGTGCTTGTGT-1_1_11","Bundle_sheath","Bundle_sheath",TRUE
"CAGTAACTATTTATTG-1_1_11","Bundle_sheath","Leaf_subsidiary_cell",FALSE
"CAGTACATTCTCTAAA-1_1_11","Bundle_sheath","Leaf_subsidiary_cell",FALSE
"CAGTGTCCGCAGAATG-1_1_11","Bundle_sheath","Leaf_subsidiary_cell",FALSE
"CATAGCGTTGCCCACC-1_1_11","Leaf_primordium","Leaf_subsidiary_cell",FALSE
"CATAGTAGCATAGTAG-1_1_11","Bundle_sheath","Leaf_subsidiary_cell",FALSE
"CATATACTACTGATAA-1_1_11","Bundle_sheath","Leaf_subsidiary_cell",FALSE
"CATCCTCTCAAAGATC-1_1_11","Vascular_tissue","Leaf_subsidiary_cell",FALSE
"CATCGCCCGCGGCCAA-1_1_11","Bundle_sheath","Leaf_subsidiary_cell",FALSE
"CATCTATCCCGTGTCT-1_1_11","Bundle_sheath","Leaf_subsidiary_cell",FALSE
"CATGGATTGTCTTCCG-1_1_11","Bundle_sheath","Leaf_subsidiary_cell",FALSE
"CATGTAAGAGACATTT-1_1_11","Leaf_rim","Leaf_subsidiary_cell",FALSE
"CATGTAGGAGCGCCAA-1_1_11","Bundle_sheath","Leaf_subsidiary_cell",FALSE
"CCAAACAGAACCCTCG-1_1_11","Leaf_rim","Leaf_subsidiary_cell",FALSE
"CCAACCTTATGTAACT-1_1_11","Leaf_primordium","Leaf_subsidiary_cell",FALSE
"CCAACGCTTGCCAGGG-1_1_11","Bundle_sheath","Pavement_cell_N",FALSE
"CCAAGGAACAGAGAGG-1_1_11","Pavement_cell_N","Bundle_sheath",FALSE
"CCAATTGAATGTTAAT-1_1_11","Bundle_sheath","Leaf_subsidiary_cell",FALSE
"CCACCAACTTTACTGT-1_1_11","Leaf_rim","Leaf_subsidiary_cell",FALSE
"CCACTGTTTGGATTAA-1_1_11","Vascular_tissue","Leaf_epidermis",FALSE
"CCATATGGAAACTATA-1_1_11","Mesophyll","Leaf_subsidiary_cell",FALSE
"CCATGCCCTAGATTTC-1_1_11","Bundle_sheath","Leaf_subsidiary_cell",FALSE
"CCATGCTCTGCAGGAA-1_1_11","Bundle_sheath","Leaf_subsidiary_cell",FALSE
"CCCAATGAGATTTGCA-1_1_11","Bundle_sheath","Leaf_subsidiary_cell",FALSE
"CCCAGAGGAGGGCGTA-1_1_11","Bundle_sheath","Leaf_epidermis",FALSE
"CCCGCCATGCTCCCGT-1_1_11","S_phase","Bundle_sheath",FALSE
"CCCGTAGCTGGGAAGA-1_1_11","Bundle_sheath","Leaf_subsidiary_cell",FALSE
"CCCGTCAGCGTCTGAC-1_1_11","Bundle_sheath","Pavement_cell_N",FALSE
"CCCTCATTCTGGAATT-1_1_11","Leaf_rim","Leaf_subsidiary_cell",FALSE
"CCCTTTAATGGAGTTC-1_1_11","Leaf_rim","Leaf_subsidiary_cell",FALSE
"CCGACAATAGGCCGCC-1_1_11","Bundle_sheath","Leaf_subsidiary_cell",FALSE
"CCGACGTAAACACAAC-1_1_11","Bundle_sheath","Leaf_subsidiary_cell",FALSE
"CCGAGCTGTGCTTGTC-1_1_11","S_phase","Bundle_sheath",FALSE
"CCGCTCTTCCGAACTA-1_1_11","Leaf_rim","Leaf_subsidiary_cell",FALSE
"CCGGAATGGTTTCAGT-1_1_11","Leaf_primordium","Leaf_subsidiary_cell",FALSE
"CCGGGACCCGCAGAGA-1_1_11","Leaf_rim","Leaf_subsidiary_cell",FALSE
"CCGTAGGGTTGTTTAC-1_1_11","Vascular_tissue","Leaf_subsidiary_cell",FALSE
"CCGTATTAGCGCAGTT-1_1_11","Leaf_rim","Leaf_epidermis",FALSE
"CCGTGGAACGATCCAA-1_1_11","Leaf_rim","Leaf_subsidiary_cell",FALSE
"CCTATGTCCACTCCAC-1_1_11","Leaf_rim","Leaf_epidermis",FALSE
"CCTCACCAATCTTGAC-1_1_11","S_phase","Bundle_sheath",FALSE
"CCTCCTGTTGTGTCGT-1_1_11","Bundle_sheath","Leaf_epidermis",FALSE
"CCTGTTTGAAGACACG-1_1_11","Bundle_sheath","Leaf_subsidiary_cell",FALSE
"CCTTGACCACTTTATT-1_1_11","Leaf_rim","Leaf_subsidiary_cell",FALSE
"CGAAGCTATAAATTCA-1_1_11","Bundle_sheath","Leaf_subsidiary_cell",FALSE
"CGAGAGGGTAGCCGCG-1_1_11","Bundle_sheath","Leaf_subsidiary_cell",FALSE
"CGATCCTCGCAACATA-1_1_11","Leaf_rim","Leaf_subsidiary_cell",FALSE
"CGCAATTACTTTCGGT-1_1_11","Leaf_rim","Leaf_subsidiary_cell",FALSE
"CGCCGTTCAGCATAGT-1_1_11","Leaf_primordium","Leaf_subsidiary_cell",FALSE
"CGCGAAGTGGCATACT-1_1_11","Vascular_tissue","Leaf_subsidiary_cell",FALSE
"CGCGAGAGGGACTTGT-1_1_11","Leaf_rim","Leaf_rim",TRUE
"CGCGGTCACAAACCAA-1_1_11","Leaf_rim","Leaf_subsidiary_cell",FALSE
"CGCTATTCAATGTATG-1_1_11","Leaf_primordium","Leaf_subsidiary_cell",FALSE
"CGCTCGACATAATGAT-1_1_11","Bundle_sheath","Leaf_subsidiary_cell",FALSE
"CGCTGTGACGCCGCAC-1_1_11","Leaf_rim","Leaf_subsidiary_cell",FALSE
"CGCTTCCACTGAAATC-1_1_11","Bundle_sheath","Leaf_subsidiary_cell",FALSE
"CGGCAATAAGATCGCC-1_1_11","Leaf_primordium","Leaf_subsidiary_cell",FALSE
"CGGCGCCATCAATCCC-1_1_11","Bundle_sheath","Leaf_subsidiary_cell",FALSE
"CGGTATAGGTATTAGC-1_1_11","Bundle_sheath","Leaf_subsidiary_cell",FALSE
"CGGTGGGCTCCAGCCT-1_1_11","Bundle_sheath","Leaf_rim",FALSE
"CGGTTTATGAAGGAAC-1_1_11","Bundle_sheath","Leaf_subsidiary_cell",FALSE
"CGTGTCTCGTTACGAC-1_1_11","Leaf_rim","Leaf_subsidiary_cell",FALSE
"CGTTAATGTCCCGACG-1_1_11","Pavement_cell_N","Leaf_subsidiary_cell",FALSE
"CGTTCTTCGCACACCT-1_1_11","Bundle_sheath","Bundle_sheath",TRUE
"CGTTGAGTAATTGCGT-1_1_11","Bundle_sheath","Leaf_subsidiary_cell",FALSE
"CTAAATCCGGTGTACA-1_1_11","Bundle_sheath","Leaf_subsidiary_cell",FALSE
"CTAACTGATAATCGCC-1_1_11","Bundle_sheath","Leaf_subsidiary_cell",FALSE
"CTACAAGAAATAACCC-1_1_11","Bundle_sheath","Leaf_subsidiary_cell",FALSE
"CTACACTCGCAGATGG-1_1_11","Bundle_sheath","Leaf_subsidiary_cell",FALSE
"CTAGCCGATGTTATGA-1_1_11","Bundle_sheath","Leaf_subsidiary_cell",FALSE
"CTATAGGCGTTGATGT-1_1_11","Bundle_sheath","Leaf_epidermis",FALSE
"CTATGGGAAGCGGAAT-1_1_11","Leaf_rim","Leaf_subsidiary_cell",FALSE
"CTCAAGACATTAGCGC-1_1_11","Bundle_sheath","S_phase",FALSE
"CTCCTTTACGCAAGTC-1_1_11","Leaf_rim","Leaf_subsidiary_cell",FALSE
"CTCGATATTTGCGAGC-1_1_11","Bundle_sheath","Leaf_subsidiary_cell",FALSE
"CTCGGTCCGTAGCCTG-1_1_11","Bundle_sheath","Leaf_subsidiary_cell",FALSE
"CTCGTTTCTAATGTTT-1_1_11","Leaf_rim","Pavement_cell_N",FALSE
"CTCTTCTGGAAGTTAG-1_1_11","Bundle_sheath","Leaf_subsidiary_cell",FALSE
"CTGAATTTATTGCCAG-1_1_11","Bundle_sheath","Leaf_epidermis",FALSE
"CTGCAAGCACGTTCCG-1_1_11","Leaf_rim","Leaf_subsidiary_cell",FALSE
"CTGCACCTGGAACCGC-1_1_11","Leaf_rim","Bundle_sheath",FALSE
"CTGCAGAGAATCAGAG-1_1_11","Bundle_sheath","Leaf_subsidiary_cell",FALSE
"CTGCCTTTCTAGTAAA-1_1_11","Leaf_primordium","Bundle_sheath",FALSE
"CTGTCACGCCAGGCGC-1_1_11","Bundle_sheath","Leaf_epidermis",FALSE
"CTGTGGTCGGGAGATA-1_1_11","Leaf_primordium","Leaf_subsidiary_cell",FALSE
"CTGTTCATCTCACGGG-1_1_11","Bundle_sheath","Leaf_subsidiary_cell",FALSE
"CTTACACTGGGAAATA-1_1_11","Leaf_rim","Leaf_epidermis",FALSE
"CTTCATAGCTCAAGAA-1_1_11","Vascular_tissue","Leaf_epidermis",FALSE
"CTTGTACTTGTTGACT-1_1_11","Vascular_tissue","Leaf_subsidiary_cell",FALSE
"CTTTGCATCGCTCTTG-1_1_11","Bundle_sheath","Leaf_subsidiary_cell",FALSE
"GAAATTAGCACGGATA-1_1_11","Leaf_rim","Leaf_subsidiary_cell",FALSE
"GAACACACATCAACCA-1_1_11","Bundle_sheath","Leaf_subsidiary_cell",FALSE
"GAAGAACGGTGCAGGT-1_1_11","Leaf_rim","Leaf_subsidiary_cell",FALSE
"GAATAGCCCTGCGGTC-1_1_11","Bundle_sheath","Leaf_epidermis",FALSE
"GAATAGTGCTCGATTA-1_1_11","Bundle_sheath","Leaf_subsidiary_cell",FALSE
"GAATCGACATGGTCAC-1_1_11","Pavement_cell_N","Leaf_subsidiary_cell",FALSE
"GACAACGCAGCTTACG-1_1_11","Leaf_rim","Leaf_subsidiary_cell",FALSE
"GACCAAACGTTGACTG-1_1_11","Bundle_sheath","Leaf_subsidiary_cell",FALSE
"GACGAGGCTAATAAAC-1_1_11","Bundle_sheath","Leaf_subsidiary_cell",FALSE
"GACTAAGATCATGCAC-1_1_11","Leaf_rim","Leaf_subsidiary_cell",FALSE
"GACTGATTGGTCACAA-1_1_11","Bundle_sheath","Leaf_subsidiary_cell",FALSE
"GACTGCTGGTGAGAAA-1_1_11","Leaf_rim","Leaf_subsidiary_cell",FALSE
"GAGACCCTGCAACGCC-1_1_11","Bundle_sheath","Leaf_subsidiary_cell",FALSE
"GAGCCGAGCGTTTATT-1_1_11","Bundle_sheath","Leaf_subsidiary_cell",FALSE
"GAGCTGTCGTCTCGGA-1_1_11","Bundle_sheath","Leaf_subsidiary_cell",FALSE
"GAGGCCTGTTGATACA-1_1_11","Bundle_sheath","Leaf_subsidiary_cell",FALSE
"GAGGGAGTCAGATCGC-1_1_11","Bundle_sheath","Leaf_subsidiary_cell",FALSE
"GATAAATCGGTGGATG-1_1_11","Leaf_primordium","Leaf_subsidiary_cell",FALSE
"GATGACAAGTAGGGCA-1_1_11","Leaf_rim","Leaf_subsidiary_cell",FALSE
"GATGACGATGATCGCG-1_1_11","Leaf_rim","Leaf_epidermis",FALSE
"GATGCTACAAGCGCCT-1_1_11","Bundle_sheath","Leaf_epidermis",FALSE
"GATGGCGCACACATTA-1_1_11","Leaf_rim","Leaf_subsidiary_cell",FALSE
"GATGTTTGTGCGAGAT-1_1_11","Vascular_tissue","Leaf_subsidiary_cell",FALSE
"GATTAACCGAAAGCCC-1_1_11","Leaf_rim","Leaf_subsidiary_cell",FALSE
"GCAAGATGTGTTCGCG-1_1_11","Bundle_sheath","Leaf_subsidiary_cell",FALSE
"GCAAGTGCACAGAGAA-1_1_11","Bundle_sheath","Leaf_subsidiary_cell",FALSE
"GCACACACTGGTAGCC-1_1_11","Leaf_rim","Leaf_subsidiary_cell",FALSE
"GCACGCCTACTTAGAT-1_1_11","Leaf_primordium","Leaf_rim",FALSE
"GCAGCTATGGACAGGT-1_1_11","Bundle_sheath","G2_M_phase",FALSE
"GCATCCCTAACTTTGA-1_1_11","Vascular_tissue","Leaf_subsidiary_cell",FALSE
"GCCCAGTTGGTATGCC-1_1_11","Bundle_sheath","Leaf_epidermis",FALSE
"GCCCGCGCGTTTGACA-1_1_11","Bundle_sheath","Leaf_subsidiary_cell",FALSE
"GCCTCCGACAATTCAC-1_1_11","Bundle_sheath","Leaf_subsidiary_cell",FALSE
"GCCTTCAGCCCTACCG-1_1_11","Leaf_rim","Leaf_subsidiary_cell",FALSE
"GCGAAACGATCGGGAG-1_1_11","Pavement_cell_N","Leaf_subsidiary_cell",FALSE
"GCGCTTAAATAATTGG-1_1_11","Leaf_rim","Leaf_subsidiary_cell",FALSE
"GCGGAGAAACTTCGCA-1_1_11","Pavement_cell_N","Leaf_epidermis",FALSE
"GCGGGAACCAGGCCCT-1_1_11","Bundle_sheath","Leaf_subsidiary_cell",FALSE
"GCTAACTGAAGTCTGA-1_1_11","Leaf_rim","Leaf_epidermis",FALSE
"GCTAATACCGAATGCC-1_1_11","Bundle_sheath","Leaf_subsidiary_cell",FALSE
"GCTACAATCGAGGATA-1_1_11","Bundle_sheath","Leaf_subsidiary_cell",FALSE
"GCTAGAGTAGAGATGT-1_1_11","S_phase","Leaf_subsidiary_cell",FALSE
"GCTAGCAGGGAGTGGG-1_1_11","Bundle_sheath","Leaf_epidermis",FALSE
"GCTAGTTTCATTGAGG-1_1_11","Bundle_sheath","Leaf_subsidiary_cell",FALSE
"GCTCAATCCGTTTATT-1_1_11","Leaf_rim","Leaf_subsidiary_cell",FALSE
"GCTCCTGACATACTGG-1_1_11","Vascular_tissue","Leaf_subsidiary_cell",FALSE
"GCTCTATGTTACGTGC-1_1_11","Leaf_rim","Leaf_subsidiary_cell",FALSE
"GCTGGACCCAAAGTGG-1_1_11","Bundle_sheath","Leaf_epidermis",FALSE
"GCTTGATGATAATCAG-1_1_11","Bundle_sheath","Leaf_subsidiary_cell",FALSE
"GGAAACCTTGTTGAAT-1_1_11","Bundle_sheath","Leaf_subsidiary_cell",FALSE
"GGAAACTAAATGGGCC-1_1_11","Leaf_rim","Leaf_subsidiary_cell",FALSE
"GGAACTTTGGCGATTA-1_1_11","Leaf_primordium","Leaf_subsidiary_cell",FALSE
"GGACCTACGGTAACGT-1_1_11","Bundle_sheath","Leaf_primordium",FALSE
"GGACTCGTGAGTGGTC-1_1_11","Bundle_sheath","Leaf_subsidiary_cell",FALSE
"GGAGAAGTCATTGGCA-1_1_11","Bundle_sheath","Leaf_subsidiary_cell",FALSE
"GGAGCAACATTTCAAG-1_1_11","Bundle_sheath","Leaf_subsidiary_cell",FALSE
"GGAGTGCCGCCCTGGA-1_1_11","Leaf_rim","Bundle_sheath",FALSE
"GGATCATCCCGTACGC-1_1_11","Bundle_sheath","Leaf_subsidiary_cell",FALSE
"GGATCTTACTGCCCTT-1_1_11","Bundle_sheath","Leaf_subsidiary_cell",FALSE
"GGATTCAGTACGGTGG-1_1_11","Bundle_sheath","Leaf_subsidiary_cell",FALSE
"GGCAAAGGCGCCAATA-1_1_11","Pavement_cell_N","Leaf_subsidiary_cell",FALSE
"GGCAGCGGTAATCCTA-1_1_11","Bundle_sheath","Vascular_tissue",FALSE
"GGCCGAGACTCTGGTG-1_1_11","Leaf_rim","Leaf_subsidiary_cell",FALSE
"GGCCGTTTGGGTTTCA-1_1_11","Leaf_rim","Leaf_subsidiary_cell",FALSE
"GGCGCGGAGATCTTTC-1_1_11","Leaf_primordium","Leaf_subsidiary_cell",FALSE
"GGCTAAAGGGCGGGTC-1_1_11","Bundle_sheath","Pavement_cell_N",FALSE
"GGCTCGTGCCACCAGC-1_1_11","Bundle_sheath","Leaf_subsidiary_cell",FALSE
"GGGAATGAGCCCTCAC-1_1_11","Bundle_sheath","Leaf_subsidiary_cell",FALSE
"GGTCAAGACTACTTCG-1_1_11","Leaf_rim","Leaf_subsidiary_cell",FALSE
"GGTCTCCGTCCAGGTT-1_1_11","Leaf_rim","Leaf_subsidiary_cell",FALSE
"GGTGAGATGCAGATAA-1_1_11","Bundle_sheath","Leaf_subsidiary_cell",FALSE
"GGTGCAGAGCCTATCG-1_1_11","Bundle_sheath","Vascular_tissue",FALSE
"GGTGCGGATAAGTGGC-1_1_11","Leaf_rim","Leaf_epidermis",FALSE
"GGTTTAATTACCATCG-1_1_11","Vascular_tissue","Leaf_subsidiary_cell",FALSE
"GGTTTGACAAGAAGCT-1_1_11","Bundle_sheath","Leaf_subsidiary_cell",FALSE
"GGTTTGTGACCTGAGG-1_1_11","Bundle_sheath","Leaf_subsidiary_cell",FALSE
"GTAACATCTAAGATAA-1_1_11","Leaf_primordium","Leaf_subsidiary_cell",FALSE
"GTAAGTAGGGTATACC-1_1_11","Mesophyll","Leaf_subsidiary_cell",FALSE
"GTACGTCACGTATTAA-1_1_11","Bundle_sheath","Leaf_subsidiary_cell",FALSE
"GTACTTGGGCACTTCT-1_1_11","Bundle_sheath","Bundle_sheath",TRUE
"GTAGCTCCGGGAGGCT-1_1_11","Bundle_sheath","Leaf_subsidiary_cell",FALSE
"GTAGTTCGAAGGCGAA-1_1_11","Bundle_sheath","Leaf_subsidiary_cell",FALSE
"GTATCAAACGTTAGCT-1_1_11","Bundle_sheath","Leaf_subsidiary_cell",FALSE
"GTATCAGCTTGGGTTC-1_1_11","Vascular_tissue","Leaf_subsidiary_cell",FALSE
"GTATCCTTTGGTAACC-1_1_11","Leaf_rim","Leaf_subsidiary_cell",FALSE
"GTCACTCTCCAAATCT-1_1_11","Bundle_sheath","Leaf_subsidiary_cell",FALSE
"GTCATGCGCGAGGGCT-1_1_11","Leaf_rim","Leaf_subsidiary_cell",FALSE
"GTCGTATTGGCGTACA-1_1_11","Vascular_tissue","Leaf_subsidiary_cell",FALSE
"GTGAAGATTTCAAGTG-1_1_11","Bundle_sheath","Leaf_subsidiary_cell",FALSE
"GTGAAGCCGTATAGTC-1_1_11","Leaf_rim","Leaf_epidermis",FALSE
"GTGATGCACAACATCT-1_1_11","Bundle_sheath","Leaf_subsidiary_cell",FALSE
"GTGCGGGTCTCCAAAT-1_1_11","Leaf_rim","Leaf_subsidiary_cell",FALSE
"GTGGACGTGCTGAGAC-1_1_11","Vascular_tissue","Leaf_subsidiary_cell",FALSE
"GTGGTATAGTCTGCCG-1_1_11","Bundle_sheath","Leaf_subsidiary_cell",FALSE
"GTTCCAGTCTGACCAT-1_1_11","Bundle_sheath","Leaf_subsidiary_cell",FALSE
"GTTCTTCCCTCGATGT-1_1_11","Leaf_rim","Leaf_subsidiary_cell",FALSE
"GTTGCACGGAGTTTCG-1_1_11","Leaf_primordium","Leaf_subsidiary_cell",FALSE
"GTTGGACCGCATCAGG-1_1_11","Leaf_rim","Leaf_epidermis",FALSE
"GTTGGATTCAGTGGCT-1_1_11","Leaf_rim","Leaf_subsidiary_cell",FALSE
"GTTGTCGTGTTAGTTG-1_1_11","Leaf_rim","Leaf_epidermis",FALSE
"GTTTCAAACGAGTTGT-1_1_11","Leaf_rim","Leaf_subsidiary_cell",FALSE
"GTTTCCTGGAGGGTGA-1_1_11","Leaf_rim","Leaf_subsidiary_cell",FALSE
"GTTTGGGTTTCGCCCG-1_1_11","Bundle_sheath","Leaf_subsidiary_cell",FALSE
"GTTTGGTGATCGGTGC-1_1_11","Vascular_tissue","Pavement_cell_N",FALSE
"TAAACCCAGGAGGGCA-1_1_11","Vascular_tissue","Leaf_epidermis",FALSE
"TAAATGCCGTCTCATG-1_1_11","Bundle_sheath","Leaf_epidermis",FALSE
"TAACAAAGGGAGAAGC-1_1_11","Bundle_sheath","Leaf_subsidiary_cell",FALSE
"TAACAGCGTTTGTGCT-1_1_11","Leaf_rim","Leaf_subsidiary_cell",FALSE
"TAACCTAGGGAGTCCA-1_1_11","Leaf_rim","Leaf_subsidiary_cell",FALSE
"TAACTATCGAAGGTCC-1_1_11","Leaf_primordium","Leaf_subsidiary_cell",FALSE
"TAAGCCCTTACGACCA-1_1_11","Bundle_sheath","Leaf_subsidiary_cell",FALSE
"TAAGGAACTTGTGGGA-1_1_11","Bundle_sheath","Leaf_subsidiary_cell",FALSE
"TAAGGGCCTGTCCGAT-1_1_11","Bundle_sheath","Leaf_subsidiary_cell",FALSE
"TAAGTTGCGACGTAGG-1_1_11","Mesophyll","Leaf_subsidiary_cell",FALSE
"TAATATTGAAATTCGC-1_1_11","S_phase","Leaf_subsidiary_cell",FALSE
"TAATTACGTCAGTAGA-1_1_11","Bundle_sheath","Leaf_subsidiary_cell",FALSE
"TAATTGGAATCGGGAA-1_1_11","Bundle_sheath","Leaf_subsidiary_cell",FALSE
"TACAGAAACGGTGGGC-1_1_11","Pavement_cell_N","Shoot_system_epidermis",FALSE
"TACGTAAAGCGGAGTG-1_1_11","Leaf_primordium","Leaf_subsidiary_cell",FALSE
"TACGTACTAGTGCTGA-1_1_11","Leaf_rim","Leaf_subsidiary_cell",FALSE
"TACGTGCACTATGCTG-1_1_11","Bundle_sheath","Leaf_subsidiary_cell",FALSE
"TACTCTTACTTTACTG-1_1_11","Leaf_rim","Leaf_subsidiary_cell",FALSE
"TACTGAACAGATTTAG-1_1_11","Leaf_rim","Leaf_subsidiary_cell",FALSE
"TACTGCAATCAATTAC-1_1_11","Bundle_sheath","Leaf_subsidiary_cell",FALSE
"TAGAATAGCCGATGAA-1_1_11","Leaf_rim","Leaf_epidermis",FALSE
"TAGAGGTTCTACTTGT-1_1_11","Leaf_rim","Leaf_subsidiary_cell",FALSE
"TAGATGGTTCCTTACT-1_1_11","Bundle_sheath","Leaf_subsidiary_cell",FALSE
"TAGGGTGTTTCAAGAG-1_1_11","Leaf_primordium","Leaf_subsidiary_cell",FALSE
"TAGTAGCTTATACCAG-1_1_11","Bundle_sheath","Pavement_cell_N",FALSE
"TAGTCTGTGACGTTGC-1_1_11","Leaf_rim","Leaf_epidermis",FALSE
"TATAAATCCACAAGCT-1_1_11","S_phase","Leaf_subsidiary_cell",FALSE
"TATACACGCAAAGTAT-1_1_11","Bundle_sheath","Leaf_subsidiary_cell",FALSE
"TATATAGGGCTTTACG-1_1_11","Vascular_tissue","Leaf_subsidiary_cell",FALSE
"TATATTACAAATGTCG-1_1_11","Leaf_rim","Pavement_cell_N",FALSE
"TATCACCCAACCGACC-1_1_11","Vascular_tissue","Leaf_subsidiary_cell",FALSE
"TATCACTTCGAGTAAC-1_1_11","Bundle_sheath","Leaf_epidermis",FALSE
"TATCCATATCATGCGA-1_1_11","Pavement_cell_N","Leaf_subsidiary_cell",FALSE
"TATCGATGATTAAACG-1_1_11","Leaf_rim","Leaf_subsidiary_cell",FALSE
"TATGATCTTCTCTTTA-1_1_11","Leaf_primordium","Leaf_epidermis",FALSE
"TCACAAACCGAGGTAC-1_1_11","Bundle_sheath","Leaf_subsidiary_cell",FALSE
"TCACGGTCATCGCACA-1_1_11","Bundle_sheath","Leaf_subsidiary_cell",FALSE
"TCACTACGACCAATGC-1_1_11","Bundle_sheath","Leaf_subsidiary_cell",FALSE
"TCAGCAGTAGGCCCTG-1_1_11","Bundle_sheath","Leaf_subsidiary_cell",FALSE
"TCAGCCAATCCGTAAA-1_1_11","Leaf_primordium","Leaf_subsidiary_cell",FALSE
"TCAGTGTATACGTCAT-1_1_11","Bundle_sheath","Leaf_subsidiary_cell",FALSE
"TCCCAAACAGACAACG-1_1_11","Bundle_sheath","Bundle_sheath",TRUE
"TCCGAAGTAGTCACCA-1_1_11","Bundle_sheath","Leaf_subsidiary_cell",FALSE
"TCCGCGGCCCAATGAA-1_1_11","Bundle_sheath","Leaf_subsidiary_cell",FALSE
"TCCTAACCGTCGGGCA-1_1_11","Leaf_rim","Leaf_subsidiary_cell",FALSE
"TCCTGGCGCTGCCTGG-1_1_11","Bundle_sheath","Pavement_cell_N",FALSE
"TCCTTTAAATCCGCTT-1_1_11","Leaf_primordium","Leaf_subsidiary_cell",FALSE
"TCGAATATCCCGCAGG-1_1_11","Leaf_rim","Bundle_sheath",FALSE
"TCGAGCCAGGCAGGCC-1_1_11","Bundle_sheath","Leaf_subsidiary_cell",FALSE
"TCGCGTAGCAGTGTCC-1_1_11","Bundle_sheath","Leaf_subsidiary_cell",FALSE
"TCGCTCGGCACCAGCG-1_1_11","Leaf_rim","Shoot_system_epidermis",FALSE
"TCGCTGTGCGTAAATC-1_1_11","S_phase","Leaf_subsidiary_cell",FALSE
"TCGGCTTGTATCGACG-1_1_11","Vascular_tissue","Leaf_subsidiary_cell",FALSE
"TCGGTGACCGCTCCGG-1_1_11","Bundle_sheath","Leaf_rim",FALSE
"TCGTAAGCTCCGAGGA-1_1_11","Bundle_sheath","Leaf_subsidiary_cell",FALSE
"TCGTCCGCTGGCGTCT-1_1_11","Leaf_rim","Leaf_epidermis",FALSE
"TCGTGTTCGACCACAA-1_1_11","Bundle_sheath","Leaf_subsidiary_cell",FALSE
"TCTACCCAATAGAGAG-1_1_11","Bundle_sheath","Leaf_subsidiary_cell",FALSE
"TCTAGCATCTTCGATG-1_1_11","Bundle_sheath","Leaf_subsidiary_cell",FALSE
"TCTATGCTATAACGAC-1_1_11","Leaf_primordium","Leaf_subsidiary_cell",FALSE
"TCTCCACAAGTTGAAT-1_1_11","Bundle_sheath","Pavement_cell_N",FALSE
"TCTCTAATAGCTGGTA-1_1_11","Bundle_sheath","Leaf_subsidiary_cell",FALSE
"TCTCTTACCGCGAACC-1_1_11","Bundle_sheath","Leaf_subsidiary_cell",FALSE
"TCTGAACCGGTCGGCT-1_1_11","Leaf_primordium","Vascular_tissue",FALSE
"TCTGCATACCTTGCTT-1_1_11","Bundle_sheath","Leaf_subsidiary_cell",FALSE
"TGAACAAGCAGGGACT-1_1_11","Leaf_rim","Leaf_subsidiary_cell",FALSE
"TGAATATGCTATAAAC-1_1_11","Bundle_sheath","Leaf_subsidiary_cell",FALSE
"TGACACTTCTCTTTGC-1_1_11","Bundle_sheath","Leaf_subsidiary_cell",FALSE
"TGAGAATGCTTTACCG-1_1_11","Bundle_sheath","Leaf_subsidiary_cell",FALSE
"TGAGATTAGGCCCTAA-1_1_11","Leaf_rim","Leaf_subsidiary_cell",FALSE
"TGATACATTTAGCCGT-1_1_11","Leaf_rim","Leaf_subsidiary_cell",FALSE
"TGATCTACGCTGATCT-1_1_11","Bundle_sheath","Vascular_tissue",FALSE
"TGATGTCAATTAAGTG-1_1_11","Bundle_sheath","Leaf_subsidiary_cell",FALSE
"TGATTTCCTCCTGACG-1_1_11","Leaf_rim","Bundle_sheath",FALSE
"TGCAACCCATCTGCGG-1_1_11","Leaf_rim","Leaf_subsidiary_cell",FALSE
"TGCAATCTAACACGGT-1_1_11","Vascular_tissue","Leaf_epidermis",FALSE
"TGCAATTTGGGCACGG-1_1_11","Bundle_sheath","Leaf_subsidiary_cell",FALSE
"TGCACAGTGAAGTTAT-1_1_11","Bundle_sheath","Leaf_subsidiary_cell",FALSE
"TGCCTAATTGAAGATT-1_1_11","Vascular_tissue","Leaf_subsidiary_cell",FALSE
"TGCGACGGCCGAACGT-1_1_11","Leaf_primordium","Leaf_subsidiary_cell",FALSE
"TGCGAGCCCTTCCGCG-1_1_11","Bundle_sheath","Shoot_system_epidermis",FALSE
"TGCTGGTTGGACAATT-1_1_11","Bundle_sheath","Leaf_subsidiary_cell",FALSE
"TGGAACCACTGACACA-1_1_11","Leaf_rim","Leaf_epidermis",FALSE
"TGGAAGACGAACACCA-1_1_11","Bundle_sheath","Bundle_sheath",TRUE
"TGGAATATCCTTGACC-1_1_11","Bundle_sheath","Leaf_epidermis",FALSE
"TGGCAATGGGACGGCG-1_1_11","Vascular_tissue","Leaf_subsidiary_cell",FALSE
"TGGCCGTATATTGACC-1_1_11","Pavement_cell_N","Leaf_subsidiary_cell",FALSE
"TGGCTACACTCTACCT-1_1_11","Leaf_rim","Leaf_subsidiary_cell",FALSE
"TGGCTTGTACAAGCTT-1_1_11","Leaf_primordium","Leaf_epidermis",FALSE
"TGTACCTACACGAGGG-1_1_11","Bundle_sheath","Leaf_epidermis",FALSE
"TGTATTTACCTAATGC-1_1_11","Bundle_sheath","Leaf_subsidiary_cell",FALSE
"TGTCATTTGTTGGGAA-1_1_11","Bundle_sheath","Leaf_rim",FALSE
"TGTGCCGGTGCCGGAA-1_1_11","Leaf_primordium","Leaf_subsidiary_cell",FALSE
"TGTGTCGCGAGTTGCA-1_1_11","Leaf_rim","Leaf_subsidiary_cell",FALSE
"TTAACCAACCCTCCCT-1_1_11","Bundle_sheath","Leaf_subsidiary_cell",FALSE
"TTACAACTACGCATCC-1_1_11","Leaf_rim","Leaf_subsidiary_cell",FALSE
"TTACACGATCTGCGAC-1_1_11","Mesophyll","Leaf_subsidiary_cell",FALSE
"TTACATCGTGGCCTGG-1_1_11","Leaf_primordium","Leaf_epidermis",FALSE
"TTACTGTCTAGAGCTC-1_1_11","Vascular_tissue","Leaf_subsidiary_cell",FALSE
"TTAGAATAAGGGTCGG-1_1_11","Bundle_sheath","Leaf_subsidiary_cell",FALSE
"TTAGCTAATACGATCT-1_1_11","Bundle_sheath","Leaf_subsidiary_cell",FALSE
"TTAGGTCATAACCGAC-1_1_11","Bundle_sheath","Leaf_subsidiary_cell",FALSE
"TTAGTAAACCTGCTCT-1_1_11","Bundle_sheath","Leaf_subsidiary_cell",FALSE
"TTAGTTCAAGTGTTCG-1_1_11","Vascular_tissue","Leaf_subsidiary_cell",FALSE
"TTCAACGACCCGACCG-1_1_11","Bundle_sheath","Leaf_subsidiary_cell",FALSE
"TTCAGCTGGCGTGCCC-1_1_11","Bundle_sheath","Leaf_subsidiary_cell",FALSE
"TTCCATCATGCGGTGA-1_1_11","Bundle_sheath","Leaf_subsidiary_cell",FALSE
"TTCCATCGACAGCGTG-1_1_11","Bundle_sheath","Leaf_subsidiary_cell",FALSE
"TTCCGCAGAGAAATAT-1_1_11","Bundle_sheath","Leaf_epidermis",FALSE
"TTCCGGCTCGACTTCT-1_1_11","Bundle_sheath","Leaf_subsidiary_cell",FALSE
"TTCGCACTCGCGTGCT-1_1_11","Vascular_tissue","Leaf_subsidiary_cell",FALSE
"TTCGCTATCTGACGTG-1_1_11","Bundle_sheath","Leaf_subsidiary_cell",FALSE
"TTCGGGCGCTAGTCTT-1_1_11","Vascular_tissue","Leaf_epidermis",FALSE
"TTCGTTCAACGAAGTT-1_1_11","Vascular_tissue","Leaf_epidermis",FALSE
"TTCTACTTGCGAGGGC-1_1_11","Bundle_sheath","Pavement_cell_N",FALSE
"TTCTAGAAAGTCTTAT-1_1_11","Leaf_rim","Leaf_subsidiary_cell",FALSE
"TTCTAGGCCAATTGTG-1_1_11","Leaf_rim","Leaf_subsidiary_cell",FALSE
"TTCTTAGTGAACGGTG-1_1_11","Bundle_sheath","Leaf_subsidiary_cell",FALSE
"TTCTTGTAACCTAATG-1_1_11","S_phase","Leaf_subsidiary_cell",FALSE
"TTCTTTGGTCGCGACG-1_1_11","Pavement_cell_N","Leaf_subsidiary_cell",FALSE
"TTGAAAGGTGTAAAGG-1_1_11","Bundle_sheath","Leaf_rim",FALSE
"TTGAACGACGTGCTGA-1_1_11","Leaf_rim","Leaf_epidermis",FALSE
"TTGAGAAGTTTAGCAT-1_1_11","Mesophyll","Leaf_subsidiary_cell",FALSE
"TTGCCGGTGATCCCTC-1_1_11","Bundle_sheath","Leaf_subsidiary_cell",FALSE
"TTGCGTGAACGCTTAG-1_1_11","Bundle_sheath","Leaf_subsidiary_cell",FALSE
"TTGGACCTATAACAGT-1_1_11","Leaf_primordium","Leaf_primordium",TRUE
"TTGGCTCGCATGAGAC-1_1_11","Bundle_sheath","Leaf_subsidiary_cell",FALSE
"TTGTGAACCTAATCCG-1_1_11","Pavement_cell_N","Leaf_subsidiary_cell",FALSE
"TTGTGGTGGTACTAAG-1_1_11","Leaf_rim","Leaf_subsidiary_cell",FALSE
"TTGTTAGCAAATTCGA-1_1_11","Leaf_rim","Leaf_subsidiary_cell",FALSE
"TTGTTTCACATCCAGG-1_1_11","Bundle_sheath","Leaf_subsidiary_cell",FALSE
"AAACATTTCCCGGATT-1_1_12","Bundle_sheath","Bundle_sheath",TRUE
"AAACGGGCGTACGGGT-1_1_12","Pavement_cell_N","Bundle_sheath",FALSE
"AAAGAATGTGGACTAA-1_1_12","Leaf_rim","Leaf_subsidiary_cell",FALSE
"AAAGGCCCTATAATAC-1_1_12","Bundle_sheath","Leaf_epidermis",FALSE
"AAATGCTCGTTACGTT-1_1_12","Bundle_sheath","Leaf_subsidiary_cell",FALSE
"AAATTACCTATCGATG-1_1_12","Bundle_sheath","Leaf_subsidiary_cell",FALSE
"AAATTGATAGTCCTTT-1_1_12","Pavement_cell_N","Leaf_subsidiary_cell",FALSE
"AACAATACATTGTCGA-1_1_12","Bundle_sheath","Leaf_subsidiary_cell",FALSE
"AACATATCAACTGGTG-1_1_12","Bundle_sheath","Leaf_subsidiary_cell",FALSE
"AACATTGAAGTTGATC-1_1_12","Vascular_tissue","Leaf_epidermis",FALSE
"AACCATGGGATCGCTA-1_1_12","Leaf_rim","Leaf_subsidiary_cell",FALSE
"AACCCAGAGACGGAGA-1_1_12","Bundle_sheath","Leaf_subsidiary_cell",FALSE
"AAGACATACGTGGTTT-1_1_12","Bundle_sheath","Bundle_sheath",TRUE
"AAGATGGCACCGGACC-1_1_12","Leaf_rim","Leaf_epidermis",FALSE
"AAGATTGGCGGAACGT-1_1_12","Bundle_sheath","Pavement_cell_N",FALSE
"AAGCCGCCGTGAAATC-1_1_12","Leaf_rim","Bundle_sheath",FALSE
"AAGCGTCCCTCATCGA-1_1_12","Bundle_sheath","Pavement_cell_N",FALSE
"AAGGATGAGGGACCTC-1_1_12","Leaf_rim","Leaf_subsidiary_cell",FALSE
"AAGGCGCGTAAAGCTT-1_1_12","Shoot_system_epidermis","Shoot_system_epidermis",TRUE
"AAGGGAACGACTGGCT-1_1_12","Vascular_tissue","Leaf_subsidiary_cell",FALSE
"AAGGGACAGATTCTGT-1_1_12","Bundle_sheath","Leaf_subsidiary_cell",FALSE
"AAGGGACTATGCATTC-1_1_12","Leaf_rim","Leaf_subsidiary_cell",FALSE
"AAGTGCTTCTCTATTG-1_1_12","Bundle_sheath","Leaf_subsidiary_cell",FALSE
"AAGTTGTGATGTTATA-1_1_12","Bundle_sheath","Leaf_subsidiary_cell",FALSE
"AATACCGGAGGGCTGT-1_1_12","Bundle_sheath","Leaf_epidermis",FALSE
"AATATCGAGGGTTCTC-1_1_12","Bundle_sheath","Leaf_subsidiary_cell",FALSE
"AATCAGGTTTCATTTA-1_1_12","Bundle_sheath","Leaf_subsidiary_cell",FALSE
"AATCTGCGTTGGGACG-1_1_12","Mesophyll","Leaf_primordium",FALSE
"AATGATGATACGCTAT-1_1_12","Bundle_sheath","Leaf_subsidiary_cell",FALSE
"AATGATGCGACTCCTG-1_1_12","Leaf_rim","Leaf_subsidiary_cell",FALSE
"AATGGTTCTCACAAGC-1_1_12","Bundle_sheath","Leaf_subsidiary_cell",FALSE
"AATGTGCTAATCTGAG-1_1_12","Bundle_sheath","Leaf_subsidiary_cell",FALSE
"AATGTTGTCGTGAGAC-1_1_12","Bundle_sheath","Bundle_sheath",TRUE
"AATTCATAAGGGATCT-1_1_12","Bundle_sheath","Leaf_subsidiary_cell",FALSE
"AATTGCAGCAATCGAC-1_1_12","Leaf_primordium","Leaf_subsidiary_cell",FALSE
"ACAAAGCATGACCTAG-1_1_12","Bundle_sheath","Leaf_subsidiary_cell",FALSE
"ACACCCGAGAAATCCG-1_1_12","Bundle_sheath","Leaf_subsidiary_cell",FALSE
"ACAGGCACGGATCCTT-1_1_12","S_phase","Bundle_sheath",FALSE
"ACCAACCGCACTCCAC-1_1_12","Bundle_sheath","Shoot_system_epidermis",FALSE
"ACCCAACGCCCGTGGC-1_1_12","Leaf_primordium","Bundle_sheath",FALSE
"ACCCATTTGTCCCTCT-1_1_12","Leaf_rim","Bundle_sheath",FALSE
"ACCCGAGCGAAATTAC-1_1_12","Leaf_rim","Shoot_system_epidermis",FALSE
"ACCCGATTGGTTCCGA-1_1_12","Bundle_sheath","Bundle_sheath",TRUE
"ACCCTCCCGTCAGGGC-1_1_12","Bundle_sheath","Leaf_subsidiary_cell",FALSE
"ACGACTCTAGGGCCGA-1_1_12","Bundle_sheath","Bundle_sheath",TRUE
"ACGACTGGTCATACTC-1_1_12","Bundle_sheath","Leaf_subsidiary_cell",FALSE
"ACGCCAGTGCGTTTGC-1_1_12","Bundle_sheath","Leaf_subsidiary_cell",FALSE
"ACGCTAGTGATACACT-1_1_12","Bundle_sheath","Leaf_subsidiary_cell",FALSE
"ACGGAATTTAGCAAAT-1_1_12","Bundle_sheath","Leaf_subsidiary_cell",FALSE
"ACGTACTTTGGCACGG-1_1_12","Bundle_sheath","Bundle_sheath",TRUE
"ACGTTCTGTACAAGTC-1_1_12","Bundle_sheath","Bundle_sheath",TRUE
"ACTATGTCCAGCTGCC-1_1_12","Leaf_rim","Bundle_sheath",FALSE
"ACTCCAATATCATCAT-1_1_12","Bundle_sheath","Leaf_subsidiary_cell",FALSE
"ACTCTGACCTAATAGA-1_1_12","Leaf_rim","Leaf_subsidiary_cell",FALSE
"ACTGCCCGCCATTCTC-1_1_12","Bundle_sheath","Leaf_subsidiary_cell",FALSE
"ACTTAGTACGACAAGA-1_1_12","Bundle_sheath","Leaf_subsidiary_cell",FALSE
"AGAATTGTTTGACATA-1_1_12","Bundle_sheath","Leaf_epidermis",FALSE
"AGACCATGGGATACAA-1_1_12","Pavement_cell_N","Leaf_subsidiary_cell",FALSE
"AGAGAAACACCAGAAA-1_1_12","Vascular_tissue","Leaf_subsidiary_cell",FALSE
"AGAGAACCGTCTAGGA-1_1_12","Bundle_sheath","Leaf_subsidiary_cell",FALSE
"AGAGAAGGAGTACAAT-1_1_12","Bundle_sheath","Leaf_subsidiary_cell",FALSE
"AGAGCGTACAAGCTCG-1_1_12","Leaf_rim","Mesophyll",FALSE
"AGATACGACTTCATAT-1_1_12","Bundle_sheath","Leaf_subsidiary_cell",FALSE
"AGATCGTGCATAAGAT-1_1_12","Leaf_rim","Leaf_subsidiary_cell",FALSE
"AGATGCAAGACGTGCA-1_1_12","Pavement_cell_N","Bundle_sheath",FALSE
"AGCACACGTTTAGACT-1_1_12","Bundle_sheath","Leaf_subsidiary_cell",FALSE
"AGCATTACGAGGCAAG-1_1_12","Bundle_sheath","Shoot_apical_meristem",FALSE
"AGCCCGGCATTAGAGG-1_1_12","Bundle_sheath","Leaf_subsidiary_cell",FALSE
"AGCCCTCCCTGGTGGC-1_1_12","Leaf_primordium","Pavement_cell_N",FALSE
"AGCGATGCGCCTAATA-1_1_12","Bundle_sheath","Bundle_sheath",TRUE
"AGCGCGGGTGCCAATG-1_1_12","Bundle_sheath","Leaf_subsidiary_cell",FALSE
"AGCGGGAAGGGTCCAT-1_1_12","Leaf_rim","Leaf_subsidiary_cell",FALSE
"AGCTAACAAGCAATGT-1_1_12","S_phase","Leaf_subsidiary_cell",FALSE
"AGCTGAAGTAAACCAA-1_1_12","Leaf_rim","Bundle_sheath",FALSE
"AGCTTCTTCTCGAGCA-1_1_12","Bundle_sheath","Leaf_subsidiary_cell",FALSE
"AGGACATCGCACGTCG-1_1_12","Bundle_sheath","Leaf_subsidiary_cell",FALSE
"AGGACGCTCGATGTTG-1_1_12","Leaf_rim","Leaf_subsidiary_cell",FALSE
"AGGCAGATGCGTAAAC-1_1_12","Vascular_tissue","Leaf_subsidiary_cell",FALSE
"AGGGCGTGATCGGCTA-1_1_12","Bundle_sheath","Leaf_subsidiary_cell",FALSE
"AGGGTCAGAGCACTCG-1_1_12","Bundle_sheath","Pavement_cell_N",FALSE
"AGGGTTCCCTTTGGTT-1_1_12","Bundle_sheath","Pavement_cell_N",FALSE
"AGGTAACCTCCTATTC-1_1_12","Bundle_sheath","Leaf_subsidiary_cell",FALSE
"AGGTGCACGTCCACAT-1_1_12","Bundle_sheath","Leaf_subsidiary_cell",FALSE
"AGTAACTATAGCAGCC-1_1_12","Bundle_sheath","Pavement_cell_N",FALSE
"AGTCAAATGATGTGAT-1_1_12","Leaf_primordium","Leaf_epidermis",FALSE
"AGTCTGGACATCCTTG-1_1_12","Bundle_sheath","Pavement_cell_N",FALSE
"AGTGACTGTGACACAA-1_1_12","Bundle_sheath","Pavement_cell_N",FALSE
"AGTGAGTCGAATTAAC-1_1_12","Bundle_sheath","Leaf_subsidiary_cell",FALSE
"AGTGGCGGCAATTTGA-1_1_12","Bundle_sheath","Leaf_subsidiary_cell",FALSE
"AGTGTGGTCTATTGTG-1_1_12","Leaf_rim","Leaf_subsidiary_cell",FALSE
"ATAATAGTGTAGGGAC-1_1_12","Bundle_sheath","Leaf_subsidiary_cell",FALSE
"ATACGGGTTTCGATTG-1_1_12","Vascular_tissue","S_phase",FALSE
"ATAGACAACGGGACCT-1_1_12","Bundle_sheath","Leaf_subsidiary_cell",FALSE
"ATAGAGTTATCAACTT-1_1_12","Bundle_sheath","Pavement_cell_N",FALSE
"ATAGGCTAGCTTCGCA-1_1_12","Bundle_sheath","Leaf_subsidiary_cell",FALSE
"ATATAACACGGGCGCA-1_1_12","Bundle_sheath","Leaf_subsidiary_cell",FALSE
"ATATCTCCCTCGTTAA-1_1_12","Bundle_sheath","Bundle_sheath",TRUE
"ATATTGCTGTCAAAGT-1_1_12","Bundle_sheath","Leaf_subsidiary_cell",FALSE
"ATCAGTAGGCAGGGAT-1_1_12","Pavement_cell_N","Leaf_subsidiary_cell",FALSE
"ATCGGCAAGCAGTCCA-1_1_12","Leaf_rim","Pavement_cell_N",FALSE
"ATCGTGGAAAGTCTGG-1_1_12","S_phase","Leaf_subsidiary_cell",FALSE
"ATCTCCCACGGAATAT-1_1_12","Bundle_sheath","Bundle_sheath",TRUE
"ATCTGCACCTCTGCGA-1_1_12","Leaf_rim","Leaf_subsidiary_cell",FALSE
"ATGACTATCAGCTGTG-1_1_12","Pavement_cell_N","Leaf_subsidiary_cell",FALSE
"ATGCTCAGTGTTGCAT-1_1_12","Bundle_sheath","Leaf_subsidiary_cell",FALSE
"ATGGGACCTGCTGAAC-1_1_12","S_phase","Leaf_subsidiary_cell",FALSE
"ATGGGTGTATACCTCC-1_1_12","Leaf_rim","Leaf_subsidiary_cell",FALSE
"ATGTTACGAGCAATAC-1_1_12","Bundle_sheath","Pavement_cell_N",FALSE
"ATGTTGATTAGAGACT-1_1_12","Leaf_primordium","Bundle_sheath",FALSE
"ATTACTTACTGGGCAT-1_1_12","Leaf_rim","Leaf_subsidiary_cell",FALSE
"ATTATTCAGAGTCACT-1_1_12","Bundle_sheath","Leaf_subsidiary_cell",FALSE
"ATTCCTCCGCCAGTGC-1_1_12","Vascular_tissue","Leaf_subsidiary_cell",FALSE
"ATTGCCTATTAGACCG-1_1_12","S_phase","Leaf_epidermis",FALSE
"CAAAGATTATTGGGCC-1_1_12","Leaf_primordium","Leaf_subsidiary_cell",FALSE
"CAACCAGTGGCCTACC-1_1_12","Vascular_tissue","Bundle_sheath",FALSE
"CAACGGTTCTTGATAC-1_1_12","Vascular_tissue","Pavement_cell_N",FALSE
"CAACTCCTTGATCCCG-1_1_12","S_phase","Leaf_subsidiary_cell",FALSE
"CAAGGCCAGTGGTGCA-1_1_12","S_phase","Bundle_sheath",FALSE
"CAATGGATCTCTACCA-1_1_12","Leaf_rim","Bundle_sheath",FALSE
"CACAGAGACGAGGACG-1_1_12","Leaf_primordium","Leaf_epidermis",FALSE
"CACAGTCCCGCTTCGC-1_1_12","Vascular_tissue","Bundle_sheath",FALSE
"CACATCGTGCACGCGC-1_1_12","Vascular_tissue","Leaf_subsidiary_cell",FALSE
"CACCAGTCAGCATGCA-1_1_12","Pavement_cell_N","Leaf_subsidiary_cell",FALSE
"CACCCACACGTCACCC-1_1_12","Pavement_cell_N","Leaf_subsidiary_cell",FALSE
"CACCCACGAGGCAATT-1_1_12","Leaf_rim","Bundle_sheath",FALSE
"CACCTAATAGAGTCGT-1_1_12","Bundle_sheath","Leaf_subsidiary_cell",FALSE
"CACCTTGCGAAACTCG-1_1_12","Leaf_rim","Bundle_sheath",FALSE
"CACGTCAATCAATGGA-1_1_12","Leaf_rim","Bundle_sheath",FALSE
"CACTCCTATGTAAGAT-1_1_12","Vascular_tissue","Leaf_subsidiary_cell",FALSE
"CACTGTCCAAGTGAGA-1_1_12","Bundle_sheath","Leaf_subsidiary_cell",FALSE
"CACTTCGCCACAGGCT-1_1_12","Bundle_sheath","Leaf_subsidiary_cell",FALSE
"CAGATAATGGGCGGGT-1_1_12","Bundle_sheath","Bundle_sheath",TRUE
"CAGCTCGTGCTTGTGT-1_1_12","Bundle_sheath","Leaf_subsidiary_cell",FALSE
"CAGGCGCACGGTGGTC-1_1_12","Vascular_tissue","Leaf_subsidiary_cell",FALSE
"CAGTAACTATTTATTG-1_1_12","Leaf_rim","Bundle_sheath",FALSE
"CAGTAATCCCTCCCAG-1_1_12","Bundle_sheath","Leaf_subsidiary_cell",FALSE
"CAGTAGCCCACGCGGT-1_1_12","Bundle_sheath","Leaf_subsidiary_cell",FALSE
"CAGTCGAGGATGCAAT-1_1_12","Bundle_sheath","Leaf_subsidiary_cell",FALSE
"CAGTGTCCGCAGAATG-1_1_12","Vascular_tissue","Leaf_subsidiary_cell",FALSE
"CATAGTAGCATAGTAG-1_1_12","Leaf_rim","Leaf_subsidiary_cell",FALSE
"CATCGCCCGCGGCCAA-1_1_12","Leaf_rim","Leaf_subsidiary_cell",FALSE
"CATCTATCCCGTGTCT-1_1_12","Leaf_rim","Bundle_sheath",FALSE
"CATGCGACCAGTTTAA-1_1_12","Bundle_sheath","Leaf_subsidiary_cell",FALSE
"CATGGGTCGGGTGTGG-1_1_12","Pavement_cell_N","Bundle_sheath",FALSE
"CATTACGCAGGAAGGG-1_1_12","Bundle_sheath","Leaf_subsidiary_cell",FALSE
"CATTATCCCATTAACG-1_1_12","Leaf_rim","Leaf_epidermis",FALSE
"CATTTAGCGGACCATG-1_1_12","Leaf_rim","Leaf_subsidiary_cell",FALSE
"CATTTCTAGCAGACTA-1_1_12","Bundle_sheath","Leaf_subsidiary_cell",FALSE
"CCAACCTTATGTAACT-1_1_12","Bundle_sheath","Leaf_subsidiary_cell",FALSE
"CCAAGGTTGCCCTTTC-1_1_12","Bundle_sheath","Pavement_cell_N",FALSE
"CCAATTACGGGTCGAG-1_1_12","Leaf_rim","Leaf_subsidiary_cell",FALSE
"CCAATTGAATGTTAAT-1_1_12","Bundle_sheath","Leaf_subsidiary_cell",FALSE
"CCACAATGTACGTCTT-1_1_12","Pavement_cell_N","Bundle_sheath",FALSE
"CCAGATAGTTGAGTGA-1_1_12","Pavement_cell_N","Bundle_sheath",FALSE
"CCAGTAGTCTGATCCA-1_1_12","Bundle_sheath","Pavement_cell_N",FALSE
"CCAGTCTAGACGGCGC-1_1_12","Bundle_sheath","Leaf_subsidiary_cell",FALSE
"CCATCCATACCAAGTC-1_1_12","S_phase","Leaf_subsidiary_cell",FALSE
"CCATGCTCTGCAGGAA-1_1_12","Vascular_tissue","Pavement_cell_N",FALSE
"CCATGTTCATCTATAT-1_1_12","Bundle_sheath","Leaf_subsidiary_cell",FALSE
"CCCAAGTCATTACACT-1_1_12","Leaf_rim","Leaf_subsidiary_cell",FALSE
"CCCAATGAGATTTGCA-1_1_12","Bundle_sheath","Leaf_subsidiary_cell",FALSE
"CCCGCCATGCTCCCGT-1_1_12","Bundle_sheath","Leaf_subsidiary_cell",FALSE
"CCCTCATTCTGGAATT-1_1_12","Leaf_rim","Bundle_sheath",FALSE
"CCCTCGATAATACACA-1_1_12","Bundle_sheath","Bundle_sheath",TRUE
"CCGAAAGTGGTGAGCA-1_1_12","Bundle_sheath","Leaf_subsidiary_cell",FALSE
"CCGAAGTATATTGTTC-1_1_12","Leaf_rim","Bundle_sheath",FALSE
"CCGCACTTGCAATGAC-1_1_12","Bundle_sheath","Bundle_sheath",TRUE
"CCGCTCTTCCGAACTA-1_1_12","Bundle_sheath","Leaf_subsidiary_cell",FALSE
"CCGGAATGGTTTCAGT-1_1_12","Leaf_primordium","Bundle_sheath",FALSE
"CCGTACCCAAGCGCCA-1_1_12","Vascular_tissue","Leaf_subsidiary_cell",FALSE
"CCGTAGGGTTGTTTAC-1_1_12","Bundle_sheath","Bundle_sheath",TRUE
"CCTAACTAAGGCTCTA-1_1_12","Bundle_sheath","Leaf_subsidiary_cell",FALSE
"CCTACGGCTCAGTCGA-1_1_12","Bundle_sheath","Leaf_subsidiary_cell",FALSE
"CCTATGGCTCCTAGTG-1_1_12","S_phase","Leaf_subsidiary_cell",FALSE
"CCTCACCAATCTTGAC-1_1_12","Bundle_sheath","Leaf_subsidiary_cell",FALSE
"CCTCACCTTAGCATCG-1_1_12","Bundle_sheath","Leaf_subsidiary_cell",FALSE
"CCTCCTGTTGTGTCGT-1_1_12","Leaf_primordium","Bundle_sheath",FALSE
"CCTCGCGCGATATAGG-1_1_12","S_phase","Leaf_subsidiary_cell",FALSE
"CCTCGGTTTCCTTGCC-1_1_12","Bundle_sheath","Leaf_subsidiary_cell",FALSE
"CCTCTACAAGGATTGG-1_1_12","Leaf_rim","Leaf_subsidiary_cell",FALSE
"CCTTTCAATGAAGAAA-1_1_12","Bundle_sheath","Leaf_subsidiary_cell",FALSE
"CGAATCTGCTCGACGC-1_1_12","Leaf_rim","Leaf_rim",TRUE
"CGAATGAAGTCATTGC-1_1_12","Leaf_primordium","Leaf_primordium",TRUE
"CGAGACTACTGCTGCT-1_1_12","Bundle_sheath","Leaf_subsidiary_cell",FALSE
"CGAGCACTTCAAGTTT-1_1_12","Pavement_cell_N","Leaf_subsidiary_cell",FALSE
"CGAGTTCTGTCCCACC-1_1_12","Leaf_rim","Bundle_sheath",FALSE
"CGATCCTCGCAACATA-1_1_12","Bundle_sheath","Leaf_subsidiary_cell",FALSE
"CGATGGACCCTACGCC-1_1_12","S_phase","Leaf_subsidiary_cell",FALSE
"CGCAATTACTTTCGGT-1_1_12","Leaf_primordium","Leaf_subsidiary_cell",FALSE
"CGCACGTCTGTTTATG-1_1_12","Leaf_rim","Leaf_subsidiary_cell",FALSE
"CGCGAAGTGGCATACT-1_1_12","S_phase","Leaf_subsidiary_cell",FALSE
"CGCTATACCGCCCACT-1_1_12","Bundle_sheath","Leaf_subsidiary_cell",FALSE
"CGCTATTCAATGTATG-1_1_12","Bundle_sheath","Leaf_subsidiary_cell",FALSE
"CGCTCGACATAATGAT-1_1_12","Leaf_rim","Leaf_subsidiary_cell",FALSE
"CGCTTCCACTGAAATC-1_1_12","Bundle_sheath","Leaf_subsidiary_cell",FALSE
"CGCTTCGGTCTAAGAC-1_1_12","S_phase","Leaf_subsidiary_cell",FALSE
"CGGCAGGGTCGGGTTG-1_1_12","Leaf_rim","Leaf_subsidiary_cell",FALSE
"CGGTGTACTTGATCCC-1_1_12","Bundle_sheath","Leaf_subsidiary_cell",FALSE
"CGGTTATCCAACAGTG-1_1_12","Leaf_rim","Leaf_subsidiary_cell",FALSE
"CGGTTCAAGTAGGTGT-1_1_12","Vascular_tissue","Pavement_cell_N",FALSE
"CGGTTGAGTATCCTTC-1_1_12","Bundle_sheath","Leaf_subsidiary_cell",FALSE
"CGTAAAGCAAGAAATC-1_1_12","Leaf_rim","Leaf_rim",TRUE
"CGTCATACCATATCCA-1_1_12","S_phase","Leaf_subsidiary_cell",FALSE
"CGTCCTCATCGCGTGC-1_1_12","Bundle_sheath","Leaf_subsidiary_cell",FALSE
"CGTCGCTTGGTTATAC-1_1_12","Bundle_sheath","Leaf_subsidiary_cell",FALSE
"CGTGCTTCTACCTAAA-1_1_12","Bundle_sheath","Leaf_subsidiary_cell",FALSE
"CGTGGTACCCAAAGGC-1_1_12","Bundle_sheath","Leaf_subsidiary_cell",FALSE
"CGTGTATGGGAGCTGA-1_1_12","Bundle_sheath","Pavement_cell_N",FALSE
"CGTGTCTCGTTACGAC-1_1_12","Leaf_rim","Leaf_subsidiary_cell",FALSE
"CGTTTCACTTCGGGCG-1_1_12","Bundle_sheath","Leaf_subsidiary_cell",FALSE
"CTAAATCCGGTGTACA-1_1_12","Vascular_tissue","Leaf_subsidiary_cell",FALSE
"CTAAATCCTATTCCGG-1_1_12","Vascular_tissue","Pavement_cell_N",FALSE
"CTAACGAAACTTGCTG-1_1_12","Pavement_cell_N","Leaf_subsidiary_cell",FALSE
"CTAATTTCAACAACAC-1_1_12","Pavement_cell_N","Leaf_subsidiary_cell",FALSE
"CTACCCTAAGGTCATA-1_1_12","Leaf_primordium","Bundle_sheath",FALSE
"CTACTATCTTTCAGAG-1_1_12","Bundle_sheath","Leaf_subsidiary_cell",FALSE
"CTAGCCGATGTTATGA-1_1_12","Leaf_primordium","Bundle_sheath",FALSE
"CTATAAGAGCCAATCG-1_1_12","Bundle_sheath","Bundle_sheath",TRUE
"CTATAGGCGTTGATGT-1_1_12","Bundle_sheath","Leaf_subsidiary_cell",FALSE
"CTATATCCAGCCTGGC-1_1_12","Bundle_sheath","Leaf_subsidiary_cell",FALSE
"CTCAAACCACTGCCCG-1_1_12","Leaf_rim","Leaf_subsidiary_cell",FALSE
"CTCAGGACTCACCTGT-1_1_12","Bundle_sheath","Leaf_subsidiary_cell",FALSE
"CTCAGTCACGACAAAT-1_1_12","Bundle_sheath","Leaf_subsidiary_cell",FALSE
"CTCCTAAGTTATGTCT-1_1_12","Bundle_sheath","Leaf_epidermis",FALSE
"CTCGATATTTGCGAGC-1_1_12","Bundle_sheath","Leaf_subsidiary_cell",FALSE
"CTCGCTAGGTAAGCGA-1_1_12","Bundle_sheath","Bundle_sheath",TRUE
"CTCGGGTTCTCTGGCC-1_1_12","Bundle_sheath","Pavement_cell_N",FALSE
"CTCGGTTGTCGGCCCT-1_1_12","Shoot_system_epidermis","Leaf_subsidiary_cell",FALSE
"CTCGTTACGGCTACCA-1_1_12","Leaf_rim","Leaf_subsidiary_cell",FALSE
"CTCTAGCCCTCGGAAA-1_1_12","Pavement_cell_N","Bundle_sheath",FALSE
"CTGAGCAAGTAACAAG-1_1_12","Bundle_sheath","Leaf_subsidiary_cell",FALSE
"CTGCAGAGAATCAGAG-1_1_12","Leaf_rim","Bundle_sheath",FALSE
"CTGCCTTTAATACCTT-1_1_12","Bundle_sheath","Leaf_subsidiary_cell",FALSE
"CTGCCTTTCTAGTAAA-1_1_12","Leaf_primordium","Bundle_sheath",FALSE
"CTGGCGGGAATAAGTA-1_1_12","Bundle_sheath","Leaf_subsidiary_cell",FALSE
"CTGGTAAAGACTTACA-1_1_12","Bundle_sheath","Leaf_subsidiary_cell",FALSE
"CTGGTAAAGTGTGGGC-1_1_12","Leaf_rim","Bundle_sheath",FALSE
"CTGGTAACGAGCTCTT-1_1_12","Bundle_sheath","Leaf_subsidiary_cell",FALSE
"CTGTATGGTGTAGAAA-1_1_12","Bundle_sheath","Leaf_subsidiary_cell",FALSE
"CTGTCAAATGGCTCGG-1_1_12","Leaf_primordium","Bundle_sheath",FALSE
"CTGTTCATCTCACGGG-1_1_12","Bundle_sheath","Leaf_rim",FALSE
"CTTAACTTACAGTATA-1_1_12","Bundle_sheath","Bundle_sheath",TRUE
"CTTAGTTGAGGAATCG-1_1_12","Leaf_primordium","Pavement_cell_N",FALSE
"CTTATGTTGACTACCA-1_1_12","Bundle_sheath","Leaf_subsidiary_cell",FALSE
"CTTCTGGGCGTACCTA-1_1_12","Bundle_sheath","Leaf_subsidiary_cell",FALSE
"CTTGATGACCATCCAG-1_1_12","Vascular_tissue","Bundle_sheath",FALSE
"CTTGCCCACCCACGCA-1_1_12","Leaf_rim","Leaf_subsidiary_cell",FALSE
"CTTGTTTATGTAGCCA-1_1_12","Bundle_sheath","Leaf_subsidiary_cell",FALSE
"GAAATTAGCACGGATA-1_1_12","S_phase","Bundle_sheath",FALSE
"GAACGTCTCATGGTCG-1_1_12","Vascular_tissue","Leaf_subsidiary_cell",FALSE
"GAAGAAACGATATTGT-1_1_12","Bundle_sheath","Leaf_subsidiary_cell",FALSE
"GAAGAACGGTGCAGGT-1_1_12","Bundle_sheath","Pavement_cell_N",FALSE
"GAATAGTGCTCGATTA-1_1_12","Bundle_sheath","Leaf_subsidiary_cell",FALSE
"GACACGAGTTAGAGGA-1_1_12","Leaf_rim","Leaf_subsidiary_cell",FALSE
"GACACTTCCAATTACC-1_1_12","Bundle_sheath","Bundle_sheath",TRUE
"GACGGTCAATAGAAGC-1_1_12","Shoot_system_epidermis","Shoot_system_epidermis",TRUE
"GACTCGCGGGAATGAC-1_1_12","Bundle_sheath","Leaf_subsidiary_cell",FALSE
"GACTGCTGGTGAGAAA-1_1_12","Bundle_sheath","Leaf_subsidiary_cell",FALSE
"GAGAACGGTTCTGACT-1_1_12","Bundle_sheath","Shoot_apical_meristem",FALSE
"GAGCATCAACAACTTG-1_1_12","Pavement_cell_N","Leaf_subsidiary_cell",FALSE
"GAGGGAGTCAGATCGC-1_1_12","S_phase","Bundle_sheath",FALSE
"GAGGGTAGTAACAAAG-1_1_12","Bundle_sheath","Leaf_subsidiary_cell",FALSE
"GAGGTCCCAAAGATCT-1_1_12","Bundle_sheath","Leaf_subsidiary_cell",FALSE
"GAGTACGGGTATACAA-1_1_12","Leaf_primordium","Leaf_subsidiary_cell",FALSE
"GAGTATACCCTAATCA-1_1_12","Bundle_sheath","Leaf_epidermis",FALSE
"GATAAATCGGTGGATG-1_1_12","Pavement_cell_N","Leaf_subsidiary_cell",FALSE
"GATCAACATAAAGGGA-1_1_12","Bundle_sheath","Leaf_subsidiary_cell",FALSE
"GATCCTAAATCGGGAC-1_1_12","Bundle_sheath","Leaf_subsidiary_cell",FALSE
"GATGACAAGTAGGGCA-1_1_12","Leaf_rim","Leaf_subsidiary_cell",FALSE
"GATGGCGCACACATTA-1_1_12","Bundle_sheath","Leaf_subsidiary_cell",FALSE
"GATGTTTGTGCGAGAT-1_1_12","Bundle_sheath","Leaf_subsidiary_cell",FALSE
"GATTGCTCCAGTTGCA-1_1_12","Bundle_sheath","Leaf_subsidiary_cell",FALSE
"GCACAAACCCTAGATG-1_1_12","Vascular_tissue","Leaf_subsidiary_cell",FALSE
"GCAGGTAGAGTATGGT-1_1_12","Bundle_sheath","Bundle_sheath",TRUE
"GCATCCCTAACTTTGA-1_1_12","Bundle_sheath","Leaf_subsidiary_cell",FALSE
"GCATGCTAATAACGAT-1_1_12","Vascular_tissue","Leaf_subsidiary_cell",FALSE
"GCCAATAGGGCATCTC-1_1_12","Leaf_rim","Shoot_system_epidermis",FALSE
"GCCAGGAAAGAACACT-1_1_12","Leaf_primordium","Leaf_subsidiary_cell",FALSE
"GCCAGGAGTAACCGAT-1_1_12","Bundle_sheath","Leaf_subsidiary_cell",FALSE
"GCCCACCAAGGCTGTC-1_1_12","Pavement_cell_N","Leaf_subsidiary_cell",FALSE
"GCCCAGTTGGTATGCC-1_1_12","Bundle_sheath","Leaf_subsidiary_cell",FALSE
"GCCCGCGCGTTTGACA-1_1_12","Bundle_sheath","Leaf_subsidiary_cell",FALSE
"GCCGACCCACGACTGC-1_1_12","Bundle_sheath","Leaf_subsidiary_cell",FALSE
"GCCTAGCGATCTGACC-1_1_12","Pavement_cell_N","Leaf_subsidiary_cell",FALSE
"GCCTATAGTGTCAGGG-1_1_12","Vascular_tissue","Leaf_subsidiary_cell",FALSE
"GCCTATTCCGATATAG-1_1_12","Bundle_sheath","Leaf_subsidiary_cell",FALSE
"GCGACCCAACCATCTG-1_1_12","Bundle_sheath","Leaf_subsidiary_cell",FALSE
"GCGCAAATATATTCAA-1_1_12","S_phase","Leaf_subsidiary_cell",FALSE
"GCGCATCCAGTCAGCA-1_1_12","Bundle_sheath","Leaf_subsidiary_cell",FALSE
"GCGCTGATCCAGACTC-1_1_12","Pavement_cell_N","Bundle_sheath",FALSE
"GCGCTGCTTTGCATTT-1_1_12","Bundle_sheath","Leaf_subsidiary_cell",FALSE
"GCGGAGAAACTTCGCA-1_1_12","Leaf_rim","Leaf_subsidiary_cell",FALSE
"GCGGCAAAGTATTGCC-1_1_12","Bundle_sheath","Leaf_subsidiary_cell",FALSE
"GCGGTGAACTGCGCTC-1_1_12","S_phase","Leaf_subsidiary_cell",FALSE
"GCGTCCCTAAGACATA-1_1_12","Bundle_sheath","Leaf_subsidiary_cell",FALSE
"GCTACAATCGAGGATA-1_1_12","Leaf_rim","Bundle_sheath",FALSE
"GCTATCGCGGCGCAAC-1_1_12","Leaf_rim","Bundle_sheath",FALSE
"GCTCCTGACATACTGG-1_1_12","Leaf_primordium","Leaf_subsidiary_cell",FALSE
"GCTCGGAATTTAAAGC-1_1_12","Leaf_primordium","Pavement_cell_N",FALSE
"GCTGAATCTTCCAATC-1_1_12","Bundle_sheath","Leaf_subsidiary_cell",FALSE
"GCTTGATGATAATCAG-1_1_12","Vascular_tissue","Leaf_subsidiary_cell",FALSE
"GCTTGGATCGATTAGG-1_1_12","Leaf_primordium","Leaf_subsidiary_cell",FALSE
"GGAAACTAAATGGGCC-1_1_12","Vascular_tissue","Leaf_subsidiary_cell",FALSE
"GGAAAGTGCCCATGCC-1_1_12","Leaf_primordium","Leaf_subsidiary_cell",FALSE
"GGAACTTTGGCGATTA-1_1_12","Bundle_sheath","Bundle_sheath",TRUE
"GGACCTCTAGGCCGCC-1_1_12","Bundle_sheath","Leaf_subsidiary_cell",FALSE
"GGACTCGTGAGTGGTC-1_1_12","S_phase","Leaf_subsidiary_cell",FALSE
"GGAGAAGTCATTGGCA-1_1_12","Bundle_sheath","Leaf_subsidiary_cell",FALSE
"GGAGTTGATTCTGTGT-1_1_12","Bundle_sheath","Leaf_subsidiary_cell",FALSE
"GGATCTTACTGCCCTT-1_1_12","Bundle_sheath","Leaf_subsidiary_cell",FALSE
"GGATGGCTTGAAGTAT-1_1_12","Leaf_rim","Pavement_cell_N",FALSE
"GGATTCAGTACGGTGG-1_1_12","Bundle_sheath","Leaf_subsidiary_cell",FALSE
"GGCACGCTGCTACAGT-1_1_12","Bundle_sheath","Leaf_rim",FALSE
"GGCACTGCGGTGGTTT-1_1_12","Bundle_sheath","Leaf_subsidiary_cell",FALSE
"GGCCGAGACTCTGGTG-1_1_12","Bundle_sheath","Leaf_subsidiary_cell",FALSE
"GGCTCCTCCACCTGTT-1_1_12","S_phase","Leaf_subsidiary_cell",FALSE
"GGCTCGCGTTGAGGTA-1_1_12","Leaf_primordium","Leaf_primordium",TRUE
"GGCTCGTGCCACCAGC-1_1_12","Bundle_sheath","Leaf_subsidiary_cell",FALSE
"GGGAAAGAATGCCAAC-1_1_12","Bundle_sheath","Pavement_cell_N",FALSE
"GGGAACGGTTTCAGAT-1_1_12","S_phase","Leaf_subsidiary_cell",FALSE
"GGGCGTTTACATTCAT-1_1_12","Bundle_sheath","Pavement_cell_N",FALSE
"GGGCTCATCGAACCCA-1_1_12","Bundle_sheath","Leaf_subsidiary_cell",FALSE
"GGGTACCCACGGTCCT-1_1_12","Bundle_sheath","Leaf_subsidiary_cell",FALSE
"GGGTTCAGACGAACAA-1_1_12","Bundle_sheath","Leaf_subsidiary_cell",FALSE
"GGTAAACTCTGCGCTG-1_1_12","Bundle_sheath","Bundle_sheath",TRUE
"GGTAACCGGGAGGATA-1_1_12","Leaf_primordium","Leaf_subsidiary_cell",FALSE
"GGTCGGTAATTAGACA-1_1_12","Bundle_sheath","Leaf_subsidiary_cell",FALSE
"GGTCTCCGTCCAGGTT-1_1_12","Bundle_sheath","Leaf_subsidiary_cell",FALSE
"GGTGAGATGCAGATAA-1_1_12","Leaf_rim","Leaf_subsidiary_cell",FALSE
"GGTGCGGATAAGTGGC-1_1_12","Leaf_rim","Leaf_subsidiary_cell",FALSE
"GGTTTAATTACCATCG-1_1_12","Leaf_rim","Leaf_epidermis",FALSE
"GTACTCCTGGGTATGC-1_1_12","Leaf_rim","Leaf_subsidiary_cell",FALSE
"GTACTTGGGCACTTCT-1_1_12","Bundle_sheath","Leaf_subsidiary_cell",FALSE
"GTAGACGTCGTTACAT-1_1_12","Bundle_sheath","Pavement_cell_N",FALSE
"GTAGCTCCGGGAGGCT-1_1_12","Bundle_sheath","Leaf_subsidiary_cell",FALSE
"GTAGCTTCCTCTTGTT-1_1_12","Leaf_primordium","Bundle_sheath",FALSE
"GTAGTGAGCAACCTCA-1_1_12","Pavement_cell_N","Shoot_apical_meristem",FALSE
"GTAGTTCGAAGGCGAA-1_1_12","Bundle_sheath","Leaf_epidermis",FALSE
"GTATCAGCTTGGGTTC-1_1_12","Bundle_sheath","Leaf_subsidiary_cell",FALSE
"GTATCCTTTGGTAACC-1_1_12","Leaf_primordium","Bundle_sheath",FALSE
"GTATTAAGGCGTCTAA-1_1_12","Vascular_tissue","Leaf_subsidiary_cell",FALSE
"GTCAAAGTTTACATAG-1_1_12","Bundle_sheath","Bundle_sheath",TRUE
"GTCAACCAGGCCTATA-1_1_12","Bundle_sheath","Leaf_subsidiary_cell",FALSE
"GTCGTATTGGCGTACA-1_1_12","S_phase","Pavement_cell_N",FALSE
"GTCTAGTGAGCCGCTT-1_1_12","Leaf_primordium","Bundle_sheath",FALSE
"GTCTATTGCATGCTCG-1_1_12","Bundle_sheath","Leaf_subsidiary_cell",FALSE
"GTCTCCCGAGTCCCGT-1_1_12","Pavement_cell_N","Leaf_subsidiary_cell",FALSE
"GTGAAACGGCGCCACC-1_1_12","Bundle_sheath","Leaf_subsidiary_cell",FALSE
"GTGAGATAACCTTATA-1_1_12","Bundle_sheath","Leaf_subsidiary_cell",FALSE
"GTGAGTCGACTAATAG-1_1_12","Bundle_sheath","Mesophyll",FALSE
"GTGATCAAGCGTGCAC-1_1_12","S_phase","Leaf_subsidiary_cell",FALSE
"GTGGACGTGCTGAGAC-1_1_12","Leaf_rim","Leaf_subsidiary_cell",FALSE
"GTGGCTGTTTCTGTTC-1_1_12","Bundle_sheath","Bundle_sheath",TRUE
"GTGTCAGTGTACGTGG-1_1_12","Leaf_rim","Bundle_sheath",FALSE
"GTTATCAAGCTATCGA-1_1_12","Bundle_sheath","Pavement_cell_N",FALSE
"GTTCGACAATTGTATA-1_1_12","Bundle_sheath","Bundle_sheath",TRUE
"GTTCGGAGCACTCAAC-1_1_12","Leaf_rim","Bundle_sheath",FALSE
"GTTGGATTCAGTGGCT-1_1_12","Leaf_rim","Bundle_sheath",FALSE
"GTTTCTAGAGGCGCGG-1_1_12","Leaf_rim","Bundle_sheath",FALSE
"GTTTGGCCGCTCAGCG-1_1_12","Bundle_sheath","Leaf_subsidiary_cell",FALSE
"GTTTGGTGATCGGTGC-1_1_12","Bundle_sheath","Leaf_epidermis",FALSE
"TAAAGCTGCAATAGGG-1_1_12","S_phase","Leaf_subsidiary_cell",FALSE
"TAAATGAATCCGTTTC-1_1_12","Leaf_primordium","Pavement_cell_N",FALSE
"TAAATTTAGTAACACC-1_1_12","Bundle_sheath","Bundle_sheath",TRUE
"TAACAAAGGGAGAAGC-1_1_12","Vascular_tissue","Leaf_subsidiary_cell",FALSE
"TAACCTAGGGAGTCCA-1_1_12","Bundle_sheath","Bundle_sheath",TRUE
"TAACTATCGAAGGTCC-1_1_12","Vascular_tissue","Bundle_sheath",FALSE
"TAACTCCATGGAGGCT-1_1_12","Bundle_sheath","Leaf_subsidiary_cell",FALSE
"TAAGCGCGAATCAAAT-1_1_12","Leaf_rim","Leaf_subsidiary_cell",FALSE
"TAAGGAACTTGTGGGA-1_1_12","Leaf_rim","Leaf_subsidiary_cell",FALSE
"TAATAGGTCACCAGAA-1_1_12","Leaf_rim","Bundle_sheath",FALSE
"TAATAGTGACGACCAG-1_1_12","Leaf_primordium","Bundle_sheath",FALSE
"TAATATTGAAATTCGC-1_1_12","Pavement_cell_N","Shoot_system_epidermis",FALSE
"TAATCGATCCGTACGT-1_1_12","Bundle_sheath","Leaf_subsidiary_cell",FALSE
"TAATTACGTCAGTAGA-1_1_12","Leaf_rim","Leaf_subsidiary_cell",FALSE
"TACAAGGGCTTCTTTA-1_1_12","Bundle_sheath","Bundle_sheath",TRUE
"TACCAGGAATCCCGTC-1_1_12","Leaf_rim","Leaf_epidermis",FALSE
"TACCGAATAATTGTAA-1_1_12","Bundle_sheath","Bundle_sheath",TRUE
"TACCTCCACACCAATG-1_1_12","Bundle_sheath","Leaf_subsidiary_cell",FALSE
"TACGCCGAGGGTACCC-1_1_12","Pavement_cell_N","Leaf_subsidiary_cell",FALSE
"TACGCTCGGTATTGGA-1_1_12","Leaf_rim","Leaf_subsidiary_cell",FALSE
"TACGCTGCTGTGTTAA-1_1_12","S_phase","Leaf_rim",FALSE
"TACGGGATGCTAGCAG-1_1_12","Leaf_rim","Bundle_sheath",FALSE
"TACGTAAAGCGGAGTG-1_1_12","Bundle_sheath","Bundle_sheath",TRUE
"TACGTGCACTATGCTG-1_1_12","Bundle_sheath","Leaf_subsidiary_cell",FALSE
"TACTCCTCTAGTTGAC-1_1_12","Leaf_rim","Leaf_subsidiary_cell",FALSE
"TACTGCAATCAATTAC-1_1_12","Bundle_sheath","Leaf_subsidiary_cell",FALSE
"TACTTAAACATGTACA-1_1_12","Leaf_rim","Leaf_subsidiary_cell",FALSE
"TAGAATAGCCGATGAA-1_1_12","S_phase","Leaf_subsidiary_cell",FALSE
"TAGACGCCCGTACCGG-1_1_12","Shoot_system_epidermis","Shoot_system_epidermis",TRUE
"TAGCAACCTGTCACAA-1_1_12","Pavement_cell_N","Leaf_subsidiary_cell",FALSE
"TAGCAGTATGACTAAA-1_1_12","Leaf_primordium","Pavement_cell_N",FALSE
"TAGGCTAAAGTGGCAC-1_1_12","Bundle_sheath","Pavement_cell_N",FALSE
"TAGTACCTTAGTGGTC-1_1_12","Vascular_tissue","Leaf_subsidiary_cell",FALSE
"TAGTCCTGCACTAAGC-1_1_12","S_phase","Bundle_sheath",FALSE
"TAGTCTGTGACGTTGC-1_1_12","Leaf_rim","Bundle_sheath",FALSE
"TATAAATCCACAAGCT-1_1_12","Leaf_primordium","Leaf_subsidiary_cell",FALSE
"TATAAGTGAGGATAGC-1_1_12","Bundle_sheath","Leaf_subsidiary_cell",FALSE
"TATACACGCAAAGTAT-1_1_12","Bundle_sheath","Leaf_subsidiary_cell",FALSE
"TATACTCATGCGGCAA-1_1_12","Leaf_rim","Bundle_sheath",FALSE
"TATATAGGGCTTTACG-1_1_12","Bundle_sheath","Leaf_subsidiary_cell",FALSE
"TATATCAAAGTGATCT-1_1_12","Leaf_rim","Bundle_sheath",FALSE
"TATCGATCTATGCATA-1_1_12","Bundle_sheath","Leaf_subsidiary_cell",FALSE
"TATGTCAAGACCGACT-1_1_12","Leaf_rim","Pavement_cell_N",FALSE
"TATTGCCGGGCTTGTA-1_1_12","Bundle_sheath","Bundle_sheath",TRUE
"TCACAAACCGAGGTAC-1_1_12","Leaf_primordium","Bundle_sheath",FALSE
"TCACCGCTCGGCACTC-1_1_12","Vascular_tissue","Leaf_subsidiary_cell",FALSE
"TCACTATCCCTTCGGT-1_1_12","Bundle_sheath","Leaf_subsidiary_cell",FALSE
"TCAGCAGTAGGCCCTG-1_1_12","Vascular_tissue","Leaf_subsidiary_cell",FALSE
"TCAGCCAATCCGTAAA-1_1_12","Bundle_sheath","Leaf_subsidiary_cell",FALSE
"TCAGTGTATACGTCAT-1_1_12","Leaf_rim","Leaf_subsidiary_cell",FALSE
"TCATACTTACAGATCC-1_1_12","Leaf_primordium","Leaf_subsidiary_cell",FALSE
"TCATCACTCGAGCTCG-1_1_12","Bundle_sheath","Leaf_subsidiary_cell",FALSE
"TCATCCTCAGCTGCTT-1_1_12","Bundle_sheath","Bundle_sheath",TRUE
"TCCAACTCAGCTATCT-1_1_12","Bundle_sheath","Bundle_sheath",TRUE
"TCCACCAAGACATAGG-1_1_12","Pavement_cell_N","Leaf_subsidiary_cell",FALSE
"TCCCTCTTCTCAAGGG-1_1_12","Bundle_sheath","Bundle_sheath",TRUE
"TCCCTTAGATTACTCG-1_1_12","Leaf_rim","Leaf_subsidiary_cell",FALSE
"TCCGACCGCTAATCAA-1_1_12","Leaf_rim","Pavement_cell_N",FALSE
"TCCGGCCTAGCGTACA-1_1_12","Bundle_sheath","Leaf_subsidiary_cell",FALSE
"TCCGTTTAGCCTTGAA-1_1_12","Bundle_sheath","Leaf_subsidiary_cell",FALSE
"TCGAATATCCCGCAGG-1_1_12","Bundle_sheath","Leaf_subsidiary_cell",FALSE
"TCGAGCCAGGCAGGCC-1_1_12","Bundle_sheath","Leaf_subsidiary_cell",FALSE
"TCGCATAAAGGGCGCA-1_1_12","Bundle_sheath","Bundle_sheath",TRUE
"TCGCATCCCTAAGTGT-1_1_12","Bundle_sheath","Leaf_subsidiary_cell",FALSE
"TCGCTGTGCGTAAATC-1_1_12","Vascular_tissue","Leaf_subsidiary_cell",FALSE
"TCGCTTTAAACGTTTG-1_1_12","Bundle_sheath","Leaf_subsidiary_cell",FALSE
"TCGTCCGCTGGCGTCT-1_1_12","Leaf_rim","Leaf_subsidiary_cell",FALSE
"TCGTTTACGCGACCCT-1_1_12","Bundle_sheath","Bundle_sheath",TRUE
"TCTAATACTGCCTCAG-1_1_12","Vascular_tissue","Leaf_subsidiary_cell",FALSE
"TCTAGCATCTTCGATG-1_1_12","Leaf_rim","Bundle_sheath",FALSE
"TCTAGGTGGCGACGCT-1_1_12","Leaf_rim","Bundle_sheath",FALSE
"TCTATAGGTGGGTAAT-1_1_12","Bundle_sheath","Bundle_sheath",TRUE
"TCTATCATGCAGTTAC-1_1_12","Vascular_tissue","Pavement_cell_N",FALSE
"TCTATTACGCTGGCGA-1_1_12","Bundle_sheath","Leaf_subsidiary_cell",FALSE
"TCTCTTACCGCGAACC-1_1_12","Bundle_sheath","Leaf_subsidiary_cell",FALSE
"TCTGAACCGGTCGGCT-1_1_12","S_phase","Leaf_subsidiary_cell",FALSE
"TCTGCATACCTTGCTT-1_1_12","Leaf_rim","Bundle_sheath",FALSE
"TCTTACCGGAACTCGT-1_1_12","Leaf_rim","Leaf_subsidiary_cell",FALSE
"TGAACAAGCAGGGACT-1_1_12","Bundle_sheath","Leaf_subsidiary_cell",FALSE
"TGAGATTAGGCCCTAA-1_1_12","Bundle_sheath","Leaf_subsidiary_cell",FALSE
"TGAGCTTTAATGACGC-1_1_12","Leaf_rim","Bundle_sheath",FALSE
"TGATTTCCTCCTGACG-1_1_12","Bundle_sheath","Leaf_subsidiary_cell",FALSE
"TGCAACTACTGGTTGA-1_1_12","Leaf_rim","Bundle_sheath",FALSE
"TGCATGTGACCCATAG-1_1_12","Bundle_sheath","Leaf_subsidiary_cell",FALSE
"TGCCGGATGTACGAGC-1_1_12","Bundle_sheath","Leaf_subsidiary_cell",FALSE
"TGCGACGGCCGAACGT-1_1_12","Leaf_primordium","Leaf_subsidiary_cell",FALSE
"TGCGTACGGCTAATTG-1_1_12","Bundle_sheath","Bundle_sheath",TRUE
"TGCTATGGCAAAGGGA-1_1_12","Leaf_rim","Leaf_rim",TRUE
"TGCTTAGAGAGAATGC-1_1_12","Bundle_sheath","Leaf_subsidiary_cell",FALSE
"TGGAACCACTGACACA-1_1_12","Bundle_sheath","Bundle_sheath",TRUE
"TGGCTACACTCTACCT-1_1_12","Leaf_rim","Leaf_subsidiary_cell",FALSE
"TGGGAAATGCCTTTCC-1_1_12","Vascular_tissue","Leaf_subsidiary_cell",FALSE
"TGGGTGTAATAGATTT-1_1_12","S_phase","Leaf_subsidiary_cell",FALSE
"TGTACTTCCGGGCATG-1_1_12","Pavement_cell_N","Pavement_cell_N",TRUE
"TGTCCACGGCTCAACT-1_1_12","Bundle_sheath","Leaf_subsidiary_cell",FALSE
"TGTGACTAGAGTTTGC-1_1_12","Bundle_sheath","Leaf_epidermis",FALSE
"TGTGGCAAAGCGTATG-1_1_12","Leaf_primordium","Bundle_sheath",FALSE
"TGTGTCGCGAGTTGCA-1_1_12","Leaf_rim","Bundle_sheath",FALSE
"TGTTGTCAAGAAGTCT-1_1_12","Vascular_tissue","Bundle_sheath",FALSE
"TTAAACTCGAATTCAT-1_1_12","Vascular_tissue","Leaf_subsidiary_cell",FALSE
"TTAAAGTAAGTCGCCA-1_1_12","Bundle_sheath","Leaf_subsidiary_cell",FALSE
"TTACACGATCTGCGAC-1_1_12","Bundle_sheath","Bundle_sheath",TRUE
"TTACAGACCTAAATGA-1_1_12","Bundle_sheath","Leaf_subsidiary_cell",FALSE
"TTACATCGTGGCCTGG-1_1_12","Vascular_tissue","Leaf_subsidiary_cell",FALSE
"TTAGCAACATGGATGT-1_1_12","Bundle_sheath","Leaf_subsidiary_cell",FALSE
"TTAGCTAATACGATCT-1_1_12","Vascular_tissue","Pavement_cell_N",FALSE
"TTAGGTCATAACCGAC-1_1_12","Vascular_tissue","Leaf_subsidiary_cell",FALSE
"TTAGTAAACCTGCTCT-1_1_12","Bundle_sheath","Leaf_subsidiary_cell",FALSE
"TTATCCAATCGAACTC-1_1_12","Bundle_sheath","Leaf_subsidiary_cell",FALSE
"TTCCAATCAGAGCTAG-1_1_12","Bundle_sheath","Leaf_subsidiary_cell",FALSE
"TTCCGCAGAGAAATAT-1_1_12","Bundle_sheath","Bundle_sheath",TRUE
"TTCGCTATCTGACGTG-1_1_12","Bundle_sheath","Leaf_subsidiary_cell",FALSE
"TTCGGCTAGAGATGGT-1_1_12","Bundle_sheath","Leaf_subsidiary_cell",FALSE
"TTCGGGTTGCCACGGG-1_1_12","Bundle_sheath","Bundle_sheath",TRUE
"TTCTACTTGCGAGGGC-1_1_12","Leaf_rim","Leaf_epidermis",FALSE
"TTCTAGGCCAATTGTG-1_1_12","Vascular_tissue","Leaf_epidermis",FALSE
"TTCTTAGTGAACGGTG-1_1_12","Bundle_sheath","Leaf_subsidiary_cell",FALSE
"TTCTTGTAACCTAATG-1_1_12","Vascular_tissue","Pavement_cell_N",FALSE
"TTGAACGAATCCTTTG-1_1_12","Bundle_sheath","Bundle_sheath",TRUE
"TTGATGCCGCTCGTCG-1_1_12","Leaf_rim","Pavement_cell_N",FALSE
"TTGATGTGTAGTCCCG-1_1_12","Bundle_sheath","Leaf_subsidiary_cell",FALSE
"TTGCCTTCTCGCCGGG-1_1_12","Bundle_sheath","Leaf_subsidiary_cell",FALSE
"TTGCGCTTGATCAATA-1_1_12","Bundle_sheath","Leaf_subsidiary_cell",FALSE
"TTGCTCATAGTACGTG-1_1_12","Bundle_sheath","Bundle_sheath",TRUE
"TTGGCCATCTTGCGCT-1_1_12","Pavement_cell_N","Bundle_sheath",FALSE
"TTGGCTCGCATGAGAC-1_1_12","Leaf_primordium","Bundle_sheath",FALSE
"TTGTGATCTGTTCAGT-1_1_12","Pavement_cell_N","Mesophyll",FALSE
"TTGTTAGCAAATTCGA-1_1_12","Leaf_primordium","Leaf_subsidiary_cell",FALSE
"TTGTTTCATTAGTCTA-1_1_12","Leaf_primordium","Leaf_subsidiary_cell",FALSE
"AAACATTTCCCGGATT-1_1_13","S_phase","Leaf_epidermis",FALSE
"AAACGGGCGTACGGGT-1_1_13","Bundle_sheath","Leaf_subsidiary_cell",FALSE
"AAACGTGTTCGCCCTA-1_1_13","Bundle_sheath","Pavement_cell_N",FALSE
"AAACTCGTGATATAAG-1_1_13","Bundle_sheath","Leaf_rim",FALSE
"AAAGGCCCTATAATAC-1_1_13","Leaf_rim","Leaf_epidermis",FALSE
"AAAGGGCAGCTTGAAT-1_1_13","Leaf_primordium","Leaf_subsidiary_cell",FALSE
"AAATCCGATACACGCC-1_1_13","Vascular_tissue","Leaf_subsidiary_cell",FALSE
"AAATTGGTGAGAAGCA-1_1_13","Bundle_sheath","Leaf_subsidiary_cell",FALSE
"AACAGCTGTGTGGCAA-1_1_13","Leaf_rim","Leaf_subsidiary_cell",FALSE
"AACATATCAACTGGTG-1_1_13","Leaf_primordium","Leaf_subsidiary_cell",FALSE
"AACATCGATACGTCTA-1_1_13","Pavement_cell_N","Shoot_apical_meristem",FALSE
"AACATTGAAGTTGATC-1_1_13","Bundle_sheath","Leaf_epidermis",FALSE
"AACCTCGCTTTAGCCC-1_1_13","Leaf_primordium","Leaf_subsidiary_cell",FALSE
"AACGCATGATCTGGGT-1_1_13","Leaf_primordium","Leaf_subsidiary_cell",FALSE
"AACGTCAGACTAGTGG-1_1_13","Bundle_sheath","Leaf_subsidiary_cell",FALSE
"AACTTTCTCGATCATG-1_1_13","Bundle_sheath","Leaf_epidermis",FALSE
"AAGATGGCACCGGACC-1_1_13","Vascular_tissue","Leaf_subsidiary_cell",FALSE
"AAGCCGCTTTACCTTG-1_1_13","Bundle_sheath","Leaf_epidermis",FALSE
"AAGCGTCCCTCATCGA-1_1_13","S_phase","Leaf_subsidiary_cell",FALSE
"AAGGCGCGTAAAGCTT-1_1_13","Bundle_sheath","Leaf_epidermis",FALSE
"AAGGGAACGACTGGCT-1_1_13","Leaf_rim","Leaf_epidermis",FALSE
"AAGGGACTATGCATTC-1_1_13","Bundle_sheath","Leaf_epidermis",FALSE
"AAGTAGAAGACCGGGT-1_1_13","Leaf_primordium","Leaf_epidermis",FALSE
"AAGTCTAGTAGCTGCC-1_1_13","Leaf_primordium","Leaf_epidermis",FALSE
"AAGTGCTTCTCTATTG-1_1_13","Bundle_sheath","Leaf_epidermis",FALSE
"AAGTTCACTCCAAGCT-1_1_13","Leaf_rim","Leaf_subsidiary_cell",FALSE
"AAGTTGTGATGTTATA-1_1_13","Bundle_sheath","Pavement_cell_N",FALSE
"AATACCGGAGGGCTGT-1_1_13","Vascular_tissue","Leaf_epidermis",FALSE
"AATAGCTACCGCGTGC-1_1_13","Pavement_cell_N","G2_M_phase",FALSE
"AATATCGAGGGTTCTC-1_1_13","Leaf_rim","Leaf_subsidiary_cell",FALSE
"AATCAGGTTTCATTTA-1_1_13","Bundle_sheath","Leaf_subsidiary_cell",FALSE
"AATCTATGCCGGAGCC-1_1_13","Leaf_primordium","Leaf_subsidiary_cell",FALSE
"AATGACTGTCAGCCGG-1_1_13","Leaf_rim","Leaf_subsidiary_cell",FALSE
"AATGAGTTCGCATATG-1_1_13","Bundle_sheath","Leaf_epidermis",FALSE
"AATGATGCGACTCCTG-1_1_13","Leaf_rim","Leaf_subsidiary_cell",FALSE
"AATGGTTCTCACAAGC-1_1_13","Bundle_sheath","Leaf_subsidiary_cell",FALSE
"AATTGCAGCAATCGAC-1_1_13","Bundle_sheath","Pavement_cell_N",FALSE
"ACAAAGCATGACCTAG-1_1_13","Bundle_sheath","Shoot_apical_meristem",FALSE
"ACAACGGTCCCTGCGA-1_1_13","Vascular_tissue","Leaf_subsidiary_cell",FALSE
"ACAAGGATGCTTTAGG-1_1_13","Bundle_sheath","Pavement_cell_N",FALSE
"ACACCCGAGAAATCCG-1_1_13","Bundle_sheath","Leaf_epidermis",FALSE
"ACACCTTAAGTAGGGC-1_1_13","Leaf_rim","Leaf_subsidiary_cell",FALSE
"ACAGCGACATTCTCAT-1_1_13","Bundle_sheath","Leaf_subsidiary_cell",FALSE
"ACAGGCACGGATCCTT-1_1_13","Leaf_primordium","Mesophyll",FALSE
"ACAGTATACCGTGGGA-1_1_13","Bundle_sheath","Leaf_subsidiary_cell",FALSE
"ACCAAACACCCAGCGA-1_1_13","Bundle_sheath","Leaf_subsidiary_cell",FALSE
"ACCAACACCACACACT-1_1_13","Bundle_sheath","Pavement_cell_N",FALSE
"ACCAACCGCACTCCAC-1_1_13","Bundle_sheath","Shoot_apical_meristem",FALSE
"ACCACCCTCTCTTCTA-1_1_13","Bundle_sheath","Leaf_subsidiary_cell",FALSE
"ACCCACCTACATGCTC-1_1_13","Pavement_cell_N","Shoot_system_epidermis",FALSE
"ACCCATTTGTCCCTCT-1_1_13","Bundle_sheath","Leaf_subsidiary_cell",FALSE
"ACCCTCCCGTCAGGGC-1_1_13","Bundle_sheath","Mesophyll",FALSE
"ACCCTGGTAACGCCCT-1_1_13","Bundle_sheath","Leaf_subsidiary_cell",FALSE
"ACGACTGGTCATACTC-1_1_13","Bundle_sheath","Leaf_epidermis",FALSE
"ACGAGTACGGATGCCC-1_1_13","Leaf_rim","Leaf_subsidiary_cell",FALSE
"ACGCAATCACTACAGC-1_1_13","Leaf_rim","Leaf_subsidiary_cell",FALSE
"ACGCATACGTTTACTA-1_1_13","Bundle_sheath","Leaf_subsidiary_cell",FALSE
"ACGGAATTTAGCAAAT-1_1_13","Vascular_tissue","Leaf_subsidiary_cell",FALSE
"ACGGAGCGCAAATTAC-1_1_13","Bundle_sheath","Leaf_subsidiary_cell",FALSE
"ACGGGCGTATGCGACA-1_1_13","Bundle_sheath","Leaf_subsidiary_cell",FALSE
"ACGTACTTTGGCACGG-1_1_13","Leaf_rim","Leaf_epidermis",FALSE
"ACGTTCTGTACAAGTC-1_1_13","Bundle_sheath","Pavement_cell_N",FALSE
"ACTACCAGCTCTCTGG-1_1_13","Pavement_cell_N","Leaf_subsidiary_cell",FALSE
"ACTATGTCCAGCTGCC-1_1_13","Bundle_sheath","Leaf_epidermis",FALSE
"ACTATTTCCGGGCCCA-1_1_13","Leaf_primordium","Leaf_subsidiary_cell",FALSE
"ACTCAAGTGCAAGGCT-1_1_13","Leaf_rim","Leaf_subsidiary_cell",FALSE
"ACTCCAATATCATCAT-1_1_13","Bundle_sheath","Leaf_subsidiary_cell",FALSE
"ACTCCCGTAGACTAGG-1_1_13","Bundle_sheath","Leaf_rim",FALSE
"ACTCTGACCTAATAGA-1_1_13","Leaf_rim","Leaf_epidermis",FALSE
"ACTGCCCGCCATTCTC-1_1_13","Vascular_tissue","Leaf_subsidiary_cell",FALSE
"ACTGTGCTAGTAGATC-1_1_13","Bundle_sheath","Leaf_subsidiary_cell",FALSE
"AGACCATGGGATACAA-1_1_13","Bundle_sheath","Leaf_subsidiary_cell",FALSE
"AGAGAAACACCAGAAA-1_1_13","Bundle_sheath","Leaf_epidermis",FALSE
"AGATACCAATAGAACC-1_1_13","Bundle_sheath","Leaf_subsidiary_cell",FALSE
"AGATACCAGCACTTCA-1_1_13","Bundle_sheath","Leaf_epidermis",FALSE
"AGATACGACTTCATAT-1_1_13","Bundle_sheath","Leaf_epidermis",FALSE
"AGATGCAAGACGTGCA-1_1_13","Leaf_primordium","Leaf_epidermis",FALSE
"AGCACACGTTTAGACT-1_1_13","Leaf_rim","Leaf_epidermis",FALSE
"AGCATTACGAGGCAAG-1_1_13","Bundle_sheath","Leaf_subsidiary_cell",FALSE
"AGCCCGGCATTAGAGG-1_1_13","Bundle_sheath","Leaf_epidermis",FALSE
"AGCCCTCCCTGGTGGC-1_1_13","Leaf_rim","Leaf_epidermis",FALSE
"AGCGAGACGTGAAGGC-1_1_13","Vascular_tissue","Leaf_subsidiary_cell",FALSE
"AGCGATGCGCCTAATA-1_1_13","Leaf_primordium","Leaf_subsidiary_cell",FALSE
"AGCGGGAAGGGTCCAT-1_1_13","Bundle_sheath","Leaf_epidermis",FALSE
"AGCTAACAAGCAATGT-1_1_13","Bundle_sheath","Leaf_epidermis",FALSE
"AGCTAAGTACGCAGGC-1_1_13","Leaf_primordium","Leaf_subsidiary_cell",FALSE
"AGCTAGAAGCAGAAGT-1_1_13","Leaf_primordium","Leaf_subsidiary_cell",FALSE
"AGCTTCTTCTCGAGCA-1_1_13","Bundle_sheath","Bundle_sheath",TRUE
"AGGACATCGCACGTCG-1_1_13","Leaf_rim","Leaf_epidermis",FALSE
"AGGAGACATCCACAGT-1_1_13","Bundle_sheath","Leaf_epidermis",FALSE
"AGGCCTGAGAATCTCG-1_1_13","S_phase","Leaf_subsidiary_cell",FALSE
"AGGCGTCTATGGACGG-1_1_13","Bundle_sheath","Leaf_subsidiary_cell",FALSE
"AGGCTATGGTTAGCTT-1_1_13","Pavement_cell_N","Leaf_subsidiary_cell",FALSE
"AGGGTCAGAGCACTCG-1_1_13","Vascular_tissue","Leaf_subsidiary_cell",FALSE
"AGGGTCAGTAACCCTA-1_1_13","Bundle_sheath","Shoot_apical_meristem",FALSE
"AGGTAGATCGAGATAT-1_1_13","Bundle_sheath","Leaf_subsidiary_cell",FALSE
"AGTACTCTTATGCCCA-1_1_13","Pavement_cell_N","Leaf_subsidiary_cell",FALSE
"AGTATAATACTAGGCA-1_1_13","Leaf_rim","Leaf_epidermis",FALSE
"AGTATGCTGGAGACCA-1_1_13","Vascular_tissue","Leaf_epidermis",FALSE
"AGTCAAATGATGTGAT-1_1_13","Bundle_sheath","Leaf_subsidiary_cell",FALSE
"AGTCAGCCACCGCCTG-1_1_13","Bundle_sheath","Leaf_subsidiary_cell",FALSE
"AGTCTGGACATCCTTG-1_1_13","Bundle_sheath","Leaf_subsidiary_cell",FALSE
"AGTGACTGTGACACAA-1_1_13","Bundle_sheath","Leaf_epidermis",FALSE
"AGTGATAACCTGCGCG-1_1_13","Bundle_sheath","Leaf_subsidiary_cell",FALSE
"AGTGCTAAACACAGCA-1_1_13","Bundle_sheath","Leaf_subsidiary_cell",FALSE
"AGTGGCGTCTGAAGGT-1_1_13","Leaf_rim","Leaf_subsidiary_cell",FALSE
"AGTGTGGTCTATTGTG-1_1_13","Leaf_rim","Leaf_subsidiary_cell",FALSE
"AGTTGGCAAGGCTAGA-1_1_13","Leaf_primordium","Mesophyll",FALSE
"AGTTTATGTAAAGACA-1_1_13","Bundle_sheath","Leaf_epidermis",FALSE
"ATAATAGTGTAGGGAC-1_1_13","Bundle_sheath","Leaf_subsidiary_cell",FALSE
"ATACCGTCATCCATAA-1_1_13","Bundle_sheath","Pavement_cell_N",FALSE
"ATACTACCCGTACCAC-1_1_13","Leaf_primordium","Leaf_subsidiary_cell",FALSE
"ATACTGCCTTACACCG-1_1_13","Pavement_cell_N","Leaf_subsidiary_cell",FALSE
"ATAGCAACTAGGGAAG-1_1_13","Bundle_sheath","Leaf_subsidiary_cell",FALSE
"ATAGGCTAGCTTCGCA-1_1_13","Leaf_rim","Leaf_subsidiary_cell",FALSE
"ATATAACACGGGCGCA-1_1_13","Bundle_sheath","Pavement_cell_N",FALSE
"ATATACGCTCGTGACG-1_1_13","Bundle_sheath","Leaf_subsidiary_cell",FALSE
"ATATCGTTCCTCGAAC-1_1_13","Leaf_rim","Leaf_subsidiary_cell",FALSE
"ATATTGCTGTCAAAGT-1_1_13","Bundle_sheath","Leaf_epidermis",FALSE
"ATCAGCCTCATGCTGC-1_1_13","Bundle_sheath","Leaf_subsidiary_cell",FALSE
"ATCATAGCCCTATGTA-1_1_13","Bundle_sheath","Leaf_subsidiary_cell",FALSE
"ATCCAACGCAGTCATA-1_1_13","Bundle_sheath","Leaf_epidermis",FALSE
"ATCGCTGCGTGCAGCA-1_1_13","Bundle_sheath","Pavement_cell_N",FALSE
"ATCGTGGAAAGTCTGG-1_1_13","Bundle_sheath","Leaf_epidermis",FALSE
"ATCGTTAGCTAGCGGA-1_1_13","Bundle_sheath","Leaf_subsidiary_cell",FALSE
"ATCTCCCACGGAATAT-1_1_13","Bundle_sheath","Leaf_subsidiary_cell",FALSE
"ATCTGACATGGAAGGA-1_1_13","Leaf_primordium","Leaf_subsidiary_cell",FALSE
"ATCTTATCGCACACCC-1_1_13","Bundle_sheath","Leaf_epidermis",FALSE
"ATCTTGACCTGCAACG-1_1_13","Pavement_cell_N","Leaf_subsidiary_cell",FALSE
"ATCTTTCGTATAACCA-1_1_13","Bundle_sheath","Leaf_epidermis",FALSE
"ATGAAGCCAAGGAGCC-1_1_13","Bundle_sheath","Leaf_subsidiary_cell",FALSE
"ATGACTATCAGCTGTG-1_1_13","Leaf_rim","Leaf_epidermis",FALSE
"ATGAGGAGTGTTAATC-1_1_13","Bundle_sheath","Leaf_epidermis",FALSE
"ATGCTCAGTGTTGCAT-1_1_13","Bundle_sheath","Leaf_subsidiary_cell",FALSE
"ATGGCAGCATTACGAT-1_1_13","Leaf_primordium","Mesophyll",FALSE
"ATGGGTGTATACCTCC-1_1_13","Bundle_sheath","Leaf_epidermis",FALSE
"ATGTTACGAGCAATAC-1_1_13","Bundle_sheath","Leaf_subsidiary_cell",FALSE
"ATGTTGATTAGAGACT-1_1_13","Bundle_sheath","Leaf_epidermis",FALSE
"ATTACGACTCCACAGT-1_1_13","Bundle_sheath","Mesophyll",FALSE
"ATTACTTACTGGGCAT-1_1_13","Leaf_primordium","Leaf_subsidiary_cell",FALSE
"ATTAGATTCCTCAGCA-1_1_13","Vascular_tissue","Leaf_subsidiary_cell",FALSE
"ATTATTCAGAGTCACT-1_1_13","Bundle_sheath","Leaf_rim",FALSE
"ATTCAACCATTTAAGG-1_1_13","Bundle_sheath","Leaf_epidermis",FALSE
"ATTCATCGTTGAGGCA-1_1_13","Bundle_sheath","Leaf_subsidiary_cell",FALSE
"ATTCCTAAGACGTGGA-1_1_13","Bundle_sheath","Leaf_subsidiary_cell",FALSE
"ATTCCTCCGCCAGTGC-1_1_13","Bundle_sheath","Leaf_subsidiary_cell",FALSE
"ATTCGCGCCTTGAGAG-1_1_13","Bundle_sheath","Leaf_subsidiary_cell",FALSE
"ATTGACCGGCGATGAC-1_1_13","Bundle_sheath","Leaf_rim",FALSE
"ATTGCCTATTAGACCG-1_1_13","Leaf_rim","Leaf_epidermis",FALSE
"CAAAGATTATTGGGCC-1_1_13","Leaf_rim","Leaf_subsidiary_cell",FALSE
"CAAATTGGATTATGCC-1_1_13","Bundle_sheath","Leaf_epidermis",FALSE
"CAACCTACCGAGCAGT-1_1_13","Bundle_sheath","Leaf_subsidiary_cell",FALSE
"CAACGGTTCTTGATAC-1_1_13","Vascular_tissue","Leaf_epidermis",FALSE
"CAACTCCGTAACTTGC-1_1_13","Bundle_sheath","Leaf_epidermis",FALSE
"CAACTCCTTGATCCCG-1_1_13","Leaf_primordium","Leaf_subsidiary_cell",FALSE
"CAAGGCCAGTGGTGCA-1_1_13","Bundle_sheath","Leaf_subsidiary_cell",FALSE
"CAATCCTGCCGTGGAG-1_1_13","Bundle_sheath","Leaf_subsidiary_cell",FALSE
"CACAAGAAAGATATTA-1_1_13","Bundle_sheath","Leaf_subsidiary_cell",FALSE
"CACACAGGGATAGATT-1_1_13","Vascular_tissue","Leaf_subsidiary_cell",FALSE
"CACAGAGACGAGGACG-1_1_13","Leaf_primordium","Leaf_epidermis",FALSE
"CACATCGTGCACGCGC-1_1_13","Vascular_tissue","Leaf_subsidiary_cell",FALSE
"CACCAGTCAGCATGCA-1_1_13","Leaf_primordium","Leaf_epidermis",FALSE
"CACCATGATCGCAAAG-1_1_13","Bundle_sheath","Leaf_subsidiary_cell",FALSE
"CACCTAATAGAGTCGT-1_1_13","Bundle_sheath","Leaf_subsidiary_cell",FALSE
"CACGGACGTGGATGGC-1_1_13","Bundle_sheath","Leaf_epidermis",FALSE
"CACGTTTCGTACACAC-1_1_13","Pavement_cell_N","Leaf_subsidiary_cell",FALSE
"CACTACGGGAGCTGCC-1_1_13","Bundle_sheath","Bundle_sheath",TRUE
"CACTCCTATGTAAGAT-1_1_13","Pavement_cell_N","Leaf_subsidiary_cell",FALSE
"CACTCTTCTGCTAGCC-1_1_13","Bundle_sheath","Leaf_subsidiary_cell",FALSE
"CACTGTCCAAGTGAGA-1_1_13","Bundle_sheath","Leaf_subsidiary_cell",FALSE
"CACTTCGCCACAGGCT-1_1_13","Bundle_sheath","Leaf_epidermis",FALSE
"CAGATAATGGGCGGGT-1_1_13","Bundle_sheath","Leaf_subsidiary_cell",FALSE
"CAGATATGAAGATGAC-1_1_13","Bundle_sheath","Leaf_epidermis",FALSE
"CAGGCGCACGGTGGTC-1_1_13","Bundle_sheath","Leaf_subsidiary_cell",FALSE
"CAGTAACTATTTATTG-1_1_13","Bundle_sheath","Leaf_subsidiary_cell",FALSE
"CAGTAATCCCTCCCAG-1_1_13","Bundle_sheath","Leaf_subsidiary_cell",FALSE
"CAGTCGAGGATGCAAT-1_1_13","Leaf_primordium","Leaf_subsidiary_cell",FALSE
"CAGTGGTTGCACATGA-1_1_13","Bundle_sheath","Pavement_cell_N",FALSE
"CAGTGTCCGCAGAATG-1_1_13","Bundle_sheath","Leaf_epidermis",FALSE
"CATACAAAGCCGAACC-1_1_13","Bundle_sheath","Leaf_epidermis",FALSE
"CATACGAACTAGCTGG-1_1_13","S_phase","Leaf_epidermis",FALSE
"CATATACTACTGATAA-1_1_13","Leaf_primordium","Leaf_epidermis",FALSE
"CATCAAACTGGCGCCC-1_1_13","Bundle_sheath","Leaf_subsidiary_cell",FALSE
"CATCCAATATAGTTTG-1_1_13","Vascular_tissue","Leaf_subsidiary_cell",FALSE
"CATGCGACCAGTTTAA-1_1_13","Leaf_primordium","Leaf_subsidiary_cell",FALSE
"CATGTAGGAGCGCCAA-1_1_13","Bundle_sheath","Leaf_subsidiary_cell",FALSE
"CATTACATAGATTGTG-1_1_13","Bundle_sheath","Leaf_subsidiary_cell",FALSE
"CATTATCCCATTAACG-1_1_13","Leaf_primordium","Leaf_epidermis",FALSE
"CATTGATGAACACGCC-1_1_13","Bundle_sheath","Leaf_primordium",FALSE
"CATTGCGGGTCAATTC-1_1_13","Leaf_rim","Leaf_subsidiary_cell",FALSE
"CATTTCTAGCAGACTA-1_1_13","Bundle_sheath","Leaf_subsidiary_cell",FALSE
"CCAACCTTATGTAACT-1_1_13","Bundle_sheath","Leaf_epidermis",FALSE
"CCAATTGAATGTTAAT-1_1_13","Leaf_primordium","Leaf_epidermis",FALSE
"CCACGGCAGGTGTAGG-1_1_13","Leaf_primordium","Pavement_cell_N",FALSE
"CCACTGTTTGGATTAA-1_1_13","Bundle_sheath","Leaf_subsidiary_cell",FALSE
"CCAGATGTAAATGGGT-1_1_13","Bundle_sheath","Leaf_subsidiary_cell",FALSE
"CCATCCATACCAAGTC-1_1_13","Leaf_primordium","Leaf_epidermis",FALSE
"CCATGCCCTAGATTTC-1_1_13","Bundle_sheath","Pavement_cell_N",FALSE
"CCATGTTCATCTATAT-1_1_13","Bundle_sheath","Leaf_subsidiary_cell",FALSE
"CCCAGAGGAGGGCGTA-1_1_13","Bundle_sheath","Leaf_subsidiary_cell",FALSE
"CCCGCCATGCTCCCGT-1_1_13","Bundle_sheath","Leaf_subsidiary_cell",FALSE
"CCCGCGCAATGCACCC-1_1_13","Bundle_sheath","Leaf_subsidiary_cell",FALSE
"CCCGTAGCTGGGAAGA-1_1_13","Mesophyll","Leaf_subsidiary_cell",FALSE
"CCCTCAGATCGAGAAC-1_1_13","Bundle_sheath","Leaf_subsidiary_cell",FALSE
"CCCTCATTCTGGAATT-1_1_13","Leaf_primordium","Leaf_epidermis",FALSE
"CCCTCGATAATACACA-1_1_13","Bundle_sheath","Leaf_subsidiary_cell",FALSE
"CCCTTTAATGGAGTTC-1_1_13","Bundle_sheath","Leaf_epidermis",FALSE
"CCGAAAGTGGTGAGCA-1_1_13","Bundle_sheath","Leaf_epidermis",FALSE
"CCGAAGTATATTGTTC-1_1_13","Leaf_primordium","Leaf_subsidiary_cell",FALSE
"CCGAGCTGTGCTTGTC-1_1_13","Pavement_cell_N","Leaf_subsidiary_cell",FALSE
"CCGCTCTTCCGAACTA-1_1_13","Bundle_sheath","Leaf_subsidiary_cell",FALSE
"CCGCTTGCTGACATGG-1_1_13","Leaf_primordium","Leaf_subsidiary_cell",FALSE
"CCGGAATGGTTTCAGT-1_1_13","Leaf_rim","Leaf_epidermis",FALSE
"CCGGGCTAAGAATTTC-1_1_13","Bundle_sheath","Leaf_epidermis",FALSE
"CCGTAGGAAATCCCTG-1_1_13","Bundle_sheath","Leaf_subsidiary_cell",FALSE
"CCGTAGGGTTGTTTAC-1_1_13","Bundle_sheath","Leaf_subsidiary_cell",FALSE
"CCGTATTAGCGCAGTT-1_1_13","Bundle_sheath","Shoot_system_epidermis",FALSE
"CCTATGGCTCCTAGTG-1_1_13","Bundle_sheath","Pavement_cell_N",FALSE
"CCTATGTCCACTCCAC-1_1_13","Leaf_rim","Leaf_epidermis",FALSE
"CCTCACCAATCTTGAC-1_1_13","Bundle_sheath","Leaf_epidermis",FALSE
"CCTCCTGTTGTGTCGT-1_1_13","Bundle_sheath","Leaf_subsidiary_cell",FALSE
"CCTCGGTTTCCTTGCC-1_1_13","Leaf_rim","Leaf_epidermis",FALSE
"CCTCTACAAGGATTGG-1_1_13","Leaf_rim","Leaf_epidermis",FALSE
"CCTGAGAATAAATGCA-1_1_13","Bundle_sheath","Leaf_subsidiary_cell",FALSE
"CGAAGCTATAAATTCA-1_1_13","Leaf_rim","Leaf_subsidiary_cell",FALSE
"CGAATGAAGTCATTGC-1_1_13","Leaf_primordium","Bundle_sheath",FALSE
"CGAGAGGGTAGCCGCG-1_1_13","Bundle_sheath","Leaf_subsidiary_cell",FALSE
"CGAGCACTTCAAGTTT-1_1_13","Leaf_primordium","Leaf_subsidiary_cell",FALSE
"CGAGGAGCTTCCATAT-1_1_13","Bundle_sheath","Leaf_subsidiary_cell",FALSE
"CGATAGTCGTACTGCA-1_1_13","Leaf_primordium","Leaf_subsidiary_cell",FALSE
"CGATCCTCGCAACATA-1_1_13","Leaf_primordium","Leaf_epidermis",FALSE
"CGCAATTACTTTCGGT-1_1_13","Bundle_sheath","Leaf_subsidiary_cell",FALSE
"CGCATGCCGAATGCGT-1_1_13","Vascular_tissue","Leaf_subsidiary_cell",FALSE
"CGCCCAGCGTTTCACG-1_1_13","Leaf_primordium","Leaf_epidermis",FALSE
"CGCCGTTCAGCATAGT-1_1_13","Bundle_sheath","Pavement_cell_N",FALSE
"CGCGAAGTGGCATACT-1_1_13","Bundle_sheath","Leaf_subsidiary_cell",FALSE
"CGCGAGAGGGACTTGT-1_1_13","Bundle_sheath","Leaf_subsidiary_cell",FALSE
"CGCGGTCACAAACCAA-1_1_13","Leaf_rim","Leaf_subsidiary_cell",FALSE
"CGCTATTCAATGTATG-1_1_13","Bundle_sheath","Leaf_epidermis",FALSE
"CGCTCGACATAATGAT-1_1_13","Bundle_sheath","Leaf_subsidiary_cell",FALSE
"CGCTTCCACTGAAATC-1_1_13","Bundle_sheath","Leaf_subsidiary_cell",FALSE
"CGCTTCGGTCTAAGAC-1_1_13","Bundle_sheath","Leaf_subsidiary_cell",FALSE
"CGGATGAATGCTGTGA-1_1_13","Leaf_primordium","Leaf_epidermis",FALSE
"CGGCGCCATCAATCCC-1_1_13","Bundle_sheath","Leaf_subsidiary_cell",FALSE
"CGGTCCATGAGACTCC-1_1_13","Pavement_cell_N","Shoot_system_epidermis",FALSE
"CGGTTCAAGTAGGTGT-1_1_13","Bundle_sheath","Leaf_subsidiary_cell",FALSE
"CGGTTGAGTATCCTTC-1_1_13","Bundle_sheath","Leaf_epidermis",FALSE
"CGTAAAGCAAGAAATC-1_1_13","Bundle_sheath","Leaf_epidermis",FALSE
"CGTCAAATGGTCGCAG-1_1_13","Bundle_sheath","Leaf_rim",FALSE
"CGTCATACCATATCCA-1_1_13","Bundle_sheath","Leaf_subsidiary_cell",FALSE
"CGTCGCTTGGTTATAC-1_1_13","Bundle_sheath","Leaf_epidermis",FALSE
"CGTGCTTCTACCTAAA-1_1_13","Leaf_rim","Leaf_rim",TRUE
"CGTGGTACCCAAAGGC-1_1_13","Leaf_rim","Leaf_epidermis",FALSE
"CGTGTCTCGTTACGAC-1_1_13","Bundle_sheath","Leaf_subsidiary_cell",FALSE
"CGTTAATGTCCCGACG-1_1_13","Leaf_rim","Leaf_subsidiary_cell",FALSE
"CGTTCTTCGCACACCT-1_1_13","Bundle_sheath","Leaf_subsidiary_cell",FALSE
"CGTTGTAAGATTGATT-1_1_13","Bundle_sheath","Leaf_subsidiary_cell",FALSE
"CGTTTACAAGGCAGCT-1_1_13","Bundle_sheath","Leaf_epidermis",FALSE
"CTAAATCCGGTGTACA-1_1_13","Pavement_cell_N","Leaf_subsidiary_cell",FALSE
"CTAACTGATAATCGCC-1_1_13","Bundle_sheath","Leaf_subsidiary_cell",FALSE
"CTAATTCTCAGATATT-1_1_13","Bundle_sheath","Leaf_subsidiary_cell",FALSE
"CTAATTTCAACAACAC-1_1_13","Bundle_sheath","Leaf_subsidiary_cell",FALSE
"CTACAAGAAATAACCC-1_1_13","Leaf_rim","Leaf_subsidiary_cell",FALSE
"CTACGATCCTATCCTA-1_1_13","Pavement_cell_N","Leaf_epidermis",FALSE
"CTACTCAAGGTATAGT-1_1_13","Vascular_tissue","Leaf_subsidiary_cell",FALSE
"CTATAAGAGCCAATCG-1_1_13","Leaf_rim","Leaf_subsidiary_cell",FALSE
"CTATAGGCGTTGATGT-1_1_13","Bundle_sheath","Pavement_cell_N",FALSE
"CTATATCCAGCCTGGC-1_1_13","Bundle_sheath","Leaf_subsidiary_cell",FALSE
"CTCAAACCACTGCCCG-1_1_13","Bundle_sheath","Pavement_cell_N",FALSE
"CTCAACTAACCCGGAT-1_1_13","Leaf_primordium","Pavement_cell_N",FALSE
"CTCACACGCAAGCCTA-1_1_13","Bundle_sheath","Mesophyll",FALSE
"CTCAGGACTCACCTGT-1_1_13","Bundle_sheath","Leaf_rim",FALSE
"CTCCTTTACGCAAGTC-1_1_13","Bundle_sheath","Shoot_apical_meristem",FALSE
"CTCGAGGCAAGTTTCA-1_1_13","Pavement_cell_N","Leaf_subsidiary_cell",FALSE
"CTCGATATTTGCGAGC-1_1_13","Bundle_sheath","Leaf_subsidiary_cell",FALSE
"CTCGGGTTCTCTGGCC-1_1_13","Bundle_sheath","Leaf_epidermis",FALSE
"CTCGTTTCTAATGTTT-1_1_13","Bundle_sheath","Leaf_subsidiary_cell",FALSE
"CTCTGCAGGCATTCTT-1_1_13","Vascular_tissue","Leaf_subsidiary_cell",FALSE
"CTGAATTTATTGCCAG-1_1_13","Bundle_sheath","Leaf_subsidiary_cell",FALSE
"CTGAGCAAGTAACAAG-1_1_13","Leaf_rim","Leaf_epidermis",FALSE
"CTGATCCCTTTATGCA-1_1_13","Leaf_rim","Leaf_subsidiary_cell",FALSE
"CTGCAGAGAATCAGAG-1_1_13","Bundle_sheath","Leaf_epidermis",FALSE
"CTGCCTTTAATACCTT-1_1_13","Bundle_sheath","Leaf_rim",FALSE
"CTGCCTTTCTAGTAAA-1_1_13","Bundle_sheath","Leaf_subsidiary_cell",FALSE
"CTGCTTTATGTCCGCG-1_1_13","Pavement_cell_N","Leaf_rim",FALSE
"CTGGCGGGAATAAGTA-1_1_13","Vascular_tissue","Leaf_epidermis",FALSE
"CTGGTGAATGGGCCTA-1_1_13","Leaf_primordium","Leaf_epidermis",FALSE
"CTGTATGGTGTAGAAA-1_1_13","Bundle_sheath","Leaf_epidermis",FALSE
"CTGTGGTCGGGAGATA-1_1_13","Pavement_cell_N","Leaf_subsidiary_cell",FALSE
"CTGTTCATCTCACGGG-1_1_13","Bundle_sheath","Leaf_subsidiary_cell",FALSE
"CTGTTGTTCAGTCGTA-1_1_13","Bundle_sheath","Leaf_epidermis",FALSE
"CTTAGTGTAGTAGCAT-1_1_13","Leaf_primordium","Leaf_subsidiary_cell",FALSE
"CTTAGTTGAGGAATCG-1_1_13","Bundle_sheath","Leaf_subsidiary_cell",FALSE
"CTTCACGCCCTGGTAC-1_1_13","Bundle_sheath","Leaf_epidermis",FALSE
"CTTCATAGCTCAAGAA-1_1_13","Bundle_sheath","Leaf_epidermis",FALSE
"CTTCTGGGCGTACCTA-1_1_13","Leaf_rim","Leaf_epidermis",FALSE
"CTTGTTTATGTAGCCA-1_1_13","Bundle_sheath","Pavement_cell_N",FALSE
"CTTTGCATCGCTCTTG-1_1_13","Bundle_sheath","Leaf_epidermis",FALSE
"GAAACCATGGTGCGCT-1_1_13","Bundle_sheath","Leaf_subsidiary_cell",FALSE
"GAAATACTAAACGTTT-1_1_13","Leaf_primordium","Leaf_subsidiary_cell",FALSE
"GAAATATGCTTGAATG-1_1_13","Bundle_sheath","Leaf_subsidiary_cell",FALSE
"GAACACACATCAACCA-1_1_13","Leaf_rim","Leaf_subsidiary_cell",FALSE
"GAACTTGTGCACGGGA-1_1_13","Bundle_sheath","Leaf_subsidiary_cell",FALSE
"GAAGAAACGATATTGT-1_1_13","Leaf_rim","Leaf_subsidiary_cell",FALSE
"GAAGAACGGTGCAGGT-1_1_13","Leaf_primordium","Leaf_epidermis",FALSE
"GAAGGCTACCATTGTT-1_1_13","Leaf_primordium","Leaf_primordium",TRUE
"GAATAGTGCTCGATTA-1_1_13","Leaf_primordium","Leaf_epidermis",FALSE
"GAATCGACATGGTCAC-1_1_13","Vascular_tissue","Leaf_subsidiary_cell",FALSE
"GACACGAGTTAGAGGA-1_1_13","Pavement_cell_N","Leaf_subsidiary_cell",FALSE
"GACGAGGCTAATAAAC-1_1_13","Bundle_sheath","Leaf_subsidiary_cell",FALSE
"GACGATATCACTGGGT-1_1_13","Leaf_rim","Bundle_sheath",FALSE
"GACGTTCGTAAATACA-1_1_13","Bundle_sheath","Vascular_tissue",FALSE
"GACTCCCAGAATAAGG-1_1_13","Leaf_primordium","Leaf_subsidiary_cell",FALSE
"GACTGCTGGTGAGAAA-1_1_13","Leaf_primordium","Leaf_epidermis",FALSE
"GAGAACGGTTCTGACT-1_1_13","Bundle_sheath","Bundle_sheath",TRUE
"GAGCATCAACAACTTG-1_1_13","Bundle_sheath","Pavement_cell_N",FALSE
"GAGCTCTCGGACCTAA-1_1_13","Bundle_sheath","Leaf_epidermis",FALSE
"GAGCTGTCGTCTCGGA-1_1_13","Bundle_sheath","Leaf_subsidiary_cell",FALSE
"GAGGCATTTGCAGCAG-1_1_13","Bundle_sheath","Leaf_epidermis",FALSE
"GAGGCCTGTTGATACA-1_1_13","Leaf_rim","Leaf_subsidiary_cell",FALSE
"GAGGGAGTCAGATCGC-1_1_13","Bundle_sheath","Leaf_subsidiary_cell",FALSE
"GAGGGCCATAATATTA-1_1_13","Bundle_sheath","Leaf_epidermis",FALSE
"GAGGGTAGTAACAAAG-1_1_13","S_phase","Leaf_rim",FALSE
"GAGGTCCCAAAGATCT-1_1_13","Bundle_sheath","Pavement_cell_N",FALSE
"GAGTACGGGTATACAA-1_1_13","Bundle_sheath","Leaf_epidermis",FALSE
"GAGTATACCCTAATCA-1_1_13","Vascular_tissue","Leaf_rim",FALSE
"GAGTGTCAACCAGAAA-1_1_13","Leaf_primordium","Leaf_subsidiary_cell",FALSE
"GATAAATCGGTGGATG-1_1_13","Leaf_primordium","Leaf_epidermis",FALSE
"GATCAACATAAAGGGA-1_1_13","Leaf_rim","Leaf_epidermis",FALSE
"GATGACAAGTAGGGCA-1_1_13","Leaf_rim","Leaf_subsidiary_cell",FALSE
"GATGACGATGATCGCG-1_1_13","Pavement_cell_N","Bundle_sheath",FALSE
"GATGGCGCACACATTA-1_1_13","Leaf_rim","Pavement_cell_N",FALSE
"GATGTTTGTGCGAGAT-1_1_13","Leaf_rim","Leaf_epidermis",FALSE
"GATTAACCGAAAGCCC-1_1_13","Leaf_primordium","Leaf_subsidiary_cell",FALSE
"GATTGCTCCAGTTGCA-1_1_13","Bundle_sheath","Leaf_epidermis",FALSE
"GCAAAGGGCGTTAGCC-1_1_13","Bundle_sheath","Leaf_epidermis",FALSE
"GCACAAACCCTAGATG-1_1_13","Bundle_sheath","Leaf_epidermis",FALSE
"GCACGTGGTTTACTTA-1_1_13","Bundle_sheath","Leaf_subsidiary_cell",FALSE
"GCAGCTATGGACAGGT-1_1_13","Pavement_cell_N","Leaf_subsidiary_cell",FALSE
"GCAGTGTGGCTATAGG-1_1_13","Leaf_rim","Leaf_subsidiary_cell",FALSE
"GCATGCTAATAACGAT-1_1_13","Bundle_sheath","Leaf_subsidiary_cell",FALSE
"GCATTCAAGGCAACGC-1_1_13","S_phase","Leaf_subsidiary_cell",FALSE
"GCCAACCATTTCCGGA-1_1_13","Leaf_primordium","Leaf_subsidiary_cell",FALSE
"GCCACTCAGAGCGCGA-1_1_13","Bundle_sheath","Leaf_subsidiary_cell",FALSE
"GCCAGGAAAGAACACT-1_1_13","Leaf_primordium","Leaf_subsidiary_cell",FALSE
"GCCCAGTTGGTATGCC-1_1_13","Bundle_sheath","Leaf_subsidiary_cell",FALSE
"GCCGACCCACGACTGC-1_1_13","Leaf_rim","Leaf_rim",TRUE
"GCCTAGCGATCTGACC-1_1_13","Bundle_sheath","Leaf_subsidiary_cell",FALSE
"GCCTATGCTGGGCCTT-1_1_13","Bundle_sheath","Leaf_subsidiary_cell",FALSE
"GCCTATTCCGATATAG-1_1_13","Leaf_rim","Leaf_rim",TRUE
"GCCTCCGACAATTCAC-1_1_13","S_phase","Pavement_cell_N",FALSE
"GCGACCCAACCATCTG-1_1_13","Leaf_primordium","Leaf_subsidiary_cell",FALSE
"GCGAGAGGCCATGTAA-1_1_13","Bundle_sheath","Mesophyll",FALSE
"GCGCTTAAATAATTGG-1_1_13","Bundle_sheath","Leaf_subsidiary_cell",FALSE
"GCGGCAAAGTATTGCC-1_1_13","Vascular_tissue","Leaf_subsidiary_cell",FALSE
"GCGGTCCCGGTGAAGG-1_1_13","Bundle_sheath","Leaf_subsidiary_cell",FALSE
"GCGTCCCTAAGACATA-1_1_13","Vascular_tissue","Leaf_subsidiary_cell",FALSE
"GCGTTCGGAGACCGGG-1_1_13","Bundle_sheath","Leaf_epidermis",FALSE
"GCTAAACCTGAGGTGA-1_1_13","Vascular_tissue","Leaf_subsidiary_cell",FALSE
"GCTAATACCGAATGCC-1_1_13","Pavement_cell_N","Leaf_subsidiary_cell",FALSE
"GCTACAATCGAGGATA-1_1_13","Bundle_sheath","Leaf_subsidiary_cell",FALSE
"GCTAGAGTAGAGATGT-1_1_13","Leaf_rim","Leaf_subsidiary_cell",FALSE
"GCTAGCGATAGGTCTT-1_1_13","Leaf_rim","Leaf_epidermis",FALSE
"GCTAGTTTCATTGAGG-1_1_13","Bundle_sheath","Leaf_epidermis",FALSE
"GCTATCGCGGCGCAAC-1_1_13","Bundle_sheath","Pavement_cell_N",FALSE
"GCTCTATGTTACGTGC-1_1_13","Leaf_primordium","Leaf_subsidiary_cell",FALSE
"GCTGAATCTTCCAATC-1_1_13","Bundle_sheath","Leaf_subsidiary_cell",FALSE
"GCTTGATGATAATCAG-1_1_13","Bundle_sheath","Leaf_subsidiary_cell",FALSE
"GGAAACTAAATGGGCC-1_1_13","Bundle_sheath","Leaf_subsidiary_cell",FALSE
"GGACCTACGGTAACGT-1_1_13","Bundle_sheath","Leaf_subsidiary_cell",FALSE
"GGACCTCTAGGCCGCC-1_1_13","Bundle_sheath","Leaf_subsidiary_cell",FALSE
"GGACTCGTGAGTGGTC-1_1_13","Bundle_sheath","Leaf_epidermis",FALSE
"GGAGACCAATGTGCTT-1_1_13","Bundle_sheath","Leaf_epidermis",FALSE
"GGATCTTACTGCCCTT-1_1_13","Leaf_rim","Leaf_epidermis",FALSE
"GGATTCAGTACGGTGG-1_1_13","Bundle_sheath","Leaf_rim",FALSE
"GGATTGCTGTGACTCC-1_1_13","Leaf_primordium","Leaf_subsidiary_cell",FALSE
"GGCAAGCCAGGGATAG-1_1_13","Bundle_sheath","Leaf_subsidiary_cell",FALSE
"GGCCCAGTTATCAGCA-1_1_13","Bundle_sheath","Leaf_subsidiary_cell",FALSE
"GGCCGAGACTCTGGTG-1_1_13","Bundle_sheath","Leaf_epidermis",FALSE
"GGCGCGGAGATCTTTC-1_1_13","Bundle_sheath","Pavement_cell_N",FALSE
"GGCTCCTCCACCTGTT-1_1_13","Bundle_sheath","Leaf_subsidiary_cell",FALSE
"GGCTCGTGCCACCAGC-1_1_13","Leaf_rim","Leaf_rim",TRUE
"GGGAACGGTTTCAGAT-1_1_13","Leaf_rim","Leaf_epidermis",FALSE
"GGGAAGGGCTTTCTCA-1_1_13","Bundle_sheath","Leaf_subsidiary_cell",FALSE
"GGGAATGAGCCCTCAC-1_1_13","Bundle_sheath","Leaf_subsidiary_cell",FALSE
"GGGATCCCAATACAAA-1_1_13","Bundle_sheath","Shoot_apical_meristem",FALSE
"GGGCCTATTTAAGTAT-1_1_13","Bundle_sheath","Leaf_primordium",FALSE
"GGGCGGTCCTATTGTC-1_1_13","Leaf_rim","Leaf_epidermis",FALSE
"GGGTACCCACGGTCCT-1_1_13","Bundle_sheath","Leaf_rim",FALSE
"GGGTCGTGGCAAGTGT-1_1_13","Leaf_primordium","Leaf_subsidiary_cell",FALSE
"GGGTTCAGACGAACAA-1_1_13","Bundle_sheath","Leaf_subsidiary_cell",FALSE
"GGTAACCGGGAGGATA-1_1_13","Leaf_primordium","Leaf_epidermis",FALSE
"GGTACACCAGATTTAT-1_1_13","Leaf_primordium","Leaf_subsidiary_cell",FALSE
"GGTCATTGTAGTCATA-1_1_13","Bundle_sheath","Leaf_subsidiary_cell",FALSE
"GGTCTCCGTCCAGGTT-1_1_13","Bundle_sheath","Leaf_epidermis",FALSE
"GGTGAGATGCAGATAA-1_1_13","Bundle_sheath","Leaf_epidermis",FALSE
"GGTTTAATTACCATCG-1_1_13","Bundle_sheath","Leaf_subsidiary_cell",FALSE
"GGTTTAATTGAGCAGG-1_1_13","Bundle_sheath","Pavement_cell_N",FALSE
"GGTTTGTGACCTGAGG-1_1_13","Bundle_sheath","Leaf_epidermis",FALSE
"GTAAGTAGGGTATACC-1_1_13","Leaf_primordium","Leaf_epidermis",FALSE
"GTACTCCTGGGTATGC-1_1_13","Bundle_sheath","Pavement_cell_N",FALSE
"GTACTTGGGCACTTCT-1_1_13","Bundle_sheath","Leaf_epidermis",FALSE
"GTAGACGTCGTTACAT-1_1_13","Pavement_cell_N","Leaf_epidermis",FALSE
"GTAGCTCCGGGAGGCT-1_1_13","Vascular_tissue","Leaf_subsidiary_cell",FALSE
"GTAGTTCGAAGGCGAA-1_1_13","Leaf_rim","Leaf_epidermis",FALSE
"GTATCAAACGTTAGCT-1_1_13","Pavement_cell_N","Leaf_subsidiary_cell",FALSE
"GTATCAGCTTGGGTTC-1_1_13","Bundle_sheath","Leaf_epidermis",FALSE
"GTATCCTTTGGTAACC-1_1_13","Bundle_sheath","Leaf_subsidiary_cell",FALSE
"GTATTAAGGCGTCTAA-1_1_13","Bundle_sheath","Leaf_subsidiary_cell",FALSE
"GTCAAAGTTTACATAG-1_1_13","Bundle_sheath","Leaf_epidermis",FALSE
"GTCAACCAGGCCTATA-1_1_13","Bundle_sheath","Leaf_subsidiary_cell",FALSE
"GTCAATGCTATAATTT-1_1_13","Bundle_sheath","Leaf_epidermis",FALSE
"GTCACTCTCCAAATCT-1_1_13","Bundle_sheath","Leaf_subsidiary_cell",FALSE
"GTCATGCGCGAGGGCT-1_1_13","Bundle_sheath","Leaf_subsidiary_cell",FALSE
"GTCGGAAGGATACCAG-1_1_13","Bundle_sheath","Pavement_cell_N",FALSE
"GTCGTGTCTGGTCATC-1_1_13","Bundle_sheath","Leaf_subsidiary_cell",FALSE
"GTCTATTGCATGCTCG-1_1_13","Bundle_sheath","Leaf_subsidiary_cell",FALSE
"GTCTCGACTAAGTTTG-1_1_13","Leaf_rim","Leaf_subsidiary_cell",FALSE
"GTGAAGATTTCAAGTG-1_1_13","Bundle_sheath","Leaf_subsidiary_cell",FALSE
"GTGAAGCCGTATAGTC-1_1_13","Bundle_sheath","Leaf_subsidiary_cell",FALSE
"GTGATCAAGCGTGCAC-1_1_13","Bundle_sheath","Leaf_epidermis",FALSE
"GTGATCCTTGTCATGA-1_1_13","Leaf_primordium","Leaf_subsidiary_cell",FALSE
"GTGGACGTGCTGAGAC-1_1_13","Bundle_sheath","Leaf_subsidiary_cell",FALSE
"GTTATATCAGGAGCCA-1_1_13","Bundle_sheath","Mesophyll",FALSE
"GTTCGACAATTGTATA-1_1_13","Bundle_sheath","Leaf_epidermis",FALSE
"GTTGGACCGCATCAGG-1_1_13","Pavement_cell_N","Pavement_cell_N",TRUE
"GTTTCAAACGAGTTGT-1_1_13","Vascular_tissue","Leaf_subsidiary_cell",FALSE
"GTTTGGTGATCGGTGC-1_1_13","Bundle_sheath","Leaf_epidermis",FALSE
"TAAATCTTTACACCTC-1_1_13","Bundle_sheath","Leaf_primordium",FALSE
"TAAATGAATCCGTTTC-1_1_13","Leaf_rim","Leaf_epidermis",FALSE
"TAACAAAGGGAGAAGC-1_1_13","Bundle_sheath","Leaf_epidermis",FALSE
"TAACTATCGAAGGTCC-1_1_13","Pavement_cell_N","Leaf_subsidiary_cell",FALSE
"TAACTCCATGGAGGCT-1_1_13","Leaf_rim","Leaf_subsidiary_cell",FALSE
"TAAGAGGGACAGGGAC-1_1_13","Bundle_sheath","Leaf_epidermis",FALSE
"TAAGGAACTTGTGGGA-1_1_13","Bundle_sheath","Leaf_epidermis",FALSE
"TAAGTGAATAGTCTAC-1_1_13","Bundle_sheath","Leaf_subsidiary_cell",FALSE
"TAATAGGTCACCAGAA-1_1_13","Vascular_tissue","Leaf_epidermis",FALSE
"TAATTACGTCAGTAGA-1_1_13","Bundle_sheath","Leaf_subsidiary_cell",FALSE
"TACAAGGGCTTCTTTA-1_1_13","Bundle_sheath","Leaf_subsidiary_cell",FALSE
"TACACCGTCGTTAGTC-1_1_13","Bundle_sheath","Leaf_subsidiary_cell",FALSE
"TACAGAAACGGTGGGC-1_1_13","Leaf_primordium","Leaf_subsidiary_cell",FALSE
"TACCAGGAATCCCGTC-1_1_13","Leaf_rim","Leaf_subsidiary_cell",FALSE
"TACCGAATAATTGTAA-1_1_13","Leaf_primordium","Leaf_epidermis",FALSE
"TACCTCCACACCAATG-1_1_13","Bundle_sheath","Leaf_epidermis",FALSE
"TACGCCGAGGGTACCC-1_1_13","Leaf_primordium","Leaf_subsidiary_cell",FALSE
"TACGCTGCTGTGTTAA-1_1_13","Bundle_sheath","Leaf_subsidiary_cell",FALSE
"TACGTAAAGCGGAGTG-1_1_13","Bundle_sheath","Leaf_subsidiary_cell",FALSE
"TACGTACTAGTGCTGA-1_1_13","Bundle_sheath","Leaf_subsidiary_cell",FALSE
"TACGTGCACTATGCTG-1_1_13","Bundle_sheath","Leaf_epidermis",FALSE
"TACTCCTCTAGTTGAC-1_1_13","Bundle_sheath","Leaf_subsidiary_cell",FALSE
"TACTGCAATCAATTAC-1_1_13","Vascular_tissue","Leaf_subsidiary_cell",FALSE
"TACTTAAACATGTACA-1_1_13","Bundle_sheath","Leaf_subsidiary_cell",FALSE
"TAGAATAGCCGATGAA-1_1_13","Bundle_sheath","Leaf_subsidiary_cell",FALSE
"TAGATGGTTCCTTACT-1_1_13","Bundle_sheath","Leaf_subsidiary_cell",FALSE
"TAGATTCAAAGTGCGG-1_1_13","Pavement_cell_N","Leaf_subsidiary_cell",FALSE
"TAGCAACCTGTCACAA-1_1_13","Bundle_sheath","Leaf_subsidiary_cell",FALSE
"TAGCAGTATGACTAAA-1_1_13","Bundle_sheath","Leaf_subsidiary_cell",FALSE
"TAGGCTAAAGTGGCAC-1_1_13","Bundle_sheath","Leaf_epidermis",FALSE
"TAGTACCTTAGTGGTC-1_1_13","Vascular_tissue","Leaf_subsidiary_cell",FALSE
"TAGTAGCTTATACCAG-1_1_13","Bundle_sheath","Leaf_epidermis",FALSE
"TAGTCCTGCACTAAGC-1_1_13","Bundle_sheath","Leaf_subsidiary_cell",FALSE
"TAGTCTGTGACGTTGC-1_1_13","Bundle_sheath","Leaf_subsidiary_cell",FALSE
"TATAAATCCACAAGCT-1_1_13","Leaf_primordium","Leaf_subsidiary_cell",FALSE
"TATACACGCAAAGTAT-1_1_13","Bundle_sheath","Leaf_epidermis",FALSE
"TATATAGGGCTTTACG-1_1_13","Vascular_tissue","Leaf_epidermis",FALSE
"TATATATCGAGAAATG-1_1_13","Bundle_sheath","Leaf_subsidiary_cell",FALSE
"TATATCAAAGTGATCT-1_1_13","Leaf_rim","Leaf_subsidiary_cell",FALSE
"TATATTACAAATGTCG-1_1_13","Bundle_sheath","Leaf_subsidiary_cell",FALSE
"TATCACCCAACCGACC-1_1_13","Leaf_rim","Leaf_subsidiary_cell",FALSE
"TATGAAGAATTAAGGT-1_1_13","Bundle_sheath","Leaf_subsidiary_cell",FALSE
"TATGATCCGGCACGCC-1_1_13","Bundle_sheath","Leaf_subsidiary_cell",FALSE
"TATGATCTTCTCTTTA-1_1_13","Bundle_sheath","Leaf_subsidiary_cell",FALSE
"TATTTGTTACCCTTTA-1_1_13","Bundle_sheath","Leaf_subsidiary_cell",FALSE
"TCAAAGTCACGGCGTC-1_1_13","Bundle_sheath","Leaf_subsidiary_cell",FALSE
"TCACAAACCGAGGTAC-1_1_13","Bundle_sheath","Leaf_subsidiary_cell",FALSE
"TCACGGCCCAAGAGAG-1_1_13","Pavement_cell_N","Leaf_epidermis",FALSE
"TCACGGTCATCGCACA-1_1_13","Bundle_sheath","Leaf_subsidiary_cell",FALSE
"TCAGCAGTAGGCCCTG-1_1_13","Leaf_rim","Leaf_epidermis",FALSE
"TCAGCCAATCCGTAAA-1_1_13","Bundle_sheath","Leaf_subsidiary_cell",FALSE
"TCAGTACTGACCCGCG-1_1_13","Bundle_sheath","Leaf_subsidiary_cell",FALSE
"TCAGTGTATACGTCAT-1_1_13","Leaf_rim","Leaf_subsidiary_cell",FALSE
"TCATACTTACAGATCC-1_1_13","Leaf_primordium","Leaf_subsidiary_cell",FALSE
"TCATCACTCGAGCTCG-1_1_13","Bundle_sheath","Leaf_epidermis",FALSE
"TCATCGATGGTCCCAA-1_1_13","Bundle_sheath","Leaf_epidermis",FALSE
"TCCAACTCAGCTATCT-1_1_13","Leaf_primordium","Leaf_subsidiary_cell",FALSE
"TCCAGATGTACGCCAA-1_1_13","Bundle_sheath","Leaf_subsidiary_cell",FALSE
"TCCCAAACAGACAACG-1_1_13","Pavement_cell_N","Leaf_subsidiary_cell",FALSE
"TCCGAAGTAGTCACCA-1_1_13","Bundle_sheath","Leaf_epidermis",FALSE
"TCCGACCGCTAATCAA-1_1_13","Pavement_cell_N","Leaf_subsidiary_cell",FALSE
"TCCGGAGGAAGGGCTG-1_1_13","Bundle_sheath","Leaf_subsidiary_cell",FALSE
"TCCGGGCTTGACGGGA-1_1_13","Bundle_sheath","Leaf_subsidiary_cell",FALSE
"TCCTCTACGAGATGGC-1_1_13","Leaf_primordium","Leaf_subsidiary_cell",FALSE
"TCGAATATCCCGCAGG-1_1_13","Vascular_tissue","Leaf_subsidiary_cell",FALSE
"TCGACATAGCGTAGCG-1_1_13","Bundle_sheath","Leaf_rim",FALSE
"TCGAGCCAGGCAGGCC-1_1_13","Leaf_primordium","Leaf_subsidiary_cell",FALSE
"TCGCATCCCTAAGTGT-1_1_13","Leaf_rim","Leaf_subsidiary_cell",FALSE
"TCGCTCGGCACCAGCG-1_1_13","Bundle_sheath","Leaf_subsidiary_cell",FALSE
"TCGCTGTGCGTAAATC-1_1_13","Vascular_tissue","Leaf_subsidiary_cell",FALSE
"TCGGTGACCGCTCCGG-1_1_13","Leaf_primordium","Leaf_subsidiary_cell",FALSE
"TCGTAAGCTCCGAGGA-1_1_13","Bundle_sheath","Pavement_cell_N",FALSE
"TCGTCCGCTGGCGTCT-1_1_13","Bundle_sheath","Leaf_subsidiary_cell",FALSE
"TCTAATACTGCCTCAG-1_1_13","Pavement_cell_N","Leaf_epidermis",FALSE
"TCTACGGGCTCAGTTG-1_1_13","Bundle_sheath","Leaf_epidermis",FALSE
"TCTAGCATCTTCGATG-1_1_13","Bundle_sheath","Leaf_subsidiary_cell",FALSE
"TCTATAGGTGGGTAAT-1_1_13","Bundle_sheath","Leaf_subsidiary_cell",FALSE
"TCTATCATGCAGTTAC-1_1_13","Bundle_sheath","Leaf_subsidiary_cell",FALSE
"TCTATGCTATAACGAC-1_1_13","Bundle_sheath","Shoot_apical_meristem",FALSE
"TCTATTACGCTGGCGA-1_1_13","Bundle_sheath","Leaf_epidermis",FALSE
"TCTCCACAAGTTGAAT-1_1_13","S_phase","Leaf_subsidiary_cell",FALSE
"TCTGAACCGGTCGGCT-1_1_13","Leaf_rim","Leaf_rim",TRUE
"TCTGCATACCTTGCTT-1_1_13","Bundle_sheath","Shoot_apical_meristem",FALSE
"TCTGCGAATCGTTCGC-1_1_13","Bundle_sheath","Leaf_subsidiary_cell",FALSE
"TCTGCGTCCGGTTTCT-1_1_13","Bundle_sheath","Leaf_epidermis",FALSE
"TCTTACGGCATCCGAC-1_1_13","Leaf_primordium","Leaf_epidermis",FALSE
"TGAACAAGCAGGGACT-1_1_13","Leaf_rim","Leaf_subsidiary_cell",FALSE
"TGATCCCAGCATTAGT-1_1_13","Leaf_primordium","Leaf_subsidiary_cell",FALSE
"TGATGTCAATTAAGTG-1_1_13","Bundle_sheath","Leaf_subsidiary_cell",FALSE
"TGATTATGGCACGCAG-1_1_13","Bundle_sheath","Leaf_subsidiary_cell",FALSE
"TGCAACCCATCTGCGG-1_1_13","Bundle_sheath","Leaf_subsidiary_cell",FALSE
"TGCAATCTAACACGGT-1_1_13","Bundle_sheath","Leaf_subsidiary_cell",FALSE
"TGCAGTGAGGCTCGGG-1_1_13","Bundle_sheath","Leaf_subsidiary_cell",FALSE
"TGCAGTGGTAGGGAAC-1_1_13","Leaf_primordium","Leaf_epidermis",FALSE
"TGCATGTGACCCATAG-1_1_13","Bundle_sheath","Pavement_cell_N",FALSE
"TGCCGGATGTACGAGC-1_1_13","Bundle_sheath","Leaf_subsidiary_cell",FALSE
"TGCCTGACATCGGTCA-1_1_13","Bundle_sheath","Leaf_subsidiary_cell",FALSE
"TGCGACGGCCGAACGT-1_1_13","Bundle_sheath","Leaf_subsidiary_cell",FALSE
"TGCGTACGGCTAATTG-1_1_13","Bundle_sheath","Leaf_subsidiary_cell",FALSE
"TGCTATGGCAAAGGGA-1_1_13","Bundle_sheath","Leaf_subsidiary_cell",FALSE
"TGCTGGTTGGACAATT-1_1_13","Bundle_sheath","Leaf_subsidiary_cell",FALSE
"TGCTTAGAGAGAATGC-1_1_13","Leaf_rim","Leaf_epidermis",FALSE
"TGGAATATCCTTGACC-1_1_13","Leaf_rim","Leaf_subsidiary_cell",FALSE
"TGGAGGGAAACACCTC-1_1_13","Leaf_primordium","Leaf_epidermis",FALSE
"TGGCCGTATATTGACC-1_1_13","Leaf_primordium","Leaf_subsidiary_cell",FALSE
"TGGCTACACTCTACCT-1_1_13","Bundle_sheath","Leaf_subsidiary_cell",FALSE
"TGGCTATGTGACATAC-1_1_13","Bundle_sheath","Leaf_subsidiary_cell",FALSE
"TGGCTTGTACAAGCTT-1_1_13","Pavement_cell_N","Leaf_rim",FALSE
"TGGGAAATGCCTTTCC-1_1_13","Leaf_rim","Leaf_epidermis",FALSE
"TGGGTTTCGGGCGTAC-1_1_13","Leaf_primordium","Leaf_epidermis",FALSE
"TGGTTAAGGGCGCTGG-1_1_13","Leaf_primordium","Leaf_subsidiary_cell",FALSE
"TGTACCTACACGAGGG-1_1_13","Bundle_sheath","Leaf_subsidiary_cell",FALSE
"TGTACTACTCTCACGG-1_1_13","Bundle_sheath","Leaf_epidermis",FALSE
"TGTCATTTGTTGGGAA-1_1_13","Bundle_sheath","Leaf_subsidiary_cell",FALSE
"TGTGTCGCGAGTTGCA-1_1_13","Leaf_rim","Leaf_subsidiary_cell",FALSE
"TTAACGAACAAGCAGT-1_1_13","Bundle_sheath","Leaf_epidermis",FALSE
"TTAAGTATTGTTATCC-1_1_13","Leaf_rim","Leaf_subsidiary_cell",FALSE
"TTACACGATCTGCGAC-1_1_13","Bundle_sheath","Leaf_subsidiary_cell",FALSE
"TTACATCGTGGCCTGG-1_1_13","Shoot_system_epidermis","Leaf_subsidiary_cell",FALSE
"TTACCCTAACAGTCCT-1_1_13","Leaf_primordium","Leaf_epidermis",FALSE
"TTAGCAACATGGATGT-1_1_13","Vascular_tissue","Pavement_cell_N",FALSE
"TTAGCTAATACGATCT-1_1_13","Leaf_rim","Leaf_subsidiary_cell",FALSE
"TTAGGTCATAACCGAC-1_1_13","Leaf_rim","Leaf_subsidiary_cell",FALSE
"TTAGTAAACCTGCTCT-1_1_13","Bundle_sheath","Shoot_apical_meristem",FALSE
"TTAGTTCAAGTGTTCG-1_1_13","Bundle_sheath","Leaf_rim",FALSE
"TTATCCAATCGAACTC-1_1_13","Bundle_sheath","Leaf_epidermis",FALSE
"TTCAACGACCCGACCG-1_1_13","Vascular_tissue","Leaf_subsidiary_cell",FALSE
"TTCACGGTCGTCACGT-1_1_13","Leaf_rim","Leaf_epidermis",FALSE
"TTCAGCTGGCGTGCCC-1_1_13","Bundle_sheath","Leaf_subsidiary_cell",FALSE
"TTCCATCGACAGCGTG-1_1_13","Bundle_sheath","Pavement_cell_N",FALSE
"TTCCGCAGAGAAATAT-1_1_13","Leaf_rim","Leaf_subsidiary_cell",FALSE
"TTCCTCGAGGGTGTCT-1_1_13","Bundle_sheath","Leaf_subsidiary_cell",FALSE
"TTCGACGGGAAGGGCG-1_1_13","Leaf_rim","Leaf_subsidiary_cell",FALSE
"TTCGCACTCGCGTGCT-1_1_13","Bundle_sheath","Leaf_subsidiary_cell",FALSE
"TTCGCTATCTGACGTG-1_1_13","Bundle_sheath","Leaf_epidermis",FALSE
"TTCGGCTAGAGATGGT-1_1_13","Bundle_sheath","Leaf_subsidiary_cell",FALSE
"TTCGTTCAACGAAGTT-1_1_13","Bundle_sheath","Leaf_subsidiary_cell",FALSE
"TTCTACCTCAATCGGT-1_1_13","Bundle_sheath","Leaf_epidermis",FALSE
"TTCTACTTGCGAGGGC-1_1_13","Bundle_sheath","Leaf_subsidiary_cell",FALSE
"TTCTAGGCCAATTGTG-1_1_13","Leaf_rim","Leaf_subsidiary_cell",FALSE
"TTCTGCTAGACTCCAA-1_1_13","Leaf_rim","Leaf_subsidiary_cell",FALSE
"TTCTTAGTGAACGGTG-1_1_13","Bundle_sheath","Leaf_rim",FALSE
"TTCTTGTAACCTAATG-1_1_13","Bundle_sheath","Leaf_subsidiary_cell",FALSE
"TTCTTTGGTCGCGACG-1_1_13","Bundle_sheath","Leaf_subsidiary_cell",FALSE
"TTGAACGAATCCTTTG-1_1_13","Bundle_sheath","Leaf_epidermis",FALSE
"TTGAACGACGTGCTGA-1_1_13","Bundle_sheath","Leaf_subsidiary_cell",FALSE
"TTGATAGTCAATACAT-1_1_13","Leaf_primordium","Leaf_subsidiary_cell",FALSE
"TTGATGCCGCTCGTCG-1_1_13","Leaf_primordium","Leaf_epidermis",FALSE
"TTGCCTAATCCAAAGT-1_1_13","Leaf_primordium","Leaf_rim",FALSE
"TTGCCTTCTCGCCGGG-1_1_13","Bundle_sheath","Leaf_subsidiary_cell",FALSE
"TTGCGCTTGATCAATA-1_1_13","Leaf_rim","Leaf_epidermis",FALSE
"TTGCTCATAGTACGTG-1_1_13","Bundle_sheath","Leaf_subsidiary_cell",FALSE
"TTGGACCTATAACAGT-1_1_13","Vascular_tissue","Leaf_subsidiary_cell",FALSE
"TTGGCCATCTTGCGCT-1_1_13","Bundle_sheath","Leaf_epidermis",FALSE
"TTGGCTCGCATGAGAC-1_1_13","Vascular_tissue","Leaf_subsidiary_cell",FALSE
"TTGTGGTGGTACTAAG-1_1_13","Bundle_sheath","Shoot_apical_meristem",FALSE
"TTGTTTCATTAGTCTA-1_1_13","Bundle_sheath","Leaf_subsidiary_cell",FALSE
"AAACTCGGTTCGCAAT-1_1_14","Pavement_cell_N","Leaf_subsidiary_cell",FALSE
"AAATCCGATACACGCC-1_1_14","Leaf_primordium","Leaf_subsidiary_cell",FALSE
"AAATGCTCGTTACGTT-1_1_14","Bundle_sheath","Leaf_subsidiary_cell",FALSE
"AAATTACCTATCGATG-1_1_14","Bundle_sheath","Leaf_subsidiary_cell",FALSE
"AAATTTGCGGGTGTGG-1_1_14","Leaf_primordium","Leaf_subsidiary_cell",FALSE
"AACAGCTGTGTGGCAA-1_1_14","Leaf_primordium","Leaf_subsidiary_cell",FALSE
"AACCATGGGATCGCTA-1_1_14","Bundle_sheath","Leaf_subsidiary_cell",FALSE
"AACCCAGAGACGGAGA-1_1_14","S_phase","Leaf_subsidiary_cell",FALSE
"AACCTCGCTTTAGCCC-1_1_14","Bundle_sheath","Pavement_cell_N",FALSE
"AACGCATGATCTGGGT-1_1_14","Leaf_rim","Bundle_sheath",FALSE
"AACTTCTGCGTCTATC-1_1_14","Bundle_sheath","Pavement_cell_N",FALSE
"AAGAAGGATCAGTTAG-1_1_14","Leaf_primordium","Leaf_subsidiary_cell",FALSE
"AAGATTGGCGGAACGT-1_1_14","Bundle_sheath","Leaf_subsidiary_cell",FALSE
"AAGCGCAGGGCTTTGA-1_1_14","S_phase","Leaf_subsidiary_cell",FALSE
"AAGGATGAGGGACCTC-1_1_14","Leaf_rim","Leaf_subsidiary_cell",FALSE
"AAGGCGCGTAAAGCTT-1_1_14","Pavement_cell_N","Leaf_subsidiary_cell",FALSE
"AAGGGACAGATTCTGT-1_1_14","Bundle_sheath","Leaf_subsidiary_cell",FALSE
"AAGTGCGTTAGAATCT-1_1_14","Leaf_primordium","Leaf_subsidiary_cell",FALSE
"AAGTTCGGCCAACAGG-1_1_14","Leaf_primordium","Leaf_subsidiary_cell",FALSE
"AAGTTTATGGGCCCAA-1_1_14","Leaf_primordium","Leaf_subsidiary_cell",FALSE
"AATACAATGTTTCAGG-1_1_14","Bundle_sheath","Leaf_subsidiary_cell",FALSE
"AATATCGAGGGTTCTC-1_1_14","Bundle_sheath","Leaf_subsidiary_cell",FALSE
"AATCGAGGTCTCAAGG-1_1_14","Leaf_rim","Leaf_subsidiary_cell",FALSE
"AATCGTGAGCCGAGCA-1_1_14","Vascular_tissue","Leaf_subsidiary_cell",FALSE
"AATCTATGCCGGAGCC-1_1_14","Bundle_sheath","Leaf_subsidiary_cell",FALSE
"AATCTGCGTTGGGACG-1_1_14","Bundle_sheath","Leaf_subsidiary_cell",FALSE
"AATGAGTTCGCATATG-1_1_14","Bundle_sheath","Leaf_subsidiary_cell",FALSE
"AATGGTTCTCACAAGC-1_1_14","Bundle_sheath","Leaf_subsidiary_cell",FALSE
"AATGTGCCCGAGGTGT-1_1_14","Leaf_primordium","Leaf_subsidiary_cell",FALSE
"AATGTTAAGACCCTGA-1_1_14","Leaf_primordium","Leaf_subsidiary_cell",FALSE
"AATTCATAAGGGATCT-1_1_14","Leaf_rim","Leaf_subsidiary_cell",FALSE
"AATTCGATTCGAGGAT-1_1_14","Leaf_rim","Leaf_subsidiary_cell",FALSE
"ACAACGGTCCCTGCGA-1_1_14","Bundle_sheath","Leaf_subsidiary_cell",FALSE
"ACAAGGATGCTTTAGG-1_1_14","Leaf_primordium","Leaf_subsidiary_cell",FALSE
"ACACCCGAGAAATCCG-1_1_14","Bundle_sheath","Leaf_subsidiary_cell",FALSE
"ACAGAACTGAGAACAA-1_1_14","Leaf_primordium","Leaf_subsidiary_cell",FALSE
"ACAGGCACGGATCCTT-1_1_14","Leaf_rim","Leaf_subsidiary_cell",FALSE
"ACCACACGGTTGATGG-1_1_14","Leaf_primordium","Leaf_subsidiary_cell",FALSE
"ACCCAACGCCCGTGGC-1_1_14","Pavement_cell_N","Leaf_subsidiary_cell",FALSE
"ACCCACCTACATGCTC-1_1_14","Bundle_sheath","Leaf_subsidiary_cell",FALSE
"ACCGAGTCTCCTTATT-1_1_14","Leaf_rim","Leaf_subsidiary_cell",FALSE
"ACGACTCTAGGGCCGA-1_1_14","Leaf_primordium","Leaf_subsidiary_cell",FALSE
"ACGAGTACGGATGCCC-1_1_14","Bundle_sheath","Leaf_subsidiary_cell",FALSE
"ACGCAATCACTACAGC-1_1_14","Bundle_sheath","Bundle_sheath",TRUE
"ACGGAATTTAGCAAAT-1_1_14","Bundle_sheath","Leaf_subsidiary_cell",FALSE
"ACGTAGGAGAGTCGCT-1_1_14","Bundle_sheath","Leaf_subsidiary_cell",FALSE
"ACGTTCTGTACAAGTC-1_1_14","Vascular_tissue","Leaf_subsidiary_cell",FALSE
"ACTATTTCCGGGCCCA-1_1_14","Pavement_cell_N","Pavement_cell_N",TRUE
"ACTGTGCTAGTAGATC-1_1_14","Bundle_sheath","Leaf_subsidiary_cell",FALSE
"ACTTAGTACGACAAGA-1_1_14","Bundle_sheath","Pavement_cell_N",FALSE
"ACTTCCATGCGGGACA-1_1_14","Leaf_primordium","Leaf_subsidiary_cell",FALSE
"ACTTTACCCTCATGAA-1_1_14","Leaf_primordium","Bundle_sheath",FALSE
"AGAAGGTTGTAGGTCG-1_1_14","S_phase","Leaf_subsidiary_cell",FALSE
"AGAAGTGATTCGTGAT-1_1_14","Leaf_primordium","Leaf_subsidiary_cell",FALSE
"AGAATTATGGATTCGA-1_1_14","Leaf_rim","Leaf_subsidiary_cell",FALSE
"AGAATTGTTTGACATA-1_1_14","Bundle_sheath","Leaf_subsidiary_cell",FALSE
"AGACCATGGGATACAA-1_1_14","Bundle_sheath","Leaf_subsidiary_cell",FALSE
"AGAGAACCGTCTAGGA-1_1_14","Leaf_rim","Leaf_subsidiary_cell",FALSE
"AGAGCGTACAAGCTCG-1_1_14","Bundle_sheath","Leaf_subsidiary_cell",FALSE
"AGATATAATACGACTA-1_1_14","Leaf_primordium","Leaf_subsidiary_cell",FALSE
"AGATCGTGCATAAGAT-1_1_14","Leaf_primordium","Bundle_sheath",FALSE
"AGCCACAGGTTACCCG-1_1_14","Leaf_rim","Leaf_subsidiary_cell",FALSE
"AGCGCGGGTGCCAATG-1_1_14","Bundle_sheath","Leaf_subsidiary_cell",FALSE
"AGCTAACAAGCAATGT-1_1_14","Shoot_system_epidermis","Leaf_subsidiary_cell",FALSE
"AGCTAAGTACGCAGGC-1_1_14","Vascular_tissue","Pavement_cell_N",FALSE
"AGCTAGAAGCAGAAGT-1_1_14","Leaf_primordium","Bundle_sheath",FALSE
"AGGCAGATGCGTAAAC-1_1_14","Bundle_sheath","Leaf_subsidiary_cell",FALSE
"AGGCCTGAGAATCTCG-1_1_14","Bundle_sheath","Leaf_subsidiary_cell",FALSE
"AGGCTATGGTTAGCTT-1_1_14","Pavement_cell_N","Leaf_subsidiary_cell",FALSE
"AGGCTTGCTAGACACC-1_1_14","Leaf_primordium","Leaf_subsidiary_cell",FALSE
"AGGGTGCTCTCGAGGG-1_1_14","Bundle_sheath","Bundle_sheath",TRUE
"AGGGTTCCCTTTGGTT-1_1_14","Leaf_rim","Leaf_subsidiary_cell",FALSE
"AGGTAACCTCCTATTC-1_1_14","Bundle_sheath","Leaf_subsidiary_cell",FALSE
"AGTAATCTAAGGGTGG-1_1_14","Leaf_primordium","Leaf_subsidiary_cell",FALSE
"AGTACAGAAGCTTATA-1_1_14","Leaf_primordium","Leaf_subsidiary_cell",FALSE
"AGTACATCATTTATCA-1_1_14","Vascular_tissue","Bundle_sheath",FALSE
"AGTATAATACTAGGCA-1_1_14","Bundle_sheath","Leaf_subsidiary_cell",FALSE
"AGTCAGCCACCGCCTG-1_1_14","Bundle_sheath","Leaf_subsidiary_cell",FALSE
"AGTCTGGACATCCTTG-1_1_14","Leaf_rim","Leaf_subsidiary_cell",FALSE
"AGTCTTTAAAGTGTCC-1_1_14","Vascular_tissue","Leaf_subsidiary_cell",FALSE
"AGTGAGCCTCGCCGCC-1_1_14","Vascular_tissue","Leaf_subsidiary_cell",FALSE
"AGTGGCGTCTGAAGGT-1_1_14","Leaf_rim","Leaf_subsidiary_cell",FALSE
"AGTGTGGTCTATTGTG-1_1_14","Bundle_sheath","Pavement_cell_N",FALSE
"AGTTAAGTCAACCGCT-1_1_14","Leaf_primordium","Leaf_subsidiary_cell",FALSE
"AGTTTGGCCAGACCTA-1_1_14","Vascular_tissue","Pavement_cell_N",FALSE
"ATAATAGTGTAGGGAC-1_1_14","Bundle_sheath","Leaf_subsidiary_cell",FALSE
"ATAGACAACGGGACCT-1_1_14","Leaf_rim","Leaf_subsidiary_cell",FALSE
"ATAGAGTTATCAACTT-1_1_14","Bundle_sheath","Pavement_cell_N",FALSE
"ATAGGCTAGCTTCGCA-1_1_14","Vascular_tissue","Leaf_subsidiary_cell",FALSE
"ATATAACACGGGCGCA-1_1_14","Leaf_primordium","Leaf_subsidiary_cell",FALSE
"ATATGTCTCCCTAGCC-1_1_14","Vascular_tissue","Leaf_subsidiary_cell",FALSE
"ATATTGCTGTCAAAGT-1_1_14","Bundle_sheath","Leaf_subsidiary_cell",FALSE
"ATCACGTGCTAATTAA-1_1_14","Leaf_primordium","Leaf_subsidiary_cell",FALSE
"ATCTGACATGGAAGGA-1_1_14","Vascular_tissue","Leaf_subsidiary_cell",FALSE
"ATCTTGACTTGTCCAA-1_1_14","Leaf_primordium","Bundle_sheath",FALSE
"ATGACTATCAGCTGTG-1_1_14","Leaf_primordium","Leaf_subsidiary_cell",FALSE
"ATGAGGAGTGTTAATC-1_1_14","Leaf_primordium","Leaf_subsidiary_cell",FALSE
"ATGCTCAGTGTTGCAT-1_1_14","Bundle_sheath","Leaf_subsidiary_cell",FALSE
"ATGTAGCGCGCGTAGG-1_1_14","Bundle_sheath","Leaf_subsidiary_cell",FALSE
"ATTACTAGCCTCTTGC-1_1_14","Leaf_primordium","Leaf_subsidiary_cell",FALSE
"ATTACTTACTGGGCAT-1_1_14","Leaf_rim","Leaf_subsidiary_cell",FALSE
"ATTAGATTCCTCAGCA-1_1_14","Vascular_tissue","Leaf_subsidiary_cell",FALSE
"ATTCAGGACCTATTTC-1_1_14","Leaf_primordium","Leaf_primordium",TRUE
"ATTCCCACATAAACAA-1_1_14","Leaf_primordium","Leaf_subsidiary_cell",FALSE
"ATTCCTCCGCCAGTGC-1_1_14","Bundle_sheath","Leaf_subsidiary_cell",FALSE
"ATTGATGAGTCCTAAC-1_1_14","Bundle_sheath","Leaf_subsidiary_cell",FALSE
"ATTGCCTTTATGTTTG-1_1_14","Leaf_primordium","Leaf_subsidiary_cell",FALSE
"ATTTATACTGGTAAAG-1_1_14","Vascular_tissue","Leaf_subsidiary_cell",FALSE
"CAAACCCTCCGGCGGG-1_1_14","Leaf_primordium","Leaf_subsidiary_cell",FALSE
"CAATGGATCTCTACCA-1_1_14","Bundle_sheath","Shoot_apical_meristem",FALSE
"CACACAGGGATAGATT-1_1_14","Bundle_sheath","Leaf_subsidiary_cell",FALSE
"CACACGCGCTGTCTTA-1_1_14","Pavement_cell_N","Leaf_subsidiary_cell",FALSE
"CACCCACACGTCACCC-1_1_14","Leaf_primordium","Leaf_subsidiary_cell",FALSE
"CACCGTTGCGCGATAT-1_1_14","Leaf_rim","Leaf_subsidiary_cell",FALSE
"CACCTAATAGAGTCGT-1_1_14","Bundle_sheath","Vascular_tissue",FALSE
"CACTGTCCAAGTGAGA-1_1_14","Leaf_primordium","Leaf_subsidiary_cell",FALSE
"CAGACCTGTAAGTGTT-1_1_14","Leaf_rim","Leaf_subsidiary_cell",FALSE
"CAGCGATTCCCTTCAA-1_1_14","Pavement_cell_N","Shoot_system_epidermis",FALSE
"CAGCTCGACAAGTTAA-1_1_14","Bundle_sheath","Leaf_subsidiary_cell",FALSE
"CAGCTCGTGCTTGTGT-1_1_14","Bundle_sheath","Leaf_subsidiary_cell",FALSE
"CAGGCGCACGGTGGTC-1_1_14","Leaf_primordium","Leaf_subsidiary_cell",FALSE
"CAGTACATTCTCTAAA-1_1_14","Leaf_rim","Leaf_subsidiary_cell",FALSE
"CAGTGGTTGCACATGA-1_1_14","Leaf_primordium","Leaf_subsidiary_cell",FALSE
"CAGTGTCCGCAGAATG-1_1_14","Bundle_sheath","Leaf_subsidiary_cell",FALSE
"CAGTTCCGCGGGTCGA-1_1_14","Leaf_primordium","Leaf_subsidiary_cell",FALSE
"CATACAAAGCCGAACC-1_1_14","Bundle_sheath","Leaf_subsidiary_cell",FALSE
"CATAGCCGCCCGGGAT-1_1_14","Vascular_tissue","Leaf_subsidiary_cell",FALSE
"CATAGCGTTGCCCACC-1_1_14","Leaf_primordium","Leaf_subsidiary_cell",FALSE
"CATAGTCAAATACATA-1_1_14","Leaf_primordium","Leaf_subsidiary_cell",FALSE
"CATGATACGGTGAAAC-1_1_14","Leaf_rim","Leaf_subsidiary_cell",FALSE
"CATTTAGCGGACCATG-1_1_14","Bundle_sheath","Pavement_cell_N",FALSE
"CATTTCTAGCAGACTA-1_1_14","Bundle_sheath","Leaf_subsidiary_cell",FALSE
"CCACAATGTACGTCTT-1_1_14","Bundle_sheath","Leaf_subsidiary_cell",FALSE
"CCACTCAGATCCGCAA-1_1_14","Leaf_rim","Leaf_subsidiary_cell",FALSE
"CCAGAGACAAAGCCGG-1_1_14","S_phase","Leaf_subsidiary_cell",FALSE
"CCAGTAGTCTGATCCA-1_1_14","Bundle_sheath","Leaf_subsidiary_cell",FALSE
"CCAGTCTAGACGGCGC-1_1_14","Bundle_sheath","Bundle_sheath",TRUE
"CCAGTTCGGTAACTCA-1_1_14","Bundle_sheath","Pavement_cell_N",FALSE
"CCATACCTTTACTTGT-1_1_14","Bundle_sheath","Leaf_subsidiary_cell",FALSE
"CCATCCATACCAAGTC-1_1_14","Bundle_sheath","Leaf_subsidiary_cell",FALSE
"CCATGCTCTGCAGGAA-1_1_14","Leaf_rim","Leaf_subsidiary_cell",FALSE
"CCCAAGTCATTACACT-1_1_14","Leaf_primordium","Leaf_subsidiary_cell",FALSE
"CCCAATGAGATTTGCA-1_1_14","Pavement_cell_N","Shoot_system_epidermis",FALSE
"CCCAGAGGAGGGCGTA-1_1_14","Leaf_primordium","Bundle_sheath",FALSE
"CCCGCCATGCTCCCGT-1_1_14","Bundle_sheath","Leaf_subsidiary_cell",FALSE
"CCCGCGCAATGCACCC-1_1_14","Bundle_sheath","Leaf_subsidiary_cell",FALSE
"CCCGGTGGAAGAACCT-1_1_14","Bundle_sheath","Leaf_subsidiary_cell",FALSE
"CCCTACCCACACCCAG-1_1_14","Leaf_primordium","Leaf_subsidiary_cell",FALSE
"CCCTCATTCTGGAATT-1_1_14","Leaf_rim","Leaf_subsidiary_cell",FALSE
"CCGAAAGTGGTGAGCA-1_1_14","Leaf_rim","Leaf_subsidiary_cell",FALSE
"CCGACGGGCATGAGGT-1_1_14","Leaf_primordium","Leaf_subsidiary_cell",FALSE
"CCGCTCCAGGGCGATC-1_1_14","Vascular_tissue","Leaf_subsidiary_cell",FALSE
"CCGCTTACCTCACTCT-1_1_14","Leaf_rim","Leaf_subsidiary_cell",FALSE
"CCGGAATGGTTTCAGT-1_1_14","Bundle_sheath","Leaf_subsidiary_cell",FALSE
"CCGGTTTGTAATTGTG-1_1_14","Vascular_tissue","Pavement_cell_N",FALSE
"CCGTACCCAAGCGCCA-1_1_14","Leaf_primordium","Leaf_subsidiary_cell",FALSE
"CCGTGGAACGATCCAA-1_1_14","Leaf_primordium","Bundle_sheath",FALSE
"CCTAACTAAGGCTCTA-1_1_14","Leaf_primordium","Bundle_sheath",FALSE
"CCTACGGCTCAGTCGA-1_1_14","Bundle_sheath","Leaf_subsidiary_cell",FALSE
"CCTATACCGTCCTGTC-1_1_14","Pavement_cell_N","Shoot_system_epidermis",FALSE
"CCTCACCAATCTTGAC-1_1_14","Bundle_sheath","Leaf_subsidiary_cell",FALSE
"CCTCACCTGAGGGAGC-1_1_14","Leaf_rim","Leaf_subsidiary_cell",FALSE
"CCTCACCTTAGCATCG-1_1_14","Bundle_sheath","Leaf_subsidiary_cell",FALSE
"CCTCGCGCGATATAGG-1_1_14","Leaf_primordium","Leaf_subsidiary_cell",FALSE
"CCTCTATCGATTAGCA-1_1_14","Leaf_primordium","Leaf_subsidiary_cell",FALSE
"CCTTCAGTTAAAGTGA-1_1_14","Pavement_cell_N","Shoot_system_epidermis",FALSE
"CCTTTCAATGAAGAAA-1_1_14","Bundle_sheath","Leaf_subsidiary_cell",FALSE
"CGACTCAGGATGTTAT-1_1_14","Bundle_sheath","Leaf_subsidiary_cell",FALSE
"CGAGAGCTTTCACTAC-1_1_14","Bundle_sheath","Leaf_subsidiary_cell",FALSE
"CGAGCACTTCAAGTTT-1_1_14","Bundle_sheath","Leaf_subsidiary_cell",FALSE
"CGAGGCCAGGCATTGG-1_1_14","Bundle_sheath","Leaf_subsidiary_cell",FALSE
"CGAGTTCTGTCCCACC-1_1_14","Bundle_sheath","Bundle_sheath",TRUE
"CGATAGTCGTACTGCA-1_1_14","Leaf_primordium","Pavement_cell_N",FALSE
"CGCAATTACTTTCGGT-1_1_14","Leaf_primordium","Leaf_subsidiary_cell",FALSE
"CGCAATTCTACAATAA-1_1_14","Leaf_primordium","Leaf_subsidiary_cell",FALSE
"CGCATGCCGAATGCGT-1_1_14","Leaf_primordium","Leaf_subsidiary_cell",FALSE
"CGCCCAGCGTTTCACG-1_1_14","Pavement_cell_N","Leaf_subsidiary_cell",FALSE
"CGCCCTTGAAGGCTGA-1_1_14","Bundle_sheath","Leaf_subsidiary_cell",FALSE
"CGCGGGAATTCCTTTC-1_1_14","Bundle_sheath","Leaf_subsidiary_cell",FALSE
"CGCTATACCGCCCACT-1_1_14","Bundle_sheath","Leaf_subsidiary_cell",FALSE
"CGCTATTCAATGTATG-1_1_14","Bundle_sheath","Leaf_subsidiary_cell",FALSE
"CGCTGTGTGGATGTTG-1_1_14","Pavement_cell_N","Leaf_subsidiary_cell",FALSE
"CGGAAAGAATCAAACG-1_1_14","Pavement_cell_N","Shoot_system_epidermis",FALSE
"CGGATAAGCGGACATG-1_1_14","Bundle_sheath","Leaf_subsidiary_cell",FALSE
"CGGCACTCAAGAAAGT-1_1_14","Bundle_sheath","Leaf_subsidiary_cell",FALSE
"CGGCAGGGTCGGGTTG-1_1_14","Leaf_rim","Leaf_subsidiary_cell",FALSE
"CGGGCGATGGATCACG-1_1_14","Leaf_primordium","Leaf_subsidiary_cell",FALSE
"CGGTAGAGGTGCAGGT-1_1_14","Bundle_sheath","Pavement_cell_N",FALSE
"CGGTATGGGCACTCTG-1_1_14","Leaf_primordium","Leaf_subsidiary_cell",FALSE
"CGGTGTACTTGATCCC-1_1_14","Bundle_sheath","Leaf_subsidiary_cell",FALSE
"CGGTTATCCAACAGTG-1_1_14","Bundle_sheath","Leaf_subsidiary_cell",FALSE
"CGGTTGGGCAGGGTCC-1_1_14","Bundle_sheath","Leaf_subsidiary_cell",FALSE
"CGTCGCATGTGAGCCA-1_1_14","Leaf_rim","Leaf_subsidiary_cell",FALSE
"CGTGCACACCACTGTA-1_1_14","Leaf_primordium","Leaf_subsidiary_cell",FALSE
"CGTGTCTCGTTACGAC-1_1_14","Leaf_primordium","Leaf_subsidiary_cell",FALSE
"CGTTGTAAGATTGATT-1_1_14","Leaf_primordium","Bundle_sheath",FALSE
"CGTTTGTGTAGAGGGT-1_1_14","Pavement_cell_N","Leaf_subsidiary_cell",FALSE
"CTAAATCCGGTGTACA-1_1_14","Vascular_tissue","Leaf_subsidiary_cell",FALSE
"CTAAATCCTATTCCGG-1_1_14","Leaf_rim","Bundle_sheath",FALSE
"CTAACGAAACTTGCTG-1_1_14","Bundle_sheath","Leaf_subsidiary_cell",FALSE
"CTAATTTCAACAACAC-1_1_14","Bundle_sheath","Leaf_subsidiary_cell",FALSE
"CTACTATCATAGGTTT-1_1_14","Leaf_primordium","Leaf_subsidiary_cell",FALSE
"CTACTATCTTTCAGAG-1_1_14","Leaf_rim","Leaf_subsidiary_cell",FALSE
"CTACTCAAGGTATAGT-1_1_14","Leaf_primordium","Leaf_subsidiary_cell",FALSE
"CTAGATGTGAGTGTAA-1_1_14","Leaf_primordium","Pavement_cell_N",FALSE
"CTAGCCGATGTTATGA-1_1_14","Bundle_sheath","Leaf_subsidiary_cell",FALSE
"CTATAAGAGCCAATCG-1_1_14","Bundle_sheath","Leaf_subsidiary_cell",FALSE
"CTATAGGCGTTGATGT-1_1_14","Leaf_primordium","Leaf_subsidiary_cell",FALSE
"CTATCACAACGCTGGA-1_1_14","Bundle_sheath","Leaf_subsidiary_cell",FALSE
"CTCAACTAACCCGGAT-1_1_14","Vascular_tissue","Leaf_subsidiary_cell",FALSE
"CTCACTGTGATACTTA-1_1_14","Vascular_tissue","Leaf_subsidiary_cell",FALSE
"CTCAGTCACGACAAAT-1_1_14","Bundle_sheath","Leaf_subsidiary_cell",FALSE
"CTCATGGTAATTTGCG-1_1_14","Vascular_tissue","Pavement_cell_N",FALSE
"CTCCTAAGTTATGTCT-1_1_14","Bundle_sheath","Leaf_subsidiary_cell",FALSE
"CTCGGTTGTCGGCCCT-1_1_14","Pavement_cell_N","Leaf_subsidiary_cell",FALSE
"CTCGTCTGTGCCTTCG-1_1_14","Bundle_sheath","Leaf_subsidiary_cell",FALSE
"CTCTAGCCCTCGGAAA-1_1_14","Vascular_tissue","Leaf_subsidiary_cell",FALSE
"CTCTTCTGGAAGTTAG-1_1_14","Shoot_system_epidermis","Leaf_subsidiary_cell",FALSE
"CTGAATTTATTGCCAG-1_1_14","Vascular_tissue","Bundle_sheath",FALSE
"CTGAGCAAGTAACAAG-1_1_14","Bundle_sheath","Leaf_subsidiary_cell",FALSE
"CTGCCTTTCTAGTAAA-1_1_14","Leaf_primordium","Leaf_subsidiary_cell",FALSE
"CTGCGACCTCGCCGAA-1_1_14","Leaf_rim","Leaf_subsidiary_cell",FALSE
"CTGGCATCCGAATGAG-1_1_14","Leaf_primordium","Leaf_subsidiary_cell",FALSE
"CTGGCGGGAATAAGTA-1_1_14","Bundle_sheath","Leaf_subsidiary_cell",FALSE
"CTGTAGCCATCTCACT-1_1_14","Shoot_system_epidermis","Shoot_system_epidermis",TRUE
"CTTACATAGATTTCTT-1_1_14","Leaf_rim","S_phase",FALSE
"CTTAGATGTTTCATCC-1_1_14","Bundle_sheath","Leaf_subsidiary_cell",FALSE
"CTTAGTAGGCCTACAG-1_1_14","Bundle_sheath","Leaf_subsidiary_cell",FALSE
"CTTAGTGTAGTAGCAT-1_1_14","Leaf_primordium","Leaf_subsidiary_cell",FALSE
"CTTATGTTGACTACCA-1_1_14","Leaf_primordium","Leaf_subsidiary_cell",FALSE
"CTTCATAGCTCAAGAA-1_1_14","Leaf_rim","Leaf_subsidiary_cell",FALSE
"CTTGTGCTCACCGATT-1_1_14","Leaf_rim","Leaf_subsidiary_cell",FALSE
"CTTTGGGATTGTTGCA-1_1_14","Leaf_primordium","Leaf_subsidiary_cell",FALSE
"GAAACCATGGTGCGCT-1_1_14","Leaf_primordium","Leaf_subsidiary_cell",FALSE
"GAAAGTGACTAACTGC-1_1_14","Vascular_tissue","Pavement_cell_N",FALSE
"GAAATACTAAACGTTT-1_1_14","Leaf_rim","Leaf_subsidiary_cell",FALSE
"GAACGTCTCATGGTCG-1_1_14","Leaf_primordium","Leaf_subsidiary_cell",FALSE
"GAAGAACGGTGCAGGT-1_1_14","Leaf_primordium","Leaf_subsidiary_cell",FALSE
"GAATGCCGAAATGACC-1_1_14","Bundle_sheath","Leaf_subsidiary_cell",FALSE
"GACATCCGTCGAACTG-1_1_14","Leaf_primordium","Leaf_subsidiary_cell",FALSE
"GACCTTCCACGTCTAC-1_1_14","Leaf_rim","Leaf_subsidiary_cell",FALSE
"GACGCCTGTTGCAGGG-1_1_14","Bundle_sheath","Leaf_subsidiary_cell",FALSE
"GACGGTCAATAGAAGC-1_1_14","Leaf_rim","Leaf_subsidiary_cell",FALSE
"GACTCCCAGAATAAGG-1_1_14","Leaf_rim","Bundle_sheath",FALSE
"GACTCGCGGGAATGAC-1_1_14","S_phase","Leaf_subsidiary_cell",FALSE
"GAGATGGCTTTAATCA-1_1_14","Bundle_sheath","Pavement_cell_N",FALSE
"GAGCATCATCCCTGGG-1_1_14","Bundle_sheath","Leaf_subsidiary_cell",FALSE
"GAGGGCATCGCGTATC-1_1_14","Bundle_sheath","Leaf_subsidiary_cell",FALSE
"GAGGGCGCAGCTCTGC-1_1_14","Bundle_sheath","Leaf_subsidiary_cell",FALSE
"GAGGTCCCAAAGATCT-1_1_14","Bundle_sheath","Leaf_subsidiary_cell",FALSE
"GAGTACGGGTATACAA-1_1_14","Vascular_tissue","Leaf_subsidiary_cell",FALSE
"GAGTGTCAACCAGAAA-1_1_14","Vascular_tissue","Leaf_subsidiary_cell",FALSE
"GATAAATCGGTGGATG-1_1_14","Leaf_primordium","Leaf_subsidiary_cell",FALSE
"GATATTGAGATTGGCG-1_1_14","Leaf_primordium","Bundle_sheath",FALSE
"GATCAACATAAAGGGA-1_1_14","Leaf_primordium","Leaf_subsidiary_cell",FALSE
"GATCCTAAATCGGGAC-1_1_14","Bundle_sheath","Leaf_subsidiary_cell",FALSE
"GATGAGGAACCTTCGG-1_1_14","Leaf_rim","Leaf_subsidiary_cell",FALSE
"GATGCCAGCAGAAGGC-1_1_14","Bundle_sheath","Leaf_subsidiary_cell",FALSE
"GATGGCGCACACATTA-1_1_14","Leaf_rim","Pavement_cell_N",FALSE
"GATGTTTGTGCGAGAT-1_1_14","Leaf_primordium","Leaf_subsidiary_cell",FALSE
"GATTCCTATACGGCGC-1_1_14","Leaf_rim","Leaf_subsidiary_cell",FALSE
"GATTGGGAAAGGTTGT-1_1_14","S_phase","Leaf_subsidiary_cell",FALSE
"GCACACAGCTATTACC-1_1_14","Bundle_sheath","Leaf_subsidiary_cell",FALSE
"GCACGCCGATTCCCGC-1_1_14","Leaf_rim","Leaf_subsidiary_cell",FALSE
"GCATCCCTAACTTTGA-1_1_14","Leaf_primordium","Leaf_subsidiary_cell",FALSE
"GCATGCTAATAACGAT-1_1_14","Leaf_primordium","Leaf_subsidiary_cell",FALSE
"GCATTCAAGGCAACGC-1_1_14","Leaf_primordium","Pavement_cell_N",FALSE
"GCCAACCATTTCCGGA-1_1_14","Bundle_sheath","Leaf_subsidiary_cell",FALSE
"GCCCACCAAGGCTGTC-1_1_14","Bundle_sheath","Leaf_subsidiary_cell",FALSE
"GCCCAGTTGGTATGCC-1_1_14","Bundle_sheath","Leaf_subsidiary_cell",FALSE
"GCCCGACTTCTTCCCG-1_1_14","Leaf_primordium","Leaf_subsidiary_cell",FALSE
"GCCCGCGCGTTTGACA-1_1_14","Bundle_sheath","Leaf_subsidiary_cell",FALSE
"GCCCTGAGGATGGGCT-1_1_14","Leaf_rim","Leaf_subsidiary_cell",FALSE
"GCCTAGCGATCTGACC-1_1_14","Vascular_tissue","Pavement_cell_N",FALSE
"GCCTATAGTGTCAGGG-1_1_14","Bundle_sheath","Leaf_subsidiary_cell",FALSE
"GCCTATTCCGATATAG-1_1_14","Vascular_tissue","Leaf_subsidiary_cell",FALSE
"GCGAAGAATCTGACGG-1_1_14","Bundle_sheath","Leaf_subsidiary_cell",FALSE
"GCGAATGGACTAGCGA-1_1_14","Bundle_sheath","Leaf_subsidiary_cell",FALSE
"GCGACCCAACCATCTG-1_1_14","Leaf_primordium","Leaf_subsidiary_cell",FALSE
"GCGACGGTAGTCTCCT-1_1_14","Leaf_primordium","Leaf_subsidiary_cell",FALSE
"GCGCATCCAGTCAGCA-1_1_14","S_phase","Leaf_subsidiary_cell",FALSE
"GCGCTGCTTTGCATTT-1_1_14","Bundle_sheath","Leaf_subsidiary_cell",FALSE
"GCGGCTTTAGCAAGTT-1_1_14","S_phase","Leaf_subsidiary_cell",FALSE
"GCGGTCTTGCTTTCAC-1_1_14","Leaf_rim","Leaf_subsidiary_cell",FALSE
"GCGTAAATGGCCATAA-1_1_14","Leaf_primordium","Bundle_sheath",FALSE
"GCGTGGTACTGGGTTA-1_1_14","Leaf_primordium","Leaf_subsidiary_cell",FALSE
"GCTAGTTTCATTGAGG-1_1_14","Leaf_rim","Leaf_subsidiary_cell",FALSE
"GCTTGATGATAATCAG-1_1_14","Bundle_sheath","Leaf_subsidiary_cell",FALSE
"GCTTGGATCGATTAGG-1_1_14","Leaf_rim","Leaf_subsidiary_cell",FALSE
"GCTTTCAGAGGAGGTG-1_1_14","Vascular_tissue","Leaf_subsidiary_cell",FALSE
"GGAAAGGGAATTGAGC-1_1_14","Leaf_primordium","Leaf_subsidiary_cell",FALSE
"GGACCTCTAGGCCGCC-1_1_14","Pavement_cell_N","Leaf_subsidiary_cell",FALSE
"GGACTCTTTGACTAAG-1_1_14","Leaf_rim","Leaf_subsidiary_cell",FALSE
"GGAGCGAGGCCTACTT-1_1_14","Leaf_primordium","Leaf_subsidiary_cell",FALSE
"GGATTCAGTACGGTGG-1_1_14","Bundle_sheath","Leaf_subsidiary_cell",FALSE
"GGCGCTCCTCATCAAT-1_1_14","Leaf_primordium","Leaf_subsidiary_cell",FALSE
"GGCGCTTCATTCCCTG-1_1_14","Vascular_tissue","Pavement_cell_N",FALSE
"GGCGTAGGGAAAGCTG-1_1_14","Leaf_primordium","Leaf_subsidiary_cell",FALSE
"GGCTCGCGTTGAGGTA-1_1_14","Leaf_rim","Leaf_subsidiary_cell",FALSE
"GGCTGGCTAGCTTAAA-1_1_14","Leaf_rim","Leaf_subsidiary_cell",FALSE
"GGCTTCTCGTGGGTGG-1_1_14","Bundle_sheath","Leaf_subsidiary_cell",FALSE
"GGGAAGGGCTTTCTCA-1_1_14","Bundle_sheath","Leaf_subsidiary_cell",FALSE
"GGGCGGTCCTATTGTC-1_1_14","Bundle_sheath","Leaf_subsidiary_cell",FALSE
"GGGCGTGGTTTCCCAG-1_1_14","Shoot_system_epidermis","Leaf_subsidiary_cell",FALSE
"GGGCTCATCGAACCCA-1_1_14","Leaf_primordium","Pavement_cell_N",FALSE
"GGGTACCCACGGTCCT-1_1_14","Bundle_sheath","Leaf_subsidiary_cell",FALSE
"GGGTCGTGGCAAGTGT-1_1_14","Leaf_primordium","Bundle_sheath",FALSE
"GGGTTCAGACGAACAA-1_1_14","Leaf_rim","Leaf_subsidiary_cell",FALSE
"GGTAACCGGGAGGATA-1_1_14","Pavement_cell_N","Leaf_subsidiary_cell",FALSE
"GGTACCATTAAGACGG-1_1_14","Leaf_rim","Leaf_subsidiary_cell",FALSE
"GGTCGGTAATTAGACA-1_1_14","Bundle_sheath","Pavement_cell_N",FALSE
"GGTGAGATGCAGATAA-1_1_14","Leaf_primordium","Leaf_subsidiary_cell",FALSE
"GGTTTAATTACCATCG-1_1_14","Leaf_primordium","Leaf_subsidiary_cell",FALSE
"GGTTTCAATCGGTCAG-1_1_14","Leaf_rim","Leaf_subsidiary_cell",FALSE
"GTAATAAAGGGCTCCC-1_1_14","Bundle_sheath","Leaf_subsidiary_cell",FALSE
"GTACGACGGCGCTGCG-1_1_14","Leaf_rim","Leaf_subsidiary_cell",FALSE
"GTACTTGGGCACTTCT-1_1_14","Bundle_sheath","Leaf_subsidiary_cell",FALSE
"GTAGACGTCGTTACAT-1_1_14","Leaf_primordium","Leaf_subsidiary_cell",FALSE
"GTAGCTTCCTCTTGTT-1_1_14","Leaf_rim","Leaf_subsidiary_cell",FALSE
"GTAGTCTACGATATTG-1_1_14","Leaf_primordium","Leaf_subsidiary_cell",FALSE
"GTATCAGCTTGGGTTC-1_1_14","Leaf_rim","Leaf_subsidiary_cell",FALSE
"GTATCCTTTGGTAACC-1_1_14","Leaf_primordium","Leaf_subsidiary_cell",FALSE
"GTATTAAGGCGTCTAA-1_1_14","Bundle_sheath","Leaf_subsidiary_cell",FALSE
"GTCAAAGTTTACATAG-1_1_14","Bundle_sheath","Leaf_subsidiary_cell",FALSE
"GTCACTCTCCAAATCT-1_1_14","Leaf_primordium","Leaf_subsidiary_cell",FALSE
"GTCCGTTAGAGGGCCT-1_1_14","Bundle_sheath","Leaf_subsidiary_cell",FALSE
"GTCGCCGTTGTGTGTT-1_1_14","Shoot_system_epidermis","Leaf_subsidiary_cell",FALSE
"GTCGTGTCTGGTCATC-1_1_14","Bundle_sheath","Bundle_sheath",TRUE
"GTCTGCCGACTCGACG-1_1_14","Bundle_sheath","Leaf_subsidiary_cell",FALSE
"GTGAAACGGCGCCACC-1_1_14","Bundle_sheath","Leaf_subsidiary_cell",FALSE
"GTGAAACGTGCTCCAC-1_1_14","Bundle_sheath","Leaf_subsidiary_cell",FALSE
"GTGAACTCCCATTCGA-1_1_14","Vascular_tissue","Leaf_subsidiary_cell",FALSE
"GTGAAGATTTCAAGTG-1_1_14","Bundle_sheath","Leaf_subsidiary_cell",FALSE
"GTGACAGCTTCCCACT-1_1_14","Leaf_primordium","Leaf_subsidiary_cell",FALSE
"GTGACGCAGGTTTCAT-1_1_14","Leaf_rim","Leaf_subsidiary_cell",FALSE
"GTGATCCTTGTCATGA-1_1_14","Leaf_primordium","Leaf_subsidiary_cell",FALSE
"GTGCCTGAGACCAAAC-1_1_14","Bundle_sheath","Leaf_subsidiary_cell",FALSE
"GTGGACGTGCTGAGAC-1_1_14","Vascular_tissue","Leaf_subsidiary_cell",FALSE
"GTGGCTGTTTCTGTTC-1_1_14","Leaf_primordium","Leaf_subsidiary_cell",FALSE
"GTGGTATAGTCTGCCG-1_1_14","Pavement_cell_N","Shoot_system_epidermis",FALSE
"GTTAGCCCATGACATC-1_1_14","Bundle_sheath","Pavement_cell_N",FALSE
"GTTATTAACGTGGGAG-1_1_14","Bundle_sheath","Leaf_subsidiary_cell",FALSE
"GTTCATCGTTTGGCTG-1_1_14","Leaf_primordium","Leaf_subsidiary_cell",FALSE
"GTTGGATTGAGAACAC-1_1_14","Leaf_primordium","Leaf_subsidiary_cell",FALSE
"GTTTCTAGAGGCGCGG-1_1_14","Leaf_primordium","Leaf_subsidiary_cell",FALSE
"GTTTGGCCGCTCAGCG-1_1_14","Leaf_primordium","Leaf_subsidiary_cell",FALSE
"TAAAGCGTTAGGAGAA-1_1_14","Leaf_primordium","Leaf_subsidiary_cell",FALSE
"TAAATGAATCCGTTTC-1_1_14","Leaf_primordium","Leaf_subsidiary_cell",FALSE
"TAAATTGTGGGTAAAG-1_1_14","Leaf_primordium","Leaf_subsidiary_cell",FALSE
"TAACAAAGGGAGAAGC-1_1_14","Bundle_sheath","Leaf_subsidiary_cell",FALSE
"TAACAGCGTTTGTGCT-1_1_14","Shoot_system_epidermis","Shoot_system_epidermis",TRUE
"TAACATACACGCGATC-1_1_14","Vascular_tissue","Leaf_subsidiary_cell",FALSE
"TAACCTACCGTCCGAG-1_1_14","Vascular_tissue","Leaf_subsidiary_cell",FALSE
"TAACTCCATGGAGGCT-1_1_14","Bundle_sheath","Pavement_cell_N",FALSE
"TAAGGAACTTGTGGGA-1_1_14","Bundle_sheath","Leaf_subsidiary_cell",FALSE
"TAATCGATCCGTACGT-1_1_14","Bundle_sheath","Leaf_subsidiary_cell",FALSE
"TACAAGGGCTTCTTTA-1_1_14","Leaf_primordium","Leaf_subsidiary_cell",FALSE
"TACACAGCCGTGGTGC-1_1_14","Leaf_rim","Leaf_subsidiary_cell",FALSE
"TACACCTCTTCGAATC-1_1_14","Leaf_primordium","Leaf_subsidiary_cell",FALSE
"TACCGCGGACTTGCAG-1_1_14","Bundle_sheath","Leaf_subsidiary_cell",FALSE
"TACGCTATAGAAACCT-1_1_14","Vascular_tissue","Leaf_subsidiary_cell",FALSE
"TACGGAAGCCAAACCA-1_1_14","Bundle_sheath","Leaf_subsidiary_cell",FALSE
"TACGTACTAGTGCTGA-1_1_14","Shoot_system_epidermis","Leaf_subsidiary_cell",FALSE
"TACGTGCACTATGCTG-1_1_14","Bundle_sheath","Leaf_subsidiary_cell",FALSE
"TACTCTTTCGTCTTCA-1_1_14","Leaf_primordium","Leaf_primordium",TRUE
"TACTGAACAGATTTAG-1_1_14","Pavement_cell_N","Shoot_system_epidermis",FALSE
"TACTGCAATCAATTAC-1_1_14","Leaf_primordium","Leaf_subsidiary_cell",FALSE
"TACTTTACTGAGCCGG-1_1_14","Bundle_sheath","Leaf_subsidiary_cell",FALSE
"TAGCAACCTGTCACAA-1_1_14","Leaf_primordium","Leaf_subsidiary_cell",FALSE
"TAGGTCGCCGGAACTG-1_1_14","Bundle_sheath","Pavement_cell_N",FALSE
"TAGGTGACGATAACCT-1_1_14","Leaf_primordium","Leaf_subsidiary_cell",FALSE
"TAGTCTGTGACGTTGC-1_1_14","Vascular_tissue","Leaf_subsidiary_cell",FALSE
"TAGTGTCAGAAACGGC-1_1_14","Shoot_system_epidermis","Leaf_subsidiary_cell",FALSE
"TATAAATCCACAAGCT-1_1_14","Leaf_rim","Leaf_subsidiary_cell",FALSE
"TATAAGTGAGGATAGC-1_1_14","Bundle_sheath","Leaf_subsidiary_cell",FALSE
"TATACACGCAAAGTAT-1_1_14","Leaf_primordium","Leaf_subsidiary_cell",FALSE
"TATACTCATGCGGCAA-1_1_14","Leaf_primordium","Leaf_subsidiary_cell",FALSE
"TCAACACATTGGGTAA-1_1_14","Bundle_sheath","Leaf_subsidiary_cell",FALSE
"TCAACATAGCGCCCTA-1_1_14","Bundle_sheath","Bundle_sheath",TRUE
"TCACCGCTCGGCACTC-1_1_14","Bundle_sheath","Leaf_subsidiary_cell",FALSE
"TCAGAACCTCCACAGG-1_1_14","Leaf_rim","Bundle_sheath",FALSE
"TCAGAACGGCGGTAAT-1_1_14","Bundle_sheath","Leaf_subsidiary_cell",FALSE
"TCAGAGGACGCGTTAG-1_1_14","Bundle_sheath","Pavement_cell_N",FALSE
"TCAGCAGTAGGCCCTG-1_1_14","Leaf_primordium","Leaf_subsidiary_cell",FALSE
"TCAGCGCACGCCGTTT-1_1_14","Bundle_sheath","Leaf_epidermis",FALSE
"TCAGGGCGCAAACTCG-1_1_14","Leaf_primordium","Leaf_subsidiary_cell",FALSE
"TCAGTACTGACCCGCG-1_1_14","Shoot_system_epidermis","Leaf_subsidiary_cell",FALSE
"TCATACTTACAGATCC-1_1_14","Leaf_primordium","Leaf_subsidiary_cell",FALSE
"TCATCACTCGAGCTCG-1_1_14","Bundle_sheath","Leaf_subsidiary_cell",FALSE
"TCATCCTCAGCTGCTT-1_1_14","Bundle_sheath","Leaf_subsidiary_cell",FALSE
"TCATCGACGACCGTCG-1_1_14","Leaf_rim","Leaf_subsidiary_cell",FALSE
"TCATCGATGGTCCCAA-1_1_14","Leaf_primordium","Leaf_subsidiary_cell",FALSE
"TCATTTAAGTCTCCGA-1_1_14","Leaf_primordium","Leaf_subsidiary_cell",FALSE
"TCCAACTCAGCTATCT-1_1_14","Leaf_rim","Leaf_subsidiary_cell",FALSE
"TCCAAGCCTAGACACA-1_1_14","Bundle_sheath","Leaf_subsidiary_cell",FALSE
"TCCCACTCTCTTCCGG-1_1_14","Vascular_tissue","Leaf_subsidiary_cell",FALSE
"TCCGGCCTAGCGTACA-1_1_14","Bundle_sheath","Leaf_subsidiary_cell",FALSE
"TCCGGGCTTGACGGGA-1_1_14","Leaf_primordium","Leaf_subsidiary_cell",FALSE
"TCCGTAACCACAATCC-1_1_14","Pavement_cell_N","Leaf_subsidiary_cell",FALSE
"TCCGTTTAGCCTTGAA-1_1_14","Bundle_sheath","Bundle_sheath",TRUE
"TCCTAAAGATTCAGAC-1_1_14","Leaf_rim","Leaf_subsidiary_cell",FALSE
"TCCTAACCGTCGGGCA-1_1_14","Leaf_primordium","Leaf_primordium",TRUE
"TCCTCTACGAGATGGC-1_1_14","Shoot_system_epidermis","Leaf_subsidiary_cell",FALSE
"TCCTTGTCCTTTAATT-1_1_14","Leaf_primordium","Leaf_subsidiary_cell",FALSE
"TCGCTACTGGCTTTGA-1_1_14","Leaf_primordium","Leaf_subsidiary_cell",FALSE
"TCGCTGTGCGTAAATC-1_1_14","Bundle_sheath","Leaf_subsidiary_cell",FALSE
"TCGCTTTAAACGTTTG-1_1_14","Bundle_sheath","Leaf_subsidiary_cell",FALSE
"TCGTCCGCTGGCGTCT-1_1_14","Leaf_primordium","Leaf_subsidiary_cell",FALSE
"TCGTTTACGCGACCCT-1_1_14","Pavement_cell_N","Leaf_subsidiary_cell",FALSE
"TCTAGGTGGCGACGCT-1_1_14","Bundle_sheath","Bundle_sheath",TRUE
"TCTATCCGATTGCACA-1_1_14","Bundle_sheath","Leaf_subsidiary_cell",FALSE
"TCTATGCTATAACGAC-1_1_14","Leaf_primordium","Leaf_subsidiary_cell",FALSE
"TCTATTACGCTGGCGA-1_1_14","Bundle_sheath","Leaf_subsidiary_cell",FALSE
"TCTCGGCTCCAGGACT-1_1_14","Leaf_rim","Leaf_subsidiary_cell",FALSE
"TCTGAACCGGTCGGCT-1_1_14","Bundle_sheath","Leaf_subsidiary_cell",FALSE
"TCTGAATTCCGTACAA-1_1_14","Leaf_primordium","Leaf_subsidiary_cell",FALSE
"TCTGCGTCCGGTTTCT-1_1_14","Bundle_sheath","Pavement_cell_N",FALSE
"TCTTACGGCATCCGAC-1_1_14","Bundle_sheath","Leaf_subsidiary_cell",FALSE
"TCTTCCCATGGGCACA-1_1_14","Bundle_sheath","Leaf_subsidiary_cell",FALSE
"TCTTTAAGACTATGAA-1_1_14","Leaf_primordium","Bundle_sheath",FALSE
"TGAATACCGACGCGTA-1_1_14","Bundle_sheath","Leaf_subsidiary_cell",FALSE
"TGACATCGAGCGGACC-1_1_14","Vascular_tissue","Leaf_subsidiary_cell",FALSE
"TGATACATTTAGCCGT-1_1_14","Leaf_primordium","Leaf_subsidiary_cell",FALSE
"TGATCTATCACACTCT-1_1_14","Leaf_primordium","Leaf_subsidiary_cell",FALSE
"TGATTTCCTCCTGACG-1_1_14","Leaf_rim","Leaf_subsidiary_cell",FALSE
"TGCAATCTAACACGGT-1_1_14","Bundle_sheath","Leaf_subsidiary_cell",FALSE
"TGCCTGACATCGGTCA-1_1_14","Bundle_sheath","Leaf_subsidiary_cell",FALSE
"TGCGACGGCCGAACGT-1_1_14","Leaf_primordium","Leaf_primordium",TRUE
"TGCGAGAATATTACCC-1_1_14","Leaf_rim","Leaf_subsidiary_cell",FALSE
"TGCGGACTTGACTCCG-1_1_14","Leaf_rim","Leaf_subsidiary_cell",FALSE
"TGCTCGGTGGGTCACC-1_1_14","Leaf_primordium","Leaf_subsidiary_cell",FALSE
"TGCTGGTTGGACAATT-1_1_14","Leaf_primordium","Leaf_subsidiary_cell",FALSE
"TGGAATATCCTTGACC-1_1_14","Bundle_sheath","Bundle_sheath",TRUE
"TGGACCAATCTAAGAT-1_1_14","Leaf_primordium","Leaf_subsidiary_cell",FALSE
"TGGGAAATGCCTTTCC-1_1_14","Leaf_primordium","Pavement_cell_N",FALSE
"TGTAGCCAATTCCGTT-1_1_14","Leaf_rim","Leaf_subsidiary_cell",FALSE
"TGTGGCAAAGCGTATG-1_1_14","Bundle_sheath","Leaf_subsidiary_cell",FALSE
"TGTGTCGCGAGTTGCA-1_1_14","Leaf_primordium","Leaf_subsidiary_cell",FALSE
"TTAACACCTCGAACAT-1_1_14","Bundle_sheath","Leaf_subsidiary_cell",FALSE
"TTAATTGCTTTGGGTG-1_1_14","Leaf_primordium","Leaf_subsidiary_cell",FALSE
"TTACATCGTGGCCTGG-1_1_14","Bundle_sheath","Leaf_subsidiary_cell",FALSE
"TTACCCTAACAGTCCT-1_1_14","Leaf_rim","Pavement_cell_N",FALSE
"TTACGGATGGTTCGAG-1_1_14","Bundle_sheath","Leaf_subsidiary_cell",FALSE
"TTAGAATAAGGGTCGG-1_1_14","Pavement_cell_N","Leaf_primordium",FALSE
"TTAGCAACATGGATGT-1_1_14","Bundle_sheath","Leaf_subsidiary_cell",FALSE
"TTATCCAATCGAACTC-1_1_14","Bundle_sheath","Leaf_subsidiary_cell",FALSE
"TTCCGCAGAGAAATAT-1_1_14","Bundle_sheath","Leaf_subsidiary_cell",FALSE
"TTCCGGCCTTGAGGCT-1_1_14","Pavement_cell_N","Leaf_primordium",FALSE
"TTCGCGCGCCATACGA-1_1_14","Leaf_primordium","Leaf_subsidiary_cell",FALSE
"TTCGCTATCTGACGTG-1_1_14","Pavement_cell_N","Bundle_sheath",FALSE
"TTCGTTCAACGAAGTT-1_1_14","Leaf_primordium","Bundle_sheath",FALSE
"TTCTAACCGAAGCTTA-1_1_14","Leaf_primordium","Leaf_subsidiary_cell",FALSE
"TTCTACTTGCGAGGGC-1_1_14","S_phase","Leaf_subsidiary_cell",FALSE
"TTCTAGAAAGTCTTAT-1_1_14","Leaf_primordium","Leaf_primordium",TRUE
"TTCTGCTAGACTCCAA-1_1_14","Vascular_tissue","Leaf_subsidiary_cell",FALSE
"TTCTTAGTGAACGGTG-1_1_14","Bundle_sheath","Leaf_subsidiary_cell",FALSE
"TTCTTGTAACCTAATG-1_1_14","Bundle_sheath","Leaf_subsidiary_cell",FALSE
"TTCTTTGGTCGCGACG-1_1_14","Leaf_rim","Leaf_subsidiary_cell",FALSE
"TTGACCAGGAACAACT-1_1_14","Leaf_primordium","Leaf_subsidiary_cell",FALSE
"TTGATGTGTAGTCCCG-1_1_14","Bundle_sheath","Leaf_subsidiary_cell",FALSE
"TTGCAAGAAGACTCCT-1_1_14","Leaf_primordium","Leaf_subsidiary_cell",FALSE
"TTGCCGCTTTCTAGTA-1_1_14","Leaf_primordium","Leaf_subsidiary_cell",FALSE
"TTGCGTAGTTTGAGGA-1_1_14","Bundle_sheath","Leaf_subsidiary_cell",FALSE
"TTGCTGCACCTATCCA-1_1_14","Leaf_rim","Leaf_subsidiary_cell",FALSE
"TTGGAAGAATACAGTC-1_1_14","Vascular_tissue","Leaf_subsidiary_cell",FALSE
"TTGGCCAAATTGTATC-1_1_14","Bundle_sheath","Leaf_subsidiary_cell",FALSE
"TTGGCCATCTTGCGCT-1_1_14","Leaf_primordium","Leaf_subsidiary_cell",FALSE
"TTGTAAGGACCTAAGT-1_1_14","Leaf_primordium","Leaf_subsidiary_cell",FALSE
"TTGTTAGCAAATTCGA-1_1_14","Leaf_rim","Leaf_subsidiary_cell",FALSE
"TTGTTTCACATCCAGG-1_1_14","Leaf_primordium","Leaf_subsidiary_cell",FALSE
